,B1
946684800000,0.407
946688400000,0.497
946692000000,0.547
946695600000,0.561
946699200000,0.563
946702800000,0.566
946706400000,0.568
946710000000,0.535
946713600000,0.462
946717200000,0.347
946720800000,0.302
946724400000,0.3
946728000000,0.315
946731600000,0.329
946735200000,0.361
946738800000,0.374
946742400000,0.389
946746000000,0.404
946749600000,0.434
946753200000,0.454
946756800000,0.454
946760400000,0.419
946764000000,0.287
946767600000,0.182
946771200000,0.252
946774800000,0.364
946778400000,0.433
946782000000,0.432
946785600000,0.403
946789200000,0.399
946792800000,0.428
946796400000,0.381
946800000000,0.274
946803600000,0.254
946807200000,0.302
946810800000,0.343
946814400000,0.334
946818000000,0.332
946821600000,0.343
946825200000,0.347
946828800000,0.329
946832400000,0.309
946836000000,0.291
946839600000,0.289
946843200000,0.295
946846800000,0.317
946850400000,0.343
946854000000,0.377
946857600000,0.485
946861200000,0.541
946864800000,0.542
946868400000,0.545
946872000000,0.55
946875600000,0.556
946879200000,0.57
946882800000,0.568
946886400000,0.534
946890000000,0.513
946893600000,0.494
946897200000,0.501
946900800000,0.538
946904400000,0.54
946908000000,0.538
946911600000,0.519
946915200000,0.506
946918800000,0.501
946922400000,0.508
946926000000,0.496
946929600000,0.484
946933200000,0.524
946936800000,0.549
946940400000,0.606
946944000000,0.698
946947600000,0.743
946951200000,0.75
946954800000,0.739
946958400000,0.722
946962000000,0.705
946965600000,0.707
946969200000,0.701
946972800000,0.692
946976400000,0.666
946980000000,0.638
946983600000,0.598
946987200000,0.575
946990800000,0.563
946994400000,0.564
946998000000,0.583
947001600000,0.59
947005200000,0.578
947008800000,0.578
947012400000,0.59
947016000000,0.563
947019600000,0.535
947023200000,0.523
947026800000,0.519
947030400000,0.607
947034000000,0.656
947037600000,0.656
947041200000,0.655
947044800000,0.638
947048400000,0.622
947052000000,0.613
947055600000,0.604
947059200000,0.578
947062800000,0.55
947066400000,0.516
947070000000,0.494
947073600000,0.457
947077200000,0.41
947080800000,0.376
947084400000,0.361
947088000000,0.356
947091600000,0.343
947095200000,0.323
947098800000,0.314
947102400000,0.316
947106000000,0.314
947109600000,0.311
947113200000,0.317
947116800000,0.361
947120400000,0.379
947124000000,0.379
947127600000,0.369
947131200000,0.361
947134800000,0.369
947138400000,0.391
947142000000,0.41
947145600000,0.413
947149200000,0.427
947152800000,0.464
947156400000,0.471
947160000000,0.474
947163600000,0.456
947167200000,0.439
947170800000,0.429
947174400000,0.422
947178000000,0.413
947181600000,0.395
947185200000,0.402
947188800000,0.401
947192400000,0.391
947196000000,0.379
947199600000,0.386
947203200000,0.414
947206800000,0.4
947210400000,0.385
947214000000,0.36
947217600000,0.327
947221200000,0.311
947224800000,0.291
947228400000,0.3
947232000000,0.325
947235600000,0.362
947239200000,0.402
947242800000,0.405
947246400000,0.392
947250000000,0.374
947253600000,0.376
947257200000,0.352
947260800000,0.328
947264400000,0.334
947268000000,0.362
947271600000,0.396
947275200000,0.403
947278800000,0.388
947282400000,0.355
947286000000,0.343
947289600000,0.401
947293200000,0.485
947296800000,0.535
947300400000,0.566
947304000000,0.544
947307600000,0.459
947311200000,0.329
947314800000,0.189
947318400000,0.105
947322000000,0.064
947325600000,0.063
947329200000,0.065
947332800000,0.134
947336400000,0.168
947340000000,0.209
947343600000,0.269
947347200000,0.301
947350800000,0.296
947354400000,0.304
947358000000,0.328
947361600000,0.35
947365200000,0.366
947368800000,0.379
947372400000,0.362
947376000000,0.367
947379600000,0.309
947383200000,0.22
947386800000,0.167
947390400000,0.162
947394000000,0.18
947397600000,0.201
947401200000,0.211
947404800000,0.223
947408400000,0.268
947412000000,0.328
947415600000,0.348
947419200000,0.345
947422800000,0.361
947426400000,0.368
947430000000,0.355
947433600000,0.314
947437200000,0.294
947440800000,0.279
947444400000,0.271
947448000000,0.274
947451600000,0.273
947455200000,0.259
947458800000,0.243
947462400000,0.29
947466000000,0.332
947469600000,0.345
947473200000,0.358
947476800000,0.382
947480400000,0.41
947484000000,0.442
947487600000,0.471
947491200000,0.472
947494800000,0.468
947498400000,0.474
947502000000,0.459
947505600000,0.437
947509200000,0.421
947512800000,0.389
947516400000,0.358
947520000000,0.367
947523600000,0.395
947527200000,0.434
947530800000,0.494
947534400000,0.523
947538000000,0.59
947541600000,0.605
947545200000,0.61
947548800000,0.677
947552400000,0.741
947556000000,0.746
947559600000,0.725
947563200000,0.698
947566800000,0.668
947570400000,0.642
947574000000,0.616
947577600000,0.582
947581200000,0.571
947584800000,0.545
947588400000,0.49
947592000000,0.454
947595600000,0.464
947599200000,0.479
947602800000,0.463
947606400000,0.447
947610000000,0.444
947613600000,0.439
947617200000,0.437
947620800000,0.407
947624400000,0.376
947628000000,0.338
947631600000,0.289
947635200000,0.293
947638800000,0.277
947642400000,0.233
947646000000,0.181
947649600000,0.145
947653200000,0.122
947656800000,0.112
947660400000,0.11
947664000000,0.119
947667600000,0.134
947671200000,0.148
947674800000,0.17
947678400000,0.192
947682000000,0.199
947685600000,0.192
947689200000,0.189
947692800000,0.193
947696400000,0.209
947700000000,0.237
947703600000,0.272
947707200000,0.309
947710800000,0.3
947714400000,0.265
947718000000,0.228
947721600000,0.209
947725200000,0.182
947728800000,0.152
947732400000,0.138
947736000000,0.142
947739600000,0.15
947743200000,0.165
947746800000,0.187
947750400000,0.218
947754000000,0.252
947757600000,0.291
947761200000,0.325
947764800000,0.332
947768400000,0.328
947772000000,0.335
947775600000,0.323
947779200000,0.289
947782800000,0.264
947786400000,0.239
947790000000,0.217
947793600000,0.207
947797200000,0.182
947800800000,0.14
947804400000,0.1
947808000000,0.093
947811600000,0.099
947815200000,0.106
947818800000,0.113
947822400000,0.123
947826000000,0.126
947829600000,0.131
947833200000,0.137
947836800000,0.149
947840400000,0.176
947844000000,0.21
947847600000,0.235
947851200000,0.241
947854800000,0.225
947858400000,0.209
947862000000,0.192
947865600000,0.188
947869200000,0.199
947872800000,0.214
947876400000,0.244
947880000000,0.266
947883600000,0.261
947887200000,0.225
947890800000,0.163
947894400000,0.135
947898000000,0.129
947901600000,0.131
947905200000,0.123
947908800000,0.113
947912400000,0.112
947916000000,0.13
947919600000,0.157
947923200000,0.184
947926800000,0.249
947930400000,0.32
947934000000,0.361
947937600000,0.379
947941200000,0.393
947944800000,0.394
947948400000,0.402
947952000000,0.401
947955600000,0.394
947959200000,0.394
947962800000,0.39
947966400000,0.382
947970000000,0.369
947973600000,0.323
947977200000,0.271
947980800000,0.257
947984400000,0.243
947988000000,0.235
947991600000,0.248
947995200000,0.276
947998800000,0.307
948002400000,0.316
948006000000,0.298
948009600000,0.266
948013200000,0.257
948016800000,0.266
948020400000,0.291
948024000000,0.286
948027600000,0.27
948031200000,0.264
948034800000,0.261
948038400000,0.255
948042000000,0.262
948045600000,0.288
948049200000,0.305
948052800000,0.323
948056400000,0.32
948060000000,0.307
948063600000,0.322
948067200000,0.406
948070800000,0.488
948074400000,0.522
948078000000,0.512
948081600000,0.484
948085200000,0.464
948088800000,0.46
948092400000,0.464
948096000000,0.456
948099600000,0.442
948103200000,0.431
948106800000,0.4
948110400000,0.37
948114000000,0.352
948117600000,0.325
948121200000,0.31
948124800000,0.31
948128400000,0.316
948132000000,0.335
948135600000,0.346
948139200000,0.335
948142800000,0.33
948146400000,0.328
948150000000,0.365
948153600000,0.472
948157200000,0.523
948160800000,0.525
948164400000,0.527
948168000000,0.51
948171600000,0.488
948175200000,0.48
948178800000,0.486
948182400000,0.494
948186000000,0.488
948189600000,0.47
948193200000,0.413
948196800000,0.367
948200400000,0.343
948204000000,0.313
948207600000,0.289
948211200000,0.294
948214800000,0.314
948218400000,0.313
948222000000,0.311
948225600000,0.325
948229200000,0.343
948232800000,0.361
948236400000,0.381
948240000000,0.406
948243600000,0.386
948247200000,0.337
948250800000,0.296
948254400000,0.266
948258000000,0.252
948261600000,0.251
948265200000,0.259
948268800000,0.281
948272400000,0.294
948276000000,0.289
948279600000,0.272
948283200000,0.24
948286800000,0.2
948290400000,0.167
948294000000,0.152
948297600000,0.155
948301200000,0.171
948304800000,0.204
948308400000,0.256
948312000000,0.314
948315600000,0.355
948319200000,0.362
948322800000,0.358
948326400000,0.415
948330000000,0.444
948333600000,0.484
948337200000,0.542
948340800000,0.598
948344400000,0.643
948348000000,0.705
948351600000,0.744
948355200000,0.714
948358800000,0.652
948362400000,0.57
948366000000,0.494
948369600000,0.422
948373200000,0.379
948376800000,0.332
948380400000,0.302
948384000000,0.294
948387600000,0.325
948391200000,0.364
948394800000,0.386
948398400000,0.381
948402000000,0.38
948405600000,0.401
948409200000,0.552
948412800000,0.74
948416400000,0.837
948420000000,0.875
948423600000,0.898
948427200000,0.913
948430800000,0.92
948434400000,0.914
948438000000,0.895
948441600000,0.874
948445200000,0.859
948448800000,0.867
948452400000,0.886
948456000000,0.897
948459600000,0.912
948463200000,0.926
948466800000,0.922
948470400000,0.901
948474000000,0.877
948477600000,0.879
948481200000,0.895
948484800000,0.91
948488400000,0.92
948492000000,0.921
948495600000,0.928
948499200000,0.946
948502800000,0.96
948506400000,0.97
948510000000,0.976
948513600000,0.979
948517200000,0.977
948520800000,0.973
948524400000,0.958
948528000000,0.926
948531600000,0.871
948535200000,0.824
948538800000,0.796
948542400000,0.785
948546000000,0.789
948549600000,0.794
948553200000,0.811
948556800000,0.839
948560400000,0.866
948564000000,0.882
948567600000,0.889
948571200000,0.902
948574800000,0.914
948578400000,0.918
948582000000,0.92
948585600000,0.944
948589200000,0.966
948592800000,0.974
948596400000,0.974
948600000000,0.972
948603600000,0.968
948607200000,0.962
948610800000,0.948
948614400000,0.918
948618000000,0.866
948621600000,0.794
948625200000,0.736
948628800000,0.674
948632400000,0.653
948636000000,0.663
948639600000,0.648
948643200000,0.618
948646800000,0.613
948650400000,0.61
948654000000,0.609
948657600000,0.614
948661200000,0.613
948664800000,0.605
948668400000,0.64
948672000000,0.771
948675600000,0.854
948679200000,0.879
948682800000,0.894
948686400000,0.9
948690000000,0.901
948693600000,0.89
948697200000,0.862
948700800000,0.8
948704400000,0.732
948708000000,0.642
948711600000,0.55
948715200000,0.476
948718800000,0.427
948722400000,0.414
948726000000,0.431
948729600000,0.426
948733200000,0.413
948736800000,0.382
948740400000,0.344
948744000000,0.317
948747600000,0.329
948751200000,0.35
948754800000,0.423
948758400000,0.591
948762000000,0.677
948765600000,0.666
948769200000,0.594
948772800000,0.525
948776400000,0.494
948780000000,0.491
948783600000,0.501
948787200000,0.484
948790800000,0.516
948794400000,0.576
948798000000,0.612
948801600000,0.601
948805200000,0.5
948808800000,0.409
948812400000,0.379
948816000000,0.414
948819600000,0.444
948823200000,0.444
948826800000,0.413
948830400000,0.401
948834000000,0.416
948837600000,0.388
948841200000,0.471
948844800000,0.642
948848400000,0.715
948852000000,0.734
948855600000,0.724
948859200000,0.7
948862800000,0.689
948866400000,0.686
948870000000,0.663
948873600000,0.587
948877200000,0.556
948880800000,0.559
948884400000,0.577
948888000000,0.622
948891600000,0.653
948895200000,0.661
948898800000,0.646
948902400000,0.632
948906000000,0.621
948909600000,0.623
948913200000,0.638
948916800000,0.658
948920400000,0.691
948924000000,0.72
948927600000,0.791
948931200000,0.863
948934800000,0.888
948938400000,0.886
948942000000,0.881
948945600000,0.877
948949200000,0.877
948952800000,0.881
948956400000,0.871
948960000000,0.844
948963600000,0.8
948967200000,0.797
948970800000,0.82
948974400000,0.837
948978000000,0.841
948981600000,0.831
948985200000,0.822
948988800000,0.814
948992400000,0.808
948996000000,0.805
948999600000,0.812
949003200000,0.812
949006800000,0.821
949010400000,0.838
949014000000,0.885
949017600000,0.927
949021200000,0.949
949024800000,0.957
949028400000,0.958
949032000000,0.958
949035600000,0.954
949039200000,0.949
949042800000,0.937
949046400000,0.917
949050000000,0.896
949053600000,0.901
949057200000,0.917
949060800000,0.921
949064400000,0.921
949068000000,0.927
949071600000,0.929
949075200000,0.918
949078800000,0.903
949082400000,0.884
949086000000,0.872
949089600000,0.864
949093200000,0.862
949096800000,0.881
949100400000,0.917
949104000000,0.947
949107600000,0.952
949111200000,0.951
949114800000,0.943
949118400000,0.935
949122000000,0.928
949125600000,0.919
949129200000,0.909
949132800000,0.879
949136400000,0.844
949140000000,0.842
949143600000,0.857
949147200000,0.862
949150800000,0.851
949154400000,0.845
949158000000,0.841
949161600000,0.842
949165200000,0.842
949168800000,0.845
949172400000,0.85
949176000000,0.856
949179600000,0.86
949183200000,0.868
949186800000,0.902
949190400000,0.941
949194000000,0.961
949197600000,0.968
949201200000,0.973
949204800000,0.974
949208400000,0.971
949212000000,0.964
949215600000,0.945
949219200000,0.904
949222800000,0.866
949226400000,0.854
949230000000,0.862
949233600000,0.869
949237200000,0.867
949240800000,0.864
949244400000,0.842
949248000000,0.813
949251600000,0.793
949255200000,0.799
949258800000,0.808
949262400000,0.807
949266000000,0.804
949269600000,0.791
949273200000,0.818
949276800000,0.859
949280400000,0.88
949284000000,0.883
949287600000,0.872
949291200000,0.865
949294800000,0.856
949298400000,0.822
949302000000,0.745
949305600000,0.603
949309200000,0.498
949312800000,0.507
949316400000,0.595
949320000000,0.647
949323600000,0.596
949327200000,0.459
949330800000,0.488
949334400000,0.546
949338000000,0.53
949341600000,0.46
949345200000,0.444
949348800000,0.453
949352400000,0.601
949356000000,0.711
949359600000,0.747
949363200000,0.777
949366800000,0.787
949370400000,0.795
949374000000,0.78
949377600000,0.757
949381200000,0.724
949384800000,0.665
949388400000,0.597
949392000000,0.613
949395600000,0.615
949399200000,0.642
949402800000,0.644
949406400000,0.624
949410000000,0.595
949413600000,0.567
949417200000,0.55
949420800000,0.546
949424400000,0.547
949428000000,0.586
949431600000,0.625
949435200000,0.622
949438800000,0.613
949442400000,0.602
949446000000,0.638
949449600000,0.747
949453200000,0.819
949456800000,0.851
949460400000,0.852
949464000000,0.823
949467600000,0.763
949471200000,0.701
949474800000,0.647
949478400000,0.613
949482000000,0.618
949485600000,0.615
949489200000,0.633
949492800000,0.679
949496400000,0.663
949500000000,0.575
949503600000,0.413
949507200000,0.205
949510800000,0.199
949514400000,0.294
949518000000,0.407
949521600000,0.52
949525200000,0.587
949528800000,0.586
949532400000,0.552
949536000000,0.56
949539600000,0.624
949543200000,0.669
949546800000,0.672
949550400000,0.64
949554000000,0.583
949557600000,0.527
949561200000,0.488
949564800000,0.441
949568400000,0.459
949572000000,0.522
949575600000,0.558
949579200000,0.566
949582800000,0.525
949586400000,0.47
949590000000,0.42
949593600000,0.381
949597200000,0.323
949600800000,0.273
949604400000,0.236
949608000000,0.209
949611600000,0.187
949615200000,0.188
949618800000,0.198
949622400000,0.277
949626000000,0.371
949629600000,0.442
949633200000,0.504
949636800000,0.507
949640400000,0.442
949644000000,0.386
949647600000,0.34
949651200000,0.289
949654800000,0.278
949658400000,0.31
949662000000,0.361
949665600000,0.395
949669200000,0.391
949672800000,0.342
949676400000,0.269
949680000000,0.195
949683600000,0.159
949687200000,0.146
949690800000,0.16
949694400000,0.165
949698000000,0.163
949701600000,0.158
949705200000,0.164
949708800000,0.222
949712400000,0.25
949716000000,0.264
949719600000,0.288
949723200000,0.305
949726800000,0.305
949730400000,0.278
949734000000,0.23
949737600000,0.179
949741200000,0.155
949744800000,0.189
949748400000,0.199
949752000000,0.229
949755600000,0.252
949759200000,0.269
949762800000,0.245
949766400000,0.229
949770000000,0.284
949773600000,0.328
949777200000,0.355
949780800000,0.405
949784400000,0.446
949788000000,0.449
949791600000,0.475
949795200000,0.498
949798800000,0.494
949802400000,0.472
949806000000,0.391
949809600000,0.291
949813200000,0.209
949816800000,0.157
949820400000,0.132
949824000000,0.131
949827600000,0.134
949831200000,0.145
949834800000,0.154
949838400000,0.136
949842000000,0.092
949845600000,0.063
949849200000,0.05
949852800000,0.045
949856400000,0.04
949860000000,0.038
949863600000,0.041
949867200000,0.045
949870800000,0.051
949874400000,0.06
949878000000,0.064
949881600000,0.065
949885200000,0.055
949888800000,0.041
949892400000,0.022
949896000000,0.008
949899600000,0.001
949903200000,0.0
949906800000,0.0
949910400000,0.0
949914000000,0.0
949917600000,0.0
949921200000,0.0
949924800000,0.0
949928400000,0.001
949932000000,0.001
949935600000,0.0
949939200000,0.0
949942800000,0.0
949946400000,0.0
949950000000,0.001
949953600000,0.001
949957200000,0.002
949960800000,0.002
949964400000,0.001
949968000000,0.001
949971600000,0.001
949975200000,0.001
949978800000,0.0
949982400000,0.0
949986000000,0.001
949989600000,0.003
949993200000,0.006
949996800000,0.011
950000400000,0.022
950004000000,0.03
950007600000,0.035
950011200000,0.069
950014800000,0.134
950018400000,0.162
950022000000,0.179
950025600000,0.179
950029200000,0.193
950032800000,0.237
950036400000,0.259
950040000000,0.234
950043600000,0.236
950047200000,0.264
950050800000,0.286
950054400000,0.308
950058000000,0.332
950061600000,0.362
950065200000,0.371
950068800000,0.379
950072400000,0.404
950076000000,0.429
950079600000,0.444
950083200000,0.44
950086800000,0.486
950090400000,0.562
950094000000,0.635
950097600000,0.692
950101200000,0.712
950104800000,0.715
950108400000,0.702
950112000000,0.657
950115600000,0.578
950119200000,0.498
950122800000,0.438
950126400000,0.38
950130000000,0.343
950133600000,0.371
950137200000,0.476
950140800000,0.568
950144400000,0.548
950148000000,0.464
950151600000,0.38
950155200000,0.311
950158800000,0.28
950162400000,0.275
950166000000,0.285
950169600000,0.311
950173200000,0.395
950176800000,0.484
950180400000,0.552
950184000000,0.593
950187600000,0.601
950191200000,0.576
950194800000,0.501
950198400000,0.437
950202000000,0.376
950205600000,0.338
950209200000,0.317
950212800000,0.31
950216400000,0.325
950220000000,0.332
950223600000,0.296
950227200000,0.287
950230800000,0.291
950234400000,0.317
950238000000,0.345
950241600000,0.302
950245200000,0.273
950248800000,0.263
950252400000,0.243
950256000000,0.228
950259600000,0.257
950263200000,0.289
950266800000,0.305
950270400000,0.308
950274000000,0.302
950277600000,0.293
950281200000,0.262
950284800000,0.22
950288400000,0.186
950292000000,0.174
950295600000,0.169
950299200000,0.185
950302800000,0.203
950306400000,0.204
950310000000,0.186
950313600000,0.171
950317200000,0.155
950320800000,0.129
950324400000,0.109
950328000000,0.092
950331600000,0.086
950335200000,0.087
950338800000,0.096
950342400000,0.111
950346000000,0.133
950349600000,0.151
950353200000,0.155
950356800000,0.155
950360400000,0.138
950364000000,0.123
950367600000,0.116
950371200000,0.108
950374800000,0.1
950378400000,0.089
950382000000,0.082
950385600000,0.08
950389200000,0.078
950392800000,0.071
950396400000,0.049
950400000000,0.039
950403600000,0.037
950407200000,0.042
950410800000,0.044
950414400000,0.045
950418000000,0.048
950421600000,0.054
950425200000,0.066
950428800000,0.084
950432400000,0.109
950436000000,0.132
950439600000,0.147
950443200000,0.15
950446800000,0.151
950450400000,0.149
950454000000,0.143
950457600000,0.135
950461200000,0.123
950464800000,0.113
950468400000,0.105
950472000000,0.106
950475600000,0.114
950479200000,0.118
950482800000,0.111
950486400000,0.114
950490000000,0.112
950493600000,0.107
950497200000,0.107
950500800000,0.107
950504400000,0.107
950508000000,0.114
950511600000,0.131
950515200000,0.151
950518800000,0.177
950522400000,0.193
950526000000,0.215
950529600000,0.247
950533200000,0.256
950536800000,0.253
950540400000,0.25
950544000000,0.233
950547600000,0.211
950551200000,0.201
950554800000,0.2
950558400000,0.209
950562000000,0.227
950565600000,0.243
950569200000,0.234
950572800000,0.251
950576400000,0.269
950580000000,0.279
950583600000,0.274
950587200000,0.251
950590800000,0.238
950594400000,0.238
950598000000,0.254
950601600000,0.275
950605200000,0.323
950608800000,0.395
950612400000,0.447
950616000000,0.476
950619600000,0.481
950623200000,0.466
950626800000,0.468
950630400000,0.479
950634000000,0.486
950637600000,0.49
950641200000,0.504
950644800000,0.503
950648400000,0.481
950652000000,0.425
950655600000,0.363
950659200000,0.367
950662800000,0.359
950666400000,0.343
950670000000,0.352
950673600000,0.384
950677200000,0.42
950680800000,0.449
950684400000,0.486
950688000000,0.484
950691600000,0.455
950695200000,0.433
950698800000,0.432
950702400000,0.412
950706000000,0.377
950709600000,0.345
950713200000,0.325
950716800000,0.319
950720400000,0.334
950724000000,0.364
950727600000,0.383
950731200000,0.401
950734800000,0.407
950738400000,0.386
950742000000,0.37
950745600000,0.432
950749200000,0.534
950752800000,0.583
950756400000,0.617
950760000000,0.655
950763600000,0.695
950767200000,0.739
950770800000,0.768
950774400000,0.759
950778000000,0.729
950781600000,0.71
950785200000,0.69
950788800000,0.693
950792400000,0.684
950796000000,0.678
950799600000,0.677
950803200000,0.665
950806800000,0.653
950810400000,0.645
950814000000,0.655
950817600000,0.664
950821200000,0.671
950824800000,0.672
950828400000,0.73
950832000000,0.791
950835600000,0.829
950839200000,0.834
950842800000,0.812
950846400000,0.799
950850000000,0.808
950853600000,0.814
950857200000,0.796
950860800000,0.739
950864400000,0.703
950868000000,0.707
950871600000,0.724
950875200000,0.732
950878800000,0.731
950882400000,0.729
950886000000,0.721
950889600000,0.707
950893200000,0.687
950896800000,0.673
950900400000,0.645
950904000000,0.624
950907600000,0.61
950911200000,0.592
950914800000,0.601
950918400000,0.648
950922000000,0.649
950925600000,0.627
950929200000,0.618
950932800000,0.585
950936400000,0.548
950940000000,0.498
950943600000,0.437
950947200000,0.385
950950800000,0.381
950954400000,0.413
950958000000,0.432
950961600000,0.432
950965200000,0.407
950968800000,0.368
950972400000,0.33
950976000000,0.294
950979600000,0.274
950983200000,0.271
950986800000,0.286
950990400000,0.295
950994000000,0.302
950997600000,0.296
951001200000,0.279
951004800000,0.289
951008400000,0.29
951012000000,0.267
951015600000,0.241
951019200000,0.22
951022800000,0.204
951026400000,0.201
951030000000,0.204
951033600000,0.206
951037200000,0.22
951040800000,0.232
951044400000,0.241
951048000000,0.258
951051600000,0.259
951055200000,0.259
951058800000,0.245
951062400000,0.225
951066000000,0.211
951069600000,0.201
951073200000,0.201
951076800000,0.21
951080400000,0.206
951084000000,0.185
951087600000,0.17
951091200000,0.188
951094800000,0.201
951098400000,0.205
951102000000,0.238
951105600000,0.291
951109200000,0.332
951112800000,0.371
951116400000,0.407
951120000000,0.432
951123600000,0.458
951127200000,0.455
951130800000,0.457
951134400000,0.48
951138000000,0.498
951141600000,0.507
951145200000,0.504
951148800000,0.501
951152400000,0.479
951156000000,0.469
951159600000,0.475
951163200000,0.476
951166800000,0.434
951170400000,0.358
951174000000,0.334
951177600000,0.377
951181200000,0.417
951184800000,0.438
951188400000,0.484
951192000000,0.549
951195600000,0.593
951199200000,0.617
951202800000,0.608
951206400000,0.552
951210000000,0.476
951213600000,0.42
951217200000,0.395
951220800000,0.387
951224400000,0.368
951228000000,0.352
951231600000,0.327
951235200000,0.314
951238800000,0.323
951242400000,0.306
951246000000,0.309
951249600000,0.31
951253200000,0.294
951256800000,0.251
951260400000,0.233
951264000000,0.255
951267600000,0.282
951271200000,0.297
951274800000,0.314
951278400000,0.338
951282000000,0.355
951285600000,0.386
951289200000,0.393
951292800000,0.386
951296400000,0.416
951300000000,0.462
951303600000,0.482
951307200000,0.487
951310800000,0.485
951314400000,0.485
951318000000,0.469
951321600000,0.453
951325200000,0.431
951328800000,0.403
951332400000,0.376
951336000000,0.386
951339600000,0.404
951343200000,0.422
951346800000,0.415
951350400000,0.406
951354000000,0.395
951357600000,0.376
951361200000,0.343
951364800000,0.311
951368400000,0.291
951372000000,0.286
951375600000,0.305
951379200000,0.341
951382800000,0.388
951386400000,0.442
951390000000,0.477
951393600000,0.476
951397200000,0.47
951400800000,0.454
951404400000,0.448
951408000000,0.434
951411600000,0.399
951415200000,0.37
951418800000,0.37
951422400000,0.388
951426000000,0.392
951429600000,0.364
951433200000,0.294
951436800000,0.256
951440400000,0.269
951444000000,0.308
951447600000,0.36
951451200000,0.411
951454800000,0.454
951458400000,0.481
951462000000,0.457
951465600000,0.387
951469200000,0.358
951472800000,0.357
951476400000,0.346
951480000000,0.349
951483600000,0.369
951487200000,0.383
951490800000,0.407
951494400000,0.469
951498000000,0.51
951501600000,0.501
951505200000,0.457
951508800000,0.437
951512400000,0.449
951516000000,0.464
951519600000,0.49
951523200000,0.54
951526800000,0.567
951530400000,0.572
951534000000,0.557
951537600000,0.491
951541200000,0.374
951544800000,0.28
951548400000,0.246
951552000000,0.255
951555600000,0.286
951559200000,0.325
951562800000,0.338
951566400000,0.337
951570000000,0.32
951573600000,0.294
951577200000,0.265
951580800000,0.249
951584400000,0.254
951588000000,0.275
951591600000,0.278
951595200000,0.291
951598800000,0.315
951602400000,0.325
951606000000,0.366
951609600000,0.434
951613200000,0.501
951616800000,0.586
951620400000,0.691
951624000000,0.806
951627600000,0.872
951631200000,0.887
951634800000,0.866
951638400000,0.813
951642000000,0.743
951645600000,0.626
951649200000,0.525
951652800000,0.472
951656400000,0.43
951660000000,0.401
951663600000,0.373
951667200000,0.348
951670800000,0.342
951674400000,0.341
951678000000,0.338
951681600000,0.352
951685200000,0.367
951688800000,0.369
951692400000,0.456
951696000000,0.646
951699600000,0.755
951703200000,0.808
951706800000,0.823
951710400000,0.826
951714000000,0.82
951717600000,0.8
951721200000,0.765
951724800000,0.718
951728400000,0.65
951732000000,0.558
951735600000,0.505
951739200000,0.502
951742800000,0.516
951746400000,0.521
951750000000,0.568
951753600000,0.608
951757200000,0.586
951760800000,0.562
951764400000,0.519
951768000000,0.464
951771600000,0.479
951775200000,0.47
951778800000,0.522
951782400000,0.634
951786000000,0.712
951789600000,0.75
951793200000,0.768
951796800000,0.768
951800400000,0.755
951804000000,0.753
951807600000,0.739
951811200000,0.7
951814800000,0.63
951818400000,0.525
951822000000,0.454
951825600000,0.415
951829200000,0.399
951832800000,0.408
951836400000,0.425
951840000000,0.448
951843600000,0.467
951847200000,0.472
951850800000,0.463
951854400000,0.454
951858000000,0.455
951861600000,0.437
951865200000,0.498
951868800000,0.627
951872400000,0.726
951876000000,0.762
951879600000,0.791
951883200000,0.806
951886800000,0.812
951890400000,0.812
951894000000,0.788
951897600000,0.729
951901200000,0.661
951904800000,0.623
951908400000,0.586
951912000000,0.5
951915600000,0.496
951919200000,0.453
951922800000,0.422
951926400000,0.403
951930000000,0.402
951933600000,0.424
951937200000,0.444
951940800000,0.457
951944400000,0.497
951948000000,0.538
951951600000,0.612
951955200000,0.7
951958800000,0.674
951962400000,0.601
951966000000,0.498
951969600000,0.446
951973200000,0.422
951976800000,0.37
951980400000,0.359
951984000000,0.519
951987600000,0.649
951991200000,0.726
951994800000,0.797
951998400000,0.857
952002000000,0.868
952005600000,0.862
952009200000,0.803
952012800000,0.669
952016400000,0.563
952020000000,0.504
952023600000,0.464
952027200000,0.457
952030800000,0.44
952034400000,0.391
952038000000,0.327
952041600000,0.332
952045200000,0.352
952048800000,0.333
952052400000,0.194
952056000000,0.044
952059600000,0.038
952063200000,0.177
952066800000,0.235
952070400000,0.154
952074000000,0.167
952077600000,0.235
952081200000,0.316
952084800000,0.404
952088400000,0.391
952092000000,0.353
952095600000,0.331
952099200000,0.312
952102800000,0.319
952106400000,0.325
952110000000,0.347
952113600000,0.388
952117200000,0.408
952120800000,0.385
952124400000,0.447
952128000000,0.498
952131600000,0.484
952135200000,0.432
952138800000,0.379
952142400000,0.342
952146000000,0.332
952149600000,0.348
952153200000,0.398
952156800000,0.441
952160400000,0.466
952164000000,0.513
952167600000,0.544
952171200000,0.605
952174800000,0.626
952178400000,0.625
952182000000,0.595
952185600000,0.532
952189200000,0.476
952192800000,0.434
952196400000,0.398
952200000000,0.357
952203600000,0.343
952207200000,0.294
952210800000,0.247
952214400000,0.235
952218000000,0.228
952221600000,0.204
952225200000,0.167
952228800000,0.127
952232400000,0.097
952236000000,0.075
952239600000,0.059
952243200000,0.048
952246800000,0.045
952250400000,0.051
952254000000,0.066
952257600000,0.085
952261200000,0.098
952264800000,0.108
952268400000,0.124
952272000000,0.134
952275600000,0.144
952279200000,0.161
952282800000,0.189
952286400000,0.201
952290000000,0.201
952293600000,0.192
952297200000,0.155
952300800000,0.132
952304400000,0.12
952308000000,0.095
952311600000,0.058
952315200000,0.027
952318800000,0.011
952322400000,0.003
952326000000,0.001
952329600000,0.001
952333200000,0.003
952336800000,0.008
952340400000,0.016
952344000000,0.025
952347600000,0.03
952351200000,0.031
952354800000,0.032
952358400000,0.032
952362000000,0.029
952365600000,0.022
952369200000,0.011
952372800000,0.004
952376400000,0.002
952380000000,0.001
952383600000,0.001
952387200000,0.0
952390800000,0.0
952394400000,0.001
952398000000,0.004
952401600000,0.007
952405200000,0.011
952408800000,0.014
952412400000,0.016
952416000000,0.014
952419600000,0.008
952423200000,0.004
952426800000,0.001
952430400000,0.0
952434000000,0.0
952437600000,0.0
952441200000,0.0
952444800000,0.0
952448400000,0.001
952452000000,0.004
952455600000,0.004
952459200000,0.002
952462800000,0.0
952466400000,0.0
952470000000,0.0
952473600000,0.0
952477200000,0.0
952480800000,0.0
952484400000,0.0
952488000000,0.0
952491600000,0.0
952495200000,0.0
952498800000,0.0
952502400000,0.0
952506000000,0.0
952509600000,0.0
952513200000,0.001
952516800000,0.006
952520400000,0.016
952524000000,0.025
952527600000,0.036
952531200000,0.045
952534800000,0.048
952538400000,0.045
952542000000,0.045
952545600000,0.049
952549200000,0.064
952552800000,0.076
952556400000,0.083
952560000000,0.087
952563600000,0.092
952567200000,0.094
952570800000,0.082
952574400000,0.068
952578000000,0.063
952581600000,0.067
952585200000,0.08
952588800000,0.105
952592400000,0.149
952596000000,0.209
952599600000,0.282
952603200000,0.343
952606800000,0.359
952610400000,0.348
952614000000,0.348
952617600000,0.334
952621200000,0.332
952624800000,0.334
952628400000,0.328
952632000000,0.334
952635600000,0.348
952639200000,0.341
952642800000,0.315
952646400000,0.307
952650000000,0.302
952653600000,0.298
952657200000,0.311
952660800000,0.352
952664400000,0.404
952668000000,0.463
952671600000,0.519
952675200000,0.534
952678800000,0.523
952682400000,0.494
952686000000,0.464
952689600000,0.434
952693200000,0.4
952696800000,0.359
952700400000,0.323
952704000000,0.302
952707600000,0.289
952711200000,0.277
952714800000,0.27
952718400000,0.263
952722000000,0.235
952725600000,0.199
952729200000,0.183
952732800000,0.213
952736400000,0.255
952740000000,0.281
952743600000,0.291
952747200000,0.278
952750800000,0.237
952754400000,0.223
952758000000,0.223
952761600000,0.236
952765200000,0.286
952768800000,0.357
952772400000,0.325
952776000000,0.235
952779600000,0.208
952783200000,0.22
952786800000,0.245
952790400000,0.261
952794000000,0.27
952797600000,0.264
952801200000,0.264
952804800000,0.277
952808400000,0.3
952812000000,0.283
952815600000,0.254
952819200000,0.256
952822800000,0.246
952826400000,0.204
952830000000,0.157
952833600000,0.113
952837200000,0.082
952840800000,0.068
952844400000,0.068
952848000000,0.078
952851600000,0.102
952855200000,0.14
952858800000,0.182
952862400000,0.219
952866000000,0.241
952869600000,0.26
952873200000,0.276
952876800000,0.285
952880400000,0.294
952884000000,0.309
952887600000,0.322
952891200000,0.341
952894800000,0.362
952898400000,0.362
952902000000,0.392
952905600000,0.468
952909200000,0.51
952912800000,0.515
952916400000,0.504
952920000000,0.505
952923600000,0.515
952927200000,0.553
952930800000,0.596
952934400000,0.597
952938000000,0.578
952941600000,0.544
952945200000,0.499
952948800000,0.479
952952400000,0.484
952956000000,0.484
952959600000,0.508
952963200000,0.52
952966800000,0.519
952970400000,0.515
952974000000,0.525
952977600000,0.502
952981200000,0.491
952984800000,0.461
952988400000,0.484
952992000000,0.589
952995600000,0.661
952999200000,0.704
953002800000,0.729
953006400000,0.737
953010000000,0.731
953013600000,0.722
953017200000,0.697
953020800000,0.644
953024400000,0.6
953028000000,0.556
953031600000,0.513
953035200000,0.485
953038800000,0.479
953042400000,0.479
953046000000,0.479
953049600000,0.484
953053200000,0.476
953056800000,0.462
953060400000,0.434
953064000000,0.407
953067600000,0.374
953071200000,0.302
953074800000,0.286
953078400000,0.344
953082000000,0.433
953085600000,0.519
953089200000,0.556
953092800000,0.597
953096400000,0.59
953100000000,0.586
953103600000,0.574
953107200000,0.539
953110800000,0.525
953114400000,0.522
953118000000,0.513
953121600000,0.51
953125200000,0.477
953128800000,0.452
953132400000,0.367
953136000000,0.291
953139600000,0.248
953143200000,0.212
953146800000,0.197
953150400000,0.223
953154000000,0.251
953157600000,0.267
953161200000,0.242
953164800000,0.196
953168400000,0.149
953172000000,0.108
953175600000,0.095
953179200000,0.121
953182800000,0.188
953186400000,0.278
953190000000,0.311
953193600000,0.278
953197200000,0.295
953200800000,0.376
953204400000,0.444
953208000000,0.503
953211600000,0.546
953215200000,0.538
953218800000,0.469
953222400000,0.407
953226000000,0.406
953229600000,0.471
953233200000,0.563
953236800000,0.654
953240400000,0.677
953244000000,0.686
953247600000,0.748
953251200000,0.78
953254800000,0.697
953258400000,0.501
953262000000,0.422
953265600000,0.484
953269200000,0.509
953272800000,0.484
953276400000,0.416
953280000000,0.341
953283600000,0.291
953287200000,0.266
953290800000,0.244
953294400000,0.18
953298000000,0.101
953301600000,0.06
953305200000,0.045
953308800000,0.036
953312400000,0.03
953316000000,0.026
953319600000,0.023
953323200000,0.02
953326800000,0.014
953330400000,0.007
953334000000,0.003
953337600000,0.001
953341200000,0.0
953344800000,0.0
953348400000,0.0
953352000000,0.0
953355600000,0.001
953359200000,0.002
953362800000,0.003
953366400000,0.003
953370000000,0.003
953373600000,0.003
953377200000,0.006
953380800000,0.01
953384400000,0.017
953388000000,0.073
953391600000,0.188
953395200000,0.261
953398800000,0.3
953402400000,0.278
953406000000,0.233
953409600000,0.213
953413200000,0.219
953416800000,0.219
953420400000,0.201
953424000000,0.224
953427600000,0.257
953431200000,0.303
953434800000,0.327
953438400000,0.323
953442000000,0.305
953445600000,0.265
953449200000,0.203
953452800000,0.165
953456400000,0.177
953460000000,0.241
953463600000,0.323
953467200000,0.404
953470800000,0.466
953474400000,0.525
953478000000,0.575
953481600000,0.586
953485200000,0.566
953488800000,0.519
953492400000,0.454
953496000000,0.37
953499600000,0.277
953503200000,0.169
953506800000,0.093
953510400000,0.067
953514000000,0.066
953517600000,0.047
953521200000,0.026
953524800000,0.021
953528400000,0.024
953532000000,0.015
953535600000,0.008
953539200000,0.007
953542800000,0.005
953546400000,0.001
953550000000,0.0
953553600000,0.0
953557200000,0.0
953560800000,0.0
953564400000,0.0
953568000000,0.0
953571600000,0.0
953575200000,0.0
953578800000,0.0
953582400000,0.001
953586000000,0.007
953589600000,0.018
953593200000,0.025
953596800000,0.03
953600400000,0.032
953604000000,0.03
953607600000,0.022
953611200000,0.014
953614800000,0.009
953618400000,0.008
953622000000,0.009
953625600000,0.014
953629200000,0.027
953632800000,0.053
953636400000,0.079
953640000000,0.1
953643600000,0.115
953647200000,0.132
953650800000,0.146
953654400000,0.152
953658000000,0.13
953661600000,0.108
953665200000,0.123
953668800000,0.171
953672400000,0.217
953676000000,0.23
953679600000,0.207
953683200000,0.17
953686800000,0.124
953690400000,0.087
953694000000,0.066
953697600000,0.052
953701200000,0.042
953704800000,0.038
953708400000,0.041
953712000000,0.051
953715600000,0.076
953719200000,0.118
953722800000,0.176
953726400000,0.238
953730000000,0.266
953733600000,0.259
953737200000,0.217
953740800000,0.189
953744400000,0.18
953748000000,0.187
953751600000,0.206
953755200000,0.233
953758800000,0.238
953762400000,0.207
953766000000,0.165
953769600000,0.143
953773200000,0.122
953776800000,0.105
953780400000,0.1
953784000000,0.102
953787600000,0.113
953791200000,0.134
953794800000,0.164
953798400000,0.211
953802000000,0.272
953805600000,0.345
953809200000,0.391
953812800000,0.4
953816400000,0.395
953820000000,0.369
953823600000,0.343
953827200000,0.328
953830800000,0.323
953834400000,0.325
953838000000,0.341
953841600000,0.37
953845200000,0.385
953848800000,0.363
953852400000,0.305
953856000000,0.261
953859600000,0.22
953863200000,0.169
953866800000,0.138
953870400000,0.133
953874000000,0.142
953877600000,0.167
953881200000,0.206
953884800000,0.264
953888400000,0.334
953892000000,0.414
953895600000,0.459
953899200000,0.457
953902800000,0.425
953906400000,0.378
953910000000,0.336
953913600000,0.302
953917200000,0.278
953920800000,0.265
953924400000,0.261
953928000000,0.272
953931600000,0.289
953935200000,0.28
953938800000,0.269
953942400000,0.283
953946000000,0.282
953949600000,0.271
953953200000,0.256
953956800000,0.258
953960400000,0.279
953964000000,0.326
953967600000,0.382
953971200000,0.407
953974800000,0.435
953978400000,0.472
953982000000,0.464
953985600000,0.44
953989200000,0.435
953992800000,0.416
953996400000,0.408
954000000000,0.436
954003600000,0.453
954007200000,0.461
954010800000,0.47
954014400000,0.473
954018000000,0.469
954021600000,0.456
954025200000,0.414
954028800000,0.41
954032400000,0.441
954036000000,0.459
954039600000,0.476
954043200000,0.498
954046800000,0.549
954050400000,0.602
954054000000,0.623
954057600000,0.603
954061200000,0.561
954064800000,0.523
954068400000,0.502
954072000000,0.476
954075600000,0.435
954079200000,0.381
954082800000,0.358
954086400000,0.332
954090000000,0.294
954093600000,0.299
954097200000,0.362
954100800000,0.447
954104400000,0.494
954108000000,0.488
954111600000,0.484
954115200000,0.515
954118800000,0.529
954122400000,0.518
954126000000,0.496
954129600000,0.483
954133200000,0.477
954136800000,0.494
954140400000,0.535
954144000000,0.571
954147600000,0.591
954151200000,0.61
954154800000,0.618
954158400000,0.618
954162000000,0.606
954165600000,0.588
954169200000,0.578
954172800000,0.573
954176400000,0.562
954180000000,0.554
954183600000,0.542
954187200000,0.522
954190800000,0.506
954194400000,0.477
954198000000,0.494
954201600000,0.547
954205200000,0.57
954208800000,0.561
954212400000,0.543
954216000000,0.525
954219600000,0.498
954223200000,0.469
954226800000,0.429
954230400000,0.373
954234000000,0.358
954237600000,0.376
954241200000,0.377
954244800000,0.364
954248400000,0.343
954252000000,0.328
954255600000,0.315
954259200000,0.302
954262800000,0.282
954266400000,0.276
954270000000,0.291
954273600000,0.325
954277200000,0.35
954280800000,0.334
954284400000,0.295
954288000000,0.284
954291600000,0.275
954295200000,0.264
954298800000,0.248
954302400000,0.223
954306000000,0.21
954309600000,0.22
954313200000,0.239
954316800000,0.26
954320400000,0.302
954324000000,0.368
954327600000,0.396
954331200000,0.417
954334800000,0.428
954338400000,0.436
954342000000,0.447
954345600000,0.471
954349200000,0.508
954352800000,0.523
954356400000,0.506
954360000000,0.501
954363600000,0.522
954367200000,0.514
954370800000,0.558
954374400000,0.606
954378000000,0.577
954381600000,0.506
954385200000,0.476
954388800000,0.464
954392400000,0.45
954396000000,0.447
954399600000,0.454
954403200000,0.458
954406800000,0.447
954410400000,0.459
954414000000,0.46
954417600000,0.462
954421200000,0.457
954424800000,0.442
954428400000,0.425
954432000000,0.41
954435600000,0.391
954439200000,0.376
954442800000,0.371
954446400000,0.374
954450000000,0.367
954453600000,0.337
954457200000,0.337
954460800000,0.378
954464400000,0.398
954468000000,0.392
954471600000,0.391
954475200000,0.391
954478800000,0.386
954482400000,0.396
954486000000,0.416
954489600000,0.431
954493200000,0.425
954496800000,0.425
954500400000,0.447
954504000000,0.473
954507600000,0.495
954511200000,0.519
954514800000,0.553
954518400000,0.536
954522000000,0.486
954525600000,0.458
954529200000,0.447
954532800000,0.449
954536400000,0.432
954540000000,0.398
954543600000,0.404
954547200000,0.424
954550800000,0.407
954554400000,0.368
954558000000,0.335
954561600000,0.311
954565200000,0.312
954568800000,0.324
954572400000,0.349
954576000000,0.391
954579600000,0.431
954583200000,0.451
954586800000,0.43
954590400000,0.394
954594000000,0.362
954597600000,0.33
954601200000,0.293
954604800000,0.266
954608400000,0.261
954612000000,0.254
954615600000,0.232
954619200000,0.185
954622800000,0.156
954626400000,0.156
954630000000,0.187
954633600000,0.257
954637200000,0.334
954640800000,0.353
954644400000,0.337
954648000000,0.304
954651600000,0.286
954655200000,0.278
954658800000,0.267
954662400000,0.256
954666000000,0.259
954669600000,0.259
954673200000,0.229
954676800000,0.201
954680400000,0.182
954684000000,0.202
954687600000,0.264
954691200000,0.305
954694800000,0.334
954698400000,0.345
954702000000,0.343
954705600000,0.299
954709200000,0.225
954712800000,0.147
954716400000,0.099
954720000000,0.076
954723600000,0.057
954727200000,0.036
954730800000,0.022
954734400000,0.02
954738000000,0.038
954741600000,0.073
954745200000,0.105
954748800000,0.144
954752400000,0.201
954756000000,0.278
954759600000,0.346
954763200000,0.365
954766800000,0.364
954770400000,0.36
954774000000,0.358
954777600000,0.341
954781200000,0.291
954784800000,0.245
954788400000,0.204
954792000000,0.173
954795600000,0.144
954799200000,0.114
954802800000,0.092
954806400000,0.077
954810000000,0.068
954813600000,0.059
954817200000,0.054
954820800000,0.054
954824400000,0.053
954828000000,0.049
954831600000,0.05
954835200000,0.06
954838800000,0.083
954842400000,0.108
954846000000,0.142
954849600000,0.182
954853200000,0.208
954856800000,0.192
954860400000,0.179
954864000000,0.168
954867600000,0.145
954871200000,0.127
954874800000,0.118
954878400000,0.114
954882000000,0.103
954885600000,0.075
954889200000,0.056
954892800000,0.054
954896400000,0.061
954900000000,0.065
954903600000,0.059
954907200000,0.039
954910800000,0.022
954914400000,0.013
954918000000,0.013
954921600000,0.02
954925200000,0.051
954928800000,0.133
954932400000,0.222
954936000000,0.261
954939600000,0.291
954943200000,0.285
954946800000,0.259
954950400000,0.243
954954000000,0.261
954957600000,0.274
954961200000,0.272
954964800000,0.288
954968400000,0.308
954972000000,0.3
954975600000,0.284
954979200000,0.283
954982800000,0.298
954986400000,0.307
954990000000,0.305
954993600000,0.289
954997200000,0.28
955000800000,0.276
955004400000,0.28
955008000000,0.283
955011600000,0.309
955015200000,0.352
955018800000,0.371
955022400000,0.386
955026000000,0.367
955029600000,0.31
955033200000,0.258
955036800000,0.208
955040400000,0.185
955044000000,0.191
955047600000,0.206
955051200000,0.209
955054800000,0.233
955058400000,0.25
955062000000,0.239
955065600000,0.249
955069200000,0.249
955072800000,0.218
955076400000,0.167
955080000000,0.137
955083600000,0.152
955087200000,0.179
955090800000,0.159
955094400000,0.115
955098000000,0.118
955101600000,0.196
955105200000,0.299
955108800000,0.372
955112400000,0.427
955116000000,0.462
955119600000,0.467
955123200000,0.433
955126800000,0.371
955130400000,0.317
955134000000,0.264
955137600000,0.227
955141200000,0.196
955144800000,0.162
955148400000,0.146
955152000000,0.144
955155600000,0.161
955159200000,0.171
955162800000,0.173
955166400000,0.191
955170000000,0.223
955173600000,0.272
955177200000,0.328
955180800000,0.355
955184400000,0.438
955188000000,0.51
955191600000,0.513
955195200000,0.505
955198800000,0.448
955202400000,0.367
955206000000,0.326
955209600000,0.311
955213200000,0.32
955216800000,0.355
955220400000,0.399
955224000000,0.438
955227600000,0.464
955231200000,0.443
955234800000,0.524
955238400000,0.618
955242000000,0.638
955245600000,0.632
955249200000,0.623
955252800000,0.623
955256400000,0.618
955260000000,0.611
955263600000,0.595
955267200000,0.538
955270800000,0.441
955274400000,0.401
955278000000,0.404
955281600000,0.438
955285200000,0.447
955288800000,0.43
955292400000,0.419
955296000000,0.432
955299600000,0.448
955303200000,0.476
955306800000,0.516
955310400000,0.538
955314000000,0.526
955317600000,0.479
955321200000,0.54
955324800000,0.611
955328400000,0.604
955332000000,0.581
955335600000,0.563
955339200000,0.564
955342800000,0.564
955346400000,0.562
955350000000,0.567
955353600000,0.562
955357200000,0.55
955360800000,0.553
955364400000,0.544
955368000000,0.519
955371600000,0.484
955375200000,0.44
955378800000,0.402
955382400000,0.395
955386000000,0.394
955389600000,0.398
955393200000,0.415
955396800000,0.438
955400400000,0.442
955404000000,0.432
955407600000,0.434
955411200000,0.464
955414800000,0.454
955418400000,0.432
955422000000,0.431
955425600000,0.431
955429200000,0.434
955432800000,0.447
955436400000,0.466
955440000000,0.481
955443600000,0.471
955447200000,0.467
955450800000,0.453
955454400000,0.444
955458000000,0.436
955461600000,0.4
955465200000,0.376
955468800000,0.343
955472400000,0.325
955476000000,0.338
955479600000,0.376
955483200000,0.403
955486800000,0.409
955490400000,0.383
955494000000,0.362
955497600000,0.345
955501200000,0.323
955504800000,0.3
955508400000,0.289
955512000000,0.278
955515600000,0.262
955519200000,0.251
955522800000,0.255
955526400000,0.268
955530000000,0.275
955533600000,0.29
955537200000,0.306
955540800000,0.337
955544400000,0.362
955548000000,0.325
955551600000,0.245
955555200000,0.188
955558800000,0.173
955562400000,0.192
955566000000,0.219
955569600000,0.241
955573200000,0.261
955576800000,0.27
955580400000,0.265
955584000000,0.261
955587600000,0.241
955591200000,0.217
955594800000,0.198
955598400000,0.182
955602000000,0.169
955605600000,0.165
955609200000,0.176
955612800000,0.202
955616400000,0.233
955620000000,0.276
955623600000,0.319
955627200000,0.348
955630800000,0.367
955634400000,0.364
955638000000,0.344
955641600000,0.305
955645200000,0.274
955648800000,0.237
955652400000,0.212
955656000000,0.197
955659600000,0.194
955663200000,0.179
955666800000,0.171
955670400000,0.166
955674000000,0.149
955677600000,0.139
955681200000,0.13
955684800000,0.135
955688400000,0.155
955692000000,0.186
955695600000,0.218
955699200000,0.246
955702800000,0.273
955706400000,0.308
955710000000,0.341
955713600000,0.355
955717200000,0.364
955720800000,0.364
955724400000,0.345
955728000000,0.302
955731600000,0.249
955735200000,0.201
955738800000,0.177
955742400000,0.166
955746000000,0.145
955749600000,0.116
955753200000,0.1
955756800000,0.097
955760400000,0.092
955764000000,0.079
955767600000,0.076
955771200000,0.083
955774800000,0.094
955778400000,0.12
955782000000,0.167
955785600000,0.216
955789200000,0.249
955792800000,0.252
955796400000,0.229
955800000000,0.219
955803600000,0.212
955807200000,0.195
955810800000,0.185
955814400000,0.198
955818000000,0.22
955821600000,0.237
955825200000,0.256
955828800000,0.28
955832400000,0.305
955836000000,0.308
955839600000,0.291
955843200000,0.282
955846800000,0.266
955850400000,0.253
955854000000,0.241
955857600000,0.243
955861200000,0.274
955864800000,0.323
955868400000,0.379
955872000000,0.439
955875600000,0.488
955879200000,0.535
955882800000,0.546
955886400000,0.532
955890000000,0.525
955893600000,0.538
955897200000,0.538
955900800000,0.522
955904400000,0.519
955908000000,0.53
955911600000,0.552
955915200000,0.571
955918800000,0.591
955922400000,0.561
955926000000,0.464
955929600000,0.369
955933200000,0.285
955936800000,0.248
955940400000,0.259
955944000000,0.278
955947600000,0.278
955951200000,0.27
955954800000,0.273
955958400000,0.3
955962000000,0.372
955965600000,0.47
955969200000,0.542
955972800000,0.571
955976400000,0.584
955980000000,0.579
955983600000,0.553
955987200000,0.519
955990800000,0.497
955994400000,0.501
955998000000,0.51
956001600000,0.501
956005200000,0.432
956008800000,0.323
956012400000,0.273
956016000000,0.259
956019600000,0.22
956023200000,0.164
956026800000,0.112
956030400000,0.071
956034000000,0.043
956037600000,0.029
956041200000,0.024
956044800000,0.025
956048400000,0.033
956052000000,0.046
956055600000,0.053
956059200000,0.041
956062800000,0.012
956066400000,0.003
956070000000,0.0
956073600000,0.0
956077200000,0.0
956080800000,0.0
956084400000,0.0
956088000000,0.0
956091600000,0.0
956095200000,0.0
956098800000,0.0
956102400000,0.0
956106000000,0.0
956109600000,0.001
956113200000,0.0
956116800000,0.0
956120400000,0.001
956124000000,0.004
956127600000,0.015
956131200000,0.042
956134800000,0.089
956138400000,0.139
956142000000,0.159
956145600000,0.147
956149200000,0.122
956152800000,0.096
956156400000,0.061
956160000000,0.033
956163600000,0.02
956167200000,0.02
956170800000,0.033
956174400000,0.051
956178000000,0.065
956181600000,0.056
956185200000,0.041
956188800000,0.026
956192400000,0.017
956196000000,0.011
956199600000,0.005
956203200000,0.001
956206800000,0.0
956210400000,0.0
956214000000,0.0
956217600000,0.001
956221200000,0.004
956224800000,0.013
956228400000,0.027
956232000000,0.051
956235600000,0.082
956239200000,0.112
956242800000,0.141
956246400000,0.16
956250000000,0.17
956253600000,0.184
956257200000,0.201
956260800000,0.223
956264400000,0.227
956268000000,0.189
956271600000,0.154
956275200000,0.127
956278800000,0.113
956282400000,0.104
956286000000,0.092
956289600000,0.075
956293200000,0.062
956296800000,0.061
956300400000,0.067
956304000000,0.075
956307600000,0.096
956311200000,0.131
956314800000,0.168
956318400000,0.207
956322000000,0.245
956325600000,0.266
956329200000,0.265
956332800000,0.252
956336400000,0.235
956340000000,0.231
956343600000,0.243
956347200000,0.27
956350800000,0.281
956354400000,0.252
956358000000,0.223
956361600000,0.201
956365200000,0.185
956368800000,0.179
956372400000,0.176
956376000000,0.169
956379600000,0.166
956383200000,0.17
956386800000,0.183
956390400000,0.211
956394000000,0.255
956397600000,0.32
956401200000,0.379
956404800000,0.42
956408400000,0.437
956412000000,0.422
956415600000,0.379
956419200000,0.335
956422800000,0.3
956426400000,0.28
956430000000,0.264
956433600000,0.259
956437200000,0.256
956440800000,0.225
956444400000,0.205
956448000000,0.197
956451600000,0.187
956455200000,0.169
956458800000,0.137
956462400000,0.104
956466000000,0.086
956469600000,0.084
956473200000,0.09
956476800000,0.105
956480400000,0.138
956484000000,0.196
956487600000,0.265
956491200000,0.323
956494800000,0.357
956498400000,0.358
956502000000,0.334
956505600000,0.308
956509200000,0.291
956512800000,0.282
956516400000,0.284
956520000000,0.292
956523600000,0.278
956527200000,0.223
956530800000,0.177
956534400000,0.155
956538000000,0.142
956541600000,0.119
956545200000,0.099
956548800000,0.077
956552400000,0.054
956556000000,0.035
956559600000,0.022
956563200000,0.017
956566800000,0.024
956570400000,0.045
956574000000,0.079
956577600000,0.121
956581200000,0.163
956584800000,0.192
956588400000,0.201
956592000000,0.2
956595600000,0.196
956599200000,0.2
956602800000,0.22
956606400000,0.251
956610000000,0.274
956613600000,0.265
956617200000,0.257
956620800000,0.236
956624400000,0.192
956628000000,0.145
956631600000,0.115
956635200000,0.096
956638800000,0.084
956642400000,0.076
956646000000,0.074
956649600000,0.081
956653200000,0.116
956656800000,0.179
956660400000,0.256
956664000000,0.333
956667600000,0.373
956671200000,0.398
956674800000,0.384
956678400000,0.386
956682000000,0.398
956685600000,0.403
956689200000,0.407
956692800000,0.398
956696400000,0.375
956700000000,0.297
956703600000,0.216
956707200000,0.157
956710800000,0.124
956714400000,0.097
956718000000,0.069
956721600000,0.042
956725200000,0.021
956728800000,0.012
956732400000,0.009
956736000000,0.012
956739600000,0.031
956743200000,0.073
956746800000,0.128
956750400000,0.192
956754000000,0.249
956757600000,0.272
956761200000,0.26
956764800000,0.226
956768400000,0.201
956772000000,0.188
956775600000,0.183
956779200000,0.183
956782800000,0.181
956786400000,0.151
956790000000,0.125
956793600000,0.108
956797200000,0.096
956800800000,0.09
956804400000,0.093
956808000000,0.102
956811600000,0.117
956815200000,0.14
956818800000,0.171
956822400000,0.209
956826000000,0.272
956829600000,0.352
956833200000,0.413
956836800000,0.445
956840400000,0.435
956844000000,0.418
956847600000,0.395
956851200000,0.358
956854800000,0.326
956858400000,0.319
956862000000,0.32
956865600000,0.323
956869200000,0.325
956872800000,0.291
956876400000,0.259
956880000000,0.239
956883600000,0.233
956887200000,0.229
956890800000,0.229
956894400000,0.241
956898000000,0.255
956901600000,0.272
956905200000,0.295
956908800000,0.328
956912400000,0.379
956916000000,0.447
956919600000,0.493
956923200000,0.525
956926800000,0.552
956930400000,0.582
956934000000,0.579
956937600000,0.479
956941200000,0.368
956944800000,0.296
956948400000,0.297
956952000000,0.333
956955600000,0.332
956959200000,0.27
956962800000,0.224
956966400000,0.223
956970000000,0.221
956973600000,0.218
956977200000,0.213
956980800000,0.211
956984400000,0.22
956988000000,0.235
956991600000,0.264
956995200000,0.294
956998800000,0.328
957002400000,0.377
957006000000,0.414
957009600000,0.436
957013200000,0.432
957016800000,0.416
957020400000,0.386
957024000000,0.355
957027600000,0.32
957031200000,0.298
957034800000,0.294
957038400000,0.301
957042000000,0.311
957045600000,0.279
957049200000,0.247
957052800000,0.218
957056400000,0.182
957060000000,0.143
957063600000,0.105
957067200000,0.076
957070800000,0.055
957074400000,0.044
957078000000,0.041
957081600000,0.045
957085200000,0.063
957088800000,0.092
957092400000,0.118
957096000000,0.138
957099600000,0.148
957103200000,0.144
957106800000,0.136
957110400000,0.131
957114000000,0.127
957117600000,0.121
957121200000,0.113
957124800000,0.106
957128400000,0.111
957132000000,0.105
957135600000,0.099
957139200000,0.099
957142800000,0.098
957146400000,0.092
957150000000,0.074
957153600000,0.055
957157200000,0.043
957160800000,0.042
957164400000,0.052
957168000000,0.07
957171600000,0.1
957175200000,0.138
957178800000,0.172
957182400000,0.195
957186000000,0.201
957189600000,0.185
957193200000,0.152
957196800000,0.123
957200400000,0.112
957204000000,0.109
957207600000,0.118
957211200000,0.128
957214800000,0.131
957218400000,0.107
957222000000,0.091
957225600000,0.09
957229200000,0.084
957232800000,0.077
957236400000,0.068
957240000000,0.058
957243600000,0.052
957247200000,0.056
957250800000,0.069
957254400000,0.088
957258000000,0.118
957261600000,0.165
957265200000,0.228
957268800000,0.282
957272400000,0.318
957276000000,0.337
957279600000,0.328
957283200000,0.315
957286800000,0.315
957290400000,0.325
957294000000,0.315
957297600000,0.278
957301200000,0.217
957304800000,0.138
957308400000,0.093
957312000000,0.072
957315600000,0.068
957319200000,0.071
957322800000,0.074
957326400000,0.074
957330000000,0.073
957333600000,0.076
957337200000,0.083
957340800000,0.099
957344400000,0.14
957348000000,0.205
957351600000,0.261
957355200000,0.296
957358800000,0.305
957362400000,0.298
957366000000,0.271
957369600000,0.239
957373200000,0.231
957376800000,0.245
957380400000,0.267
957384000000,0.293
957387600000,0.292
957391200000,0.208
957394800000,0.121
957398400000,0.072
957402000000,0.043
957405600000,0.023
957409200000,0.016
957412800000,0.018
957416400000,0.021
957420000000,0.025
957423600000,0.028
957427200000,0.028
957430800000,0.022
957434400000,0.023
957438000000,0.033
957441600000,0.05
957445200000,0.063
957448800000,0.068
957452400000,0.063
957456000000,0.048
957459600000,0.036
957463200000,0.03
957466800000,0.029
957470400000,0.03
957474000000,0.029
957477600000,0.025
957481200000,0.021
957484800000,0.018
957488400000,0.013
957492000000,0.009
957495600000,0.005
957499200000,0.003
957502800000,0.001
957506400000,0.001
957510000000,0.0
957513600000,0.0
957517200000,0.002
957520800000,0.008
957524400000,0.019
957528000000,0.031
957531600000,0.044
957535200000,0.054
957538800000,0.061
957542400000,0.068
957546000000,0.069
957549600000,0.064
957553200000,0.06
957556800000,0.053
957560400000,0.052
957564000000,0.05
957567600000,0.054
957571200000,0.069
957574800000,0.093
957578400000,0.125
957582000000,0.132
957585600000,0.128
957589200000,0.134
957592800000,0.134
957596400000,0.132
957600000000,0.119
957603600000,0.107
957607200000,0.102
957610800000,0.102
957614400000,0.11
957618000000,0.121
957621600000,0.133
957625200000,0.143
957628800000,0.166
957632400000,0.195
957636000000,0.2
957639600000,0.182
957643200000,0.17
957646800000,0.171
957650400000,0.168
957654000000,0.155
957657600000,0.155
957661200000,0.155
957664800000,0.157
957668400000,0.138
957672000000,0.117
957675600000,0.103
957679200000,0.094
957682800000,0.082
957686400000,0.068
957690000000,0.062
957693600000,0.068
957697200000,0.079
957700800000,0.1
957704400000,0.114
957708000000,0.115
957711600000,0.116
957715200000,0.131
957718800000,0.141
957722400000,0.176
957726000000,0.236
957729600000,0.265
957733200000,0.264
957736800000,0.267
957740400000,0.237
957744000000,0.192
957747600000,0.161
957751200000,0.155
957754800000,0.167
957758400000,0.197
957762000000,0.229
957765600000,0.238
957769200000,0.217
957772800000,0.176
957776400000,0.13
957780000000,0.127
957783600000,0.178
957787200000,0.235
957790800000,0.197
957794400000,0.147
957798000000,0.153
957801600000,0.188
957805200000,0.217
957808800000,0.221
957812400000,0.201
957816000000,0.175
957819600000,0.155
957823200000,0.13
957826800000,0.115
957830400000,0.105
957834000000,0.097
957837600000,0.099
957841200000,0.104
957844800000,0.119
957848400000,0.125
957852000000,0.129
957855600000,0.143
957859200000,0.16
957862800000,0.174
957866400000,0.2
957870000000,0.278
957873600000,0.334
957877200000,0.352
957880800000,0.343
957884400000,0.286
957888000000,0.223
957891600000,0.179
957895200000,0.148
957898800000,0.131
957902400000,0.122
957906000000,0.118
957909600000,0.093
957913200000,0.05
957916800000,0.041
957920400000,0.07
957924000000,0.118
957927600000,0.153
957931200000,0.162
957934800000,0.171
957938400000,0.19
957942000000,0.233
957945600000,0.282
957949200000,0.341
957952800000,0.397
957956400000,0.432
957960000000,0.455
957963600000,0.429
957967200000,0.396
957970800000,0.331
957974400000,0.259
957978000000,0.198
957981600000,0.175
957985200000,0.188
957988800000,0.207
957992400000,0.209
957996000000,0.173
957999600000,0.147
958003200000,0.167
958006800000,0.181
958010400000,0.206
958014000000,0.235
958017600000,0.245
958021200000,0.256
958024800000,0.259
958028400000,0.243
958032000000,0.192
958035600000,0.139
958039200000,0.121
958042800000,0.128
958046400000,0.156
958050000000,0.192
958053600000,0.225
958057200000,0.249
958060800000,0.256
958064400000,0.225
958068000000,0.171
958071600000,0.14
958075200000,0.074
958078800000,0.039
958082400000,0.041
958086000000,0.032
958089600000,0.025
958093200000,0.03
958096800000,0.033
958100400000,0.027
958104000000,0.025
958107600000,0.035
958111200000,0.051
958114800000,0.071
958118400000,0.089
958122000000,0.099
958125600000,0.099
958129200000,0.09
958132800000,0.08
958136400000,0.071
958140000000,0.07
958143600000,0.084
958147200000,0.102
958150800000,0.114
958154400000,0.118
958158000000,0.114
958161600000,0.103
958165200000,0.088
958168800000,0.063
958172400000,0.041
958176000000,0.028
958179600000,0.022
958183200000,0.027
958186800000,0.036
958190400000,0.044
958194000000,0.05
958197600000,0.052
958201200000,0.045
958204800000,0.036
958208400000,0.031
958212000000,0.032
958215600000,0.032
958219200000,0.031
958222800000,0.031
958226400000,0.033
958230000000,0.04
958233600000,0.049
958237200000,0.054
958240800000,0.05
958244400000,0.041
958248000000,0.028
958251600000,0.018
958255200000,0.011
958258800000,0.006
958262400000,0.005
958266000000,0.005
958269600000,0.007
958273200000,0.008
958276800000,0.009
958280400000,0.007
958284000000,0.004
958287600000,0.001
958291200000,0.0
958294800000,0.0
958298400000,0.0
958302000000,0.001
958305600000,0.003
958309200000,0.008
958312800000,0.015
958316400000,0.019
958320000000,0.02
958323600000,0.025
958327200000,0.033
958330800000,0.042
958334400000,0.045
958338000000,0.045
958341600000,0.041
958345200000,0.03
958348800000,0.02
958352400000,0.017
958356000000,0.014
958359600000,0.015
958363200000,0.016
958366800000,0.018
958370400000,0.021
958374000000,0.021
958377600000,0.018
958381200000,0.009
958384800000,0.002
958388400000,0.0
958392000000,0.0
958395600000,0.001
958399200000,0.002
958402800000,0.005
958406400000,0.008
958410000000,0.011
958413600000,0.01
958417200000,0.011
958420800000,0.02
958424400000,0.045
958428000000,0.07
958431600000,0.079
958435200000,0.09
958438800000,0.096
958442400000,0.093
958446000000,0.09
958449600000,0.088
958453200000,0.084
958456800000,0.078
958460400000,0.075
958464000000,0.077
958467600000,0.088
958471200000,0.102
958474800000,0.111
958478400000,0.124
958482000000,0.144
958485600000,0.16
958489200000,0.168
958492800000,0.175
958496400000,0.18
958500000000,0.179
958503600000,0.165
958507200000,0.144
958510800000,0.133
958514400000,0.121
958518000000,0.134
958521600000,0.164
958525200000,0.185
958528800000,0.191
958532400000,0.206
958536000000,0.227
958539600000,0.238
958543200000,0.235
958546800000,0.22
958550400000,0.199
958554000000,0.164
958557600000,0.156
958561200000,0.148
958564800000,0.137
958568400000,0.133
958572000000,0.128
958575600000,0.117
958579200000,0.105
958582800000,0.107
958586400000,0.112
958590000000,0.118
958593600000,0.125
958597200000,0.137
958600800000,0.134
958604400000,0.144
958608000000,0.168
958611600000,0.191
958615200000,0.205
958618800000,0.212
958622400000,0.217
958626000000,0.213
958629600000,0.206
958633200000,0.195
958636800000,0.184
958640400000,0.178
958644000000,0.18
958647600000,0.167
958651200000,0.141
958654800000,0.124
958658400000,0.134
958662000000,0.146
958665600000,0.153
958669200000,0.154
958672800000,0.152
958676400000,0.138
958680000000,0.118
958683600000,0.1
958687200000,0.072
958690800000,0.046
958694400000,0.033
958698000000,0.029
958701600000,0.023
958705200000,0.019
958708800000,0.017
958712400000,0.014
958716000000,0.011
958719600000,0.008
958723200000,0.005
958726800000,0.003
958730400000,0.003
958734000000,0.004
958737600000,0.005
958741200000,0.007
958744800000,0.008
958748400000,0.009
958752000000,0.016
958755600000,0.033
958759200000,0.045
958762800000,0.045
958766400000,0.043
958770000000,0.044
958773600000,0.038
958777200000,0.024
958780800000,0.009
958784400000,0.002
958788000000,0.0
958791600000,0.0
958795200000,0.0
958798800000,0.0
958802400000,0.001
958806000000,0.001
958809600000,0.001
958813200000,0.002
958816800000,0.004
958820400000,0.004
958824000000,0.002
958827600000,0.001
958831200000,0.0
958834800000,0.0
958838400000,0.0
958842000000,0.0
958845600000,0.0
958849200000,0.0
958852800000,0.0
958856400000,0.001
958860000000,0.002
958863600000,0.002
958867200000,0.004
958870800000,0.005
958874400000,0.006
958878000000,0.007
958881600000,0.008
958885200000,0.009
958888800000,0.008
958892400000,0.006
958896000000,0.003
958899600000,0.001
958903200000,0.001
958906800000,0.0
958910400000,0.0
958914000000,0.0
958917600000,0.0
958921200000,0.002
958924800000,0.005
958928400000,0.006
958932000000,0.005
958935600000,0.006
958939200000,0.006
958942800000,0.004
958946400000,0.001
958950000000,0.0
958953600000,0.0
958957200000,0.0
958960800000,0.001
958964400000,0.002
958968000000,0.003
958971600000,0.003
958975200000,0.002
958978800000,0.002
958982400000,0.001
958986000000,0.003
958989600000,0.008
958993200000,0.021
958996800000,0.038
959000400000,0.051
959004000000,0.059
959007600000,0.064
959011200000,0.063
959014800000,0.057
959018400000,0.052
959022000000,0.047
959025600000,0.045
959029200000,0.044
959032800000,0.037
959036400000,0.028
959040000000,0.024
959043600000,0.024
959047200000,0.028
959050800000,0.033
959054400000,0.033
959058000000,0.027
959061600000,0.017
959065200000,0.006
959068800000,0.002
959072400000,0.001
959076000000,0.0
959079600000,0.001
959083200000,0.003
959086800000,0.009
959090400000,0.017
959094000000,0.022
959097600000,0.028
959101200000,0.035
959104800000,0.042
959108400000,0.049
959112000000,0.053
959115600000,0.061
959119200000,0.071
959122800000,0.078
959126400000,0.084
959130000000,0.089
959133600000,0.101
959137200000,0.112
959140800000,0.108
959144400000,0.093
959148000000,0.073
959151600000,0.054
959155200000,0.035
959158800000,0.021
959162400000,0.013
959166000000,0.008
959169600000,0.006
959173200000,0.005
959176800000,0.004
959180400000,0.004
959184000000,0.004
959187600000,0.006
959191200000,0.014
959194800000,0.035
959198400000,0.071
959202000000,0.11
959205600000,0.13
959209200000,0.146
959212800000,0.159
959216400000,0.148
959220000000,0.123
959223600000,0.097
959227200000,0.073
959230800000,0.054
959234400000,0.038
959238000000,0.023
959241600000,0.014
959245200000,0.009
959248800000,0.008
959252400000,0.015
959256000000,0.047
959259600000,0.105
959263200000,0.124
959266800000,0.096
959270400000,0.106
959274000000,0.134
959277600000,0.147
959281200000,0.14
959284800000,0.133
959288400000,0.118
959292000000,0.084
959295600000,0.055
959299200000,0.038
959302800000,0.026
959306400000,0.017
959310000000,0.011
959313600000,0.007
959317200000,0.005
959320800000,0.005
959324400000,0.007
959328000000,0.012
959331600000,0.021
959335200000,0.036
959338800000,0.048
959342400000,0.057
959346000000,0.058
959349600000,0.059
959353200000,0.061
959356800000,0.058
959360400000,0.054
959364000000,0.054
959367600000,0.051
959371200000,0.051
959374800000,0.058
959378400000,0.058
959382000000,0.056
959385600000,0.05
959389200000,0.04
959392800000,0.03
959396400000,0.017
959400000000,0.007
959403600000,0.003
959407200000,0.001
959410800000,0.001
959414400000,0.003
959418000000,0.011
959421600000,0.033
959425200000,0.054
959428800000,0.071
959432400000,0.089
959436000000,0.113
959439600000,0.119
959443200000,0.109
959446800000,0.093
959450400000,0.074
959454000000,0.065
959457600000,0.066
959461200000,0.071
959464800000,0.071
959468400000,0.067
959472000000,0.068
959475600000,0.077
959479200000,0.085
959482800000,0.087
959486400000,0.086
959490000000,0.084
959493600000,0.073
959497200000,0.065
959500800000,0.07
959504400000,0.082
959508000000,0.104
959511600000,0.144
959515200000,0.197
959518800000,0.245
959522400000,0.321
959526000000,0.43
959529600000,0.488
959533200000,0.473
959536800000,0.439
959540400000,0.45
959544000000,0.472
959547600000,0.471
959551200000,0.432
959554800000,0.403
959558400000,0.404
959562000000,0.413
959565600000,0.432
959569200000,0.421
959572800000,0.37
959576400000,0.339
959580000000,0.335
959583600000,0.367
959587200000,0.413
959590800000,0.414
959594400000,0.41
959598000000,0.446
959601600000,0.495
959605200000,0.517
959608800000,0.526
959612400000,0.532
959616000000,0.539
959619600000,0.522
959623200000,0.451
959626800000,0.34
959630400000,0.284
959634000000,0.249
959637600000,0.192
959641200000,0.13
959644800000,0.095
959648400000,0.084
959652000000,0.091
959655600000,0.093
959659200000,0.094
959662800000,0.096
959666400000,0.106
959670000000,0.124
959673600000,0.157
959677200000,0.214
959680800000,0.286
959684400000,0.34
959688000000,0.367
959691600000,0.37
959695200000,0.332
959698800000,0.27
959702400000,0.241
959706000000,0.227
959709600000,0.219
959713200000,0.212
959716800000,0.209
959720400000,0.201
959724000000,0.178
959727600000,0.166
959731200000,0.16
959734800000,0.14
959738400000,0.118
959742000000,0.101
959745600000,0.089
959749200000,0.08
959752800000,0.078
959756400000,0.086
959760000000,0.106
959763600000,0.146
959767200000,0.204
959770800000,0.247
959774400000,0.267
959778000000,0.272
959781600000,0.278
959785200000,0.294
959788800000,0.308
959792400000,0.314
959796000000,0.32
959799600000,0.332
959803200000,0.347
959806800000,0.348
959810400000,0.316
959814000000,0.266
959817600000,0.234
959821200000,0.22
959824800000,0.225
959828400000,0.231
959832000000,0.241
959835600000,0.246
959839200000,0.256
959842800000,0.266
959846400000,0.277
959850000000,0.285
959853600000,0.311
959857200000,0.329
959860800000,0.34
959864400000,0.347
959868000000,0.343
959871600000,0.335
959875200000,0.319
959878800000,0.279
959882400000,0.236
959886000000,0.189
959889600000,0.166
959893200000,0.155
959896800000,0.158
959900400000,0.179
959904000000,0.262
959907600000,0.358
959911200000,0.357
959914800000,0.298
959918400000,0.241
959922000000,0.21
959925600000,0.197
959929200000,0.199
959932800000,0.203
959936400000,0.229
959940000000,0.259
959943600000,0.272
959947200000,0.291
959950800000,0.317
959954400000,0.345
959958000000,0.362
959961600000,0.341
959965200000,0.317
959968800000,0.302
959972400000,0.298
959976000000,0.304
959979600000,0.305
959983200000,0.278
959986800000,0.247
959990400000,0.231
959994000000,0.21
959997600000,0.179
960001200000,0.127
960004800000,0.082
960008400000,0.055
960012000000,0.048
960015600000,0.056
960019200000,0.075
960022800000,0.117
960026400000,0.175
960030000000,0.21
960033600000,0.222
960037200000,0.225
960040800000,0.231
960044400000,0.247
960048000000,0.28
960051600000,0.338
960055200000,0.413
960058800000,0.498
960062400000,0.53
960066000000,0.444
960069600000,0.398
960073200000,0.421
960076800000,0.41
960080400000,0.388
960084000000,0.349
960087600000,0.3
960091200000,0.256
960094800000,0.226
960098400000,0.212
960102000000,0.217
960105600000,0.248
960109200000,0.302
960112800000,0.361
960116400000,0.362
960120000000,0.33
960123600000,0.278
960127200000,0.222
960130800000,0.199
960134400000,0.208
960138000000,0.219
960141600000,0.245
960145200000,0.278
960148800000,0.302
960152400000,0.32
960156000000,0.311
960159600000,0.328
960163200000,0.337
960166800000,0.28
960170400000,0.225
960174000000,0.212
960177600000,0.206
960181200000,0.182
960184800000,0.144
960188400000,0.108
960192000000,0.086
960195600000,0.086
960199200000,0.093
960202800000,0.087
960206400000,0.076
960210000000,0.064
960213600000,0.058
960217200000,0.053
960220800000,0.05
960224400000,0.048
960228000000,0.046
960231600000,0.048
960235200000,0.055
960238800000,0.068
960242400000,0.082
960246000000,0.102
960249600000,0.132
960253200000,0.165
960256800000,0.179
960260400000,0.171
960264000000,0.141
960267600000,0.104
960271200000,0.073
960274800000,0.051
960278400000,0.04
960282000000,0.049
960285600000,0.079
960289200000,0.115
960292800000,0.156
960296400000,0.197
960300000000,0.223
960303600000,0.207
960307200000,0.18
960310800000,0.162
960314400000,0.155
960318000000,0.153
960321600000,0.156
960325200000,0.162
960328800000,0.159
960332400000,0.154
960336000000,0.171
960339600000,0.205
960343200000,0.246
960346800000,0.272
960350400000,0.27
960354000000,0.242
960357600000,0.199
960361200000,0.139
960364800000,0.083
960368400000,0.057
960372000000,0.051
960375600000,0.057
960379200000,0.08
960382800000,0.131
960386400000,0.201
960390000000,0.241
960393600000,0.243
960397200000,0.244
960400800000,0.236
960404400000,0.228
960408000000,0.223
960411600000,0.208
960415200000,0.179
960418800000,0.147
960422400000,0.128
960426000000,0.117
960429600000,0.105
960433200000,0.09
960436800000,0.08
960440400000,0.068
960444000000,0.053
960447600000,0.039
960451200000,0.034
960454800000,0.03
960458400000,0.029
960462000000,0.034
960465600000,0.038
960469200000,0.04
960472800000,0.038
960476400000,0.041
960480000000,0.049
960483600000,0.058
960487200000,0.068
960490800000,0.081
960494400000,0.089
960498000000,0.101
960501600000,0.104
960505200000,0.105
960508800000,0.101
960512400000,0.091
960516000000,0.082
960519600000,0.07
960523200000,0.059
960526800000,0.054
960530400000,0.053
960534000000,0.051
960537600000,0.054
960541200000,0.084
960544800000,0.133
960548400000,0.175
960552000000,0.208
960555600000,0.238
960559200000,0.264
960562800000,0.261
960566400000,0.247
960570000000,0.24
960573600000,0.227
960577200000,0.207
960580800000,0.197
960584400000,0.201
960588000000,0.185
960591600000,0.168
960595200000,0.155
960598800000,0.137
960602400000,0.115
960606000000,0.098
960609600000,0.084
960613200000,0.074
960616800000,0.069
960620400000,0.071
960624000000,0.085
960627600000,0.114
960631200000,0.165
960634800000,0.222
960638400000,0.278
960642000000,0.311
960645600000,0.303
960649200000,0.275
960652800000,0.245
960656400000,0.231
960660000000,0.226
960663600000,0.223
960667200000,0.224
960670800000,0.201
960674400000,0.16
960678000000,0.137
960681600000,0.133
960685200000,0.135
960688800000,0.131
960692400000,0.12
960696000000,0.106
960699600000,0.087
960703200000,0.063
960706800000,0.043
960710400000,0.03
960714000000,0.028
960717600000,0.029
960721200000,0.028
960724800000,0.026
960728400000,0.027
960732000000,0.035
960735600000,0.07
960739200000,0.131
960742800000,0.196
960746400000,0.253
960750000000,0.267
960753600000,0.237
960757200000,0.171
960760800000,0.112
960764400000,0.074
960768000000,0.046
960771600000,0.025
960775200000,0.02
960778800000,0.023
960782400000,0.026
960786000000,0.025
960789600000,0.022
960793200000,0.017
960796800000,0.015
960800400000,0.014
960804000000,0.014
960807600000,0.011
960811200000,0.007
960814800000,0.005
960818400000,0.005
960822000000,0.009
960825600000,0.015
960829200000,0.018
960832800000,0.021
960836400000,0.027
960840000000,0.045
960843600000,0.06
960847200000,0.045
960850800000,0.014
960854400000,0.001
960858000000,0.0
960861600000,0.0
960865200000,0.004
960868800000,0.02
960872400000,0.051
960876000000,0.091
960879600000,0.128
960883200000,0.148
960886800000,0.174
960890400000,0.201
960894000000,0.208
960897600000,0.206
960901200000,0.213
960904800000,0.228
960908400000,0.251
960912000000,0.292
960915600000,0.328
960919200000,0.31
960922800000,0.259
960926400000,0.201
960930000000,0.168
960933600000,0.151
960937200000,0.101
960940800000,0.074
960944400000,0.078
960948000000,0.085
960951600000,0.096
960955200000,0.095
960958800000,0.082
960962400000,0.075
960966000000,0.079
960969600000,0.085
960973200000,0.105
960976800000,0.149
960980400000,0.182
960984000000,0.19
960987600000,0.192
960991200000,0.2
960994800000,0.199
960998400000,0.195
961002000000,0.184
961005600000,0.168
961009200000,0.16
961012800000,0.147
961016400000,0.134
961020000000,0.119
961023600000,0.109
961027200000,0.119
961030800000,0.145
961034400000,0.183
961038000000,0.236
961041600000,0.279
961045200000,0.297
961048800000,0.289
961052400000,0.245
961056000000,0.186
961059600000,0.139
961063200000,0.103
961066800000,0.073
961070400000,0.053
961074000000,0.038
961077600000,0.03
961081200000,0.038
961084800000,0.058
961088400000,0.07
961092000000,0.085
961095600000,0.116
961099200000,0.161
961102800000,0.197
961106400000,0.2
961110000000,0.181
961113600000,0.169
961117200000,0.159
961120800000,0.152
961124400000,0.152
961128000000,0.146
961131600000,0.13
961135200000,0.108
961138800000,0.083
961142400000,0.058
961146000000,0.035
961149600000,0.019
961153200000,0.011
961156800000,0.009
961160400000,0.011
961164000000,0.016
961167600000,0.015
961171200000,0.01
961174800000,0.006
961178400000,0.004
961182000000,0.003
961185600000,0.002
961189200000,0.001
961192800000,0.001
961196400000,0.0
961200000000,0.0
961203600000,0.0
961207200000,0.0
961210800000,0.0
961214400000,0.0
961218000000,0.0
961221600000,0.0
961225200000,0.0
961228800000,0.0
961232400000,0.0
961236000000,0.002
961239600000,0.011
961243200000,0.024
961246800000,0.032
961250400000,0.031
961254000000,0.034
961257600000,0.052
961261200000,0.09
961264800000,0.149
961268400000,0.213
961272000000,0.261
961275600000,0.278
961279200000,0.27
961282800000,0.243
961286400000,0.231
961290000000,0.222
961293600000,0.205
961297200000,0.182
961300800000,0.155
961304400000,0.129
961308000000,0.104
961311600000,0.082
961315200000,0.06
961318800000,0.045
961322400000,0.031
961326000000,0.019
961329600000,0.012
961333200000,0.008
961336800000,0.007
961340400000,0.007
961344000000,0.01
961347600000,0.017
961351200000,0.025
961354800000,0.038
961358400000,0.054
961362000000,0.088
961365600000,0.119
961369200000,0.131
961372800000,0.121
961376400000,0.11
961380000000,0.102
961383600000,0.085
961387200000,0.059
961390800000,0.043
961394400000,0.034
961398000000,0.03
961401600000,0.03
961405200000,0.031
961408800000,0.033
961412400000,0.035
961416000000,0.039
961419600000,0.05
961423200000,0.069
961426800000,0.096
961430400000,0.128
961434000000,0.17
961437600000,0.229
961441200000,0.291
961444800000,0.341
961448400000,0.337
961452000000,0.284
961455600000,0.2
961459200000,0.13
961462800000,0.083
961466400000,0.056
961470000000,0.043
961473600000,0.034
961477200000,0.021
961480800000,0.008
961484400000,0.002
961488000000,0.001
961491600000,0.0
961495200000,0.001
961498800000,0.003
961502400000,0.011
961506000000,0.037
961509600000,0.076
961513200000,0.073
961516800000,0.05
961520400000,0.06
961524000000,0.101
961527600000,0.209
961531200000,0.316
961534800000,0.376
961538400000,0.361
961542000000,0.249
961545600000,0.148
961549200000,0.112
961552800000,0.095
961556400000,0.101
961560000000,0.098
961563600000,0.093
961567200000,0.085
961570800000,0.065
961574400000,0.049
961578000000,0.026
961581600000,0.008
961585200000,0.001
961588800000,0.0
961592400000,0.0
961596000000,0.0
961599600000,0.001
961603200000,0.004
961606800000,0.014
961610400000,0.037
961614000000,0.072
961617600000,0.12
961621200000,0.156
961624800000,0.152
961628400000,0.117
961632000000,0.088
961635600000,0.066
961639200000,0.049
961642800000,0.046
961646400000,0.045
961650000000,0.036
961653600000,0.025
961657200000,0.023
961660800000,0.031
961664400000,0.068
961668000000,0.129
961671600000,0.182
961675200000,0.225
961678800000,0.272
961682400000,0.332
961686000000,0.331
961689600000,0.289
961693200000,0.263
961696800000,0.259
961700400000,0.257
961704000000,0.218
961707600000,0.15
961711200000,0.093
961714800000,0.056
961718400000,0.035
961722000000,0.022
961725600000,0.011
961729200000,0.005
961732800000,0.002
961736400000,0.001
961740000000,0.001
961743600000,0.001
961747200000,0.002
961750800000,0.006
961754400000,0.015
961758000000,0.024
961761600000,0.028
961765200000,0.028
961768800000,0.03
961772400000,0.034
961776000000,0.035
961779600000,0.035
961783200000,0.035
961786800000,0.034
961790400000,0.034
961794000000,0.033
961797600000,0.028
961801200000,0.021
961804800000,0.015
961808400000,0.016
961812000000,0.023
961815600000,0.035
961819200000,0.043
961822800000,0.038
961826400000,0.025
961830000000,0.014
961833600000,0.006
961837200000,0.001
961840800000,0.0
961844400000,0.0
961848000000,0.0
961851600000,0.0
961855200000,0.0
961858800000,0.001
961862400000,0.002
961866000000,0.004
961869600000,0.007
961873200000,0.007
961876800000,0.009
961880400000,0.025
961884000000,0.053
961887600000,0.079
961891200000,0.099
961894800000,0.113
961898400000,0.118
961902000000,0.113
961905600000,0.097
961909200000,0.076
961912800000,0.053
961916400000,0.032
961920000000,0.023
961923600000,0.024
961927200000,0.03
961930800000,0.039
961934400000,0.054
961938000000,0.079
961941600000,0.107
961945200000,0.125
961948800000,0.129
961952400000,0.13
961956000000,0.131
961959600000,0.128
961963200000,0.122
961966800000,0.111
961970400000,0.089
961974000000,0.068
961977600000,0.051
961981200000,0.042
961984800000,0.036
961988400000,0.039
961992000000,0.048
961995600000,0.054
961999200000,0.058
962002800000,0.058
962006400000,0.061
962010000000,0.079
962013600000,0.115
962017200000,0.146
962020800000,0.16
962024400000,0.164
962028000000,0.171
962031600000,0.164
962035200000,0.159
962038800000,0.159
962042400000,0.151
962046000000,0.131
962049600000,0.096
962053200000,0.074
962056800000,0.06
962060400000,0.052
962064000000,0.049
962067600000,0.045
962071200000,0.036
962074800000,0.024
962078400000,0.014
962082000000,0.009
962085600000,0.006
962089200000,0.005
962092800000,0.005
962096400000,0.008
962100000000,0.013
962103600000,0.022
962107200000,0.036
962110800000,0.054
962114400000,0.066
962118000000,0.074
962121600000,0.08
962125200000,0.087
962128800000,0.089
962132400000,0.08
962136000000,0.061
962139600000,0.045
962143200000,0.037
962146800000,0.035
962150400000,0.031
962154000000,0.027
962157600000,0.019
962161200000,0.011
962164800000,0.008
962168400000,0.007
962172000000,0.005
962175600000,0.004
962179200000,0.004
962182800000,0.005
962186400000,0.005
962190000000,0.005
962193600000,0.004
962197200000,0.002
962200800000,0.001
962204400000,0.001
962208000000,0.0
962211600000,0.0
962215200000,0.0
962218800000,0.001
962222400000,0.001
962226000000,0.0
962229600000,0.0
962233200000,0.0
962236800000,0.0
962240400000,0.0
962244000000,0.0
962247600000,0.0
962251200000,0.0
962254800000,0.002
962258400000,0.007
962262000000,0.011
962265600000,0.01
962269200000,0.004
962272800000,0.0
962276400000,0.0
962280000000,0.002
962283600000,0.007
962287200000,0.001
962290800000,0.0
962294400000,0.0
962298000000,0.0
962301600000,0.0
962305200000,0.001
962308800000,0.002
962312400000,0.005
962316000000,0.005
962319600000,0.005
962323200000,0.006
962326800000,0.007
962330400000,0.01
962334000000,0.008
962337600000,0.007
962341200000,0.007
962344800000,0.008
962348400000,0.009
962352000000,0.011
962355600000,0.01
962359200000,0.007
962362800000,0.005
962366400000,0.004
962370000000,0.004
962373600000,0.004
962377200000,0.016
962380800000,0.057
962384400000,0.117
962388000000,0.176
962391600000,0.213
962395200000,0.23
962398800000,0.204
962402400000,0.155
962406000000,0.116
962409600000,0.094
962413200000,0.084
962416800000,0.082
962420400000,0.099
962424000000,0.137
962427600000,0.168
962431200000,0.192
962434800000,0.193
962438400000,0.177
962442000000,0.167
962445600000,0.176
962449200000,0.194
962452800000,0.221
962456400000,0.261
962460000000,0.309
962463600000,0.346
962467200000,0.385
962470800000,0.412
962474400000,0.42
962478000000,0.412
962481600000,0.391
962485200000,0.347
962488800000,0.271
962492400000,0.182
962496000000,0.127
962499600000,0.116
962503200000,0.118
962506800000,0.126
962510400000,0.152
962514000000,0.183
962517600000,0.206
962521200000,0.216
962524800000,0.197
962528400000,0.177
962532000000,0.167
962535600000,0.167
962539200000,0.182
962542800000,0.206
962546400000,0.234
962550000000,0.269
962553600000,0.299
962557200000,0.315
962560800000,0.328
962564400000,0.342
962568000000,0.338
962571600000,0.323
962575200000,0.3
962578800000,0.274
962582400000,0.26
962586000000,0.253
962589600000,0.261
962593200000,0.288
962596800000,0.313
962600400000,0.348
962604000000,0.379
962607600000,0.381
962611200000,0.347
962614800000,0.294
962618400000,0.296
962622000000,0.305
962625600000,0.32
962629200000,0.341
962632800000,0.403
962636400000,0.431
962640000000,0.438
962643600000,0.454
962647200000,0.466
962650800000,0.478
962654400000,0.48
962658000000,0.501
962661600000,0.489
962665200000,0.538
962668800000,0.561
962672400000,0.556
962676000000,0.59
962679600000,0.618
962683200000,0.615
962686800000,0.633
962690400000,0.648
962694000000,0.633
962697600000,0.591
962701200000,0.551
962704800000,0.538
962708400000,0.517
962712000000,0.529
962715600000,0.578
962719200000,0.636
962722800000,0.64
962726400000,0.599
962730000000,0.559
962733600000,0.532
962737200000,0.498
962740800000,0.457
962744400000,0.432
962748000000,0.4
962751600000,0.432
962755200000,0.513
962758800000,0.584
962762400000,0.641
962766000000,0.668
962769600000,0.663
962773200000,0.638
962776800000,0.58
962780400000,0.491
962784000000,0.374
962787600000,0.283
962791200000,0.245
962794800000,0.214
962798400000,0.2
962802000000,0.181
962805600000,0.168
962809200000,0.167
962812800000,0.197
962816400000,0.289
962820000000,0.378
962823600000,0.425
962827200000,0.451
962830800000,0.466
962834400000,0.442
962838000000,0.417
962841600000,0.37
962845200000,0.329
962848800000,0.305
962852400000,0.31
962856000000,0.349
962859600000,0.386
962863200000,0.423
962866800000,0.449
962870400000,0.447
962874000000,0.413
962877600000,0.407
962881200000,0.432
962884800000,0.459
962888400000,0.474
962892000000,0.488
962895600000,0.508
962899200000,0.528
962902800000,0.535
962906400000,0.538
962910000000,0.549
962913600000,0.582
962917200000,0.574
962920800000,0.524
962924400000,0.48
962928000000,0.49
962931600000,0.538
962935200000,0.566
962938800000,0.58
962942400000,0.601
962946000000,0.61
962949600000,0.586
962953200000,0.535
962956800000,0.476
962960400000,0.429
962964000000,0.416
962967600000,0.402
962971200000,0.407
962974800000,0.414
962978400000,0.454
962982000000,0.516
962985600000,0.538
962989200000,0.523
962992800000,0.505
962996400000,0.5
963000000000,0.513
963003600000,0.526
963007200000,0.484
963010800000,0.431
963014400000,0.409
963018000000,0.424
963021600000,0.454
963025200000,0.479
963028800000,0.488
963032400000,0.482
963036000000,0.461
963039600000,0.435
963043200000,0.395
963046800000,0.352
963050400000,0.32
963054000000,0.294
963057600000,0.3
963061200000,0.33
963064800000,0.401
963068400000,0.491
963072000000,0.561
963075600000,0.599
963079200000,0.577
963082800000,0.528
963086400000,0.479
963090000000,0.439
963093600000,0.379
963097200000,0.302
963100800000,0.254
963104400000,0.228
963108000000,0.209
963111600000,0.182
963115200000,0.158
963118800000,0.142
963122400000,0.13
963126000000,0.118
963129600000,0.113
963133200000,0.112
963136800000,0.119
963140400000,0.117
963144000000,0.099
963147600000,0.078
963151200000,0.062
963154800000,0.048
963158400000,0.035
963162000000,0.03
963165600000,0.03
963169200000,0.026
963172800000,0.023
963176400000,0.021
963180000000,0.016
963183600000,0.008
963187200000,0.006
963190800000,0.004
963194400000,0.004
963198000000,0.007
963201600000,0.015
963205200000,0.028
963208800000,0.036
963212400000,0.039
963216000000,0.04
963219600000,0.032
963223200000,0.022
963226800000,0.012
963230400000,0.009
963234000000,0.009
963237600000,0.01
963241200000,0.017
963244800000,0.029
963248400000,0.04
963252000000,0.05
963255600000,0.061
963259200000,0.066
963262800000,0.055
963266400000,0.035
963270000000,0.017
963273600000,0.007
963277200000,0.003
963280800000,0.002
963284400000,0.002
963288000000,0.003
963291600000,0.004
963295200000,0.004
963298800000,0.002
963302400000,0.001
963306000000,0.001
963309600000,0.002
963313200000,0.009
963316800000,0.025
963320400000,0.041
963324000000,0.076
963327600000,0.132
963331200000,0.201
963334800000,0.299
963338400000,0.421
963342000000,0.556
963345600000,0.676
963349200000,0.653
963352800000,0.53
963356400000,0.364
963360000000,0.284
963363600000,0.228
963367200000,0.211
963370800000,0.213
963374400000,0.203
963378000000,0.173
963381600000,0.167
963385200000,0.209
963388800000,0.267
963392400000,0.332
963396000000,0.448
963399600000,0.591
963403200000,0.686
963406800000,0.704
963410400000,0.693
963414000000,0.719
963417600000,0.732
963421200000,0.724
963424800000,0.713
963428400000,0.698
963432000000,0.668
963435600000,0.607
963439200000,0.586
963442800000,0.572
963446400000,0.56
963450000000,0.541
963453600000,0.568
963457200000,0.645
963460800000,0.703
963464400000,0.74
963468000000,0.773
963471600000,0.795
963475200000,0.791
963478800000,0.776
963482400000,0.754
963486000000,0.726
963489600000,0.737
963493200000,0.738
963496800000,0.71
963500400000,0.69
963504000000,0.701
963507600000,0.726
963511200000,0.772
963514800000,0.811
963518400000,0.824
963522000000,0.814
963525600000,0.739
963529200000,0.745
963532800000,0.802
963536400000,0.85
963540000000,0.866
963543600000,0.858
963547200000,0.846
963550800000,0.829
963554400000,0.812
963558000000,0.779
963561600000,0.708
963565200000,0.639
963568800000,0.598
963572400000,0.609
963576000000,0.64
963579600000,0.677
963583200000,0.709
963586800000,0.72
963590400000,0.714
963594000000,0.685
963597600000,0.663
963601200000,0.65
963604800000,0.648
963608400000,0.644
963612000000,0.61
963615600000,0.607
963619200000,0.646
963622800000,0.637
963626400000,0.574
963630000000,0.479
963633600000,0.391
963637200000,0.327
963640800000,0.271
963644400000,0.22
963648000000,0.166
963651600000,0.119
963655200000,0.077
963658800000,0.045
963662400000,0.027
963666000000,0.019
963669600000,0.012
963673200000,0.009
963676800000,0.01
963680400000,0.013
963684000000,0.013
963687600000,0.013
963691200000,0.01
963694800000,0.007
963698400000,0.005
963702000000,0.004
963705600000,0.005
963709200000,0.004
963712800000,0.002
963716400000,0.0
963720000000,0.0
963723600000,0.0
963727200000,0.0
963730800000,0.0
963734400000,0.0
963738000000,0.0
963741600000,0.0
963745200000,0.0
963748800000,0.0
963752400000,0.001
963756000000,0.002
963759600000,0.001
963763200000,0.0
963766800000,0.0
963770400000,0.0
963774000000,0.0
963777600000,0.0
963781200000,0.0
963784800000,0.0
963788400000,0.0
963792000000,0.0
963795600000,0.0
963799200000,0.003
963802800000,0.016
963806400000,0.035
963810000000,0.049
963813600000,0.055
963817200000,0.057
963820800000,0.059
963824400000,0.054
963828000000,0.045
963831600000,0.039
963835200000,0.039
963838800000,0.043
963842400000,0.049
963846000000,0.068
963849600000,0.091
963853200000,0.113
963856800000,0.126
963860400000,0.124
963864000000,0.104
963867600000,0.07
963871200000,0.035
963874800000,0.016
963878400000,0.008
963882000000,0.002
963885600000,0.001
963889200000,0.002
963892800000,0.009
963896400000,0.023
963900000000,0.045
963903600000,0.065
963907200000,0.074
963910800000,0.084
963914400000,0.11
963918000000,0.149
963921600000,0.207
963925200000,0.272
963928800000,0.319
963932400000,0.341
963936000000,0.342
963939600000,0.328
963943200000,0.308
963946800000,0.291
963950400000,0.282
963954000000,0.286
963957600000,0.258
963961200000,0.236
963964800000,0.249
963968400000,0.233
963972000000,0.192
963975600000,0.192
963979200000,0.227
963982800000,0.251
963986400000,0.255
963990000000,0.241
963993600000,0.223
963997200000,0.227
964000800000,0.254
964004400000,0.273
964008000000,0.286
964011600000,0.316
964015200000,0.35
964018800000,0.379
964022400000,0.391
964026000000,0.369
964029600000,0.328
964033200000,0.291
964036800000,0.241
964040400000,0.193
964044000000,0.147
964047600000,0.132
964051200000,0.15
964054800000,0.208
964058400000,0.281
964062000000,0.294
964065600000,0.272
964069200000,0.266
964072800000,0.264
964076400000,0.245
964080000000,0.239
964083600000,0.274
964087200000,0.314
964090800000,0.328
964094400000,0.367
964098000000,0.422
964101600000,0.488
964105200000,0.513
964108800000,0.506
964112400000,0.52
964116000000,0.537
964119600000,0.537
964123200000,0.508
964126800000,0.408
964130400000,0.315
964134000000,0.276
964137600000,0.202
964141200000,0.144
964144800000,0.118
964148400000,0.101
964152000000,0.11
964155600000,0.139
964159200000,0.16
964162800000,0.167
964166400000,0.156
964170000000,0.162
964173600000,0.168
964177200000,0.179
964180800000,0.213
964184400000,0.235
964188000000,0.255
964191600000,0.27
964195200000,0.282
964198800000,0.283
964202400000,0.27
964206000000,0.254
964209600000,0.234
964213200000,0.233
964216800000,0.233
964220400000,0.217
964224000000,0.222
964227600000,0.231
964231200000,0.249
964234800000,0.279
964238400000,0.286
964242000000,0.294
964245600000,0.285
964249200000,0.249
964252800000,0.198
964256400000,0.183
964260000000,0.194
964263600000,0.2
964267200000,0.214
964270800000,0.234
964274400000,0.261
964278000000,0.302
964281600000,0.332
964285200000,0.345
964288800000,0.346
964292400000,0.353
964296000000,0.355
964299600000,0.337
964303200000,0.295
964306800000,0.264
964310400000,0.244
964314000000,0.217
964317600000,0.185
964321200000,0.164
964324800000,0.154
964328400000,0.147
964332000000,0.129
964335600000,0.109
964339200000,0.093
964342800000,0.1
964346400000,0.118
964350000000,0.139
964353600000,0.172
964357200000,0.199
964360800000,0.21
964364400000,0.212
964368000000,0.203
964371600000,0.228
964375200000,0.245
964378800000,0.211
964382400000,0.181
964386000000,0.155
964389600000,0.136
964393200000,0.127
964396800000,0.122
964400400000,0.117
964404000000,0.106
964407600000,0.085
964411200000,0.06
964414800000,0.041
964418400000,0.028
964422000000,0.018
964425600000,0.01
964429200000,0.005
964432800000,0.003
964436400000,0.002
964440000000,0.003
964443600000,0.004
964447200000,0.007
964450800000,0.008
964454400000,0.013
964458000000,0.022
964461600000,0.025
964465200000,0.025
964468800000,0.026
964472400000,0.028
964476000000,0.025
964479600000,0.015
964483200000,0.008
964486800000,0.003
964490400000,0.001
964494000000,0.001
964497600000,0.001
964501200000,0.002
964504800000,0.005
964508400000,0.007
964512000000,0.009
964515600000,0.011
964519200000,0.013
964522800000,0.012
964526400000,0.009
964530000000,0.011
964533600000,0.017
964537200000,0.025
964540800000,0.028
964544400000,0.03
964548000000,0.03
964551600000,0.023
964555200000,0.014
964558800000,0.009
964562400000,0.006
964566000000,0.002
964569600000,0.001
964573200000,0.0
964576800000,0.0
964580400000,0.0
964584000000,0.0
964587600000,0.001
964591200000,0.004
964594800000,0.011
964598400000,0.026
964602000000,0.043
964605600000,0.059
964609200000,0.068
964612800000,0.078
964616400000,0.09
964620000000,0.101
964623600000,0.103
964627200000,0.097
964630800000,0.091
964634400000,0.083
964638000000,0.076
964641600000,0.068
964645200000,0.074
964648800000,0.082
964652400000,0.086
964656000000,0.096
964659600000,0.097
964663200000,0.1
964666800000,0.091
964670400000,0.075
964674000000,0.062
964677600000,0.05
964681200000,0.033
964684800000,0.022
964688400000,0.018
964692000000,0.019
964695600000,0.02
964699200000,0.023
964702800000,0.023
964706400000,0.029
964710000000,0.045
964713600000,0.068
964717200000,0.094
964720800000,0.104
964724400000,0.093
964728000000,0.08
964731600000,0.074
964735200000,0.061
964738800000,0.04
964742400000,0.03
964746000000,0.024
964749600000,0.021
964753200000,0.015
964756800000,0.01
964760400000,0.007
964764000000,0.003
964767600000,0.001
964771200000,0.001
964774800000,0.0
964778400000,0.0
964782000000,0.0
964785600000,0.0
964789200000,0.004
964792800000,0.015
964796400000,0.021
964800000000,0.022
964803600000,0.027
964807200000,0.031
964810800000,0.03
964814400000,0.033
964818000000,0.034
964821600000,0.034
964825200000,0.029
964828800000,0.025
964832400000,0.018
964836000000,0.006
964839600000,0.002
964843200000,0.0
964846800000,0.0
964850400000,0.0
964854000000,0.0
964857600000,0.0
964861200000,0.0
964864800000,0.0
964868400000,0.0
964872000000,0.003
964875600000,0.006
964879200000,0.002
964882800000,0.001
964886400000,0.001
964890000000,0.0
964893600000,0.0
964897200000,0.0
964900800000,0.0
964904400000,0.0
964908000000,0.0
964911600000,0.0
964915200000,0.0
964918800000,0.0
964922400000,0.0
964926000000,0.0
964929600000,0.0
964933200000,0.0
964936800000,0.0
964940400000,0.0
964944000000,0.0
964947600000,0.0
964951200000,0.0
964954800000,0.0
964958400000,0.0
964962000000,0.0
964965600000,0.0
964969200000,0.001
964972800000,0.004
964976400000,0.01
964980000000,0.019
964983600000,0.038
964987200000,0.074
964990800000,0.119
964994400000,0.152
964998000000,0.164
965001600000,0.169
965005200000,0.162
965008800000,0.144
965012400000,0.106
965016000000,0.065
965019600000,0.032
965023200000,0.011
965026800000,0.004
965030400000,0.004
965034000000,0.008
965037600000,0.012
965041200000,0.022
965044800000,0.033
965048400000,0.044
965052000000,0.047
965055600000,0.046
965059200000,0.041
965062800000,0.033
965066400000,0.024
965070000000,0.017
965073600000,0.013
965077200000,0.008
965080800000,0.002
965084400000,0.0
965088000000,0.0
965091600000,0.0
965095200000,0.0
965098800000,0.0
965102400000,0.0
965106000000,0.0
965109600000,0.0
965113200000,0.0
965116800000,0.002
965120400000,0.007
965124000000,0.019
965127600000,0.039
965131200000,0.067
965134800000,0.075
965138400000,0.071
965142000000,0.066
965145600000,0.055
965149200000,0.035
965152800000,0.024
965156400000,0.021
965160000000,0.018
965163600000,0.012
965167200000,0.003
965170800000,0.0
965174400000,0.0
965178000000,0.0
965181600000,0.0
965185200000,0.001
965188800000,0.014
965192400000,0.046
965196000000,0.068
965199600000,0.068
965203200000,0.057
965206800000,0.041
965210400000,0.027
965214000000,0.016
965217600000,0.01
965221200000,0.008
965224800000,0.011
965228400000,0.02
965232000000,0.035
965235600000,0.051
965239200000,0.063
965242800000,0.067
965246400000,0.061
965250000000,0.052
965253600000,0.037
965257200000,0.028
965260800000,0.026
965264400000,0.027
965268000000,0.028
965271600000,0.028
965275200000,0.032
965278800000,0.037
965282400000,0.039
965286000000,0.038
965289600000,0.036
965293200000,0.04
965296800000,0.051
965300400000,0.067
965304000000,0.081
965307600000,0.079
965311200000,0.073
965314800000,0.068
965318400000,0.072
965322000000,0.089
965325600000,0.111
965329200000,0.118
965332800000,0.117
965336400000,0.1
965340000000,0.063
965343600000,0.052
965347200000,0.059
965350800000,0.07
965354400000,0.09
965358000000,0.135
965361600000,0.181
965365200000,0.21
965368800000,0.207
965372400000,0.167
965376000000,0.128
965379600000,0.106
965383200000,0.097
965386800000,0.093
965390400000,0.097
965394000000,0.1
965397600000,0.11
965401200000,0.123
965404800000,0.136
965408400000,0.145
965412000000,0.144
965415600000,0.13
965419200000,0.108
965422800000,0.096
965426400000,0.091
965430000000,0.083
965433600000,0.073
965437200000,0.072
965440800000,0.077
965444400000,0.072
965448000000,0.063
965451600000,0.054
965455200000,0.04
965458800000,0.026
965462400000,0.018
965466000000,0.018
965469600000,0.017
965473200000,0.011
965476800000,0.006
965480400000,0.003
965484000000,0.001
965487600000,0.001
965491200000,0.004
965494800000,0.009
965498400000,0.017
965502000000,0.025
965505600000,0.035
965509200000,0.039
965512800000,0.031
965516400000,0.022
965520000000,0.018
965523600000,0.017
965527200000,0.016
965530800000,0.014
965534400000,0.012
965538000000,0.011
965541600000,0.009
965545200000,0.006
965548800000,0.003
965552400000,0.002
965556000000,0.001
965559600000,0.0
965563200000,0.0
965566800000,0.0
965570400000,0.0
965574000000,0.0
965577600000,0.001
965581200000,0.004
965584800000,0.008
965588400000,0.012
965592000000,0.016
965595600000,0.014
965599200000,0.008
965602800000,0.005
965606400000,0.003
965610000000,0.001
965613600000,0.0
965617200000,0.0
965620800000,0.0
965624400000,0.0
965628000000,0.0
965631600000,0.0
965635200000,0.0
965638800000,0.0
965642400000,0.0
965646000000,0.0
965649600000,0.0
965653200000,0.0
965656800000,0.0
965660400000,0.001
965664000000,0.0
965667600000,0.0
965671200000,0.0
965674800000,0.0
965678400000,0.0
965682000000,0.0
965685600000,0.0
965689200000,0.0
965692800000,0.0
965696400000,0.0
965700000000,0.0
965703600000,0.0
965707200000,0.0
965710800000,0.0
965714400000,0.0
965718000000,0.0
965721600000,0.0
965725200000,0.0
965728800000,0.0
965732400000,0.0
965736000000,0.001
965739600000,0.002
965743200000,0.005
965746800000,0.01
965750400000,0.013
965754000000,0.016
965757600000,0.017
965761200000,0.014
965764800000,0.01
965768400000,0.008
965772000000,0.005
965775600000,0.002
965779200000,0.001
965782800000,0.0
965786400000,0.0
965790000000,0.0
965793600000,0.0
965797200000,0.0
965800800000,0.0
965804400000,0.0
965808000000,0.0
965811600000,0.0
965815200000,0.004
965818800000,0.014
965822400000,0.028
965826000000,0.038
965829600000,0.047
965833200000,0.05
965836800000,0.041
965840400000,0.026
965844000000,0.012
965847600000,0.007
965851200000,0.007
965854800000,0.015
965858400000,0.035
965862000000,0.048
965865600000,0.048
965869200000,0.045
965872800000,0.041
965876400000,0.036
965880000000,0.026
965883600000,0.016
965887200000,0.011
965890800000,0.006
965894400000,0.002
965898000000,0.002
965901600000,0.012
965905200000,0.005
965908800000,0.0
965912400000,0.0
965916000000,0.0
965919600000,0.001
965923200000,0.001
965926800000,0.0
965930400000,0.0
965934000000,0.0
965937600000,0.0
965941200000,0.0
965944800000,0.0
965948400000,0.003
965952000000,0.011
965955600000,0.034
965959200000,0.074
965962800000,0.107
965966400000,0.133
965970000000,0.157
965973600000,0.164
965977200000,0.163
965980800000,0.158
965984400000,0.153
965988000000,0.155
965991600000,0.161
965995200000,0.169
965998800000,0.192
966002400000,0.213
966006000000,0.181
966009600000,0.142
966013200000,0.112
966016800000,0.08
966020400000,0.059
966024000000,0.028
966027600000,0.018
966031200000,0.033
966034800000,0.054
966038400000,0.091
966042000000,0.14
966045600000,0.194
966049200000,0.227
966052800000,0.238
966056400000,0.248
966060000000,0.253
966063600000,0.252
966067200000,0.245
966070800000,0.245
966074400000,0.221
966078000000,0.167
966081600000,0.144
966085200000,0.156
966088800000,0.182
966092400000,0.213
966096000000,0.252
966099600000,0.294
966103200000,0.35
966106800000,0.407
966110400000,0.412
966114000000,0.368
966117600000,0.301
966121200000,0.257
966124800000,0.228
966128400000,0.22
966132000000,0.225
966135600000,0.204
966139200000,0.187
966142800000,0.172
966146400000,0.134
966150000000,0.099
966153600000,0.117
966157200000,0.14
966160800000,0.139
966164400000,0.116
966168000000,0.12
966171600000,0.149
966175200000,0.152
966178800000,0.141
966182400000,0.146
966186000000,0.139
966189600000,0.115
966193200000,0.095
966196800000,0.084
966200400000,0.088
966204000000,0.083
966207600000,0.068
966211200000,0.058
966214800000,0.054
966218400000,0.054
966222000000,0.047
966225600000,0.038
966229200000,0.03
966232800000,0.025
966236400000,0.018
966240000000,0.011
966243600000,0.004
966247200000,0.001
966250800000,0.0
966254400000,0.0
966258000000,0.0
966261600000,0.0
966265200000,0.0
966268800000,0.0
966272400000,0.0
966276000000,0.0
966279600000,0.0
966283200000,0.004
966286800000,0.024
966290400000,0.047
966294000000,0.068
966297600000,0.086
966301200000,0.107
966304800000,0.122
966308400000,0.155
966312000000,0.183
966315600000,0.205
966319200000,0.214
966322800000,0.226
966326400000,0.259
966330000000,0.312
966333600000,0.361
966337200000,0.37
966340800000,0.362
966344400000,0.355
966348000000,0.347
966351600000,0.311
966355200000,0.247
966358800000,0.189
966362400000,0.154
966366000000,0.129
966369600000,0.114
966373200000,0.14
966376800000,0.168
966380400000,0.179
966384000000,0.209
966387600000,0.3
966391200000,0.426
966394800000,0.52
966398400000,0.566
966402000000,0.592
966405600000,0.568
966409200000,0.502
966412800000,0.435
966416400000,0.398
966420000000,0.377
966423600000,0.391
966427200000,0.464
966430800000,0.483
966434400000,0.343
966438000000,0.315
966441600000,0.302
966445200000,0.315
966448800000,0.294
966452400000,0.265
966456000000,0.205
966459600000,0.159
966463200000,0.113
966466800000,0.065
966470400000,0.037
966474000000,0.013
966477600000,0.01
966481200000,0.017
966484800000,0.006
966488400000,0.071
966492000000,0.305
966495600000,0.532
966499200000,0.653
966502800000,0.683
966506400000,0.776
966510000000,0.834
966513600000,0.881
966517200000,0.935
966520800000,0.955
966524400000,0.968
966528000000,0.975
966531600000,0.969
966535200000,0.964
966538800000,0.947
966542400000,0.906
966546000000,0.839
966549600000,0.807
966553200000,0.8
966556800000,0.791
966560400000,0.783
966564000000,0.784
966567600000,0.813
966571200000,0.854
966574800000,0.883
966578400000,0.891
966582000000,0.866
966585600000,0.809
966589200000,0.77
966592800000,0.782
966596400000,0.835
966600000000,0.827
966603600000,0.786
966607200000,0.799
966610800000,0.813
966614400000,0.802
966618000000,0.778
966621600000,0.763
966625200000,0.756
966628800000,0.762
966632400000,0.781
966636000000,0.772
966639600000,0.788
966643200000,0.837
966646800000,0.873
966650400000,0.897
966654000000,0.903
966657600000,0.9
966661200000,0.897
966664800000,0.894
966668400000,0.883
966672000000,0.829
966675600000,0.705
966679200000,0.607
966682800000,0.555
966686400000,0.505
966690000000,0.459
966693600000,0.428
966697200000,0.441
966700800000,0.446
966704400000,0.444
966708000000,0.464
966711600000,0.501
966715200000,0.534
966718800000,0.559
966722400000,0.538
966726000000,0.575
966729600000,0.635
966733200000,0.682
966736800000,0.723
966740400000,0.768
966744000000,0.797
966747600000,0.8
966751200000,0.769
966754800000,0.699
966758400000,0.585
966762000000,0.457
966765600000,0.367
966769200000,0.316
966772800000,0.293
966776400000,0.266
966780000000,0.246
966783600000,0.258
966787200000,0.309
966790800000,0.373
966794400000,0.431
966798000000,0.473
966801600000,0.502
966805200000,0.496
966808800000,0.458
966812400000,0.435
966816000000,0.46
966819600000,0.5
966823200000,0.538
966826800000,0.587
966830400000,0.643
966834000000,0.667
966837600000,0.637
966841200000,0.56
966844800000,0.43
966848400000,0.328
966852000000,0.318
966855600000,0.367
966859200000,0.423
966862800000,0.445
966866400000,0.447
966870000000,0.454
966873600000,0.462
966877200000,0.442
966880800000,0.425
966884400000,0.395
966888000000,0.376
966891600000,0.362
966895200000,0.3
966898800000,0.266
966902400000,0.302
966906000000,0.325
966909600000,0.32
966913200000,0.324
966916800000,0.332
966920400000,0.33
966924000000,0.304
966927600000,0.254
966931200000,0.189
966934800000,0.149
966938400000,0.094
966942000000,0.073
966945600000,0.059
966949200000,0.052
966952800000,0.058
966956400000,0.084
966960000000,0.127
966963600000,0.184
966967200000,0.237
966970800000,0.264
966974400000,0.251
966978000000,0.192
966981600000,0.106
966985200000,0.047
966988800000,0.029
966992400000,0.026
966996000000,0.038
966999600000,0.049
967003200000,0.062
967006800000,0.069
967010400000,0.078
967014000000,0.088
967017600000,0.096
967021200000,0.079
967024800000,0.056
967028400000,0.035
967032000000,0.022
967035600000,0.011
967039200000,0.005
967042800000,0.003
967046400000,0.004
967050000000,0.005
967053600000,0.006
967057200000,0.005
967060800000,0.005
967064400000,0.006
967068000000,0.007
967071600000,0.007
967075200000,0.008
967078800000,0.011
967082400000,0.013
967086000000,0.014
967089600000,0.013
967093200000,0.017
967096800000,0.025
967100400000,0.03
967104000000,0.035
967107600000,0.054
967111200000,0.09
967114800000,0.118
967118400000,0.111
967122000000,0.084
967125600000,0.075
967129200000,0.086
967132800000,0.101
967136400000,0.112
967140000000,0.123
967143600000,0.128
967147200000,0.131
967150800000,0.133
967154400000,0.154
967158000000,0.192
967161600000,0.263
967165200000,0.344
967168800000,0.42
967172400000,0.447
967176000000,0.437
967179600000,0.4
967183200000,0.349
967186800000,0.29
967190400000,0.233
967194000000,0.216
967197600000,0.243
967201200000,0.293
967204800000,0.376
967208400000,0.461
967212000000,0.538
967215600000,0.536
967219200000,0.525
967222800000,0.549
967226400000,0.551
967230000000,0.527
967233600000,0.517
967237200000,0.525
967240800000,0.504
967244400000,0.459
967248000000,0.442
967251600000,0.424
967255200000,0.399
967258800000,0.402
967262400000,0.442
967266000000,0.482
967269600000,0.494
967273200000,0.479
967276800000,0.441
967280400000,0.391
967284000000,0.344
967287600000,0.305
967291200000,0.27
967294800000,0.248
967298400000,0.251
967302000000,0.3
967305600000,0.355
967309200000,0.391
967312800000,0.406
967316400000,0.401
967320000000,0.379
967323600000,0.337
967327200000,0.286
967330800000,0.243
967334400000,0.241
967338000000,0.251
967341600000,0.273
967345200000,0.312
967348800000,0.368
967352400000,0.425
967356000000,0.459
967359600000,0.476
967363200000,0.467
967366800000,0.447
967370400000,0.446
967374000000,0.458
967377600000,0.471
967381200000,0.484
967384800000,0.498
967388400000,0.525
967392000000,0.558
967395600000,0.578
967399200000,0.581
967402800000,0.568
967406400000,0.544
967410000000,0.503
967413600000,0.467
967417200000,0.475
967420800000,0.522
967424400000,0.559
967428000000,0.588
967431600000,0.644
967435200000,0.683
967438800000,0.682
967442400000,0.686
967446000000,0.689
967449600000,0.668
967453200000,0.642
967456800000,0.598
967460400000,0.54
967464000000,0.524
967467600000,0.544
967471200000,0.565
967474800000,0.576
967478400000,0.585
967482000000,0.591
967485600000,0.576
967489200000,0.552
967492800000,0.561
967496400000,0.615
967500000000,0.634
967503600000,0.658
967507200000,0.726
967510800000,0.77
967514400000,0.8
967518000000,0.815
967521600000,0.827
967525200000,0.846
967528800000,0.854
967532400000,0.84
967536000000,0.776
967539600000,0.69
967543200000,0.643
967546800000,0.618
967550400000,0.624
967554000000,0.645
967557600000,0.642
967561200000,0.613
967564800000,0.575
967568400000,0.546
967572000000,0.517
967575600000,0.492
967579200000,0.481
967582800000,0.494
967586400000,0.472
967590000000,0.422
967593600000,0.41
967597200000,0.417
967600800000,0.391
967604400000,0.374
967608000000,0.374
967611600000,0.374
967615200000,0.363
967618800000,0.323
967622400000,0.285
967626000000,0.278
967629600000,0.276
967633200000,0.27
967636800000,0.265
967640400000,0.252
967644000000,0.221
967647600000,0.225
967651200000,0.289
967654800000,0.327
967658400000,0.343
967662000000,0.326
967665600000,0.272
967669200000,0.219
967672800000,0.176
967676400000,0.131
967680000000,0.108
967683600000,0.094
967687200000,0.096
967690800000,0.119
967694400000,0.129
967698000000,0.113
967701600000,0.101
967705200000,0.09
967708800000,0.079
967712400000,0.074
967716000000,0.079
967719600000,0.083
967723200000,0.084
967726800000,0.081
967730400000,0.082
967734000000,0.077
967737600000,0.067
967741200000,0.058
967744800000,0.052
967748400000,0.05
967752000000,0.053
967755600000,0.054
967759200000,0.053
967762800000,0.047
967766400000,0.044
967770000000,0.039
967773600000,0.034
967777200000,0.028
967780800000,0.021
967784400000,0.018
967788000000,0.017
967791600000,0.018
967795200000,0.019
967798800000,0.024
967802400000,0.03
967806000000,0.035
967809600000,0.044
967813200000,0.059
967816800000,0.084
967820400000,0.093
967824000000,0.086
967827600000,0.078
967831200000,0.07
967834800000,0.067
967838400000,0.067
967842000000,0.074
967845600000,0.086
967849200000,0.084
967852800000,0.078
967856400000,0.078
967860000000,0.093
967863600000,0.114
967867200000,0.135
967870800000,0.157
967874400000,0.181
967878000000,0.2
967881600000,0.212
967885200000,0.245
967888800000,0.272
967892400000,0.282
967896000000,0.283
967899600000,0.276
967903200000,0.266
967906800000,0.265
967910400000,0.266
967914000000,0.272
967917600000,0.281
967921200000,0.3
967924800000,0.328
967928400000,0.348
967932000000,0.355
967935600000,0.329
967939200000,0.325
967942800000,0.32
967946400000,0.297
967950000000,0.278
967953600000,0.251
967957200000,0.221
967960800000,0.203
967964400000,0.199
967968000000,0.208
967971600000,0.214
967975200000,0.204
967978800000,0.192
967982400000,0.183
967986000000,0.196
967989600000,0.23
967993200000,0.277
967996800000,0.32
968000400000,0.337
968004000000,0.332
968007600000,0.302
968011200000,0.262
968014800000,0.224
968018400000,0.208
968022000000,0.203
968025600000,0.236
968029200000,0.273
968032800000,0.282
968036400000,0.311
968040000000,0.408
968043600000,0.503
968047200000,0.543
968050800000,0.547
968054400000,0.544
968058000000,0.539
968061600000,0.504
968065200000,0.475
968068800000,0.466
968072400000,0.482
968076000000,0.506
968079600000,0.545
968083200000,0.574
968086800000,0.592
968090400000,0.59
968094000000,0.562
968097600000,0.527
968101200000,0.495
968104800000,0.46
968108400000,0.469
968112000000,0.519
968115600000,0.574
968119200000,0.618
968122800000,0.668
968126400000,0.711
968130000000,0.739
968133600000,0.754
968137200000,0.755
968140800000,0.74
968144400000,0.712
968148000000,0.672
968151600000,0.624
968155200000,0.586
968158800000,0.574
968162400000,0.586
968166000000,0.615
968169600000,0.621
968173200000,0.599
968176800000,0.56
968180400000,0.53
968184000000,0.506
968187600000,0.481
968191200000,0.457
968194800000,0.433
968198400000,0.494
968202000000,0.556
968205600000,0.586
968209200000,0.633
968212800000,0.7
968216400000,0.725
968220000000,0.697
968223600000,0.618
968227200000,0.514
968230800000,0.448
968234400000,0.41
968238000000,0.379
968241600000,0.367
968245200000,0.368
968248800000,0.386
968252400000,0.364
968256000000,0.298
968259600000,0.249
968263200000,0.225
968266800000,0.209
968270400000,0.179
968274000000,0.162
968277600000,0.155
968281200000,0.144
968284800000,0.158
968288400000,0.197
968292000000,0.26
968295600000,0.302
968299200000,0.309
968302800000,0.311
968306400000,0.314
968310000000,0.294
968313600000,0.249
968317200000,0.231
968320800000,0.252
968324400000,0.274
968328000000,0.312
968331600000,0.36
968335200000,0.4
968338800000,0.438
968342400000,0.485
968346000000,0.516
968349600000,0.529
968353200000,0.525
968356800000,0.522
968360400000,0.509
968364000000,0.451
968367600000,0.388
968371200000,0.391
968374800000,0.4
968378400000,0.407
968382000000,0.416
968385600000,0.418
968389200000,0.428
968392800000,0.433
968396400000,0.417
968400000000,0.401
968403600000,0.398
968407200000,0.384
968410800000,0.386
968414400000,0.386
968418000000,0.34
968421600000,0.285
968425200000,0.272
968428800000,0.278
968432400000,0.295
968436000000,0.311
968439600000,0.32
968443200000,0.309
968446800000,0.27
968450400000,0.234
968454000000,0.22
968457600000,0.254
968461200000,0.302
968464800000,0.309
968468400000,0.295
968472000000,0.274
968475600000,0.27
968479200000,0.253
968482800000,0.227
968486400000,0.188
968490000000,0.169
968493600000,0.159
968497200000,0.156
968500800000,0.158
968504400000,0.166
968508000000,0.179
968511600000,0.211
968515200000,0.252
968518800000,0.28
968522400000,0.3
968526000000,0.325
968529600000,0.33
968533200000,0.328
968536800000,0.332
968540400000,0.349
968544000000,0.374
968547600000,0.4
968551200000,0.431
968554800000,0.444
968558400000,0.454
968562000000,0.454
968565600000,0.435
968569200000,0.401
968572800000,0.348
968576400000,0.332
968580000000,0.364
968583600000,0.394
968587200000,0.413
968590800000,0.42
968594400000,0.425
968598000000,0.431
968601600000,0.437
968605200000,0.437
968608800000,0.45
968612400000,0.469
968616000000,0.481
968619600000,0.488
968623200000,0.482
968626800000,0.523
968630400000,0.578
968634000000,0.607
968637600000,0.63
968641200000,0.675
968644800000,0.713
968648400000,0.733
968652000000,0.744
968655600000,0.735
968659200000,0.697
968662800000,0.62
968666400000,0.56
968670000000,0.516
968673600000,0.491
968677200000,0.491
968680800000,0.498
968684400000,0.51
968688000000,0.525
968691600000,0.544
968695200000,0.554
968698800000,0.55
968702400000,0.544
968706000000,0.562
968709600000,0.576
968713200000,0.6
968716800000,0.651
968720400000,0.71
968724000000,0.761
968727600000,0.777
968731200000,0.772
968734800000,0.765
968738400000,0.746
968742000000,0.716
968745600000,0.685
968749200000,0.668
968752800000,0.639
968756400000,0.601
968760000000,0.599
968763600000,0.613
968767200000,0.622
968770800000,0.613
968774400000,0.592
968778000000,0.602
968781600000,0.607
968785200000,0.604
968788800000,0.601
968792400000,0.602
968796000000,0.585
968799600000,0.601
968803200000,0.638
968806800000,0.661
968810400000,0.661
968814000000,0.657
968817600000,0.654
968821200000,0.658
968824800000,0.661
968828400000,0.644
968832000000,0.618
968835600000,0.59
968839200000,0.58
968842800000,0.56
968846400000,0.546
968850000000,0.552
968853600000,0.574
968857200000,0.579
968860800000,0.586
968864400000,0.586
968868000000,0.574
968871600000,0.568
968875200000,0.555
968878800000,0.552
968882400000,0.536
968886000000,0.591
968889600000,0.669
968893200000,0.72
968896800000,0.761
968900400000,0.788
968904000000,0.794
968907600000,0.785
968911200000,0.772
968914800000,0.748
968918400000,0.698
968922000000,0.624
968925600000,0.554
968929200000,0.51
968932800000,0.491
968936400000,0.486
968940000000,0.493
968943600000,0.494
968947200000,0.481
968950800000,0.474
968954400000,0.449
968958000000,0.414
968961600000,0.371
968965200000,0.337
968968800000,0.293
968972400000,0.248
968976000000,0.227
968979600000,0.214
968983200000,0.199
968986800000,0.184
968990400000,0.157
968994000000,0.126
968997600000,0.088
969001200000,0.054
969004800000,0.028
969008400000,0.011
969012000000,0.003
969015600000,0.002
969019200000,0.006
969022800000,0.012
969026400000,0.014
969030000000,0.006
969033600000,0.002
969037200000,0.0
969040800000,0.0
969044400000,0.0
969048000000,0.0
969051600000,0.0
969055200000,0.0
969058800000,0.0
969062400000,0.0
969066000000,0.0
969069600000,0.0
969073200000,0.0
969076800000,0.0
969080400000,0.001
969084000000,0.001
969087600000,0.004
969091200000,0.012
969094800000,0.029
969098400000,0.058
969102000000,0.08
969105600000,0.099
969109200000,0.109
969112800000,0.116
969116400000,0.124
969120000000,0.128
969123600000,0.13
969127200000,0.133
969130800000,0.145
969134400000,0.168
969138000000,0.176
969141600000,0.167
969145200000,0.144
969148800000,0.118
969152400000,0.094
969156000000,0.064
969159600000,0.044
969163200000,0.038
969166800000,0.039
969170400000,0.047
969174000000,0.061
969177600000,0.078
969181200000,0.1
969184800000,0.122
969188400000,0.163
969192000000,0.196
969195600000,0.202
969199200000,0.204
969202800000,0.188
969206400000,0.168
969210000000,0.16
969213600000,0.161
969217200000,0.162
969220800000,0.155
969224400000,0.139
969228000000,0.103
969231600000,0.066
969235200000,0.043
969238800000,0.027
969242400000,0.019
969246000000,0.018
969249600000,0.02
969253200000,0.024
969256800000,0.026
969260400000,0.032
969264000000,0.04
969267600000,0.057
969271200000,0.073
969274800000,0.081
969278400000,0.087
969282000000,0.093
969285600000,0.093
969289200000,0.086
969292800000,0.072
969296400000,0.06
969300000000,0.054
969303600000,0.058
969307200000,0.069
969310800000,0.085
969314400000,0.095
969318000000,0.086
969321600000,0.083
969325200000,0.087
969328800000,0.094
969332400000,0.108
969336000000,0.114
969339600000,0.118
969343200000,0.12
969346800000,0.134
969350400000,0.175
969354000000,0.279
969357600000,0.398
969361200000,0.469
969364800000,0.508
969368400000,0.529
969372000000,0.535
969375600000,0.487
969379200000,0.396
969382800000,0.299
969386400000,0.224
969390000000,0.176
969393600000,0.148
969397200000,0.122
969400800000,0.099
969404400000,0.085
969408000000,0.087
969411600000,0.084
969415200000,0.084
969418800000,0.083
969422400000,0.085
969426000000,0.084
969429600000,0.081
969433200000,0.083
969436800000,0.098
969440400000,0.151
969444000000,0.24
969447600000,0.32
969451200000,0.369
969454800000,0.376
969458400000,0.352
969462000000,0.304
969465600000,0.251
969469200000,0.206
969472800000,0.165
969476400000,0.138
969480000000,0.131
969483600000,0.126
969487200000,0.112
969490800000,0.084
969494400000,0.061
969498000000,0.044
969501600000,0.03
969505200000,0.022
969508800000,0.014
969512400000,0.008
969516000000,0.005
969519600000,0.004
969523200000,0.004
969526800000,0.007
969530400000,0.019
969534000000,0.044
969537600000,0.074
969541200000,0.095
969544800000,0.102
969548400000,0.09
969552000000,0.076
969555600000,0.067
969559200000,0.059
969562800000,0.054
969566400000,0.055
969570000000,0.065
969573600000,0.072
969577200000,0.062
969580800000,0.049
969584400000,0.038
969588000000,0.028
969591600000,0.014
969595200000,0.005
969598800000,0.002
969602400000,0.002
969606000000,0.003
969609600000,0.008
969613200000,0.017
969616800000,0.02
969620400000,0.02
969624000000,0.017
969627600000,0.015
969631200000,0.015
969634800000,0.019
969638400000,0.027
969642000000,0.021
969645600000,0.003
969649200000,0.0
969652800000,0.0
969656400000,0.0
969660000000,0.0
969663600000,0.0
969667200000,0.004
969670800000,0.009
969674400000,0.012
969678000000,0.009
969681600000,0.007
969685200000,0.008
969688800000,0.008
969692400000,0.012
969696000000,0.03
969699600000,0.065
969703200000,0.108
969706800000,0.139
969710400000,0.152
969714000000,0.154
969717600000,0.144
969721200000,0.133
969724800000,0.136
969728400000,0.135
969732000000,0.129
969735600000,0.132
969739200000,0.141
969742800000,0.141
969746400000,0.114
969750000000,0.078
969753600000,0.062
969757200000,0.045
969760800000,0.031
969764400000,0.028
969768000000,0.026
969771600000,0.02
969775200000,0.013
969778800000,0.007
969782400000,0.006
969786000000,0.013
969789600000,0.038
969793200000,0.087
969796800000,0.112
969800400000,0.087
969804000000,0.054
969807600000,0.047
969811200000,0.057
969814800000,0.077
969818400000,0.097
969822000000,0.09
969825600000,0.071
969829200000,0.074
969832800000,0.088
969836400000,0.092
969840000000,0.115
969843600000,0.131
969847200000,0.131
969850800000,0.11
969854400000,0.093
969858000000,0.08
969861600000,0.065
969865200000,0.054
969868800000,0.05
969872400000,0.048
969876000000,0.044
969879600000,0.042
969883200000,0.039
969886800000,0.034
969890400000,0.028
969894000000,0.021
969897600000,0.014
969901200000,0.011
969904800000,0.015
969908400000,0.028
969912000000,0.061
969915600000,0.061
969919200000,0.035
969922800000,0.013
969926400000,0.003
969930000000,0.0
969933600000,0.0
969937200000,0.0
969940800000,0.0
969944400000,0.0
969948000000,0.0
969951600000,0.0
969955200000,0.0
969958800000,0.003
969962400000,0.011
969966000000,0.024
969969600000,0.033
969973200000,0.035
969976800000,0.028
969980400000,0.022
969984000000,0.018
969987600000,0.017
969991200000,0.019
969994800000,0.027
969998400000,0.039
970002000000,0.055
970005600000,0.063
970009200000,0.059
970012800000,0.06
970016400000,0.054
970020000000,0.042
970023600000,0.026
970027200000,0.014
970030800000,0.006
970034400000,0.002
970038000000,0.001
970041600000,0.002
970045200000,0.011
970048800000,0.038
970052400000,0.082
970056000000,0.141
970059600000,0.184
970063200000,0.201
970066800000,0.192
970070400000,0.179
970074000000,0.172
970077600000,0.163
970081200000,0.149
970084800000,0.143
970088400000,0.148
970092000000,0.146
970095600000,0.133
970099200000,0.129
970102800000,0.12
970106400000,0.101
970110000000,0.065
970113600000,0.036
970117200000,0.02
970120800000,0.014
970124400000,0.015
970128000000,0.03
970131600000,0.075
970135200000,0.148
970138800000,0.215
970142400000,0.247
970146000000,0.245
970149600000,0.22
970153200000,0.169
970156800000,0.126
970160400000,0.119
970164000000,0.11
970167600000,0.097
970171200000,0.104
970174800000,0.139
970178400000,0.176
970182000000,0.178
970185600000,0.158
970189200000,0.133
970192800000,0.108
970196400000,0.072
970200000000,0.041
970203600000,0.025
970207200000,0.018
970210800000,0.017
970214400000,0.021
970218000000,0.035
970221600000,0.058
970225200000,0.085
970228800000,0.107
970232400000,0.114
970236000000,0.112
970239600000,0.115
970243200000,0.126
970246800000,0.143
970250400000,0.155
970254000000,0.172
970257600000,0.201
970261200000,0.243
970264800000,0.285
970268400000,0.303
970272000000,0.3
970275600000,0.285
970279200000,0.246
970282800000,0.199
970286400000,0.146
970290000000,0.102
970293600000,0.083
970297200000,0.079
970300800000,0.089
970304400000,0.135
970308000000,0.227
970311600000,0.348
970315200000,0.449
970318800000,0.516
970322400000,0.538
970326000000,0.48
970329600000,0.391
970333200000,0.325
970336800000,0.274
970340400000,0.241
970344000000,0.22
970347600000,0.23
970351200000,0.233
970354800000,0.211
970358400000,0.202
970362000000,0.194
970365600000,0.18
970369200000,0.167
970372800000,0.155
970376400000,0.163
970380000000,0.188
970383600000,0.226
970387200000,0.272
970390800000,0.308
970394400000,0.35
970398000000,0.37
970401600000,0.374
970405200000,0.364
970408800000,0.337
970412400000,0.326
970416000000,0.323
970419600000,0.329
970423200000,0.325
970426800000,0.323
970430400000,0.313
970434000000,0.279
970437600000,0.24
970441200000,0.186
970444800000,0.159
970448400000,0.144
970452000000,0.134
970455600000,0.126
970459200000,0.121
970462800000,0.124
970466400000,0.132
970470000000,0.139
970473600000,0.141
970477200000,0.155
970480800000,0.166
970484400000,0.179
970488000000,0.2
970491600000,0.211
970495200000,0.223
970498800000,0.201
970502400000,0.182
970506000000,0.153
970509600000,0.13
970513200000,0.126
970516800000,0.128
970520400000,0.155
970524000000,0.189
970527600000,0.204
970531200000,0.238
970534800000,0.244
970538400000,0.218
970542000000,0.162
970545600000,0.105
970549200000,0.072
970552800000,0.058
970556400000,0.053
970560000000,0.057
970563600000,0.084
970567200000,0.125
970570800000,0.161
970574400000,0.194
970578000000,0.233
970581600000,0.272
970585200000,0.276
970588800000,0.252
970592400000,0.235
970596000000,0.224
970599600000,0.214
970603200000,0.211
970606800000,0.212
970610400000,0.21
970614000000,0.192
970617600000,0.197
970621200000,0.22
970624800000,0.243
970628400000,0.225
970632000000,0.186
970635600000,0.168
970639200000,0.177
970642800000,0.218
970646400000,0.277
970650000000,0.391
970653600000,0.504
970657200000,0.593
970660800000,0.649
970664400000,0.685
970668000000,0.697
970671600000,0.668
970675200000,0.607
970678800000,0.554
970682400000,0.521
970686000000,0.523
970689600000,0.5
970693200000,0.479
970696800000,0.425
970700400000,0.388
970704000000,0.373
970707600000,0.349
970711200000,0.291
970714800000,0.228
970718400000,0.17
970722000000,0.116
970725600000,0.071
970729200000,0.042
970732800000,0.032
970736400000,0.051
970740000000,0.116
970743600000,0.212
970747200000,0.308
970750800000,0.323
970754400000,0.251
970758000000,0.166
970761600000,0.113
970765200000,0.086
970768800000,0.068
970772400000,0.057
970776000000,0.052
970779600000,0.048
970783200000,0.045
970786800000,0.036
970790400000,0.033
970794000000,0.028
970797600000,0.021
970801200000,0.015
970804800000,0.011
970808400000,0.012
970812000000,0.013
970815600000,0.014
970819200000,0.017
970822800000,0.024
970826400000,0.036
970830000000,0.064
970833600000,0.102
970837200000,0.128
970840800000,0.133
970844400000,0.12
970848000000,0.118
970851600000,0.13
970855200000,0.129
970858800000,0.116
970862400000,0.095
970866000000,0.073
970869600000,0.066
970873200000,0.055
970876800000,0.043
970880400000,0.027
970884000000,0.023
970887600000,0.035
970891200000,0.06
970894800000,0.097
970898400000,0.119
970902000000,0.131
970905600000,0.156
970909200000,0.184
970912800000,0.18
970916400000,0.144
970920000000,0.111
970923600000,0.093
970927200000,0.081
970930800000,0.068
970934400000,0.049
970938000000,0.03
970941600000,0.026
970945200000,0.034
970948800000,0.054
970952400000,0.074
970956000000,0.118
970959600000,0.182
970963200000,0.287
970966800000,0.444
970970400000,0.677
970974000000,0.82
970977600000,0.85
970981200000,0.821
970984800000,0.733
970988400000,0.618
970992000000,0.537
970995600000,0.55
970999200000,0.601
971002800000,0.623
971006400000,0.646
971010000000,0.682
971013600000,0.691
971017200000,0.675
971020800000,0.667
971024400000,0.652
971028000000,0.613
971031600000,0.555
971035200000,0.496
971038800000,0.476
971042400000,0.435
971046000000,0.367
971049600000,0.343
971053200000,0.337
971056800000,0.327
971060400000,0.337
971064000000,0.395
971067600000,0.45
971071200000,0.491
971074800000,0.47
971078400000,0.433
971082000000,0.376
971085600000,0.333
971089200000,0.306
971092800000,0.277
971096400000,0.251
971100000000,0.235
971103600000,0.243
971107200000,0.254
971110800000,0.249
971114400000,0.233
971118000000,0.196
971121600000,0.154
971125200000,0.114
971128800000,0.084
971132400000,0.065
971136000000,0.084
971139600000,0.123
971143200000,0.186
971146800000,0.256
971150400000,0.32
971154000000,0.378
971157600000,0.4
971161200000,0.355
971164800000,0.262
971168400000,0.18
971172000000,0.119
971175600000,0.078
971179200000,0.048
971182800000,0.031
971186400000,0.024
971190000000,0.022
971193600000,0.022
971197200000,0.026
971200800000,0.034
971204400000,0.036
971208000000,0.027
971211600000,0.016
971215200000,0.008
971218800000,0.005
971222400000,0.008
971226000000,0.01
971229600000,0.013
971233200000,0.033
971236800000,0.065
971240400000,0.098
971244000000,0.123
971247600000,0.13
971251200000,0.122
971254800000,0.093
971258400000,0.051
971262000000,0.021
971265600000,0.007
971269200000,0.003
971272800000,0.001
971276400000,0.005
971280000000,0.022
971283600000,0.05
971287200000,0.077
971290800000,0.093
971294400000,0.106
971298000000,0.072
971301600000,0.034
971305200000,0.017
971308800000,0.017
971312400000,0.023
971316000000,0.035
971319600000,0.047
971323200000,0.065
971326800000,0.09
971330400000,0.118
971334000000,0.142
971337600000,0.156
971341200000,0.184
971344800000,0.228
971348400000,0.278
971352000000,0.341
971355600000,0.407
971359200000,0.467
971362800000,0.491
971366400000,0.494
971370000000,0.479
971373600000,0.439
971377200000,0.432
971380800000,0.432
971384400000,0.436
971388000000,0.425
971391600000,0.415
971395200000,0.379
971398800000,0.344
971402400000,0.32
971406000000,0.31
971409600000,0.302
971413200000,0.305
971416800000,0.308
971420400000,0.309
971424000000,0.285
971427600000,0.265
971431200000,0.238
971434800000,0.196
971438400000,0.147
971442000000,0.116
971445600000,0.11
971449200000,0.118
971452800000,0.134
971456400000,0.144
971460000000,0.153
971463600000,0.159
971467200000,0.168
971470800000,0.149
971474400000,0.111
971478000000,0.072
971481600000,0.049
971485200000,0.041
971488800000,0.039
971492400000,0.036
971496000000,0.038
971499600000,0.048
971503200000,0.058
971506800000,0.053
971510400000,0.042
971514000000,0.037
971517600000,0.032
971521200000,0.03
971524800000,0.034
971528400000,0.043
971532000000,0.063
971535600000,0.1
971539200000,0.157
971542800000,0.217
971546400000,0.228
971550000000,0.212
971553600000,0.204
971557200000,0.198
971560800000,0.185
971564400000,0.158
971568000000,0.148
971571600000,0.155
971575200000,0.154
971578800000,0.119
971582400000,0.082
971586000000,0.055
971589600000,0.041
971593200000,0.039
971596800000,0.052
971600400000,0.084
971604000000,0.127
971607600000,0.162
971611200000,0.201
971614800000,0.245
971618400000,0.272
971622000000,0.281
971625600000,0.282
971629200000,0.311
971632800000,0.353
971636400000,0.337
971640000000,0.316
971643600000,0.306
971647200000,0.286
971650800000,0.228
971654400000,0.131
971658000000,0.056
971661600000,0.013
971665200000,0.001
971668800000,0.0
971672400000,0.0
971676000000,0.0
971679600000,0.0
971683200000,0.0
971686800000,0.0
971690400000,0.0
971694000000,0.001
971697600000,0.004
971701200000,0.007
971704800000,0.007
971708400000,0.005
971712000000,0.006
971715600000,0.009
971719200000,0.008
971722800000,0.005
971726400000,0.004
971730000000,0.011
971733600000,0.039
971737200000,0.055
971740800000,0.059
971744400000,0.057
971748000000,0.048
971751600000,0.031
971755200000,0.016
971758800000,0.009
971762400000,0.005
971766000000,0.002
971769600000,0.002
971773200000,0.007
971776800000,0.008
971780400000,0.01
971784000000,0.015
971787600000,0.02
971791200000,0.024
971794800000,0.035
971798400000,0.053
971802000000,0.068
971805600000,0.08
971809200000,0.087
971812800000,0.06
971816400000,0.026
971820000000,0.022
971823600000,0.021
971827200000,0.013
971830800000,0.003
971834400000,0.0
971838000000,0.0
971841600000,0.0
971845200000,0.0
971848800000,0.0
971852400000,0.0
971856000000,0.0
971859600000,0.002
971863200000,0.014
971866800000,0.039
971870400000,0.072
971874000000,0.096
971877600000,0.1
971881200000,0.073
971884800000,0.041
971888400000,0.02
971892000000,0.009
971895600000,0.006
971899200000,0.007
971902800000,0.022
971906400000,0.058
971910000000,0.068
971913600000,0.067
971917200000,0.065
971920800000,0.069
971924400000,0.049
971928000000,0.021
971931600000,0.009
971935200000,0.005
971938800000,0.005
971942400000,0.009
971946000000,0.035
971949600000,0.102
971953200000,0.186
971956800000,0.269
971960400000,0.337
971964000000,0.368
971967600000,0.321
971971200000,0.264
971974800000,0.238
971978400000,0.222
971982000000,0.204
971985600000,0.183
971989200000,0.142
971992800000,0.086
971996400000,0.052
972000000000,0.043
972003600000,0.041
972007200000,0.043
972010800000,0.052
972014400000,0.069
972018000000,0.084
972021600000,0.092
972025200000,0.105
972028800000,0.125
972032400000,0.135
972036000000,0.137
972039600000,0.147
972043200000,0.162
972046800000,0.181
972050400000,0.186
972054000000,0.185
972057600000,0.176
972061200000,0.144
972064800000,0.115
972068400000,0.111
972072000000,0.121
972075600000,0.136
972079200000,0.148
972082800000,0.152
972086400000,0.155
972090000000,0.149
972093600000,0.129
972097200000,0.114
972100800000,0.108
972104400000,0.11
972108000000,0.128
972111600000,0.151
972115200000,0.181
972118800000,0.225
972122400000,0.27
972126000000,0.3
972129600000,0.313
972133200000,0.324
972136800000,0.338
972140400000,0.337
972144000000,0.305
972147600000,0.272
972151200000,0.239
972154800000,0.22
972158400000,0.213
972162000000,0.22
972165600000,0.236
972169200000,0.212
972172800000,0.195
972176400000,0.156
972180000000,0.099
972183600000,0.045
972187200000,0.018
972190800000,0.01
972194400000,0.01
972198000000,0.012
972201600000,0.022
972205200000,0.05
972208800000,0.091
972212400000,0.133
972216000000,0.171
972219600000,0.2
972223200000,0.225
972226800000,0.243
972230400000,0.255
972234000000,0.264
972237600000,0.264
972241200000,0.252
972244800000,0.231
972248400000,0.209
972252000000,0.171
972255600000,0.115
972259200000,0.082
972262800000,0.056
972266400000,0.029
972270000000,0.012
972273600000,0.004
972277200000,0.002
972280800000,0.003
972284400000,0.011
972288000000,0.033
972291600000,0.061
972295200000,0.076
972298800000,0.09
972302400000,0.118
972306000000,0.155
972309600000,0.184
972313200000,0.168
972316800000,0.134
972320400000,0.106
972324000000,0.102
972327600000,0.115
972331200000,0.111
972334800000,0.108
972338400000,0.104
972342000000,0.075
972345600000,0.059
972349200000,0.057
972352800000,0.054
972356400000,0.04
972360000000,0.03
972363600000,0.03
972367200000,0.029
972370800000,0.026
972374400000,0.028
972378000000,0.033
972381600000,0.03
972385200000,0.027
972388800000,0.024
972392400000,0.02
972396000000,0.023
972399600000,0.034
972403200000,0.033
972406800000,0.029
972410400000,0.035
972414000000,0.05
972417600000,0.074
972421200000,0.09
972424800000,0.095
972428400000,0.08
972432000000,0.069
972435600000,0.052
972439200000,0.031
972442800000,0.015
972446400000,0.009
972450000000,0.01
972453600000,0.012
972457200000,0.018
972460800000,0.027
972464400000,0.033
972468000000,0.026
972471600000,0.02
972475200000,0.019
972478800000,0.018
972482400000,0.009
972486000000,0.002
972489600000,0.0
972493200000,0.0
972496800000,0.0
972500400000,0.0
972504000000,0.0
972507600000,0.0
972511200000,0.0
972514800000,0.0
972518400000,0.0
972522000000,0.0
972525600000,0.0
972529200000,0.0
972532800000,0.0
972536400000,0.0
972540000000,0.0
972543600000,0.001
972547200000,0.004
972550800000,0.014
972554400000,0.021
972558000000,0.01
972561600000,0.005
972565200000,0.006
972568800000,0.014
972572400000,0.035
972576000000,0.067
972579600000,0.12
972583200000,0.173
972586800000,0.196
972590400000,0.199
972594000000,0.205
972597600000,0.26
972601200000,0.307
972604800000,0.381
972608400000,0.519
972612000000,0.675
972615600000,0.687
972619200000,0.651
972622800000,0.714
972626400000,0.765
972630000000,0.77
972633600000,0.755
972637200000,0.758
972640800000,0.753
972644400000,0.759
972648000000,0.773
972651600000,0.795
972655200000,0.816
972658800000,0.805
972662400000,0.787
972666000000,0.8
972669600000,0.803
972673200000,0.792
972676800000,0.773
972680400000,0.748
972684000000,0.722
972687600000,0.72
972691200000,0.749
972694800000,0.752
972698400000,0.737
972702000000,0.725
972705600000,0.712
972709200000,0.699
972712800000,0.684
972716400000,0.634
972720000000,0.515
972723600000,0.457
972727200000,0.471
972730800000,0.481
972734400000,0.47
972738000000,0.466
972741600000,0.454
972745200000,0.424
972748800000,0.376
972752400000,0.344
972756000000,0.332
972759600000,0.323
972763200000,0.308
972766800000,0.272
972770400000,0.226
972774000000,0.183
972777600000,0.19
972781200000,0.215
972784800000,0.233
972788400000,0.229
972792000000,0.211
972795600000,0.191
972799200000,0.172
972802800000,0.146
972806400000,0.114
972810000000,0.084
972813600000,0.045
972817200000,0.011
972820800000,0.002
972824400000,0.005
972828000000,0.017
972831600000,0.024
972835200000,0.031
972838800000,0.037
972842400000,0.046
972846000000,0.057
972849600000,0.079
972853200000,0.129
972856800000,0.203
972860400000,0.257
972864000000,0.292
972867600000,0.315
972871200000,0.328
972874800000,0.313
972878400000,0.274
972882000000,0.233
972885600000,0.178
972889200000,0.115
972892800000,0.096
972896400000,0.082
972900000000,0.057
972903600000,0.041
972907200000,0.028
972910800000,0.019
972914400000,0.018
972918000000,0.024
972921600000,0.028
972925200000,0.033
972928800000,0.036
972932400000,0.041
972936000000,0.046
972939600000,0.043
972943200000,0.031
972946800000,0.019
972950400000,0.017
972954000000,0.016
972957600000,0.017
972961200000,0.028
972964800000,0.048
972968400000,0.068
972972000000,0.082
972975600000,0.092
972979200000,0.1
972982800000,0.096
972986400000,0.088
972990000000,0.083
972993600000,0.081
972997200000,0.09
973000800000,0.101
973004400000,0.098
973008000000,0.085
973011600000,0.097
973015200000,0.151
973018800000,0.234
973022400000,0.326
973026000000,0.475
973029600000,0.486
973033200000,0.27
973036800000,0.245
973040400000,0.347
973044000000,0.422
973047600000,0.484
973051200000,0.54
973054800000,0.545
973058400000,0.513
973062000000,0.476
973065600000,0.368
973069200000,0.162
973072800000,0.084
973076400000,0.057
973080000000,0.055
973083600000,0.057
973087200000,0.058
973090800000,0.083
973094400000,0.12
973098000000,0.155
973101600000,0.2
973105200000,0.249
973108800000,0.286
973112400000,0.305
973116000000,0.286
973119600000,0.202
973123200000,0.175
973126800000,0.192
973130400000,0.2
973134000000,0.192
973137600000,0.159
973141200000,0.12
973144800000,0.108
973148400000,0.12
973152000000,0.146
973155600000,0.162
973159200000,0.181
973162800000,0.178
973166400000,0.155
973170000000,0.133
973173600000,0.128
973177200000,0.138
973180800000,0.132
973184400000,0.102
973188000000,0.06
973191600000,0.03
973195200000,0.009
973198800000,0.001
973202400000,0.001
973206000000,0.002
973209600000,0.004
973213200000,0.009
973216800000,0.022
973220400000,0.039
973224000000,0.047
973227600000,0.046
973231200000,0.046
973234800000,0.043
973238400000,0.043
973242000000,0.039
973245600000,0.034
973249200000,0.032
973252800000,0.041
973256400000,0.05
973260000000,0.034
973263600000,0.01
973267200000,0.001
973270800000,0.0
973274400000,0.0
973278000000,0.0
973281600000,0.0
973285200000,0.001
973288800000,0.008
973292400000,0.019
973296000000,0.031
973299600000,0.039
973303200000,0.041
973306800000,0.032
973310400000,0.02
973314000000,0.011
973317600000,0.008
973321200000,0.005
973324800000,0.004
973328400000,0.003
973332000000,0.002
973335600000,0.001
973339200000,0.0
973342800000,0.0
973346400000,0.001
973350000000,0.002
973353600000,0.003
973357200000,0.002
973360800000,0.001
973364400000,0.0
973368000000,0.0
973371600000,0.001
973375200000,0.002
973378800000,0.002
973382400000,0.003
973386000000,0.005
973389600000,0.008
973393200000,0.011
973396800000,0.016
973400400000,0.021
973404000000,0.027
973407600000,0.03
973411200000,0.035
973414800000,0.042
973418400000,0.048
973422000000,0.05
973425600000,0.054
973429200000,0.057
973432800000,0.059
973436400000,0.068
973440000000,0.082
973443600000,0.094
973447200000,0.094
973450800000,0.083
973454400000,0.068
973458000000,0.055
973461600000,0.042
973465200000,0.028
973468800000,0.024
973472400000,0.027
973476000000,0.036
973479600000,0.041
973483200000,0.043
973486800000,0.047
973490400000,0.048
973494000000,0.05
973497600000,0.056
973501200000,0.071
973504800000,0.085
973508400000,0.101
973512000000,0.115
973515600000,0.126
973519200000,0.124
973522800000,0.12
973526400000,0.104
973530000000,0.078
973533600000,0.058
973537200000,0.05
973540800000,0.046
973544400000,0.033
973548000000,0.019
973551600000,0.008
973555200000,0.005
973558800000,0.004
973562400000,0.002
973566000000,0.001
973569600000,0.0
973573200000,0.0
973576800000,0.0
973580400000,0.001
973584000000,0.002
973587600000,0.008
973591200000,0.027
973594800000,0.053
973598400000,0.08
973602000000,0.111
973605600000,0.157
973609200000,0.207
973612800000,0.243
973616400000,0.256
973620000000,0.241
973623600000,0.216
973627200000,0.2
973630800000,0.181
973634400000,0.176
973638000000,0.16
973641600000,0.149
973645200000,0.14
973648800000,0.127
973652400000,0.12
973656000000,0.119
973659600000,0.101
973663200000,0.073
973666800000,0.041
973670400000,0.018
973674000000,0.003
973677600000,0.0
973681200000,0.0
973684800000,0.0
973688400000,0.007
973692000000,0.034
973695600000,0.08
973699200000,0.141
973702800000,0.211
973706400000,0.243
973710000000,0.264
973713600000,0.274
973717200000,0.294
973720800000,0.323
973724400000,0.315
973728000000,0.31
973731600000,0.311
973735200000,0.303
973738800000,0.296
973742400000,0.287
973746000000,0.274
973749600000,0.256
973753200000,0.224
973756800000,0.203
973760400000,0.228
973764000000,0.258
973767600000,0.278
973771200000,0.272
973774800000,0.255
973778400000,0.22
973782000000,0.187
973785600000,0.159
973789200000,0.149
973792800000,0.154
973796400000,0.172
973800000000,0.212
973803600000,0.264
973807200000,0.306
973810800000,0.296
973814400000,0.302
973818000000,0.315
973821600000,0.315
973825200000,0.31
973828800000,0.325
973832400000,0.353
973836000000,0.388
973839600000,0.413
973843200000,0.425
973846800000,0.419
973850400000,0.41
973854000000,0.417
973857600000,0.432
973861200000,0.434
973864800000,0.436
973868400000,0.442
973872000000,0.459
973875600000,0.478
973879200000,0.507
973882800000,0.501
973886400000,0.442
973890000000,0.379
973893600000,0.355
973897200000,0.345
973900800000,0.357
973904400000,0.373
973908000000,0.368
973911600000,0.332
973915200000,0.291
973918800000,0.293
973922400000,0.254
973926000000,0.151
973929600000,0.096
973933200000,0.126
973936800000,0.179
973940400000,0.225
973944000000,0.274
973947600000,0.32
973951200000,0.345
973954800000,0.364
973958400000,0.367
973962000000,0.388
973965600000,0.386
973969200000,0.358
973972800000,0.328
973976400000,0.322
973980000000,0.311
973983600000,0.267
973987200000,0.231
973990800000,0.235
973994400000,0.279
973998000000,0.257
974001600000,0.152
974005200000,0.12
974008800000,0.186
974012400000,0.256
974016000000,0.283
974019600000,0.291
974023200000,0.287
974026800000,0.286
974030400000,0.278
974034000000,0.289
974037600000,0.311
974041200000,0.274
974044800000,0.131
974048400000,0.011
974052000000,0.02
974055600000,0.095
974059200000,0.144
974062800000,0.12
974066400000,0.082
974070000000,0.05
974073600000,0.046
974077200000,0.084
974080800000,0.104
974084400000,0.042
974088000000,0.012
974091600000,0.032
974095200000,0.153
974098800000,0.355
974102400000,0.458
974106000000,0.502
974109600000,0.663
974113200000,0.786
974116800000,0.835
974120400000,0.845
974124000000,0.839
974127600000,0.8
974131200000,0.75
974134800000,0.706
974138400000,0.663
974142000000,0.648
974145600000,0.632
974149200000,0.612
974152800000,0.59
974156400000,0.59
974160000000,0.586
974163600000,0.57
974167200000,0.56
974170800000,0.558
974174400000,0.57
974178000000,0.572
974181600000,0.513
974185200000,0.436
974188800000,0.408
974192400000,0.37
974196000000,0.311
974199600000,0.271
974203200000,0.26
974206800000,0.255
974210400000,0.241
974214000000,0.253
974217600000,0.278
974221200000,0.302
974224800000,0.31
974228400000,0.317
974232000000,0.329
974235600000,0.332
974239200000,0.32
974242800000,0.304
974246400000,0.329
974250000000,0.377
974253600000,0.396
974257200000,0.407
974260800000,0.419
974264400000,0.466
974268000000,0.519
974271600000,0.554
974275200000,0.547
974278800000,0.517
974282400000,0.488
974286000000,0.498
974289600000,0.488
974293200000,0.445
974296800000,0.401
974300400000,0.369
974304000000,0.349
974307600000,0.336
974311200000,0.32
974314800000,0.338
974318400000,0.391
974322000000,0.483
974325600000,0.571
974329200000,0.601
974332800000,0.711
974336400000,0.762
974340000000,0.754
974343600000,0.74
974347200000,0.726
974350800000,0.71
974354400000,0.685
974358000000,0.647
974361600000,0.58
974365200000,0.525
974368800000,0.485
974372400000,0.476
974376000000,0.445
974379600000,0.396
974383200000,0.355
974386800000,0.333
974390400000,0.311
974394000000,0.3
974397600000,0.295
974401200000,0.305
974404800000,0.332
974408400000,0.358
974412000000,0.386
974415600000,0.386
974419200000,0.376
974422800000,0.358
974426400000,0.332
974430000000,0.293
974433600000,0.269
974437200000,0.282
974440800000,0.294
974444400000,0.305
974448000000,0.294
974451600000,0.346
974455200000,0.412
974458800000,0.418
974462400000,0.388
974466000000,0.391
974469600000,0.434
974473200000,0.454
974476800000,0.466
974480400000,0.481
974484000000,0.501
974487600000,0.514
974491200000,0.506
974494800000,0.498
974498400000,0.481
974502000000,0.44
974505600000,0.421
974509200000,0.435
974512800000,0.457
974516400000,0.435
974520000000,0.403
974523600000,0.367
974527200000,0.305
974530800000,0.256
974534400000,0.229
974538000000,0.259
974541600000,0.296
974545200000,0.317
974548800000,0.346
974552400000,0.376
974556000000,0.401
974559600000,0.422
974563200000,0.447
974566800000,0.454
974570400000,0.447
974574000000,0.42
974577600000,0.397
974581200000,0.401
974584800000,0.396
974588400000,0.348
974592000000,0.362
974595600000,0.376
974599200000,0.401
974602800000,0.419
974606400000,0.434
974610000000,0.45
974613600000,0.448
974617200000,0.417
974620800000,0.371
974624400000,0.358
974628000000,0.367
974631600000,0.386
974635200000,0.393
974638800000,0.379
974642400000,0.362
974646000000,0.369
974649600000,0.392
974653200000,0.41
974656800000,0.425
974660400000,0.432
974664000000,0.43
974667600000,0.416
974671200000,0.41
974674800000,0.376
974678400000,0.382
974682000000,0.417
974685600000,0.433
974689200000,0.406
974692800000,0.376
974696400000,0.343
974700000000,0.302
974703600000,0.262
974707200000,0.248
974710800000,0.271
974714400000,0.325
974718000000,0.338
974721600000,0.284
974725200000,0.243
974728800000,0.264
974732400000,0.301
974736000000,0.313
974739600000,0.255
974743200000,0.16
974746800000,0.107
974750400000,0.085
974754000000,0.122
974757600000,0.194
974761200000,0.233
974764800000,0.251
974768400000,0.258
974772000000,0.243
974775600000,0.196
974779200000,0.152
974782800000,0.118
974786400000,0.092
974790000000,0.081
974793600000,0.085
974797200000,0.118
974800800000,0.175
974804400000,0.245
974808000000,0.313
974811600000,0.358
974815200000,0.379
974818800000,0.415
974822400000,0.442
974826000000,0.458
974829600000,0.464
974833200000,0.476
974836800000,0.481
974840400000,0.457
974844000000,0.403
974847600000,0.359
974851200000,0.345
974854800000,0.34
974858400000,0.332
974862000000,0.33
974865600000,0.32
974869200000,0.296
974872800000,0.291
974876400000,0.294
974880000000,0.304
974883600000,0.317
974887200000,0.34
974890800000,0.358
974894400000,0.35
974898000000,0.316
974901600000,0.306
974905200000,0.328
974908800000,0.348
974912400000,0.35
974916000000,0.364
974919600000,0.376
974923200000,0.4
974926800000,0.42
974930400000,0.42
974934000000,0.427
974937600000,0.479
974941200000,0.501
974944800000,0.494
974948400000,0.494
974952000000,0.503
974955600000,0.504
974959200000,0.505
974962800000,0.501
974966400000,0.467
974970000000,0.43
974973600000,0.377
974977200000,0.328
974980800000,0.301
974984400000,0.295
974988000000,0.292
974991600000,0.284
974995200000,0.285
974998800000,0.284
975002400000,0.281
975006000000,0.278
975009600000,0.276
975013200000,0.278
975016800000,0.267
975020400000,0.27
975024000000,0.323
975027600000,0.355
975031200000,0.352
975034800000,0.343
975038400000,0.347
975042000000,0.347
975045600000,0.352
975049200000,0.379
975052800000,0.382
975056400000,0.367
975060000000,0.361
975063600000,0.376
975067200000,0.393
975070800000,0.415
975074400000,0.443
975078000000,0.407
975081600000,0.311
975085200000,0.248
975088800000,0.237
975092400000,0.255
975096000000,0.261
975099600000,0.259
975103200000,0.272
975106800000,0.277
975110400000,0.295
975114000000,0.3
975117600000,0.28
975121200000,0.243
975124800000,0.203
975128400000,0.195
975132000000,0.218
975135600000,0.256
975139200000,0.289
975142800000,0.333
975146400000,0.388
975150000000,0.451
975153600000,0.491
975157200000,0.469
975160800000,0.399
975164400000,0.364
975168000000,0.328
975171600000,0.329
975175200000,0.358
975178800000,0.374
975182400000,0.381
975186000000,0.379
975189600000,0.376
975193200000,0.364
975196800000,0.374
975200400000,0.394
975204000000,0.385
975207600000,0.348
975211200000,0.315
975214800000,0.302
975218400000,0.312
975222000000,0.328
975225600000,0.341
975229200000,0.383
975232800000,0.459
975236400000,0.496
975240000000,0.487
975243600000,0.464
975247200000,0.444
975250800000,0.415
975254400000,0.389
975258000000,0.4
975261600000,0.379
975265200000,0.332
975268800000,0.302
975272400000,0.315
975276000000,0.328
975279600000,0.341
975283200000,0.402
975286800000,0.447
975290400000,0.435
975294000000,0.386
975297600000,0.334
975301200000,0.311
975304800000,0.334
975308400000,0.37
975312000000,0.395
975315600000,0.355
975319200000,0.286
975322800000,0.235
975326400000,0.227
975330000000,0.225
975333600000,0.247
975337200000,0.28
975340800000,0.304
975344400000,0.317
975348000000,0.344
975351600000,0.375
975355200000,0.341
975358800000,0.278
975362400000,0.225
975366000000,0.227
975369600000,0.294
975373200000,0.355
975376800000,0.334
975380400000,0.32
975384000000,0.366
975387600000,0.466
975391200000,0.568
975394800000,0.582
975398400000,0.521
975402000000,0.449
975405600000,0.402
975409200000,0.37
975412800000,0.313
975416400000,0.245
975420000000,0.204
975423600000,0.196
975427200000,0.245
975430800000,0.312
975434400000,0.359
975438000000,0.391
975441600000,0.411
975445200000,0.461
975448800000,0.5
975452400000,0.547
975456000000,0.683
975459600000,0.792
975463200000,0.849
975466800000,0.877
975470400000,0.877
975474000000,0.862
975477600000,0.845
975481200000,0.816
975484800000,0.789
975488400000,0.786
975492000000,0.804
975495600000,0.823
975499200000,0.831
975502800000,0.832
975506400000,0.835
975510000000,0.828
975513600000,0.812
975517200000,0.823
975520800000,0.844
975524400000,0.841
975528000000,0.809
975531600000,0.718
975535200000,0.582
975538800000,0.454
975542400000,0.338
975546000000,0.238
975549600000,0.163
975553200000,0.154
975556800000,0.174
975560400000,0.199
975564000000,0.219
975567600000,0.22
975571200000,0.231
975574800000,0.246
975578400000,0.243
975582000000,0.233
975585600000,0.227
975589200000,0.22
975592800000,0.217
975596400000,0.232
975600000000,0.239
975603600000,0.218
975607200000,0.186
975610800000,0.157
975614400000,0.139
975618000000,0.082
975621600000,0.029
975625200000,0.012
975628800000,0.011
975632400000,0.017
975636000000,0.024
975639600000,0.025
975643200000,0.018
975646800000,0.011
975650400000,0.005
975654000000,0.003
975657600000,0.003
975661200000,0.003
975664800000,0.002
975668400000,0.004
975672000000,0.006
975675600000,0.007
975679200000,0.005
975682800000,0.004
975686400000,0.004
975690000000,0.003
975693600000,0.002
975697200000,0.002
975700800000,0.001
975704400000,0.001
975708000000,0.002
975711600000,0.003
975715200000,0.006
975718800000,0.013
975722400000,0.022
975726000000,0.03
975729600000,0.031
975733200000,0.029
975736800000,0.021
975740400000,0.017
975744000000,0.017
975747600000,0.032
975751200000,0.068
975754800000,0.113
975758400000,0.155
975762000000,0.171
975765600000,0.173
975769200000,0.162
975772800000,0.145
975776400000,0.152
975780000000,0.175
975783600000,0.196
975787200000,0.209
975790800000,0.214
975794400000,0.217
975798000000,0.203
975801600000,0.204
975805200000,0.2
975808800000,0.167
975812400000,0.127
975816000000,0.104
975819600000,0.097
975823200000,0.105
975826800000,0.111
975830400000,0.112
975834000000,0.149
975837600000,0.228
975841200000,0.304
975844800000,0.337
975848400000,0.328
975852000000,0.278
975855600000,0.249
975859200000,0.208
975862800000,0.175
975866400000,0.154
975870000000,0.16
975873600000,0.192
975877200000,0.234
975880800000,0.295
975884400000,0.323
975888000000,0.327
975891600000,0.312
975895200000,0.302
975898800000,0.265
975902400000,0.217
975906000000,0.179
975909600000,0.149
975913200000,0.119
975916800000,0.101
975920400000,0.101
975924000000,0.118
975927600000,0.149
975931200000,0.198
975934800000,0.241
975938400000,0.274
975942000000,0.295
975945600000,0.3
975949200000,0.298
975952800000,0.305
975956400000,0.302
975960000000,0.295
975963600000,0.285
975967200000,0.278
975970800000,0.251
975974400000,0.252
975978000000,0.289
975981600000,0.349
975985200000,0.391
975988800000,0.391
975992400000,0.398
975996000000,0.364
975999600000,0.245
976003200000,0.154
976006800000,0.2
976010400000,0.263
976014000000,0.22
976017600000,0.144
976021200000,0.071
976024800000,0.027
976028400000,0.014
976032000000,0.035
976035600000,0.101
976039200000,0.185
976042800000,0.26
976046400000,0.323
976050000000,0.318
976053600000,0.294
976057200000,0.279
976060800000,0.274
976064400000,0.255
976068000000,0.239
976071600000,0.252
976075200000,0.272
976078800000,0.355
976082400000,0.513
976086000000,0.75
976089600000,0.931
976093200000,0.966
976096800000,0.931
976100400000,0.902
976104000000,0.862
976107600000,0.801
976111200000,0.726
976114800000,0.624
976118400000,0.637
976122000000,0.688
976125600000,0.694
976129200000,0.701
976132800000,0.708
976136400000,0.672
976140000000,0.653
976143600000,0.657
976147200000,0.681
976150800000,0.733
976154400000,0.806
976158000000,0.873
976161600000,0.894
976165200000,0.86
976168800000,0.788
976172400000,0.725
976176000000,0.72
976179600000,0.726
976183200000,0.709
976186800000,0.652
976190400000,0.532
976194000000,0.456
976197600000,0.398
976201200000,0.395
976204800000,0.406
976208400000,0.41
976212000000,0.402
976215600000,0.391
976219200000,0.376
976222800000,0.325
976226400000,0.264
976230000000,0.204
976233600000,0.155
976237200000,0.102
976240800000,0.059
976244400000,0.027
976248000000,0.011
976251600000,0.006
976255200000,0.005
976258800000,0.005
976262400000,0.011
976266000000,0.026
976269600000,0.049
976273200000,0.062
976276800000,0.058
976280400000,0.043
976284000000,0.023
976287600000,0.005
976291200000,0.0
976294800000,0.0
976298400000,0.001
976302000000,0.007
976305600000,0.022
976309200000,0.033
976312800000,0.042
976316400000,0.042
976320000000,0.054
976323600000,0.068
976327200000,0.085
976330800000,0.096
976334400000,0.095
976338000000,0.093
976341600000,0.088
976345200000,0.085
976348800000,0.093
976352400000,0.131
976356000000,0.188
976359600000,0.252
976363200000,0.311
976366800000,0.367
976370400000,0.398
976374000000,0.42
976377600000,0.45
976381200000,0.45
976384800000,0.398
976388400000,0.342
976392000000,0.302
976395600000,0.264
976399200000,0.226
976402800000,0.173
976406400000,0.134
976410000000,0.103
976413600000,0.08
976417200000,0.071
976420800000,0.072
976424400000,0.074
976428000000,0.082
976431600000,0.1
976435200000,0.121
976438800000,0.161
976442400000,0.196
976446000000,0.214
976449600000,0.236
976453200000,0.257
976456800000,0.294
976460400000,0.319
976464000000,0.337
976467600000,0.369
976471200000,0.4
976474800000,0.43
976478400000,0.448
976482000000,0.432
976485600000,0.396
976489200000,0.344
976492800000,0.308
976496400000,0.302
976500000000,0.296
976503600000,0.308
976507200000,0.351
976510800000,0.388
976514400000,0.414
976518000000,0.416
976521600000,0.366
976525200000,0.296
976528800000,0.274
976532400000,0.32
976536000000,0.397
976539600000,0.461
976543200000,0.477
976546800000,0.513
976550400000,0.529
976554000000,0.535
976557600000,0.506
976561200000,0.464
976564800000,0.436
976568400000,0.42
976572000000,0.388
976575600000,0.363
976579200000,0.4
976582800000,0.442
976586400000,0.463
976590000000,0.472
976593600000,0.488
976597200000,0.519
976600800000,0.539
976604400000,0.538
976608000000,0.506
976611600000,0.498
976615200000,0.484
976618800000,0.459
976622400000,0.436
976626000000,0.433
976629600000,0.435
976633200000,0.444
976636800000,0.46
976640400000,0.46
976644000000,0.454
976647600000,0.44
976651200000,0.416
976654800000,0.386
976658400000,0.331
976662000000,0.259
976665600000,0.214
976669200000,0.161
976672800000,0.132
976676400000,0.123
976680000000,0.093
976683600000,0.059
976687200000,0.063
976690800000,0.084
976694400000,0.112
976698000000,0.131
976701600000,0.14
976705200000,0.155
976708800000,0.16
976712400000,0.161
976716000000,0.17
976719600000,0.19
976723200000,0.193
976726800000,0.202
976730400000,0.217
976734000000,0.238
976737600000,0.248
976741200000,0.225
976744800000,0.18
976748400000,0.134
976752000000,0.142
976755600000,0.171
976759200000,0.192
976762800000,0.182
976766400000,0.149
976770000000,0.125
976773600000,0.103
976777200000,0.082
976780800000,0.08
976784400000,0.107
976788000000,0.147
976791600000,0.182
976795200000,0.218
976798800000,0.248
976802400000,0.267
976806000000,0.253
976809600000,0.223
976813200000,0.196
976816800000,0.188
976820400000,0.205
976824000000,0.225
976827600000,0.263
976831200000,0.278
976834800000,0.273
976838400000,0.354
976842000000,0.478
976845600000,0.563
976849200000,0.534
976852800000,0.486
976856400000,0.466
976860000000,0.453
976863600000,0.413
976867200000,0.358
976870800000,0.37
976874400000,0.42
976878000000,0.454
976881600000,0.45
976885200000,0.407
976888800000,0.379
976892400000,0.396
976896000000,0.463
976899600000,0.524
976903200000,0.532
976906800000,0.494
976910400000,0.447
976914000000,0.384
976917600000,0.332
976921200000,0.297
976924800000,0.397
976928400000,0.557
976932000000,0.665
976935600000,0.687
976939200000,0.612
976942800000,0.554
976946400000,0.556
976950000000,0.538
976953600000,0.449
976957200000,0.391
976960800000,0.337
976964400000,0.289
976968000000,0.231
976971600000,0.187
976975200000,0.155
976978800000,0.134
976982400000,0.119
976986000000,0.101
976989600000,0.092
976993200000,0.081
976996800000,0.076
977000400000,0.086
977004000000,0.114
977007600000,0.159
977011200000,0.26
977014800000,0.367
977018400000,0.48
977022000000,0.516
977025600000,0.48
977029200000,0.442
977032800000,0.422
977036400000,0.388
977040000000,0.335
977043600000,0.323
977047200000,0.302
977050800000,0.251
977054400000,0.181
977058000000,0.204
977061600000,0.253
977065200000,0.247
977068800000,0.214
977072400000,0.196
977076000000,0.194
977079600000,0.213
977083200000,0.238
977086800000,0.25
977090400000,0.252
977094000000,0.274
977097600000,0.344
977101200000,0.403
977104800000,0.452
977108400000,0.476
977112000000,0.481
977115600000,0.484
977119200000,0.472
977122800000,0.438
977126400000,0.374
977130000000,0.348
977133600000,0.375
977137200000,0.413
977140800000,0.449
977144400000,0.437
977148000000,0.403
977151600000,0.354
977155200000,0.319
977158800000,0.294
977162400000,0.285
977166000000,0.323
977169600000,0.369
977173200000,0.401
977176800000,0.391
977180400000,0.368
977184000000,0.382
977187600000,0.371
977191200000,0.355
977194800000,0.362
977198400000,0.386
977202000000,0.415
977205600000,0.454
977209200000,0.488
977212800000,0.513
977216400000,0.544
977220000000,0.55
977223600000,0.532
977227200000,0.468
977230800000,0.395
977234400000,0.331
977238000000,0.283
977241600000,0.234
977245200000,0.208
977248800000,0.199
977252400000,0.21
977256000000,0.246
977259600000,0.311
977263200000,0.336
977266800000,0.376
977270400000,0.479
977274000000,0.535
977277600000,0.556
977281200000,0.547
977284800000,0.538
977288400000,0.538
977292000000,0.533
977295600000,0.498
977299200000,0.448
977302800000,0.417
977306400000,0.38
977310000000,0.349
977313600000,0.312
977317200000,0.288
977320800000,0.277
977324400000,0.285
977328000000,0.284
977331600000,0.277
977335200000,0.272
977338800000,0.268
977342400000,0.281
977346000000,0.284
977349600000,0.285
977353200000,0.279
977356800000,0.291
977360400000,0.323
977364000000,0.328
977367600000,0.286
977371200000,0.204
977374800000,0.127
977378400000,0.082
977382000000,0.073
977385600000,0.081
977389200000,0.151
977392800000,0.249
977396400000,0.325
977400000000,0.363
977403600000,0.367
977407200000,0.376
977410800000,0.394
977414400000,0.395
977418000000,0.383
977421600000,0.381
977425200000,0.363
977428800000,0.386
977432400000,0.407
977436000000,0.413
977439600000,0.382
977443200000,0.41
977446800000,0.448
977450400000,0.436
977454000000,0.397
977457600000,0.308
977461200000,0.21
977464800000,0.149
977468400000,0.114
977472000000,0.087
977475600000,0.09
977479200000,0.103
977482800000,0.118
977486400000,0.134
977490000000,0.145
977493600000,0.163
977497200000,0.147
977500800000,0.118
977504400000,0.098
977508000000,0.093
977511600000,0.094
977515200000,0.093
977518800000,0.103
977522400000,0.118
977526000000,0.102
977529600000,0.081
977533200000,0.06
977536800000,0.045
977540400000,0.029
977544000000,0.012
977547600000,0.004
977551200000,0.001
977554800000,0.001
977558400000,0.002
977562000000,0.004
977565600000,0.007
977569200000,0.009
977572800000,0.017
977576400000,0.03
977580000000,0.037
977583600000,0.026
977587200000,0.009
977590800000,0.001
977594400000,0.001
977598000000,0.003
977601600000,0.013
977605200000,0.045
977608800000,0.101
977612400000,0.131
977616000000,0.131
977619600000,0.112
977623200000,0.096
977626800000,0.079
977630400000,0.063
977634000000,0.05
977637600000,0.041
977641200000,0.037
977644800000,0.044
977648400000,0.072
977652000000,0.112
977655600000,0.15
977659200000,0.18
977662800000,0.191
977666400000,0.196
977670000000,0.203
977673600000,0.215
977677200000,0.235
977680800000,0.253
977684400000,0.245
977688000000,0.194
977691600000,0.136
977695200000,0.111
977698800000,0.096
977702400000,0.101
977706000000,0.113
977709600000,0.139
977713200000,0.167
977716800000,0.188
977720400000,0.197
977724000000,0.199
977727600000,0.198
977731200000,0.204
977734800000,0.231
977738400000,0.279
977742000000,0.324
977745600000,0.335
977749200000,0.308
977752800000,0.235
977756400000,0.155
977760000000,0.115
977763600000,0.093
977767200000,0.064
977770800000,0.05
977774400000,0.058
977778000000,0.076
977781600000,0.092
977785200000,0.104
977788800000,0.128
977792400000,0.155
977796000000,0.185
977799600000,0.209
977803200000,0.225
977806800000,0.227
977810400000,0.235
977814000000,0.245
977817600000,0.259
977821200000,0.259
977824800000,0.279
977828400000,0.297
977832000000,0.305
977835600000,0.3
977839200000,0.305
977842800000,0.323
977846400000,0.355
977850000000,0.384
977853600000,0.416
977857200000,0.425
977860800000,0.411
977864400000,0.381
977868000000,0.38
977871600000,0.374
977875200000,0.395
977878800000,0.365
977882400000,0.323
977886000000,0.304
977889600000,0.297
977893200000,0.295
977896800000,0.3
977900400000,0.278
977904000000,0.231
977907600000,0.186
977911200000,0.167
977914800000,0.163
977918400000,0.188
977922000000,0.235
977925600000,0.245
977929200000,0.225
977932800000,0.199
977936400000,0.181
977940000000,0.159
977943600000,0.141
977947200000,0.13
977950800000,0.113
977954400000,0.094
977958000000,0.092
977961600000,0.115
977965200000,0.131
977968800000,0.124
977972400000,0.114
977976000000,0.108
977979600000,0.103
977983200000,0.105
977986800000,0.118
977990400000,0.118
977994000000,0.119
977997600000,0.146
978001200000,0.178
978004800000,0.188
978008400000,0.187
978012000000,0.183
978015600000,0.177
978019200000,0.157
978022800000,0.141
978026400000,0.148
978030000000,0.146
978033600000,0.137
978037200000,0.137
978040800000,0.139
978044400000,0.122
978048000000,0.121
978051600000,0.14
978055200000,0.148
978058800000,0.134
978062400000,0.101
978066000000,0.069
978069600000,0.046
978073200000,0.032
978076800000,0.025
978080400000,0.03
978084000000,0.034
978087600000,0.034
978091200000,0.041
978094800000,0.059
978098400000,0.092
978102000000,0.101
978105600000,0.097
978109200000,0.108
978112800000,0.141
978116400000,0.186
978120000000,0.228
978123600000,0.24
978127200000,0.236
978130800000,0.205
978134400000,0.196
978138000000,0.192
978141600000,0.189
978145200000,0.194
978148800000,0.213
978152400000,0.243
978156000000,0.282
978159600000,0.282
978163200000,0.236
978166800000,0.259
978170400000,0.323
978174000000,0.352
978177600000,0.362
978181200000,0.37
978184800000,0.425
978188400000,0.458
978192000000,0.485
978195600000,0.522
978199200000,0.546
978202800000,0.527
978206400000,0.49
978210000000,0.449
978213600000,0.407
978217200000,0.362
978220800000,0.358
978224400000,0.338
978228000000,0.328
978231600000,0.337
978235200000,0.345
978238800000,0.334
978242400000,0.286
978246000000,0.23
978249600000,0.182
978253200000,0.148
978256800000,0.117
978260400000,0.103
978264000000,0.107
978267600000,0.115
978271200000,0.115
978274800000,0.106
978278400000,0.112
978282000000,0.119
978285600000,0.135
978289200000,0.158
978292800000,0.201
978296400000,0.265
978300000000,0.305
978303600000,0.33
