,L5
725846400000,0.125
725850000000,0.092
725853600000,0.034
725857200000,0.004
725860800000,0.001
725864400000,0.002
725868000000,0.013
725871600000,0.039
725875200000,0.081
725878800000,0.155
725882400000,0.205
725886000000,0.197
725889600000,0.15
725893200000,0.084
725896800000,0.025
725900400000,0.003
725904000000,0.007
725907600000,0.035
725911200000,0.078
725914800000,0.115
725918400000,0.132
725922000000,0.105
725925600000,0.067
725929200000,0.031
725932800000,0.029
725936400000,0.011
725940000000,0.006
725943600000,0.013
725947200000,0.033
725950800000,0.062
725954400000,0.104
725958000000,0.161
725961600000,0.243
725965200000,0.344
725968800000,0.388
725972400000,0.352
725976000000,0.26
725979600000,0.146
725983200000,0.058
725986800000,0.013
725990400000,0.004
725994000000,0.009
725997600000,0.033
726001200000,0.063
726004800000,0.087
726008400000,0.101
726012000000,0.102
726015600000,0.087
726019200000,0.096
726022800000,0.055
726026400000,0.012
726030000000,0.001
726033600000,0.0
726037200000,0.0
726040800000,0.005
726044400000,0.025
726048000000,0.05
726051600000,0.072
726055200000,0.054
726058800000,0.027
726062400000,0.012
726066000000,0.007
726069600000,0.004
726073200000,0.002
726076800000,0.007
726080400000,0.02
726084000000,0.03
726087600000,0.048
726091200000,0.087
726094800000,0.104
726098400000,0.095
726102000000,0.073
726105600000,0.075
726109200000,0.036
726112800000,0.006
726116400000,0.001
726120000000,0.004
726123600000,0.026
726127200000,0.065
726130800000,0.089
726134400000,0.094
726138000000,0.097
726141600000,0.078
726145200000,0.042
726148800000,0.016
726152400000,0.003
726156000000,0.0
726159600000,0.0
726163200000,0.004
726166800000,0.059
726170400000,0.173
726174000000,0.274
726177600000,0.312
726181200000,0.3
726184800000,0.266
726188400000,0.208
726192000000,0.261
726195600000,0.225
726199200000,0.133
726202800000,0.08
726206400000,0.062
726210000000,0.061
726213600000,0.073
726217200000,0.102
726220800000,0.128
726224400000,0.114
726228000000,0.057
726231600000,0.009
726235200000,0.001
726238800000,0.006
726242400000,0.052
726246000000,0.118
726249600000,0.178
726253200000,0.213
726256800000,0.223
726260400000,0.242
726264000000,0.256
726267600000,0.248
726271200000,0.243
726274800000,0.192
726278400000,0.286
726282000000,0.274
726285600000,0.168
726289200000,0.093
726292800000,0.053
726296400000,0.029
726300000000,0.027
726303600000,0.038
726307200000,0.041
726310800000,0.032
726314400000,0.026
726318000000,0.019
726321600000,0.011
726325200000,0.006
726328800000,0.003
726332400000,0.009
726336000000,0.041
726339600000,0.076
726343200000,0.103
726346800000,0.138
726350400000,0.145
726354000000,0.1
726357600000,0.067
726361200000,0.037
726364800000,0.041
726368400000,0.058
726372000000,0.061
726375600000,0.067
726379200000,0.071
726382800000,0.074
726386400000,0.079
726390000000,0.089
726393600000,0.091
726397200000,0.084
726400800000,0.054
726404400000,0.01
726408000000,0.0
726411600000,0.006
726415200000,0.061
726418800000,0.139
726422400000,0.213
726426000000,0.233
726429600000,0.161
726433200000,0.076
726436800000,0.047
726440400000,0.045
726444000000,0.045
726447600000,0.029
726451200000,0.079
726454800000,0.096
726458400000,0.069
726462000000,0.041
726465600000,0.038
726469200000,0.044
726472800000,0.051
726476400000,0.055
726480000000,0.053
726483600000,0.027
726487200000,0.01
726490800000,0.004
726494400000,0.002
726498000000,0.024
726501600000,0.092
726505200000,0.164
726508800000,0.201
726512400000,0.238
726516000000,0.293
726519600000,0.302
726523200000,0.295
726526800000,0.247
726530400000,0.211
726534000000,0.162
726537600000,0.19
726541200000,0.189
726544800000,0.126
726548400000,0.099
726552000000,0.101
726555600000,0.101
726559200000,0.088
726562800000,0.069
726566400000,0.045
726570000000,0.022
726573600000,0.016
726577200000,0.008
726580800000,0.045
726584400000,0.101
726588000000,0.182
726591600000,0.263
726595200000,0.315
726598800000,0.337
726602400000,0.358
726606000000,0.368
726609600000,0.351
726613200000,0.303
726616800000,0.256
726620400000,0.187
726624000000,0.282
726627600000,0.289
726631200000,0.181
726634800000,0.096
726638400000,0.05
726642000000,0.045
726645600000,0.062
726649200000,0.112
726652800000,0.194
726656400000,0.268
726660000000,0.269
726663600000,0.19
726667200000,0.09
726670800000,0.039
726674400000,0.019
726678000000,0.018
726681600000,0.024
726685200000,0.033
726688800000,0.057
726692400000,0.087
726696000000,0.115
726699600000,0.139
726703200000,0.163
726706800000,0.143
726710400000,0.219
726714000000,0.223
726717600000,0.127
726721200000,0.051
726724800000,0.024
726728400000,0.035
726732000000,0.076
726735600000,0.108
726739200000,0.106
726742800000,0.107
726746400000,0.093
726750000000,0.071
726753600000,0.053
726757200000,0.039
726760800000,0.031
726764400000,0.025
726768000000,0.024
726771600000,0.034
726775200000,0.062
726778800000,0.098
726782400000,0.142
726786000000,0.193
726789600000,0.221
726793200000,0.16
726796800000,0.188
726800400000,0.202
726804000000,0.144
726807600000,0.101
726811200000,0.083
726814800000,0.081
726818400000,0.087
726822000000,0.09
726825600000,0.086
726829200000,0.061
726832800000,0.03
726836400000,0.011
726840000000,0.052
726843600000,0.16
726847200000,0.236
726850800000,0.31
726854400000,0.387
726858000000,0.434
726861600000,0.432
726865200000,0.391
726868800000,0.341
726872400000,0.314
726876000000,0.294
726879600000,0.233
726883200000,0.297
726886800000,0.244
726890400000,0.15
726894000000,0.096
726897600000,0.061
726901200000,0.035
726904800000,0.026
726908400000,0.038
726912000000,0.049
726915600000,0.042
726919200000,0.029
726922800000,0.025
726926400000,0.015
726930000000,0.007
726933600000,0.006
726937200000,0.009
726940800000,0.017
726944400000,0.037
726948000000,0.045
726951600000,0.043
726955200000,0.035
726958800000,0.045
726962400000,0.081
726966000000,0.123
726969600000,0.218
726973200000,0.252
726976800000,0.188
726980400000,0.119
726984000000,0.079
726987600000,0.025
726991200000,0.038
726994800000,0.041
726998400000,0.047
727002000000,0.048
727005600000,0.049
727009200000,0.041
727012800000,0.03
727016400000,0.018
727020000000,0.008
727023600000,0.005
727027200000,0.007
727030800000,0.009
727034400000,0.007
727038000000,0.006
727041600000,0.005
727045200000,0.008
727048800000,0.015
727052400000,0.014
727056000000,0.014
727059600000,0.011
727063200000,0.008
727066800000,0.011
727070400000,0.024
727074000000,0.054
727077600000,0.096
727081200000,0.145
727084800000,0.176
727088400000,0.201
727092000000,0.234
727095600000,0.281
727099200000,0.298
727102800000,0.254
727106400000,0.201
727110000000,0.17
727113600000,0.17
727117200000,0.183
727120800000,0.219
727124400000,0.283
727128000000,0.334
727131600000,0.341
727135200000,0.318
727138800000,0.289
727142400000,0.357
727146000000,0.502
727149600000,0.663
727153200000,0.781
727156800000,0.843
727160400000,0.87
727164000000,0.899
727167600000,0.94
727171200000,0.963
727174800000,0.964
727178400000,0.963
727182000000,0.963
727185600000,0.961
727189200000,0.938
727192800000,0.867
727196400000,0.676
727200000000,0.413
727203600000,0.227
727207200000,0.163
727210800000,0.158
727214400000,0.148
727218000000,0.138
727221600000,0.133
727225200000,0.126
727228800000,0.13
727232400000,0.125
727236000000,0.139
727239600000,0.153
727243200000,0.152
727246800000,0.144
727250400000,0.142
727254000000,0.161
727257600000,0.186
727261200000,0.232
727264800000,0.228
727268400000,0.14
727272000000,0.057
727275600000,0.012
727279200000,0.002
727282800000,0.0
727286400000,0.0
727290000000,0.0
727293600000,0.0
727297200000,0.001
727300800000,0.001
727304400000,0.002
727308000000,0.006
727311600000,0.007
727315200000,0.01
727318800000,0.013
727322400000,0.018
727326000000,0.03
727329600000,0.068
727333200000,0.144
727336800000,0.27
727340400000,0.432
727344000000,0.58
727347600000,0.69
727351200000,0.72
727354800000,0.678
727358400000,0.583
727362000000,0.471
727365600000,0.358
727369200000,0.259
727372800000,0.181
727376400000,0.121
727380000000,0.082
727383600000,0.054
727387200000,0.037
727390800000,0.035
727394400000,0.034
727398000000,0.033
727401600000,0.041
727405200000,0.051
727408800000,0.09
727412400000,0.17
727416000000,0.283
727419600000,0.407
727423200000,0.51
727426800000,0.586
727430400000,0.604
727434000000,0.578
727437600000,0.484
727441200000,0.397
727444800000,0.283
727448400000,0.171
727452000000,0.083
727455600000,0.037
727459200000,0.026
727462800000,0.023
727466400000,0.017
727470000000,0.011
727473600000,0.007
727477200000,0.003
727480800000,0.001
727484400000,0.0
727488000000,0.0
727491600000,0.001
727495200000,0.013
727498800000,0.05
727502400000,0.1
727506000000,0.161
727509600000,0.243
727513200000,0.353
727516800000,0.5
727520400000,0.61
727524000000,0.619
727527600000,0.578
727531200000,0.486
727534800000,0.383
727538400000,0.272
727542000000,0.168
727545600000,0.095
727549200000,0.05
727552800000,0.035
727556400000,0.03
727560000000,0.018
727563600000,0.012
727567200000,0.01
727570800000,0.01
727574400000,0.012
727578000000,0.012
727581600000,0.028
727585200000,0.092
727588800000,0.225
727592400000,0.413
727596000000,0.589
727599600000,0.7
727603200000,0.772
727606800000,0.82
727610400000,0.829
727614000000,0.802
727617600000,0.725
727621200000,0.615
727624800000,0.46
727628400000,0.333
727632000000,0.302
727635600000,0.248
727639200000,0.165
727642800000,0.094
727646400000,0.053
727650000000,0.037
727653600000,0.032
727657200000,0.031
727660800000,0.022
727664400000,0.005
727668000000,0.0
727671600000,0.0
727675200000,0.007
727678800000,0.088
727682400000,0.229
727686000000,0.391
727689600000,0.53
727693200000,0.628
727696800000,0.666
727700400000,0.674
727704000000,0.679
727707600000,0.679
727711200000,0.658
727714800000,0.576
727718400000,0.44
727722000000,0.283
727725600000,0.178
727729200000,0.128
727732800000,0.102
727736400000,0.085
727740000000,0.063
727743600000,0.031
727747200000,0.011
727750800000,0.006
727754400000,0.012
727758000000,0.048
727761600000,0.131
727765200000,0.235
727768800000,0.342
727772400000,0.447
727776000000,0.547
727779600000,0.601
727783200000,0.637
727786800000,0.692
727790400000,0.75
727794000000,0.779
727797600000,0.793
727801200000,0.808
727804800000,0.812
727808400000,0.815
727812000000,0.816
727815600000,0.804
727819200000,0.779
727822800000,0.762
727826400000,0.75
727830000000,0.748
727833600000,0.771
727837200000,0.777
727840800000,0.778
727844400000,0.761
727848000000,0.75
727851600000,0.764
727855200000,0.781
727858800000,0.794
727862400000,0.807
727866000000,0.805
727869600000,0.826
727873200000,0.851
727876800000,0.857
727880400000,0.851
727884000000,0.842
727887600000,0.821
727891200000,0.781
727894800000,0.747
727898400000,0.714
727902000000,0.697
727905600000,0.673
727909200000,0.652
727912800000,0.622
727916400000,0.563
727920000000,0.524
727923600000,0.525
727927200000,0.59
727930800000,0.658
727934400000,0.707
727938000000,0.745
727941600000,0.773
727945200000,0.793
727948800000,0.8
727952400000,0.799
727956000000,0.791
727959600000,0.792
727963200000,0.761
727966800000,0.736
727970400000,0.704
727974000000,0.663
727977600000,0.615
727981200000,0.535
727984800000,0.454
727988400000,0.379
727992000000,0.31
727995600000,0.22
727999200000,0.122
728002800000,0.05
728006400000,0.013
728010000000,0.002
728013600000,0.001
728017200000,0.016
728020800000,0.034
728024400000,0.045
728028000000,0.068
728031600000,0.101
728035200000,0.152
728038800000,0.253
728042400000,0.347
728046000000,0.374
728049600000,0.354
728053200000,0.319
728056800000,0.308
728060400000,0.292
728064000000,0.282
728067600000,0.298
728071200000,0.329
728074800000,0.369
728078400000,0.413
728082000000,0.465
728085600000,0.527
728089200000,0.586
728092800000,0.652
728096400000,0.714
728100000000,0.785
728103600000,0.851
728107200000,0.903
728110800000,0.936
728114400000,0.955
728118000000,0.964
728121600000,0.966
728125200000,0.966
728128800000,0.964
728132400000,0.959
728136000000,0.939
728139600000,0.902
728143200000,0.833
728146800000,0.729
728150400000,0.628
728154000000,0.557
728157600000,0.528
728161200000,0.536
728164800000,0.56
728168400000,0.575
728172000000,0.552
728175600000,0.494
728179200000,0.417
728182800000,0.32
728186400000,0.234
728190000000,0.164
728193600000,0.128
728197200000,0.123
728200800000,0.161
728204400000,0.246
728208000000,0.375
728211600000,0.506
728215200000,0.605
728218800000,0.626
728222400000,0.564
728226000000,0.471
728229600000,0.358
728233200000,0.26
728236800000,0.195
728240400000,0.16
728244000000,0.147
728247600000,0.154
728251200000,0.16
728254800000,0.163
728258400000,0.171
728262000000,0.157
728265600000,0.162
728269200000,0.112
728272800000,0.058
728276400000,0.037
728280000000,0.037
728283600000,0.041
728287200000,0.047
728290800000,0.058
728294400000,0.068
728298000000,0.079
728301600000,0.093
728305200000,0.117
728308800000,0.157
728312400000,0.195
728316000000,0.179
728319600000,0.154
728323200000,0.123
728326800000,0.097
728330400000,0.093
728334000000,0.103
728337600000,0.111
728341200000,0.12
728344800000,0.119
728348400000,0.125
728352000000,0.152
728355600000,0.128
728359200000,0.081
728362800000,0.048
728366400000,0.036
728370000000,0.04
728373600000,0.057
728377200000,0.089
728380800000,0.128
728384400000,0.165
728388000000,0.157
728391600000,0.115
728395200000,0.085
728398800000,0.08
728402400000,0.135
728406000000,0.208
728409600000,0.209
728413200000,0.193
728416800000,0.179
728420400000,0.162
728424000000,0.144
728427600000,0.138
728431200000,0.132
728434800000,0.126
728438400000,0.126
728442000000,0.081
728445600000,0.027
728449200000,0.012
728452800000,0.026
728456400000,0.068
728460000000,0.138
728463600000,0.236
728467200000,0.333
728470800000,0.379
728474400000,0.311
728478000000,0.171
728481600000,0.058
728485200000,0.034
728488800000,0.062
728492400000,0.09
728496000000,0.104
728499600000,0.112
728503200000,0.127
728506800000,0.145
728510400000,0.156
728514000000,0.161
728517600000,0.152
728521200000,0.119
728524800000,0.112
728528400000,0.079
728532000000,0.057
728535600000,0.07
728539200000,0.105
728542800000,0.155
728546400000,0.206
728550000000,0.234
728553600000,0.233
728557200000,0.272
728560800000,0.414
728564400000,0.563
728568000000,0.635
728571600000,0.566
728575200000,0.445
728578800000,0.366
728582400000,0.342
728586000000,0.366
728589600000,0.435
728593200000,0.485
728596800000,0.506
728600400000,0.513
728604000000,0.514
728607600000,0.523
728611200000,0.462
728614800000,0.31
728618400000,0.176
728622000000,0.107
728625600000,0.082
728629200000,0.072
728632800000,0.098
728636400000,0.186
728640000000,0.368
728643600000,0.577
728647200000,0.668
728650800000,0.684
728654400000,0.652
728658000000,0.615
728661600000,0.578
728665200000,0.538
728668800000,0.511
728672400000,0.481
728676000000,0.459
728679600000,0.424
728683200000,0.404
728686800000,0.357
728690400000,0.266
728694000000,0.231
728697600000,0.264
728701200000,0.177
728704800000,0.084
728708400000,0.028
728712000000,0.005
728715600000,0.001
728719200000,0.003
728722800000,0.01
728726400000,0.015
728730000000,0.01
728733600000,0.005
728737200000,0.016
728740800000,0.112
728744400000,0.293
728748000000,0.35
728751600000,0.346
728755200000,0.32
728758800000,0.278
728762400000,0.241
728766000000,0.218
728769600000,0.188
728773200000,0.161
728776800000,0.136
728780400000,0.108
728784000000,0.097
728787600000,0.053
728791200000,0.026
728794800000,0.027
728798400000,0.048
728802000000,0.087
728805600000,0.135
728809200000,0.183
728812800000,0.214
728816400000,0.206
728820000000,0.116
728823600000,0.025
728827200000,0.0
728830800000,0.005
728834400000,0.027
728838000000,0.059
728841600000,0.085
728845200000,0.09
728848800000,0.093
728852400000,0.102
728856000000,0.124
728859600000,0.138
728863200000,0.119
728866800000,0.084
728870400000,0.076
728874000000,0.034
728877600000,0.016
728881200000,0.02
728884800000,0.039
728888400000,0.08
728892000000,0.128
728895600000,0.153
728899200000,0.14
728902800000,0.086
728906400000,0.011
728910000000,0.001
728913600000,0.036
728917200000,0.142
728920800000,0.253
728924400000,0.314
728928000000,0.298
728931600000,0.285
728935200000,0.278
728938800000,0.271
728942400000,0.277
728946000000,0.289
728949600000,0.275
728953200000,0.236
728956800000,0.211
728960400000,0.122
728964000000,0.028
728967600000,0.005
728971200000,0.02
728974800000,0.089
728978400000,0.187
728982000000,0.267
728985600000,0.323
728989200000,0.345
728992800000,0.317
728996400000,0.288
729000000000,0.247
729003600000,0.197
729007200000,0.141
729010800000,0.086
729014400000,0.048
729018000000,0.026
729021600000,0.013
729025200000,0.007
729028800000,0.005
729032400000,0.004
729036000000,0.004
729039600000,0.004
729043200000,0.007
729046800000,0.018
729050400000,0.054
729054000000,0.125
729057600000,0.217
729061200000,0.296
729064800000,0.345
729068400000,0.367
729072000000,0.362
729075600000,0.358
729079200000,0.374
729082800000,0.42
729086400000,0.48
729090000000,0.513
729093600000,0.488
729097200000,0.388
729100800000,0.236
729104400000,0.083
729108000000,0.016
729111600000,0.013
729115200000,0.039
729118800000,0.098
729122400000,0.146
729126000000,0.164
729129600000,0.211
729133200000,0.187
729136800000,0.112
729140400000,0.037
729144000000,0.002
729147600000,0.006
729151200000,0.008
729154800000,0.025
729158400000,0.053
729162000000,0.058
729165600000,0.047
729169200000,0.021
729172800000,0.003
729176400000,0.003
729180000000,0.044
729183600000,0.133
729187200000,0.217
729190800000,0.245
729194400000,0.233
729198000000,0.205
729201600000,0.182
729205200000,0.155
729208800000,0.134
729212400000,0.104
729216000000,0.067
729219600000,0.016
729223200000,0.0
729226800000,0.001
729230400000,0.031
729234000000,0.12
729237600000,0.249
729241200000,0.376
729244800000,0.442
729248400000,0.419
729252000000,0.331
729255600000,0.245
729259200000,0.161
729262800000,0.105
729266400000,0.086
729270000000,0.072
729273600000,0.059
729277200000,0.042
729280800000,0.022
729284400000,0.009
729288000000,0.004
729291600000,0.003
729295200000,0.002
729298800000,0.003
729302400000,0.002
729306000000,0.0
729309600000,0.001
729313200000,0.012
729316800000,0.043
729320400000,0.087
729324000000,0.136
729327600000,0.185
729331200000,0.217
729334800000,0.216
729338400000,0.181
729342000000,0.114
729345600000,0.044
729349200000,0.005
729352800000,0.0
729356400000,0.0
729360000000,0.0
729363600000,0.004
729367200000,0.011
729370800000,0.019
729374400000,0.021
729378000000,0.019
729381600000,0.015
729385200000,0.006
729388800000,0.0
729392400000,0.0
729396000000,0.003
729399600000,0.043
729403200000,0.099
729406800000,0.135
729410400000,0.153
729414000000,0.171
729417600000,0.201
729421200000,0.254
729424800000,0.309
729428400000,0.311
729432000000,0.294
729435600000,0.272
729439200000,0.202
729442800000,0.11
729446400000,0.032
729450000000,0.002
729453600000,0.0
729457200000,0.0
729460800000,0.001
729464400000,0.002
729468000000,0.004
729471600000,0.003
729475200000,0.002
729478800000,0.0
729482400000,0.0
729486000000,0.002
729489600000,0.018
729493200000,0.065
729496800000,0.124
729500400000,0.192
729504000000,0.287
729507600000,0.407
729511200000,0.431
729514800000,0.346
729518400000,0.226
729522000000,0.099
729525600000,0.016
729529200000,0.003
729532800000,0.013
729536400000,0.03
729540000000,0.041
729543600000,0.044
729547200000,0.031
729550800000,0.023
729554400000,0.017
729558000000,0.018
729561600000,0.016
729565200000,0.009
729568800000,0.008
729572400000,0.021
729576000000,0.044
729579600000,0.066
729583200000,0.096
729586800000,0.136
729590400000,0.174
729594000000,0.239
729597600000,0.234
729601200000,0.148
729604800000,0.073
729608400000,0.02
729612000000,0.007
729615600000,0.033
729619200000,0.08
729622800000,0.095
729626400000,0.096
729630000000,0.078
729633600000,0.054
729637200000,0.042
729640800000,0.043
729644400000,0.037
729648000000,0.01
729651600000,0.0
729655200000,0.001
729658800000,0.02
729662400000,0.084
729666000000,0.14
729669600000,0.183
729673200000,0.261
729676800000,0.358
729680400000,0.404
729684000000,0.352
729687600000,0.244
729691200000,0.112
729694800000,0.013
729698400000,0.001
729702000000,0.018
729705600000,0.065
729709200000,0.087
729712800000,0.093
729716400000,0.093
729720000000,0.095
729723600000,0.115
729727200000,0.141
729730800000,0.172
729734400000,0.188
729738000000,0.121
729741600000,0.043
729745200000,0.006
729748800000,0.001
729752400000,0.009
729756000000,0.054
729759600000,0.141
729763200000,0.261
729766800000,0.311
729770400000,0.225
729774000000,0.104
729777600000,0.036
729781200000,0.009
729784800000,0.002
729788400000,0.0
729792000000,0.0
729795600000,0.0
729799200000,0.0
729802800000,0.0
729806400000,0.0
729810000000,0.0
729813600000,0.0
729817200000,0.0
729820800000,0.001
729824400000,0.017
729828000000,0.072
729831600000,0.142
729835200000,0.209
729838800000,0.249
729842400000,0.248
729846000000,0.22
729849600000,0.193
729853200000,0.185
729856800000,0.193
729860400000,0.22
729864000000,0.264
729867600000,0.305
729871200000,0.316
729874800000,0.294
729878400000,0.257
729882000000,0.222
729885600000,0.192
729889200000,0.154
729892800000,0.113
729896400000,0.07
729900000000,0.035
729903600000,0.021
729907200000,0.013
729910800000,0.003
729914400000,0.001
729918000000,0.002
729921600000,0.01
729925200000,0.042
729928800000,0.103
729932400000,0.157
729936000000,0.17
729939600000,0.17
729943200000,0.142
729946800000,0.081
729950400000,0.022
729954000000,0.001
729957600000,0.0
729961200000,0.001
729964800000,0.003
729968400000,0.008
729972000000,0.015
729975600000,0.03
729979200000,0.054
729982800000,0.08
729986400000,0.07
729990000000,0.056
729993600000,0.05
729997200000,0.028
730000800000,0.022
730004400000,0.036
730008000000,0.068
730011600000,0.104
730015200000,0.137
730018800000,0.181
730022400000,0.232
730026000000,0.232
730029600000,0.135
730033200000,0.042
730036800000,0.002
730040400000,0.0
730044000000,0.008
730047600000,0.039
730051200000,0.057
730054800000,0.053
730058400000,0.035
730062000000,0.024
730065600000,0.022
730069200000,0.019
730072800000,0.013
730076400000,0.027
730080000000,0.044
730083600000,0.019
730087200000,0.016
730090800000,0.03
730094400000,0.053
730098000000,0.092
730101600000,0.141
730105200000,0.161
730108800000,0.133
730112400000,0.084
730116000000,0.034
730119600000,0.009
730123200000,0.002
730126800000,0.0
730130400000,0.0
730134000000,0.003
730137600000,0.017
730141200000,0.03
730144800000,0.033
730148400000,0.035
730152000000,0.038
730155600000,0.038
730159200000,0.03
730162800000,0.042
730166400000,0.062
730170000000,0.051
730173600000,0.016
730177200000,0.005
730180800000,0.008
730184400000,0.02
730188000000,0.065
730191600000,0.155
730195200000,0.237
730198800000,0.272
730202400000,0.213
730206000000,0.122
730209600000,0.06
730213200000,0.023
730216800000,0.005
730220400000,0.0
730224000000,0.0
730227600000,0.0
730231200000,0.0
730234800000,0.0
730238400000,0.0
730242000000,0.0
730245600000,0.0
730249200000,0.0
730252800000,0.0
730256400000,0.001
730260000000,0.009
730263600000,0.037
730267200000,0.069
730270800000,0.111
730274400000,0.153
730278000000,0.196
730281600000,0.245
730285200000,0.316
730288800000,0.332
730292400000,0.308
730296000000,0.271
730299600000,0.221
730303200000,0.181
730306800000,0.156
730310400000,0.137
730314000000,0.135
730317600000,0.148
730321200000,0.17
730324800000,0.195
730328400000,0.22
730332000000,0.23
730335600000,0.231
730339200000,0.268
730342800000,0.297
730346400000,0.341
730350000000,0.41
730353600000,0.499
730357200000,0.587
730360800000,0.655
730364400000,0.71
730368000000,0.752
730371600000,0.769
730375200000,0.706
730378800000,0.559
730382400000,0.337
730386000000,0.134
730389600000,0.025
730393200000,0.002
730396800000,0.008
730400400000,0.026
730404000000,0.042
730407600000,0.049
730411200000,0.06
730414800000,0.067
730418400000,0.072
730422000000,0.064
730425600000,0.039
730429200000,0.015
730432800000,0.008
730436400000,0.015
730440000000,0.037
730443600000,0.064
730447200000,0.088
730450800000,0.105
730454400000,0.101
730458000000,0.057
730461600000,0.014
730465200000,0.17
730468800000,0.48
730472400000,0.582
730476000000,0.519
730479600000,0.415
730483200000,0.311
730486800000,0.245
730490400000,0.206
730494000000,0.203
730497600000,0.227
730501200000,0.256
730504800000,0.266
730508400000,0.311
730512000000,0.252
730515600000,0.135
730519200000,0.059
730522800000,0.039
730526400000,0.044
730530000000,0.058
730533600000,0.08
730537200000,0.1
730540800000,0.096
730544400000,0.039
730548000000,0.002
730551600000,0.006
730555200000,0.11
730558800000,0.232
730562400000,0.284
730566000000,0.291
730569600000,0.248
730573200000,0.204
730576800000,0.167
730580400000,0.143
730584000000,0.133
730587600000,0.127
730591200000,0.118
730594800000,0.135
730598400000,0.127
730602000000,0.058
730605600000,0.013
730609200000,0.007
730612800000,0.018
730616400000,0.041
730620000000,0.082
730623600000,0.134
730627200000,0.146
730630800000,0.094
730634400000,0.026
730638000000,0.004
730641600000,0.002
730645200000,0.012
730648800000,0.043
730652400000,0.072
730656000000,0.093
730659600000,0.112
730663200000,0.132
730666800000,0.155
730670400000,0.197
730674000000,0.232
730677600000,0.235
730681200000,0.249
730684800000,0.196
730688400000,0.09
730692000000,0.019
730695600000,0.007
730699200000,0.016
730702800000,0.054
730706400000,0.126
730710000000,0.221
730713600000,0.291
730717200000,0.297
730720800000,0.233
730724400000,0.145
730728000000,0.071
730731600000,0.022
730735200000,0.005
730738800000,0.001
730742400000,0.011
730746000000,0.037
730749600000,0.074
730753200000,0.115
730756800000,0.136
730760400000,0.168
730764000000,0.181
730767600000,0.282
730771200000,0.325
730774800000,0.218
730778400000,0.088
730782000000,0.01
730785600000,0.01
730789200000,0.018
730792800000,0.068
730796400000,0.154
730800000000,0.213
730803600000,0.208
730807200000,0.145
730810800000,0.086
730814400000,0.049
730818000000,0.026
730821600000,0.013
730825200000,0.01
730828800000,0.014
730832400000,0.018
730836000000,0.024
730839600000,0.031
730843200000,0.037
730846800000,0.038
730850400000,0.031
730854000000,0.039
730857600000,0.026
730861200000,0.01
730864800000,0.025
730868400000,0.098
730872000000,0.226
730875600000,0.347
730879200000,0.432
730882800000,0.491
730886400000,0.523
730890000000,0.541
730893600000,0.538
730897200000,0.519
730900800000,0.469
730904400000,0.396
730908000000,0.338
730911600000,0.282
730915200000,0.243
730918800000,0.215
730922400000,0.193
730926000000,0.155
730929600000,0.091
730933200000,0.039
730936800000,0.024
730940400000,0.028
730944000000,0.018
730947600000,0.002
730951200000,0.002
730954800000,0.035
730958400000,0.167
730962000000,0.376
730965600000,0.614
730969200000,0.774
730972800000,0.845
730976400000,0.855
730980000000,0.789
730983600000,0.607
730987200000,0.422
730990800000,0.435
730994400000,0.422
730998000000,0.278
731001600000,0.159
731005200000,0.139
731008800000,0.153
731012400000,0.172
731016000000,0.18
731019600000,0.182
731023200000,0.178
731026800000,0.211
731030400000,0.176
731034000000,0.101
731037600000,0.077
731041200000,0.093
731044800000,0.123
731048400000,0.15
731052000000,0.168
731055600000,0.176
731059200000,0.144
731062800000,0.07
731066400000,0.035
731070000000,0.159
731073600000,0.363
731077200000,0.476
731080800000,0.395
731084400000,0.264
731088000000,0.17
731091600000,0.107
731095200000,0.065
731098800000,0.045
731102400000,0.037
731106000000,0.037
731109600000,0.041
731113200000,0.041
731116800000,0.018
731120400000,0.004
731124000000,0.006
731127600000,0.024
731131200000,0.066
731134800000,0.131
731138400000,0.204
731142000000,0.266
731145600000,0.317
731149200000,0.37
731152800000,0.383
731156400000,0.316
731160000000,0.208
731163600000,0.1
731167200000,0.027
731170800000,0.002
731174400000,0.0
731178000000,0.0
731181600000,0.001
731185200000,0.004
731188800000,0.008
731192400000,0.011
731196000000,0.008
731199600000,0.003
731203200000,0.001
731206800000,0.002
731210400000,0.013
731214000000,0.045
731217600000,0.097
731221200000,0.172
731224800000,0.269
731228400000,0.388
731232000000,0.517
731235600000,0.611
731239200000,0.628
731242800000,0.553
731246400000,0.388
731250000000,0.195
731253600000,0.053
731257200000,0.001
731260800000,0.0
731264400000,0.004
731268000000,0.028
731271600000,0.07
731275200000,0.114
731278800000,0.13
731282400000,0.124
731286000000,0.147
731289600000,0.127
731293200000,0.063
731296800000,0.02
731300400000,0.03
731304000000,0.044
731307600000,0.085
731311200000,0.155
731314800000,0.205
731318400000,0.207
731322000000,0.192
731325600000,0.147
731329200000,0.077
731332800000,0.016
731336400000,0.002
731340000000,0.014
731343600000,0.038
731347200000,0.053
731350800000,0.057
731354400000,0.063
731358000000,0.068
731361600000,0.068
731365200000,0.06
731368800000,0.041
731372400000,0.056
731376000000,0.07
731379600000,0.048
731383200000,0.033
731386800000,0.045
731390400000,0.094
731394000000,0.153
731397600000,0.181
731401200000,0.183
731404800000,0.169
731408400000,0.147
731412000000,0.118
731415600000,0.081
731419200000,0.045
731422800000,0.017
731426400000,0.004
731430000000,0.001
731433600000,0.0
731437200000,0.0
731440800000,0.0
731444400000,0.001
731448000000,0.002
731451600000,0.002
731455200000,0.002
731458800000,0.006
731462400000,0.008
731466000000,0.007
731469600000,0.006
731473200000,0.013
731476800000,0.048
731480400000,0.121
731484000000,0.219
731487600000,0.295
731491200000,0.332
731494800000,0.311
731498400000,0.195
731502000000,0.057
731505600000,0.003
731509200000,0.003
731512800000,0.069
731516400000,0.177
731520000000,0.245
731523600000,0.231
731527200000,0.194
731530800000,0.151
731534400000,0.117
731538000000,0.112
731541600000,0.098
731545200000,0.142
731548800000,0.144
731552400000,0.077
731556000000,0.026
731559600000,0.027
731563200000,0.045
731566800000,0.072
731570400000,0.107
731574000000,0.142
731577600000,0.138
731581200000,0.102
731584800000,0.041
731588400000,0.003
731592000000,0.005
731595600000,0.12
731599200000,0.278
731602800000,0.352
731606400000,0.344
731610000000,0.31
731613600000,0.27
731617200000,0.238
731620800000,0.215
731624400000,0.178
731628000000,0.141
731631600000,0.205
731635200000,0.238
731638800000,0.155
731642400000,0.055
731646000000,0.017
731649600000,0.041
731653200000,0.06
731656800000,0.087
731660400000,0.128
731664000000,0.144
731667600000,0.117
731671200000,0.058
731674800000,0.012
731678400000,0.004
731682000000,0.017
731685600000,0.093
731689200000,0.23
731692800000,0.314
731696400000,0.323
731700000000,0.291
731703600000,0.241
731707200000,0.197
731710800000,0.16
731714400000,0.143
731718000000,0.179
731721600000,0.16
731725200000,0.089
731728800000,0.063
731732400000,0.079
731736000000,0.12
731739600000,0.201
731743200000,0.291
731746800000,0.331
731750400000,0.304
731754000000,0.226
731757600000,0.112
731761200000,0.022
731764800000,0.005
731768400000,0.004
731772000000,0.051
731775600000,0.126
731779200000,0.193
731782800000,0.233
731786400000,0.235
731790000000,0.221
731793600000,0.206
731797200000,0.198
731800800000,0.167
731804400000,0.186
731808000000,0.116
731811600000,0.037
731815200000,0.035
731818800000,0.096
731822400000,0.228
731826000000,0.391
731829600000,0.52
731833200000,0.593
731836800000,0.633
731840400000,0.644
731844000000,0.588
731847600000,0.458
731851200000,0.315
731854800000,0.193
731858400000,0.098
731862000000,0.031
731865600000,0.005
731869200000,0.001
731872800000,0.001
731876400000,0.006
731880000000,0.028
731883600000,0.052
731887200000,0.057
731890800000,0.069
731894400000,0.046
731898000000,0.009
731901600000,0.0
731905200000,0.006
731908800000,0.037
731912400000,0.109
731916000000,0.201
731919600000,0.259
731923200000,0.232
731926800000,0.152
731930400000,0.054
731934000000,0.007
731937600000,0.002
731941200000,0.068
731944800000,0.206
731948400000,0.281
731952000000,0.255
731955600000,0.238
731959200000,0.237
731962800000,0.241
731966400000,0.259
731970000000,0.278
731973600000,0.282
731977200000,0.34
731980800000,0.313
731984400000,0.236
731988000000,0.155
731991600000,0.101
731995200000,0.062
731998800000,0.052
732002400000,0.105
732006000000,0.144
732009600000,0.164
732013200000,0.179
732016800000,0.167
732020400000,0.101
732024000000,0.062
732027600000,0.048
732031200000,0.077
732034800000,0.153
732038400000,0.231
732042000000,0.305
732045600000,0.362
732049200000,0.376
732052800000,0.403
732056400000,0.414
732060000000,0.403
732063600000,0.469
732067200000,0.391
732070800000,0.241
732074400000,0.099
732078000000,0.014
732081600000,0.0
732085200000,0.008
732088800000,0.073
732092400000,0.159
732096000000,0.204
732099600000,0.223
732103200000,0.192
732106800000,0.109
732110400000,0.047
732114000000,0.025
732117600000,0.021
732121200000,0.03
732124800000,0.046
732128400000,0.084
732132000000,0.137
732135600000,0.185
732139200000,0.195
732142800000,0.186
732146400000,0.165
732150000000,0.179
732153600000,0.117
732157200000,0.041
732160800000,0.002
732164400000,0.0
732168000000,0.006
732171600000,0.079
732175200000,0.2
732178800000,0.289
732182400000,0.305
732186000000,0.237
732189600000,0.145
732193200000,0.073
732196800000,0.035
732200400000,0.023
732204000000,0.019
732207600000,0.013
732211200000,0.004
732214800000,0.0
732218400000,0.0
732222000000,0.0
732225600000,0.0
732229200000,0.0
732232800000,0.0
732236400000,0.0
732240000000,0.0
732243600000,0.0
732247200000,0.009
732250800000,0.038
732254400000,0.06
732258000000,0.047
732261600000,0.028
732265200000,0.045
732268800000,0.115
732272400000,0.192
732276000000,0.226
732279600000,0.203
732283200000,0.173
732286800000,0.143
732290400000,0.092
732294000000,0.032
732297600000,0.004
732301200000,0.001
732304800000,0.0
732308400000,0.0
732312000000,0.0
732315600000,0.0
732319200000,0.0
732322800000,0.001
732326400000,0.005
732330000000,0.008
732333600000,0.01
732337200000,0.013
732340800000,0.015
732344400000,0.035
732348000000,0.076
732351600000,0.078
732355200000,0.048
732358800000,0.041
732362400000,0.076
732366000000,0.137
732369600000,0.141
732373200000,0.063
732376800000,0.005
732380400000,0.0
732384000000,0.0
732387600000,0.0
732391200000,0.0
732394800000,0.0
732398400000,0.0
732402000000,0.0
732405600000,0.0
732409200000,0.0
732412800000,0.0
732416400000,0.0
732420000000,0.0
732423600000,0.008
732427200000,0.047
732430800000,0.106
732434400000,0.159
732438000000,0.191
732441600000,0.194
732445200000,0.177
732448800000,0.142
732452400000,0.104
732456000000,0.082
732459600000,0.072
732463200000,0.066
732466800000,0.061
732470400000,0.061
732474000000,0.062
732477600000,0.058
732481200000,0.046
732484800000,0.032
732488400000,0.017
732492000000,0.004
732495600000,0.0
732499200000,0.0
732502800000,0.0
732506400000,0.0
732510000000,0.004
732513600000,0.036
732517200000,0.111
732520800000,0.202
732524400000,0.267
732528000000,0.289
732531600000,0.261
732535200000,0.186
732538800000,0.094
732542400000,0.028
732546000000,0.002
732549600000,0.0
732553200000,0.0
732556800000,0.007
732560400000,0.029
732564000000,0.06
732567600000,0.094
732571200000,0.126
732574800000,0.133
732578400000,0.115
732582000000,0.107
732585600000,0.084
732589200000,0.055
732592800000,0.031
732596400000,0.017
732600000000,0.011
732603600000,0.009
732607200000,0.017
732610800000,0.057
732614400000,0.101
732618000000,0.096
732621600000,0.058
732625200000,0.019
732628800000,0.007
732632400000,0.015
732636000000,0.048
732639600000,0.07
732643200000,0.058
732646800000,0.04
732650400000,0.024
732654000000,0.017
732657600000,0.015
732661200000,0.012
732664800000,0.011
732668400000,0.046
732672000000,0.067
732675600000,0.053
732679200000,0.038
732682800000,0.039
732686400000,0.052
732690000000,0.082
732693600000,0.101
732697200000,0.09
732700800000,0.064
732704400000,0.037
732708000000,0.015
732711600000,0.007
732715200000,0.006
732718800000,0.018
732722400000,0.04
732726000000,0.058
732729600000,0.068
732733200000,0.083
732736800000,0.125
732740400000,0.146
732744000000,0.14
732747600000,0.124
732751200000,0.1
732754800000,0.144
732758400000,0.197
732762000000,0.184
732765600000,0.097
732769200000,0.07
732772800000,0.131
732776400000,0.148
732780000000,0.159
732783600000,0.169
732787200000,0.17
732790800000,0.14
732794400000,0.069
732798000000,0.021
732801600000,0.041
732805200000,0.125
732808800000,0.158
732812400000,0.172
732816000000,0.181
732819600000,0.193
732823200000,0.243
732826800000,0.29
732830400000,0.32
732834000000,0.303
732837600000,0.259
732841200000,0.373
732844800000,0.416
732848400000,0.342
732852000000,0.222
732855600000,0.129
732859200000,0.132
732862800000,0.201
732866400000,0.233
732870000000,0.243
732873600000,0.238
732877200000,0.214
732880800000,0.169
732884400000,0.135
732888000000,0.114
732891600000,0.084
732895200000,0.101
732898800000,0.163
732902400000,0.209
732906000000,0.242
732909600000,0.29
732913200000,0.325
732916800000,0.357
732920400000,0.38
732924000000,0.376
732927600000,0.454
732931200000,0.348
732934800000,0.164
732938400000,0.038
732942000000,0.005
732945600000,0.016
732949200000,0.04
732952800000,0.112
732956400000,0.197
732960000000,0.256
732963600000,0.293
732967200000,0.276
732970800000,0.175
732974400000,0.084
732978000000,0.031
732981600000,0.009
732985200000,0.003
732988800000,0.0
732992400000,0.004
732996000000,0.017
732999600000,0.042
733003200000,0.078
733006800000,0.113
733010400000,0.153
733014000000,0.269
733017600000,0.296
733021200000,0.238
733024800000,0.157
733028400000,0.084
733032000000,0.029
733035600000,0.036
733039200000,0.054
733042800000,0.06
733046400000,0.057
733050000000,0.047
733053600000,0.028
733057200000,0.009
733060800000,0.006
733064400000,0.007
733068000000,0.004
733071600000,0.001
733075200000,0.009
733078800000,0.046
733082400000,0.106
733086000000,0.168
733089600000,0.209
733093200000,0.232
733096800000,0.225
733100400000,0.249
733104000000,0.179
733107600000,0.071
733111200000,0.009
733114800000,0.0
733118400000,0.016
733122000000,0.121
733125600000,0.248
733129200000,0.32
733132800000,0.361
733136400000,0.364
733140000000,0.312
733143600000,0.226
733147200000,0.152
733150800000,0.095
733154400000,0.053
733158000000,0.02
733161600000,0.004
733165200000,0.001
733168800000,0.001
733172400000,0.004
733176000000,0.011
733179600000,0.022
733183200000,0.035
733186800000,0.049
733190400000,0.032
733194000000,0.007
733197600000,0.0
733201200000,0.0
733204800000,0.001
733208400000,0.056
733212000000,0.13
733215600000,0.19
733219200000,0.238
733222800000,0.265
733226400000,0.224
733230000000,0.122
733233600000,0.041
733237200000,0.005
733240800000,0.0
733244400000,0.0
733248000000,0.0
733251600000,0.001
733255200000,0.005
733258800000,0.013
733262400000,0.028
733266000000,0.045
733269600000,0.053
733273200000,0.047
733276800000,0.018
733280400000,0.001
733284000000,0.0
733287600000,0.0
733291200000,0.013
733294800000,0.076
733298400000,0.171
733302000000,0.259
733305600000,0.323
733309200000,0.358
733312800000,0.336
733316400000,0.281
733320000000,0.247
733323600000,0.227
733327200000,0.214
733330800000,0.196
733334400000,0.167
733338000000,0.137
733341600000,0.126
733345200000,0.124
733348800000,0.116
733352400000,0.107
733356000000,0.077
733359600000,0.045
733363200000,0.026
733366800000,0.012
733370400000,0.007
733374000000,0.008
733377600000,0.016
733381200000,0.054
733384800000,0.142
733388400000,0.237
733392000000,0.285
733395600000,0.282
733399200000,0.22
733402800000,0.114
733406400000,0.028
733410000000,0.001
733413600000,0.001
733417200000,0.033
733420800000,0.108
733424400000,0.181
733428000000,0.203
733431600000,0.189
733435200000,0.169
733438800000,0.153
733442400000,0.155
733446000000,0.196
733449600000,0.18
733453200000,0.115
733456800000,0.043
733460400000,0.01
733464000000,0.009
733467600000,0.015
733471200000,0.031
733474800000,0.055
733478400000,0.076
733482000000,0.091
733485600000,0.086
733489200000,0.055
733492800000,0.028
733496400000,0.014
733500000000,0.009
733503600000,0.006
733507200000,0.005
733510800000,0.008
733514400000,0.022
733518000000,0.045
733521600000,0.065
733525200000,0.074
733528800000,0.066
733532400000,0.033
733536000000,0.002
733539600000,0.0
733543200000,0.003
733546800000,0.039
733550400000,0.114
733554000000,0.194
733557600000,0.252
733561200000,0.289
733564800000,0.289
733568400000,0.286
733572000000,0.277
733575600000,0.241
733579200000,0.197
733582800000,0.152
733586400000,0.119
733590000000,0.098
733593600000,0.08
733597200000,0.065
733600800000,0.048
733604400000,0.03
733608000000,0.014
733611600000,0.006
733615200000,0.003
733618800000,0.002
733622400000,0.001
733626000000,0.0
733629600000,0.0
733633200000,0.004
733636800000,0.032
733640400000,0.088
733644000000,0.147
733647600000,0.187
733651200000,0.182
733654800000,0.151
733658400000,0.102
733662000000,0.041
733665600000,0.003
733669200000,0.0
733672800000,0.0
733676400000,0.004
733680000000,0.016
733683600000,0.02
733687200000,0.017
733690800000,0.012
733694400000,0.01
733698000000,0.007
733701600000,0.003
733705200000,0.0
733708800000,0.0
733712400000,0.0
733716000000,0.008
733719600000,0.054
733723200000,0.125
733726800000,0.188
733730400000,0.232
733734000000,0.241
733737600000,0.233
733741200000,0.22
733744800000,0.172
733748400000,0.107
733752000000,0.054
733755600000,0.021
733759200000,0.006
733762800000,0.001
733766400000,0.0
733770000000,0.0
733773600000,0.0
733777200000,0.0
733780800000,0.0
733784400000,0.0
733788000000,0.001
733791600000,0.001
733795200000,0.002
733798800000,0.003
733802400000,0.009
733806000000,0.03
733809600000,0.077
733813200000,0.149
733816800000,0.212
733820400000,0.238
733824000000,0.239
733827600000,0.237
733831200000,0.212
733834800000,0.151
733838400000,0.098
733842000000,0.056
733845600000,0.024
733849200000,0.007
733852800000,0.001
733856400000,0.0
733860000000,0.0
733863600000,0.0
733867200000,0.001
733870800000,0.005
733874400000,0.01
733878000000,0.012
733881600000,0.004
733885200000,0.0
733888800000,0.0
733892400000,0.009
733896000000,0.087
733899600000,0.217
733903200000,0.31
733906800000,0.334
733910400000,0.289
733914000000,0.208
733917600000,0.144
733921200000,0.116
733924800000,0.114
733928400000,0.13
733932000000,0.138
733935600000,0.131
733939200000,0.113
733942800000,0.082
733946400000,0.035
733950000000,0.009
733953600000,0.006
733957200000,0.008
733960800000,0.005
733964400000,0.01
733968000000,0.008
733971600000,0.011
733975200000,0.026
733978800000,0.064
733982400000,0.13
733986000000,0.233
733989600000,0.349
733993200000,0.438
733996800000,0.48
734000400000,0.48
734004000000,0.407
734007600000,0.246
734011200000,0.086
734014800000,0.004
734018400000,0.0
734022000000,0.007
734025600000,0.051
734029200000,0.108
734032800000,0.144
734036400000,0.161
734040000000,0.167
734043600000,0.174
734047200000,0.171
734050800000,0.141
734054400000,0.063
734058000000,0.006
734061600000,0.001
734065200000,0.005
734068800000,0.036
734072400000,0.121
734076000000,0.233
734079600000,0.32
734083200000,0.332
734086800000,0.291
734090400000,0.235
734094000000,0.185
734097600000,0.157
734101200000,0.133
734104800000,0.099
734108400000,0.058
734112000000,0.019
734115600000,0.002
734119200000,0.0
734122800000,0.0
734126400000,0.0
734130000000,0.0
734133600000,0.0
734137200000,0.0
734140800000,0.007
734144400000,0.049
734148000000,0.115
734151600000,0.173
734155200000,0.208
734158800000,0.235
734162400000,0.25
734166000000,0.266
734169600000,0.294
734173200000,0.334
734176800000,0.372
734180400000,0.374
734184000000,0.319
734187600000,0.233
734191200000,0.121
734194800000,0.028
734198400000,0.0
734202000000,0.0
734205600000,0.0
734209200000,0.0
734212800000,0.006
734216400000,0.03
734220000000,0.063
734223600000,0.083
734227200000,0.048
734230800000,0.007
734234400000,0.001
734238000000,0.002
734241600000,0.049
734245200000,0.161
734248800000,0.252
734252400000,0.272
734256000000,0.235
734259600000,0.194
734263200000,0.188
734266800000,0.171
734270400000,0.124
734274000000,0.066
734277600000,0.018
734281200000,0.001
734284800000,0.0
734288400000,0.0
734292000000,0.001
734295600000,0.011
734299200000,0.032
734302800000,0.068
734306400000,0.101
734310000000,0.105
734313600000,0.054
734317200000,0.008
734320800000,0.0
734324400000,0.002
734328000000,0.071
734331600000,0.216
734335200000,0.32
734338800000,0.363
734342400000,0.362
734346000000,0.32
734349600000,0.206
734353200000,0.079
734356800000,0.008
734360400000,0.0
734364000000,0.0
734367600000,0.014
734371200000,0.043
734374800000,0.06
734378400000,0.063
734382000000,0.051
734385600000,0.029
734389200000,0.006
734392800000,0.001
734396400000,0.006
734400000000,0.011
734403600000,0.013
734407200000,0.018
734410800000,0.042
734414400000,0.081
734418000000,0.121
734421600000,0.14
734425200000,0.143
734428800000,0.133
734432400000,0.112
734436000000,0.076
734439600000,0.033
734443200000,0.007
734446800000,0.001
734450400000,0.002
734454000000,0.01
734457600000,0.026
734461200000,0.045
734464800000,0.061
734468400000,0.074
734472000000,0.09
734475600000,0.089
734479200000,0.094
734482800000,0.105
734486400000,0.067
734490000000,0.016
734493600000,0.0
734497200000,0.0
734500800000,0.001
734504400000,0.007
734508000000,0.021
734511600000,0.041
734515200000,0.061
734518800000,0.085
734522400000,0.09
734526000000,0.071
734529600000,0.045
734533200000,0.024
734536800000,0.01
734540400000,0.005
734544000000,0.003
734547600000,0.001
734551200000,0.001
734554800000,0.001
734558400000,0.004
734562000000,0.015
734565600000,0.045
734569200000,0.118
734572800000,0.139
734576400000,0.091
734580000000,0.034
734583600000,0.021
734587200000,0.042
734590800000,0.096
734594400000,0.205
734598000000,0.341
734601600000,0.413
734605200000,0.4
734608800000,0.27
734612400000,0.118
734616000000,0.02
734619600000,0.001
734623200000,0.011
734626800000,0.056
734630400000,0.083
734634000000,0.07
734637600000,0.039
734641200000,0.013
734644800000,0.006
734648400000,0.006
734652000000,0.005
734655600000,0.032
734659200000,0.064
734662800000,0.074
734666400000,0.058
734670000000,0.03
734673600000,0.05
734677200000,0.058
734680800000,0.068
734684400000,0.09
734688000000,0.113
734691600000,0.107
734695200000,0.069
734698800000,0.045
734702400000,0.033
734706000000,0.02
734709600000,0.008
734713200000,0.002
734716800000,0.001
734720400000,0.001
734724000000,0.003
734727600000,0.01
734731200000,0.021
734734800000,0.032
734738400000,0.033
734742000000,0.068
734745600000,0.071
734749200000,0.054
734752800000,0.038
734756400000,0.038
734760000000,0.044
734763600000,0.052
734767200000,0.061
734770800000,0.061
734774400000,0.052
734778000000,0.035
734781600000,0.024
734785200000,0.025
734788800000,0.024
734792400000,0.035
734796000000,0.053
734799600000,0.072
734803200000,0.088
734806800000,0.097
734810400000,0.095
734814000000,0.093
734817600000,0.094
734821200000,0.107
734824800000,0.112
734828400000,0.186
734832000000,0.211
734835600000,0.145
734839200000,0.06
734842800000,0.02
734846400000,0.032
734850000000,0.046
734853600000,0.079
734857200000,0.106
734860800000,0.099
734864400000,0.075
734868000000,0.052
734871600000,0.03
734875200000,0.018
734878800000,0.011
734882400000,0.006
734886000000,0.003
734889600000,0.001
734893200000,0.0
734896800000,0.0
734900400000,0.0
734904000000,0.003
734907600000,0.021
734911200000,0.049
734914800000,0.07
734918400000,0.05
734922000000,0.016
734925600000,0.001
734929200000,0.0
734932800000,0.0
734936400000,0.005
734940000000,0.066
734943600000,0.137
734947200000,0.186
734950800000,0.238
734954400000,0.228
734958000000,0.179
734961600000,0.139
734965200000,0.112
734968800000,0.098
734972400000,0.084
734976000000,0.065
734979600000,0.05
734983200000,0.037
734986800000,0.027
734990400000,0.017
734994000000,0.009
734997600000,0.004
735001200000,0.003
735004800000,0.003
735008400000,0.002
735012000000,0.001
735015600000,0.005
735019200000,0.019
735022800000,0.079
735026400000,0.133
735030000000,0.175
735033600000,0.2
735037200000,0.212
735040800000,0.2
735044400000,0.153
735048000000,0.104
735051600000,0.074
735055200000,0.055
735058800000,0.035
735062400000,0.014
735066000000,0.004
735069600000,0.001
735073200000,0.001
735076800000,0.013
735080400000,0.054
735084000000,0.107
735087600000,0.174
735091200000,0.203
735094800000,0.155
735098400000,0.085
735102000000,0.041
735105600000,0.016
735109200000,0.008
735112800000,0.006
735116400000,0.007
735120000000,0.012
735123600000,0.025
735127200000,0.041
735130800000,0.026
735134400000,0.006
735138000000,0.0
735141600000,0.0
735145200000,0.0
735148800000,0.0
735152400000,0.0
735156000000,0.001
735159600000,0.004
735163200000,0.017
735166800000,0.036
735170400000,0.046
735174000000,0.059
735177600000,0.045
735181200000,0.017
735184800000,0.001
735188400000,0.0
735192000000,0.003
735195600000,0.047
735199200000,0.112
735202800000,0.168
735206400000,0.187
735210000000,0.192
735213600000,0.192
735217200000,0.183
735220800000,0.18
735224400000,0.177
735228000000,0.154
735231600000,0.118
735235200000,0.077
735238800000,0.04
735242400000,0.015
735246000000,0.006
735249600000,0.005
735253200000,0.011
735256800000,0.018
735260400000,0.035
735264000000,0.032
735267600000,0.013
735271200000,0.001
735274800000,0.0
735278400000,0.0
735282000000,0.003
735285600000,0.019
735289200000,0.032
735292800000,0.034
735296400000,0.028
735300000000,0.023
735303600000,0.02
735307200000,0.018
735310800000,0.016
735314400000,0.013
735318000000,0.011
735321600000,0.009
735325200000,0.006
735328800000,0.008
735332400000,0.018
735336000000,0.04
735339600000,0.076
735343200000,0.104
735346800000,0.144
735350400000,0.112
735354000000,0.047
735357600000,0.006
735361200000,0.0
735364800000,0.0
735368400000,0.007
735372000000,0.041
735375600000,0.099
735379200000,0.167
735382800000,0.214
735386400000,0.229
735390000000,0.216
735393600000,0.184
735397200000,0.144
735400800000,0.091
735404400000,0.039
735408000000,0.008
735411600000,0.001
735415200000,0.001
735418800000,0.007
735422400000,0.024
735426000000,0.046
735429600000,0.064
735433200000,0.083
735436800000,0.057
735440400000,0.017
735444000000,0.001
735447600000,0.0
735451200000,0.006
735454800000,0.045
735458400000,0.105
735462000000,0.164
735465600000,0.227
735469200000,0.278
735472800000,0.277
735476400000,0.241
735480000000,0.209
735483600000,0.174
735487200000,0.131
735490800000,0.086
735494400000,0.045
735498000000,0.015
735501600000,0.011
735505200000,0.044
735508800000,0.133
735512400000,0.241
735516000000,0.328
735519600000,0.376
735523200000,0.283
735526800000,0.146
735530400000,0.051
735534000000,0.012
735537600000,0.005
735541200000,0.008
735544800000,0.027
735548400000,0.054
735552000000,0.089
735555600000,0.131
735559200000,0.153
735562800000,0.073
735566400000,0.017
735570000000,0.003
735573600000,0.001
735577200000,0.0
735580800000,0.0
735584400000,0.0
735588000000,0.002
735591600000,0.014
735595200000,0.035
735598800000,0.047
735602400000,0.044
735606000000,0.049
735609600000,0.028
735613200000,0.009
735616800000,0.001
735620400000,0.0
735624000000,0.0
735627600000,0.001
735631200000,0.046
735634800000,0.12
735638400000,0.213
735642000000,0.312
735645600000,0.32
735649200000,0.243
735652800000,0.171
735656400000,0.119
735660000000,0.073
735663600000,0.027
735667200000,0.005
735670800000,0.001
735674400000,0.002
735678000000,0.01
735681600000,0.026
735685200000,0.049
735688800000,0.09
735692400000,0.128
735696000000,0.11
735699600000,0.055
735703200000,0.01
735706800000,0.0
735710400000,0.0
735714000000,0.032
735717600000,0.138
735721200000,0.273
735724800000,0.39
735728400000,0.479
735732000000,0.501
735735600000,0.442
735739200000,0.343
735742800000,0.233
735746400000,0.108
735750000000,0.016
735753600000,0.004
735757200000,0.054
735760800000,0.174
735764400000,0.3
735768000000,0.381
735771600000,0.342
735775200000,0.334
735778800000,0.325
735782400000,0.259
735786000000,0.151
735789600000,0.046
735793200000,0.002
735796800000,0.003
735800400000,0.002
735804000000,0.017
735807600000,0.064
735811200000,0.103
735814800000,0.106
735818400000,0.1
735822000000,0.054
735825600000,0.022
735829200000,0.013
735832800000,0.01
735836400000,0.003
735840000000,0.01
735843600000,0.031
735847200000,0.058
735850800000,0.08
735854400000,0.085
735858000000,0.068
735861600000,0.047
735865200000,0.037
735868800000,0.019
735872400000,0.007
735876000000,0.001
735879600000,0.0
735883200000,0.003
735886800000,0.004
735890400000,0.003
735894000000,0.008
735897600000,0.015
735901200000,0.014
735904800000,0.011
735908400000,0.002
735912000000,0.002
735915600000,0.004
735919200000,0.001
735922800000,0.001
735926400000,0.001
735930000000,0.002
735933600000,0.003
735937200000,0.006
735940800000,0.011
735944400000,0.015
735948000000,0.019
735951600000,0.076
735955200000,0.126
735958800000,0.132
735962400000,0.115
735966000000,0.087
735969600000,0.041
735973200000,0.027
735976800000,0.02
735980400000,0.015
735984000000,0.011
735987600000,0.011
735991200000,0.011
735994800000,0.011
735998400000,0.009
736002000000,0.005
736005600000,0.005
736009200000,0.008
736012800000,0.01
736016400000,0.012
736020000000,0.016
736023600000,0.025
736027200000,0.041
736030800000,0.054
736034400000,0.077
736038000000,0.124
736041600000,0.135
736045200000,0.119
736048800000,0.09
736052400000,0.061
736056000000,0.024
736059600000,0.012
736063200000,0.008
736066800000,0.021
736070400000,0.018
736074000000,0.011
736077600000,0.004
736081200000,0.002
736084800000,0.004
736088400000,0.009
736092000000,0.018
736095600000,0.022
736099200000,0.031
736102800000,0.046
736106400000,0.064
736110000000,0.088
736113600000,0.112
736117200000,0.125
736120800000,0.124
736124400000,0.18
736128000000,0.176
736131600000,0.132
736135200000,0.086
736138800000,0.046
736142400000,0.017
736146000000,0.006
736149600000,0.023
736153200000,0.027
736156800000,0.025
736160400000,0.016
736164000000,0.008
736167600000,0.007
736171200000,0.006
736174800000,0.008
736178400000,0.012
736182000000,0.024
736185600000,0.055
736189200000,0.089
736192800000,0.114
736196400000,0.131
736200000000,0.143
736203600000,0.153
736207200000,0.147
736210800000,0.149
736214400000,0.156
736218000000,0.133
736221600000,0.088
736225200000,0.054
736228800000,0.034
736232400000,0.022
736236000000,0.014
736239600000,0.004
736243200000,0.002
736246800000,0.002
736250400000,0.002
736254000000,0.003
736257600000,0.008
736261200000,0.02
736264800000,0.05
736268400000,0.095
736272000000,0.144
736275600000,0.2
736279200000,0.243
736282800000,0.276
736286400000,0.298
736290000000,0.311
736293600000,0.326
736297200000,0.374
736300800000,0.313
736304400000,0.208
736308000000,0.11
736311600000,0.043
736315200000,0.012
736318800000,0.005
736322400000,0.007
736326000000,0.033
736329600000,0.08
736333200000,0.109
736336800000,0.103
736340400000,0.05
736344000000,0.005
736347600000,0.0
736351200000,0.0
736354800000,0.011
736358400000,0.041
736362000000,0.077
736365600000,0.099
736369200000,0.106
736372800000,0.102
736376400000,0.094
736380000000,0.084
736383600000,0.076
736387200000,0.045
736390800000,0.017
736394400000,0.002
736398000000,0.0
736401600000,0.0
736405200000,0.0
736408800000,0.01
736412400000,0.073
736416000000,0.13
736419600000,0.187
736423200000,0.214
736426800000,0.188
736430400000,0.156
736434000000,0.133
736437600000,0.116
736441200000,0.095
736444800000,0.068
736448400000,0.045
736452000000,0.03
736455600000,0.022
736459200000,0.021
736462800000,0.028
736466400000,0.04
736470000000,0.05
736473600000,0.035
736477200000,0.011
736480800000,0.0
736484400000,0.0
736488000000,0.0
736491600000,0.017
736495200000,0.107
736498800000,0.188
736502400000,0.258
736506000000,0.303
736509600000,0.288
736513200000,0.212
736516800000,0.125
736520400000,0.057
736524000000,0.019
736527600000,0.008
736531200000,0.018
736534800000,0.066
736538400000,0.126
736542000000,0.169
736545600000,0.186
736549200000,0.181
736552800000,0.17
736556400000,0.166
736560000000,0.113
736563600000,0.05
736567200000,0.008
736570800000,0.0
736574400000,0.001
736578000000,0.014
736581600000,0.061
736585200000,0.121
736588800000,0.149
736592400000,0.149
736596000000,0.138
736599600000,0.079
736603200000,0.025
736606800000,0.003
736610400000,0.0
736614000000,0.0
736617600000,0.0
736621200000,0.0
736624800000,0.0
736628400000,0.002
736632000000,0.015
736635600000,0.043
736639200000,0.072
736642800000,0.062
736646400000,0.021
736650000000,0.001
736653600000,0.0
736657200000,0.001
736660800000,0.024
736664400000,0.084
736668000000,0.135
736671600000,0.157
736675200000,0.147
736678800000,0.126
736682400000,0.112
736686000000,0.087
736689600000,0.062
736693200000,0.042
736696800000,0.029
736700400000,0.02
736704000000,0.013
736707600000,0.009
736711200000,0.008
736714800000,0.01
736718400000,0.011
736722000000,0.009
736725600000,0.009
736729200000,0.013
736732800000,0.018
736736400000,0.022
736740000000,0.029
736743600000,0.05
736747200000,0.086
736750800000,0.126
736754400000,0.161
736758000000,0.18
736761600000,0.176
736765200000,0.155
736768800000,0.14
736772400000,0.133
736776000000,0.129
736779600000,0.108
736783200000,0.075
736786800000,0.045
736790400000,0.024
736794000000,0.01
736797600000,0.004
736801200000,0.002
736804800000,0.003
736808400000,0.007
736812000000,0.011
736815600000,0.011
736819200000,0.006
736822800000,0.001
736826400000,0.0
736830000000,0.001
736833600000,0.015
736837200000,0.061
736840800000,0.118
736844400000,0.167
736848000000,0.208
736851600000,0.231
736855200000,0.223
736858800000,0.18
736862400000,0.13
736866000000,0.084
736869600000,0.048
736873200000,0.024
736876800000,0.01
736880400000,0.004
736884000000,0.002
736887600000,0.009
736891200000,0.043
736894800000,0.092
736898400000,0.148
736902000000,0.162
736905600000,0.101
736909200000,0.036
736912800000,0.007
736916400000,0.002
736920000000,0.001
736923600000,0.034
736927200000,0.101
736930800000,0.204
736934400000,0.322
736938000000,0.401
736941600000,0.391
736945200000,0.331
736948800000,0.261
736952400000,0.201
736956000000,0.148
736959600000,0.111
736963200000,0.078
736966800000,0.05
736970400000,0.028
736974000000,0.013
736977600000,0.008
736981200000,0.01
736984800000,0.011
736988400000,0.012
736992000000,0.008
736995600000,0.003
736999200000,0.001
737002800000,0.001
737006400000,0.004
737010000000,0.028
737013600000,0.123
737017200000,0.28
737020800000,0.461
737024400000,0.591
737028000000,0.592
737031600000,0.467
737035200000,0.264
737038800000,0.078
737042400000,0.011
737046000000,0.027
737049600000,0.101
737053200000,0.203
737056800000,0.291
737060400000,0.348
737064000000,0.366
737067600000,0.358
737071200000,0.35
737074800000,0.454
737078400000,0.498
737082000000,0.444
737085600000,0.32
737089200000,0.166
737092800000,0.053
737096400000,0.052
737100000000,0.057
737103600000,0.051
737107200000,0.041
737110800000,0.045
737114400000,0.042
737118000000,0.034
737121600000,0.03
737125200000,0.026
737128800000,0.018
737132400000,0.008
737136000000,0.036
737139600000,0.077
737143200000,0.113
737146800000,0.123
737150400000,0.122
737154000000,0.099
737157600000,0.08
737161200000,0.096
737164800000,0.093
737168400000,0.05
737172000000,0.007
737175600000,0.008
737179200000,0.018
737182800000,0.034
737186400000,0.061
737190000000,0.085
737193600000,0.091
737197200000,0.09
737200800000,0.083
737204400000,0.065
737208000000,0.046
737211600000,0.026
737215200000,0.011
737218800000,0.003
737222400000,0.0
737226000000,0.002
737229600000,0.008
737233200000,0.014
737236800000,0.02
737240400000,0.023
737244000000,0.02
737247600000,0.025
737251200000,0.027
737254800000,0.017
737258400000,0.003
737262000000,0.001
737265600000,0.0
737269200000,0.001
737272800000,0.001
737276400000,0.001
737280000000,0.002
737283600000,0.003
737287200000,0.002
737290800000,0.002
737294400000,0.001
737298000000,0.001
737301600000,0.0
737305200000,0.0
737308800000,0.0
737312400000,0.0
737316000000,0.001
737319600000,0.005
737323200000,0.009
737326800000,0.015
737330400000,0.017
737334000000,0.021
737337600000,0.03
737341200000,0.032
737344800000,0.021
737348400000,0.011
737352000000,0.011
737355600000,0.016
737359200000,0.015
737362800000,0.014
737366400000,0.013
737370000000,0.01
737373600000,0.004
737377200000,0.0
737380800000,0.001
737384400000,0.007
737388000000,0.013
737391600000,0.014
737395200000,0.009
737398800000,0.006
737402400000,0.006
737406000000,0.011
737409600000,0.024
737413200000,0.044
737416800000,0.06
737420400000,0.094
737424000000,0.1
737427600000,0.067
737431200000,0.026
737434800000,0.004
737438400000,0.015
737442000000,0.015
737445600000,0.013
737449200000,0.015
737452800000,0.036
737456400000,0.053
737460000000,0.046
737463600000,0.029
737467200000,0.013
737470800000,0.007
737474400000,0.002
737478000000,0.0
737481600000,0.0
737485200000,0.004
737488800000,0.016
737492400000,0.033
737496000000,0.047
737499600000,0.043
737503200000,0.03
737506800000,0.03
737510400000,0.022
737514000000,0.009
737517600000,0.001
737521200000,0.0
737524800000,0.004
737528400000,0.007
737532000000,0.016
737535600000,0.035
737539200000,0.054
737542800000,0.061
737546400000,0.052
737550000000,0.015
737553600000,0.0
737557200000,0.0
737560800000,0.001
737564400000,0.0
737568000000,0.0
737571600000,0.001
737575200000,0.003
737578800000,0.007
737582400000,0.014
737586000000,0.025
737589600000,0.031
737593200000,0.055
737596800000,0.057
737600400000,0.031
737604000000,0.005
737607600000,0.002
737611200000,0.007
737614800000,0.011
737618400000,0.01
737622000000,0.006
737625600000,0.003
737629200000,0.001
737632800000,0.001
737636400000,0.004
737640000000,0.012
737643600000,0.023
737647200000,0.025
737650800000,0.017
737654400000,0.01
737658000000,0.01
737661600000,0.017
737665200000,0.032
737668800000,0.051
737672400000,0.079
737676000000,0.112
737679600000,0.185
737683200000,0.247
737686800000,0.258
737690400000,0.213
737694000000,0.141
737697600000,0.084
737701200000,0.058
737704800000,0.044
737708400000,0.052
737712000000,0.057
737715600000,0.058
737719200000,0.06
737722800000,0.039
737726400000,0.013
737730000000,0.001
737733600000,0.0
737737200000,0.002
737740800000,0.002
737744400000,0.003
737748000000,0.006
737751600000,0.01
737755200000,0.016
737758800000,0.018
737762400000,0.012
737766000000,0.015
737769600000,0.009
737773200000,0.002
737776800000,0.0
737780400000,0.0
737784000000,0.0
737787600000,0.0
737791200000,0.001
737794800000,0.001
737798400000,0.042
737802000000,0.097
737805600000,0.133
737809200000,0.113
737812800000,0.079
737816400000,0.055
737820000000,0.045
737823600000,0.033
737827200000,0.02
737830800000,0.008
737834400000,0.003
737838000000,0.002
737841600000,0.006
737845200000,0.019
737848800000,0.032
737852400000,0.042
737856000000,0.034
737859600000,0.013
737863200000,0.0
737866800000,0.0
737870400000,0.0
737874000000,0.017
737877600000,0.103
737881200000,0.187
737884800000,0.233
737888400000,0.242
737892000000,0.217
737895600000,0.169
737899200000,0.122
737902800000,0.078
737906400000,0.041
737910000000,0.01
737913600000,0.0
737917200000,0.0
737920800000,0.0
737924400000,0.008
737928000000,0.034
737931600000,0.072
737935200000,0.096
737938800000,0.126
737942400000,0.124
737946000000,0.089
737949600000,0.045
737953200000,0.019
737956800000,0.018
737960400000,0.039
737964000000,0.1
737967600000,0.184
737971200000,0.241
737974800000,0.279
737978400000,0.258
737982000000,0.16
737985600000,0.079
737989200000,0.03
737992800000,0.006
737996400000,0.001
738000000000,0.0
738003600000,0.0
738007200000,0.002
738010800000,0.021
738014400000,0.058
738018000000,0.085
738021600000,0.102
738025200000,0.119
738028800000,0.085
738032400000,0.033
738036000000,0.004
738039600000,0.0
738043200000,0.001
738046800000,0.025
738050400000,0.09
738054000000,0.162
738057600000,0.217
738061200000,0.227
738064800000,0.2
738068400000,0.157
738072000000,0.124
738075600000,0.102
738079200000,0.077
738082800000,0.053
738086400000,0.031
738090000000,0.014
738093600000,0.004
738097200000,0.001
738100800000,0.01
738104400000,0.04
738108000000,0.083
738111600000,0.132
738115200000,0.118
738118800000,0.067
738122400000,0.023
738126000000,0.008
738129600000,0.008
738133200000,0.012
738136800000,0.028
738140400000,0.058
738144000000,0.1
738147600000,0.146
738151200000,0.167
738154800000,0.1
738158400000,0.036
738162000000,0.005
738165600000,0.0
738169200000,0.0
738172800000,0.0
738176400000,0.008
738180000000,0.029
738183600000,0.051
738187200000,0.076
738190800000,0.103
738194400000,0.12
738198000000,0.133
738201600000,0.11
738205200000,0.072
738208800000,0.034
738212400000,0.011
738216000000,0.007
738219600000,0.016
738223200000,0.053
738226800000,0.126
738230400000,0.198
738234000000,0.205
738237600000,0.165
738241200000,0.085
738244800000,0.025
738248400000,0.006
738252000000,0.003
738255600000,0.002
738259200000,0.0
738262800000,0.0
738266400000,0.001
738270000000,0.003
738273600000,0.01
738277200000,0.03
738280800000,0.05
738284400000,0.084
738288000000,0.102
738291600000,0.102
738295200000,0.09
738298800000,0.082
738302400000,0.08
738306000000,0.078
738309600000,0.084
738313200000,0.096
738316800000,0.101
738320400000,0.089
738324000000,0.069
738327600000,0.042
738331200000,0.025
738334800000,0.024
738338400000,0.027
738342000000,0.045
738345600000,0.079
738349200000,0.111
738352800000,0.13
738356400000,0.152
738360000000,0.182
738363600000,0.192
738367200000,0.164
738370800000,0.202
738374400000,0.249
738378000000,0.243
738381600000,0.211
738385200000,0.204
738388800000,0.219
738392400000,0.251
738396000000,0.28
738399600000,0.284
738403200000,0.261
738406800000,0.21
738410400000,0.161
738414000000,0.112
738417600000,0.068
738421200000,0.048
738424800000,0.054
738428400000,0.077
738432000000,0.11
738435600000,0.151
738439200000,0.188
738442800000,0.216
738446400000,0.221
738450000000,0.199
738453600000,0.159
738457200000,0.151
738460800000,0.154
738464400000,0.155
738468000000,0.164
738471600000,0.208
738475200000,0.273
738478800000,0.337
738482400000,0.372
738486000000,0.373
738489600000,0.326
738493200000,0.248
738496800000,0.156
738500400000,0.088
738504000000,0.05
738507600000,0.03
738511200000,0.022
738514800000,0.02
738518400000,0.02
738522000000,0.017
738525600000,0.012
738529200000,0.008
738532800000,0.007
738536400000,0.008
738540000000,0.012
738543600000,0.035
738547200000,0.087
738550800000,0.163
738554400000,0.244
738558000000,0.325
738561600000,0.412
738565200000,0.488
738568800000,0.529
738572400000,0.522
738576000000,0.459
738579600000,0.316
738583200000,0.168
738586800000,0.09
738590400000,0.068
738594000000,0.05
738597600000,0.027
738601200000,0.013
738604800000,0.008
738608400000,0.004
738612000000,0.001
738615600000,0.0
738619200000,0.0
738622800000,0.0
738626400000,0.0
738630000000,0.001
738633600000,0.006
738637200000,0.026
738640800000,0.063
738644400000,0.1
738648000000,0.124
738651600000,0.135
738655200000,0.14
738658800000,0.145
738662400000,0.14
738666000000,0.121
738669600000,0.097
738673200000,0.069
738676800000,0.053
738680400000,0.05
738684000000,0.048
738687600000,0.035
738691200000,0.021
738694800000,0.013
738698400000,0.008
738702000000,0.005
738705600000,0.002
738709200000,0.001
738712800000,0.0
738716400000,0.0
738720000000,0.0
738723600000,0.001
738727200000,0.014
738730800000,0.053
738734400000,0.086
738738000000,0.09
738741600000,0.082
738745200000,0.083
738748800000,0.094
738752400000,0.096
738756000000,0.088
738759600000,0.068
738763200000,0.053
738766800000,0.044
738770400000,0.035
738774000000,0.025
738777600000,0.015
738781200000,0.007
738784800000,0.003
738788400000,0.001
738792000000,0.001
738795600000,0.0
738799200000,0.0
738802800000,0.0
738806400000,0.0
738810000000,0.003
738813600000,0.022
738817200000,0.05
738820800000,0.088
738824400000,0.132
738828000000,0.175
738831600000,0.2
738835200000,0.2
738838800000,0.161
738842400000,0.114
738846000000,0.071
738849600000,0.037
738853200000,0.015
738856800000,0.005
738860400000,0.001
738864000000,0.0
738867600000,0.0
738871200000,0.0
738874800000,0.0
738878400000,0.0
738882000000,0.001
738885600000,0.007
738889200000,0.017
738892800000,0.03
738896400000,0.042
738900000000,0.052
738903600000,0.076
738907200000,0.113
738910800000,0.139
738914400000,0.133
738918000000,0.097
738921600000,0.054
738925200000,0.015
738928800000,0.002
738932400000,0.001
738936000000,0.004
738939600000,0.018
738943200000,0.048
738946800000,0.07
738950400000,0.066
738954000000,0.039
738957600000,0.02
738961200000,0.014
738964800000,0.012
738968400000,0.01
738972000000,0.008
738975600000,0.007
738979200000,0.006
738982800000,0.006
738986400000,0.007
738990000000,0.01
738993600000,0.025
738997200000,0.053
739000800000,0.076
739004400000,0.078
739008000000,0.065
739011600000,0.049
739015200000,0.035
739018800000,0.02
739022400000,0.008
739026000000,0.002
739029600000,0.0
739033200000,0.0
739036800000,0.0
739040400000,0.0
739044000000,0.0
739047600000,0.0
739051200000,0.001
739054800000,0.002
739058400000,0.003
739062000000,0.002
739065600000,0.001
739069200000,0.0
739072800000,0.0
739076400000,0.0
739080000000,0.01
739083600000,0.06
739087200000,0.124
739090800000,0.174
739094400000,0.19
739098000000,0.177
739101600000,0.155
739105200000,0.131
739108800000,0.093
739112400000,0.047
739116000000,0.019
739119600000,0.009
739123200000,0.003
739126800000,0.0
739130400000,0.0
739134000000,0.0
739137600000,0.0
739141200000,0.0
739144800000,0.0
739148400000,0.0
739152000000,0.0
739155600000,0.0
739159200000,0.0
739162800000,0.001
739166400000,0.01
739170000000,0.037
739173600000,0.077
739177200000,0.118
739180800000,0.158
739184400000,0.179
739188000000,0.177
739191600000,0.154
739195200000,0.118
739198800000,0.083
739202400000,0.054
739206000000,0.04
739209600000,0.03
739213200000,0.021
739216800000,0.014
739220400000,0.009
739224000000,0.009
739227600000,0.013
739231200000,0.022
739234800000,0.03
739238400000,0.039
739242000000,0.048
739245600000,0.054
739249200000,0.058
739252800000,0.067
739256400000,0.087
739260000000,0.106
739263600000,0.115
739267200000,0.113
739270800000,0.1
739274400000,0.089
739278000000,0.073
739281600000,0.056
739285200000,0.042
739288800000,0.03
739292400000,0.025
739296000000,0.019
739299600000,0.011
739303200000,0.005
739306800000,0.003
739310400000,0.005
739314000000,0.015
739317600000,0.029
739321200000,0.034
739324800000,0.035
739328400000,0.03
739332000000,0.026
739335600000,0.03
739339200000,0.049
739342800000,0.093
739346400000,0.14
739350000000,0.174
739353600000,0.191
739357200000,0.182
739360800000,0.162
739364400000,0.128
739368000000,0.097
739371600000,0.068
739375200000,0.037
739378800000,0.017
739382400000,0.008
739386000000,0.004
739389600000,0.001
739393200000,0.0
739396800000,0.0
739400400000,0.0
739404000000,0.0
739407600000,0.0
739411200000,0.0
739414800000,0.0
739418400000,0.002
739422000000,0.025
739425600000,0.051
739429200000,0.061
739432800000,0.059
739436400000,0.049
739440000000,0.035
739443600000,0.019
739447200000,0.008
739450800000,0.001
739454400000,0.0
739458000000,0.0
739461600000,0.0
739465200000,0.0
739468800000,0.0
739472400000,0.0
739476000000,0.0
739479600000,0.001
739483200000,0.005
739486800000,0.009
739490400000,0.008
739494000000,0.008
739497600000,0.008
739501200000,0.005
739504800000,0.001
739508400000,0.0
739512000000,0.0
739515600000,0.0
739519200000,0.001
739522800000,0.008
739526400000,0.032
739530000000,0.078
739533600000,0.116
739537200000,0.106
739540800000,0.077
739544400000,0.049
739548000000,0.03
739551600000,0.016
739555200000,0.007
739558800000,0.001
739562400000,0.0
739566000000,0.0
739569600000,0.0
739573200000,0.002
739576800000,0.011
739580400000,0.04
739584000000,0.073
739587600000,0.081
739591200000,0.054
739594800000,0.02
739598400000,0.004
739602000000,0.001
739605600000,0.006
739609200000,0.034
739612800000,0.09
739616400000,0.152
739620000000,0.16
739623600000,0.123
739627200000,0.083
739630800000,0.059
739634400000,0.045
739638000000,0.03
739641600000,0.018
739645200000,0.009
739648800000,0.003
739652400000,0.001
739656000000,0.0
739659600000,0.0
739663200000,0.002
739666800000,0.012
739670400000,0.032
739674000000,0.043
739677600000,0.035
739681200000,0.027
739684800000,0.038
739688400000,0.07
739692000000,0.079
739695600000,0.046
739699200000,0.028
739702800000,0.028
739706400000,0.03
739710000000,0.028
739713600000,0.013
739717200000,0.002
739720800000,0.0
739724400000,0.0
739728000000,0.0
739731600000,0.0
739735200000,0.0
739738800000,0.0
739742400000,0.007
739746000000,0.04
739749600000,0.071
739753200000,0.111
739756800000,0.147
739760400000,0.131
739764000000,0.084
739767600000,0.038
739771200000,0.012
739774800000,0.005
739778400000,0.016
739782000000,0.048
739785600000,0.094
739789200000,0.128
739792800000,0.132
739796400000,0.098
739800000000,0.062
739803600000,0.035
739807200000,0.017
739810800000,0.011
739814400000,0.011
739818000000,0.011
739821600000,0.011
739825200000,0.014
739828800000,0.026
739832400000,0.042
739836000000,0.053
739839600000,0.062
739843200000,0.078
739846800000,0.091
739850400000,0.099
739854000000,0.096
739857600000,0.086
739861200000,0.082
739864800000,0.08
739868400000,0.08
739872000000,0.079
739875600000,0.079
739879200000,0.083
739882800000,0.063
739886400000,0.048
739890000000,0.058
739893600000,0.042
739897200000,0.024
739900800000,0.009
739904400000,0.003
739908000000,0.003
739911600000,0.009
739915200000,0.039
739918800000,0.083
739922400000,0.104
739926000000,0.103
739929600000,0.079
739933200000,0.049
739936800000,0.032
739940400000,0.032
739944000000,0.04
739947600000,0.056
739951200000,0.079
739954800000,0.088
739958400000,0.086
739962000000,0.081
739965600000,0.074
739969200000,0.058
739972800000,0.036
739976400000,0.015
739980000000,0.004
739983600000,0.0
739987200000,0.0
739990800000,0.0
739994400000,0.0
739998000000,0.0
740001600000,0.002
740005200000,0.006
740008800000,0.008
740012400000,0.007
740016000000,0.004
740019600000,0.001
740023200000,0.001
740026800000,0.001
740030400000,0.005
740034000000,0.023
740037600000,0.048
740041200000,0.069
740044800000,0.076
740048400000,0.064
740052000000,0.045
740055600000,0.025
740059200000,0.01
740062800000,0.003
740066400000,0.0
740070000000,0.0
740073600000,0.0
740077200000,0.0
740080800000,0.0
740084400000,0.0
740088000000,0.0
740091600000,0.0
740095200000,0.0
740098800000,0.0
740102400000,0.0
740106000000,0.001
740109600000,0.001
740113200000,0.002
740116800000,0.003
740120400000,0.013
740124000000,0.046
740127600000,0.063
740131200000,0.057
740134800000,0.043
740138400000,0.034
740142000000,0.031
740145600000,0.034
740149200000,0.04
740152800000,0.053
740156400000,0.066
740160000000,0.079
740163600000,0.071
740167200000,0.035
740170800000,0.013
740174400000,0.012
740178000000,0.026
740181600000,0.03
740185200000,0.011
740188800000,0.003
740192400000,0.005
740196000000,0.009
740199600000,0.012
740203200000,0.014
740206800000,0.008
740210400000,0.003
740214000000,0.002
740217600000,0.005
740221200000,0.01
740224800000,0.022
740228400000,0.034
740232000000,0.04
740235600000,0.043
740239200000,0.048
740242800000,0.049
740246400000,0.046
740250000000,0.055
740253600000,0.076
740257200000,0.1
740260800000,0.121
740264400000,0.143
740268000000,0.147
740271600000,0.135
740275200000,0.1
740278800000,0.054
740282400000,0.027
740286000000,0.012
740289600000,0.007
740293200000,0.003
740296800000,0.0
740300400000,0.0
740304000000,0.0
740307600000,0.0
740311200000,0.001
740314800000,0.005
740318400000,0.012
740322000000,0.02
740325600000,0.025
740329200000,0.022
740332800000,0.012
740336400000,0.004
740340000000,0.001
740343600000,0.0
740347200000,0.0
740350800000,0.0
740354400000,0.0
740358000000,0.0
740361600000,0.0
740365200000,0.005
740368800000,0.018
740372400000,0.028
740376000000,0.038
740379600000,0.05
740383200000,0.053
740386800000,0.041
740390400000,0.027
740394000000,0.021
740397600000,0.02
740401200000,0.015
740404800000,0.005
740408400000,0.001
740412000000,0.0
740415600000,0.0
740419200000,0.0
740422800000,0.0
740426400000,0.003
740430000000,0.013
740433600000,0.028
740437200000,0.046
740440800000,0.057
740444400000,0.085
740448000000,0.1
740451600000,0.082
740455200000,0.04
740458800000,0.008
740462400000,0.003
740466000000,0.008
740469600000,0.025
740473200000,0.049
740476800000,0.082
740480400000,0.101
740484000000,0.083
740487600000,0.053
740491200000,0.028
740494800000,0.012
740498400000,0.005
740502000000,0.002
740505600000,0.0
740509200000,0.0
740512800000,0.0
740516400000,0.0
740520000000,0.003
740523600000,0.027
740527200000,0.049
740530800000,0.063
740534400000,0.079
740538000000,0.088
740541600000,0.104
740545200000,0.115
740548800000,0.122
740552400000,0.145
740556000000,0.178
740559600000,0.185
740563200000,0.175
740566800000,0.175
740570400000,0.201
740574000000,0.261
740577600000,0.281
740581200000,0.169
740584800000,0.074
740588400000,0.052
740592000000,0.02
740595600000,0.003
740599200000,0.0
740602800000,0.0
740606400000,0.0
740610000000,0.0
740613600000,0.003
740617200000,0.009
740620800000,0.017
740624400000,0.03
740628000000,0.047
740631600000,0.068
740635200000,0.093
740638800000,0.134
740642400000,0.183
740646000000,0.212
740649600000,0.221
740653200000,0.201
740656800000,0.171
740660400000,0.157
740664000000,0.146
740667600000,0.092
740671200000,0.015
740674800000,0.0
740678400000,0.0
740682000000,0.002
740685600000,0.003
740689200000,0.007
740692800000,0.014
740696400000,0.027
740700000000,0.05
740703600000,0.069
740707200000,0.101
740710800000,0.155
740714400000,0.214
740718000000,0.242
740721600000,0.237
740725200000,0.259
740728800000,0.307
740732400000,0.332
740736000000,0.341
740739600000,0.337
740743200000,0.337
740746800000,0.329
740750400000,0.297
740754000000,0.251
740757600000,0.202
740761200000,0.164
740764800000,0.13
740768400000,0.115
740772000000,0.105
740775600000,0.097
740779200000,0.1
740782800000,0.108
740786400000,0.107
740790000000,0.121
740793600000,0.131
740797200000,0.133
740800800000,0.139
740804400000,0.162
740808000000,0.202
740811600000,0.25
740815200000,0.283
740818800000,0.296
740822400000,0.285
740826000000,0.26
740829600000,0.224
740833200000,0.191
740836800000,0.162
740840400000,0.139
740844000000,0.13
740847600000,0.118
740851200000,0.109
740854800000,0.112
740858400000,0.113
740862000000,0.117
740865600000,0.121
740869200000,0.113
740872800000,0.076
740876400000,0.03
740880000000,0.014
740883600000,0.017
740887200000,0.032
740890800000,0.064
740894400000,0.122
740898000000,0.188
740901600000,0.231
740905200000,0.261
740908800000,0.277
740912400000,0.268
740916000000,0.257
740919600000,0.272
740923200000,0.251
740926800000,0.171
740930400000,0.076
740934000000,0.027
740937600000,0.012
740941200000,0.003
740944800000,0.0
740948400000,0.0
740952000000,0.0
740955600000,0.0
740959200000,0.001
740962800000,0.002
740966400000,0.006
740970000000,0.017
740973600000,0.043
740977200000,0.088
740980800000,0.119
740984400000,0.148
740988000000,0.18
740991600000,0.218
740995200000,0.243
740998800000,0.236
741002400000,0.277
741006000000,0.345
741009600000,0.394
741013200000,0.454
741016800000,0.562
741020400000,0.682
741024000000,0.789
741027600000,0.86
741031200000,0.912
741034800000,0.951
741038400000,0.968
741042000000,0.971
741045600000,0.965
741049200000,0.97
741052800000,0.982
741056400000,0.988
741060000000,0.991
741063600000,0.99
741067200000,0.99
741070800000,0.991
741074400000,0.989
741078000000,0.982
741081600000,0.978
741085200000,0.972
741088800000,0.961
741092400000,0.929
741096000000,0.841
741099600000,0.651
741103200000,0.55
741106800000,0.559
741110400000,0.842
741114000000,0.935
741117600000,0.837
741121200000,0.704
741124800000,0.708
741128400000,0.763
741132000000,0.796
741135600000,0.797
741139200000,0.796
741142800000,0.798
741146400000,0.801
741150000000,0.796
741153600000,0.8
741157200000,0.816
741160800000,0.799
741164400000,0.733
741168000000,0.63
741171600000,0.556
741175200000,0.527
741178800000,0.517
741182400000,0.488
741186000000,0.456
741189600000,0.414
741193200000,0.391
741196800000,0.383
741200400000,0.369
741204000000,0.369
741207600000,0.382
741211200000,0.402
741214800000,0.422
741218400000,0.418
741222000000,0.437
741225600000,0.481
741229200000,0.465
741232800000,0.413
741236400000,0.348
741240000000,0.267
741243600000,0.178
741247200000,0.105
741250800000,0.055
741254400000,0.027
741258000000,0.017
741261600000,0.014
741265200000,0.017
741268800000,0.019
741272400000,0.025
741276000000,0.036
741279600000,0.038
741283200000,0.037
741286800000,0.041
741290400000,0.051
741294000000,0.059
741297600000,0.065
741301200000,0.06
741304800000,0.048
741308400000,0.062
741312000000,0.085
741315600000,0.089
741319200000,0.078
741322800000,0.069
741326400000,0.061
741330000000,0.049
741333600000,0.037
741337200000,0.01
741340800000,0.005
741344400000,0.002
741348000000,0.001
741351600000,0.003
741355200000,0.006
741358800000,0.009
741362400000,0.013
741366000000,0.014
741369600000,0.013
741373200000,0.014
741376800000,0.016
741380400000,0.018
741384000000,0.021
741387600000,0.023
741391200000,0.015
741394800000,0.018
741398400000,0.018
741402000000,0.011
741405600000,0.005
741409200000,0.002
741412800000,0.002
741416400000,0.002
741420000000,0.006
741423600000,0.012
741427200000,0.014
741430800000,0.012
741434400000,0.009
741438000000,0.007
741441600000,0.013
741445200000,0.025
741448800000,0.038
741452400000,0.041
741456000000,0.049
741459600000,0.045
741463200000,0.035
741466800000,0.042
741470400000,0.054
741474000000,0.068
741477600000,0.067
741481200000,0.085
741484800000,0.099
741488400000,0.092
741492000000,0.08
741495600000,0.074
741499200000,0.073
741502800000,0.071
741506400000,0.067
741510000000,0.055
741513600000,0.045
741517200000,0.038
741520800000,0.045
741524400000,0.058
741528000000,0.076
741531600000,0.093
741535200000,0.114
741538800000,0.111
741542400000,0.09
741546000000,0.067
741549600000,0.045
741553200000,0.048
741556800000,0.067
741560400000,0.082
741564000000,0.089
741567600000,0.084
741571200000,0.067
741574800000,0.056
741578400000,0.032
741582000000,0.009
741585600000,0.001
741589200000,0.0
741592800000,0.0
741596400000,0.001
741600000000,0.008
741603600000,0.026
741607200000,0.055
741610800000,0.061
741614400000,0.034
741618000000,0.026
741621600000,0.031
741625200000,0.028
741628800000,0.023
741632400000,0.019
741636000000,0.012
741639600000,0.004
741643200000,0.0
741646800000,0.0
741650400000,0.004
741654000000,0.036
741657600000,0.085
741661200000,0.114
741664800000,0.109
741668400000,0.08
741672000000,0.056
741675600000,0.041
741679200000,0.037
741682800000,0.039
741686400000,0.05
741690000000,0.075
741693600000,0.11
741697200000,0.125
741700800000,0.106
741704400000,0.07
741708000000,0.038
741711600000,0.013
741715200000,0.003
741718800000,0.003
741722400000,0.01
741726000000,0.022
741729600000,0.038
741733200000,0.063
741736800000,0.071
741740400000,0.066
741744000000,0.059
741747600000,0.056
741751200000,0.05
741754800000,0.03
741758400000,0.016
741762000000,0.006
741765600000,0.002
741769200000,0.002
741772800000,0.005
741776400000,0.01
741780000000,0.017
741783600000,0.02
741787200000,0.02
741790800000,0.018
741794400000,0.016
741798000000,0.01
741801600000,0.003
741805200000,0.001
741808800000,0.001
741812400000,0.004
741816000000,0.02
741819600000,0.045
741823200000,0.045
741826800000,0.042
741830400000,0.034
741834000000,0.028
741837600000,0.024
741841200000,0.019
741844800000,0.01
741848400000,0.005
741852000000,0.004
741855600000,0.01
741859200000,0.021
741862800000,0.035
741866400000,0.041
741870000000,0.035
741873600000,0.028
741877200000,0.024
741880800000,0.023
741884400000,0.022
741888000000,0.023
741891600000,0.021
741895200000,0.022
741898800000,0.025
741902400000,0.027
741906000000,0.024
741909600000,0.013
741913200000,0.008
741916800000,0.004
741920400000,0.002
741924000000,0.001
741927600000,0.0
741931200000,0.0
741934800000,0.0
741938400000,0.0
741942000000,0.014
741945600000,0.045
741949200000,0.059
741952800000,0.063
741956400000,0.06
741960000000,0.042
741963600000,0.025
741967200000,0.015
741970800000,0.013
741974400000,0.014
741978000000,0.012
741981600000,0.01
741985200000,0.008
741988800000,0.007
741992400000,0.005
741996000000,0.003
741999600000,0.003
742003200000,0.002
742006800000,0.001
742010400000,0.0
742014000000,0.0
742017600000,0.001
742021200000,0.002
742024800000,0.006
742028400000,0.017
742032000000,0.041
742035600000,0.048
742039200000,0.032
742042800000,0.013
742046400000,0.004
742050000000,0.001
742053600000,0.001
742057200000,0.0
742060800000,0.0
742064400000,0.0
742068000000,0.0
742071600000,0.0
742075200000,0.0
742078800000,0.001
742082400000,0.002
742086000000,0.004
742089600000,0.012
742093200000,0.025
742096800000,0.035
742100400000,0.036
742104000000,0.027
742107600000,0.016
742111200000,0.009
742114800000,0.007
742118400000,0.007
742122000000,0.009
742125600000,0.007
742129200000,0.007
742132800000,0.011
742136400000,0.021
742140000000,0.035
742143600000,0.052
742147200000,0.06
742150800000,0.059
742154400000,0.062
742158000000,0.057
742161600000,0.051
742165200000,0.053
742168800000,0.04
742172400000,0.041
742176000000,0.063
742179600000,0.112
742183200000,0.161
742186800000,0.164
742190400000,0.104
742194000000,0.047
742197600000,0.039
742201200000,0.074
742204800000,0.141
742208400000,0.27
742212000000,0.444
742215600000,0.48
742219200000,0.408
742222800000,0.362
742226400000,0.386
742230000000,0.42
742233600000,0.437
742237200000,0.491
742240800000,0.561
742244400000,0.629
742248000000,0.669
742251600000,0.677
742255200000,0.642
742258800000,0.678
742262400000,0.734
742266000000,0.742
742269600000,0.715
742273200000,0.683
742276800000,0.647
742280400000,0.606
742284000000,0.551
742287600000,0.529
742291200000,0.542
742294800000,0.467
742298400000,0.373
742302000000,0.28
742305600000,0.22
742309200000,0.16
742312800000,0.109
742316400000,0.106
742320000000,0.125
742323600000,0.141
742327200000,0.157
742330800000,0.182
742334400000,0.211
742338000000,0.245
742341600000,0.261
742345200000,0.332
742348800000,0.419
742352400000,0.457
742356000000,0.47
742359600000,0.477
742363200000,0.462
742366800000,0.432
742370400000,0.391
742374000000,0.349
742377600000,0.31
742381200000,0.289
742384800000,0.311
742388400000,0.367
742392000000,0.435
742395600000,0.488
742399200000,0.521
742402800000,0.516
742406400000,0.486
742410000000,0.409
742413600000,0.267
742417200000,0.2
742420800000,0.214
742424400000,0.265
742428000000,0.294
742431600000,0.278
742435200000,0.283
742438800000,0.337
742442400000,0.398
742446000000,0.386
742449600000,0.362
742453200000,0.316
742456800000,0.297
742460400000,0.294
742464000000,0.249
742467600000,0.207
742471200000,0.163
742474800000,0.105
742478400000,0.076
742482000000,0.083
742485600000,0.108
742489200000,0.133
742492800000,0.159
742496400000,0.159
742500000000,0.134
742503600000,0.106
742507200000,0.081
742510800000,0.064
742514400000,0.049
742518000000,0.044
742521600000,0.044
742525200000,0.042
742528800000,0.042
742532400000,0.043
742536000000,0.048
742539600000,0.069
742543200000,0.107
742546800000,0.156
742550400000,0.191
742554000000,0.178
742557600000,0.149
742561200000,0.131
742564800000,0.13
742568400000,0.146
742572000000,0.118
742575600000,0.133
742579200000,0.1
742582800000,0.063
742586400000,0.031
742590000000,0.008
742593600000,0.0
742597200000,0.0
742600800000,0.001
742604400000,0.001
742608000000,0.002
742611600000,0.002
742615200000,0.001
742618800000,0.0
742622400000,0.0
742626000000,0.005
742629600000,0.03
742633200000,0.068
742636800000,0.103
742640400000,0.108
742644000000,0.094
742647600000,0.076
742651200000,0.068
742654800000,0.062
742658400000,0.062
742662000000,0.081
742665600000,0.137
742669200000,0.184
742672800000,0.149
742676400000,0.09
742680000000,0.036
742683600000,0.008
742687200000,0.0
742690800000,0.0
742694400000,0.0
742698000000,0.0
742701600000,0.0
742705200000,0.0
742708800000,0.008
742712400000,0.046
742716000000,0.084
742719600000,0.117
742723200000,0.147
742726800000,0.191
742730400000,0.22
742734000000,0.203
742737600000,0.201
742741200000,0.271
742744800000,0.234
742748400000,0.161
742752000000,0.113
742755600000,0.073
742759200000,0.036
742762800000,0.013
742766400000,0.004
742770000000,0.002
742773600000,0.001
742777200000,0.0
742780800000,0.0
742784400000,0.0
742788000000,0.0
742791600000,0.002
742795200000,0.019
742798800000,0.047
742802400000,0.084
742806000000,0.125
742809600000,0.163
742813200000,0.16
742816800000,0.118
742820400000,0.084
742824000000,0.063
742827600000,0.049
742831200000,0.033
742834800000,0.022
742838400000,0.008
742842000000,0.004
742845600000,0.002
742849200000,0.002
742852800000,0.001
742856400000,0.002
742860000000,0.002
742863600000,0.003
742867200000,0.001
742870800000,0.001
742874400000,0.007
742878000000,0.026
742881600000,0.06
742885200000,0.104
742888800000,0.148
742892400000,0.187
742896000000,0.206
742899600000,0.198
742903200000,0.21
742906800000,0.201
742910400000,0.196
742914000000,0.205
742917600000,0.213
742921200000,0.211
742924800000,0.2
742928400000,0.174
742932000000,0.138
742935600000,0.094
742939200000,0.063
742942800000,0.045
742946400000,0.03
742950000000,0.027
742953600000,0.031
742957200000,0.04
742960800000,0.059
742964400000,0.08
742968000000,0.107
742971600000,0.147
742975200000,0.186
742978800000,0.217
742982400000,0.222
742986000000,0.201
742989600000,0.171
742993200000,0.157
742996800000,0.149
743000400000,0.149
743004000000,0.163
743007600000,0.18
743011200000,0.13
743014800000,0.061
743018400000,0.108
743022000000,0.099
743025600000,0.094
743029200000,0.113
743032800000,0.119
743036400000,0.099
743040000000,0.06
743043600000,0.061
743047200000,0.065
743050800000,0.07
743054400000,0.099
743058000000,0.137
743061600000,0.165
743065200000,0.18
743068800000,0.177
743072400000,0.156
743076000000,0.132
743079600000,0.114
743083200000,0.106
743086800000,0.102
743090400000,0.104
743094000000,0.105
743097600000,0.111
743101200000,0.111
743104800000,0.108
743108400000,0.113
743112000000,0.119
743115600000,0.11
743119200000,0.079
743122800000,0.053
743126400000,0.042
743130000000,0.037
743133600000,0.035
743137200000,0.036
743140800000,0.042
743144400000,0.047
743148000000,0.054
743151600000,0.056
743155200000,0.057
743158800000,0.051
743162400000,0.041
743166000000,0.035
743169600000,0.032
743173200000,0.031
743176800000,0.031
743180400000,0.033
743184000000,0.037
743187600000,0.041
743191200000,0.042
743194800000,0.046
743198400000,0.05
743202000000,0.049
743205600000,0.043
743209200000,0.039
743212800000,0.042
743216400000,0.045
743220000000,0.026
743223600000,0.017
743227200000,0.039
743230800000,0.064
743234400000,0.082
743238000000,0.097
743241600000,0.094
743245200000,0.089
743248800000,0.101
743252400000,0.13
743256000000,0.13
743259600000,0.1
743263200000,0.077
743266800000,0.068
743270400000,0.108
743274000000,0.154
743277600000,0.15
743281200000,0.137
743284800000,0.093
743288400000,0.05
743292000000,0.023
743295600000,0.011
743299200000,0.008
743302800000,0.005
743306400000,0.002
743310000000,0.001
743313600000,0.002
743317200000,0.004
743320800000,0.011
743324400000,0.015
743328000000,0.012
743331600000,0.009
743335200000,0.009
743338800000,0.009
743342400000,0.011
743346000000,0.011
743349600000,0.013
743353200000,0.016
743356800000,0.015
743360400000,0.013
743364000000,0.011
743367600000,0.007
743371200000,0.006
743374800000,0.007
743378400000,0.009
743382000000,0.009
743385600000,0.01
743389200000,0.011
743392800000,0.009
743396400000,0.005
743400000000,0.003
743403600000,0.003
743407200000,0.006
743410800000,0.015
743414400000,0.023
743418000000,0.015
743421600000,0.007
743425200000,0.003
743428800000,0.001
743432400000,0.001
743436000000,0.001
743439600000,0.002
743443200000,0.005
743446800000,0.007
743450400000,0.007
743454000000,0.009
743457600000,0.013
743461200000,0.019
743464800000,0.022
743468400000,0.025
743472000000,0.035
743475600000,0.048
743479200000,0.07
743482800000,0.096
743486400000,0.12
743490000000,0.134
743493600000,0.143
743497200000,0.142
743500800000,0.133
743504400000,0.11
743508000000,0.101
743511600000,0.098
743515200000,0.093
743518800000,0.081
743522400000,0.068
743526000000,0.055
743529600000,0.047
743533200000,0.054
743536800000,0.07
743540400000,0.093
743544000000,0.11
743547600000,0.108
743551200000,0.095
743554800000,0.091
743558400000,0.1
743562000000,0.1
743565600000,0.1
743569200000,0.114
743572800000,0.15
743576400000,0.202
743580000000,0.27
743583600000,0.328
743587200000,0.344
743590800000,0.33
743594400000,0.357
743598000000,0.386
743601600000,0.391
743605200000,0.355
743608800000,0.264
743612400000,0.31
743616000000,0.334
743619600000,0.3
743623200000,0.23
743626800000,0.176
743630400000,0.167
743634000000,0.196
743637600000,0.217
743641200000,0.241
743644800000,0.278
743648400000,0.313
743652000000,0.341
743655600000,0.366
743659200000,0.397
743662800000,0.457
743666400000,0.533
743670000000,0.583
743673600000,0.571
743677200000,0.469
743680800000,0.374
743684400000,0.292
743688000000,0.251
743691600000,0.251
743695200000,0.248
743698800000,0.215
743702400000,0.172
743706000000,0.127
743709600000,0.099
743713200000,0.102
743716800000,0.098
743720400000,0.148
743724000000,0.217
743727600000,0.353
743731200000,0.599
743734800000,0.772
743738400000,0.836
743742000000,0.825
743745600000,0.756
743749200000,0.697
743752800000,0.648
743756400000,0.596
743760000000,0.559
743763600000,0.522
743767200000,0.51
743770800000,0.589
743774400000,0.648
743778000000,0.621
743781600000,0.602
743785200000,0.583
743788800000,0.538
743792400000,0.49
743796000000,0.476
743799600000,0.47
743803200000,0.461
743806800000,0.49
743810400000,0.467
743814000000,0.442
743817600000,0.49
743821200000,0.568
743824800000,0.648
743828400000,0.707
743832000000,0.75
743835600000,0.769
743839200000,0.764
743842800000,0.735
743846400000,0.693
743850000000,0.676
743853600000,0.71
743857200000,0.704
743860800000,0.702
743864400000,0.729
743868000000,0.781
743871600000,0.781
743875200000,0.759
743878800000,0.764
743882400000,0.77
743886000000,0.773
743889600000,0.773
743893200000,0.759
743896800000,0.735
743900400000,0.739
743904000000,0.852
743907600000,0.941
743911200000,0.964
743914800000,0.95
743918400000,0.896
743922000000,0.841
743925600000,0.8
743929200000,0.752
743932800000,0.677
743936400000,0.596
743940000000,0.59
743943600000,0.617
743947200000,0.661
743950800000,0.651
743954400000,0.622
743958000000,0.672
743961600000,0.794
743965200000,0.891
743968800000,0.931
743972400000,0.948
743976000000,0.938
743979600000,0.901
743983200000,0.846
743986800000,0.791
743990400000,0.829
743994000000,0.828
743997600000,0.805
744001200000,0.774
744004800000,0.737
744008400000,0.7
744012000000,0.682
744015600000,0.668
744019200000,0.67
744022800000,0.701
744026400000,0.772
744030000000,0.826
744033600000,0.849
744037200000,0.889
744040800000,0.92
744044400000,0.922
744048000000,0.886
744051600000,0.793
744055200000,0.746
744058800000,0.765
744062400000,0.734
744066000000,0.688
744069600000,0.618
744073200000,0.604
744076800000,0.675
744080400000,0.741
744084000000,0.79
744087600000,0.827
744091200000,0.849
744094800000,0.841
744098400000,0.817
744102000000,0.791
744105600000,0.75
744109200000,0.7
744112800000,0.654
744116400000,0.568
744120000000,0.484
744123600000,0.445
744127200000,0.448
744130800000,0.464
744134400000,0.463
744138000000,0.48
744141600000,0.455
744145200000,0.423
744148800000,0.395
744152400000,0.391
744156000000,0.367
744159600000,0.344
744163200000,0.388
744166800000,0.428
744170400000,0.449
744174000000,0.437
744177600000,0.403
744181200000,0.389
744184800000,0.379
744188400000,0.388
744192000000,0.395
744195600000,0.373
744199200000,0.352
744202800000,0.32
744206400000,0.286
744210000000,0.255
744213600000,0.227
744217200000,0.202
744220800000,0.173
744224400000,0.143
744228000000,0.118
744231600000,0.106
744235200000,0.104
744238800000,0.106
744242400000,0.094
744246000000,0.084
744249600000,0.076
744253200000,0.061
744256800000,0.043
744260400000,0.032
744264000000,0.029
744267600000,0.029
744271200000,0.038
744274800000,0.064
744278400000,0.102
744282000000,0.122
744285600000,0.129
744289200000,0.108
744292800000,0.073
744296400000,0.046
744300000000,0.031
744303600000,0.026
744307200000,0.034
744310800000,0.042
744314400000,0.042
744318000000,0.036
744321600000,0.029
744325200000,0.025
744328800000,0.024
744332400000,0.021
744336000000,0.018
744339600000,0.017
744343200000,0.018
744346800000,0.03
744350400000,0.049
744354000000,0.071
744357600000,0.085
744361200000,0.085
744364800000,0.081
744368400000,0.09
744372000000,0.111
744375600000,0.133
744379200000,0.155
744382800000,0.179
744386400000,0.214
744390000000,0.243
744393600000,0.267
744397200000,0.3
744400800000,0.302
744404400000,0.289
744408000000,0.274
744411600000,0.272
744415200000,0.261
744418800000,0.265
744422400000,0.27
744426000000,0.264
744429600000,0.235
744433200000,0.207
744436800000,0.21
744440400000,0.245
744444000000,0.296
744447600000,0.346
744451200000,0.332
744454800000,0.331
744458400000,0.414
744462000000,0.42
744465600000,0.32
744469200000,0.234
744472800000,0.187
744476400000,0.16
744480000000,0.145
744483600000,0.125
744487200000,0.087
744490800000,0.051
744494400000,0.045
744498000000,0.046
744501600000,0.034
744505200000,0.024
744508800000,0.02
744512400000,0.021
744516000000,0.026
744519600000,0.032
744523200000,0.046
744526800000,0.072
744530400000,0.095
744534000000,0.111
744537600000,0.121
744541200000,0.122
744544800000,0.119
744548400000,0.107
744552000000,0.095
744555600000,0.082
744559200000,0.068
744562800000,0.053
744566400000,0.041
744570000000,0.03
744573600000,0.025
744577200000,0.026
744580800000,0.027
744584400000,0.027
744588000000,0.025
744591600000,0.019
744595200000,0.018
744598800000,0.023
744602400000,0.028
744606000000,0.042
744609600000,0.069
744613200000,0.106
744616800000,0.155
744620400000,0.2
744624000000,0.233
744627600000,0.224
744631200000,0.201
744634800000,0.186
744638400000,0.179
744642000000,0.179
744645600000,0.196
744649200000,0.238
744652800000,0.275
744656400000,0.273
744660000000,0.207
744663600000,0.114
744667200000,0.11
744670800000,0.126
744674400000,0.095
744678000000,0.045
744681600000,0.009
744685200000,0.004
744688800000,0.015
744692400000,0.025
744696000000,0.025
744699600000,0.016
744703200000,0.016
744706800000,0.017
744710400000,0.011
744714000000,0.005
744717600000,0.005
744721200000,0.006
744724800000,0.003
744728400000,0.0
744732000000,0.0
744735600000,0.0
744739200000,0.0
744742800000,0.0
744746400000,0.0
744750000000,0.001
744753600000,0.005
744757200000,0.029
744760800000,0.088
744764400000,0.162
744768000000,0.243
744771600000,0.31
744775200000,0.379
744778800000,0.443
744782400000,0.491
744786000000,0.505
744789600000,0.491
744793200000,0.454
744796800000,0.455
744800400000,0.474
744804000000,0.488
744807600000,0.485
744811200000,0.502
744814800000,0.535
744818400000,0.574
744822000000,0.624
744825600000,0.651
744829200000,0.656
744832800000,0.636
744836400000,0.599
744840000000,0.574
744843600000,0.538
744847200000,0.495
744850800000,0.454
744854400000,0.474
744858000000,0.513
744861600000,0.529
744865200000,0.558
744868800000,0.585
744872400000,0.61
744876000000,0.642
744879600000,0.653
744883200000,0.62
744886800000,0.532
744890400000,0.516
744894000000,0.51
744897600000,0.504
744901200000,0.504
744904800000,0.493
744908400000,0.461
744912000000,0.413
744915600000,0.384
744919200000,0.384
744922800000,0.41
744926400000,0.427
744930000000,0.415
744933600000,0.367
744937200000,0.323
744940800000,0.35
744944400000,0.417
744948000000,0.467
744951600000,0.504
744955200000,0.496
744958800000,0.466
744962400000,0.431
744966000000,0.393
744969600000,0.374
744973200000,0.352
744976800000,0.321
744980400000,0.289
744984000000,0.264
744987600000,0.236
744991200000,0.226
744994800000,0.205
744998400000,0.192
745002000000,0.18
745005600000,0.165
745009200000,0.159
745012800000,0.139
745016400000,0.127
745020000000,0.13
745023600000,0.164
745027200000,0.233
745030800000,0.272
745034400000,0.309
745038000000,0.383
745041600000,0.474
745045200000,0.55
745048800000,0.607
745052400000,0.599
745056000000,0.51
745059600000,0.374
745063200000,0.268
745066800000,0.185
745070400000,0.134
745074000000,0.115
745077600000,0.094
745081200000,0.079
745084800000,0.07
745088400000,0.066
745092000000,0.062
745095600000,0.061
745099200000,0.071
745102800000,0.078
745106400000,0.081
745110000000,0.131
745113600000,0.246
745117200000,0.37
745120800000,0.49
745124400000,0.562
745128000000,0.588
745131600000,0.593
745135200000,0.572
745138800000,0.504
745142400000,0.391
745146000000,0.312
745149600000,0.345
745153200000,0.429
745156800000,0.556
745160400000,0.612
745164000000,0.613
745167600000,0.53
745171200000,0.348
745174800000,0.23
745178400000,0.207
745182000000,0.264
745185600000,0.321
745189200000,0.344
745192800000,0.33
745196400000,0.398
745200000000,0.507
745203600000,0.583
745207200000,0.68
745210800000,0.71
745214400000,0.685
745218000000,0.649
745221600000,0.591
745225200000,0.515
745228800000,0.476
745232400000,0.409
745236000000,0.41
745239600000,0.395
745243200000,0.383
745246800000,0.395
745250400000,0.434
745254000000,0.479
745257600000,0.494
745261200000,0.498
745264800000,0.466
745268400000,0.415
745272000000,0.391
745275600000,0.413
745279200000,0.426
745282800000,0.438
745286400000,0.486
745290000000,0.574
745293600000,0.61
745297200000,0.62
745300800000,0.608
745304400000,0.592
745308000000,0.558
745311600000,0.484
745315200000,0.389
745318800000,0.312
745322400000,0.297
745326000000,0.306
745329600000,0.299
745333200000,0.294
745336800000,0.3
745340400000,0.294
745344000000,0.3
745347600000,0.315
745351200000,0.284
745354800000,0.253
745358400000,0.237
745362000000,0.251
745365600000,0.256
745369200000,0.241
745372800000,0.27
745376400000,0.328
745380000000,0.39
745383600000,0.445
745387200000,0.485
745390800000,0.483
745394400000,0.427
745398000000,0.354
745401600000,0.289
745405200000,0.262
745408800000,0.288
745412400000,0.286
745416000000,0.259
745419600000,0.223
745423200000,0.188
745426800000,0.152
745430400000,0.12
745434000000,0.1
745437600000,0.089
745441200000,0.087
745444800000,0.087
745448400000,0.095
745452000000,0.101
745455600000,0.096
745459200000,0.102
745462800000,0.128
745466400000,0.199
745470000000,0.329
745473600000,0.413
745477200000,0.432
745480800000,0.411
745484400000,0.393
745488000000,0.332
745491600000,0.218
745495200000,0.125
745498800000,0.067
745502400000,0.057
745506000000,0.063
745509600000,0.07
745513200000,0.07
745516800000,0.058
745520400000,0.046
745524000000,0.037
745527600000,0.025
745531200000,0.017
745534800000,0.008
745538400000,0.007
745542000000,0.013
745545600000,0.022
745549200000,0.036
745552800000,0.059
745556400000,0.125
745560000000,0.251
745563600000,0.395
745567200000,0.525
745570800000,0.59
745574400000,0.579
745578000000,0.473
745581600000,0.357
745585200000,0.277
745588800000,0.246
745592400000,0.272
745596000000,0.315
745599600000,0.348
745603200000,0.416
745606800000,0.444
745610400000,0.45
745614000000,0.432
745617600000,0.42
745621200000,0.442
745624800000,0.464
745628400000,0.491
745632000000,0.584
745635600000,0.756
745639200000,0.888
745642800000,0.923
745646400000,0.922
745650000000,0.912
745653600000,0.885
745657200000,0.838
745660800000,0.76
745664400000,0.713
745668000000,0.786
745671600000,0.887
745675200000,0.939
745678800000,0.945
745682400000,0.925
745686000000,0.916
745689600000,0.909
745693200000,0.896
745696800000,0.881
745700400000,0.868
745704000000,0.859
745707600000,0.856
745711200000,0.859
745714800000,0.866
745718400000,0.885
745722000000,0.906
745725600000,0.908
745729200000,0.914
745732800000,0.907
745736400000,0.896
745740000000,0.874
745743600000,0.844
745747200000,0.813
745750800000,0.8
745754400000,0.803
745758000000,0.805
745761600000,0.807
745765200000,0.817
745768800000,0.831
745772400000,0.812
745776000000,0.781
745779600000,0.752
745783200000,0.744
745786800000,0.72
745790400000,0.674
745794000000,0.641
745797600000,0.619
745801200000,0.575
745804800000,0.601
745808400000,0.674
745812000000,0.702
745815600000,0.713
745819200000,0.704
745822800000,0.675
745826400000,0.636
745830000000,0.574
745833600000,0.507
745837200000,0.473
745840800000,0.496
745844400000,0.517
745848000000,0.523
745851600000,0.523
745855200000,0.513
745858800000,0.455
745862400000,0.389
745866000000,0.346
745869600000,0.309
745873200000,0.266
745876800000,0.236
745880400000,0.222
745884000000,0.2
745887600000,0.191
745891200000,0.197
745894800000,0.178
745898400000,0.145
745902000000,0.105
745905600000,0.069
745909200000,0.05
745912800000,0.043
745916400000,0.046
745920000000,0.058
745923600000,0.069
745927200000,0.099
745930800000,0.119
745934400000,0.127
745938000000,0.117
745941600000,0.109
745945200000,0.104
745948800000,0.091
745952400000,0.07
745956000000,0.059
745959600000,0.037
745963200000,0.01
745966800000,0.004
745970400000,0.004
745974000000,0.008
745977600000,0.015
745981200000,0.025
745984800000,0.036
745988400000,0.045
745992000000,0.052
745995600000,0.067
745999200000,0.095
746002800000,0.134
746006400000,0.162
746010000000,0.176
746013600000,0.185
746017200000,0.19
746020800000,0.181
746024400000,0.155
746028000000,0.108
746031600000,0.053
746035200000,0.016
746038800000,0.001
746042400000,0.0
746046000000,0.0
746049600000,0.001
746053200000,0.004
746056800000,0.006
746060400000,0.022
746064000000,0.036
746067600000,0.032
746071200000,0.021
746074800000,0.017
746078400000,0.017
746082000000,0.017
746085600000,0.015
746089200000,0.011
746092800000,0.007
746096400000,0.003
746100000000,0.002
746103600000,0.004
746107200000,0.005
746110800000,0.004
746114400000,0.002
746118000000,0.001
746121600000,0.015
746125200000,0.058
746128800000,0.115
746132400000,0.168
746136000000,0.202
746139600000,0.21
746143200000,0.167
746146800000,0.113
746150400000,0.099
746154000000,0.067
746157600000,0.042
746161200000,0.023
746164800000,0.01
746168400000,0.005
746172000000,0.004
746175600000,0.003
746179200000,0.001
746182800000,0.001
746186400000,0.0
746190000000,0.0
746193600000,0.001
746197200000,0.012
746200800000,0.058
746204400000,0.125
746208000000,0.208
746211600000,0.254
746215200000,0.274
746218800000,0.28
746222400000,0.283
746226000000,0.312
746229600000,0.31
746233200000,0.315
746236800000,0.354
746240400000,0.341
746244000000,0.316
746247600000,0.274
746251200000,0.231
746254800000,0.216
746258400000,0.231
746262000000,0.261
746265600000,0.289
746269200000,0.291
746272800000,0.295
746276400000,0.301
746280000000,0.292
746283600000,0.282
746287200000,0.272
746290800000,0.247
746294400000,0.207
746298000000,0.172
746301600000,0.148
746305200000,0.133
746308800000,0.124
746312400000,0.119
746316000000,0.121
746319600000,0.138
746323200000,0.167
746326800000,0.203
746330400000,0.24
746334000000,0.272
746337600000,0.311
746341200000,0.355
746344800000,0.383
746348400000,0.373
746352000000,0.334
746355600000,0.276
746359200000,0.246
746362800000,0.249
746366400000,0.286
746370000000,0.317
746373600000,0.203
746377200000,0.12
746380800000,0.124
746384400000,0.108
746388000000,0.089
746391600000,0.1
746395200000,0.126
746398800000,0.141
746402400000,0.142
746406000000,0.141
746409600000,0.161
746413200000,0.18
746416800000,0.195
746420400000,0.194
746424000000,0.175
746427600000,0.154
746431200000,0.146
746434800000,0.161
746438400000,0.178
746442000000,0.184
746445600000,0.193
746449200000,0.183
746452800000,0.146
746456400000,0.115
746460000000,0.101
746463600000,0.089
746467200000,0.071
746470800000,0.053
746474400000,0.033
746478000000,0.021
746481600000,0.015
746485200000,0.013
746488800000,0.013
746492400000,0.013
746496000000,0.013
746499600000,0.013
746503200000,0.018
746506800000,0.031
746510400000,0.059
746514000000,0.108
746517600000,0.174
746521200000,0.234
746524800000,0.274
746528400000,0.267
746532000000,0.253
746535600000,0.203
746539200000,0.13
746542800000,0.067
746546400000,0.031
746550000000,0.015
746553600000,0.008
746557200000,0.007
746560800000,0.008
746564400000,0.01
746568000000,0.009
746571600000,0.008
746575200000,0.008
746578800000,0.008
746582400000,0.011
746586000000,0.013
746589600000,0.017
746593200000,0.025
746596800000,0.036
746600400000,0.049
746604000000,0.067
746607600000,0.088
746611200000,0.099
746614800000,0.086
746618400000,0.073
746622000000,0.064
746625600000,0.055
746629200000,0.048
746632800000,0.048
746636400000,0.055
746640000000,0.055
746643600000,0.051
746647200000,0.057
746650800000,0.057
746654400000,0.05
746658000000,0.039
746661600000,0.025
746665200000,0.014
746668800000,0.006
746672400000,0.002
746676000000,0.001
746679600000,0.002
746683200000,0.017
746686800000,0.055
746690400000,0.098
746694000000,0.137
746697600000,0.163
746701200000,0.16
746704800000,0.156
746708400000,0.159
746712000000,0.168
746715600000,0.17
746719200000,0.146
746722800000,0.127
746726400000,0.132
746730000000,0.113
746733600000,0.102
746737200000,0.084
746740800000,0.055
746744400000,0.036
746748000000,0.024
746751600000,0.015
746755200000,0.013
746758800000,0.012
746762400000,0.014
746766000000,0.019
746769600000,0.035
746773200000,0.069
746776800000,0.118
746780400000,0.16
746784000000,0.188
746787600000,0.211
746791200000,0.237
746794800000,0.255
746798400000,0.264
746802000000,0.271
746805600000,0.274
746809200000,0.266
746812800000,0.251
746816400000,0.225
746820000000,0.185
746823600000,0.152
746827200000,0.137
746830800000,0.123
746834400000,0.104
746838000000,0.085
746841600000,0.069
746845200000,0.057
746848800000,0.059
746852400000,0.074
746856000000,0.089
746859600000,0.093
746863200000,0.089
746866800000,0.078
746870400000,0.068
746874000000,0.054
746877600000,0.038
746881200000,0.027
746884800000,0.02
746888400000,0.017
746892000000,0.016
746895600000,0.015
746899200000,0.014
746902800000,0.013
746906400000,0.011
746910000000,0.005
746913600000,0.001
746917200000,0.0
746920800000,0.0
746924400000,0.0
746928000000,0.0
746931600000,0.001
746935200000,0.005
746938800000,0.019
746942400000,0.045
746946000000,0.073
746949600000,0.095
746953200000,0.104
746956800000,0.1
746960400000,0.083
746964000000,0.078
746967600000,0.084
746971200000,0.101
746974800000,0.127
746978400000,0.157
746982000000,0.168
746985600000,0.16
746989200000,0.137
746992800000,0.114
746996400000,0.095
747000000000,0.084
747003600000,0.082
747007200000,0.073
747010800000,0.054
747014400000,0.039
747018000000,0.031
747021600000,0.034
747025200000,0.041
747028800000,0.047
747032400000,0.049
747036000000,0.051
747039600000,0.047
747043200000,0.041
747046800000,0.038
747050400000,0.036
747054000000,0.038
747057600000,0.047
747061200000,0.052
747064800000,0.055
747068400000,0.068
747072000000,0.087
747075600000,0.13
747079200000,0.153
747082800000,0.151
747086400000,0.175
747090000000,0.261
747093600000,0.284
747097200000,0.232
747100800000,0.208
747104400000,0.198
747108000000,0.202
747111600000,0.206
747115200000,0.211
747118800000,0.223
747122400000,0.25
747126000000,0.275
747129600000,0.259
747133200000,0.236
747136800000,0.245
747140400000,0.252
747144000000,0.259
747147600000,0.248
747151200000,0.259
747154800000,0.25
747158400000,0.23
747162000000,0.196
747165600000,0.161
747169200000,0.135
747172800000,0.117
747176400000,0.1
747180000000,0.084
747183600000,0.058
747187200000,0.042
747190800000,0.037
747194400000,0.037
747198000000,0.039
747201600000,0.046
747205200000,0.067
747208800000,0.093
747212400000,0.121
747216000000,0.148
747219600000,0.136
747223200000,0.104
747226800000,0.082
747230400000,0.072
747234000000,0.074
747237600000,0.083
747241200000,0.107
747244800000,0.133
747248400000,0.136
747252000000,0.113
747255600000,0.079
747259200000,0.054
747262800000,0.041
747266400000,0.03
747270000000,0.026
747273600000,0.035
747277200000,0.05
747280800000,0.058
747284400000,0.057
747288000000,0.048
747291600000,0.039
747295200000,0.037
747298800000,0.042
747302400000,0.046
747306000000,0.046
747309600000,0.046
747313200000,0.049
747316800000,0.062
747320400000,0.091
747324000000,0.135
747327600000,0.166
747331200000,0.175
747334800000,0.152
747338400000,0.126
747342000000,0.113
747345600000,0.125
747349200000,0.146
747352800000,0.168
747356400000,0.161
747360000000,0.159
747363600000,0.156
747367200000,0.153
747370800000,0.141
747374400000,0.122
747378000000,0.115
747381600000,0.11
747385200000,0.106
747388800000,0.104
747392400000,0.119
747396000000,0.148
747399600000,0.162
747403200000,0.169
747406800000,0.177
747410400000,0.218
747414000000,0.264
747417600000,0.278
747421200000,0.27
747424800000,0.268
747428400000,0.249
747432000000,0.223
747435600000,0.185
747439200000,0.168
747442800000,0.168
747446400000,0.199
747450000000,0.235
747453600000,0.279
747457200000,0.316
747460800000,0.35
747464400000,0.387
747468000000,0.411
747471600000,0.394
747475200000,0.338
747478800000,0.283
747482400000,0.263
747486000000,0.256
747489600000,0.252
747493200000,0.264
747496800000,0.312
747500400000,0.349
747504000000,0.39
747507600000,0.418
747511200000,0.434
747514800000,0.422
747518400000,0.358
747522000000,0.273
747525600000,0.2
747529200000,0.145
747532800000,0.117
747536400000,0.091
747540000000,0.074
747543600000,0.081
747547200000,0.112
747550800000,0.141
747554400000,0.17
747558000000,0.194
747561600000,0.204
747565200000,0.206
747568800000,0.214
747572400000,0.195
747576000000,0.17
747579600000,0.148
747583200000,0.133
747586800000,0.113
747590400000,0.1
747594000000,0.089
747597600000,0.077
747601200000,0.066
747604800000,0.058
747608400000,0.067
747612000000,0.078
747615600000,0.089
747619200000,0.109
747622800000,0.113
747626400000,0.121
747630000000,0.12
747633600000,0.117
747637200000,0.114
747640800000,0.112
747644400000,0.105
747648000000,0.09
747651600000,0.083
747655200000,0.078
747658800000,0.063
747662400000,0.034
747666000000,0.011
747669600000,0.005
747673200000,0.005
747676800000,0.004
747680400000,0.002
747684000000,0.001
747687600000,0.0
747691200000,0.0
747694800000,0.0
747698400000,0.0
747702000000,0.0
747705600000,0.0
747709200000,0.001
747712800000,0.004
747716400000,0.011
747720000000,0.025
747723600000,0.045
747727200000,0.063
747730800000,0.069
747734400000,0.067
747738000000,0.066
747741600000,0.067
747745200000,0.059
747748800000,0.05
747752400000,0.046
747756000000,0.048
747759600000,0.031
747763200000,0.008
747766800000,0.001
747770400000,0.0
747774000000,0.0
747777600000,0.0
747781200000,0.003
747784800000,0.028
747788400000,0.067
747792000000,0.123
747795600000,0.199
747799200000,0.263
747802800000,0.304
747806400000,0.32
747810000000,0.325
747813600000,0.323
747817200000,0.307
747820800000,0.277
747824400000,0.245
747828000000,0.237
747831600000,0.251
747835200000,0.283
747838800000,0.294
747842400000,0.261
747846000000,0.215
747849600000,0.149
747853200000,0.106
747856800000,0.099
747860400000,0.1
747864000000,0.115
747867600000,0.15
747871200000,0.204
747874800000,0.249
747878400000,0.313
747882000000,0.414
747885600000,0.479
747889200000,0.487
747892800000,0.459
747896400000,0.42
747900000000,0.362
747903600000,0.305
747907200000,0.244
747910800000,0.197
747914400000,0.18
747918000000,0.178
747921600000,0.175
747925200000,0.158
747928800000,0.148
747932400000,0.148
747936000000,0.133
747939600000,0.106
747943200000,0.079
747946800000,0.062
747950400000,0.053
747954000000,0.058
747957600000,0.072
747961200000,0.071
747964800000,0.081
747968400000,0.093
747972000000,0.093
747975600000,0.076
747979200000,0.065
747982800000,0.065
747986400000,0.076
747990000000,0.088
747993600000,0.103
747997200000,0.118
748000800000,0.129
748004400000,0.116
748008000000,0.075
748011600000,0.025
748015200000,0.004
748018800000,0.001
748022400000,0.0
748026000000,0.0
748029600000,0.0
748033200000,0.0
748036800000,0.0
748040400000,0.0
748044000000,0.001
748047600000,0.001
748051200000,0.001
748054800000,0.002
748058400000,0.006
748062000000,0.018
748065600000,0.045
748069200000,0.076
748072800000,0.118
748076400000,0.149
748080000000,0.164
748083600000,0.15
748087200000,0.132
748090800000,0.116
748094400000,0.093
748098000000,0.077
748101600000,0.069
748105200000,0.079
748108800000,0.124
748112400000,0.18
748116000000,0.245
748119600000,0.346
748123200000,0.347
748126800000,0.278
748130400000,0.221
748134000000,0.148
748137600000,0.162
748141200000,0.195
748144800000,0.231
748148400000,0.211
748152000000,0.154
748155600000,0.199
748159200000,0.314
748162800000,0.358
748166400000,0.352
748170000000,0.454
748173600000,0.534
748177200000,0.562
748180800000,0.532
748184400000,0.507
748188000000,0.484
748191600000,0.476
748195200000,0.479
748198800000,0.484
748202400000,0.495
748206000000,0.527
748209600000,0.571
748213200000,0.579
748216800000,0.573
748220400000,0.56
748224000000,0.59
748227600000,0.578
748231200000,0.535
748234800000,0.502
748238400000,0.46
748242000000,0.412
748245600000,0.358
748249200000,0.311
748252800000,0.277
748256400000,0.249
748260000000,0.243
748263600000,0.245
748267200000,0.245
748270800000,0.231
748274400000,0.22
748278000000,0.223
748281600000,0.242
748285200000,0.248
748288800000,0.236
748292400000,0.22
748296000000,0.195
748299600000,0.178
748303200000,0.152
748306800000,0.119
748310400000,0.115
748314000000,0.079
748317600000,0.03
748321200000,0.005
748324800000,0.004
748328400000,0.009
748332000000,0.03
748335600000,0.074
748339200000,0.104
748342800000,0.13
748346400000,0.146
748350000000,0.16
748353600000,0.168
748357200000,0.156
748360800000,0.124
748364400000,0.063
748368000000,0.017
748371600000,0.005
748375200000,0.007
748378800000,0.011
748382400000,0.014
748386000000,0.018
748389600000,0.012
748393200000,0.004
748396800000,0.008
748400400000,0.01
748404000000,0.008
748407600000,0.005
748411200000,0.001
748414800000,0.001
748418400000,0.001
748422000000,0.001
748425600000,0.002
748429200000,0.001
748432800000,0.0
748436400000,0.0
748440000000,0.0
748443600000,0.003
748447200000,0.021
748450800000,0.037
748454400000,0.033
748458000000,0.019
748461600000,0.007
748465200000,0.002
748468800000,0.001
748472400000,0.001
748476000000,0.001
748479600000,0.0
748483200000,0.001
748486800000,0.001
748490400000,0.001
748494000000,0.003
748497600000,0.013
748501200000,0.036
748504800000,0.057
748508400000,0.084
748512000000,0.124
748515600000,0.144
748519200000,0.17
748522800000,0.17
748526400000,0.175
748530000000,0.157
748533600000,0.074
748537200000,0.03
748540800000,0.033
748544400000,0.027
748548000000,0.023
748551600000,0.036
748555200000,0.073
748558800000,0.176
748562400000,0.231
748566000000,0.219
748569600000,0.207
748573200000,0.224
748576800000,0.239
748580400000,0.232
748584000000,0.197
748587600000,0.152
748591200000,0.103
748594800000,0.076
748598400000,0.061
748602000000,0.049
748605600000,0.051
748609200000,0.062
748612800000,0.068
748616400000,0.067
748620000000,0.067
748623600000,0.07
748627200000,0.078
748630800000,0.098
748634400000,0.124
748638000000,0.159
748641600000,0.204
748645200000,0.234
748648800000,0.239
748652400000,0.202
748656000000,0.178
748659600000,0.17
748663200000,0.149
748666800000,0.137
748670400000,0.116
748674000000,0.096
748677600000,0.099
748681200000,0.111
748684800000,0.109
748688400000,0.114
748692000000,0.172
748695600000,0.27
748699200000,0.358
748702800000,0.241
748706400000,0.093
748710000000,0.077
748713600000,0.054
748717200000,0.03
748720800000,0.015
748724400000,0.009
748728000000,0.006
748731600000,0.003
748735200000,0.003
748738800000,0.006
748742400000,0.009
748746000000,0.009
748749600000,0.004
748753200000,0.001
748756800000,0.0
748760400000,0.003
748764000000,0.016
748767600000,0.06
748771200000,0.154
748774800000,0.231
748778400000,0.206
748782000000,0.118
748785600000,0.087
748789200000,0.035
748792800000,0.013
748796400000,0.009
748800000000,0.008
748803600000,0.004
748807200000,0.001
748810800000,0.0
748814400000,0.0
748818000000,0.0
748821600000,0.0
748825200000,0.0
748828800000,0.0
748832400000,0.0
748836000000,0.0
748839600000,0.0
748843200000,0.0
748846800000,0.002
748850400000,0.025
748854000000,0.058
748857600000,0.088
748861200000,0.097
748864800000,0.087
748868400000,0.063
748872000000,0.037
748875600000,0.021
748879200000,0.011
748882800000,0.005
748886400000,0.001
748890000000,0.0
748893600000,0.0
748897200000,0.0
748900800000,0.0
748904400000,0.0
748908000000,0.001
748911600000,0.002
748915200000,0.003
748918800000,0.001
748922400000,0.0
748926000000,0.0
748929600000,0.0
748933200000,0.0
748936800000,0.0
748940400000,0.011
748944000000,0.03
748947600000,0.041
748951200000,0.066
748954800000,0.077
748958400000,0.084
748962000000,0.083
748965600000,0.07
748969200000,0.052
748972800000,0.035
748976400000,0.019
748980000000,0.007
748983600000,0.001
748987200000,0.0
748990800000,0.0
748994400000,0.0
748998000000,0.0
749001600000,0.0
749005200000,0.0
749008800000,0.0
749012400000,0.001
749016000000,0.018
749019600000,0.055
749023200000,0.096
749026800000,0.137
749030400000,0.159
749034000000,0.164
749037600000,0.167
749041200000,0.155
749044800000,0.149
749048400000,0.153
749052000000,0.155
749055600000,0.137
749059200000,0.118
749062800000,0.127
749066400000,0.109
749070000000,0.057
749073600000,0.025
749077200000,0.017
749080800000,0.018
749084400000,0.018
749088000000,0.023
749091600000,0.026
749095200000,0.029
749098800000,0.035
749102400000,0.051
749106000000,0.084
749109600000,0.118
749113200000,0.149
749116800000,0.171
749120400000,0.183
749124000000,0.199
749127600000,0.203
749131200000,0.205
749134800000,0.211
749138400000,0.219
749142000000,0.237
749145600000,0.26
749149200000,0.27
749152800000,0.271
749156400000,0.249
749160000000,0.202
749163600000,0.153
749167200000,0.115
749170800000,0.085
749174400000,0.067
749178000000,0.045
749181600000,0.031
749185200000,0.033
749188800000,0.047
749192400000,0.067
749196000000,0.094
749199600000,0.122
749203200000,0.141
749206800000,0.162
749210400000,0.186
749214000000,0.176
749217600000,0.162
749221200000,0.167
749224800000,0.199
749228400000,0.206
749232000000,0.254
749235600000,0.374
749239200000,0.484
749242800000,0.557
749246400000,0.613
749250000000,0.601
749253600000,0.517
749257200000,0.379
749260800000,0.265
749264400000,0.159
749268000000,0.081
749271600000,0.039
749275200000,0.024
749278800000,0.025
749282400000,0.016
749286000000,0.029
749289600000,0.042
749293200000,0.056
749296800000,0.071
749300400000,0.072
749304000000,0.064
749307600000,0.059
749311200000,0.059
749314800000,0.061
749318400000,0.071
749322000000,0.082
749325600000,0.085
749329200000,0.083
749332800000,0.072
749336400000,0.045
749340000000,0.017
749343600000,0.004
749347200000,0.0
749350800000,0.0
749354400000,0.0
749358000000,0.0
749361600000,0.001
749365200000,0.011
749368800000,0.042
749372400000,0.104
749376000000,0.182
749379600000,0.245
749383200000,0.295
749386800000,0.346
749390400000,0.378
749394000000,0.41
749397600000,0.372
749401200000,0.236
749404800000,0.114
749408400000,0.048
749412000000,0.014
749415600000,0.001
749419200000,0.0
749422800000,0.003
749426400000,0.033
749430000000,0.06
749433600000,0.06
749437200000,0.041
749440800000,0.026
749444400000,0.024
749448000000,0.041
749451600000,0.071
749455200000,0.113
749458800000,0.155
749462400000,0.164
749466000000,0.136
749469600000,0.107
749473200000,0.074
749476800000,0.042
749480400000,0.022
749484000000,0.012
749487600000,0.006
749491200000,0.003
749494800000,0.001
749498400000,0.0
749502000000,0.0
749505600000,0.0
749509200000,0.0
749512800000,0.0
749516400000,0.001
749520000000,0.004
749523600000,0.004
749527200000,0.004
749530800000,0.014
749534400000,0.046
749538000000,0.096
749541600000,0.166
749545200000,0.259
749548800000,0.332
749552400000,0.3
749556000000,0.239
749559600000,0.224
749563200000,0.245
749566800000,0.261
749570400000,0.253
749574000000,0.255
749577600000,0.264
749581200000,0.311
749584800000,0.388
749588400000,0.454
749592000000,0.504
749595600000,0.544
749599200000,0.553
749602800000,0.508
749606400000,0.545
749610000000,0.589
749613600000,0.652
749617200000,0.712
749620800000,0.762
749624400000,0.811
749628000000,0.858
749631600000,0.891
749635200000,0.901
749638800000,0.913
749642400000,0.917
749646000000,0.914
749649600000,0.902
749653200000,0.876
749656800000,0.839
749660400000,0.806
749664000000,0.822
749667600000,0.851
749671200000,0.859
749674800000,0.858
749678400000,0.861
749682000000,0.877
749685600000,0.898
749689200000,0.903
749692800000,0.925
749696400000,0.946
749700000000,0.966
749703600000,0.982
749707200000,0.99
749710800000,0.99
749714400000,0.986
749718000000,0.982
749721600000,0.977
749725200000,0.957
749728800000,0.883
749732400000,0.775
749736000000,0.69
749739600000,0.592
749743200000,0.456
749746800000,0.363
749750400000,0.333
749754000000,0.311
749757600000,0.447
749761200000,0.792
749764800000,0.965
749768400000,0.991
749772000000,0.981
749775600000,0.982
749779200000,0.828
749782800000,0.643
749786400000,0.489
749790000000,0.621
749793600000,0.789
749797200000,0.868
749800800000,0.901
749804400000,0.927
749808000000,0.93
749811600000,0.942
749815200000,0.961
749818800000,0.982
749822400000,0.988
749826000000,0.966
749829600000,0.895
749833200000,0.803
749836800000,0.825
749840400000,0.927
749844000000,0.991
749847600000,0.978
749851200000,0.974
749854800000,0.982
749858400000,0.983
749862000000,0.989
749865600000,0.991
749869200000,0.989
749872800000,0.985
749876400000,0.98
749880000000,0.971
749883600000,0.95
749887200000,0.915
749890800000,0.856
749894400000,0.764
749898000000,0.642
749901600000,0.555
749905200000,0.502
749908800000,0.47
749912400000,0.454
749916000000,0.433
749919600000,0.427
749923200000,0.43
749926800000,0.401
749930400000,0.334
749934000000,0.278
749937600000,0.241
749941200000,0.228
749944800000,0.217
749948400000,0.207
749952000000,0.233
749955600000,0.241
749959200000,0.248
749962800000,0.27
749966400000,0.326
749970000000,0.42
749973600000,0.537
749977200000,0.648
749980800000,0.708
749984400000,0.748
749988000000,0.773
749991600000,0.786
749995200000,0.785
749998800000,0.758
750002400000,0.765
750006000000,0.763
750009600000,0.792
750013200000,0.809
750016800000,0.778
750020400000,0.764
750024000000,0.734
750027600000,0.707
750031200000,0.668
750034800000,0.59
750038400000,0.578
750042000000,0.56
750045600000,0.532
750049200000,0.503
750052800000,0.481
750056400000,0.465
750060000000,0.436
750063600000,0.395
750067200000,0.345
750070800000,0.307
750074400000,0.282
750078000000,0.264
750081600000,0.243
750085200000,0.221
750088800000,0.223
750092400000,0.2
750096000000,0.153
750099600000,0.123
750103200000,0.104
750106800000,0.086
750110400000,0.068
750114000000,0.05
750117600000,0.035
750121200000,0.025
750124800000,0.019
750128400000,0.013
750132000000,0.01
750135600000,0.016
750139200000,0.036
750142800000,0.064
750146400000,0.097
750150000000,0.132
750153600000,0.17
750157200000,0.189
750160800000,0.182
750164400000,0.177
750168000000,0.164
750171600000,0.138
750175200000,0.093
750178800000,0.035
750182400000,0.003
750186000000,0.0
750189600000,0.001
750193200000,0.001
750196800000,0.001
750200400000,0.0
750204000000,0.0
750207600000,0.0
750211200000,0.0
750214800000,0.0
750218400000,0.0
750222000000,0.0
750225600000,0.0
750229200000,0.0
750232800000,0.005
750236400000,0.023
750240000000,0.052
750243600000,0.078
750247200000,0.088
750250800000,0.07
750254400000,0.034
750258000000,0.006
750261600000,0.0
750265200000,0.0
750268800000,0.0
750272400000,0.001
750276000000,0.006
750279600000,0.019
750283200000,0.031
750286800000,0.037
750290400000,0.042
750294000000,0.039
750297600000,0.045
750301200000,0.042
750304800000,0.029
750308400000,0.015
750312000000,0.005
750315600000,0.002
750319200000,0.001
750322800000,0.001
750326400000,0.001
750330000000,0.002
750333600000,0.004
750337200000,0.007
750340800000,0.012
750344400000,0.019
750348000000,0.024
750351600000,0.018
750355200000,0.009
750358800000,0.004
750362400000,0.004
750366000000,0.007
750369600000,0.015
750373200000,0.024
750376800000,0.025
750380400000,0.02
750384000000,0.019
750387600000,0.011
750391200000,0.003
750394800000,0.0
750398400000,0.001
750402000000,0.003
750405600000,0.006
750409200000,0.011
750412800000,0.021
750416400000,0.037
750420000000,0.06
750423600000,0.084
750427200000,0.084
750430800000,0.051
750434400000,0.022
750438000000,0.009
750441600000,0.009
750445200000,0.008
750448800000,0.006
750452400000,0.005
750456000000,0.005
750459600000,0.006
750463200000,0.008
750466800000,0.013
750470400000,0.033
750474000000,0.039
750477600000,0.027
750481200000,0.017
750484800000,0.015
750488400000,0.017
750492000000,0.023
750495600000,0.034
750499200000,0.039
750502800000,0.037
750506400000,0.029
750510000000,0.012
750513600000,0.003
750517200000,0.001
750520800000,0.0
750524400000,0.0
750528000000,0.0
750531600000,0.0
750535200000,0.001
750538800000,0.006
750542400000,0.019
750546000000,0.039
750549600000,0.06
750553200000,0.076
750556800000,0.158
750560400000,0.241
750564000000,0.253
750567600000,0.217
750571200000,0.178
750574800000,0.141
750578400000,0.105
750582000000,0.072
750585600000,0.043
750589200000,0.015
750592800000,0.009
750596400000,0.005
750600000000,0.004
750603600000,0.004
750607200000,0.005
750610800000,0.004
750614400000,0.003
750618000000,0.003
750621600000,0.006
750625200000,0.02
750628800000,0.035
750632400000,0.035
750636000000,0.044
750639600000,0.055
750643200000,0.087
750646800000,0.089
750650400000,0.063
750654000000,0.037
750657600000,0.012
750661200000,0.009
750664800000,0.013
750668400000,0.011
750672000000,0.009
750675600000,0.009
750679200000,0.011
750682800000,0.013
750686400000,0.008
750690000000,0.004
750693600000,0.001
750697200000,0.001
750700800000,0.006
750704400000,0.023
750708000000,0.051
750711600000,0.09
750715200000,0.13
750718800000,0.16
750722400000,0.167
750726000000,0.146
750729600000,0.151
750733200000,0.122
750736800000,0.076
750740400000,0.036
750744000000,0.014
750747600000,0.008
750751200000,0.008
750754800000,0.009
750758400000,0.008
750762000000,0.007
750765600000,0.006
750769200000,0.004
750772800000,0.004
750776400000,0.005
750780000000,0.004
750783600000,0.006
750787200000,0.01
750790800000,0.013
750794400000,0.012
750798000000,0.009
750801600000,0.004
750805200000,0.0
750808800000,0.0
750812400000,0.0
750816000000,0.012
750819600000,0.028
750823200000,0.048
750826800000,0.082
750830400000,0.117
750834000000,0.148
750837600000,0.182
750841200000,0.217
750844800000,0.221
750848400000,0.2
750852000000,0.154
750855600000,0.101
750859200000,0.05
750862800000,0.015
750866400000,0.001
750870000000,0.0
750873600000,0.0
750877200000,0.0
750880800000,0.002
750884400000,0.008
750888000000,0.014
750891600000,0.018
750895200000,0.017
750898800000,0.013
750902400000,0.024
750906000000,0.021
750909600000,0.009
750913200000,0.004
750916800000,0.003
750920400000,0.006
750924000000,0.009
750927600000,0.008
750931200000,0.008
750934800000,0.007
750938400000,0.004
750942000000,0.001
750945600000,0.0
750949200000,0.0
750952800000,0.0
750956400000,0.0
750960000000,0.0
750963600000,0.0
750967200000,0.001
750970800000,0.001
750974400000,0.003
750978000000,0.002
750981600000,0.001
750985200000,0.0
750988800000,0.0
750992400000,0.002
750996000000,0.013
750999600000,0.032
751003200000,0.053
751006800000,0.072
751010400000,0.086
751014000000,0.089
751017600000,0.075
751021200000,0.045
751024800000,0.012
751028400000,0.0
751032000000,0.001
751035600000,0.002
751039200000,0.034
751042800000,0.084
751046400000,0.106
751050000000,0.082
751053600000,0.051
751057200000,0.035
751060800000,0.03
751064400000,0.024
751068000000,0.015
751071600000,0.01
751075200000,0.017
751078800000,0.017
751082400000,0.018
751086000000,0.034
751089600000,0.064
751093200000,0.102
751096800000,0.133
751100400000,0.156
751104000000,0.179
751107600000,0.207
751111200000,0.225
751114800000,0.218
751118400000,0.192
751122000000,0.141
751125600000,0.088
751129200000,0.052
751132800000,0.002
751136400000,0.025
751140000000,0.045
751143600000,0.074
751147200000,0.123
751150800000,0.113
751154400000,0.081
751158000000,0.043
751161600000,0.029
751165200000,0.018
751168800000,0.012
751172400000,0.007
751176000000,0.008
751179600000,0.014
751183200000,0.035
751186800000,0.067
751190400000,0.098
751194000000,0.117
751197600000,0.107
751201200000,0.059
751204800000,0.012
751208400000,0.0
751212000000,0.0
751215600000,0.002
751219200000,0.01
751222800000,0.021
751226400000,0.026
751230000000,0.025
751233600000,0.019
751237200000,0.011
751240800000,0.004
751244400000,0.0
751248000000,0.001
751251600000,0.004
751255200000,0.008
751258800000,0.012
751262400000,0.013
751266000000,0.014
751269600000,0.019
751273200000,0.034
751276800000,0.04
751280400000,0.029
751284000000,0.013
751287600000,0.001
751291200000,0.001
751294800000,0.017
751298400000,0.089
751302000000,0.183
751305600000,0.237
751309200000,0.223
751312800000,0.175
751316400000,0.125
751320000000,0.071
751323600000,0.029
751327200000,0.006
751330800000,0.002
751334400000,0.003
751338000000,0.007
751341600000,0.009
751345200000,0.006
751348800000,0.004
751352400000,0.005
751356000000,0.008
751359600000,0.01
751363200000,0.007
751366800000,0.006
751370400000,0.005
751374000000,0.002
751377600000,0.001
751381200000,0.0
751384800000,0.001
751388400000,0.013
751392000000,0.036
751395600000,0.055
751399200000,0.064
751402800000,0.069
751406400000,0.07
751410000000,0.069
751413600000,0.058
751417200000,0.034
751420800000,0.055
751424400000,0.067
751428000000,0.051
751431600000,0.039
751435200000,0.035
751438800000,0.029
751442400000,0.021
751446000000,0.013
751449600000,0.009
751453200000,0.006
751456800000,0.011
751460400000,0.07
751464000000,0.145
751467600000,0.179
751471200000,0.161
751474800000,0.134
751478400000,0.114
751482000000,0.098
751485600000,0.076
751489200000,0.058
751492800000,0.045
751496400000,0.041
751500000000,0.045
751503600000,0.048
751507200000,0.086
751510800000,0.093
751514400000,0.074
751518000000,0.05
751521600000,0.032
751525200000,0.028
751528800000,0.029
751532400000,0.03
751536000000,0.028
751539600000,0.027
751543200000,0.025
751546800000,0.021
751550400000,0.045
751554000000,0.087
751557600000,0.131
751561200000,0.159
751564800000,0.165
751568400000,0.163
751572000000,0.167
751575600000,0.181
751579200000,0.188
751582800000,0.187
751586400000,0.173
751590000000,0.153
751593600000,0.169
751597200000,0.146
751600800000,0.088
751604400000,0.048
751608000000,0.035
751611600000,0.027
751615200000,0.025
751618800000,0.026
751622400000,0.028
751626000000,0.022
751629600000,0.011
751633200000,0.003
751636800000,0.001
751640400000,0.001
751644000000,0.0
751647600000,0.0
751651200000,0.008
751654800000,0.049
751658400000,0.118
751662000000,0.174
751665600000,0.192
751669200000,0.181
751672800000,0.154
751676400000,0.105
751680000000,0.105
751683600000,0.07
751687200000,0.03
751690800000,0.017
751694400000,0.017
751698000000,0.017
751701600000,0.019
751705200000,0.026
751708800000,0.042
751712400000,0.058
751716000000,0.068
751719600000,0.06
751723200000,0.031
751726800000,0.01
751730400000,0.002
751734000000,0.001
751737600000,0.011
751741200000,0.036
751744800000,0.061
751748400000,0.073
751752000000,0.078
751755600000,0.076
751759200000,0.062
751762800000,0.027
751766400000,0.035
751770000000,0.038
751773600000,0.025
751777200000,0.021
751780800000,0.032
751784400000,0.038
751788000000,0.043
751791600000,0.045
751795200000,0.041
751798800000,0.026
751802400000,0.009
751806000000,0.0
751809600000,0.0
751813200000,0.001
751816800000,0.018
751820400000,0.053
751824000000,0.069
751827600000,0.057
751831200000,0.033
751834800000,0.017
751838400000,0.015
751842000000,0.015
751845600000,0.017
751849200000,0.018
751852800000,0.053
751856400000,0.068
751860000000,0.066
751863600000,0.069
751867200000,0.074
751870800000,0.089
751874400000,0.123
751878000000,0.178
751881600000,0.225
751885200000,0.232
751888800000,0.208
751892400000,0.154
751896000000,0.095
751899600000,0.063
751903200000,0.056
751906800000,0.047
751910400000,0.031
751914000000,0.019
751917600000,0.015
751921200000,0.017
751924800000,0.026
751928400000,0.034
751932000000,0.038
751935600000,0.061
751939200000,0.153
751942800000,0.196
751946400000,0.227
751950000000,0.262
751953600000,0.296
751957200000,0.337
751960800000,0.369
751964400000,0.382
751968000000,0.383
751971600000,0.356
751975200000,0.358
751978800000,0.395
751982400000,0.401
751986000000,0.394
751989600000,0.42
751993200000,0.413
751996800000,0.382
752000400000,0.383
752004000000,0.433
752007600000,0.498
752011200000,0.56
752014800000,0.664
752018400000,0.762
752022000000,0.792
752025600000,0.845
752029200000,0.866
752032800000,0.867
752036400000,0.868
752040000000,0.885
752043600000,0.904
752047200000,0.921
752050800000,0.933
752054400000,0.937
752058000000,0.936
752061600000,0.938
752065200000,0.932
752068800000,0.934
752072400000,0.938
752076000000,0.941
752079600000,0.949
752083200000,0.955
752086800000,0.963
752090400000,0.968
752094000000,0.972
752097600000,0.977
752101200000,0.981
752104800000,0.985
752108400000,0.987
752112000000,0.989
752115600000,0.991
752119200000,0.991
752122800000,0.988
752126400000,0.97
752130000000,0.928
752133600000,0.85
752137200000,0.674
752140800000,0.381
752144400000,0.212
752148000000,0.152
752151600000,0.129
752155200000,0.218
752158800000,0.441
752162400000,0.792
752166000000,0.99
752169600000,0.882
752173200000,0.501
752176800000,0.549
752180400000,0.821
752184000000,0.947
752187600000,0.984
752191200000,0.991
752194800000,0.977
752198400000,0.968
752202000000,0.961
752205600000,0.94
752209200000,0.946
752212800000,0.973
752216400000,0.986
752220000000,0.99
752223600000,0.991
752227200000,0.987
752230800000,0.981
752234400000,0.972
752238000000,0.959
752241600000,0.923
752245200000,0.891
752248800000,0.864
752252400000,0.815
752256000000,0.755
752259600000,0.695
752263200000,0.659
752266800000,0.628
752270400000,0.607
752274000000,0.585
752277600000,0.538
752281200000,0.476
752284800000,0.488
752288400000,0.552
752292000000,0.553
752295600000,0.516
752299200000,0.467
752302800000,0.407
752306400000,0.334
752310000000,0.251
752313600000,0.202
752317200000,0.188
752320800000,0.209
752324400000,0.24
752328000000,0.249
752331600000,0.237
752335200000,0.202
752338800000,0.155
752342400000,0.111
752346000000,0.079
752349600000,0.056
752353200000,0.042
752356800000,0.032
752360400000,0.02
752364000000,0.011
752367600000,0.004
752371200000,0.011
752374800000,0.027
752378400000,0.045
752382000000,0.072
752385600000,0.117
752389200000,0.183
752392800000,0.254
752396400000,0.3
752400000000,0.288
752403600000,0.229
752407200000,0.19
752410800000,0.138
752414400000,0.075
752418000000,0.027
752421600000,0.007
752425200000,0.002
752428800000,0.001
752432400000,0.003
752436000000,0.005
752439600000,0.007
752443200000,0.009
752446800000,0.013
752450400000,0.017
752454000000,0.021
752457600000,0.062
752461200000,0.093
752464800000,0.08
752468400000,0.053
752472000000,0.03
752475600000,0.015
752479200000,0.008
752482800000,0.006
752486400000,0.005
752490000000,0.001
752493600000,0.001
752497200000,0.002
752500800000,0.014
752504400000,0.036
752508000000,0.048
752511600000,0.054
752515200000,0.054
752518800000,0.045
752522400000,0.035
752526000000,0.026
752529600000,0.019
752533200000,0.008
752536800000,0.002
752540400000,0.001
752544000000,0.002
752547600000,0.003
752551200000,0.002
752554800000,0.002
752558400000,0.002
752562000000,0.001
752565600000,0.001
752569200000,0.001
752572800000,0.004
752576400000,0.007
752580000000,0.011
752583600000,0.011
752587200000,0.008
752590800000,0.006
752594400000,0.005
752598000000,0.004
752601600000,0.006
752605200000,0.016
752608800000,0.039
752612400000,0.072
752616000000,0.104
752619600000,0.124
752623200000,0.121
752626800000,0.082
752630400000,0.085
752634000000,0.079
752637600000,0.051
752641200000,0.031
752644800000,0.024
752648400000,0.014
752652000000,0.012
752655600000,0.008
752659200000,0.003
752662800000,0.003
752666400000,0.004
752670000000,0.003
752673600000,0.002
752677200000,0.005
752680800000,0.009
752684400000,0.013
752688000000,0.018
752691600000,0.027
752695200000,0.04
752698800000,0.054
752702400000,0.065
752706000000,0.076
752709600000,0.071
752713200000,0.046
752716800000,0.049
752720400000,0.026
752724000000,0.008
752727600000,0.005
752731200000,0.011
752734800000,0.023
752738400000,0.04
752742000000,0.053
752745600000,0.051
752749200000,0.043
752752800000,0.032
752756400000,0.013
752760000000,0.002
752763600000,0.0
752767200000,0.0
752770800000,0.0
752774400000,0.002
752778000000,0.006
752781600000,0.012
752785200000,0.016
752788800000,0.017
752792400000,0.014
752796000000,0.009
752799600000,0.003
752803200000,0.005
752806800000,0.002
752810400000,0.004
752814000000,0.009
752817600000,0.012
752821200000,0.017
752824800000,0.029
752828400000,0.05
752832000000,0.063
752835600000,0.064
752839200000,0.058
752842800000,0.039
752846400000,0.021
752850000000,0.007
752853600000,0.002
752857200000,0.0
752860800000,0.0
752864400000,0.0
752868000000,0.0
752871600000,0.0
752875200000,0.0
752878800000,0.0
752882400000,0.0
752886000000,0.0
752889600000,0.002
752893200000,0.002
752896800000,0.002
752900400000,0.006
752904000000,0.029
752907600000,0.076
752911200000,0.14
752914800000,0.211
752918400000,0.266
752922000000,0.299
752925600000,0.307
752929200000,0.263
752932800000,0.179
752936400000,0.096
752940000000,0.047
752943600000,0.022
752947200000,0.01
752950800000,0.005
752954400000,0.005
752958000000,0.005
752961600000,0.004
752965200000,0.003
752968800000,0.002
752972400000,0.001
752976000000,0.001
752979600000,0.0
752983200000,0.0
752986800000,0.001
752990400000,0.008
752994000000,0.032
752997600000,0.062
753001200000,0.093
753004800000,0.115
753008400000,0.135
753012000000,0.153
753015600000,0.141
753019200000,0.102
753022800000,0.049
753026400000,0.008
753030000000,0.0
753033600000,0.0
753037200000,0.0
753040800000,0.0
753044400000,0.0
753048000000,0.0
753051600000,0.0
753055200000,0.0
753058800000,0.001
753062400000,0.006
753066000000,0.011
753069600000,0.014
753073200000,0.021
753076800000,0.03
753080400000,0.041
753084000000,0.053
753087600000,0.064
753091200000,0.077
753094800000,0.103
753098400000,0.131
753102000000,0.144
753105600000,0.137
753109200000,0.117
753112800000,0.077
753116400000,0.037
753120000000,0.01
753123600000,0.001
753127200000,0.0
753130800000,0.0
753134400000,0.0
753138000000,0.0
753141600000,0.001
753145200000,0.001
753148800000,0.002
753152400000,0.004
753156000000,0.009
753159600000,0.023
753163200000,0.045
753166800000,0.064
753170400000,0.083
753174000000,0.095
753177600000,0.102
753181200000,0.111
753184800000,0.119
753188400000,0.114
753192000000,0.085
753195600000,0.037
753199200000,0.004
753202800000,0.0
753206400000,0.0
753210000000,0.0
753213600000,0.0
753217200000,0.0
753220800000,0.0
753224400000,0.0
753228000000,0.0
753231600000,0.0
753235200000,0.006
753238800000,0.01
753242400000,0.012
753246000000,0.014
753249600000,0.014
753253200000,0.015
753256800000,0.021
753260400000,0.028
753264000000,0.032
753267600000,0.041
753271200000,0.038
753274800000,0.02
753278400000,0.004
753282000000,0.0
753285600000,0.0
753289200000,0.0
753292800000,0.001
753296400000,0.002
753300000000,0.004
753303600000,0.005
753307200000,0.007
753310800000,0.009
753314400000,0.007
753318000000,0.002
753321600000,0.001
753325200000,0.0
753328800000,0.002
753332400000,0.005
753336000000,0.009
753339600000,0.018
753343200000,0.03
753346800000,0.036
753350400000,0.033
753354000000,0.025
753357600000,0.013
753361200000,0.002
753364800000,0.0
753368400000,0.0
753372000000,0.007
753375600000,0.041
753379200000,0.077
753382800000,0.087
753386400000,0.076
753390000000,0.056
753393600000,0.038
753397200000,0.029
753400800000,0.028
753404400000,0.028
753408000000,0.049
753411600000,0.071
753415200000,0.064
753418800000,0.045
753422400000,0.025
753426000000,0.006
753429600000,0.007
753433200000,0.012
753436800000,0.012
753440400000,0.011
753444000000,0.015
753447600000,0.015
753451200000,0.013
753454800000,0.01
753458400000,0.012
753462000000,0.029
753465600000,0.065
753469200000,0.096
753472800000,0.104
753476400000,0.087
753480000000,0.058
753483600000,0.027
753487200000,0.011
753490800000,0.004
753494400000,0.009
753498000000,0.017
753501600000,0.014
753505200000,0.019
753508800000,0.03
753512400000,0.054
753516000000,0.09
753519600000,0.121
753523200000,0.126
753526800000,0.118
753530400000,0.098
753534000000,0.072
753537600000,0.049
753541200000,0.023
753544800000,0.005
753548400000,0.0
753552000000,0.001
753555600000,0.017
753559200000,0.045
753562800000,0.059
753566400000,0.061
753570000000,0.059
753573600000,0.047
753577200000,0.026
753580800000,0.022
753584400000,0.012
753588000000,0.017
753591600000,0.035
753595200000,0.068
753598800000,0.098
753602400000,0.107
753606000000,0.089
753609600000,0.056
753613200000,0.02
753616800000,0.015
753620400000,0.058
753624000000,0.128
753627600000,0.146
753631200000,0.113
753634800000,0.082
753638400000,0.064
753642000000,0.05
753645600000,0.038
753649200000,0.03
753652800000,0.023
753656400000,0.02
753660000000,0.021
753663600000,0.017
753667200000,0.039
753670800000,0.054
753674400000,0.035
753678000000,0.018
753681600000,0.018
753685200000,0.02
753688800000,0.025
753692400000,0.031
753696000000,0.035
753699600000,0.017
753703200000,0.002
753706800000,0.001
753710400000,0.01
753714000000,0.045
753717600000,0.069
753721200000,0.074
753724800000,0.055
753728400000,0.02
753732000000,0.002
753735600000,0.001
753739200000,0.001
753742800000,0.001
753746400000,0.001
753750000000,0.001
753753600000,0.004
753757200000,0.008
753760800000,0.011
753764400000,0.024
753768000000,0.052
753771600000,0.087
753775200000,0.133
753778800000,0.176
753782400000,0.182
753786000000,0.118
753789600000,0.038
753793200000,0.001
753796800000,0.0
753800400000,0.0
753804000000,0.005
753807600000,0.008
753811200000,0.006
753814800000,0.004
753818400000,0.003
753822000000,0.002
753825600000,0.01
753829200000,0.033
753832800000,0.054
753836400000,0.06
753840000000,0.127
753843600000,0.174
753847200000,0.213
753850800000,0.264
753854400000,0.3
753858000000,0.309
753861600000,0.312
753865200000,0.323
753868800000,0.375
753872400000,0.346
753876000000,0.323
753879600000,0.29
753883200000,0.24
753886800000,0.203
753890400000,0.192
753894000000,0.271
753897600000,0.354
753901200000,0.348
753904800000,0.302
753908400000,0.286
753912000000,0.279
753915600000,0.259
753919200000,0.245
753922800000,0.244
753926400000,0.261
753930000000,0.254
753933600000,0.219
753937200000,0.201
753940800000,0.219
753944400000,0.245
753948000000,0.245
753951600000,0.206
753955200000,0.187
753958800000,0.191
753962400000,0.217
753966000000,0.236
753969600000,0.216
753973200000,0.211
753976800000,0.168
753980400000,0.103
753984000000,0.072
753987600000,0.056
753991200000,0.035
753994800000,0.03
753998400000,0.022
754002000000,0.022
754005600000,0.025
754009200000,0.017
754012800000,0.012
754016400000,0.018
754020000000,0.012
754023600000,0.005
754027200000,0.005
754030800000,0.004
754034400000,0.006
754038000000,0.005
754041600000,0.003
754045200000,0.001
754048800000,0.0
754052400000,0.0
754056000000,0.0
754059600000,0.0
754063200000,0.0
754066800000,0.001
754070400000,0.011
754074000000,0.025
754077600000,0.036
754081200000,0.046
754084800000,0.045
754088400000,0.031
754092000000,0.017
754095600000,0.014
754099200000,0.045
754102800000,0.071
754106400000,0.077
754110000000,0.071
754113600000,0.058
754117200000,0.043
754120800000,0.029
754124400000,0.019
754128000000,0.009
754131600000,0.002
754135200000,0.001
754138800000,0.001
754142400000,0.003
754146000000,0.006
754149600000,0.005
754153200000,0.009
754156800000,0.016
754160400000,0.026
754164000000,0.036
754167600000,0.043
754171200000,0.042
754174800000,0.027
754178400000,0.014
754182000000,0.006
754185600000,0.029
754189200000,0.065
754192800000,0.085
754196400000,0.09
754200000000,0.093
754203600000,0.09
754207200000,0.107
754210800000,0.113
754214400000,0.092
754218000000,0.084
754221600000,0.122
754225200000,0.15
754228800000,0.153
754232400000,0.137
754236000000,0.11
754239600000,0.078
754243200000,0.058
754246800000,0.045
754250400000,0.037
754254000000,0.035
754257600000,0.038
754261200000,0.042
754264800000,0.05
754268400000,0.044
754272000000,0.064
754275600000,0.074
754279200000,0.083
754282800000,0.085
754286400000,0.079
754290000000,0.067
754293600000,0.049
754297200000,0.032
754300800000,0.02
754304400000,0.006
754308000000,0.001
754311600000,0.0
754315200000,0.0
754318800000,0.0
754322400000,0.0
754326000000,0.003
754329600000,0.011
754333200000,0.02
754336800000,0.028
754340400000,0.035
754344000000,0.042
754347600000,0.05
754351200000,0.072
754354800000,0.071
754358400000,0.072
754362000000,0.072
754365600000,0.062
754369200000,0.052
754372800000,0.043
754376400000,0.038
754380000000,0.032
754383600000,0.023
754387200000,0.013
754390800000,0.01
754394400000,0.01
754398000000,0.006
754401600000,0.011
754405200000,0.014
754408800000,0.016
754412400000,0.013
754416000000,0.004
754419600000,0.001
754423200000,0.0
754426800000,0.0
754430400000,0.0
754434000000,0.0
754437600000,0.0
754441200000,0.0
754444800000,0.011
754448400000,0.034
754452000000,0.053
754455600000,0.055
754459200000,0.052
754462800000,0.053
754466400000,0.059
754470000000,0.06
754473600000,0.046
754477200000,0.039
754480800000,0.027
754484400000,0.021
754488000000,0.044
754491600000,0.051
754495200000,0.051
754498800000,0.062
754502400000,0.072
754506000000,0.074
754509600000,0.073
754513200000,0.066
754516800000,0.051
754520400000,0.026
754524000000,0.007
754527600000,0.004
754531200000,0.02
754534800000,0.034
754538400000,0.036
754542000000,0.035
754545600000,0.029
754549200000,0.021
754552800000,0.015
754556400000,0.011
754560000000,0.01
754563600000,0.009
754567200000,0.006
754570800000,0.002
754574400000,0.024
754578000000,0.055
754581600000,0.069
754585200000,0.065
754588800000,0.045
754592400000,0.025
754596000000,0.006
754599600000,0.005
754603200000,0.007
754606800000,0.007
754610400000,0.006
754614000000,0.002
754617600000,0.006
754621200000,0.018
754624800000,0.024
754628400000,0.027
754632000000,0.028
754635600000,0.037
754639200000,0.059
754642800000,0.063
754646400000,0.052
754650000000,0.055
754653600000,0.05
754657200000,0.047
754660800000,0.049
754664400000,0.054
754668000000,0.056
754671600000,0.054
754675200000,0.049
754678800000,0.038
754682400000,0.027
754686000000,0.017
754689600000,0.015
754693200000,0.022
754696800000,0.04
754700400000,0.051
754704000000,0.068
754707600000,0.101
754711200000,0.093
754714800000,0.068
754718400000,0.045
754722000000,0.036
754725600000,0.031
754729200000,0.021
754732800000,0.012
754736400000,0.005
754740000000,0.004
754743600000,0.003
754747200000,0.02
754750800000,0.046
754754400000,0.071
754758000000,0.08
754761600000,0.072
754765200000,0.059
754768800000,0.047
754772400000,0.039
754776000000,0.034
754779600000,0.028
754783200000,0.023
754786800000,0.015
754790400000,0.041
754794000000,0.068
754797600000,0.065
754801200000,0.061
754804800000,0.053
754808400000,0.052
754812000000,0.049
754815600000,0.041
754819200000,0.035
754822800000,0.038
754826400000,0.043
754830000000,0.045
754833600000,0.048
754837200000,0.051
754840800000,0.052
754844400000,0.05
754848000000,0.048
754851600000,0.045
754855200000,0.042
754858800000,0.038
754862400000,0.03
754866000000,0.032
754869600000,0.038
754873200000,0.035
754876800000,0.04
754880400000,0.077
754884000000,0.091
754887600000,0.073
754891200000,0.048
754894800000,0.028
754898400000,0.019
754902000000,0.013
754905600000,0.009
754909200000,0.006
754912800000,0.005
754916400000,0.005
754920000000,0.006
754923600000,0.004
754927200000,0.001
754930800000,0.001
754934400000,0.0
754938000000,0.0
754941600000,0.0
754945200000,0.001
754948800000,0.002
754952400000,0.003
754956000000,0.004
754959600000,0.006
754963200000,0.036
754966800000,0.062
754970400000,0.077
754974000000,0.073
754977600000,0.059
754981200000,0.047
754984800000,0.043
754988400000,0.039
754992000000,0.033
754995600000,0.02
754999200000,0.024
755002800000,0.05
755006400000,0.096
755010000000,0.158
755013600000,0.208
755017200000,0.234
755020800000,0.245
755024400000,0.263
755028000000,0.269
755031600000,0.282
755035200000,0.313
755038800000,0.391
755042400000,0.467
755046000000,0.504
755049600000,0.595
755053200000,0.669
755056800000,0.711
755060400000,0.742
755064000000,0.766
755067600000,0.802
755071200000,0.841
755074800000,0.861
755078400000,0.886
755082000000,0.912
755085600000,0.913
755089200000,0.91
755092800000,0.904
755096400000,0.893
755100000000,0.889
755103600000,0.895
755107200000,0.905
755110800000,0.908
755114400000,0.909
755118000000,0.906
755121600000,0.899
755125200000,0.897
755128800000,0.895
755132400000,0.885
755136000000,0.865
755139600000,0.839
755143200000,0.868
755146800000,0.873
755150400000,0.831
755154000000,0.79
755157600000,0.797
755161200000,0.822
755164800000,0.836
755168400000,0.84
755172000000,0.833
755175600000,0.812
755179200000,0.781
755182800000,0.763
755186400000,0.75
755190000000,0.686
755193600000,0.651
755197200000,0.653
755200800000,0.63
755204400000,0.574
755208000000,0.498
755211600000,0.42
755215200000,0.367
755218800000,0.361
755222400000,0.351
755226000000,0.309
755229600000,0.279
755233200000,0.252
755236800000,0.212
755240400000,0.181
755244000000,0.163
755247600000,0.155
755251200000,0.138
755254800000,0.142
755258400000,0.183
755262000000,0.227
755265600000,0.257
755269200000,0.277
755272800000,0.275
755276400000,0.28
755280000000,0.302
755283600000,0.314
755287200000,0.319
755290800000,0.314
755294400000,0.294
755298000000,0.255
755301600000,0.233
755305200000,0.179
755308800000,0.168
755312400000,0.205
755316000000,0.188
755319600000,0.152
755323200000,0.131
755326800000,0.129
755330400000,0.152
755334000000,0.181
755337600000,0.237
755341200000,0.363
755344800000,0.51
755348400000,0.579
755352000000,0.528
755355600000,0.483
755359200000,0.47
755362800000,0.44
755366400000,0.38
755370000000,0.315
755373600000,0.274
755377200000,0.234
755380800000,0.201
755384400000,0.176
755388000000,0.147
755391600000,0.087
755395200000,0.076
755398800000,0.051
755402400000,0.022
755406000000,0.011
755409600000,0.009
755413200000,0.022
755416800000,0.035
755420400000,0.044
755424000000,0.039
755427600000,0.024
755431200000,0.007
755434800000,0.001
755438400000,0.001
755442000000,0.001
755445600000,0.001
755449200000,0.0
755452800000,0.0
755456400000,0.0
755460000000,0.004
755463600000,0.028
755467200000,0.06
755470800000,0.087
755474400000,0.096
755478000000,0.073
755481600000,0.05
755485200000,0.037
755488800000,0.031
755492400000,0.039
755496000000,0.073
755499600000,0.144
755503200000,0.207
755506800000,0.227
755510400000,0.206
755514000000,0.117
755517600000,0.024
755521200000,0.003
755524800000,0.007
755528400000,0.014
755532000000,0.018
755535600000,0.014
755539200000,0.007
755542800000,0.018
755546400000,0.012
755550000000,0.011
755553600000,0.009
755557200000,0.008
755560800000,0.009
755564400000,0.008
755568000000,0.024
755571600000,0.058
755575200000,0.079
755578800000,0.072
755582400000,0.06
755586000000,0.064
755589600000,0.068
755593200000,0.061
755596800000,0.033
755600400000,0.012
755604000000,0.005
755607600000,0.002
755611200000,0.001
755614800000,0.001
755618400000,0.006
755622000000,0.022
755625600000,0.035
755629200000,0.042
755632800000,0.046
755636400000,0.051
755640000000,0.049
755643600000,0.039
755647200000,0.033
755650800000,0.023
755654400000,0.051
755658000000,0.07
755661600000,0.068
755665200000,0.062
755668800000,0.068
755672400000,0.096
755676000000,0.111
755679600000,0.101
755683200000,0.064
755686800000,0.038
755690400000,0.034
755694000000,0.027
755697600000,0.02
755701200000,0.019
755704800000,0.02
755708400000,0.025
755712000000,0.025
755715600000,0.017
755719200000,0.009
755722800000,0.01
755726400000,0.012
755730000000,0.009
755733600000,0.004
755737200000,0.001
755740800000,0.011
755744400000,0.025
755748000000,0.024
755751600000,0.02
755755200000,0.018
755758800000,0.016
755762400000,0.025
755766000000,0.027
755769600000,0.018
755773200000,0.01
755776800000,0.006
755780400000,0.003
755784000000,0.001
755787600000,0.001
755791200000,0.001
755794800000,0.001
755798400000,0.002
755802000000,0.004
755805600000,0.008
755809200000,0.012
755812800000,0.018
755816400000,0.024
755820000000,0.031
755823600000,0.022
755827200000,0.03
755830800000,0.043
755834400000,0.051
755838000000,0.064
755841600000,0.08
755845200000,0.101
755848800000,0.12
755852400000,0.119
755856000000,0.092
755859600000,0.048
755863200000,0.024
755866800000,0.032
755870400000,0.063
755874000000,0.067
755877600000,0.05
755881200000,0.03
755884800000,0.019
755888400000,0.01
755892000000,0.005
755895600000,0.002
755899200000,0.002
755902800000,0.002
755906400000,0.007
755910000000,0.027
755913600000,0.092
755917200000,0.14
755920800000,0.179
755924400000,0.201
755928000000,0.164
755931600000,0.111
755935200000,0.069
755938800000,0.046
755942400000,0.032
755946000000,0.028
755949600000,0.043
755953200000,0.067
755956800000,0.12
755960400000,0.209
755964000000,0.259
755967600000,0.261
755971200000,0.239
755974800000,0.201
755978400000,0.167
755982000000,0.146
755985600000,0.133
755989200000,0.152
755992800000,0.176
755996400000,0.201
756000000000,0.22
756003600000,0.22
756007200000,0.233
756010800000,0.21
756014400000,0.18
756018000000,0.152
756021600000,0.13
756025200000,0.118
756028800000,0.101
756032400000,0.086
756036000000,0.102
756039600000,0.123
756043200000,0.126
756046800000,0.12
756050400000,0.125
756054000000,0.132
756057600000,0.135
756061200000,0.135
756064800000,0.134
756068400000,0.118
756072000000,0.089
756075600000,0.064
756079200000,0.059
756082800000,0.084
756086400000,0.157
756090000000,0.201
756093600000,0.225
756097200000,0.22
756100800000,0.165
756104400000,0.105
756108000000,0.067
756111600000,0.048
756115200000,0.039
756118800000,0.036
756122400000,0.068
756126000000,0.118
756129600000,0.132
756133200000,0.146
756136800000,0.181
756140400000,0.249
756144000000,0.345
756147600000,0.376
756151200000,0.334
756154800000,0.302
756158400000,0.294
756162000000,0.308
756165600000,0.3
756169200000,0.255
756172800000,0.194
756176400000,0.162
756180000000,0.147
756183600000,0.12
756187200000,0.084
756190800000,0.045
756194400000,0.02
756198000000,0.007
756201600000,0.002
756205200000,0.001
756208800000,0.001
756212400000,0.001
756216000000,0.001
756219600000,0.0
756223200000,0.0
756226800000,0.0
756230400000,0.0
756234000000,0.002
756237600000,0.004
756241200000,0.007
756244800000,0.005
756248400000,0.002
756252000000,0.002
756255600000,0.006
756259200000,0.021
756262800000,0.033
756266400000,0.073
756270000000,0.15
756273600000,0.245
756277200000,0.327
756280800000,0.374
756284400000,0.393
756288000000,0.39
756291600000,0.374
756295200000,0.374
756298800000,0.328
756302400000,0.228
756306000000,0.133
756309600000,0.061
756313200000,0.023
756316800000,0.013
756320400000,0.009
756324000000,0.006
756327600000,0.004
756331200000,0.002
756334800000,0.001
756338400000,0.001
756342000000,0.002
756345600000,0.011
756349200000,0.013
756352800000,0.005
756356400000,0.002
756360000000,0.003
756363600000,0.008
756367200000,0.02
756370800000,0.045
756374400000,0.095
756378000000,0.15
756381600000,0.166
756385200000,0.101
756388800000,0.02
756392400000,0.001
756396000000,0.022
756399600000,0.066
756403200000,0.079
756406800000,0.078
756410400000,0.079
756414000000,0.078
756417600000,0.076
756421200000,0.082
756424800000,0.093
756428400000,0.088
756432000000,0.104
756435600000,0.105
756439200000,0.11
756442800000,0.105
756446400000,0.084
756450000000,0.068
756453600000,0.057
756457200000,0.039
756460800000,0.021
756464400000,0.016
756468000000,0.058
756471600000,0.163
756475200000,0.254
756478800000,0.278
756482400000,0.291
756486000000,0.278
756489600000,0.258
756493200000,0.252
756496800000,0.259
756500400000,0.274
756504000000,0.297
756507600000,0.328
756511200000,0.353
756514800000,0.337
756518400000,0.368
756522000000,0.398
756525600000,0.371
756529200000,0.299
756532800000,0.225
756536400000,0.174
756540000000,0.156
756543600000,0.166
756547200000,0.182
756550800000,0.233
756554400000,0.374
756558000000,0.536
756561600000,0.591
756565200000,0.593
756568800000,0.59
756572400000,0.562
756576000000,0.519
756579600000,0.472
756583200000,0.408
756586800000,0.339
756590400000,0.292
756594000000,0.261
756597600000,0.251
756601200000,0.223
756604800000,0.277
756608400000,0.251
756612000000,0.187
756615600000,0.136
756619200000,0.099
756622800000,0.076
756626400000,0.07
756630000000,0.077
756633600000,0.096
756637200000,0.159
756640800000,0.298
756644400000,0.481
756648000000,0.51
756651600000,0.487
756655200000,0.438
756658800000,0.375
756662400000,0.309
756666000000,0.252
756669600000,0.208
756673200000,0.185
756676800000,0.171
756680400000,0.181
756684000000,0.211
756687600000,0.191
756691200000,0.197
756694800000,0.211
756698400000,0.173
756702000000,0.121
756705600000,0.07
756709200000,0.039
756712800000,0.031
756716400000,0.036
756720000000,0.047
756723600000,0.058
756727200000,0.093
756730800000,0.159
756734400000,0.245
756738000000,0.304
756741600000,0.278
756745200000,0.242
756748800000,0.239
756752400000,0.248
756756000000,0.267
756759600000,0.298
756763200000,0.319
756766800000,0.336
756770400000,0.382
756774000000,0.388
756777600000,0.415
756781200000,0.438
756784800000,0.403
756788400000,0.354
756792000000,0.297
756795600000,0.261
756799200000,0.251
756802800000,0.258
756806400000,0.255
756810000000,0.283
756813600000,0.37
756817200000,0.435
756820800000,0.407
756824400000,0.351
756828000000,0.297
756831600000,0.27
756835200000,0.253
756838800000,0.223
756842400000,0.191
756846000000,0.164
756849600000,0.156
756853200000,0.152
756856800000,0.146
756860400000,0.124
756864000000,0.133
756867600000,0.097
756871200000,0.052
756874800000,0.027
756878400000,0.025
756882000000,0.027
756885600000,0.031
756889200000,0.035
756892800000,0.037
756896400000,0.044
756900000000,0.125
756903600000,0.304
756907200000,0.506
756910800000,0.547
756914400000,0.576
756918000000,0.62
756921600000,0.651
756925200000,0.661
756928800000,0.661
756932400000,0.67
756936000000,0.687
756939600000,0.715
756943200000,0.742
756946800000,0.72
756950400000,0.683
756954000000,0.669
756957600000,0.636
756961200000,0.644
756964800000,0.682
756968400000,0.72
756972000000,0.734
756975600000,0.742
756979200000,0.781
756982800000,0.808
756986400000,0.765
756990000000,0.72
756993600000,0.7
756997200000,0.695
757000800000,0.673
757004400000,0.59
757008000000,0.432
757011600000,0.336
757015200000,0.302
757018800000,0.296
757022400000,0.294
757026000000,0.29
757029600000,0.263
757033200000,0.228
757036800000,0.203
757040400000,0.204
757044000000,0.243
757047600000,0.22
757051200000,0.16
757054800000,0.122
757058400000,0.108
757062000000,0.118
757065600000,0.158
757069200000,0.213
757072800000,0.233
757076400000,0.212
757080000000,0.186
757083600000,0.141
757087200000,0.101
757090800000,0.065
757094400000,0.045
757098000000,0.026
757101600000,0.015
757105200000,0.006
757108800000,0.004
757112400000,0.007
757116000000,0.014
757119600000,0.012
757123200000,0.027
757126800000,0.037
757130400000,0.033
757134000000,0.021
757137600000,0.013
757141200000,0.013
757144800000,0.022
757148400000,0.044
757152000000,0.075
757155600000,0.108
757159200000,0.134
757162800000,0.118
757166400000,0.068
757170000000,0.029
757173600000,0.015
757177200000,0.013
757180800000,0.022
757184400000,0.043
757188000000,0.055
757191600000,0.038
757195200000,0.041
757198800000,0.058
757202400000,0.081
757206000000,0.082
757209600000,0.11
757213200000,0.139
757216800000,0.115
757220400000,0.085
757224000000,0.063
757227600000,0.041
757231200000,0.025
757234800000,0.014
757238400000,0.005
757242000000,0.001
757245600000,0.0
757249200000,0.0
757252800000,0.0
757256400000,0.0
757260000000,0.001
757263600000,0.002
757267200000,0.008
757270800000,0.011
757274400000,0.01
757278000000,0.008
757281600000,0.006
757285200000,0.002
757288800000,0.0
757292400000,0.0
757296000000,0.003
757299600000,0.008
757303200000,0.013
757306800000,0.019
757310400000,0.025
757314000000,0.039
757317600000,0.063
757321200000,0.104
757324800000,0.162
757328400000,0.209
757332000000,0.199
757335600000,0.125
757339200000,0.037
757342800000,0.002
757346400000,0.001
757350000000,0.006
757353600000,0.014
757357200000,0.014
757360800000,0.008
757364400000,0.005
757368000000,0.008
757371600000,0.014
757375200000,0.022
757378800000,0.031
