,L3
1609459200000,0.382
1609462800000,0.468
1609466400000,0.479
1609470000000,0.464
1609473600000,0.432
1609477200000,0.383
1609480800000,0.332
1609484400000,0.261
1609488000000,0.188
1609491600000,0.144
1609495200000,0.139
1609498800000,0.145
1609502400000,0.144
1609506000000,0.135
1609509600000,0.12
1609513200000,0.111
1609516800000,0.112
1609520400000,0.139
1609524000000,0.153
1609527600000,0.175
1609531200000,0.196
1609534800000,0.162
1609538400000,0.12
1609542000000,0.108
1609545600000,0.197
1609549200000,0.241
1609552800000,0.225
1609556400000,0.242
1609560000000,0.283
1609563600000,0.322
1609567200000,0.362
1609570800000,0.384
1609574400000,0.354
1609578000000,0.312
1609581600000,0.32
1609585200000,0.316
1609588800000,0.311
1609592400000,0.287
1609596000000,0.256
1609599600000,0.246
1609603200000,0.231
1609606800000,0.22
1609610400000,0.227
1609614000000,0.255
1609617600000,0.285
1609621200000,0.3
1609624800000,0.292
1609628400000,0.245
1609632000000,0.417
1609635600000,0.513
1609639200000,0.501
1609642800000,0.467
1609646400000,0.435
1609650000000,0.401
1609653600000,0.369
1609657200000,0.315
1609660800000,0.259
1609664400000,0.204
1609668000000,0.162
1609671600000,0.11
1609675200000,0.078
1609678800000,0.053
1609682400000,0.034
1609686000000,0.03
1609689600000,0.038
1609693200000,0.042
1609696800000,0.051
1609700400000,0.067
1609704000000,0.089
1609707600000,0.09
1609711200000,0.084
1609714800000,0.079
1609718400000,0.222
1609722000000,0.379
1609725600000,0.429
1609729200000,0.465
1609732800000,0.476
1609736400000,0.448
1609740000000,0.411
1609743600000,0.369
1609747200000,0.311
1609750800000,0.218
1609754400000,0.136
1609758000000,0.091
1609761600000,0.072
1609765200000,0.067
1609768800000,0.067
1609772400000,0.079
1609776000000,0.094
1609779600000,0.103
1609783200000,0.111
1609786800000,0.123
1609790400000,0.137
1609794000000,0.133
1609797600000,0.121
1609801200000,0.087
1609804800000,0.229
1609808400000,0.282
1609812000000,0.236
1609815600000,0.182
1609819200000,0.139
1609822800000,0.102
1609826400000,0.072
1609830000000,0.048
1609833600000,0.035
1609837200000,0.035
1609840800000,0.045
1609844400000,0.058
1609848000000,0.064
1609851600000,0.061
1609855200000,0.046
1609858800000,0.035
1609862400000,0.027
1609866000000,0.021
1609869600000,0.021
1609873200000,0.026
1609876800000,0.037
1609880400000,0.041
1609884000000,0.046
1609887600000,0.045
1609891200000,0.152
1609894800000,0.234
1609898400000,0.225
1609902000000,0.184
1609905600000,0.149
1609909200000,0.126
1609912800000,0.112
1609916400000,0.089
1609920000000,0.077
1609923600000,0.075
1609927200000,0.092
1609930800000,0.109
1609934400000,0.092
1609938000000,0.069
1609941600000,0.049
1609945200000,0.037
1609948800000,0.027
1609952400000,0.016
1609956000000,0.008
1609959600000,0.004
1609963200000,0.002
1609966800000,0.001
1609970400000,0.003
1609974000000,0.006
1609977600000,0.032
1609981200000,0.048
1609984800000,0.049
1609988400000,0.053
1609992000000,0.055
1609995600000,0.051
1609999200000,0.046
1610002800000,0.044
1610006400000,0.049
1610010000000,0.048
1610013600000,0.049
1610017200000,0.052
1610020800000,0.057
1610024400000,0.057
1610028000000,0.05
1610031600000,0.042
1610035200000,0.034
1610038800000,0.029
1610042400000,0.038
1610046000000,0.063
1610049600000,0.091
1610053200000,0.104
1610056800000,0.102
1610060400000,0.084
1610064000000,0.22
1610067600000,0.28
1610071200000,0.241
1610074800000,0.189
1610078400000,0.151
1610082000000,0.125
1610085600000,0.117
1610089200000,0.117
1610092800000,0.127
1610096400000,0.148
1610100000000,0.169
1610103600000,0.192
1610107200000,0.192
1610110800000,0.191
1610114400000,0.19
1610118000000,0.212
1610121600000,0.234
1610125200000,0.243
1610128800000,0.259
1610132400000,0.284
1610136000000,0.306
1610139600000,0.308
1610143200000,0.301
1610146800000,0.285
1610150400000,0.392
1610154000000,0.413
1610157600000,0.378
1610161200000,0.329
1610164800000,0.285
1610168400000,0.249
1610172000000,0.225
1610175600000,0.204
1610179200000,0.187
1610182800000,0.186
1610186400000,0.247
1610190000000,0.298
1610193600000,0.309
1610197200000,0.333
1610200800000,0.331
1610204400000,0.336
1610208000000,0.363
1610211600000,0.377
1610215200000,0.344
1610218800000,0.332
1610222400000,0.332
1610226000000,0.315
1610229600000,0.301
1610233200000,0.297
1610236800000,0.453
1610240400000,0.478
1610244000000,0.407
1610247600000,0.334
1610251200000,0.274
1610254800000,0.236
1610258400000,0.219
1610262000000,0.22
1610265600000,0.227
1610269200000,0.259
1610272800000,0.354
1610276400000,0.414
1610280000000,0.404
1610283600000,0.367
1610287200000,0.315
1610290800000,0.273
1610294400000,0.249
1610298000000,0.248
1610301600000,0.279
1610305200000,0.317
1610308800000,0.343
1610312400000,0.294
1610316000000,0.267
1610319600000,0.217
1610323200000,0.325
1610326800000,0.291
1610330400000,0.191
1610334000000,0.123
1610337600000,0.08
1610341200000,0.049
1610344800000,0.034
1610348400000,0.03
1610352000000,0.032
1610355600000,0.031
1610359200000,0.03
1610362800000,0.031
1610366400000,0.036
1610370000000,0.041
1610373600000,0.044
1610377200000,0.049
1610380800000,0.064
1610384400000,0.083
1610388000000,0.118
1610391600000,0.16
1610395200000,0.202
1610398800000,0.223
1610402400000,0.217
1610406000000,0.178
1610409600000,0.218
1610413200000,0.202
1610416800000,0.157
1610420400000,0.14
1610424000000,0.145
1610427600000,0.152
1610431200000,0.15
1610434800000,0.14
1610438400000,0.125
1610442000000,0.106
1610445600000,0.078
1610449200000,0.053
1610452800000,0.04
1610456400000,0.036
1610460000000,0.039
1610463600000,0.053
1610467200000,0.092
1610470800000,0.116
1610474400000,0.125
1610478000000,0.136
1610481600000,0.144
1610485200000,0.137
1610488800000,0.116
1610492400000,0.078
1610496000000,0.135
1610499600000,0.167
1610503200000,0.134
1610506800000,0.099
1610510400000,0.074
1610514000000,0.059
1610517600000,0.052
1610521200000,0.05
1610524800000,0.049
1610528400000,0.041
1610532000000,0.029
1610535600000,0.019
1610539200000,0.012
1610542800000,0.011
1610546400000,0.013
1610550000000,0.02
1610553600000,0.034
1610557200000,0.047
1610560800000,0.06
1610564400000,0.076
1610568000000,0.095
1610571600000,0.095
1610575200000,0.086
1610578800000,0.059
1610582400000,0.088
1610586000000,0.079
1610589600000,0.05
1610593200000,0.039
1610596800000,0.036
1610600400000,0.029
1610604000000,0.025
1610607600000,0.021
1610611200000,0.022
1610614800000,0.02
1610618400000,0.022
1610622000000,0.024
1610625600000,0.017
1610629200000,0.011
1610632800000,0.007
1610636400000,0.009
1610640000000,0.019
1610643600000,0.027
1610647200000,0.032
1610650800000,0.039
1610654400000,0.049
1610658000000,0.051
1610661600000,0.053
1610665200000,0.041
1610668800000,0.054
1610672400000,0.055
1610676000000,0.041
1610679600000,0.033
1610683200000,0.028
1610686800000,0.024
1610690400000,0.022
1610694000000,0.025
1610697600000,0.032
1610701200000,0.037
1610704800000,0.042
1610708400000,0.042
1610712000000,0.039
1610715600000,0.034
1610719200000,0.028
1610722800000,0.031
1610726400000,0.041
1610730000000,0.049
1610733600000,0.058
1610737200000,0.064
1610740800000,0.074
1610744400000,0.087
1610748000000,0.094
1610751600000,0.069
1610755200000,0.086
1610758800000,0.083
1610762400000,0.054
1610766000000,0.035
1610769600000,0.025
1610773200000,0.02
1610776800000,0.018
1610780400000,0.02
1610784000000,0.028
1610787600000,0.036
1610791200000,0.041
1610794800000,0.042
1610798400000,0.037
1610802000000,0.028
1610805600000,0.017
1610809200000,0.011
1610812800000,0.011
1610816400000,0.017
1610820000000,0.037
1610823600000,0.069
1610827200000,0.103
1610830800000,0.118
1610834400000,0.104
1610838000000,0.056
1610841600000,0.058
1610845200000,0.047
1610848800000,0.036
1610852400000,0.046
1610856000000,0.068
1610859600000,0.075
1610863200000,0.074
1610866800000,0.08
1610870400000,0.099
1610874000000,0.107
1610877600000,0.112
1610881200000,0.123
1610884800000,0.152
1610888400000,0.182
1610892000000,0.237
1610895600000,0.289
1610899200000,0.404
1610902800000,0.451
1610906400000,0.435
1610910000000,0.374
1610913600000,0.347
1610917200000,0.315
1610920800000,0.28
1610924400000,0.236
1610928000000,0.346
1610931600000,0.487
1610935200000,0.519
1610938800000,0.528
1610942400000,0.557
1610946000000,0.546
1610949600000,0.516
1610953200000,0.472
1610956800000,0.388
1610960400000,0.308
1610964000000,0.27
1610967600000,0.245
1610971200000,0.208
1610974800000,0.18
1610978400000,0.156
1610982000000,0.17
1610985600000,0.207
1610989200000,0.218
1610992800000,0.242
1610996400000,0.279
1611000000000,0.314
1611003600000,0.278
1611007200000,0.228
1611010800000,0.216
1611014400000,0.433
1611018000000,0.497
1611021600000,0.469
1611025200000,0.481
1611028800000,0.513
1611032400000,0.494
1611036000000,0.455
1611039600000,0.413
1611043200000,0.343
1611046800000,0.294
1611050400000,0.27
1611054000000,0.244
1611057600000,0.185
1611061200000,0.129
1611064800000,0.092
1611068400000,0.092
1611072000000,0.104
1611075600000,0.112
1611079200000,0.121
1611082800000,0.125
1611086400000,0.128
1611090000000,0.094
1611093600000,0.067
1611097200000,0.035
1611100800000,0.075
1611104400000,0.146
1611108000000,0.167
1611111600000,0.175
1611115200000,0.185
1611118800000,0.183
1611122400000,0.174
1611126000000,0.159
1611129600000,0.153
1611133200000,0.132
1611136800000,0.1
1611140400000,0.069
1611144000000,0.047
1611147600000,0.044
1611151200000,0.043
1611154800000,0.051
1611158400000,0.057
1611162000000,0.075
1611165600000,0.112
1611169200000,0.162
1611172800000,0.208
1611176400000,0.2
1611180000000,0.149
1611183600000,0.104
1611187200000,0.141
1611190800000,0.197
1611194400000,0.203
1611198000000,0.22
1611201600000,0.235
1611205200000,0.219
1611208800000,0.181
1611212400000,0.136
1611216000000,0.09
1611219600000,0.062
1611223200000,0.047
1611226800000,0.04
1611230400000,0.029
1611234000000,0.016
1611237600000,0.005
1611241200000,0.003
1611244800000,0.005
1611248400000,0.011
1611252000000,0.028
1611255600000,0.057
1611259200000,0.078
1611262800000,0.071
1611266400000,0.052
1611270000000,0.034
1611273600000,0.033
1611277200000,0.026
1611280800000,0.022
1611284400000,0.032
1611288000000,0.042
1611291600000,0.039
1611295200000,0.029
1611298800000,0.02
1611302400000,0.014
1611306000000,0.005
1611309600000,0.001
1611313200000,0.0
1611316800000,0.0
1611320400000,0.001
1611324000000,0.001
1611327600000,0.001
1611331200000,0.0
1611334800000,0.0
1611338400000,0.0
1611342000000,0.001
1611345600000,0.003
1611349200000,0.006
1611352800000,0.006
1611356400000,0.004
1611360000000,0.005
1611363600000,0.016
1611367200000,0.032
1611370800000,0.058
1611374400000,0.083
1611378000000,0.09
1611381600000,0.077
1611385200000,0.053
1611388800000,0.036
1611392400000,0.026
1611396000000,0.017
1611399600000,0.009
1611403200000,0.007
1611406800000,0.007
1611410400000,0.009
1611414000000,0.012
1611417600000,0.015
1611421200000,0.018
1611424800000,0.021
1611428400000,0.026
1611432000000,0.027
1611435600000,0.023
1611439200000,0.019
1611442800000,0.011
1611446400000,0.005
1611450000000,0.005
1611453600000,0.007
1611457200000,0.008
1611460800000,0.008
1611464400000,0.011
1611468000000,0.018
1611471600000,0.028
1611475200000,0.039
1611478800000,0.04
1611482400000,0.034
1611486000000,0.03
1611489600000,0.022
1611493200000,0.014
1611496800000,0.009
1611500400000,0.011
1611504000000,0.021
1611507600000,0.042
1611511200000,0.068
1611514800000,0.097
1611518400000,0.123
1611522000000,0.139
1611525600000,0.126
1611529200000,0.113
1611532800000,0.167
1611536400000,0.157
1611540000000,0.111
1611543600000,0.076
1611547200000,0.05
1611550800000,0.035
1611554400000,0.031
1611558000000,0.03
1611561600000,0.03
1611565200000,0.025
1611568800000,0.021
1611572400000,0.02
1611576000000,0.016
1611579600000,0.009
1611583200000,0.005
1611586800000,0.005
1611590400000,0.005
1611594000000,0.003
1611597600000,0.004
1611601200000,0.008
1611604800000,0.014
1611608400000,0.022
1611612000000,0.031
1611615600000,0.063
1611619200000,0.13
1611622800000,0.121
1611626400000,0.079
1611630000000,0.044
1611633600000,0.021
1611637200000,0.01
1611640800000,0.006
1611644400000,0.005
1611648000000,0.005
1611651600000,0.007
1611655200000,0.01
1611658800000,0.017
1611662400000,0.027
1611666000000,0.034
1611669600000,0.037
1611673200000,0.041
1611676800000,0.042
1611680400000,0.045
1611684000000,0.045
1611687600000,0.044
1611691200000,0.048
1611694800000,0.049
1611698400000,0.044
1611702000000,0.048
1611705600000,0.105
1611709200000,0.116
1611712800000,0.087
1611716400000,0.061
1611720000000,0.045
1611723600000,0.037
1611727200000,0.03
1611730800000,0.024
1611734400000,0.02
1611738000000,0.017
1611741600000,0.018
1611745200000,0.027
1611748800000,0.033
1611752400000,0.037
1611756000000,0.038
1611759600000,0.048
1611763200000,0.063
1611766800000,0.065
1611770400000,0.079
1611774000000,0.099
1611777600000,0.103
1611781200000,0.102
1611784800000,0.086
1611788400000,0.061
1611792000000,0.076
1611795600000,0.042
1611799200000,0.013
1611802800000,0.009
1611806400000,0.013
1611810000000,0.016
1611813600000,0.02
1611817200000,0.028
1611820800000,0.048
1611824400000,0.086
1611828000000,0.122
1611831600000,0.137
1611835200000,0.144
1611838800000,0.155
1611842400000,0.179
1611846000000,0.225
1611849600000,0.284
1611853200000,0.35
1611856800000,0.38
1611860400000,0.413
1611864000000,0.488
1611867600000,0.526
1611871200000,0.509
1611874800000,0.494
1611878400000,0.642
1611882000000,0.693
1611885600000,0.661
1611889200000,0.635
1611892800000,0.635
1611896400000,0.642
1611900000000,0.666
1611903600000,0.69
1611907200000,0.675
1611910800000,0.631
1611914400000,0.552
1611918000000,0.466
1611921600000,0.415
1611925200000,0.395
1611928800000,0.367
1611932400000,0.435
1611936000000,0.494
1611939600000,0.535
1611943200000,0.562
1611946800000,0.618
1611950400000,0.628
1611954000000,0.627
1611957600000,0.601
1611961200000,0.556
1611964800000,0.734
1611968400000,0.739
1611972000000,0.656
1611975600000,0.59
1611979200000,0.547
1611982800000,0.525
1611986400000,0.544
1611990000000,0.605
1611993600000,0.642
1611997200000,0.642
1612000800000,0.601
1612004400000,0.542
1612008000000,0.476
1612011600000,0.442
1612015200000,0.43
1612018800000,0.437
1612022400000,0.469
1612026000000,0.494
1612029600000,0.523
1612033200000,0.547
1612036800000,0.533
1612040400000,0.459
1612044000000,0.386
1612047600000,0.319
1612051200000,0.548
1612054800000,0.604
1612058400000,0.535
1612062000000,0.466
1612065600000,0.433
1612069200000,0.414
1612072800000,0.405
1612076400000,0.403
1612080000000,0.37
1612083600000,0.33
1612087200000,0.335
1612090800000,0.316
1612094400000,0.276
1612098000000,0.269
1612101600000,0.277
1612105200000,0.311
1612108800000,0.3
1612112400000,0.272
1612116000000,0.245
1612119600000,0.238
1612123200000,0.284
1612126800000,0.317
1612130400000,0.289
1612134000000,0.2
1612137600000,0.364
1612141200000,0.433
1612144800000,0.363
1612148400000,0.286
1612152000000,0.227
1612155600000,0.177
1612159200000,0.141
1612162800000,0.121
1612166400000,0.107
1612170000000,0.092
1612173600000,0.077
1612177200000,0.068
1612180800000,0.059
1612184400000,0.053
1612188000000,0.048
1612191600000,0.039
1612195200000,0.038
1612198800000,0.041
1612202400000,0.048
1612206000000,0.055
1612209600000,0.062
1612213200000,0.077
1612216800000,0.093
1612220400000,0.064
1612224000000,0.086
1612227600000,0.103
1612231200000,0.093
1612234800000,0.073
1612238400000,0.057
1612242000000,0.045
1612245600000,0.044
1612249200000,0.048
1612252800000,0.054
1612256400000,0.054
1612260000000,0.06
1612263600000,0.078
1612267200000,0.084
1612270800000,0.08
1612274400000,0.073
1612278000000,0.093
1612281600000,0.125
1612285200000,0.155
1612288800000,0.173
1612292400000,0.182
1612296000000,0.234
1612299600000,0.231
1612303200000,0.212
1612306800000,0.229
1612310400000,0.458
1612314000000,0.495
1612317600000,0.448
1612321200000,0.408
1612324800000,0.376
1612328400000,0.343
1612332000000,0.319
1612335600000,0.3
1612339200000,0.267
1612342800000,0.226
1612346400000,0.238
1612350000000,0.264
1612353600000,0.272
1612357200000,0.259
1612360800000,0.283
1612364400000,0.279
1612368000000,0.283
1612371600000,0.26
1612375200000,0.261
1612378800000,0.271
1612382400000,0.284
1612386000000,0.295
1612389600000,0.294
1612393200000,0.316
1612396800000,0.553
1612400400000,0.55
1612404000000,0.464
1612407600000,0.382
1612411200000,0.314
1612414800000,0.256
1612418400000,0.22
1612422000000,0.21
1612425600000,0.205
1612429200000,0.177
1612432800000,0.179
1612436400000,0.225
1612440000000,0.238
1612443600000,0.279
1612447200000,0.26
1612450800000,0.243
1612454400000,0.249
1612458000000,0.261
1612461600000,0.274
1612465200000,0.289
1612468800000,0.304
1612472400000,0.286
1612476000000,0.231
1612479600000,0.249
1612483200000,0.392
1612486800000,0.369
1612490400000,0.302
1612494000000,0.265
1612497600000,0.245
1612501200000,0.218
1612504800000,0.194
1612508400000,0.168
1612512000000,0.138
1612515600000,0.093
1612519200000,0.063
1612522800000,0.058
1612526400000,0.057
1612530000000,0.05
1612533600000,0.041
1612537200000,0.036
1612540800000,0.041
1612544400000,0.055
1612548000000,0.076
1612551600000,0.1
1612555200000,0.121
1612558800000,0.124
1612562400000,0.109
1612566000000,0.098
1612569600000,0.161
1612573200000,0.184
1612576800000,0.157
1612580400000,0.155
1612584000000,0.167
1612587600000,0.158
1612591200000,0.136
1612594800000,0.112
1612598400000,0.081
1612602000000,0.046
1612605600000,0.034
1612609200000,0.039
1612612800000,0.051
1612616400000,0.089
1612620000000,0.108
1612623600000,0.105
1612627200000,0.11
1612630800000,0.115
1612634400000,0.112
1612638000000,0.107
1612641600000,0.109
1612645200000,0.095
1612648800000,0.078
1612652400000,0.077
1612656000000,0.178
1612659600000,0.197
1612663200000,0.185
1612666800000,0.187
1612670400000,0.191
1612674000000,0.188
1612677600000,0.183
1612681200000,0.191
1612684800000,0.174
1612688400000,0.132
1612692000000,0.098
1612695600000,0.077
1612699200000,0.069
1612702800000,0.069
1612706400000,0.072
1612710000000,0.087
1612713600000,0.106
1612717200000,0.123
1612720800000,0.145
1612724400000,0.162
1612728000000,0.177
1612731600000,0.172
1612735200000,0.151
1612738800000,0.186
1612742400000,0.414
1612746000000,0.5
1612749600000,0.519
1612753200000,0.54
1612756800000,0.564
1612760400000,0.574
1612764000000,0.568
1612767600000,0.544
1612771200000,0.505
1612774800000,0.414
1612778400000,0.328
1612782000000,0.289
1612785600000,0.277
1612789200000,0.254
1612792800000,0.225
1612796400000,0.199
1612800000000,0.159
1612803600000,0.119
1612807200000,0.106
1612810800000,0.108
1612814400000,0.114
1612818000000,0.127
1612821600000,0.13
1612825200000,0.191
1612828800000,0.555
1612832400000,0.727
1612836000000,0.788
1612839600000,0.819
1612843200000,0.837
1612846800000,0.842
1612850400000,0.826
1612854000000,0.785
1612857600000,0.704
1612861200000,0.618
1612864800000,0.568
1612868400000,0.572
1612872000000,0.561
1612875600000,0.506
1612879200000,0.444
1612882800000,0.42
1612886400000,0.414
1612890000000,0.406
1612893600000,0.412
1612897200000,0.374
1612900800000,0.324
1612904400000,0.243
1612908000000,0.19
1612911600000,0.184
1612915200000,0.352
1612918800000,0.477
1612922400000,0.484
1612926000000,0.462
1612929600000,0.404
1612933200000,0.34
1612936800000,0.279
1612940400000,0.223
1612944000000,0.154
1612947600000,0.068
1612951200000,0.027
1612954800000,0.021
1612958400000,0.031
1612962000000,0.042
1612965600000,0.053
1612969200000,0.057
1612972800000,0.058
1612976400000,0.062
1612980000000,0.066
1612983600000,0.062
1612987200000,0.05
1612990800000,0.036
1612994400000,0.021
1612998000000,0.012
1613001600000,0.011
1613005200000,0.011
1613008800000,0.015
1613012400000,0.024
1613016000000,0.045
1613019600000,0.08
1613023200000,0.119
1613026800000,0.156
1613030400000,0.189
1613034000000,0.201
1613037600000,0.223
1613041200000,0.234
1613044800000,0.247
1613048400000,0.252
1613052000000,0.252
1613055600000,0.249
1613059200000,0.233
1613062800000,0.237
1613066400000,0.261
1613070000000,0.293
1613073600000,0.329
1613077200000,0.36
1613080800000,0.334
1613084400000,0.38
1613088000000,0.387
1613091600000,0.3
1613095200000,0.231
1613098800000,0.186
1613102400000,0.163
1613106000000,0.163
1613109600000,0.194
1613113200000,0.261
1613116800000,0.348
1613120400000,0.388
1613124000000,0.382
1613127600000,0.355
1613131200000,0.317
1613134800000,0.264
1613138400000,0.228
1613142000000,0.216
1613145600000,0.216
1613149200000,0.219
1613152800000,0.192
1613156400000,0.153
1613160000000,0.113
1613163600000,0.087
1613167200000,0.071
1613170800000,0.041
1613174400000,0.021
1613178000000,0.006
1613181600000,0.001
1613185200000,0.001
1613188800000,0.004
1613192400000,0.013
1613196000000,0.035
1613199600000,0.069
1613203200000,0.1
1613206800000,0.12
1613210400000,0.126
1613214000000,0.114
1613217600000,0.086
1613221200000,0.06
1613224800000,0.042
1613228400000,0.03
1613232000000,0.022
1613235600000,0.017
1613239200000,0.015
1613242800000,0.018
1613246400000,0.024
1613250000000,0.021
1613253600000,0.011
1613257200000,0.003
1613260800000,0.001
1613264400000,0.001
1613268000000,0.004
1613271600000,0.02
1613275200000,0.058
1613278800000,0.118
1613282400000,0.186
1613286000000,0.235
1613289600000,0.242
1613293200000,0.206
1613296800000,0.181
1613300400000,0.161
1613304000000,0.136
1613307600000,0.103
1613311200000,0.076
1613314800000,0.057
1613318400000,0.048
1613322000000,0.044
1613325600000,0.039
1613329200000,0.036
1613332800000,0.031
1613336400000,0.022
1613340000000,0.013
1613343600000,0.009
1613347200000,0.009
1613350800000,0.003
1613354400000,0.001
1613358000000,0.0
1613361600000,0.0
1613365200000,0.0
1613368800000,0.0
1613372400000,0.003
1613376000000,0.015
1613379600000,0.024
1613383200000,0.026
1613386800000,0.03
1613390400000,0.045
1613394000000,0.058
1613397600000,0.064
1613401200000,0.081
1613404800000,0.101
1613408400000,0.113
1613412000000,0.127
1613415600000,0.141
1613419200000,0.156
1613422800000,0.175
1613426400000,0.163
1613430000000,0.13
1613433600000,0.181
1613437200000,0.155
1613440800000,0.098
1613444400000,0.054
1613448000000,0.024
1613451600000,0.007
1613455200000,0.001
1613458800000,0.0
1613462400000,0.001
1613466000000,0.005
1613469600000,0.014
1613473200000,0.024
1613476800000,0.03
1613480400000,0.033
1613484000000,0.038
1613487600000,0.043
1613491200000,0.038
1613494800000,0.031
1613498400000,0.027
1613502000000,0.022
1613505600000,0.018
1613509200000,0.013
1613512800000,0.007
1613516400000,0.004
1613520000000,0.006
1613523600000,0.008
1613527200000,0.009
1613530800000,0.011
1613534400000,0.011
1613538000000,0.012
1613541600000,0.015
1613545200000,0.025
1613548800000,0.038
1613552400000,0.044
1613556000000,0.046
1613559600000,0.047
1613563200000,0.051
1613566800000,0.054
1613570400000,0.05
1613574000000,0.047
1613577600000,0.049
1613581200000,0.063
1613584800000,0.091
1613588400000,0.13
1613592000000,0.177
1613595600000,0.205
1613599200000,0.219
1613602800000,0.193
1613606400000,0.25
1613610000000,0.278
1613613600000,0.237
1613617200000,0.201
1613620800000,0.178
1613624400000,0.159
1613628000000,0.152
1613631600000,0.156
1613635200000,0.167
1613638800000,0.169
1613642400000,0.186
1613646000000,0.223
1613649600000,0.264
1613653200000,0.32
1613656800000,0.459
1613660400000,0.498
1613664000000,0.467
1613667600000,0.452
1613671200000,0.434
1613674800000,0.414
1613678400000,0.391
1613682000000,0.358
1613685600000,0.326
1613689200000,0.395
1613692800000,0.474
1613696400000,0.376
1613700000000,0.243
1613703600000,0.155
1613707200000,0.103
1613710800000,0.067
1613714400000,0.046
1613718000000,0.044
1613721600000,0.057
1613725200000,0.084
1613728800000,0.133
1613732400000,0.195
1613736000000,0.26
1613739600000,0.285
1613743200000,0.271
1613746800000,0.273
1613750400000,0.254
1613754000000,0.302
1613757600000,0.35
1613761200000,0.386
1613764800000,0.403
1613768400000,0.366
1613772000000,0.278
1613775600000,0.313
1613779200000,0.407
1613782800000,0.334
1613786400000,0.23
1613790000000,0.171
1613793600000,0.149
1613797200000,0.133
1613800800000,0.121
1613804400000,0.114
1613808000000,0.132
1613811600000,0.133
1613815200000,0.127
1613818800000,0.142
1613822400000,0.171
1613826000000,0.167
1613829600000,0.144
1613833200000,0.135
1613836800000,0.142
1613840400000,0.146
1613844000000,0.153
1613847600000,0.158
1613851200000,0.161
1613854800000,0.154
1613858400000,0.127
1613862000000,0.099
1613865600000,0.144
1613869200000,0.111
1613872800000,0.067
1613876400000,0.043
1613880000000,0.031
1613883600000,0.021
1613887200000,0.018
1613890800000,0.023
1613894400000,0.035
1613898000000,0.029
1613901600000,0.025
1613905200000,0.031
1613908800000,0.037
1613912400000,0.034
1613916000000,0.045
1613919600000,0.084
1613923200000,0.118
1613926800000,0.134
1613930400000,0.135
1613934000000,0.116
1613937600000,0.105
1613941200000,0.078
1613944800000,0.05
1613948400000,0.036
1613952000000,0.072
1613955600000,0.063
1613959200000,0.042
1613962800000,0.046
1613966400000,0.06
1613970000000,0.067
1613973600000,0.065
1613977200000,0.061
1613980800000,0.05
1613984400000,0.029
1613988000000,0.015
1613991600000,0.019
1613995200000,0.031
1613998800000,0.035
1614002400000,0.038
1614006000000,0.044
1614009600000,0.044
1614013200000,0.035
1614016800000,0.028
1614020400000,0.031
1614024000000,0.059
1614027600000,0.08
1614031200000,0.053
1614034800000,0.089
1614038400000,0.223
1614042000000,0.227
1614045600000,0.158
1614049200000,0.101
1614052800000,0.07
1614056400000,0.054
1614060000000,0.046
1614063600000,0.045
1614067200000,0.047
1614070800000,0.041
1614074400000,0.038
1614078000000,0.035
1614081600000,0.031
1614085200000,0.024
1614088800000,0.016
1614092400000,0.021
1614096000000,0.03
1614099600000,0.042
1614103200000,0.062
1614106800000,0.082
1614110400000,0.102
1614114000000,0.107
1614117600000,0.087
1614121200000,0.077
1614124800000,0.138
1614128400000,0.131
1614132000000,0.085
1614135600000,0.053
1614139200000,0.028
1614142800000,0.011
1614146400000,0.004
1614150000000,0.002
1614153600000,0.001
1614157200000,0.001
1614160800000,0.0
1614164400000,0.003
1614168000000,0.013
1614171600000,0.026
1614175200000,0.032
1614178800000,0.028
1614182400000,0.02
1614186000000,0.015
1614189600000,0.015
1614193200000,0.018
1614196800000,0.023
1614200400000,0.034
1614204000000,0.038
1614207600000,0.047
1614211200000,0.074
1614214800000,0.065
1614218400000,0.045
1614222000000,0.023
1614225600000,0.009
1614229200000,0.003
1614232800000,0.001
1614236400000,0.0
1614240000000,0.003
1614243600000,0.008
1614247200000,0.018
1614250800000,0.017
1614254400000,0.014
1614258000000,0.014
1614261600000,0.016
1614265200000,0.018
1614268800000,0.02
1614272400000,0.024
1614276000000,0.03
1614279600000,0.037
1614283200000,0.046
1614286800000,0.051
1614290400000,0.044
1614294000000,0.031
1614297600000,0.02
1614301200000,0.01
1614304800000,0.003
1614308400000,0.0
1614312000000,0.0
1614315600000,0.0
1614319200000,0.0
1614322800000,0.001
1614326400000,0.003
1614330000000,0.012
1614333600000,0.024
1614337200000,0.024
1614340800000,0.026
1614344400000,0.03
1614348000000,0.034
1614351600000,0.035
1614355200000,0.035
1614358800000,0.038
1614362400000,0.04
1614366000000,0.041
1614369600000,0.042
1614373200000,0.042
1614376800000,0.037
1614380400000,0.032
1614384000000,0.035
1614387600000,0.027
1614391200000,0.015
1614394800000,0.007
1614398400000,0.003
1614402000000,0.001
1614405600000,0.001
1614409200000,0.002
1614412800000,0.006
1614416400000,0.013
1614420000000,0.023
1614423600000,0.032
1614427200000,0.037
1614430800000,0.041
1614434400000,0.041
1614438000000,0.044
1614441600000,0.047
1614445200000,0.047
1614448800000,0.056
1614452400000,0.06
1614456000000,0.065
1614459600000,0.068
1614463200000,0.058
1614466800000,0.068
1614470400000,0.095
1614474000000,0.099
1614477600000,0.079
1614481200000,0.061
1614484800000,0.048
1614488400000,0.038
1614492000000,0.035
1614495600000,0.036
1614499200000,0.045
1614502800000,0.041
1614506400000,0.035
1614510000000,0.047
1614513600000,0.046
1614517200000,0.042
1614520800000,0.039
1614524400000,0.045
1614528000000,0.064
1614531600000,0.072
1614535200000,0.073
1614538800000,0.076
1614542400000,0.071
1614546000000,0.048
1614549600000,0.031
1614553200000,0.066
1614556800000,0.107
1614560400000,0.096
1614564000000,0.064
1614567600000,0.041
1614571200000,0.023
1614574800000,0.012
1614578400000,0.006
1614582000000,0.003
1614585600000,0.002
1614589200000,0.002
1614592800000,0.001
1614596400000,0.002
1614600000000,0.034
1614603600000,0.079
1614607200000,0.068
1614610800000,0.051
1614614400000,0.038
1614618000000,0.028
1614621600000,0.025
1614625200000,0.022
1614628800000,0.022
1614632400000,0.025
1614636000000,0.022
1614639600000,0.018
1614643200000,0.024
1614646800000,0.022
1614650400000,0.012
1614654000000,0.005
1614657600000,0.003
1614661200000,0.005
1614664800000,0.006
1614668400000,0.009
1614672000000,0.016
1614675600000,0.031
1614679200000,0.056
1614682800000,0.083
1614686400000,0.093
1614690000000,0.083
1614693600000,0.071
1614697200000,0.067
1614700800000,0.071
1614704400000,0.072
1614708000000,0.075
1614711600000,0.073
1614715200000,0.076
1614718800000,0.075
1614722400000,0.067
1614726000000,0.156
1614729600000,0.337
1614733200000,0.386
1614736800000,0.345
1614740400000,0.311
1614744000000,0.297
1614747600000,0.291
1614751200000,0.291
1614754800000,0.313
1614758400000,0.352
1614762000000,0.321
1614765600000,0.319
1614769200000,0.286
1614772800000,0.232
1614776400000,0.223
1614780000000,0.188
1614783600000,0.182
1614787200000,0.179
1614790800000,0.167
1614794400000,0.155
1614798000000,0.157
1614801600000,0.162
1614805200000,0.165
1614808800000,0.157
1614812400000,0.276
1614816000000,0.413
1614819600000,0.4
1614823200000,0.321
1614826800000,0.236
1614830400000,0.167
1614834000000,0.118
1614837600000,0.088
1614841200000,0.076
1614844800000,0.081
1614848400000,0.085
1614852000000,0.101
1614855600000,0.12
1614859200000,0.121
1614862800000,0.116
1614866400000,0.105
1614870000000,0.088
1614873600000,0.078
1614877200000,0.077
1614880800000,0.084
1614884400000,0.091
1614888000000,0.111
1614891600000,0.13
1614895200000,0.118
1614898800000,0.18
1614902400000,0.265
1614906000000,0.273
1614909600000,0.253
1614913200000,0.236
1614916800000,0.22
1614920400000,0.2
1614924000000,0.188
1614927600000,0.197
1614931200000,0.223
1614934800000,0.212
1614938400000,0.2
1614942000000,0.17
1614945600000,0.145
1614949200000,0.136
1614952800000,0.133
1614956400000,0.137
1614960000000,0.148
1614963600000,0.154
1614967200000,0.155
1614970800000,0.16
1614974400000,0.166
1614978000000,0.162
1614981600000,0.135
1614985200000,0.201
1614988800000,0.259
1614992400000,0.222
1614996000000,0.177
1614999600000,0.141
1615003200000,0.109
1615006800000,0.079
1615010400000,0.058
1615014000000,0.047
1615017600000,0.045
1615021200000,0.035
1615024800000,0.03
1615028400000,0.035
1615032000000,0.036
1615035600000,0.031
1615039200000,0.028
1615042800000,0.03
1615046400000,0.035
1615050000000,0.038
1615053600000,0.041
1615057200000,0.045
1615060800000,0.051
1615064400000,0.059
1615068000000,0.062
1615071600000,0.084
1615075200000,0.125
1615078800000,0.136
1615082400000,0.139
1615086000000,0.138
1615089600000,0.134
1615093200000,0.128
1615096800000,0.124
1615100400000,0.126
1615104000000,0.134
1615107600000,0.101
1615111200000,0.07
1615114800000,0.064
1615118400000,0.078
1615122000000,0.086
1615125600000,0.084
1615129200000,0.103
1615132800000,0.122
1615136400000,0.132
1615140000000,0.141
1615143600000,0.156
1615147200000,0.175
1615150800000,0.167
1615154400000,0.13
1615158000000,0.145
1615161600000,0.241
1615165200000,0.215
1615168800000,0.193
1615172400000,0.191
1615176000000,0.189
1615179600000,0.183
1615183200000,0.195
1615186800000,0.227
1615190400000,0.27
1615194000000,0.24
1615197600000,0.201
1615201200000,0.175
1615204800000,0.14
1615208400000,0.101
1615212000000,0.08
1615215600000,0.091
1615219200000,0.114
1615222800000,0.137
1615226400000,0.162
1615230000000,0.176
1615233600000,0.177
1615237200000,0.149
1615240800000,0.117
1615244400000,0.264
1615248000000,0.401
1615251600000,0.37
1615255200000,0.308
1615258800000,0.278
1615262400000,0.261
1615266000000,0.251
1615269600000,0.251
1615273200000,0.264
1615276800000,0.275
1615280400000,0.241
1615284000000,0.223
1615287600000,0.201
1615291200000,0.155
1615294800000,0.136
1615298400000,0.133
1615302000000,0.139
1615305600000,0.151
1615309200000,0.166
1615312800000,0.177
1615316400000,0.184
1615320000000,0.193
1615323600000,0.181
1615327200000,0.139
1615330800000,0.286
1615334400000,0.49
1615338000000,0.464
1615341600000,0.385
1615345200000,0.332
1615348800000,0.296
1615352400000,0.274
1615356000000,0.279
1615359600000,0.313
1615363200000,0.374
1615366800000,0.354
1615370400000,0.316
1615374000000,0.278
1615377600000,0.225
1615381200000,0.208
1615384800000,0.2
1615388400000,0.206
1615392000000,0.205
1615395600000,0.19
1615399200000,0.168
1615402800000,0.157
1615406400000,0.161
1615410000000,0.158
1615413600000,0.126
1615417200000,0.393
1615420800000,0.652
1615424400000,0.651
1615428000000,0.59
1615431600000,0.54
1615435200000,0.505
1615438800000,0.467
1615442400000,0.449
1615446000000,0.45
1615449600000,0.457
1615453200000,0.367
1615456800000,0.245
1615460400000,0.173
1615464000000,0.122
1615467600000,0.106
1615471200000,0.101
1615474800000,0.12
1615478400000,0.148
1615482000000,0.16
1615485600000,0.167
1615489200000,0.168
1615492800000,0.168
1615496400000,0.157
1615500000000,0.133
1615503600000,0.346
1615507200000,0.519
1615510800000,0.481
1615514400000,0.394
1615518000000,0.339
1615521600000,0.311
1615525200000,0.284
1615528800000,0.266
1615532400000,0.247
1615536000000,0.218
1615539600000,0.155
1615543200000,0.109
1615546800000,0.088
1615550400000,0.069
1615554000000,0.052
1615557600000,0.037
1615561200000,0.044
1615564800000,0.064
1615568400000,0.073
1615572000000,0.08
1615575600000,0.089
1615579200000,0.096
1615582800000,0.08
1615586400000,0.054
1615590000000,0.146
1615593600000,0.388
1615597200000,0.476
1615600800000,0.455
1615604400000,0.442
1615608000000,0.435
1615611600000,0.421
1615615200000,0.389
1615618800000,0.361
1615622400000,0.328
1615626000000,0.241
1615629600000,0.17
1615633200000,0.138
1615636800000,0.113
1615640400000,0.093
1615644000000,0.076
1615647600000,0.068
1615651200000,0.067
1615654800000,0.063
1615658400000,0.066
1615662000000,0.073
1615665600000,0.087
1615669200000,0.073
1615672800000,0.046
1615676400000,0.155
1615680000000,0.31
1615683600000,0.325
1615687200000,0.27
1615690800000,0.265
1615694400000,0.285
1615698000000,0.289
1615701600000,0.287
1615705200000,0.277
1615708800000,0.246
1615712400000,0.179
1615716000000,0.122
1615719600000,0.1
1615723200000,0.082
1615726800000,0.054
1615730400000,0.03
1615734000000,0.035
1615737600000,0.051
1615741200000,0.068
1615744800000,0.093
1615748400000,0.107
1615752000000,0.113
1615755600000,0.102
1615759200000,0.08
1615762800000,0.206
1615766400000,0.334
1615770000000,0.328
1615773600000,0.27
1615777200000,0.236
1615780800000,0.214
1615784400000,0.18
1615788000000,0.134
1615791600000,0.103
1615795200000,0.086
1615798800000,0.053
1615802400000,0.039
1615806000000,0.038
1615809600000,0.045
1615813200000,0.04
1615816800000,0.022
1615820400000,0.01
1615824000000,0.005
1615827600000,0.003
1615831200000,0.003
1615834800000,0.004
1615838400000,0.004
1615842000000,0.003
1615845600000,0.001
1615849200000,0.001
1615852800000,0.003
1615856400000,0.003
1615860000000,0.002
1615863600000,0.002
1615867200000,0.005
1615870800000,0.008
1615874400000,0.01
1615878000000,0.012
1615881600000,0.013
1615885200000,0.017
1615888800000,0.027
1615892400000,0.014
1615896000000,0.0
1615899600000,0.002
1615903200000,0.009
1615906800000,0.012
1615910400000,0.004
1615914000000,0.0
1615917600000,0.0
1615921200000,0.0
1615924800000,0.0
1615928400000,0.0
1615932000000,0.001
1615935600000,0.002
1615939200000,0.003
1615942800000,0.002
1615946400000,0.001
1615950000000,0.0
1615953600000,0.0
1615957200000,0.001
1615960800000,0.003
1615964400000,0.004
1615968000000,0.004
1615971600000,0.003
1615975200000,0.002
1615978800000,0.002
1615982400000,0.002
1615986000000,0.002
1615989600000,0.002
1615993200000,0.004
1615996800000,0.007
1616000400000,0.02
1616004000000,0.056
1616007600000,0.055
1616011200000,0.045
1616014800000,0.035
1616018400000,0.024
1616022000000,0.009
1616025600000,0.009
1616029200000,0.012
1616032800000,0.01
1616036400000,0.007
1616040000000,0.005
1616043600000,0.003
1616047200000,0.003
1616050800000,0.006
1616054400000,0.011
1616058000000,0.015
1616061600000,0.017
1616065200000,0.018
1616068800000,0.02
1616072400000,0.023
1616076000000,0.026
1616079600000,0.033
1616083200000,0.039
1616086800000,0.043
1616090400000,0.048
1616094000000,0.05
1616097600000,0.054
1616101200000,0.054
1616104800000,0.041
1616108400000,0.053
1616112000000,0.053
1616115600000,0.028
1616119200000,0.008
1616122800000,0.001
1616126400000,0.0
1616130000000,0.0
1616133600000,0.001
1616137200000,0.002
1616140800000,0.002
1616144400000,0.001
1616148000000,0.001
1616151600000,0.0
1616155200000,0.0
1616158800000,0.0
1616162400000,0.002
1616166000000,0.005
1616169600000,0.009
1616173200000,0.015
1616176800000,0.029
1616180400000,0.045
1616184000000,0.06
1616187600000,0.065
1616191200000,0.047
1616194800000,0.044
1616198400000,0.038
1616202000000,0.021
1616205600000,0.006
1616209200000,0.001
1616212800000,0.001
1616216400000,0.0
1616220000000,0.0
1616223600000,0.0
1616227200000,0.0
1616230800000,0.0
1616234400000,0.0
1616238000000,0.001
1616241600000,0.003
1616245200000,0.011
1616248800000,0.025
1616252400000,0.035
1616256000000,0.038
1616259600000,0.037
1616263200000,0.03
1616266800000,0.025
1616270400000,0.028
1616274000000,0.037
1616277600000,0.033
1616281200000,0.033
1616284800000,0.045
1616288400000,0.041
1616292000000,0.029
1616295600000,0.022
1616299200000,0.015
1616302800000,0.011
1616306400000,0.008
1616310000000,0.005
1616313600000,0.003
1616317200000,0.003
1616320800000,0.009
1616324400000,0.024
1616328000000,0.048
1616331600000,0.051
1616335200000,0.044
1616338800000,0.029
1616342400000,0.014
1616346000000,0.005
1616349600000,0.009
1616353200000,0.028
1616356800000,0.037
1616360400000,0.043
1616364000000,0.044
1616367600000,0.041
1616371200000,0.078
1616374800000,0.138
1616378400000,0.181
1616382000000,0.211
1616385600000,0.248
1616389200000,0.286
1616392800000,0.352
1616396400000,0.428
1616400000000,0.506
1616403600000,0.513
1616407200000,0.43
1616410800000,0.317
1616414400000,0.288
1616418000000,0.279
1616421600000,0.266
1616425200000,0.28
1616428800000,0.3
1616432400000,0.316
1616436000000,0.332
1616439600000,0.364
1616443200000,0.38
1616446800000,0.35
1616450400000,0.318
1616454000000,0.43
1616457600000,0.686
1616461200000,0.754
1616464800000,0.746
1616468400000,0.752
1616472000000,0.762
1616475600000,0.756
1616479200000,0.75
1616482800000,0.75
1616486400000,0.754
1616490000000,0.685
1616493600000,0.535
1616497200000,0.425
1616500800000,0.362
1616504400000,0.281
1616508000000,0.212
1616511600000,0.213
1616515200000,0.22
1616518800000,0.236
1616522400000,0.248
1616526000000,0.255
1616529600000,0.265
1616533200000,0.245
1616536800000,0.2
1616540400000,0.313
1616544000000,0.452
1616547600000,0.404
1616551200000,0.298
1616554800000,0.235
1616558400000,0.194
1616562000000,0.157
1616565600000,0.133
1616569200000,0.125
1616572800000,0.134
1616576400000,0.129
1616580000000,0.117
1616583600000,0.111
1616587200000,0.11
1616590800000,0.104
1616594400000,0.095
1616598000000,0.096
1616601600000,0.105
1616605200000,0.114
1616608800000,0.123
1616612400000,0.13
1616616000000,0.133
1616619600000,0.13
1616623200000,0.097
1616626800000,0.11
1616630400000,0.109
1616634000000,0.079
1616637600000,0.059
1616641200000,0.051
1616644800000,0.048
1616648400000,0.046
1616652000000,0.05
1616655600000,0.061
1616659200000,0.085
1616662800000,0.103
1616666400000,0.112
1616670000000,0.123
1616673600000,0.161
1616677200000,0.182
1616680800000,0.188
1616684400000,0.18
1616688000000,0.198
1616691600000,0.219
1616695200000,0.225
1616698800000,0.245
1616702400000,0.229
1616706000000,0.209
1616709600000,0.185
1616713200000,0.373
1616716800000,0.491
1616720400000,0.46
1616724000000,0.398
1616727600000,0.332
1616731200000,0.264
1616734800000,0.207
1616738400000,0.168
1616742000000,0.144
1616745600000,0.128
1616749200000,0.1
1616752800000,0.075
1616756400000,0.067
1616760000000,0.058
1616763600000,0.055
1616767200000,0.045
1616770800000,0.042
1616774400000,0.046
1616778000000,0.049
1616781600000,0.068
1616785200000,0.075
1616788800000,0.077
1616792400000,0.06
1616796000000,0.041
1616799600000,0.08
1616803200000,0.1
1616806800000,0.085
1616810400000,0.059
1616814000000,0.037
1616817600000,0.02
1616821200000,0.009
1616824800000,0.004
1616828400000,0.003
1616832000000,0.009
1616835600000,0.012
1616839200000,0.015
1616842800000,0.015
1616846400000,0.018
1616850000000,0.025
1616853600000,0.028
1616857200000,0.031
1616860800000,0.041
1616864400000,0.045
1616868000000,0.043
1616871600000,0.045
1616875200000,0.051
1616878800000,0.04
1616882400000,0.025
1616886000000,0.031
1616889600000,0.018
1616893200000,0.007
1616896800000,0.002
1616900400000,0.0
1616904000000,0.0
1616907600000,0.0
1616911200000,0.008
1616914800000,0.016
1616918400000,0.03
1616922000000,0.06
1616925600000,0.093
1616929200000,0.101
1616932800000,0.106
1616936400000,0.11
1616940000000,0.103
1616943600000,0.08
1616947200000,0.054
1616950800000,0.038
1616954400000,0.035
1616958000000,0.033
1616961600000,0.033
1616965200000,0.033
1616968800000,0.026
1616972400000,0.045
1616976000000,0.037
1616979600000,0.02
1616983200000,0.008
1616986800000,0.001
1616990400000,0.0
1616994000000,0.0
1616997600000,0.0
1617001200000,0.026
1617004800000,0.034
1617008400000,0.033
1617012000000,0.03
1617015600000,0.025
1617019200000,0.025
1617022800000,0.027
1617026400000,0.029
1617030000000,0.03
1617033600000,0.028
1617037200000,0.025
1617040800000,0.026
1617044400000,0.039
1617048000000,0.068
1617051600000,0.088
1617055200000,0.071
1617058800000,0.055
1617062400000,0.035
1617066000000,0.017
1617069600000,0.006
1617073200000,0.001
1617076800000,0.0
1617080400000,0.0
1617084000000,0.0
1617087600000,0.0
1617091200000,0.01
1617094800000,0.045
1617098400000,0.052
1617102000000,0.025
1617105600000,0.009
1617109200000,0.006
1617112800000,0.009
1617116400000,0.013
1617120000000,0.015
1617123600000,0.018
1617127200000,0.025
1617130800000,0.03
1617134400000,0.037
1617138000000,0.044
1617141600000,0.041
1617145200000,0.066
1617148800000,0.089
1617152400000,0.105
1617156000000,0.114
1617159600000,0.106
1617163200000,0.083
1617166800000,0.057
1617170400000,0.033
1617174000000,0.017
1617177600000,0.007
1617181200000,0.006
1617184800000,0.005
1617188400000,0.004
1617192000000,0.009
1617195600000,0.017
1617199200000,0.023
1617202800000,0.026
1617206400000,0.03
1617210000000,0.038
1617213600000,0.052
1617217200000,0.07
1617220800000,0.087
1617224400000,0.103
1617228000000,0.102
1617231600000,0.179
1617235200000,0.199
1617238800000,0.171
1617242400000,0.128
1617246000000,0.092
1617249600000,0.061
1617253200000,0.042
1617256800000,0.034
1617260400000,0.029
1617264000000,0.027
1617267600000,0.024
1617271200000,0.015
1617274800000,0.024
1617278400000,0.035
1617282000000,0.052
1617285600000,0.064
1617289200000,0.063
1617292800000,0.059
1617296400000,0.056
1617300000000,0.058
1617303600000,0.067
1617307200000,0.08
1617310800000,0.085
1617314400000,0.078
1617318000000,0.112
1617321600000,0.127
1617325200000,0.122
1617328800000,0.106
1617332400000,0.082
1617336000000,0.049
1617339600000,0.022
1617343200000,0.009
1617346800000,0.005
1617350400000,0.006
1617354000000,0.018
1617357600000,0.036
1617361200000,0.024
1617364800000,0.017
1617368400000,0.021
1617372000000,0.03
1617375600000,0.041
1617379200000,0.05
1617382800000,0.055
1617386400000,0.062
1617390000000,0.07
1617393600000,0.079
1617397200000,0.08
1617400800000,0.064
1617404400000,0.093
1617408000000,0.084
1617411600000,0.059
1617415200000,0.033
1617418800000,0.013
1617422400000,0.002
1617426000000,0.0
1617429600000,0.0
1617433200000,0.0
1617436800000,0.012
1617440400000,0.042
1617444000000,0.073
1617447600000,0.039
1617451200000,0.014
1617454800000,0.005
1617458400000,0.005
1617462000000,0.008
1617465600000,0.017
1617469200000,0.033
1617472800000,0.058
1617476400000,0.085
1617480000000,0.106
1617483600000,0.103
1617487200000,0.084
1617490800000,0.138
1617494400000,0.127
1617498000000,0.093
1617501600000,0.06
1617505200000,0.035
1617508800000,0.014
1617512400000,0.005
1617516000000,0.003
1617519600000,0.006
1617523200000,0.01
1617526800000,0.037
1617530400000,0.066
1617534000000,0.035
1617537600000,0.01
1617541200000,0.005
1617544800000,0.006
1617548400000,0.013
1617552000000,0.025
1617555600000,0.036
1617559200000,0.048
1617562800000,0.058
1617566400000,0.07
1617570000000,0.076
1617573600000,0.073
1617577200000,0.124
1617580800000,0.136
1617584400000,0.105
1617588000000,0.07
1617591600000,0.044
1617595200000,0.027
1617598800000,0.021
1617602400000,0.023
1617606000000,0.026
1617609600000,0.035
1617613200000,0.053
1617616800000,0.062
1617620400000,0.042
1617624000000,0.035
1617627600000,0.038
1617631200000,0.041
1617634800000,0.038
1617638400000,0.055
1617642000000,0.058
1617645600000,0.054
1617649200000,0.055
1617652800000,0.055
1617656400000,0.054
1617660000000,0.059
1617663600000,0.16
1617667200000,0.13
1617670800000,0.066
1617674400000,0.025
1617678000000,0.006
1617681600000,0.001
1617685200000,0.0
1617688800000,0.009
1617692400000,0.019
1617696000000,0.026
1617699600000,0.028
1617703200000,0.031
1617706800000,0.02
1617710400000,0.017
1617714000000,0.03
1617717600000,0.043
1617721200000,0.053
1617724800000,0.069
1617728400000,0.093
1617732000000,0.12
1617735600000,0.135
1617739200000,0.14
1617742800000,0.145
1617746400000,0.151
1617750000000,0.224
1617753600000,0.182
1617757200000,0.108
1617760800000,0.052
1617764400000,0.02
1617768000000,0.005
1617771600000,0.003
1617775200000,0.008
1617778800000,0.021
1617782400000,0.039
1617786000000,0.058
1617789600000,0.054
1617793200000,0.03
1617796800000,0.018
1617800400000,0.008
1617804000000,0.004
1617807600000,0.003
1617811200000,0.004
1617814800000,0.007
1617818400000,0.016
1617822000000,0.035
1617825600000,0.059
1617829200000,0.08
1617832800000,0.075
1617836400000,0.075
1617840000000,0.054
1617843600000,0.017
1617847200000,0.002
1617850800000,0.0
1617854400000,0.0
1617858000000,0.0
1617861600000,0.013
1617865200000,0.033
1617868800000,0.047
1617872400000,0.051
1617876000000,0.037
1617879600000,0.021
1617883200000,0.019
1617886800000,0.013
1617890400000,0.008
1617894000000,0.009
1617897600000,0.018
1617901200000,0.028
1617904800000,0.042
1617908400000,0.064
1617912000000,0.086
1617915600000,0.099
1617919200000,0.084
1617922800000,0.094
1617926400000,0.118
1617930000000,0.093
1617933600000,0.046
1617937200000,0.014
1617940800000,0.002
1617944400000,0.0
1617948000000,0.0
1617951600000,0.0
1617955200000,0.0
1617958800000,0.005
1617962400000,0.011
1617966000000,0.005
1617969600000,0.001
1617973200000,0.01
1617976800000,0.036
1617980400000,0.077
1617984000000,0.124
1617987600000,0.161
1617991200000,0.184
1617994800000,0.204
1617998400000,0.233
1618002000000,0.236
1618005600000,0.215
1618009200000,0.295
1618012800000,0.332
1618016400000,0.251
1618020000000,0.153
1618023600000,0.088
1618027200000,0.053
1618030800000,0.033
1618034400000,0.025
1618038000000,0.027
1618041600000,0.035
1618045200000,0.047
1618048800000,0.058
1618052400000,0.039
1618056000000,0.035
1618059600000,0.044
1618063200000,0.056
1618066800000,0.078
1618070400000,0.094
1618074000000,0.108
1618077600000,0.131
1618081200000,0.167
1618084800000,0.202
1618088400000,0.22
1618092000000,0.206
1618095600000,0.363
1618099200000,0.332
1618102800000,0.238
1618106400000,0.167
1618110000000,0.121
1618113600000,0.087
1618117200000,0.06
1618120800000,0.045
1618124400000,0.039
1618128000000,0.044
1618131600000,0.062
1618135200000,0.074
1618138800000,0.045
1618142400000,0.035
1618146000000,0.041
1618149600000,0.05
1618153200000,0.07
1618156800000,0.083
1618160400000,0.079
1618164000000,0.087
1618167600000,0.1
1618171200000,0.111
1618174800000,0.098
1618178400000,0.078
1618182000000,0.117
1618185600000,0.093
1618189200000,0.052
1618192800000,0.025
1618196400000,0.014
1618200000000,0.011
1618203600000,0.017
1618207200000,0.036
1618210800000,0.063
1618214400000,0.099
1618218000000,0.16
1618221600000,0.192
1618225200000,0.143
1618228800000,0.101
1618232400000,0.073
1618236000000,0.046
1618239600000,0.027
1618243200000,0.015
1618246800000,0.006
1618250400000,0.002
1618254000000,0.001
1618257600000,0.001
1618261200000,0.002
1618264800000,0.003
1618268400000,0.007
1618272000000,0.008
1618275600000,0.005
1618279200000,0.004
1618282800000,0.006
1618286400000,0.009
1618290000000,0.017
1618293600000,0.033
1618297200000,0.055
1618300800000,0.06
1618304400000,0.055
1618308000000,0.046
1618311600000,0.036
1618315200000,0.033
1618318800000,0.028
1618322400000,0.02
1618326000000,0.013
1618329600000,0.007
1618333200000,0.004
1618336800000,0.002
1618340400000,0.001
1618344000000,0.001
1618347600000,0.0
1618351200000,0.0
1618354800000,0.0
1618358400000,0.0
1618362000000,0.0
1618365600000,0.0
1618369200000,0.0
1618372800000,0.0
1618376400000,0.003
1618380000000,0.013
1618383600000,0.016
1618387200000,0.016
1618390800000,0.017
1618394400000,0.018
1618398000000,0.011
1618401600000,0.006
1618405200000,0.003
1618408800000,0.002
1618412400000,0.001
1618416000000,0.001
1618419600000,0.002
1618423200000,0.002
1618426800000,0.003
1618430400000,0.003
1618434000000,0.003
1618437600000,0.002
1618441200000,0.004
1618444800000,0.003
1618448400000,0.001
1618452000000,0.0
1618455600000,0.0
1618459200000,0.0
1618462800000,0.012
1618466400000,0.014
1618470000000,0.011
1618473600000,0.008
1618477200000,0.006
1618480800000,0.005
1618484400000,0.004
1618488000000,0.004
1618491600000,0.006
1618495200000,0.008
1618498800000,0.011
1618502400000,0.014
1618506000000,0.015
1618509600000,0.016
1618513200000,0.022
1618516800000,0.038
1618520400000,0.052
1618524000000,0.069
1618527600000,0.095
1618531200000,0.089
1618534800000,0.059
1618538400000,0.032
1618542000000,0.016
1618545600000,0.007
1618549200000,0.001
1618552800000,0.0
1618556400000,0.0
1618560000000,0.006
1618563600000,0.032
1618567200000,0.049
1618570800000,0.025
1618574400000,0.007
1618578000000,0.005
1618581600000,0.008
1618585200000,0.01
1618588800000,0.009
1618592400000,0.007
1618596000000,0.007
1618599600000,0.008
1618603200000,0.009
1618606800000,0.01
1618610400000,0.007
1618614000000,0.003
1618617600000,0.001
1618621200000,0.004
1618624800000,0.006
1618628400000,0.006
1618632000000,0.008
1618635600000,0.018
1618639200000,0.044
1618642800000,0.087
1618646400000,0.134
1618650000000,0.168
1618653600000,0.15
1618657200000,0.108
1618660800000,0.071
1618664400000,0.049
1618668000000,0.034
1618671600000,0.021
1618675200000,0.012
1618678800000,0.009
1618682400000,0.017
1618686000000,0.041
1618689600000,0.075
1618693200000,0.09
1618696800000,0.077
1618700400000,0.133
1618704000000,0.122
1618707600000,0.061
1618711200000,0.025
1618714800000,0.02
1618718400000,0.03
1618722000000,0.058
1618725600000,0.094
1618729200000,0.119
1618732800000,0.111
1618736400000,0.074
1618740000000,0.041
1618743600000,0.012
1618747200000,0.0
1618750800000,0.001
1618754400000,0.001
1618758000000,0.0
1618761600000,0.0
1618765200000,0.009
1618768800000,0.077
1618772400000,0.111
1618776000000,0.114
1618779600000,0.107
1618783200000,0.082
1618786800000,0.065
1618790400000,0.007
1618794000000,0.001
1618797600000,0.002
1618801200000,0.015
1618804800000,0.061
1618808400000,0.116
1618812000000,0.161
1618815600000,0.177
1618819200000,0.169
1618822800000,0.151
1618826400000,0.145
1618830000000,0.141
1618833600000,0.119
1618837200000,0.083
1618840800000,0.053
1618844400000,0.035
1618848000000,0.023
1618851600000,0.022
1618855200000,0.028
1618858800000,0.025
1618862400000,0.02
1618866000000,0.012
1618869600000,0.003
1618873200000,0.0
1618876800000,0.0
1618880400000,0.0
1618884000000,0.0
1618887600000,0.009
1618891200000,0.048
1618894800000,0.112
1618898400000,0.201
1618902000000,0.304
1618905600000,0.402
1618909200000,0.456
1618912800000,0.41
1618916400000,0.323
1618920000000,0.245
1618923600000,0.2
1618927200000,0.155
1618930800000,0.102
1618934400000,0.068
1618938000000,0.049
1618941600000,0.043
1618945200000,0.044
1618948800000,0.051
1618952400000,0.062
1618956000000,0.063
1618959600000,0.064
1618963200000,0.078
1618966800000,0.116
1618970400000,0.177
1618974000000,0.259
1618977600000,0.36
1618981200000,0.457
1618984800000,0.532
1618988400000,0.585
1618992000000,0.61
1618995600000,0.594
1618999200000,0.516
1619002800000,0.45
1619006400000,0.431
1619010000000,0.42
1619013600000,0.414
1619017200000,0.426
1619020800000,0.429
1619024400000,0.404
1619028000000,0.395
1619031600000,0.386
1619035200000,0.386
1619038800000,0.383
1619042400000,0.379
1619046000000,0.464
1619049600000,0.426
1619053200000,0.362
1619056800000,0.325
1619060400000,0.329
1619064000000,0.371
1619067600000,0.433
1619071200000,0.501
1619074800000,0.556
1619078400000,0.593
1619082000000,0.602
1619085600000,0.554
1619089200000,0.501
1619092800000,0.464
1619096400000,0.422
1619100000000,0.381
1619103600000,0.348
1619107200000,0.341
1619110800000,0.344
1619114400000,0.316
1619118000000,0.278
1619121600000,0.243
1619125200000,0.206
1619128800000,0.177
1619132400000,0.137
1619136000000,0.103
1619139600000,0.113
1619143200000,0.167
1619146800000,0.263
1619150400000,0.383
1619154000000,0.481
1619157600000,0.521
1619161200000,0.513
1619164800000,0.484
1619168400000,0.429
1619172000000,0.341
1619175600000,0.274
1619179200000,0.243
1619182800000,0.231
1619186400000,0.205
1619190000000,0.162
1619193600000,0.126
1619197200000,0.095
1619200800000,0.068
1619204400000,0.051
1619208000000,0.049
1619211600000,0.062
1619215200000,0.064
1619218800000,0.071
1619222400000,0.084
1619226000000,0.115
1619229600000,0.169
1619233200000,0.238
1619236800000,0.302
1619240400000,0.348
1619244000000,0.373
1619247600000,0.376
1619251200000,0.348
1619254800000,0.297
1619258400000,0.245
1619262000000,0.172
1619265600000,0.106
1619269200000,0.066
1619272800000,0.038
1619276400000,0.029
1619280000000,0.03
1619283600000,0.036
1619287200000,0.044
1619290800000,0.048
1619294400000,0.05
1619298000000,0.051
1619301600000,0.039
1619305200000,0.023
1619308800000,0.017
1619312400000,0.019
1619316000000,0.035
1619319600000,0.068
1619323200000,0.115
1619326800000,0.165
1619330400000,0.205
1619334000000,0.249
1619337600000,0.276
1619341200000,0.271
1619344800000,0.24
1619348400000,0.196
1619352000000,0.154
1619355600000,0.105
1619359200000,0.065
1619362800000,0.046
1619366400000,0.042
1619370000000,0.037
1619373600000,0.036
1619377200000,0.043
1619380800000,0.054
1619384400000,0.061
1619388000000,0.057
1619391600000,0.092
1619395200000,0.108
1619398800000,0.086
1619402400000,0.057
1619406000000,0.033
1619409600000,0.011
1619413200000,0.0
1619416800000,0.0
1619420400000,0.002
1619424000000,0.001
1619427600000,0.002
1619431200000,0.004
1619434800000,0.011
1619438400000,0.035
1619442000000,0.072
1619445600000,0.093
1619449200000,0.101
1619452800000,0.107
1619456400000,0.101
1619460000000,0.096
1619463600000,0.105
1619467200000,0.127
1619470800000,0.136
1619474400000,0.138
1619478000000,0.22
1619481600000,0.255
1619485200000,0.222
1619488800000,0.153
1619492400000,0.087
1619496000000,0.045
1619499600000,0.022
1619503200000,0.015
1619506800000,0.012
1619510400000,0.011
1619514000000,0.008
1619517600000,0.015
1619521200000,0.034
1619524800000,0.057
1619528400000,0.068
1619532000000,0.07
1619535600000,0.064
1619539200000,0.058
1619542800000,0.054
1619546400000,0.05
1619550000000,0.054
1619553600000,0.063
1619557200000,0.07
1619560800000,0.068
1619564400000,0.079
1619568000000,0.046
1619571600000,0.011
1619575200000,0.001
1619578800000,0.0
1619582400000,0.001
1619586000000,0.004
1619589600000,0.015
1619593200000,0.027
1619596800000,0.032
1619600400000,0.035
1619604000000,0.035
1619607600000,0.029
1619611200000,0.031
1619614800000,0.031
1619618400000,0.028
1619622000000,0.021
1619625600000,0.012
1619629200000,0.006
1619632800000,0.003
1619636400000,0.001
1619640000000,0.0
1619643600000,0.0
1619647200000,0.0
1619650800000,0.0
1619654400000,0.0
1619658000000,0.001
1619661600000,0.004
1619665200000,0.014
1619668800000,0.041
1619672400000,0.085
1619676000000,0.141
1619679600000,0.21
1619683200000,0.284
1619686800000,0.337
1619690400000,0.325
1619694000000,0.255
1619697600000,0.218
1619701200000,0.172
1619704800000,0.124
1619708400000,0.087
1619712000000,0.058
1619715600000,0.027
1619719200000,0.01
1619722800000,0.002
1619726400000,0.001
1619730000000,0.003
1619733600000,0.007
1619737200000,0.013
1619740800000,0.009
1619744400000,0.002
1619748000000,0.0
1619751600000,0.0
1619755200000,0.0
1619758800000,0.001
1619762400000,0.005
1619766000000,0.019
1619769600000,0.044
1619773200000,0.086
1619776800000,0.113
1619780400000,0.089
1619784000000,0.046
1619787600000,0.034
1619791200000,0.038
1619794800000,0.044
1619798400000,0.049
1619802000000,0.053
1619805600000,0.056
1619809200000,0.065
1619812800000,0.074
1619816400000,0.08
1619820000000,0.083
1619823600000,0.09
1619827200000,0.051
1619830800000,0.016
1619834400000,0.003
1619838000000,0.0
1619841600000,0.0
1619845200000,0.0
1619848800000,0.0
1619852400000,0.02
1619856000000,0.05
1619859600000,0.082
1619863200000,0.087
1619866800000,0.066
1619870400000,0.048
1619874000000,0.041
1619877600000,0.042
1619881200000,0.046
1619884800000,0.055
1619888400000,0.069
1619892000000,0.083
1619895600000,0.093
1619899200000,0.103
1619902800000,0.096
1619906400000,0.097
1619910000000,0.11
1619913600000,0.094
1619917200000,0.074
1619920800000,0.049
1619924400000,0.025
1619928000000,0.008
1619931600000,0.001
1619935200000,0.0
1619938800000,0.0
1619942400000,0.004
1619946000000,0.086
1619949600000,0.118
1619953200000,0.066
1619956800000,0.068
1619960400000,0.102
1619964000000,0.156
1619967600000,0.165
1619971200000,0.164
1619974800000,0.158
1619978400000,0.163
1619982000000,0.178
1619985600000,0.181
1619989200000,0.18
1619992800000,0.237
1619996400000,0.436
1620000000000,0.457
1620003600000,0.42
1620007200000,0.369
1620010800000,0.325
1620014400000,0.292
1620018000000,0.268
1620021600000,0.267
1620025200000,0.28
1620028800000,0.309
1620032400000,0.336
1620036000000,0.34
1620039600000,0.325
1620043200000,0.302
1620046800000,0.256
1620050400000,0.196
1620054000000,0.161
1620057600000,0.158
1620061200000,0.168
1620064800000,0.175
1620068400000,0.207
1620072000000,0.21
1620075600000,0.192
1620079200000,0.227
1620082800000,0.469
1620086400000,0.522
1620090000000,0.492
1620093600000,0.446
1620097200000,0.411
1620100800000,0.38
1620104400000,0.346
1620108000000,0.314
1620111600000,0.305
1620115200000,0.315
1620118800000,0.32
1620122400000,0.295
1620126000000,0.279
1620129600000,0.233
1620133200000,0.184
1620136800000,0.134
1620140400000,0.112
1620144000000,0.096
1620147600000,0.093
1620151200000,0.101
1620154800000,0.112
1620158400000,0.114
1620162000000,0.101
1620165600000,0.106
1620169200000,0.282
1620172800000,0.343
1620176400000,0.319
1620180000000,0.28
1620183600000,0.258
1620187200000,0.247
1620190800000,0.228
1620194400000,0.203
1620198000000,0.18
1620201600000,0.173
1620205200000,0.163
1620208800000,0.136
1620212400000,0.133
1620216000000,0.139
1620219600000,0.138
1620223200000,0.133
1620226800000,0.14
1620230400000,0.177
1620234000000,0.179
1620237600000,0.193
1620241200000,0.257
1620244800000,0.275
1620248400000,0.257
1620252000000,0.289
1620255600000,0.533
1620259200000,0.567
1620262800000,0.526
1620266400000,0.466
1620270000000,0.415
1620273600000,0.381
1620277200000,0.353
1620280800000,0.336
1620284400000,0.311
1620288000000,0.274
1620291600000,0.205
1620295200000,0.128
1620298800000,0.082
1620302400000,0.048
1620306000000,0.022
1620309600000,0.009
1620313200000,0.014
1620316800000,0.041
1620320400000,0.072
1620324000000,0.092
1620327600000,0.104
1620331200000,0.124
1620334800000,0.12
1620338400000,0.112
1620342000000,0.241
1620345600000,0.296
1620349200000,0.286
1620352800000,0.249
1620356400000,0.238
1620360000000,0.237
1620363600000,0.229
1620367200000,0.22
1620370800000,0.207
1620374400000,0.197
1620378000000,0.166
1620381600000,0.126
1620385200000,0.105
1620388800000,0.082
1620392400000,0.062
1620396000000,0.046
1620399600000,0.036
1620403200000,0.026
1620406800000,0.022
1620410400000,0.019
1620414000000,0.017
1620417600000,0.02
1620421200000,0.021
1620424800000,0.021
1620428400000,0.049
1620432000000,0.059
1620435600000,0.054
1620439200000,0.045
1620442800000,0.029
1620446400000,0.014
1620450000000,0.007
1620453600000,0.004
1620457200000,0.002
1620460800000,0.002
1620464400000,0.002
1620468000000,0.002
1620471600000,0.002
1620475200000,0.004
1620478800000,0.008
1620482400000,0.014
1620486000000,0.02
1620489600000,0.034
1620493200000,0.047
1620496800000,0.06
1620500400000,0.074
1620504000000,0.084
1620507600000,0.079
1620511200000,0.058
1620514800000,0.102
1620518400000,0.138
1620522000000,0.114
1620525600000,0.083
1620529200000,0.054
1620532800000,0.03
1620536400000,0.015
1620540000000,0.006
1620543600000,0.001
1620547200000,0.001
1620550800000,0.005
1620554400000,0.013
1620558000000,0.018
1620561600000,0.021
1620565200000,0.027
1620568800000,0.036
1620572400000,0.039
1620576000000,0.036
1620579600000,0.037
1620583200000,0.043
1620586800000,0.052
1620590400000,0.063
1620594000000,0.068
1620597600000,0.067
1620601200000,0.12
1620604800000,0.148
1620608400000,0.127
1620612000000,0.1
1620615600000,0.079
1620619200000,0.067
1620622800000,0.055
1620626400000,0.048
1620630000000,0.044
1620633600000,0.042
1620637200000,0.039
1620640800000,0.033
1620644400000,0.038
1620648000000,0.052
1620651600000,0.059
1620655200000,0.059
1620658800000,0.067
1620662400000,0.073
1620666000000,0.085
1620669600000,0.089
1620673200000,0.094
1620676800000,0.11
1620680400000,0.101
1620684000000,0.114
1620687600000,0.223
1620691200000,0.261
1620694800000,0.243
1620698400000,0.207
1620702000000,0.158
1620705600000,0.113
1620709200000,0.079
1620712800000,0.054
1620716400000,0.035
1620720000000,0.025
1620723600000,0.014
1620727200000,0.005
1620730800000,0.008
1620734400000,0.03
1620738000000,0.06
1620741600000,0.076
1620745200000,0.082
1620748800000,0.082
1620752400000,0.087
1620756000000,0.093
1620759600000,0.11
1620763200000,0.119
1620766800000,0.124
1620770400000,0.14
1620774000000,0.284
1620777600000,0.32
1620781200000,0.296
1620784800000,0.267
1620788400000,0.238
1620792000000,0.201
1620795600000,0.161
1620799200000,0.124
1620802800000,0.091
1620806400000,0.065
1620810000000,0.051
1620813600000,0.047
1620817200000,0.076
1620820800000,0.102
1620824400000,0.12
1620828000000,0.128
1620831600000,0.117
1620835200000,0.11
1620838800000,0.108
1620842400000,0.119
1620846000000,0.127
1620849600000,0.135
1620853200000,0.14
1620856800000,0.158
1620860400000,0.341
1620864000000,0.447
1620867600000,0.457
1620871200000,0.434
1620874800000,0.398
1620878400000,0.336
1620882000000,0.266
1620885600000,0.208
1620889200000,0.163
1620892800000,0.141
1620896400000,0.111
1620900000000,0.071
1620903600000,0.05
1620907200000,0.042
1620910800000,0.058
1620914400000,0.054
1620918000000,0.057
1620921600000,0.067
1620925200000,0.075
1620928800000,0.085
1620932400000,0.093
1620936000000,0.114
1620939600000,0.113
1620943200000,0.139
1620946800000,0.284
1620950400000,0.332
1620954000000,0.31
1620957600000,0.272
1620961200000,0.26
1620964800000,0.259
1620968400000,0.251
1620972000000,0.245
1620975600000,0.252
1620979200000,0.274
1620982800000,0.287
1620986400000,0.255
1620990000000,0.211
1620993600000,0.172
1620997200000,0.138
1621000800000,0.111
1621004400000,0.101
1621008000000,0.101
1621011600000,0.099
1621015200000,0.109
1621018800000,0.133
1621022400000,0.153
1621026000000,0.147
1621029600000,0.164
1621033200000,0.31
1621036800000,0.364
1621040400000,0.358
1621044000000,0.331
1621047600000,0.307
1621051200000,0.28
1621054800000,0.246
1621058400000,0.218
1621062000000,0.201
1621065600000,0.199
1621069200000,0.188
1621072800000,0.153
1621076400000,0.145
1621080000000,0.157
1621083600000,0.144
1621087200000,0.113
1621090800000,0.102
1621094400000,0.115
1621098000000,0.126
1621101600000,0.133
1621105200000,0.133
1621108800000,0.127
1621112400000,0.135
1621116000000,0.171
1621119600000,0.265
1621123200000,0.26
1621126800000,0.21
1621130400000,0.148
1621134000000,0.102
1621137600000,0.075
1621141200000,0.067
1621144800000,0.068
1621148400000,0.076
1621152000000,0.08
1621155600000,0.076
1621159200000,0.068
1621162800000,0.077
1621166400000,0.1
1621170000000,0.107
1621173600000,0.111
1621177200000,0.113
1621180800000,0.119
1621184400000,0.121
1621188000000,0.115
1621191600000,0.132
1621195200000,0.144
1621198800000,0.15
1621202400000,0.176
1621206000000,0.257
1621209600000,0.245
1621213200000,0.199
1621216800000,0.153
1621220400000,0.119
1621224000000,0.09
1621227600000,0.069
1621231200000,0.059
1621234800000,0.054
1621238400000,0.061
1621242000000,0.071
1621245600000,0.061
1621249200000,0.077
1621252800000,0.087
1621256400000,0.086
1621260000000,0.093
1621263600000,0.087
1621267200000,0.085
1621270800000,0.089
1621274400000,0.094
1621278000000,0.11
1621281600000,0.12
1621285200000,0.107
1621288800000,0.141
1621292400000,0.351
1621296000000,0.447
1621299600000,0.41
1621303200000,0.312
1621306800000,0.233
1621310400000,0.176
1621314000000,0.129
1621317600000,0.092
1621321200000,0.059
1621324800000,0.034
1621328400000,0.02
1621332000000,0.019
1621335600000,0.024
1621339200000,0.032
1621342800000,0.046
1621346400000,0.058
1621350000000,0.074
1621353600000,0.09
1621357200000,0.094
1621360800000,0.105
1621364400000,0.127
1621368000000,0.145
1621371600000,0.133
1621375200000,0.121
1621378800000,0.234
1621382400000,0.291
1621386000000,0.278
1621389600000,0.236
1621393200000,0.204
1621396800000,0.183
1621400400000,0.163
1621404000000,0.146
1621407600000,0.128
1621411200000,0.102
1621414800000,0.071
1621418400000,0.033
1621422000000,0.018
1621425600000,0.017
1621429200000,0.025
1621432800000,0.035
1621436400000,0.045
1621440000000,0.05
1621443600000,0.055
1621447200000,0.058
1621450800000,0.061
1621454400000,0.073
1621458000000,0.069
1621461600000,0.078
1621465200000,0.122
1621468800000,0.122
1621472400000,0.093
1621476000000,0.058
1621479600000,0.035
1621483200000,0.024
1621486800000,0.018
1621490400000,0.025
1621494000000,0.037
1621497600000,0.048
1621501200000,0.054
1621504800000,0.049
1621508400000,0.026
1621512000000,0.006
1621515600000,0.0
1621519200000,0.0
1621522800000,0.001
1621526400000,0.003
1621530000000,0.01
1621533600000,0.003
1621537200000,0.0
1621540800000,0.0
1621544400000,0.0
1621548000000,0.004
1621551600000,0.016
1621555200000,0.027
1621558800000,0.029
1621562400000,0.018
1621566000000,0.006
1621569600000,0.002
1621573200000,0.002
1621576800000,0.003
1621580400000,0.025
1621584000000,0.038
1621587600000,0.04
1621591200000,0.034
1621594800000,0.017
1621598400000,0.005
1621602000000,0.001
1621605600000,0.0
1621609200000,0.0
1621612800000,0.0
1621616400000,0.0
1621620000000,0.0
1621623600000,0.0
1621627200000,0.001
1621630800000,0.002
1621634400000,0.004
1621638000000,0.01
1621641600000,0.017
1621645200000,0.027
1621648800000,0.035
1621652400000,0.047
1621656000000,0.066
1621659600000,0.086
1621663200000,0.103
1621666800000,0.116
1621670400000,0.131
1621674000000,0.133
1621677600000,0.129
1621681200000,0.114
1621684800000,0.093
1621688400000,0.073
1621692000000,0.054
1621695600000,0.03
1621699200000,0.01
1621702800000,0.002
1621706400000,0.0
1621710000000,0.0
1621713600000,0.0
1621717200000,0.0
1621720800000,0.0
1621724400000,0.001
1621728000000,0.007
1621731600000,0.017
1621735200000,0.02
1621738800000,0.015
1621742400000,0.012
1621746000000,0.012
1621749600000,0.014
1621753200000,0.021
1621756800000,0.025
1621760400000,0.022
1621764000000,0.018
1621767600000,0.009
1621771200000,0.003
1621774800000,0.001
1621778400000,0.0
1621782000000,0.0
1621785600000,0.008
1621789200000,0.014
1621792800000,0.011
1621796400000,0.01
1621800000000,0.013
1621803600000,0.017
1621807200000,0.019
1621810800000,0.032
1621814400000,0.041
1621818000000,0.043
1621821600000,0.03
1621825200000,0.012
1621828800000,0.004
1621832400000,0.0
1621836000000,0.0
1621839600000,0.0
1621843200000,0.004
1621846800000,0.006
1621850400000,0.006
1621854000000,0.008
1621857600000,0.011
1621861200000,0.018
1621864800000,0.029
1621868400000,0.027
1621872000000,0.018
1621875600000,0.013
1621879200000,0.012
1621882800000,0.014
1621886400000,0.018
1621890000000,0.026
1621893600000,0.026
1621897200000,0.026
1621900800000,0.023
1621904400000,0.018
1621908000000,0.01
1621911600000,0.004
1621915200000,0.001
1621918800000,0.0
1621922400000,0.0
1621926000000,0.0
1621929600000,0.016
1621933200000,0.034
1621936800000,0.045
1621940400000,0.034
1621944000000,0.021
1621947600000,0.012
1621951200000,0.007
1621954800000,0.006
1621958400000,0.007
1621962000000,0.012
1621965600000,0.017
1621969200000,0.021
1621972800000,0.025
1621976400000,0.022
1621980000000,0.011
1621983600000,0.006
1621987200000,0.003
1621990800000,0.001
1621994400000,0.0
1621998000000,0.0
1622001600000,0.0
1622005200000,0.0
1622008800000,0.0
1622012400000,0.008
1622016000000,0.025
1622019600000,0.042
1622023200000,0.062
1622026800000,0.064
1622030400000,0.051
1622034000000,0.042
1622037600000,0.038
1622041200000,0.032
1622044800000,0.025
1622048400000,0.02
1622052000000,0.015
1622055600000,0.011
1622059200000,0.007
1622062800000,0.004
1622066400000,0.003
1622070000000,0.004
1622073600000,0.004
1622077200000,0.003
1622080800000,0.002
1622084400000,0.001
1622088000000,0.0
1622091600000,0.0
1622095200000,0.0
1622098800000,0.012
1622102400000,0.025
1622106000000,0.035
1622109600000,0.041
1622113200000,0.039
1622116800000,0.039
1622120400000,0.044
1622124000000,0.054
1622127600000,0.054
1622131200000,0.043
1622134800000,0.032
1622138400000,0.029
1622142000000,0.03
1622145600000,0.035
1622149200000,0.037
1622152800000,0.03
1622156400000,0.022
1622160000000,0.011
1622163600000,0.006
1622167200000,0.002
1622170800000,0.0
1622174400000,0.0
1622178000000,0.0
1622181600000,0.011
1622185200000,0.024
1622188800000,0.042
1622192400000,0.057
1622196000000,0.064
1622199600000,0.069
1622203200000,0.078
1622206800000,0.082
1622210400000,0.074
1622214000000,0.05
1622217600000,0.031
1622221200000,0.029
1622224800000,0.03
1622228400000,0.038
1622232000000,0.049
1622235600000,0.051
1622239200000,0.032
1622242800000,0.025
1622246400000,0.024
1622250000000,0.02
1622253600000,0.011
1622257200000,0.003
1622260800000,0.001
1622264400000,0.0
1622268000000,0.002
1622271600000,0.021
1622275200000,0.061
1622278800000,0.097
1622282400000,0.115
1622286000000,0.101
1622289600000,0.077
1622293200000,0.063
1622296800000,0.082
1622300400000,0.112
1622304000000,0.097
1622307600000,0.077
1622311200000,0.05
1622314800000,0.028
1622318400000,0.021
1622322000000,0.017
1622325600000,0.004
1622329200000,0.001
1622332800000,0.0
1622336400000,0.0
1622340000000,0.0
1622343600000,0.01
1622347200000,0.039
1622350800000,0.079
1622354400000,0.125
1622358000000,0.157
1622361600000,0.171
1622365200000,0.159
1622368800000,0.155
1622372400000,0.152
1622376000000,0.132
1622379600000,0.098
1622383200000,0.075
1622386800000,0.054
1622390400000,0.04
1622394000000,0.036
1622397600000,0.017
1622401200000,0.002
1622404800000,0.001
1622408400000,0.003
1622412000000,0.004
1622415600000,0.001
1622419200000,0.0
1622422800000,0.001
1622426400000,0.0
1622430000000,0.0
1622433600000,0.0
1622437200000,0.002
1622440800000,0.011
1622444400000,0.04
1622448000000,0.088
1622451600000,0.136
1622455200000,0.155
1622458800000,0.149
1622462400000,0.14
1622466000000,0.113
1622469600000,0.079
1622473200000,0.053
1622476800000,0.053
1622480400000,0.079
1622484000000,0.078
1622487600000,0.045
1622491200000,0.025
1622494800000,0.019
1622498400000,0.013
1622502000000,0.013
1622505600000,0.011
1622509200000,0.005
1622512800000,0.0
1622516400000,0.0
1622520000000,0.0
1622523600000,0.0
1622527200000,0.001
1622530800000,0.003
1622534400000,0.006
1622538000000,0.007
1622541600000,0.007
1622545200000,0.006
1622548800000,0.007
1622552400000,0.01
1622556000000,0.012
1622559600000,0.011
1622563200000,0.013
1622566800000,0.019
1622570400000,0.025
1622574000000,0.035
1622577600000,0.039
1622581200000,0.036
1622584800000,0.025
1622588400000,0.034
1622592000000,0.052
1622595600000,0.065
1622599200000,0.072
1622602800000,0.084
1622606400000,0.096
1622610000000,0.124
1622613600000,0.159
1622617200000,0.16
1622620800000,0.148
1622624400000,0.128
1622628000000,0.17
1622631600000,0.22
1622635200000,0.208
1622638800000,0.261
1622642400000,0.446
1622646000000,0.575
1622649600000,0.642
1622653200000,0.697
1622656800000,0.811
1622660400000,0.895
1622664000000,0.814
1622667600000,0.742
1622671200000,0.892
1622674800000,0.957
1622678400000,0.961
1622682000000,0.927
1622685600000,0.884
1622689200000,0.849
1622692800000,0.808
1622696400000,0.748
1622700000000,0.685
1622703600000,0.631
1622707200000,0.533
1622710800000,0.386
1622714400000,0.309
1622718000000,0.278
1622721600000,0.254
1622725200000,0.233
1622728800000,0.202
1622732400000,0.214
1622736000000,0.225
1622739600000,0.214
1622743200000,0.201
1622746800000,0.191
1622750400000,0.188
1622754000000,0.165
1622757600000,0.128
1622761200000,0.146
1622764800000,0.164
1622768400000,0.183
1622772000000,0.221
1622775600000,0.285
1622779200000,0.362
1622782800000,0.414
1622786400000,0.413
1622790000000,0.354
1622793600000,0.261
1622797200000,0.152
1622800800000,0.096
1622804400000,0.074
1622808000000,0.058
1622811600000,0.041
1622815200000,0.025
1622818800000,0.024
1622822400000,0.031
1622826000000,0.038
1622829600000,0.042
1622833200000,0.041
1622836800000,0.044
1622840400000,0.046
1622844000000,0.045
1622847600000,0.062
1622851200000,0.082
1622854800000,0.103
1622858400000,0.112
1622862000000,0.11
1622865600000,0.11
1622869200000,0.115
1622872800000,0.129
1622876400000,0.133
1622880000000,0.125
1622883600000,0.105
1622887200000,0.092
1622890800000,0.081
1622894400000,0.068
1622898000000,0.062
1622901600000,0.058
1622905200000,0.065
1622908800000,0.073
1622912400000,0.078
1622916000000,0.082
1622919600000,0.084
1622923200000,0.088
1622926800000,0.087
1622930400000,0.074
1622934000000,0.067
1622937600000,0.052
1622941200000,0.027
1622944800000,0.019
1622948400000,0.015
1622952000000,0.012
1622955600000,0.009
1622959200000,0.006
1622962800000,0.006
1622966400000,0.008
1622970000000,0.019
1622973600000,0.042
1622977200000,0.064
1622980800000,0.076
1622984400000,0.085
1622988000000,0.084
1622991600000,0.087
1622995200000,0.087
1622998800000,0.081
1623002400000,0.07
1623006000000,0.061
1623009600000,0.051
1623013200000,0.044
1623016800000,0.034
1623020400000,0.03
1623024000000,0.027
1623027600000,0.021
1623031200000,0.012
1623034800000,0.007
1623038400000,0.004
1623042000000,0.004
1623045600000,0.007
1623049200000,0.015
1623052800000,0.027
1623056400000,0.039
1623060000000,0.041
1623063600000,0.038
1623067200000,0.03
1623070800000,0.022
1623074400000,0.017
1623078000000,0.018
1623081600000,0.029
1623085200000,0.041
1623088800000,0.047
1623092400000,0.045
1623096000000,0.044
1623099600000,0.045
1623103200000,0.041
1623106800000,0.039
1623110400000,0.048
1623114000000,0.058
1623117600000,0.068
1623121200000,0.078
1623124800000,0.092
1623128400000,0.112
1623132000000,0.123
1623135600000,0.119
1623139200000,0.102
1623142800000,0.088
1623146400000,0.071
1623150000000,0.048
1623153600000,0.028
1623157200000,0.015
1623160800000,0.01
1623164400000,0.007
1623168000000,0.004
1623171600000,0.002
1623175200000,0.001
1623178800000,0.0
1623182400000,0.0
1623186000000,0.0
1623189600000,0.0
1623193200000,0.001
1623196800000,0.002
1623200400000,0.002
1623204000000,0.001
1623207600000,0.001
1623211200000,0.002
1623214800000,0.003
1623218400000,0.004
1623222000000,0.003
1623225600000,0.001
1623229200000,0.0
1623232800000,0.0
1623236400000,0.0
1623240000000,0.005
1623243600000,0.022
1623247200000,0.035
1623250800000,0.029
1623254400000,0.015
1623258000000,0.003
1623261600000,0.001
1623265200000,0.001
1623268800000,0.002
1623272400000,0.004
1623276000000,0.003
1623279600000,0.006
1623283200000,0.019
1623286800000,0.046
1623290400000,0.078
1623294000000,0.098
1623297600000,0.117
1623301200000,0.148
1623304800000,0.182
1623308400000,0.21
1623312000000,0.233
1623315600000,0.246
1623319200000,0.284
1623322800000,0.337
1623326400000,0.365
1623330000000,0.379
1623333600000,0.387
1623337200000,0.356
1623340800000,0.329
1623344400000,0.278
1623348000000,0.247
1623351600000,0.212
1623355200000,0.193
1623358800000,0.193
1623362400000,0.159
1623366000000,0.185
1623369600000,0.247
1623373200000,0.329
1623376800000,0.414
1623380400000,0.468
1623384000000,0.472
1623387600000,0.466
1623391200000,0.439
1623394800000,0.39
1623398400000,0.328
1623402000000,0.248
1623405600000,0.19
1623409200000,0.169
1623412800000,0.175
1623416400000,0.179
1623420000000,0.172
1623423600000,0.174
1623427200000,0.17
1623430800000,0.153
1623434400000,0.142
1623438000000,0.125
1623441600000,0.108
1623445200000,0.087
1623448800000,0.067
1623452400000,0.083
1623456000000,0.106
1623459600000,0.118
1623463200000,0.118
1623466800000,0.116
1623470400000,0.118
1623474000000,0.113
1623477600000,0.1
1623481200000,0.093
1623484800000,0.089
1623488400000,0.087
1623492000000,0.087
1623495600000,0.09
1623499200000,0.088
1623502800000,0.086
1623506400000,0.083
1623510000000,0.083
1623513600000,0.081
1623517200000,0.077
1623520800000,0.064
1623524400000,0.037
1623528000000,0.016
1623531600000,0.006
1623535200000,0.002
1623538800000,0.002
1623542400000,0.002
1623546000000,0.001
1623549600000,0.001
1623553200000,0.002
1623556800000,0.019
1623560400000,0.059
1623564000000,0.094
1623567600000,0.112
1623571200000,0.112
1623574800000,0.112
1623578400000,0.126
1623582000000,0.157
1623585600000,0.193
1623589200000,0.202
1623592800000,0.187
1623596400000,0.201
1623600000000,0.2
1623603600000,0.167
1623607200000,0.133
1623610800000,0.114
1623614400000,0.101
1623618000000,0.101
1623621600000,0.09
1623625200000,0.096
1623628800000,0.113
1623632400000,0.131
1623636000000,0.154
1623639600000,0.183
1623643200000,0.215
1623646800000,0.235
1623650400000,0.243
1623654000000,0.234
1623657600000,0.206
1623661200000,0.148
1623664800000,0.116
1623668400000,0.108
1623672000000,0.121
1623675600000,0.147
1623679200000,0.17
1623682800000,0.17
1623686400000,0.115
1623690000000,0.089
1623693600000,0.082
1623697200000,0.062
1623700800000,0.058
1623704400000,0.059
1623708000000,0.063
1623711600000,0.085
1623715200000,0.1
1623718800000,0.119
1623722400000,0.146
1623726000000,0.179
1623729600000,0.197
1623733200000,0.196
1623736800000,0.182
1623740400000,0.162
1623744000000,0.142
1623747600000,0.105
1623751200000,0.076
1623754800000,0.055
1623758400000,0.041
1623762000000,0.034
1623765600000,0.033
1623769200000,0.034
1623772800000,0.037
1623776400000,0.037
1623780000000,0.034
1623783600000,0.029
1623787200000,0.03
1623790800000,0.036
1623794400000,0.037
1623798000000,0.05
1623801600000,0.058
1623805200000,0.07
1623808800000,0.09
1623812400000,0.102
1623816000000,0.106
1623819600000,0.102
1623823200000,0.09
1623826800000,0.077
1623830400000,0.066
1623834000000,0.054
1623837600000,0.048
1623841200000,0.035
1623844800000,0.019
1623848400000,0.009
1623852000000,0.005
1623855600000,0.003
1623859200000,0.004
1623862800000,0.006
1623866400000,0.01
1623870000000,0.012
1623873600000,0.012
1623877200000,0.011
1623880800000,0.009
1623884400000,0.013
1623888000000,0.021
1623891600000,0.031
1623895200000,0.037
1623898800000,0.035
1623902400000,0.035
1623906000000,0.039
1623909600000,0.043
1623913200000,0.047
1623916800000,0.051
1623920400000,0.057
1623924000000,0.07
1623927600000,0.066
1623931200000,0.051
1623934800000,0.039
1623938400000,0.033
1623942000000,0.028
1623945600000,0.022
1623949200000,0.014
1623952800000,0.011
1623956400000,0.011
1623960000000,0.012
1623963600000,0.011
1623967200000,0.008
1623970800000,0.006
1623974400000,0.006
1623978000000,0.009
1623981600000,0.018
1623985200000,0.031
1623988800000,0.05
1623992400000,0.073
1623996000000,0.097
1623999600000,0.115
1624003200000,0.125
1624006800000,0.126
1624010400000,0.126
1624014000000,0.116
1624017600000,0.109
1624021200000,0.082
1624024800000,0.064
1624028400000,0.074
1624032000000,0.09
1624035600000,0.093
1624039200000,0.088
1624042800000,0.082
1624046400000,0.077
1624050000000,0.069
1624053600000,0.055
1624057200000,0.057
1624060800000,0.065
1624064400000,0.085
1624068000000,0.112
1624071600000,0.151
1624075200000,0.187
1624078800000,0.213
1624082400000,0.222
1624086000000,0.219
1624089600000,0.194
1624093200000,0.132
1624096800000,0.105
1624100400000,0.094
1624104000000,0.081
1624107600000,0.069
1624111200000,0.064
1624114800000,0.076
1624118400000,0.087
1624122000000,0.088
1624125600000,0.086
1624129200000,0.083
1624132800000,0.08
1624136400000,0.078
1624140000000,0.076
1624143600000,0.09
1624147200000,0.115
1624150800000,0.146
1624154400000,0.167
1624158000000,0.194
1624161600000,0.238
1624165200000,0.277
1624168800000,0.301
1624172400000,0.3
1624176000000,0.259
1624179600000,0.169
1624183200000,0.138
1624186800000,0.146
1624190400000,0.144
1624194000000,0.141
1624197600000,0.148
1624201200000,0.174
1624204800000,0.214
1624208400000,0.243
1624212000000,0.248
1624215600000,0.264
1624219200000,0.294
1624222800000,0.29
1624226400000,0.281
1624230000000,0.272
1624233600000,0.308
1624237200000,0.323
1624240800000,0.296
1624244400000,0.297
1624248000000,0.32
1624251600000,0.355
1624255200000,0.382
1624258800000,0.386
1624262400000,0.334
1624266000000,0.267
1624269600000,0.26
1624273200000,0.236
1624276800000,0.207
1624280400000,0.199
1624284000000,0.183
1624287600000,0.167
1624291200000,0.162
1624294800000,0.158
1624298400000,0.156
1624302000000,0.155
1624305600000,0.142
1624309200000,0.118
1624312800000,0.097
1624316400000,0.108
1624320000000,0.13
1624323600000,0.148
1624327200000,0.179
1624330800000,0.205
1624334400000,0.216
1624338000000,0.236
1624341600000,0.255
1624345200000,0.261
1624348800000,0.248
1624352400000,0.192
1624356000000,0.169
1624359600000,0.169
1624363200000,0.169
1624366800000,0.166
1624370400000,0.151
1624374000000,0.143
1624377600000,0.137
1624381200000,0.127
1624384800000,0.101
1624388400000,0.071
1624392000000,0.049
1624395600000,0.039
1624399200000,0.032
1624402800000,0.039
1624406400000,0.036
1624410000000,0.04
1624413600000,0.054
1624417200000,0.071
1624420800000,0.09
1624424400000,0.112
1624428000000,0.13
1624431600000,0.142
1624435200000,0.146
1624438800000,0.124
1624442400000,0.106
1624446000000,0.096
1624449600000,0.088
1624453200000,0.079
1624456800000,0.061
1624460400000,0.046
1624464000000,0.043
1624467600000,0.045
1624471200000,0.044
1624474800000,0.041
1624478400000,0.038
1624482000000,0.027
1624485600000,0.018
1624489200000,0.023
1624492800000,0.022
1624496400000,0.027
1624500000000,0.04
1624503600000,0.058
1624507200000,0.077
1624510800000,0.087
1624514400000,0.098
1624518000000,0.105
1624521600000,0.108
1624525200000,0.093
1624528800000,0.074
1624532400000,0.057
1624536000000,0.041
1624539600000,0.025
1624543200000,0.013
1624546800000,0.006
1624550400000,0.003
1624554000000,0.001
1624557600000,0.001
1624561200000,0.001
1624564800000,0.001
1624568400000,0.001
1624572000000,0.001
1624575600000,0.003
1624579200000,0.005
1624582800000,0.008
1624586400000,0.013
1624590000000,0.023
1624593600000,0.035
1624597200000,0.047
1624600800000,0.054
1624604400000,0.057
1624608000000,0.052
1624611600000,0.041
1624615200000,0.028
1624618800000,0.014
1624622400000,0.005
1624626000000,0.001
1624629600000,0.0
1624633200000,0.0
1624636800000,0.0
1624640400000,0.002
1624644000000,0.003
1624647600000,0.002
1624651200000,0.002
1624654800000,0.002
1624658400000,0.002
1624662000000,0.002
1624665600000,0.002
1624669200000,0.002
1624672800000,0.004
1624676400000,0.006
1624680000000,0.008
1624683600000,0.011
1624687200000,0.014
1624690800000,0.016
1624694400000,0.015
1624698000000,0.008
1624701600000,0.003
1624705200000,0.001
1624708800000,0.0
1624712400000,0.0
1624716000000,0.0
1624719600000,0.0
1624723200000,0.0
1624726800000,0.0
1624730400000,0.0
1624734000000,0.0
1624737600000,0.0
1624741200000,0.0
1624744800000,0.0
1624748400000,0.0
1624752000000,0.0
1624755600000,0.0
1624759200000,0.0
1624762800000,0.001
1624766400000,0.002
1624770000000,0.003
1624773600000,0.004
1624777200000,0.007
1624780800000,0.013
1624784400000,0.018
1624788000000,0.028
1624791600000,0.036
1624795200000,0.039
1624798800000,0.037
1624802400000,0.026
1624806000000,0.017
1624809600000,0.009
1624813200000,0.003
1624816800000,0.001
1624820400000,0.0
1624824000000,0.0
1624827600000,0.0
1624831200000,0.001
1624834800000,0.012
1624838400000,0.028
1624842000000,0.027
1624845600000,0.016
1624849200000,0.01
1624852800000,0.009
1624856400000,0.011
1624860000000,0.022
1624863600000,0.043
1624867200000,0.07
1624870800000,0.085
1624874400000,0.091
1624878000000,0.084
1624881600000,0.072
1624885200000,0.057
1624888800000,0.045
1624892400000,0.046
1624896000000,0.058
1624899600000,0.068
1624903200000,0.063
1624906800000,0.02
1624910400000,0.001
1624914000000,0.0
1624917600000,0.0
1624921200000,0.0
1624924800000,0.001
1624928400000,0.006
1624932000000,0.021
1624935600000,0.039
1624939200000,0.049
1624942800000,0.055
1624946400000,0.054
1624950000000,0.047
1624953600000,0.041
1624957200000,0.041
1624960800000,0.054
1624964400000,0.059
1624968000000,0.058
1624971600000,0.046
1624975200000,0.032
1624978800000,0.019
1624982400000,0.012
1624986000000,0.009
1624989600000,0.008
1624993200000,0.008
1624996800000,0.008
1625000400000,0.012
1625004000000,0.014
1625007600000,0.014
1625011200000,0.014
1625014800000,0.015
1625018400000,0.018
1625022000000,0.022
1625025600000,0.03
1625029200000,0.036
1625032800000,0.037
1625036400000,0.038
1625040000000,0.038
1625043600000,0.032
1625047200000,0.033
1625050800000,0.031
1625054400000,0.025
1625058000000,0.019
1625061600000,0.019
1625065200000,0.02
1625068800000,0.017
1625072400000,0.015
1625076000000,0.014
1625079600000,0.008
1625083200000,0.002
1625086800000,0.001
1625090400000,0.0
1625094000000,0.0
1625097600000,0.0
1625101200000,0.0
1625104800000,0.0
1625108400000,0.001
1625112000000,0.008
1625115600000,0.01
1625119200000,0.015
1625122800000,0.035
1625126400000,0.052
1625130000000,0.054
1625133600000,0.064
1625137200000,0.075
1625140800000,0.078
1625144400000,0.07
1625148000000,0.055
1625151600000,0.042
1625155200000,0.029
1625158800000,0.017
1625162400000,0.006
1625166000000,0.002
1625169600000,0.001
1625173200000,0.001
1625176800000,0.0
1625180400000,0.0
1625184000000,0.0
1625187600000,0.0
1625191200000,0.0
1625194800000,0.0
1625198400000,0.0
1625202000000,0.001
1625205600000,0.004
1625209200000,0.009
1625212800000,0.017
1625216400000,0.028
1625220000000,0.041
1625223600000,0.041
1625227200000,0.043
1625230800000,0.066
1625234400000,0.093
1625238000000,0.106
1625241600000,0.084
1625245200000,0.071
1625248800000,0.053
1625252400000,0.036
1625256000000,0.024
1625259600000,0.02
1625263200000,0.018
1625266800000,0.017
1625270400000,0.013
1625274000000,0.012
1625277600000,0.013
1625281200000,0.015
1625284800000,0.018
1625288400000,0.022
1625292000000,0.026
1625295600000,0.031
1625299200000,0.034
1625302800000,0.023
1625306400000,0.014
1625310000000,0.01
1625313600000,0.008
1625317200000,0.01
1625320800000,0.016
1625324400000,0.025
1625328000000,0.039
1625331600000,0.054
1625335200000,0.07
1625338800000,0.06
1625342400000,0.04
1625346000000,0.031
1625349600000,0.032
1625353200000,0.057
1625356800000,0.162
1625360400000,0.259
1625364000000,0.315
1625367600000,0.37
1625371200000,0.414
1625374800000,0.434
1625378400000,0.469
1625382000000,0.516
1625385600000,0.519
1625389200000,0.502
1625392800000,0.516
1625396400000,0.535
1625400000000,0.516
1625403600000,0.484
1625407200000,0.454
1625410800000,0.451
1625414400000,0.432
1625418000000,0.39
1625421600000,0.364
1625425200000,0.382
1625428800000,0.424
1625432400000,0.404
1625436000000,0.287
1625439600000,0.22
1625443200000,0.223
1625446800000,0.245
1625450400000,0.282
1625454000000,0.324
1625457600000,0.352
1625461200000,0.364
1625464800000,0.374
1625468400000,0.362
1625472000000,0.299
1625475600000,0.225
1625479200000,0.237
1625482800000,0.295
1625486400000,0.34
1625490000000,0.291
1625493600000,0.199
1625497200000,0.171
1625500800000,0.205
1625504400000,0.22
1625508000000,0.221
1625511600000,0.233
1625515200000,0.237
1625518800000,0.23
1625522400000,0.209
1625526000000,0.19
1625529600000,0.216
1625533200000,0.221
1625536800000,0.207
1625540400000,0.2
1625544000000,0.203
1625547600000,0.204
1625551200000,0.208
1625554800000,0.193
1625558400000,0.177
1625562000000,0.155
1625565600000,0.157
1625569200000,0.149
1625572800000,0.138
1625576400000,0.114
1625580000000,0.082
1625583600000,0.058
1625587200000,0.049
1625590800000,0.057
1625594400000,0.091
1625598000000,0.125
1625601600000,0.141
1625605200000,0.131
1625608800000,0.092
1625612400000,0.094
1625616000000,0.105
1625619600000,0.126
1625623200000,0.14
1625626800000,0.156
1625630400000,0.153
1625634000000,0.123
1625637600000,0.094
1625641200000,0.083
1625644800000,0.078
1625648400000,0.067
1625652000000,0.051
1625655600000,0.038
1625659200000,0.029
1625662800000,0.028
1625666400000,0.03
1625670000000,0.03
1625673600000,0.026
1625677200000,0.021
1625680800000,0.018
1625684400000,0.021
1625688000000,0.027
1625691600000,0.032
1625695200000,0.026
1625698800000,0.027
1625702400000,0.044
1625706000000,0.052
1625709600000,0.049
1625713200000,0.046
1625716800000,0.045
1625720400000,0.046
1625724000000,0.048
1625727600000,0.046
1625731200000,0.044
1625734800000,0.035
1625738400000,0.018
1625742000000,0.01
1625745600000,0.006
1625749200000,0.005
1625752800000,0.006
1625756400000,0.014
1625760000000,0.027
1625763600000,0.046
1625767200000,0.061
1625770800000,0.075
1625774400000,0.082
1625778000000,0.079
1625781600000,0.064
1625785200000,0.093
1625788800000,0.136
1625792400000,0.143
1625796000000,0.142
1625799600000,0.141
1625803200000,0.137
1625806800000,0.131
1625810400000,0.114
1625814000000,0.093
1625817600000,0.081
1625821200000,0.057
1625824800000,0.042
1625828400000,0.05
1625832000000,0.066
1625835600000,0.083
1625839200000,0.087
1625842800000,0.084
1625846400000,0.094
1625850000000,0.089
1625853600000,0.058
1625857200000,0.045
1625860800000,0.05
1625864400000,0.054
1625868000000,0.057
1625871600000,0.078
1625875200000,0.118
1625878800000,0.138
1625882400000,0.145
1625886000000,0.14
1625889600000,0.129
1625893200000,0.107
1625896800000,0.09
1625900400000,0.085
1625904000000,0.082
1625907600000,0.073
1625911200000,0.08
1625914800000,0.102
1625918400000,0.132
1625922000000,0.163
1625925600000,0.187
1625929200000,0.188
1625932800000,0.171
1625936400000,0.155
1625940000000,0.145
1625943600000,0.138
1625947200000,0.132
1625950800000,0.111
1625954400000,0.085
1625958000000,0.114
1625961600000,0.164
1625965200000,0.144
1625968800000,0.108
1625972400000,0.103
1625976000000,0.112
1625979600000,0.13
1625983200000,0.15
1625986800000,0.168
1625990400000,0.163
1625994000000,0.12
1625997600000,0.068
1626001200000,0.055
1626004800000,0.051
1626008400000,0.049
1626012000000,0.043
1626015600000,0.046
1626019200000,0.053
1626022800000,0.057
1626026400000,0.061
1626030000000,0.063
1626033600000,0.065
1626037200000,0.055
1626040800000,0.032
1626044400000,0.027
1626048000000,0.038
1626051600000,0.036
1626055200000,0.032
1626058800000,0.032
1626062400000,0.039
1626066000000,0.042
1626069600000,0.041
1626073200000,0.043
1626076800000,0.051
1626080400000,0.038
1626084000000,0.021
1626087600000,0.02
1626091200000,0.025
1626094800000,0.032
1626098400000,0.036
1626102000000,0.051
1626105600000,0.055
1626109200000,0.046
1626112800000,0.026
1626116400000,0.008
1626120000000,0.004
1626123600000,0.003
1626127200000,0.003
1626130800000,0.008
1626134400000,0.016
1626138000000,0.016
1626141600000,0.01
1626145200000,0.005
1626148800000,0.002
1626152400000,0.001
1626156000000,0.0
1626159600000,0.0
1626163200000,0.0
1626166800000,0.0
1626170400000,0.0
1626174000000,0.0
1626177600000,0.001
1626181200000,0.0
1626184800000,0.0
1626188400000,0.0
1626192000000,0.0
1626195600000,0.0
1626199200000,0.0
1626202800000,0.0
1626206400000,0.001
1626210000000,0.006
1626213600000,0.008
1626217200000,0.014
1626220800000,0.02
1626224400000,0.02
1626228000000,0.01
1626231600000,0.002
1626235200000,0.0
1626238800000,0.0
1626242400000,0.0
1626246000000,0.0
1626249600000,0.006
1626253200000,0.015
1626256800000,0.029
1626260400000,0.035
1626264000000,0.035
1626267600000,0.03
1626271200000,0.023
1626274800000,0.014
1626278400000,0.007
1626282000000,0.001
1626285600000,0.0
1626289200000,0.001
1626292800000,0.006
1626296400000,0.013
1626300000000,0.015
1626303600000,0.015
1626307200000,0.016
1626310800000,0.016
1626314400000,0.017
1626318000000,0.024
1626321600000,0.035
1626325200000,0.044
1626328800000,0.054
1626332400000,0.062
1626336000000,0.07
1626339600000,0.067
1626343200000,0.059
1626346800000,0.044
1626350400000,0.03
1626354000000,0.015
1626357600000,0.003
1626361200000,0.0
1626364800000,0.0
1626368400000,0.0
1626372000000,0.0
1626375600000,0.0
1626379200000,0.001
1626382800000,0.004
1626386400000,0.007
1626390000000,0.006
1626393600000,0.006
1626397200000,0.009
1626400800000,0.019
1626404400000,0.035
1626408000000,0.053
1626411600000,0.067
1626415200000,0.075
1626418800000,0.089
1626422400000,0.111
1626426000000,0.13
1626429600000,0.157
1626433200000,0.163
1626436800000,0.151
1626440400000,0.12
1626444000000,0.084
1626447600000,0.07
1626451200000,0.063
1626454800000,0.052
1626458400000,0.039
1626462000000,0.023
1626465600000,0.011
1626469200000,0.004
1626472800000,0.002
1626476400000,0.005
1626480000000,0.009
1626483600000,0.013
1626487200000,0.023
1626490800000,0.041
1626494400000,0.07
1626498000000,0.103
1626501600000,0.134
1626505200000,0.157
1626508800000,0.177
1626512400000,0.161
1626516000000,0.15
1626519600000,0.156
1626523200000,0.166
1626526800000,0.171
1626530400000,0.176
1626534000000,0.185
1626537600000,0.187
1626541200000,0.181
1626544800000,0.187
1626548400000,0.204
1626552000000,0.202
1626555600000,0.155
1626559200000,0.103
1626562800000,0.097
1626566400000,0.11
1626570000000,0.145
1626573600000,0.191
1626577200000,0.243
1626580800000,0.285
1626584400000,0.312
1626588000000,0.32
1626591600000,0.322
1626595200000,0.364
1626598800000,0.31
1626602400000,0.249
1626606000000,0.191
1626609600000,0.115
1626613200000,0.063
1626616800000,0.053
1626620400000,0.084
1626624000000,0.102
1626627600000,0.107
1626631200000,0.131
1626634800000,0.133
1626638400000,0.131
1626642000000,0.116
1626645600000,0.102
1626649200000,0.141
1626652800000,0.201
1626656400000,0.252
1626660000000,0.283
1626663600000,0.325
1626667200000,0.374
1626670800000,0.415
1626674400000,0.433
1626678000000,0.427
1626681600000,0.37
1626685200000,0.258
1626688800000,0.196
1626692400000,0.18
1626696000000,0.178
1626699600000,0.167
1626703200000,0.161
1626706800000,0.173
1626710400000,0.185
1626714000000,0.192
1626717600000,0.218
1626721200000,0.249
1626724800000,0.292
1626728400000,0.318
1626732000000,0.323
1626735600000,0.275
1626739200000,0.334
1626742800000,0.43
1626746400000,0.507
1626750000000,0.547
1626753600000,0.535
1626757200000,0.493
1626760800000,0.424
1626764400000,0.324
1626768000000,0.212
1626771600000,0.163
1626775200000,0.155
1626778800000,0.14
1626782400000,0.123
1626786000000,0.121
1626789600000,0.134
1626793200000,0.184
1626796800000,0.255
1626800400000,0.302
1626804000000,0.323
1626807600000,0.348
1626811200000,0.39
1626814800000,0.374
1626818400000,0.324
1626822000000,0.274
1626825600000,0.329
1626829200000,0.411
1626832800000,0.474
1626836400000,0.515
1626840000000,0.559
1626843600000,0.564
1626847200000,0.54
1626850800000,0.488
1626854400000,0.457
1626858000000,0.434
1626861600000,0.411
1626865200000,0.436
1626868800000,0.479
1626872400000,0.508
1626876000000,0.51
1626879600000,0.498
1626883200000,0.502
1626886800000,0.501
1626890400000,0.538
1626894000000,0.61
1626897600000,0.676
1626901200000,0.653
1626904800000,0.571
1626908400000,0.497
1626912000000,0.519
1626915600000,0.618
1626919200000,0.65
1626922800000,0.748
1626926400000,0.814
1626930000000,0.855
1626933600000,0.833
1626937200000,0.774
1626940800000,0.687
1626944400000,0.59
1626948000000,0.538
1626951600000,0.539
1626955200000,0.542
1626958800000,0.51
1626962400000,0.588
1626966000000,0.792
1626969600000,0.872
1626973200000,0.908
1626976800000,0.909
1626980400000,0.885
1626984000000,0.848
1626987600000,0.772
1626991200000,0.672
1626994800000,0.614
1626998400000,0.685
1627002000000,0.77
1627005600000,0.839
1627009200000,0.875
1627012800000,0.896
1627016400000,0.907
1627020000000,0.886
1627023600000,0.82
1627027200000,0.755
1627030800000,0.703
1627034400000,0.651
1627038000000,0.649
1627041600000,0.657
1627045200000,0.67
1627048800000,0.663
1627052400000,0.632
1627056000000,0.63
1627059600000,0.638
1627063200000,0.638
1627066800000,0.614
1627070400000,0.615
1627074000000,0.617
1627077600000,0.597
1627081200000,0.556
1627084800000,0.625
1627088400000,0.722
1627092000000,0.781
1627095600000,0.829
1627099200000,0.845
1627102800000,0.836
1627106400000,0.82
1627110000000,0.777
1627113600000,0.715
1627117200000,0.672
1627120800000,0.623
1627124400000,0.566
1627128000000,0.517
1627131600000,0.501
1627135200000,0.521
1627138800000,0.545
1627142400000,0.594
1627146000000,0.635
1627149600000,0.661
1627153200000,0.678
1627156800000,0.677
1627160400000,0.661
1627164000000,0.624
1627167600000,0.586
1627171200000,0.677
1627174800000,0.752
1627178400000,0.821
1627182000000,0.86
1627185600000,0.873
1627189200000,0.867
1627192800000,0.839
1627196400000,0.781
1627200000000,0.744
1627203600000,0.741
1627207200000,0.722
1627210800000,0.684
1627214400000,0.661
1627218000000,0.63
1627221600000,0.621
1627225200000,0.61
1627228800000,0.648
1627232400000,0.683
1627236000000,0.71
1627239600000,0.744
1627243200000,0.759
1627246800000,0.747
1627250400000,0.692
1627254000000,0.656
1627257600000,0.791
1627261200000,0.862
1627264800000,0.888
1627268400000,0.895
1627272000000,0.879
1627275600000,0.857
1627279200000,0.827
1627282800000,0.757
1627286400000,0.62
1627290000000,0.541
1627293600000,0.535
1627297200000,0.494
1627300800000,0.425
1627304400000,0.388
1627308000000,0.414
1627311600000,0.488
1627315200000,0.539
1627318800000,0.577
1627322400000,0.613
1627326000000,0.63
1627329600000,0.643
1627333200000,0.657
1627336800000,0.644
1627340400000,0.698
1627344000000,0.814
1627347600000,0.865
1627351200000,0.875
1627354800000,0.876
1627358400000,0.885
1627362000000,0.884
1627365600000,0.878
1627369200000,0.849
1627372800000,0.777
1627376400000,0.668
1627380000000,0.611
1627383600000,0.552
1627387200000,0.501
1627390800000,0.481
1627394400000,0.466
1627398000000,0.497
1627401600000,0.548
1627405200000,0.571
1627408800000,0.603
1627412400000,0.658
1627416000000,0.682
1627419600000,0.687
1627423200000,0.649
1627426800000,0.611
1627430400000,0.635
1627434000000,0.745
1627437600000,0.788
1627441200000,0.799
1627444800000,0.788
1627448400000,0.772
1627452000000,0.725
1627455600000,0.616
1627459200000,0.516
1627462800000,0.417
1627466400000,0.361
1627470000000,0.358
1627473600000,0.386
1627477200000,0.381
1627480800000,0.402
1627484400000,0.472
1627488000000,0.523
1627491600000,0.555
1627495200000,0.564
1627498800000,0.56
1627502400000,0.566
1627506000000,0.561
1627509600000,0.564
1627513200000,0.592
1627516800000,0.693
1627520400000,0.739
1627524000000,0.713
1627527600000,0.713
1627531200000,0.706
1627534800000,0.688
1627538400000,0.639
1627542000000,0.549
1627545600000,0.452
1627549200000,0.354
1627552800000,0.299
1627556400000,0.284
1627560000000,0.28
1627563600000,0.291
1627567200000,0.294
1627570800000,0.302
1627574400000,0.329
1627578000000,0.352
1627581600000,0.357
1627585200000,0.356
1627588800000,0.347
1627592400000,0.32
1627596000000,0.264
1627599600000,0.27
1627603200000,0.398
1627606800000,0.494
1627610400000,0.541
1627614000000,0.607
1627617600000,0.666
1627621200000,0.702
1627624800000,0.697
1627628400000,0.644
1627632000000,0.525
1627635600000,0.432
1627639200000,0.404
1627642800000,0.364
1627646400000,0.367
1627650000000,0.38
1627653600000,0.461
1627657200000,0.501
1627660800000,0.525
1627664400000,0.556
1627668000000,0.569
1627671600000,0.562
1627675200000,0.556
1627678800000,0.544
1627682400000,0.495
1627686000000,0.442
1627689600000,0.465
1627693200000,0.559
1627696800000,0.611
1627700400000,0.661
1627704000000,0.714
1627707600000,0.741
1627711200000,0.71
1627714800000,0.63
1627718400000,0.532
1627722000000,0.456
1627725600000,0.412
1627729200000,0.337
1627732800000,0.352
1627736400000,0.391
1627740000000,0.398
1627743600000,0.413
1627747200000,0.401
1627750800000,0.393
1627754400000,0.407
1627758000000,0.438
1627761600000,0.466
1627765200000,0.445
1627768800000,0.426
1627772400000,0.42
1627776000000,0.577
1627779600000,0.688
1627783200000,0.752
1627786800000,0.791
1627790400000,0.807
1627794000000,0.805
1627797600000,0.779
1627801200000,0.707
1627804800000,0.582
1627808400000,0.505
1627812000000,0.451
1627815600000,0.428
1627819200000,0.438
1627822800000,0.439
1627826400000,0.461
1627830000000,0.528
1627833600000,0.572
1627837200000,0.623
1627840800000,0.626
1627844400000,0.618
1627848000000,0.645
1627851600000,0.671
1627855200000,0.657
1627858800000,0.651
1627862400000,0.75
1627866000000,0.803
1627869600000,0.818
1627873200000,0.835
1627876800000,0.854
1627880400000,0.869
1627884000000,0.857
1627887600000,0.792
1627891200000,0.715
1627894800000,0.686
1627898400000,0.695
1627902000000,0.692
1627905600000,0.687
1627909200000,0.714
1627912800000,0.725
1627916400000,0.757
1627920000000,0.785
1627923600000,0.817
1627927200000,0.831
1627930800000,0.841
1627934400000,0.844
1627938000000,0.839
1627941600000,0.829
1627945200000,0.807
1627948800000,0.82
1627952400000,0.845
1627956000000,0.867
1627959600000,0.884
1627963200000,0.9
1627966800000,0.906
1627970400000,0.892
1627974000000,0.847
1627977600000,0.801
1627981200000,0.788
1627984800000,0.777
1627988400000,0.772
1627992000000,0.758
1627995600000,0.75
1627999200000,0.752
1628002800000,0.782
1628006400000,0.814
1628010000000,0.838
1628013600000,0.85
1628017200000,0.857
1628020800000,0.86
1628024400000,0.853
1628028000000,0.833
1628031600000,0.801
1628035200000,0.802
1628038800000,0.857
1628042400000,0.9
1628046000000,0.921
1628049600000,0.931
1628053200000,0.931
1628056800000,0.912
1628060400000,0.876
1628064000000,0.811
1628067600000,0.737
1628071200000,0.701
1628074800000,0.687
1628078400000,0.687
1628082000000,0.69
1628085600000,0.72
1628089200000,0.756
1628092800000,0.784
1628096400000,0.809
1628100000000,0.805
1628103600000,0.81
1628107200000,0.808
1628110800000,0.801
1628114400000,0.755
1628118000000,0.756
1628121600000,0.834
1628125200000,0.882
1628128800000,0.906
1628132400000,0.925
1628136000000,0.933
1628139600000,0.931
1628143200000,0.921
1628146800000,0.896
1628150400000,0.838
1628154000000,0.759
1628157600000,0.736
1628161200000,0.735
1628164800000,0.734
1628168400000,0.702
1628172000000,0.711
1628175600000,0.75
1628179200000,0.781
1628182800000,0.82
1628186400000,0.853
1628190000000,0.84
1628193600000,0.809
1628197200000,0.773
1628200800000,0.729
1628204400000,0.702
1628208000000,0.762
1628211600000,0.817
1628215200000,0.845
1628218800000,0.875
1628222400000,0.891
1628226000000,0.894
1628229600000,0.883
1628233200000,0.859
1628236800000,0.795
1628240400000,0.707
1628244000000,0.66
1628247600000,0.596
1628251200000,0.541
1628254800000,0.571
1628258400000,0.589
1628262000000,0.599
1628265600000,0.618
1628269200000,0.613
1628272800000,0.626
1628276400000,0.658
1628280000000,0.657
1628283600000,0.621
1628287200000,0.536
1628290800000,0.482
1628294400000,0.654
1628298000000,0.722
1628301600000,0.744
1628305200000,0.787
1628308800000,0.809
1628312400000,0.81
1628316000000,0.78
1628319600000,0.728
1628323200000,0.647
1628326800000,0.452
1628330400000,0.361
1628334000000,0.296
1628337600000,0.249
1628341200000,0.206
1628344800000,0.164
1628348400000,0.179
1628352000000,0.22
1628355600000,0.241
1628359200000,0.267
1628362800000,0.295
1628366400000,0.31
1628370000000,0.294
1628373600000,0.241
1628377200000,0.305
1628380800000,0.417
1628384400000,0.431
1628388000000,0.396
1628391600000,0.421
1628395200000,0.459
1628398800000,0.469
1628402400000,0.457
1628406000000,0.407
1628409600000,0.294
1628413200000,0.193
1628416800000,0.162
1628420400000,0.199
1628424000000,0.286
1628427600000,0.179
1628431200000,0.031
1628434800000,0.095
1628438400000,0.121
1628442000000,0.139
1628445600000,0.155
1628449200000,0.133
1628452800000,0.134
1628456400000,0.156
1628460000000,0.134
1628463600000,0.119
1628467200000,0.099
1628470800000,0.071
1628474400000,0.05
1628478000000,0.049
1628481600000,0.062
1628485200000,0.079
1628488800000,0.099
1628492400000,0.118
1628496000000,0.133
1628499600000,0.144
1628503200000,0.186
1628506800000,0.258
1628510400000,0.299
1628514000000,0.245
1628517600000,0.185
1628521200000,0.226
1628524800000,0.183
1628528400000,0.148
1628532000000,0.119
1628535600000,0.089
1628539200000,0.074
1628542800000,0.046
1628546400000,0.017
1628550000000,0.014
1628553600000,0.015
1628557200000,0.012
1628560800000,0.005
1628564400000,0.002
1628568000000,0.001
1628571600000,0.001
1628575200000,0.003
1628578800000,0.008
1628582400000,0.02
1628586000000,0.03
1628589600000,0.054
1628593200000,0.084
1628596800000,0.113
1628600400000,0.136
1628604000000,0.127
1628607600000,0.114
1628611200000,0.114
1628614800000,0.123
1628618400000,0.14
1628622000000,0.142
1628625600000,0.141
1628629200000,0.128
1628632800000,0.101
1628636400000,0.088
1628640000000,0.091
1628643600000,0.086
1628647200000,0.086
1628650800000,0.091
1628654400000,0.098
1628658000000,0.109
1628661600000,0.111
1628665200000,0.101
1628668800000,0.086
1628672400000,0.067
1628676000000,0.05
1628679600000,0.03
1628683200000,0.014
1628686800000,0.005
1628690400000,0.004
1628694000000,0.003
1628697600000,0.001
1628701200000,0.0
1628704800000,0.0
1628708400000,0.0
1628712000000,0.0
1628715600000,0.0
1628719200000,0.0
1628722800000,0.0
1628726400000,0.0
1628730000000,0.001
1628733600000,0.0
1628737200000,0.0
1628740800000,0.0
1628744400000,0.0
1628748000000,0.0
1628751600000,0.0
1628755200000,0.0
1628758800000,0.0
1628762400000,0.0
1628766000000,0.0
1628769600000,0.0
1628773200000,0.0
1628776800000,0.0
1628780400000,0.0
1628784000000,0.0
1628787600000,0.0
1628791200000,0.0
1628794800000,0.0
1628798400000,0.0
1628802000000,0.0
1628805600000,0.0
1628809200000,0.0
1628812800000,0.001
1628816400000,0.001
1628820000000,0.001
1628823600000,0.001
1628827200000,0.001
1628830800000,0.001
1628834400000,0.001
1628838000000,0.002
1628841600000,0.005
1628845200000,0.004
1628848800000,0.006
1628852400000,0.006
1628856000000,0.006
1628859600000,0.005
1628863200000,0.006
1628866800000,0.008
1628870400000,0.008
1628874000000,0.006
1628877600000,0.001
1628881200000,0.004
1628884800000,0.017
1628888400000,0.007
1628892000000,0.004
1628895600000,0.005
1628899200000,0.015
1628902800000,0.028
1628906400000,0.035
1628910000000,0.034
1628913600000,0.027
1628917200000,0.018
1628920800000,0.011
1628924400000,0.006
1628928000000,0.004
1628931600000,0.002
1628935200000,0.003
1628938800000,0.004
1628942400000,0.005
1628946000000,0.006
1628949600000,0.006
1628953200000,0.009
1628956800000,0.011
1628960400000,0.011
1628964000000,0.007
1628967600000,0.005
1628971200000,0.003
1628974800000,0.002
1628978400000,0.002
1628982000000,0.003
1628985600000,0.003
1628989200000,0.003
1628992800000,0.003
1628996400000,0.003
1629000000000,0.006
1629003600000,0.015
1629007200000,0.026
1629010800000,0.037
1629014400000,0.047
1629018000000,0.045
1629021600000,0.042
1629025200000,0.035
1629028800000,0.024
1629032400000,0.014
1629036000000,0.008
1629039600000,0.005
1629043200000,0.005
1629046800000,0.009
1629050400000,0.017
1629054000000,0.028
1629057600000,0.047
1629061200000,0.071
1629064800000,0.086
1629068400000,0.093
1629072000000,0.13
1629075600000,0.169
1629079200000,0.216
1629082800000,0.234
1629086400000,0.22
1629090000000,0.192
1629093600000,0.171
1629097200000,0.152
1629100800000,0.114
1629104400000,0.069
1629108000000,0.041
1629111600000,0.021
1629115200000,0.004
1629118800000,0.001
1629122400000,0.001
1629126000000,0.001
1629129600000,0.002
1629133200000,0.005
1629136800000,0.008
1629140400000,0.012
1629144000000,0.018
1629147600000,0.025
1629151200000,0.024
1629154800000,0.037
1629158400000,0.039
1629162000000,0.025
1629165600000,0.011
1629169200000,0.003
1629172800000,0.001
1629176400000,0.001
1629180000000,0.001
1629183600000,0.003
1629187200000,0.006
1629190800000,0.008
1629194400000,0.006
1629198000000,0.004
1629201600000,0.001
1629205200000,0.0
1629208800000,0.0
1629212400000,0.0
1629216000000,0.0
1629219600000,0.0
1629223200000,0.0
1629226800000,0.0
1629230400000,0.001
1629234000000,0.002
1629237600000,0.002
1629241200000,0.002
1629244800000,0.002
1629248400000,0.002
1629252000000,0.002
1629255600000,0.002
1629259200000,0.004
1629262800000,0.005
1629266400000,0.005
1629270000000,0.005
1629273600000,0.004
1629277200000,0.002
1629280800000,0.004
1629284400000,0.009
1629288000000,0.017
1629291600000,0.027
1629295200000,0.036
1629298800000,0.042
1629302400000,0.041
1629306000000,0.041
1629309600000,0.037
1629313200000,0.033
1629316800000,0.023
1629320400000,0.011
1629324000000,0.003
1629327600000,0.0
1629331200000,0.0
1629334800000,0.0
1629338400000,0.0
1629342000000,0.0
1629345600000,0.0
1629349200000,0.001
1629352800000,0.002
1629356400000,0.01
1629360000000,0.023
1629363600000,0.033
1629367200000,0.038
1629370800000,0.029
1629374400000,0.013
1629378000000,0.006
1629381600000,0.011
1629385200000,0.032
1629388800000,0.041
1629392400000,0.021
1629396000000,0.008
1629399600000,0.004
1629403200000,0.003
1629406800000,0.001
1629410400000,0.0
1629414000000,0.0
1629417600000,0.0
1629421200000,0.0
1629424800000,0.0
1629428400000,0.0
1629432000000,0.0
1629435600000,0.0
1629439200000,0.002
1629442800000,0.01
1629446400000,0.021
1629450000000,0.035
1629453600000,0.058
1629457200000,0.072
1629460800000,0.072
1629464400000,0.069
1629468000000,0.068
1629471600000,0.066
1629475200000,0.055
1629478800000,0.035
1629482400000,0.013
1629486000000,0.002
1629489600000,0.0
1629493200000,0.0
1629496800000,0.0
1629500400000,0.0
1629504000000,0.0
1629507600000,0.002
1629511200000,0.008
1629514800000,0.015
1629518400000,0.025
1629522000000,0.036
1629525600000,0.046
1629529200000,0.058
1629532800000,0.074
1629536400000,0.086
1629540000000,0.11
1629543600000,0.107
1629547200000,0.086
1629550800000,0.053
1629554400000,0.03
1629558000000,0.018
1629561600000,0.011
1629565200000,0.009
1629568800000,0.009
1629572400000,0.006
1629576000000,0.002
1629579600000,0.001
1629583200000,0.001
1629586800000,0.001
1629590400000,0.0
1629594000000,0.0
1629597600000,0.0
1629601200000,0.001
1629604800000,0.003
1629608400000,0.007
1629612000000,0.013
1629615600000,0.022
1629619200000,0.027
1629622800000,0.035
1629626400000,0.051
1629630000000,0.06
1629633600000,0.023
1629637200000,0.004
1629640800000,0.003
1629644400000,0.005
1629648000000,0.005
1629651600000,0.004
1629655200000,0.005
1629658800000,0.011
1629662400000,0.02
1629666000000,0.03
1629669600000,0.033
1629673200000,0.027
1629676800000,0.032
1629680400000,0.043
1629684000000,0.059
1629687600000,0.078
1629691200000,0.091
1629694800000,0.093
1629698400000,0.084
1629702000000,0.068
1629705600000,0.058
1629709200000,0.047
1629712800000,0.043
1629716400000,0.035
1629720000000,0.021
1629723600000,0.012
1629727200000,0.007
1629730800000,0.004
1629734400000,0.004
1629738000000,0.005
1629741600000,0.005
1629745200000,0.002
1629748800000,0.0
1629752400000,0.0
1629756000000,0.0
1629759600000,0.001
1629763200000,0.006
1629766800000,0.014
1629770400000,0.023
1629774000000,0.022
1629777600000,0.018
1629781200000,0.015
1629784800000,0.011
1629788400000,0.009
1629792000000,0.009
1629795600000,0.011
1629799200000,0.013
1629802800000,0.011
1629806400000,0.008
1629810000000,0.007
1629813600000,0.006
1629817200000,0.003
1629820800000,0.002
1629824400000,0.002
1629828000000,0.001
1629831600000,0.001
1629835200000,0.0
1629838800000,0.0
1629842400000,0.0
1629846000000,0.0
1629849600000,0.004
1629853200000,0.006
1629856800000,0.005
1629860400000,0.003
1629864000000,0.001
1629867600000,0.001
1629871200000,0.0
1629874800000,0.0
1629878400000,0.0
1629882000000,0.0
1629885600000,0.0
1629889200000,0.0
1629892800000,0.0
1629896400000,0.0
1629900000000,0.0
1629903600000,0.0
1629907200000,0.0
1629910800000,0.001
1629914400000,0.001
1629918000000,0.004
1629921600000,0.007
1629925200000,0.006
1629928800000,0.003
1629932400000,0.005
1629936000000,0.01
1629939600000,0.006
1629943200000,0.002
1629946800000,0.002
1629950400000,0.002
1629954000000,0.003
1629957600000,0.004
1629961200000,0.008
1629964800000,0.019
1629968400000,0.022
1629972000000,0.019
1629975600000,0.021
1629979200000,0.022
1629982800000,0.019
1629986400000,0.016
1629990000000,0.021
1629993600000,0.028
1629997200000,0.035
1630000800000,0.047
1630004400000,0.066
1630008000000,0.099
1630011600000,0.111
1630015200000,0.111
1630018800000,0.11
1630022400000,0.164
1630026000000,0.201
1630029600000,0.155
1630033200000,0.095
1630036800000,0.053
1630040400000,0.032
1630044000000,0.028
1630047600000,0.038
1630051200000,0.071
1630054800000,0.083
1630058400000,0.061
1630062000000,0.058
1630065600000,0.058
1630069200000,0.049
1630072800000,0.027
1630076400000,0.013
1630080000000,0.009
1630083600000,0.009
1630087200000,0.013
1630090800000,0.031
1630094400000,0.047
1630098000000,0.049
1630101600000,0.046
1630105200000,0.035
1630108800000,0.07
1630112400000,0.082
1630116000000,0.064
1630119600000,0.052
1630123200000,0.045
1630126800000,0.041
1630130400000,0.037
1630134000000,0.04
1630137600000,0.055
1630141200000,0.041
1630144800000,0.028
1630148400000,0.023
1630152000000,0.014
1630155600000,0.006
1630159200000,0.002
1630162800000,0.001
1630166400000,0.0
1630170000000,0.0
1630173600000,0.001
1630177200000,0.003
1630180800000,0.014
1630184400000,0.02
1630188000000,0.013
1630191600000,0.017
1630195200000,0.032
1630198800000,0.026
1630202400000,0.022
1630206000000,0.03
1630209600000,0.036
1630213200000,0.036
1630216800000,0.027
1630220400000,0.027
1630224000000,0.035
1630227600000,0.026
1630231200000,0.028
1630234800000,0.035
1630238400000,0.035
1630242000000,0.027
1630245600000,0.042
1630249200000,0.095
1630252800000,0.128
1630256400000,0.101
1630260000000,0.052
1630263600000,0.03
1630267200000,0.034
1630270800000,0.039
1630274400000,0.03
1630278000000,0.019
1630281600000,0.026
1630285200000,0.035
1630288800000,0.035
1630292400000,0.025
1630296000000,0.011
1630299600000,0.002
1630303200000,0.0
1630306800000,0.0
1630310400000,0.0
1630314000000,0.0
1630317600000,0.001
1630321200000,0.002
1630324800000,0.002
1630328400000,0.003
1630332000000,0.007
1630335600000,0.013
1630339200000,0.023
1630342800000,0.024
1630346400000,0.005
1630350000000,0.0
1630353600000,0.0
1630357200000,0.0
1630360800000,0.0
1630364400000,0.0
1630368000000,0.001
1630371600000,0.002
1630375200000,0.002
1630378800000,0.002
1630382400000,0.001
1630386000000,0.001
1630389600000,0.002
1630393200000,0.004
1630396800000,0.004
1630400400000,0.003
1630404000000,0.004
1630407600000,0.006
1630411200000,0.008
1630414800000,0.009
1630418400000,0.006
1630422000000,0.005
1630425600000,0.008
1630429200000,0.015
1630432800000,0.024
1630436400000,0.033
1630440000000,0.043
1630443600000,0.054
1630447200000,0.055
1630450800000,0.029
1630454400000,0.008
1630458000000,0.003
1630461600000,0.002
1630465200000,0.002
1630468800000,0.002
1630472400000,0.002
1630476000000,0.001
1630479600000,0.0
1630483200000,0.0
1630486800000,0.003
1630490400000,0.021
1630494000000,0.045
1630497600000,0.037
1630501200000,0.02
1630504800000,0.017
1630508400000,0.02
1630512000000,0.025
1630515600000,0.034
1630519200000,0.038
1630522800000,0.032
1630526400000,0.022
1630530000000,0.013
1630533600000,0.008
1630537200000,0.004
1630540800000,0.001
1630544400000,0.0
1630548000000,0.0
1630551600000,0.0
1630555200000,0.0
1630558800000,0.006
1630562400000,0.027
1630566000000,0.059
1630569600000,0.086
1630573200000,0.114
1630576800000,0.133
1630580400000,0.147
1630584000000,0.156
1630587600000,0.188
1630591200000,0.205
1630594800000,0.217
1630598400000,0.202
1630602000000,0.178
1630605600000,0.159
1630609200000,0.13
1630612800000,0.096
1630616400000,0.079
1630620000000,0.058
1630623600000,0.028
1630627200000,0.018
1630630800000,0.031
1630634400000,0.061
1630638000000,0.086
1630641600000,0.101
1630645200000,0.118
1630648800000,0.139
1630652400000,0.159
1630656000000,0.167
1630659600000,0.163
1630663200000,0.175
1630666800000,0.182
1630670400000,0.187
1630674000000,0.179
1630677600000,0.156
1630681200000,0.13
1630684800000,0.112
1630688400000,0.098
1630692000000,0.081
1630695600000,0.063
1630699200000,0.047
1630702800000,0.036
1630706400000,0.025
1630710000000,0.021
1630713600000,0.018
1630717200000,0.017
1630720800000,0.02
1630724400000,0.027
1630728000000,0.046
1630731600000,0.071
1630735200000,0.101
1630738800000,0.133
1630742400000,0.167
1630746000000,0.167
1630749600000,0.174
1630753200000,0.162
1630756800000,0.121
1630760400000,0.082
1630764000000,0.068
1630767600000,0.076
1630771200000,0.074
1630774800000,0.059
1630778400000,0.047
1630782000000,0.035
1630785600000,0.026
1630789200000,0.018
1630792800000,0.01
1630796400000,0.01
1630800000000,0.005
1630803600000,0.003
1630807200000,0.002
1630810800000,0.005
1630814400000,0.012
1630818000000,0.02
1630821600000,0.031
1630825200000,0.053
1630828800000,0.079
1630832400000,0.099
1630836000000,0.102
1630839600000,0.092
1630843200000,0.095
1630846800000,0.09
1630850400000,0.081
1630854000000,0.068
1630857600000,0.054
1630861200000,0.042
1630864800000,0.033
1630868400000,0.022
1630872000000,0.016
1630875600000,0.011
1630879200000,0.006
1630882800000,0.002
1630886400000,0.0
1630890000000,0.0
1630893600000,0.0
1630897200000,0.0
1630900800000,0.0
1630904400000,0.0
1630908000000,0.0
1630911600000,0.0
1630915200000,0.0
1630918800000,0.0
1630922400000,0.0
1630926000000,0.0
1630929600000,0.001
1630933200000,0.006
1630936800000,0.021
1630940400000,0.039
1630944000000,0.049
1630947600000,0.045
1630951200000,0.033
1630954800000,0.019
1630958400000,0.008
1630962000000,0.004
1630965600000,0.003
1630969200000,0.002
1630972800000,0.002
1630976400000,0.001
1630980000000,0.001
1630983600000,0.0
1630987200000,0.0
1630990800000,0.0
1630994400000,0.0
1630998000000,0.001
1631001600000,0.004
1631005200000,0.005
1631008800000,0.012
1631012400000,0.026
1631016000000,0.029
1631019600000,0.019
1631023200000,0.015
1631026800000,0.024
1631030400000,0.036
1631034000000,0.045
1631037600000,0.044
1631041200000,0.033
1631044800000,0.017
1631048400000,0.006
1631052000000,0.001
1631055600000,0.0
1631059200000,0.002
1631062800000,0.008
1631066400000,0.012
1631070000000,0.027
1631073600000,0.047
1631077200000,0.066
1631080800000,0.09
1631084400000,0.119
1631088000000,0.164
1631091600000,0.231
1631095200000,0.338
1631098800000,0.503
1631102400000,0.642
1631106000000,0.692
1631109600000,0.725
1631113200000,0.751
1631116800000,0.763
1631120400000,0.816
1631124000000,0.832
1631127600000,0.862
1631131200000,0.848
1631134800000,0.737
1631138400000,0.527
1631142000000,0.323
1631145600000,0.32
1631149200000,0.326
1631152800000,0.333
1631156400000,0.337
1631160000000,0.334
1631163600000,0.302
1631167200000,0.251
1631170800000,0.2
1631174400000,0.163
1631178000000,0.153
1631181600000,0.177
1631185200000,0.171
1631188800000,0.155
1631192400000,0.144
1631196000000,0.148
1631199600000,0.155
1631203200000,0.155
1631206800000,0.144
1631210400000,0.143
1631214000000,0.144
1631217600000,0.137
1631221200000,0.125
1631224800000,0.112
1631228400000,0.089
1631232000000,0.089
1631235600000,0.071
1631239200000,0.07
1631242800000,0.125
1631246400000,0.248
1631250000000,0.398
1631253600000,0.559
1631257200000,0.668
1631260800000,0.618
1631264400000,0.429
1631268000000,0.305
1631271600000,0.281
1631275200000,0.314
1631278800000,0.347
1631282400000,0.346
1631286000000,0.31
1631289600000,0.224
1631293200000,0.198
1631296800000,0.229
1631300400000,0.289
1631304000000,0.322
1631307600000,0.325
1631311200000,0.32
1631314800000,0.28
1631318400000,0.352
1631322000000,0.447
1631325600000,0.485
1631329200000,0.508
1631332800000,0.56
1631336400000,0.61
1631340000000,0.617
1631343600000,0.563
1631347200000,0.484
1631350800000,0.422
1631354400000,0.335
1631358000000,0.326
1631361600000,0.332
1631365200000,0.343
1631368800000,0.315
1631372400000,0.291
1631376000000,0.272
1631379600000,0.245
1631383200000,0.218
1631386800000,0.192
1631390400000,0.213
1631394000000,0.205
1631397600000,0.201
1631401200000,0.188
1631404800000,0.226
1631408400000,0.301
1631412000000,0.378
1631415600000,0.427
1631419200000,0.484
1631422800000,0.528
1631426400000,0.517
1631430000000,0.47
1631433600000,0.442
1631437200000,0.407
1631440800000,0.327
1631444400000,0.239
1631448000000,0.211
1631451600000,0.218
1631455200000,0.212
1631458800000,0.209
1631462400000,0.195
1631466000000,0.198
1631469600000,0.192
1631473200000,0.181
1631476800000,0.169
1631480400000,0.151
1631484000000,0.13
1631487600000,0.097
1631491200000,0.106
1631494800000,0.116
1631498400000,0.112
1631502000000,0.112
1631505600000,0.113
1631509200000,0.104
1631512800000,0.087
1631516400000,0.073
1631520000000,0.054
1631523600000,0.026
1631527200000,0.015
1631530800000,0.007
1631534400000,0.004
1631538000000,0.002
1631541600000,0.001
1631545200000,0.002
1631548800000,0.005
1631552400000,0.011
1631556000000,0.014
1631559600000,0.013
1631563200000,0.017
1631566800000,0.031
1631570400000,0.047
1631574000000,0.028
1631577600000,0.015
1631581200000,0.009
1631584800000,0.007
1631588400000,0.005
1631592000000,0.003
1631595600000,0.003
1631599200000,0.002
1631602800000,0.001
1631606400000,0.001
1631610000000,0.002
1631613600000,0.002
1631617200000,0.003
1631620800000,0.005
1631624400000,0.007
1631628000000,0.008
1631631600000,0.006
1631635200000,0.004
1631638800000,0.003
1631642400000,0.003
1631646000000,0.004
1631649600000,0.005
1631653200000,0.006
1631656800000,0.006
1631660400000,0.006
1631664000000,0.008
1631667600000,0.006
1631671200000,0.003
1631674800000,0.001
1631678400000,0.0
1631682000000,0.0
1631685600000,0.0
1631689200000,0.0
1631692800000,0.0
1631696400000,0.001
1631700000000,0.003
1631703600000,0.003
1631707200000,0.003
1631710800000,0.005
1631714400000,0.012
1631718000000,0.018
1631721600000,0.008
1631725200000,0.008
1631728800000,0.006
1631732400000,0.004
1631736000000,0.007
1631739600000,0.013
1631743200000,0.017
1631746800000,0.015
1631750400000,0.017
1631754000000,0.013
1631757600000,0.007
1631761200000,0.004
1631764800000,0.002
1631768400000,0.001
1631772000000,0.001
1631775600000,0.002
1631779200000,0.003
1631782800000,0.005
1631786400000,0.009
1631790000000,0.01
1631793600000,0.011
1631797200000,0.013
1631800800000,0.006
1631804400000,0.002
1631808000000,0.0
1631811600000,0.0
1631815200000,0.0
1631818800000,0.0
1631822400000,0.002
1631826000000,0.008
1631829600000,0.01
1631833200000,0.029
1631836800000,0.061
1631840400000,0.064
1631844000000,0.05
1631847600000,0.035
1631851200000,0.03
1631854800000,0.03
1631858400000,0.029
1631862000000,0.027
1631865600000,0.027
1631869200000,0.022
1631872800000,0.012
1631876400000,0.008
1631880000000,0.007
1631883600000,0.006
1631887200000,0.006
1631890800000,0.011
1631894400000,0.021
1631898000000,0.041
1631901600000,0.058
1631905200000,0.076
1631908800000,0.106
1631912400000,0.118
1631916000000,0.119
1631919600000,0.121
1631923200000,0.146
1631926800000,0.153
1631930400000,0.167
1631934000000,0.192
1631937600000,0.191
1631941200000,0.168
1631944800000,0.127
1631948400000,0.082
1631952000000,0.069
1631955600000,0.049
1631959200000,0.031
1631962800000,0.027
1631966400000,0.026
1631970000000,0.025
1631973600000,0.021
1631977200000,0.022
1631980800000,0.025
1631984400000,0.028
1631988000000,0.034
1631991600000,0.042
1631995200000,0.052
1631998800000,0.055
1632002400000,0.053
1632006000000,0.05
1632009600000,0.1
1632013200000,0.118
1632016800000,0.116
1632020400000,0.124
1632024000000,0.138
1632027600000,0.133
1632031200000,0.118
1632034800000,0.108
1632038400000,0.097
1632042000000,0.083
1632045600000,0.076
1632049200000,0.062
1632052800000,0.035
1632056400000,0.007
1632060000000,0.0
1632063600000,0.0
1632067200000,0.0
1632070800000,0.0
1632074400000,0.001
1632078000000,0.002
1632081600000,0.002
1632085200000,0.002
1632088800000,0.001
1632092400000,0.001
1632096000000,0.003
1632099600000,0.004
1632103200000,0.003
1632106800000,0.002
1632110400000,0.002
1632114000000,0.001
1632117600000,0.001
1632121200000,0.0
1632124800000,0.001
1632128400000,0.001
1632132000000,0.001
1632135600000,0.002
1632139200000,0.005
1632142800000,0.008
1632146400000,0.008
1632150000000,0.006
1632153600000,0.007
1632157200000,0.008
1632160800000,0.008
1632164400000,0.007
1632168000000,0.005
1632171600000,0.004
1632175200000,0.005
1632178800000,0.012
1632182400000,0.035
1632186000000,0.049
1632189600000,0.059
1632193200000,0.061
1632196800000,0.057
1632200400000,0.054
1632204000000,0.061
1632207600000,0.076
1632211200000,0.096
1632214800000,0.07
1632218400000,0.051
1632222000000,0.049
1632225600000,0.052
1632229200000,0.061
1632232800000,0.07
1632236400000,0.084
1632240000000,0.104
1632243600000,0.118
1632247200000,0.125
1632250800000,0.137
1632254400000,0.16
1632258000000,0.157
1632261600000,0.144
1632265200000,0.14
1632268800000,0.225
1632272400000,0.284
1632276000000,0.3
1632279600000,0.303
1632283200000,0.278
1632286800000,0.233
1632290400000,0.196
1632294000000,0.171
1632297600000,0.168
1632301200000,0.146
1632304800000,0.148
1632308400000,0.158
1632312000000,0.179
1632315600000,0.199
1632319200000,0.214
1632322800000,0.209
1632326400000,0.195
1632330000000,0.175
1632333600000,0.154
1632337200000,0.137
1632340800000,0.122
1632344400000,0.117
1632348000000,0.107
1632351600000,0.088
1632355200000,0.14
1632358800000,0.154
1632362400000,0.133
1632366000000,0.096
1632369600000,0.059
1632373200000,0.032
1632376800000,0.016
1632380400000,0.007
1632384000000,0.006
1632387600000,0.005
1632391200000,0.005
1632394800000,0.008
1632398400000,0.01
1632402000000,0.01
1632405600000,0.008
1632409200000,0.006
1632412800000,0.007
1632416400000,0.007
1632420000000,0.009
1632423600000,0.015
1632427200000,0.022
1632430800000,0.024
1632434400000,0.02
1632438000000,0.029
1632441600000,0.05
1632445200000,0.057
1632448800000,0.062
1632452400000,0.074
1632456000000,0.093
1632459600000,0.115
1632463200000,0.147
1632466800000,0.181
1632470400000,0.208
1632474000000,0.171
1632477600000,0.118
1632481200000,0.095
1632484800000,0.079
1632488400000,0.063
1632492000000,0.049
1632495600000,0.038
1632499200000,0.028
1632502800000,0.022
1632506400000,0.02
1632510000000,0.017
1632513600000,0.015
1632517200000,0.015
1632520800000,0.014
1632524400000,0.019
1632528000000,0.053
1632531600000,0.057
1632535200000,0.051
1632538800000,0.041
1632542400000,0.027
1632546000000,0.017
1632549600000,0.012
1632553200000,0.01
1632556800000,0.015
1632560400000,0.011
1632564000000,0.004
1632567600000,0.003
1632571200000,0.006
1632574800000,0.008
1632578400000,0.005
1632582000000,0.003
1632585600000,0.002
1632589200000,0.002
1632592800000,0.002
1632596400000,0.001
1632600000000,0.001
1632603600000,0.001
1632607200000,0.0
1632610800000,0.0
1632614400000,0.001
1632618000000,0.0
1632621600000,0.0
1632625200000,0.0
1632628800000,0.0
1632632400000,0.0
1632636000000,0.0
1632639600000,0.004
1632643200000,0.015
1632646800000,0.03
1632650400000,0.043
1632654000000,0.046
1632657600000,0.038
1632661200000,0.029
1632664800000,0.019
1632668400000,0.01
1632672000000,0.004
1632675600000,0.001
1632679200000,0.0
1632682800000,0.0
1632686400000,0.001
1632690000000,0.005
1632693600000,0.009
1632697200000,0.017
1632700800000,0.022
1632704400000,0.012
1632708000000,0.005
1632711600000,0.001
1632715200000,0.0
1632718800000,0.0
1632722400000,0.0
1632726000000,0.0
1632729600000,0.004
1632733200000,0.011
1632736800000,0.023
1632740400000,0.025
1632744000000,0.026
1632747600000,0.033
1632751200000,0.045
1632754800000,0.065
1632758400000,0.059
1632762000000,0.067
1632765600000,0.067
1632769200000,0.029
1632772800000,0.005
1632776400000,0.0
1632780000000,0.0
1632783600000,0.0
1632787200000,0.0
1632790800000,0.002
1632794400000,0.009
1632798000000,0.02
1632801600000,0.038
1632805200000,0.071
1632808800000,0.109
1632812400000,0.132
1632816000000,0.132
1632819600000,0.114
1632823200000,0.106
1632826800000,0.099
1632830400000,0.09
1632834000000,0.075
1632837600000,0.056
1632841200000,0.039
1632844800000,0.042
1632848400000,0.041
1632852000000,0.034
1632855600000,0.025
1632859200000,0.02
1632862800000,0.016
1632866400000,0.008
1632870000000,0.002
1632873600000,0.0
1632877200000,0.0
1632880800000,0.0
1632884400000,0.0
1632888000000,0.003
1632891600000,0.011
1632895200000,0.018
1632898800000,0.021
1632902400000,0.021
1632906000000,0.018
1632909600000,0.022
1632913200000,0.024
1632916800000,0.027
1632920400000,0.03
1632924000000,0.035
1632927600000,0.034
1632931200000,0.03
1632934800000,0.023
1632938400000,0.015
1632942000000,0.009
1632945600000,0.003
1632949200000,0.001
1632952800000,0.0
1632956400000,0.0
1632960000000,0.0
1632963600000,0.0
1632967200000,0.0
1632970800000,0.003
1632974400000,0.015
1632978000000,0.036
1632981600000,0.057
1632985200000,0.069
1632988800000,0.069
1632992400000,0.054
1632996000000,0.037
1632999600000,0.025
1633003200000,0.017
1633006800000,0.013
1633010400000,0.01
1633014000000,0.005
1633017600000,0.003
1633021200000,0.002
1633024800000,0.003
1633028400000,0.003
1633032000000,0.001
1633035600000,0.0
1633039200000,0.0
1633042800000,0.0
1633046400000,0.0
1633050000000,0.0
1633053600000,0.0
1633057200000,0.0
1633060800000,0.0
1633064400000,0.0
1633068000000,0.002
1633071600000,0.009
1633075200000,0.017
1633078800000,0.021
1633082400000,0.023
1633086000000,0.018
1633089600000,0.012
1633093200000,0.008
1633096800000,0.007
1633100400000,0.005
1633104000000,0.003
1633107600000,0.002
1633111200000,0.001
1633114800000,0.003
1633118400000,0.007
1633122000000,0.009
1633125600000,0.008
1633129200000,0.006
1633132800000,0.006
1633136400000,0.004
1633140000000,0.001
1633143600000,0.001
1633147200000,0.0
1633150800000,0.0
1633154400000,0.0
1633158000000,0.0
1633161600000,0.002
1633165200000,0.009
1633168800000,0.021
1633172400000,0.043
1633176000000,0.066
1633179600000,0.055
1633183200000,0.025
1633186800000,0.01
1633190400000,0.013
1633194000000,0.018
1633197600000,0.026
1633201200000,0.031
1633204800000,0.038
1633208400000,0.046
1633212000000,0.059
1633215600000,0.077
1633219200000,0.146
1633222800000,0.169
1633226400000,0.161
1633230000000,0.156
1633233600000,0.154
1633237200000,0.151
1633240800000,0.153
1633244400000,0.159
1633248000000,0.165
1633251600000,0.112
1633255200000,0.086
1633258800000,0.078
1633262400000,0.074
1633266000000,0.064
1633269600000,0.044
1633273200000,0.04
1633276800000,0.049
1633280400000,0.058
1633284000000,0.066
1633287600000,0.067
1633291200000,0.061
1633294800000,0.058
1633298400000,0.089
1633302000000,0.076
1633305600000,0.068
1633309200000,0.078
1633312800000,0.088
1633316400000,0.115
1633320000000,0.146
1633323600000,0.164
1633327200000,0.174
1633330800000,0.161
1633334400000,0.113
1633338000000,0.051
1633341600000,0.034
1633345200000,0.041
1633348800000,0.035
1633352400000,0.018
1633356000000,0.008
1633359600000,0.004
1633363200000,0.004
1633366800000,0.005
1633370400000,0.005
1633374000000,0.005
1633377600000,0.005
1633381200000,0.005
1633384800000,0.006
1633388400000,0.011
1633392000000,0.028
1633395600000,0.057
1633399200000,0.068
1633402800000,0.075
1633406400000,0.093
1633410000000,0.091
1633413600000,0.078
1633417200000,0.07
1633420800000,0.071
1633424400000,0.036
1633428000000,0.018
1633431600000,0.008
1633435200000,0.006
1633438800000,0.006
1633442400000,0.006
1633446000000,0.018
1633449600000,0.073
1633453200000,0.112
1633456800000,0.152
1633460400000,0.193
1633464000000,0.225
1633467600000,0.213
1633471200000,0.196
1633474800000,0.155
1633478400000,0.138
1633482000000,0.137
1633485600000,0.094
1633489200000,0.064
1633492800000,0.053
1633496400000,0.046
1633500000000,0.057
1633503600000,0.082
1633507200000,0.111
1633510800000,0.118
1633514400000,0.118
1633518000000,0.117
1633521600000,0.111
1633525200000,0.1
1633528800000,0.088
1633532400000,0.089
1633536000000,0.095
1633539600000,0.107
1633543200000,0.122
1633546800000,0.145
1633550400000,0.164
1633554000000,0.154
1633557600000,0.126
1633561200000,0.119
1633564800000,0.142
1633568400000,0.157
1633572000000,0.146
1633575600000,0.126
1633579200000,0.107
1633582800000,0.088
1633586400000,0.07
1633590000000,0.058
1633593600000,0.057
1633597200000,0.073
1633600800000,0.089
1633604400000,0.103
1633608000000,0.118
1633611600000,0.12
1633615200000,0.103
1633618800000,0.093
1633622400000,0.087
1633626000000,0.082
1633629600000,0.075
1633633200000,0.073
1633636800000,0.078
1633640400000,0.077
1633644000000,0.073
1633647600000,0.061
1633651200000,0.07
1633654800000,0.073
1633658400000,0.078
1633662000000,0.082
1633665600000,0.082
1633669200000,0.083
1633672800000,0.083
1633676400000,0.078
1633680000000,0.071
1633683600000,0.067
1633687200000,0.069
1633690800000,0.069
1633694400000,0.06
1633698000000,0.039
1633701600000,0.017
1633705200000,0.008
1633708800000,0.006
1633712400000,0.007
1633716000000,0.01
1633719600000,0.015
1633723200000,0.014
1633726800000,0.008
1633730400000,0.004
1633734000000,0.004
1633737600000,0.008
1633741200000,0.007
1633744800000,0.01
1633748400000,0.021
1633752000000,0.046
1633755600000,0.077
1633759200000,0.101
1633762800000,0.114
1633766400000,0.122
1633770000000,0.108
1633773600000,0.093
1633777200000,0.086
1633780800000,0.062
1633784400000,0.045
1633788000000,0.034
1633791600000,0.037
1633795200000,0.079
1633798800000,0.143
1633802400000,0.145
1633806000000,0.085
1633809600000,0.029
1633813200000,0.006
1633816800000,0.002
1633820400000,0.006
1633824000000,0.017
1633827600000,0.025
1633831200000,0.045
1633834800000,0.092
1633838400000,0.164
1633842000000,0.272
1633845600000,0.38
1633849200000,0.433
1633852800000,0.403
1633856400000,0.332
1633860000000,0.309
1633863600000,0.324
1633867200000,0.343
1633870800000,0.358
1633874400000,0.433
1633878000000,0.549
1633881600000,0.583
1633885200000,0.607
1633888800000,0.623
1633892400000,0.645
1633896000000,0.655
1633899600000,0.668
1633903200000,0.629
1633906800000,0.586
1633910400000,0.686
1633914000000,0.819
1633917600000,0.884
1633921200000,0.924
1633924800000,0.944
1633928400000,0.953
1633932000000,0.952
1633935600000,0.945
1633939200000,0.943
1633942800000,0.955
1633946400000,0.959
1633950000000,0.962
1633953600000,0.964
1633957200000,0.972
1633960800000,0.981
1633964400000,0.968
1633968000000,0.933
1633971600000,0.88
1633975200000,0.788
1633978800000,0.75
1633982400000,0.741
1633986000000,0.746
1633989600000,0.75
1633993200000,0.786
1633996800000,0.813
1634000400000,0.868
1634004000000,0.942
1634007600000,0.978
1634011200000,0.989
1634014800000,0.991
1634018400000,0.985
1634022000000,0.961
1634025600000,0.942
1634029200000,0.945
1634032800000,0.939
1634036400000,0.924
1634040000000,0.895
1634043600000,0.846
1634047200000,0.798
1634050800000,0.782
1634054400000,0.781
1634058000000,0.763
1634061600000,0.613
1634065200000,0.427
1634068800000,0.284
1634072400000,0.201
1634076000000,0.148
1634079600000,0.09
1634083200000,0.074
1634086800000,0.083
1634090400000,0.097
1634094000000,0.101
1634097600000,0.118
1634101200000,0.123
1634104800000,0.11
1634108400000,0.073
1634112000000,0.042
1634115600000,0.025
1634119200000,0.021
1634122800000,0.021
1634126400000,0.025
1634130000000,0.035
1634133600000,0.041
1634137200000,0.059
1634140800000,0.078
1634144400000,0.079
1634148000000,0.066
1634151600000,0.047
1634155200000,0.028
1634158800000,0.013
1634162400000,0.008
1634166000000,0.007
1634169600000,0.014
1634173200000,0.018
1634176800000,0.021
1634180400000,0.024
1634184000000,0.024
1634187600000,0.019
1634191200000,0.015
1634194800000,0.013
1634198400000,0.012
1634202000000,0.012
1634205600000,0.014
1634209200000,0.016
1634212800000,0.013
1634216400000,0.005
1634220000000,0.003
1634223600000,0.005
1634227200000,0.01
1634230800000,0.022
1634234400000,0.037
1634238000000,0.035
1634241600000,0.029
1634245200000,0.017
1634248800000,0.008
1634252400000,0.003
1634256000000,0.002
1634259600000,0.002
1634263200000,0.001
1634266800000,0.0
1634270400000,0.0
1634274000000,0.0
1634277600000,0.0
1634281200000,0.005
1634284800000,0.03
1634288400000,0.048
1634292000000,0.069
1634295600000,0.089
1634299200000,0.076
1634302800000,0.056
1634306400000,0.064
1634310000000,0.101
1634313600000,0.137
1634317200000,0.145
1634320800000,0.147
1634324400000,0.132
1634328000000,0.112
1634331600000,0.111
1634335200000,0.112
1634338800000,0.143
1634342400000,0.28
1634346000000,0.369
1634349600000,0.41
1634353200000,0.42
1634356800000,0.408
1634360400000,0.385
1634364000000,0.346
1634367600000,0.291
1634371200000,0.206
1634374800000,0.158
1634378400000,0.137
1634382000000,0.099
1634385600000,0.074
1634389200000,0.059
1634392800000,0.061
1634396400000,0.07
1634400000000,0.073
1634403600000,0.066
1634407200000,0.065
1634410800000,0.083
1634414400000,0.075
1634418000000,0.05
1634421600000,0.034
1634425200000,0.043
1634428800000,0.103
1634432400000,0.138
1634436000000,0.144
1634439600000,0.146
1634443200000,0.156
1634446800000,0.149
1634450400000,0.131
1634454000000,0.106
1634457600000,0.084
1634461200000,0.055
1634464800000,0.036
1634468400000,0.029
1634472000000,0.028
1634475600000,0.026
1634479200000,0.029
1634482800000,0.048
1634486400000,0.062
1634490000000,0.079
1634493600000,0.104
1634497200000,0.134
1634500800000,0.176
1634504400000,0.173
1634508000000,0.165
1634511600000,0.188
1634515200000,0.305
1634518800000,0.332
1634522400000,0.27
1634526000000,0.219
1634529600000,0.19
1634533200000,0.163
1634536800000,0.134
1634540400000,0.106
1634544000000,0.084
1634547600000,0.054
1634551200000,0.032
1634554800000,0.027
1634558400000,0.027
1634562000000,0.026
1634565600000,0.023
1634569200000,0.019
1634572800000,0.018
1634576400000,0.021
1634580000000,0.025
1634583600000,0.035
1634587200000,0.058
1634590800000,0.08
1634594400000,0.079
1634598000000,0.071
1634601600000,0.117
1634605200000,0.125
1634608800000,0.105
1634612400000,0.091
1634616000000,0.079
1634619600000,0.063
1634623200000,0.047
1634626800000,0.036
1634630400000,0.035
1634634000000,0.038
1634637600000,0.042
1634641200000,0.06
1634644800000,0.079
1634648400000,0.083
1634652000000,0.091
1634655600000,0.1
1634659200000,0.109
1634662800000,0.114
1634666400000,0.125
1634670000000,0.137
1634673600000,0.141
1634677200000,0.144
1634680800000,0.143
1634684400000,0.145
1634688000000,0.243
1634691600000,0.248
1634695200000,0.2
1634698800000,0.156
1634702400000,0.128
1634706000000,0.1
1634709600000,0.076
1634713200000,0.058
1634716800000,0.047
1634720400000,0.028
1634724000000,0.013
1634727600000,0.007
1634731200000,0.003
1634734800000,0.001
1634738400000,0.0
1634742000000,0.0
1634745600000,0.0
1634749200000,0.0
1634752800000,0.005
1634756400000,0.02
1634760000000,0.022
1634763600000,0.01
1634767200000,0.005
1634770800000,0.003
1634774400000,0.005
1634778000000,0.004
1634781600000,0.001
1634785200000,0.001
1634788800000,0.002
1634792400000,0.006
1634796000000,0.016
1634799600000,0.028
1634803200000,0.037
1634806800000,0.036
1634810400000,0.034
1634814000000,0.03
1634817600000,0.036
1634821200000,0.045
1634824800000,0.05
1634828400000,0.051
1634832000000,0.045
1634835600000,0.034
1634839200000,0.019
1634842800000,0.009
1634846400000,0.009
1634850000000,0.012
1634853600000,0.018
1634857200000,0.023
1634860800000,0.039
1634864400000,0.047
1634868000000,0.043
1634871600000,0.035
1634875200000,0.027
1634878800000,0.022
1634882400000,0.017
1634886000000,0.011
1634889600000,0.01
1634893200000,0.007
1634896800000,0.004
1634900400000,0.005
1634904000000,0.009
1634907600000,0.014
1634911200000,0.016
1634914800000,0.017
1634918400000,0.017
1634922000000,0.022
1634925600000,0.032
1634929200000,0.038
1634932800000,0.042
1634936400000,0.041
1634940000000,0.042
1634943600000,0.039
1634947200000,0.126
1634950800000,0.22
1634954400000,0.249
1634958000000,0.264
1634961600000,0.271
1634965200000,0.26
1634968800000,0.244
1634972400000,0.21
1634976000000,0.182
1634979600000,0.141
1634983200000,0.12
1634986800000,0.099
1634990400000,0.085
1634994000000,0.078
1634997600000,0.075
1635001200000,0.085
1635004800000,0.112
1635008400000,0.131
1635012000000,0.138
1635015600000,0.141
1635019200000,0.14
1635022800000,0.121
1635026400000,0.097
1635030000000,0.077
1635033600000,0.107
1635037200000,0.168
1635040800000,0.197
1635044400000,0.251
1635048000000,0.225
1635051600000,0.211
1635055200000,0.218
1635058800000,0.228
1635062400000,0.212
1635066000000,0.162
1635069600000,0.123
1635073200000,0.081
1635076800000,0.045
1635080400000,0.019
1635084000000,0.009
1635087600000,0.012
1635091200000,0.025
1635094800000,0.043
1635098400000,0.06
1635102000000,0.075
1635105600000,0.093
1635109200000,0.102
1635112800000,0.108
1635116400000,0.111
1635120000000,0.197
1635123600000,0.276
1635127200000,0.28
1635130800000,0.272
1635134400000,0.26
1635138000000,0.225
1635141600000,0.194
1635145200000,0.181
1635148800000,0.159
1635152400000,0.124
1635156000000,0.121
1635159600000,0.13
1635163200000,0.138
1635166800000,0.142
1635170400000,0.145
1635174000000,0.167
1635177600000,0.193
1635181200000,0.211
1635184800000,0.21
1635188400000,0.209
1635192000000,0.207
1635195600000,0.182
1635199200000,0.148
1635202800000,0.118
1635206400000,0.187
1635210000000,0.237
1635213600000,0.232
1635217200000,0.214
1635220800000,0.181
1635224400000,0.14
1635228000000,0.109
1635231600000,0.093
1635235200000,0.093
1635238800000,0.082
1635242400000,0.076
1635246000000,0.074
1635249600000,0.068
1635253200000,0.059
1635256800000,0.05
1635260400000,0.047
1635264000000,0.053
1635267600000,0.065
1635271200000,0.07
1635274800000,0.061
1635278400000,0.045
1635282000000,0.034
1635285600000,0.028
1635289200000,0.027
1635292800000,0.073
1635296400000,0.099
1635300000000,0.084
1635303600000,0.065
1635307200000,0.05
1635310800000,0.035
1635314400000,0.025
1635318000000,0.022
1635321600000,0.024
1635325200000,0.016
1635328800000,0.011
1635332400000,0.015
1635336000000,0.027
1635339600000,0.04
1635343200000,0.052
1635346800000,0.07
1635350400000,0.09
1635354000000,0.109
1635357600000,0.127
1635361200000,0.157
1635364800000,0.188
1635368400000,0.184
1635372000000,0.168
1635375600000,0.169
1635379200000,0.32
1635382800000,0.373
1635386400000,0.341
1635390000000,0.325
1635393600000,0.338
1635397200000,0.344
1635400800000,0.337
1635404400000,0.309
1635408000000,0.264
1635411600000,0.194
1635415200000,0.167
1635418800000,0.158
1635422400000,0.154
1635426000000,0.149
1635429600000,0.15
1635433200000,0.144
1635436800000,0.142
1635440400000,0.151
1635444000000,0.168
1635447600000,0.19
1635451200000,0.21
1635454800000,0.217
1635458400000,0.204
1635462000000,0.167
1635465600000,0.36
1635469200000,0.42
1635472800000,0.377
1635476400000,0.345
1635480000000,0.327
1635483600000,0.308
1635487200000,0.284
1635490800000,0.253
1635494400000,0.214
1635498000000,0.163
1635501600000,0.144
1635505200000,0.138
1635508800000,0.119
1635512400000,0.099
1635516000000,0.086
1635519600000,0.093
1635523200000,0.108
1635526800000,0.12
1635530400000,0.125
1635534000000,0.123
1635537600000,0.117
1635541200000,0.101
1635544800000,0.082
1635548400000,0.052
1635552000000,0.143
1635555600000,0.14
1635559200000,0.102
1635562800000,0.087
1635566400000,0.084
1635570000000,0.079
1635573600000,0.071
1635577200000,0.068
1635580800000,0.076
1635584400000,0.066
1635588000000,0.054
1635591600000,0.049
1635595200000,0.048
1635598800000,0.048
1635602400000,0.047
1635606000000,0.07
1635609600000,0.124
1635613200000,0.182
1635616800000,0.226
1635620400000,0.259
1635624000000,0.252
1635627600000,0.204
1635631200000,0.16
1635634800000,0.149
1635638400000,0.282
1635642000000,0.289
1635645600000,0.241
1635649200000,0.208
1635652800000,0.187
1635656400000,0.167
1635660000000,0.155
1635663600000,0.154
1635667200000,0.168
1635670800000,0.152
1635674400000,0.146
1635678000000,0.132
1635681600000,0.102
1635685200000,0.069
1635688800000,0.043
1635692400000,0.031
1635696000000,0.025
1635699600000,0.031
1635703200000,0.058
1635706800000,0.088
1635710400000,0.115
1635714000000,0.122
1635717600000,0.108
1635721200000,0.095
1635724800000,0.169
1635728400000,0.206
1635732000000,0.181
1635735600000,0.161
1635739200000,0.156
1635742800000,0.149
1635746400000,0.142
1635750000000,0.124
1635753600000,0.109
1635757200000,0.059
1635760800000,0.035
1635764400000,0.041
1635768000000,0.056
1635771600000,0.068
1635775200000,0.071
1635778800000,0.083
1635782400000,0.087
1635786000000,0.086
1635789600000,0.09
1635793200000,0.102
1635796800000,0.127
1635800400000,0.163
1635804000000,0.185
1635807600000,0.194
1635811200000,0.349
1635814800000,0.434
1635818400000,0.427
1635822000000,0.414
1635825600000,0.407
1635829200000,0.393
1635832800000,0.374
1635836400000,0.335
1635840000000,0.271
1635843600000,0.184
1635847200000,0.155
1635850800000,0.153
1635854400000,0.14
1635858000000,0.139
1635861600000,0.135
1635865200000,0.147
1635868800000,0.148
1635872400000,0.132
1635876000000,0.119
1635879600000,0.11
1635883200000,0.113
1635886800000,0.118
1635890400000,0.112
1635894000000,0.095
1635897600000,0.205
1635901200000,0.259
1635904800000,0.243
1635908400000,0.233
1635912000000,0.237
1635915600000,0.242
1635919200000,0.245
1635922800000,0.241
1635926400000,0.225
1635930000000,0.179
1635933600000,0.144
1635937200000,0.124
1635940800000,0.11
1635944400000,0.105
1635948000000,0.086
1635951600000,0.076
1635955200000,0.07
1635958800000,0.062
1635962400000,0.06
1635966000000,0.066
1635969600000,0.074
1635973200000,0.08
1635976800000,0.084
1635980400000,0.093
1635984000000,0.233
1635987600000,0.258
1635991200000,0.204
1635994800000,0.163
1635998400000,0.138
1636002000000,0.118
1636005600000,0.1
1636009200000,0.087
1636012800000,0.082
1636016400000,0.058
1636020000000,0.034
1636023600000,0.026
1636027200000,0.029
1636030800000,0.03
1636034400000,0.036
1636038000000,0.05
1636041600000,0.064
1636045200000,0.082
1636048800000,0.104
1636052400000,0.124
1636056000000,0.13
1636059600000,0.111
1636063200000,0.085
1636066800000,0.037
1636070400000,0.038
1636074000000,0.084
1636077600000,0.096
1636081200000,0.096
1636084800000,0.085
1636088400000,0.064
1636092000000,0.047
1636095600000,0.041
1636099200000,0.062
1636102800000,0.083
1636106400000,0.069
1636110000000,0.062
1636113600000,0.084
1636117200000,0.09
1636120800000,0.088
1636124400000,0.079
1636128000000,0.062
1636131600000,0.068
1636135200000,0.079
1636138800000,0.084
1636142400000,0.087
1636146000000,0.099
1636149600000,0.113
1636153200000,0.1
1636156800000,0.172
1636160400000,0.205
1636164000000,0.179
1636167600000,0.132
1636171200000,0.083
1636174800000,0.044
1636178400000,0.018
1636182000000,0.006
1636185600000,0.002
1636189200000,0.0
1636192800000,0.001
1636196400000,0.002
1636200000000,0.007
1636203600000,0.012
1636207200000,0.015
1636210800000,0.016
1636214400000,0.018
1636218000000,0.02
1636221600000,0.024
1636225200000,0.031
1636228800000,0.044
1636232400000,0.055
1636236000000,0.057
1636239600000,0.045
1636243200000,0.067
1636246800000,0.084
1636250400000,0.093
1636254000000,0.111
1636257600000,0.135
1636261200000,0.156
1636264800000,0.168
1636268400000,0.171
1636272000000,0.158
1636275600000,0.119
1636279200000,0.096
1636282800000,0.071
1636286400000,0.057
1636290000000,0.048
1636293600000,0.042
1636297200000,0.046
1636300800000,0.051
1636304400000,0.061
1636308000000,0.064
1636311600000,0.063
1636315200000,0.059
1636318800000,0.056
1636322400000,0.056
1636326000000,0.045
1636329600000,0.069
1636333200000,0.112
1636336800000,0.133
1636340400000,0.137
1636344000000,0.134
1636347600000,0.132
1636351200000,0.127
1636354800000,0.113
1636358400000,0.1
1636362000000,0.08
1636365600000,0.072
1636369200000,0.073
1636372800000,0.073
1636376400000,0.076
1636380000000,0.083
1636383600000,0.097
1636387200000,0.119
1636390800000,0.144
1636394400000,0.172
1636398000000,0.185
1636401600000,0.201
1636405200000,0.208
1636408800000,0.216
1636412400000,0.211
1636416000000,0.374
1636419600000,0.457
1636423200000,0.442
1636426800000,0.432
1636430400000,0.41
1636434000000,0.362
1636437600000,0.334
1636441200000,0.3
1636444800000,0.236
1636448400000,0.183
1636452000000,0.212
1636455600000,0.241
1636459200000,0.223
1636462800000,0.212
1636466400000,0.201
1636470000000,0.205
1636473600000,0.17
1636477200000,0.153
1636480800000,0.133
1636484400000,0.12
1636488000000,0.118
1636491600000,0.106
1636495200000,0.087
1636498800000,0.062
1636502400000,0.138
1636506000000,0.163
1636509600000,0.121
1636513200000,0.085
1636516800000,0.064
1636520400000,0.05
1636524000000,0.042
1636527600000,0.041
1636531200000,0.044
1636534800000,0.037
1636538400000,0.033
1636542000000,0.039
1636545600000,0.049
1636549200000,0.059
1636552800000,0.064
1636556400000,0.078
1636560000000,0.089
1636563600000,0.085
1636567200000,0.086
1636570800000,0.099
1636574400000,0.121
1636578000000,0.128
1636581600000,0.125
1636585200000,0.122
1636588800000,0.213
1636592400000,0.275
1636596000000,0.282
1636599600000,0.28
1636603200000,0.278
1636606800000,0.267
1636610400000,0.259
1636614000000,0.253
1636617600000,0.237
1636621200000,0.192
1636624800000,0.166
1636628400000,0.159
1636632000000,0.154
1636635600000,0.16
1636639200000,0.158
1636642800000,0.161
1636646400000,0.169
1636650000000,0.17
1636653600000,0.168
1636657200000,0.181
1636660800000,0.2
1636664400000,0.18
1636668000000,0.15
1636671600000,0.118
1636675200000,0.156
1636678800000,0.167
1636682400000,0.133
1636686000000,0.123
1636689600000,0.128
1636693200000,0.122
1636696800000,0.099
1636700400000,0.084
1636704000000,0.085
1636707600000,0.074
1636711200000,0.065
1636714800000,0.061
1636718400000,0.061
1636722000000,0.058
1636725600000,0.045
1636729200000,0.027
1636732800000,0.012
1636736400000,0.006
1636740000000,0.005
1636743600000,0.007
1636747200000,0.011
1636750800000,0.019
1636754400000,0.031
1636758000000,0.03
1636761600000,0.048
1636765200000,0.071
1636768800000,0.071
1636772400000,0.061
1636776000000,0.05
1636779600000,0.035
1636783200000,0.021
1636786800000,0.014
1636790400000,0.016
1636794000000,0.014
1636797600000,0.01
1636801200000,0.01
1636804800000,0.009
1636808400000,0.008
1636812000000,0.007
1636815600000,0.007
1636819200000,0.007
1636822800000,0.008
1636826400000,0.013
1636830000000,0.026
1636833600000,0.045
1636837200000,0.074
1636840800000,0.09
1636844400000,0.058
1636848000000,0.058
1636851600000,0.054
1636855200000,0.042
1636858800000,0.032
1636862400000,0.024
1636866000000,0.019
1636869600000,0.017
1636873200000,0.015
1636876800000,0.016
1636880400000,0.011
1636884000000,0.006
1636887600000,0.006
1636891200000,0.007
1636894800000,0.008
1636898400000,0.009
1636902000000,0.012
1636905600000,0.015
1636909200000,0.019
1636912800000,0.021
1636916400000,0.025
1636920000000,0.029
1636923600000,0.028
1636927200000,0.023
1636930800000,0.022
1636934400000,0.047
1636938000000,0.05
1636941600000,0.036
1636945200000,0.024
1636948800000,0.018
1636952400000,0.014
1636956000000,0.011
1636959600000,0.012
1636963200000,0.013
1636966800000,0.006
1636970400000,0.0
1636974000000,0.0
1636977600000,0.004
1636981200000,0.009
1636984800000,0.009
1636988400000,0.016
1636992000000,0.017
1636995600000,0.015
1636999200000,0.021
1637002800000,0.037
1637006400000,0.054
1637010000000,0.061
1637013600000,0.061
1637017200000,0.058
1637020800000,0.136
1637024400000,0.197
1637028000000,0.206
1637031600000,0.208
1637035200000,0.207
1637038800000,0.195
1637042400000,0.18
1637046000000,0.164
1637049600000,0.135
1637053200000,0.087
1637056800000,0.058
1637060400000,0.043
1637064000000,0.039
1637067600000,0.038
1637071200000,0.039
1637074800000,0.051
1637078400000,0.07
1637082000000,0.086
1637085600000,0.101
1637089200000,0.115
1637092800000,0.128
1637096400000,0.123
1637100000000,0.113
1637103600000,0.09
1637107200000,0.243
1637110800000,0.315
1637114400000,0.307
1637118000000,0.31
1637121600000,0.306
1637125200000,0.274
1637128800000,0.234
1637132400000,0.192
1637136000000,0.14
1637139600000,0.09
1637143200000,0.08
1637146800000,0.065
1637150400000,0.049
1637154000000,0.036
1637157600000,0.034
1637161200000,0.04
1637164800000,0.042
1637168400000,0.045
1637172000000,0.045
1637175600000,0.04
1637179200000,0.036
1637182800000,0.035
1637186400000,0.03
1637190000000,0.047
1637193600000,0.112
1637197200000,0.118
1637200800000,0.088
1637204400000,0.058
1637208000000,0.03
1637211600000,0.013
1637215200000,0.007
1637218800000,0.005
1637222400000,0.003
1637226000000,0.001
1637229600000,0.001
1637233200000,0.001
1637236800000,0.0
1637240400000,0.0
1637244000000,0.0
1637247600000,0.0
1637251200000,0.0
1637254800000,0.001
1637258400000,0.005
1637262000000,0.015
1637265600000,0.02
1637269200000,0.012
1637272800000,0.003
1637276400000,0.0
1637280000000,0.0
1637283600000,0.0
1637287200000,0.0
1637290800000,0.0
1637294400000,0.0
1637298000000,0.0
1637301600000,0.0
1637305200000,0.0
1637308800000,0.0
1637312400000,0.001
1637316000000,0.001
1637319600000,0.001
1637323200000,0.0
1637326800000,0.0
1637330400000,0.0
1637334000000,0.001
1637337600000,0.001
1637341200000,0.002
1637344800000,0.003
1637348400000,0.003
1637352000000,0.005
1637355600000,0.007
1637359200000,0.01
1637362800000,0.015
1637366400000,0.03
1637370000000,0.033
1637373600000,0.024
1637377200000,0.019
1637380800000,0.015
1637384400000,0.011
1637388000000,0.008
1637391600000,0.006
1637395200000,0.007
1637398800000,0.003
1637402400000,0.003
1637406000000,0.008
1637409600000,0.006
1637413200000,0.0
1637416800000,0.001
1637420400000,0.002
1637424000000,0.005
1637427600000,0.009
1637431200000,0.011
1637434800000,0.011
1637438400000,0.011
1637442000000,0.01
1637445600000,0.009
1637449200000,0.006
1637452800000,0.007
1637456400000,0.003
1637460000000,0.0
1637463600000,0.0
1637467200000,0.0
1637470800000,0.0
1637474400000,0.001
1637478000000,0.002
1637481600000,0.001
1637485200000,0.0
1637488800000,0.0
1637492400000,0.002
1637496000000,0.001
1637499600000,0.001
1637503200000,0.004
1637506800000,0.003
1637510400000,0.003
1637514000000,0.008
1637517600000,0.011
1637521200000,0.007
1637524800000,0.003
1637528400000,0.001
1637532000000,0.001
1637535600000,0.0
1637539200000,0.0
1637542800000,0.001
1637546400000,0.001
1637550000000,0.001
1637553600000,0.001
1637557200000,0.002
1637560800000,0.003
1637564400000,0.005
1637568000000,0.008
1637571600000,0.017
1637575200000,0.027
1637578800000,0.043
1637582400000,0.116
1637586000000,0.144
1637589600000,0.083
1637593200000,0.062
1637596800000,0.051
1637600400000,0.037
1637604000000,0.034
1637607600000,0.041
1637611200000,0.051
1637614800000,0.054
1637618400000,0.073
1637622000000,0.088
1637625600000,0.155
1637629200000,0.185
1637632800000,0.17
1637636400000,0.137
1637640000000,0.104
1637643600000,0.082
1637647200000,0.069
1637650800000,0.061
1637654400000,0.058
1637658000000,0.039
1637661600000,0.029
1637665200000,0.035
1637668800000,0.045
1637672400000,0.059
1637676000000,0.072
1637679600000,0.08
1637683200000,0.076
1637686800000,0.065
1637690400000,0.062
1637694000000,0.062
1637697600000,0.064
1637701200000,0.062
1637704800000,0.069
1637708400000,0.089
1637712000000,0.164
1637715600000,0.223
1637719200000,0.246
1637722800000,0.261
1637726400000,0.251
1637730000000,0.216
1637733600000,0.161
1637737200000,0.121
1637740800000,0.101
1637744400000,0.118
1637748000000,0.146
1637751600000,0.176
1637755200000,0.188
1637758800000,0.162
1637762400000,0.172
1637766000000,0.191
1637769600000,0.207
1637773200000,0.207
1637776800000,0.198
1637780400000,0.191
1637784000000,0.19
1637787600000,0.176
1637791200000,0.161
1637794800000,0.117
1637798400000,0.213
1637802000000,0.289
1637805600000,0.264
1637809200000,0.239
1637812800000,0.207
1637816400000,0.183
1637820000000,0.157
1637823600000,0.118
1637827200000,0.089
1637830800000,0.055
1637834400000,0.03
1637838000000,0.015
1637841600000,0.008
1637845200000,0.005
1637848800000,0.003
1637852400000,0.004
1637856000000,0.007
1637859600000,0.007
1637863200000,0.009
1637866800000,0.022
1637870400000,0.076
1637874000000,0.109
1637877600000,0.095
1637881200000,0.095
1637884800000,0.102
1637888400000,0.127
1637892000000,0.126
1637895600000,0.136
1637899200000,0.16
1637902800000,0.182
1637906400000,0.209
1637910000000,0.202
1637913600000,0.179
1637917200000,0.186
1637920800000,0.203
1637924400000,0.19
1637928000000,0.172
1637931600000,0.161
1637935200000,0.152
1637938800000,0.147
1637942400000,0.147
1637946000000,0.144
1637949600000,0.135
1637953200000,0.134
1637956800000,0.131
1637960400000,0.109
1637964000000,0.087
1637967600000,0.075
1637971200000,0.151
1637974800000,0.201
1637978400000,0.211
1637982000000,0.248
1637985600000,0.3
1637989200000,0.332
1637992800000,0.338
1637996400000,0.307
1638000000000,0.274
1638003600000,0.2
1638007200000,0.143
1638010800000,0.119
1638014400000,0.102
1638018000000,0.083
1638021600000,0.063
1638025200000,0.054
1638028800000,0.05
1638032400000,0.053
1638036000000,0.061
1638039600000,0.066
1638043200000,0.068
1638046800000,0.061
1638050400000,0.054
1638054000000,0.041
1638057600000,0.07
1638061200000,0.124
1638064800000,0.14
1638068400000,0.166
1638072000000,0.199
1638075600000,0.223
1638079200000,0.216
1638082800000,0.142
1638086400000,0.09
1638090000000,0.074
1638093600000,0.059
1638097200000,0.046
1638100800000,0.042
1638104400000,0.037
1638108000000,0.024
1638111600000,0.016
1638115200000,0.017
1638118800000,0.023
1638122400000,0.034
1638126000000,0.048
1638129600000,0.058
1638133200000,0.049
1638136800000,0.035
1638140400000,0.035
1638144000000,0.083
1638147600000,0.107
1638151200000,0.103
1638154800000,0.093
1638158400000,0.076
1638162000000,0.053
1638165600000,0.035
1638169200000,0.026
1638172800000,0.029
1638176400000,0.025
1638180000000,0.024
1638183600000,0.027
1638187200000,0.03
1638190800000,0.032
1638194400000,0.034
1638198000000,0.037
1638201600000,0.032
1638205200000,0.027
1638208800000,0.02
1638212400000,0.011
1638216000000,0.005
1638219600000,0.004
1638223200000,0.003
1638226800000,0.003
1638230400000,0.004
1638234000000,0.002
1638237600000,0.001
1638241200000,0.001
1638244800000,0.004
1638248400000,0.02
1638252000000,0.058
1638255600000,0.107
1638259200000,0.147
1638262800000,0.197
1638266400000,0.241
1638270000000,0.285
1638273600000,0.312
1638277200000,0.304
1638280800000,0.316
1638284400000,0.325
1638288000000,0.283
1638291600000,0.214
1638295200000,0.169
1638298800000,0.158
1638302400000,0.135
1638306000000,0.125
1638309600000,0.113
1638313200000,0.097
1638316800000,0.074
1638320400000,0.093
1638324000000,0.096
1638327600000,0.099
1638331200000,0.109
1638334800000,0.119
1638338400000,0.121
1638342000000,0.126
1638345600000,0.146
1638349200000,0.178
1638352800000,0.231
1638356400000,0.282
1638360000000,0.314
1638363600000,0.31
1638367200000,0.259
1638370800000,0.221
1638374400000,0.196
1638378000000,0.189
1638381600000,0.18
1638385200000,0.177
1638388800000,0.184
1638392400000,0.16
1638396000000,0.128
1638399600000,0.089
1638403200000,0.131
1638406800000,0.125
1638410400000,0.062
1638414000000,0.018
1638417600000,0.005
1638421200000,0.001
1638424800000,0.0
1638428400000,0.001
1638432000000,0.001
1638435600000,0.001
1638439200000,0.01
1638442800000,0.023
1638446400000,0.03
1638450000000,0.035
1638453600000,0.041
1638457200000,0.058
1638460800000,0.09
1638464400000,0.114
1638468000000,0.128
1638471600000,0.141
1638475200000,0.158
1638478800000,0.155
1638482400000,0.135
1638486000000,0.093
1638489600000,0.084
1638493200000,0.078
1638496800000,0.062
1638500400000,0.058
1638504000000,0.054
1638507600000,0.047
1638511200000,0.045
1638514800000,0.051
1638518400000,0.073
1638522000000,0.114
1638525600000,0.153
1638529200000,0.16
1638532800000,0.169
1638536400000,0.178
1638540000000,0.191
1638543600000,0.231
1638547200000,0.246
1638550800000,0.275
1638554400000,0.284
1638558000000,0.262
1638561600000,0.262
1638565200000,0.285
1638568800000,0.33
1638572400000,0.287
1638576000000,0.435
1638579600000,0.56
1638583200000,0.544
1638586800000,0.539
1638590400000,0.556
1638594000000,0.572
1638597600000,0.601
1638601200000,0.618
1638604800000,0.599
1638608400000,0.606
1638612000000,0.616
1638615600000,0.608
1638619200000,0.608
1638622800000,0.6
1638626400000,0.551
1638630000000,0.645
1638633600000,0.63
1638637200000,0.617
1638640800000,0.59
1638644400000,0.55
1638648000000,0.519
1638651600000,0.455
1638655200000,0.411
1638658800000,0.365
1638662400000,0.425
1638666000000,0.442
1638669600000,0.343
1638673200000,0.263
1638676800000,0.214
1638680400000,0.177
1638684000000,0.155
1638687600000,0.144
1638691200000,0.144
1638694800000,0.167
1638698400000,0.192
1638702000000,0.191
1638705600000,0.168
1638709200000,0.167
1638712800000,0.17
1638716400000,0.193
1638720000000,0.218
1638723600000,0.224
1638727200000,0.228
1638730800000,0.231
1638734400000,0.23
1638738000000,0.202
1638741600000,0.171
1638745200000,0.114
1638748800000,0.148
1638752400000,0.157
1638756000000,0.121
1638759600000,0.091
1638763200000,0.062
1638766800000,0.035
1638770400000,0.024
1638774000000,0.024
1638777600000,0.034
1638781200000,0.036
1638784800000,0.03
1638788400000,0.026
1638792000000,0.018
1638795600000,0.01
1638799200000,0.005
1638802800000,0.006
1638806400000,0.015
1638810000000,0.023
1638813600000,0.024
1638817200000,0.024
1638820800000,0.025
1638824400000,0.022
1638828000000,0.029
1638831600000,0.052
1638835200000,0.156
1638838800000,0.255
1638842400000,0.289
1638846000000,0.305
1638849600000,0.328
1638853200000,0.326
1638856800000,0.302
1638860400000,0.295
1638864000000,0.259
1638867600000,0.234
1638871200000,0.31
1638874800000,0.401
1638878400000,0.457
1638882000000,0.476
1638885600000,0.457
1638889200000,0.422
1638892800000,0.39
1638896400000,0.36
1638900000000,0.341
1638903600000,0.343
1638907200000,0.355
1638910800000,0.358
1638914400000,0.357
1638918000000,0.326
1638921600000,0.618
1638925200000,0.728
1638928800000,0.71
1638932400000,0.654
1638936000000,0.573
1638939600000,0.476
1638943200000,0.4
1638946800000,0.358
1638950400000,0.308
1638954000000,0.291
1638957600000,0.342
1638961200000,0.352
1638964800000,0.325
1638968400000,0.302
1638972000000,0.273
1638975600000,0.272
1638979200000,0.283
1638982800000,0.289
1638986400000,0.278
1638990000000,0.258
1638993600000,0.243
1638997200000,0.212
1639000800000,0.184
1639004400000,0.167
1639008000000,0.337
1639011600000,0.328
1639015200000,0.236
1639018800000,0.199
1639022400000,0.185
1639026000000,0.164
1639029600000,0.149
1639033200000,0.147
1639036800000,0.155
1639040400000,0.155
1639044000000,0.18
1639047600000,0.212
1639051200000,0.225
1639054800000,0.223
1639058400000,0.241
1639062000000,0.287
1639065600000,0.32
1639069200000,0.305
1639072800000,0.299
1639076400000,0.305
1639080000000,0.319
1639083600000,0.32
1639087200000,0.258
1639090800000,0.167
1639094400000,0.296
1639098000000,0.325
1639101600000,0.243
1639105200000,0.209
1639108800000,0.205
1639112400000,0.201
1639116000000,0.208
1639119600000,0.234
1639123200000,0.243
1639126800000,0.22
1639130400000,0.204
1639134000000,0.205
1639137600000,0.184
1639141200000,0.163
1639144800000,0.157
1639148400000,0.167
1639152000000,0.167
1639155600000,0.148
1639159200000,0.138
1639162800000,0.136
1639166400000,0.135
1639170000000,0.131
1639173600000,0.126
1639177200000,0.086
1639180800000,0.211
1639184400000,0.359
1639188000000,0.374
1639191600000,0.383
1639195200000,0.402
1639198800000,0.416
1639202400000,0.432
1639206000000,0.43
1639209600000,0.381
1639213200000,0.305
1639216800000,0.245
1639220400000,0.191
1639224000000,0.144
1639227600000,0.108
1639231200000,0.084
1639234800000,0.09
1639238400000,0.119
1639242000000,0.146
1639245600000,0.155
1639249200000,0.171
1639252800000,0.192
1639256400000,0.201
1639260000000,0.206
1639263600000,0.174
1639267200000,0.252
1639270800000,0.301
1639274400000,0.272
1639278000000,0.245
1639281600000,0.224
1639285200000,0.196
1639288800000,0.175
1639292400000,0.162
1639296000000,0.148
1639299600000,0.123
1639303200000,0.133
1639306800000,0.152
1639310400000,0.165
1639314000000,0.146
1639317600000,0.13
1639321200000,0.153
1639324800000,0.221
1639328400000,0.289
1639332000000,0.32
1639335600000,0.333
1639339200000,0.329
1639342800000,0.311
1639346400000,0.287
1639350000000,0.241
1639353600000,0.404
1639357200000,0.432
1639360800000,0.37
1639364400000,0.329
1639368000000,0.3
1639371600000,0.276
1639375200000,0.278
1639378800000,0.281
1639382400000,0.279
1639386000000,0.281
1639389600000,0.296
1639393200000,0.286
1639396800000,0.266
1639400400000,0.266
1639404000000,0.266
1639407600000,0.323
1639411200000,0.379
1639414800000,0.422
1639418400000,0.431
1639422000000,0.459
1639425600000,0.47
1639429200000,0.434
1639432800000,0.398
1639436400000,0.358
1639440000000,0.65
1639443600000,0.674
1639447200000,0.613
1639450800000,0.558
1639454400000,0.509
1639458000000,0.453
1639461600000,0.411
1639465200000,0.417
1639468800000,0.425
1639472400000,0.4
1639476000000,0.394
1639479600000,0.364
1639483200000,0.323
1639486800000,0.274
1639490400000,0.24
1639494000000,0.235
1639497600000,0.258
1639501200000,0.282
1639504800000,0.28
1639508400000,0.261
1639512000000,0.236
1639515600000,0.202
1639519200000,0.172
1639522800000,0.12
1639526400000,0.269
1639530000000,0.347
1639533600000,0.316
1639537200000,0.286
1639540800000,0.261
1639544400000,0.234
1639548000000,0.219
1639551600000,0.217
1639555200000,0.201
1639558800000,0.179
1639562400000,0.207
1639566000000,0.223
1639569600000,0.212
1639573200000,0.18
1639576800000,0.13
1639580400000,0.114
1639584000000,0.128
1639587600000,0.137
1639591200000,0.132
1639594800000,0.121
1639598400000,0.119
1639602000000,0.118
1639605600000,0.121
1639609200000,0.088
1639612800000,0.155
1639616400000,0.233
1639620000000,0.231
1639623600000,0.239
1639627200000,0.265
1639630800000,0.284
1639634400000,0.261
1639638000000,0.212
1639641600000,0.15
1639645200000,0.094
1639648800000,0.076
1639652400000,0.075
1639656000000,0.093
1639659600000,0.114
1639663200000,0.132
1639666800000,0.138
1639670400000,0.145
1639674000000,0.154
1639677600000,0.16
1639681200000,0.175
1639684800000,0.182
1639688400000,0.17
1639692000000,0.165
1639695600000,0.168
1639699200000,0.235
1639702800000,0.41
1639706400000,0.441
1639710000000,0.464
1639713600000,0.516
1639717200000,0.586
1639720800000,0.675
1639724400000,0.711
1639728000000,0.678
1639731600000,0.636
1639735200000,0.568
1639738800000,0.51
1639742400000,0.441
1639746000000,0.386
1639749600000,0.332
1639753200000,0.268
1639756800000,0.256
1639760400000,0.341
1639764000000,0.583
1639767600000,0.663
1639771200000,0.602
1639774800000,0.563
1639778400000,0.567
1639782000000,0.519
1639785600000,0.632
1639789200000,0.656
1639792800000,0.676
1639796400000,0.652
1639800000000,0.627
1639803600000,0.606
1639807200000,0.574
1639810800000,0.508
1639814400000,0.468
1639818000000,0.4
1639821600000,0.332
1639825200000,0.305
1639828800000,0.279
1639832400000,0.264
1639836000000,0.243
1639839600000,0.252
1639843200000,0.274
1639846800000,0.27
1639850400000,0.274
1639854000000,0.308
1639857600000,0.341
1639861200000,0.384
1639864800000,0.436
1639868400000,0.409
1639872000000,0.438
1639875600000,0.556
1639879200000,0.603
1639882800000,0.596
1639886400000,0.574
1639890000000,0.556
1639893600000,0.525
1639897200000,0.428
1639900800000,0.349
1639904400000,0.375
1639908000000,0.412
1639911600000,0.436
1639915200000,0.455
1639918800000,0.464
1639922400000,0.443
1639926000000,0.401
1639929600000,0.377
1639933200000,0.358
1639936800000,0.332
1639940400000,0.311
1639944000000,0.293
1639947600000,0.274
1639951200000,0.247
1639954800000,0.179
1639958400000,0.221
1639962000000,0.305
1639965600000,0.364
1639969200000,0.402
1639972800000,0.414
1639976400000,0.386
1639980000000,0.332
1639983600000,0.241
1639987200000,0.179
1639990800000,0.179
1639994400000,0.183
1639998000000,0.153
1640001600000,0.134
1640005200000,0.128
1640008800000,0.118
1640012400000,0.089
1640016000000,0.067
1640019600000,0.063
1640023200000,0.07
1640026800000,0.049
1640030400000,0.026
1640034000000,0.019
1640037600000,0.017
1640041200000,0.017
1640044800000,0.04
1640048400000,0.086
1640052000000,0.127
1640055600000,0.131
1640059200000,0.1
1640062800000,0.058
1640066400000,0.03
1640070000000,0.017
1640073600000,0.015
1640077200000,0.016
1640080800000,0.016
1640084400000,0.017
1640088000000,0.014
1640091600000,0.014
1640095200000,0.018
1640098800000,0.026
1640102400000,0.032
1640106000000,0.036
1640109600000,0.038
1640113200000,0.04
1640116800000,0.046
1640120400000,0.054
1640124000000,0.062
1640127600000,0.054
1640131200000,0.058
1640134800000,0.063
1640138400000,0.055
1640142000000,0.045
1640145600000,0.037
1640149200000,0.034
1640152800000,0.036
1640156400000,0.043
1640160000000,0.053
1640163600000,0.068
1640167200000,0.087
1640170800000,0.089
1640174400000,0.089
1640178000000,0.085
1640181600000,0.076
1640185200000,0.062
1640188800000,0.05
1640192400000,0.041
1640196000000,0.034
1640199600000,0.028
1640203200000,0.027
1640206800000,0.012
1640210400000,0.005
1640214000000,0.008
1640217600000,0.013
1640221200000,0.011
1640224800000,0.006
1640228400000,0.003
1640232000000,0.001
1640235600000,0.0
1640239200000,0.0
1640242800000,0.0
1640246400000,0.001
1640250000000,0.007
1640253600000,0.016
1640257200000,0.019
1640260800000,0.02
1640264400000,0.022
1640268000000,0.024
1640271600000,0.03
1640275200000,0.033
1640278800000,0.029
1640282400000,0.022
1640286000000,0.017
1640289600000,0.018
1640293200000,0.015
1640296800000,0.014
1640300400000,0.019
1640304000000,0.039
1640307600000,0.046
1640311200000,0.042
1640314800000,0.037
1640318400000,0.032
1640322000000,0.029
1640325600000,0.029
1640329200000,0.03
1640332800000,0.032
1640336400000,0.032
1640340000000,0.035
1640343600000,0.039
1640347200000,0.034
1640350800000,0.028
1640354400000,0.029
1640358000000,0.036
1640361600000,0.046
1640365200000,0.049
1640368800000,0.051
1640372400000,0.054
1640376000000,0.057
1640379600000,0.049
1640383200000,0.04
1640386800000,0.037
1640390400000,0.081
1640394000000,0.11
1640397600000,0.1
1640401200000,0.086
1640404800000,0.076
1640408400000,0.066
1640412000000,0.062
1640415600000,0.06
1640419200000,0.055
1640422800000,0.042
1640426400000,0.046
1640430000000,0.06
1640433600000,0.078
1640437200000,0.09
1640440800000,0.111
1640444400000,0.126
1640448000000,0.159
1640451600000,0.188
1640455200000,0.21
1640458800000,0.244
1640462400000,0.241
1640466000000,0.167
1640469600000,0.123
1640473200000,0.145
1640476800000,0.342
1640480400000,0.411
1640484000000,0.4
1640487600000,0.437
1640491200000,0.502
1640494800000,0.571
1640498400000,0.621
1640502000000,0.63
1640505600000,0.622
1640509200000,0.538
1640512800000,0.435
1640516400000,0.38
1640520000000,0.357
1640523600000,0.349
1640527200000,0.345
1640530800000,0.386
1640534400000,0.478
1640538000000,0.501
1640541600000,0.547
1640545200000,0.583
1640548800000,0.646
1640552400000,0.648
1640556000000,0.625
1640559600000,0.598
1640563200000,0.727
1640566800000,0.821
1640570400000,0.827
1640574000000,0.816
1640577600000,0.789
1640581200000,0.744
1640584800000,0.682
1640588400000,0.585
1640592000000,0.479
1640595600000,0.42
1640599200000,0.36
1640602800000,0.317
1640606400000,0.291
1640610000000,0.285
1640613600000,0.295
1640617200000,0.367
1640620800000,0.441
1640624400000,0.49
1640628000000,0.534
1640631600000,0.578
1640635200000,0.613
1640638800000,0.614
1640642400000,0.595
1640646000000,0.561
1640649600000,0.762
1640653200000,0.812
1640656800000,0.801
1640660400000,0.788
1640664000000,0.773
1640667600000,0.754
1640671200000,0.746
1640674800000,0.743
1640678400000,0.701
1640682000000,0.623
1640685600000,0.572
1640689200000,0.532
1640692800000,0.501
1640696400000,0.457
1640700000000,0.413
1640703600000,0.413
1640707200000,0.4
1640710800000,0.358
1640714400000,0.358
1640718000000,0.357
1640721600000,0.353
1640725200000,0.311
1640728800000,0.253
1640732400000,0.243
1640736000000,0.473
1640739600000,0.578
1640743200000,0.555
1640746800000,0.545
1640750400000,0.553
1640754000000,0.553
1640757600000,0.564
1640761200000,0.578
1640764800000,0.559
1640768400000,0.468
1640772000000,0.338
1640775600000,0.285
1640779200000,0.251
1640782800000,0.229
1640786400000,0.227
1640790000000,0.243
1640793600000,0.255
1640797200000,0.252
1640800800000,0.238
1640804400000,0.25
1640808000000,0.278
1640811600000,0.274
1640815200000,0.254
1640818800000,0.22
1640822400000,0.457
1640826000000,0.497
1640829600000,0.436
1640833200000,0.389
1640836800000,0.361
1640840400000,0.335
1640844000000,0.332
1640847600000,0.358
1640851200000,0.374
1640854800000,0.376
1640858400000,0.407
1640862000000,0.409
1640865600000,0.338
1640869200000,0.309
1640872800000,0.295
1640876400000,0.291
1640880000000,0.291
1640883600000,0.292
1640887200000,0.294
1640890800000,0.306
1640894400000,0.328
1640898000000,0.384
1640901600000,0.415
1640905200000,0.37
1640908800000,0.639
1640912400000,0.681
1640916000000,0.641
1640919600000,0.617
1640923200000,0.623
1640926800000,0.648
1640930400000,0.691
1640934000000,0.727
1640937600000,0.711
1640941200000,0.627
1640944800000,0.456
1640948400000,0.341
1640952000000,0.298
1640955600000,0.284
1640959200000,0.29
1640962800000,0.291
1640966400000,0.294
1640970000000,0.332
1640973600000,0.356
1640977200000,0.381
1640980800000,0.404
1640984400000,0.41
1640988000000,0.398
1640991600000,0.394
