,L5
694224000000,0.126
694227600000,0.128
694231200000,0.067
694234800000,0.016
694238400000,0.004
694242000000,0.009
694245600000,0.037
694249200000,0.082
694252800000,0.137
694256400000,0.178
694260000000,0.151
694263600000,0.086
694267200000,0.04
694270800000,0.018
694274400000,0.011
694278000000,0.008
694281600000,0.009
694285200000,0.01
694288800000,0.014
694292400000,0.02
694296000000,0.029
694299600000,0.043
694303200000,0.062
694306800000,0.06
694310400000,0.087
694314000000,0.093
694317600000,0.067
694321200000,0.035
694324800000,0.012
694328400000,0.004
694332000000,0.008
694335600000,0.022
694339200000,0.026
694342800000,0.023
694346400000,0.021
694350000000,0.024
694353600000,0.032
694357200000,0.094
694360800000,0.161
694364400000,0.213
694368000000,0.236
694371600000,0.223
694375200000,0.201
694378800000,0.167
694382400000,0.136
694386000000,0.103
694389600000,0.069
694393200000,0.031
694396800000,0.054
694400400000,0.063
694404000000,0.05
694407600000,0.042
694411200000,0.032
694414800000,0.044
694418400000,0.062
694422000000,0.099
694425600000,0.124
694429200000,0.117
694432800000,0.069
694436400000,0.021
694440000000,0.008
694443600000,0.017
694447200000,0.061
694450800000,0.154
694454400000,0.252
694458000000,0.311
694461600000,0.329
694465200000,0.333
694468800000,0.346
694472400000,0.328
694476000000,0.284
694479600000,0.205
694483200000,0.267
694486800000,0.296
694490400000,0.25
694494000000,0.179
694497600000,0.118
694501200000,0.093
694504800000,0.088
694508400000,0.088
694512000000,0.074
694515600000,0.051
694519200000,0.039
694522800000,0.042
694526400000,0.058
694530000000,0.111
694533600000,0.171
694537200000,0.216
694540800000,0.237
694544400000,0.238
694548000000,0.22
694551600000,0.187
694555200000,0.144
694558800000,0.1
694562400000,0.093
694566000000,0.098
694569600000,0.152
694573200000,0.225
694576800000,0.196
694580400000,0.121
694584000000,0.05
694587600000,0.014
694591200000,0.026
694594800000,0.029
694598400000,0.031
694602000000,0.042
694605600000,0.078
694609200000,0.12
694612800000,0.132
694616400000,0.111
694620000000,0.1
694623600000,0.087
694627200000,0.086
694630800000,0.081
694634400000,0.062
694638000000,0.045
694641600000,0.049
694645200000,0.06
694648800000,0.069
694652400000,0.072
694656000000,0.071
694659600000,0.049
694663200000,0.047
694666800000,0.073
694670400000,0.14
694674000000,0.272
694677600000,0.449
694681200000,0.59
694684800000,0.63
694688400000,0.58
694692000000,0.48
694695600000,0.346
694699200000,0.224
694702800000,0.133
694706400000,0.06
694710000000,0.013
694713600000,0.001
694717200000,0.0
694720800000,0.001
694724400000,0.0
694728000000,0.0
694731600000,0.0
694735200000,0.0
694738800000,0.0
694742400000,0.004
694746000000,0.006
694749600000,0.004
694753200000,0.001
694756800000,0.003
694760400000,0.017
694764000000,0.056
694767600000,0.118
694771200000,0.192
694774800000,0.245
694778400000,0.234
694782000000,0.158
694785600000,0.061
694789200000,0.003
694792800000,0.0
694796400000,0.021
694800000000,0.08
694803600000,0.121
694807200000,0.143
694810800000,0.147
694814400000,0.132
694818000000,0.099
694821600000,0.064
694825200000,0.042
694828800000,0.059
694832400000,0.051
694836000000,0.027
694839600000,0.009
694843200000,0.001
694846800000,0.0
694850400000,0.001
694854000000,0.01
694857600000,0.047
694861200000,0.145
694864800000,0.291
694868400000,0.411
694872000000,0.502
694875600000,0.601
694879200000,0.71
694882800000,0.779
694886400000,0.8
694890000000,0.799
694893600000,0.772
694897200000,0.729
694900800000,0.674
694904400000,0.657
694908000000,0.603
694911600000,0.484
694915200000,0.366
694918800000,0.257
694922400000,0.21
694926000000,0.214
694929600000,0.255
694933200000,0.341
694936800000,0.478
694940400000,0.618
694944000000,0.708
694947600000,0.726
694951200000,0.679
694954800000,0.601
694958400000,0.535
694962000000,0.461
694965600000,0.311
694969200000,0.196
694972800000,0.118
694976400000,0.062
694980000000,0.007
694983600000,0.004
694987200000,0.002
694990800000,0.001
694994400000,0.001
694998000000,0.001
695001600000,0.016
695005200000,0.038
695008800000,0.05
695012400000,0.05
695016000000,0.044
695019600000,0.045
695023200000,0.052
695026800000,0.058
695030400000,0.054
695034000000,0.047
695037600000,0.077
695041200000,0.183
695044800000,0.274
695048400000,0.286
695052000000,0.259
695055600000,0.245
695059200000,0.232
695062800000,0.216
695066400000,0.2
695070000000,0.182
695073600000,0.168
695077200000,0.171
695080800000,0.186
695084400000,0.187
695088000000,0.182
695091600000,0.15
695095200000,0.106
695098800000,0.078
695102400000,0.056
695106000000,0.044
695109600000,0.039
695113200000,0.038
695116800000,0.037
695120400000,0.038
695124000000,0.103
695127600000,0.279
695131200000,0.414
695134800000,0.39
695138400000,0.341
695142000000,0.326
695145600000,0.296
695149200000,0.251
695152800000,0.202
695156400000,0.158
695160000000,0.121
695163600000,0.095
695167200000,0.08
695170800000,0.058
695174400000,0.066
695178000000,0.045
695181600000,0.012
695185200000,0.001
695188800000,0.0
695192400000,0.0
695196000000,0.0
695199600000,0.0
695203200000,0.0
695206800000,0.0
695210400000,0.001
695214000000,0.002
695217600000,0.003
695221200000,0.002
695224800000,0.0
695228400000,0.0
695232000000,0.002
695235600000,0.006
695239200000,0.014
695242800000,0.023
695246400000,0.029
695250000000,0.025
695253600000,0.013
695257200000,0.002
695260800000,0.0
695264400000,0.003
695268000000,0.028
695271600000,0.095
695275200000,0.184
695278800000,0.3
695282400000,0.441
695286000000,0.59
695289600000,0.7
695293200000,0.761
695296800000,0.795
695300400000,0.829
695304000000,0.862
695307600000,0.879
695311200000,0.868
695314800000,0.799
695318400000,0.708
695322000000,0.638
695325600000,0.597
695329200000,0.587
695332800000,0.595
695336400000,0.619
695340000000,0.663
695343600000,0.687
695347200000,0.75
695350800000,0.774
695354400000,0.784
695358000000,0.77
695361600000,0.733
695365200000,0.71
695368800000,0.722
695372400000,0.753
695376000000,0.766
695379600000,0.818
695383200000,0.883
695386800000,0.912
695390400000,0.911
695394000000,0.887
695397600000,0.827
695401200000,0.758
695404800000,0.704
695408400000,0.645
695412000000,0.571
695415600000,0.549
695419200000,0.592
695422800000,0.626
695426400000,0.615
695430000000,0.574
695433600000,0.547
695437200000,0.507
695440800000,0.466
695444400000,0.432
695448000000,0.416
695451600000,0.402
695455200000,0.399
695458800000,0.418
695462400000,0.468
695466000000,0.538
695469600000,0.525
695473200000,0.386
695476800000,0.201
695480400000,0.107
695484000000,0.089
695487600000,0.066
695491200000,0.037
695494800000,0.019
695498400000,0.007
695502000000,0.002
695505600000,0.0
695509200000,0.001
695512800000,0.003
695516400000,0.007
695520000000,0.029
695523600000,0.06
695527200000,0.102
695530800000,0.142
695534400000,0.2
695538000000,0.3
695541600000,0.407
695545200000,0.516
695548800000,0.623
695552400000,0.7
695556000000,0.713
695559600000,0.713
695563200000,0.697
695566800000,0.713
695570400000,0.732
695574000000,0.656
695577600000,0.506
695581200000,0.332
695584800000,0.175
695588400000,0.071
695592000000,0.023
695595600000,0.006
695599200000,0.001
695602800000,0.0
695606400000,0.0
695610000000,0.0
695613600000,0.0
695617200000,0.001
695620800000,0.031
695624400000,0.13
695628000000,0.214
695631600000,0.264
695635200000,0.251
695638800000,0.174
695642400000,0.095
695646000000,0.048
695649600000,0.017
695653200000,0.002
695656800000,0.001
695660400000,0.004
695664000000,0.003
695667600000,0.004
695671200000,0.033
695674800000,0.045
695678400000,0.02
695682000000,0.008
695685600000,0.005
695689200000,0.003
695692800000,0.007
695696400000,0.007
695700000000,0.003
695703600000,0.002
695707200000,0.009
695710800000,0.028
695714400000,0.079
695718000000,0.131
695721600000,0.176
695725200000,0.204
695728800000,0.162
695732400000,0.059
695736000000,0.004
695739600000,0.011
695743200000,0.045
695746800000,0.062
695750400000,0.054
695754000000,0.026
695757600000,0.012
695761200000,0.005
695764800000,0.001
695768400000,0.0
695772000000,0.0
695775600000,0.0
695779200000,0.0
695782800000,0.0
695786400000,0.0
695790000000,0.0
695793600000,0.001
695797200000,0.062
695800800000,0.235
695804400000,0.372
695808000000,0.346
695811600000,0.295
695815200000,0.282
695818800000,0.323
695822400000,0.344
695826000000,0.317
695829600000,0.252
695833200000,0.16
695836800000,0.104
695840400000,0.101
695844000000,0.093
695847600000,0.08
695851200000,0.094
695854800000,0.158
695858400000,0.295
695862000000,0.441
695865600000,0.574
695869200000,0.668
695872800000,0.746
695876400000,0.785
695880000000,0.772
695883600000,0.754
695887200000,0.744
695890800000,0.754
695894400000,0.766
695898000000,0.778
695901600000,0.798
695905200000,0.766
695908800000,0.696
695912400000,0.537
695916000000,0.436
695919600000,0.411
695923200000,0.367
695926800000,0.305
695930400000,0.251
695934000000,0.183
695937600000,0.119
695941200000,0.116
695944800000,0.151
695948400000,0.185
695952000000,0.2
695955600000,0.206
695959200000,0.167
695962800000,0.161
695966400000,0.21
695970000000,0.302
695973600000,0.479
695977200000,0.661
695980800000,0.74
695984400000,0.748
695988000000,0.725
695991600000,0.682
695995200000,0.565
695998800000,0.401
696002400000,0.271
696006000000,0.227
696009600000,0.227
696013200000,0.214
696016800000,0.197
696020400000,0.179
696024000000,0.142
696027600000,0.112
696031200000,0.092
696034800000,0.078
696038400000,0.074
696042000000,0.068
696045600000,0.099
696049200000,0.168
696052800000,0.28
696056400000,0.426
696060000000,0.58
696063600000,0.674
696067200000,0.736
696070800000,0.782
696074400000,0.808
696078000000,0.781
696081600000,0.698
696085200000,0.481
696088800000,0.222
696092400000,0.08
696096000000,0.07
696099600000,0.07
696103200000,0.059
696106800000,0.043
696110400000,0.028
696114000000,0.018
696117600000,0.018
696121200000,0.015
696124800000,0.011
696128400000,0.002
696132000000,0.0
696135600000,0.0
696139200000,0.0
696142800000,0.006
696146400000,0.054
696150000000,0.104
696153600000,0.159
696157200000,0.221
696160800000,0.245
696164400000,0.201
696168000000,0.109
696171600000,0.025
696175200000,0.001
696178800000,0.0
696182400000,0.005
696186000000,0.011
696189600000,0.01
696193200000,0.012
696196800000,0.015
696200400000,0.014
696204000000,0.01
696207600000,0.007
696211200000,0.009
696214800000,0.003
696218400000,0.0
696222000000,0.0
696225600000,0.0
696229200000,0.0
696232800000,0.002
696236400000,0.026
696240000000,0.056
696243600000,0.113
696247200000,0.146
696250800000,0.117
696254400000,0.093
696258000000,0.085
696261600000,0.104
696265200000,0.122
696268800000,0.13
696272400000,0.143
696276000000,0.172
696279600000,0.192
696283200000,0.195
696286800000,0.227
696290400000,0.248
696294000000,0.222
696297600000,0.236
696301200000,0.313
696304800000,0.437
696308400000,0.55
696312000000,0.586
696315600000,0.557
696319200000,0.504
696322800000,0.482
696326400000,0.505
696330000000,0.563
696333600000,0.613
696337200000,0.669
696340800000,0.701
696344400000,0.71
696348000000,0.692
696351600000,0.695
696355200000,0.678
696358800000,0.637
696362400000,0.639
696366000000,0.679
696369600000,0.713
696373200000,0.76
696376800000,0.782
696380400000,0.754
696384000000,0.739
696387600000,0.684
696391200000,0.657
696394800000,0.644
696398400000,0.642
696402000000,0.677
696405600000,0.726
696409200000,0.752
696412800000,0.754
696416400000,0.762
696420000000,0.773
696423600000,0.777
696427200000,0.748
696430800000,0.65
696434400000,0.476
696438000000,0.275
696441600000,0.118
696445200000,0.047
696448800000,0.03
696452400000,0.028
696456000000,0.025
696459600000,0.019
696463200000,0.014
696466800000,0.007
696470400000,0.004
696474000000,0.002
696477600000,0.004
696481200000,0.026
696484800000,0.085
696488400000,0.174
696492000000,0.249
696495600000,0.289
696499200000,0.338
696502800000,0.381
696506400000,0.358
696510000000,0.254
696513600000,0.11
696517200000,0.011
696520800000,0.001
696524400000,0.016
696528000000,0.062
696531600000,0.101
696535200000,0.119
696538800000,0.122
696542400000,0.126
696546000000,0.135
696549600000,0.135
696553200000,0.121
696556800000,0.145
696560400000,0.105
696564000000,0.061
696567600000,0.068
696571200000,0.12
696574800000,0.185
696578400000,0.221
696582000000,0.214
696585600000,0.188
696589200000,0.167
696592800000,0.115
696596400000,0.05
696600000000,0.009
696603600000,0.0
696607200000,0.0
696610800000,0.0
696614400000,0.001
696618000000,0.001
696621600000,0.003
696625200000,0.008
696628800000,0.024
696632400000,0.052
696636000000,0.075
696639600000,0.07
696643200000,0.139
696646800000,0.147
696650400000,0.102
696654000000,0.071
696657600000,0.06
696661200000,0.055
696664800000,0.064
696668400000,0.087
696672000000,0.095
696675600000,0.073
696679200000,0.041
696682800000,0.021
696686400000,0.007
696690000000,0.021
696693600000,0.045
696697200000,0.049
696700800000,0.035
696704400000,0.028
696708000000,0.024
696711600000,0.022
696715200000,0.018
696718800000,0.011
696722400000,0.004
696726000000,0.005
696729600000,0.014
696733200000,0.011
696736800000,0.008
696740400000,0.007
696744000000,0.012
696747600000,0.035
696751200000,0.062
696754800000,0.138
696758400000,0.186
696762000000,0.183
696765600000,0.179
696769200000,0.16
696772800000,0.144
696776400000,0.126
696780000000,0.104
696783600000,0.081
696787200000,0.053
696790800000,0.035
696794400000,0.02
696798000000,0.028
696801600000,0.053
696805200000,0.054
696808800000,0.06
696812400000,0.078
696816000000,0.116
696819600000,0.147
696823200000,0.154
696826800000,0.179
696830400000,0.226
696834000000,0.287
696837600000,0.34
696841200000,0.37
696844800000,0.4
696848400000,0.426
696852000000,0.519
696855600000,0.635
696859200000,0.735
696862800000,0.797
696866400000,0.832
696870000000,0.841
696873600000,0.824
696877200000,0.786
696880800000,0.718
696884400000,0.592
696888000000,0.381
696891600000,0.234
696895200000,0.163
696898800000,0.097
696902400000,0.051
696906000000,0.023
696909600000,0.006
696913200000,0.0
696916800000,0.002
696920400000,0.004
696924000000,0.012
696927600000,0.026
696931200000,0.039
696934800000,0.042
696938400000,0.042
696942000000,0.098
696945600000,0.272
696949200000,0.448
696952800000,0.563
696956400000,0.617
696960000000,0.626
696963600000,0.594
696967200000,0.539
696970800000,0.479
696974400000,0.404
696978000000,0.32
696981600000,0.255
696985200000,0.214
696988800000,0.249
696992400000,0.2
696996000000,0.101
696999600000,0.043
697003200000,0.078
697006800000,0.087
697010400000,0.09
697014000000,0.076
697017600000,0.044
697021200000,0.013
697024800000,0.004
697028400000,0.005
697032000000,0.005
697035600000,0.007
697039200000,0.015
697042800000,0.044
697046400000,0.1
697050000000,0.155
697053600000,0.179
697057200000,0.181
697060800000,0.187
697064400000,0.183
697068000000,0.163
697071600000,0.131
697075200000,0.167
697078800000,0.118
697082400000,0.063
697086000000,0.065
697089600000,0.127
697093200000,0.24
697096800000,0.335
697100400000,0.38
697104000000,0.383
697107600000,0.352
697111200000,0.317
697114800000,0.281
697118400000,0.249
697122000000,0.219
697125600000,0.165
697129200000,0.086
697132800000,0.031
697136400000,0.013
697140000000,0.008
697143600000,0.005
697147200000,0.003
697150800000,0.002
697154400000,0.002
697158000000,0.004
697161600000,0.014
697165200000,0.03
697168800000,0.063
697172400000,0.118
697176000000,0.187
697179600000,0.271
697183200000,0.352
697186800000,0.416
697190400000,0.449
697194000000,0.438
697197600000,0.389
697201200000,0.32
697204800000,0.23
697208400000,0.129
697212000000,0.048
697215600000,0.01
697219200000,0.001
697222800000,0.0
697226400000,0.0
697230000000,0.0
697233600000,0.0
697237200000,0.0
697240800000,0.0
697244400000,0.0
697248000000,0.001
697251600000,0.0
697255200000,0.0
697258800000,0.002
697262400000,0.013
697266000000,0.053
697269600000,0.107
697273200000,0.153
697276800000,0.166
697280400000,0.179
697284000000,0.168
697287600000,0.105
697291200000,0.033
697294800000,0.005
697298400000,0.001
697302000000,0.015
697305600000,0.03
697309200000,0.027
697312800000,0.019
697316400000,0.016
697320000000,0.025
697323600000,0.038
697327200000,0.049
697330800000,0.044
697334400000,0.038
697338000000,0.018
697341600000,0.002
697345200000,0.003
697348800000,0.029
697352400000,0.081
697356000000,0.138
697359600000,0.186
697363200000,0.21
697366800000,0.21
697370400000,0.166
697374000000,0.078
697377600000,0.013
697381200000,0.002
697384800000,0.042
697388400000,0.101
697392000000,0.132
697395600000,0.158
697399200000,0.179
697402800000,0.192
697406400000,0.193
697410000000,0.201
697413600000,0.218
697417200000,0.233
697420800000,0.272
697424400000,0.239
697428000000,0.148
697431600000,0.061
697435200000,0.012
697438800000,0.002
697442400000,0.002
697446000000,0.017
697449600000,0.082
697453200000,0.179
697456800000,0.181
697460400000,0.098
697464000000,0.039
697467600000,0.023
697471200000,0.027
697474800000,0.024
697478400000,0.013
697482000000,0.009
697485600000,0.015
697489200000,0.021
697492800000,0.021
697496400000,0.022
697500000000,0.028
697503600000,0.041
697507200000,0.072
697510800000,0.094
697514400000,0.09
697518000000,0.08
697521600000,0.094
697525200000,0.14
697528800000,0.22
697532400000,0.302
697536000000,0.384
697539600000,0.446
697543200000,0.426
697546800000,0.313
697550400000,0.16
697554000000,0.05
697557600000,0.006
697561200000,0.001
697564800000,0.005
697568400000,0.019
697572000000,0.051
697575600000,0.101
697579200000,0.154
697582800000,0.179
697586400000,0.178
697590000000,0.157
697593600000,0.159
697597200000,0.11
697600800000,0.044
697604400000,0.029
697608000000,0.037
697611600000,0.068
697615200000,0.134
697618800000,0.187
697622400000,0.165
697626000000,0.093
697629600000,0.018
697633200000,0.002
697636800000,0.004
697640400000,0.003
697644000000,0.002
697647600000,0.001
697651200000,0.001
697654800000,0.001
697658400000,0.0
697662000000,0.0
697665600000,0.0
697669200000,0.0
697672800000,0.001
697676400000,0.003
697680000000,0.004
697683600000,0.001
697687200000,0.0
697690800000,0.001
697694400000,0.014
697698000000,0.04
697701600000,0.069
697705200000,0.093
697708800000,0.122
697712400000,0.17
697716000000,0.19
697719600000,0.172
697723200000,0.137
697726800000,0.082
697730400000,0.035
697734000000,0.017
697737600000,0.016
697741200000,0.009
697744800000,0.002
697748400000,0.001
697752000000,0.001
697755600000,0.012
697759200000,0.054
697762800000,0.087
697766400000,0.094
697770000000,0.058
697773600000,0.013
697777200000,0.001
697780800000,0.0
697784400000,0.008
697788000000,0.062
697791600000,0.126
697795200000,0.124
697798800000,0.121
697802400000,0.083
697806000000,0.039
697809600000,0.018
697813200000,0.01
697816800000,0.005
697820400000,0.002
697824000000,0.002
697827600000,0.002
697831200000,0.003
697834800000,0.002
697838400000,0.002
697842000000,0.001
697845600000,0.002
697849200000,0.002
697852800000,0.002
697856400000,0.0
697860000000,0.0
697863600000,0.0
697867200000,0.0
697870800000,0.051
697874400000,0.145
697878000000,0.189
697881600000,0.204
697885200000,0.218
697888800000,0.185
697892400000,0.113
697896000000,0.05
697899600000,0.01
697903200000,0.002
697906800000,0.001
697910400000,0.001
697914000000,0.001
697917600000,0.001
697921200000,0.0
697924800000,0.0
697928400000,0.001
697932000000,0.003
697935600000,0.005
697939200000,0.005
697942800000,0.001
697946400000,0.0
697950000000,0.0
697953600000,0.0
697957200000,0.0
697960800000,0.0
697964400000,0.003
697968000000,0.027
697971600000,0.079
697975200000,0.103
697978800000,0.082
697982400000,0.065
697986000000,0.083
697989600000,0.153
697993200000,0.228
697996800000,0.261
698000400000,0.239
698004000000,0.158
698007600000,0.067
698011200000,0.017
698014800000,0.005
698018400000,0.002
698022000000,0.002
698025600000,0.001
698029200000,0.0
698032800000,0.0
698036400000,0.0
698040000000,0.0
698043600000,0.0
698047200000,0.0
698050800000,0.001
698054400000,0.025
698058000000,0.054
698061600000,0.047
698065200000,0.011
698068800000,0.0
698072400000,0.0
698076000000,0.002
698079600000,0.008
698083200000,0.021
698086800000,0.041
698090400000,0.064
698094000000,0.072
698097600000,0.068
698101200000,0.058
698104800000,0.053
698108400000,0.058
698112000000,0.068
698115600000,0.058
698119200000,0.054
698122800000,0.074
698126400000,0.132
698130000000,0.212
698133600000,0.289
698137200000,0.331
698140800000,0.32
698144400000,0.251
698148000000,0.156
698151600000,0.074
698155200000,0.034
698158800000,0.018
698162400000,0.016
698166000000,0.025
698169600000,0.051
698173200000,0.09
698176800000,0.135
698180400000,0.178
698184000000,0.196
698187600000,0.169
698191200000,0.127
698194800000,0.101
698198400000,0.085
698202000000,0.081
698205600000,0.085
698209200000,0.093
698212800000,0.106
698216400000,0.113
698220000000,0.116
698223600000,0.118
698227200000,0.112
698230800000,0.117
698234400000,0.119
698238000000,0.099
698241600000,0.077
698245200000,0.055
698248800000,0.035
698252400000,0.017
698256000000,0.01
698259600000,0.007
698263200000,0.002
698266800000,0.0
698270400000,0.0
698274000000,0.0
698277600000,0.0
698281200000,0.001
698284800000,0.017
698288400000,0.04
698292000000,0.054
698295600000,0.05
698299200000,0.048
698302800000,0.072
698306400000,0.13
698310000000,0.204
698313600000,0.266
698317200000,0.267
698320800000,0.209
698324400000,0.133
698328000000,0.093
698331600000,0.077
698335200000,0.076
698338800000,0.073
698342400000,0.071
698346000000,0.069
698349600000,0.061
698353200000,0.05
698356800000,0.039
698360400000,0.031
698364000000,0.023
698367600000,0.013
698371200000,0.008
698374800000,0.006
698378400000,0.009
698382000000,0.019
698385600000,0.037
698389200000,0.051
698392800000,0.049
698396400000,0.038
698400000000,0.027
698403600000,0.041
698407200000,0.062
698410800000,0.056
698414400000,0.039
698418000000,0.024
698421600000,0.021
698425200000,0.017
698428800000,0.01
698432400000,0.005
698436000000,0.002
698439600000,0.001
698443200000,0.001
698446800000,0.001
698450400000,0.0
698454000000,0.0
698457600000,0.001
698461200000,0.002
698464800000,0.001
698468400000,0.0
698472000000,0.0
698475600000,0.0
698479200000,0.0
698482800000,0.002
698486400000,0.02
698490000000,0.107
698493600000,0.193
698497200000,0.153
698500800000,0.09
698504400000,0.065
698508000000,0.074
698511600000,0.079
698515200000,0.072
698518800000,0.067
698522400000,0.053
698526000000,0.033
698529600000,0.017
698533200000,0.01
698536800000,0.011
698540400000,0.017
698544000000,0.032
698547600000,0.058
698551200000,0.118
698554800000,0.223
698558400000,0.349
698562000000,0.466
698565600000,0.553
698569200000,0.611
698572800000,0.644
698576400000,0.636
698580000000,0.639
698583600000,0.696
698587200000,0.757
698590800000,0.789
698594400000,0.777
698598000000,0.724
698601600000,0.677
698605200000,0.63
698608800000,0.574
698612400000,0.494
698616000000,0.369
698619600000,0.243
698623200000,0.164
698626800000,0.128
698630400000,0.111
698634000000,0.084
698637600000,0.057
698641200000,0.045
698644800000,0.043
698648400000,0.049
698652000000,0.062
698655600000,0.081
698659200000,0.097
698662800000,0.077
698666400000,0.02
698670000000,0.001
698673600000,0.003
698677200000,0.043
698680800000,0.112
698684400000,0.163
698688000000,0.184
698691600000,0.178
698695200000,0.166
698698800000,0.161
698702400000,0.186
698706000000,0.177
698709600000,0.137
698713200000,0.147
698716800000,0.158
698720400000,0.087
698724000000,0.026
698727600000,0.009
698731200000,0.019
698734800000,0.041
698738400000,0.088
698742000000,0.144
698745600000,0.162
698749200000,0.115
698752800000,0.036
698756400000,0.007
698760000000,0.005
698763600000,0.082
698767200000,0.222
698770800000,0.311
698774400000,0.332
698778000000,0.302
698781600000,0.237
698785200000,0.191
698788800000,0.14
698792400000,0.108
698796000000,0.077
698799600000,0.068
698803200000,0.058
698806800000,0.047
698810400000,0.068
698814000000,0.124
698817600000,0.208
698821200000,0.311
698824800000,0.41
698828400000,0.494
698832000000,0.565
698835600000,0.642
698839200000,0.695
698842800000,0.746
698846400000,0.786
698850000000,0.804
698853600000,0.797
698857200000,0.774
698860800000,0.741
698864400000,0.694
698868000000,0.63
698871600000,0.55
698875200000,0.498
698878800000,0.484
698882400000,0.481
698886000000,0.487
698889600000,0.494
698893200000,0.465
698896800000,0.429
698900400000,0.431
698904000000,0.467
698907600000,0.541
698911200000,0.623
698914800000,0.688
698918400000,0.744
698922000000,0.765
698925600000,0.699
698929200000,0.52
698932800000,0.281
698936400000,0.101
698940000000,0.118
698943600000,0.345
698947200000,0.401
698950800000,0.37
698954400000,0.35
698958000000,0.357
698961600000,0.344
698965200000,0.305
698968800000,0.241
698972400000,0.217
698976000000,0.196
698979600000,0.124
698983200000,0.058
698986800000,0.03
698990400000,0.024
698994000000,0.028
698997600000,0.041
699001200000,0.063
699004800000,0.079
699008400000,0.072
699012000000,0.134
699015600000,0.38
699019200000,0.739
699022800000,0.812
699026400000,0.783
699030000000,0.739
699033600000,0.682
699037200000,0.578
699040800000,0.491
699044400000,0.422
699048000000,0.371
699051600000,0.332
699055200000,0.293
699058800000,0.314
699062400000,0.304
699066000000,0.192
699069600000,0.091
699073200000,0.043
699076800000,0.02
699080400000,0.024
699084000000,0.043
699087600000,0.062
699091200000,0.064
699094800000,0.048
699098400000,0.029
699102000000,0.016
699105600000,0.043
699109200000,0.144
699112800000,0.254
699116400000,0.281
699120000000,0.243
699123600000,0.198
699127200000,0.179
699130800000,0.186
699134400000,0.22
699138000000,0.25
699141600000,0.243
699145200000,0.248
699148800000,0.262
699152400000,0.173
699156000000,0.09
699159600000,0.053
699163200000,0.031
699166800000,0.032
699170400000,0.07
699174000000,0.098
699177600000,0.129
699181200000,0.139
699184800000,0.113
699188400000,0.076
699192000000,0.051
699195600000,0.018
699199200000,0.015
699202800000,0.041
699206400000,0.069
699210000000,0.09
699213600000,0.102
699217200000,0.108
699220800000,0.118
699224400000,0.123
699228000000,0.114
699231600000,0.118
699235200000,0.244
699238800000,0.261
699242400000,0.192
699246000000,0.123
699249600000,0.061
699253200000,0.046
699256800000,0.116
699260400000,0.133
699264000000,0.136
699267600000,0.114
699271200000,0.085
699274800000,0.068
699278400000,0.072
699282000000,0.085
699285600000,0.084
699289200000,0.069
699292800000,0.044
699296400000,0.036
699300000000,0.039
699303600000,0.047
699307200000,0.057
699310800000,0.062
699314400000,0.068
699318000000,0.108
699321600000,0.25
699325200000,0.297
699328800000,0.259
699332400000,0.194
699336000000,0.131
699339600000,0.072
699343200000,0.054
699346800000,0.108
699350400000,0.132
699354000000,0.148
699357600000,0.157
699361200000,0.137
699364800000,0.135
699368400000,0.137
699372000000,0.135
699375600000,0.129
699379200000,0.124
699382800000,0.135
699386400000,0.147
699390000000,0.152
699393600000,0.15
699397200000,0.158
699400800000,0.169
699404400000,0.248
699408000000,0.328
699411600000,0.285
699415200000,0.177
699418800000,0.083
699422400000,0.015
699426000000,0.003
699429600000,0.009
699433200000,0.008
699436800000,0.006
699440400000,0.057
699444000000,0.102
699447600000,0.076
699451200000,0.027
699454800000,0.005
699458400000,0.002
699462000000,0.004
699465600000,0.018
699469200000,0.044
699472800000,0.056
699476400000,0.053
699480000000,0.047
699483600000,0.054
699487200000,0.063
699490800000,0.076
699494400000,0.073
699498000000,0.048
699501600000,0.018
699505200000,0.002
699508800000,0.0
699512400000,0.001
699516000000,0.017
699519600000,0.069
699523200000,0.153
699526800000,0.227
699530400000,0.22
699534000000,0.157
699537600000,0.1
699541200000,0.068
699544800000,0.057
699548400000,0.061
699552000000,0.071
699555600000,0.081
699559200000,0.084
699562800000,0.069
699566400000,0.041
699570000000,0.019
699573600000,0.014
699577200000,0.025
699580800000,0.041
699584400000,0.039
699588000000,0.016
699591600000,0.001
699595200000,0.0
699598800000,0.012
699602400000,0.072
699606000000,0.133
699609600000,0.145
699613200000,0.131
699616800000,0.089
699620400000,0.038
699624000000,0.007
699627600000,0.001
699631200000,0.001
699634800000,0.004
699638400000,0.013
699642000000,0.021
699645600000,0.014
699649200000,0.006
699652800000,0.008
699656400000,0.014
699660000000,0.032
699663600000,0.044
699667200000,0.018
699670800000,0.001
699674400000,0.0
699678000000,0.0
699681600000,0.008
699685200000,0.03
699688800000,0.042
699692400000,0.041
699696000000,0.032
699699600000,0.031
699703200000,0.033
699706800000,0.013
699710400000,0.001
699714000000,0.0
699717600000,0.001
699721200000,0.002
699724800000,0.004
699728400000,0.002
699732000000,0.001
699735600000,0.002
699739200000,0.006
699742800000,0.009
699746400000,0.004
699750000000,0.0
699753600000,0.0
699757200000,0.0
699760800000,0.002
699764400000,0.031
699768000000,0.1
699771600000,0.142
699775200000,0.124
699778800000,0.101
699782400000,0.108
699786000000,0.157
699789600000,0.198
699793200000,0.19
699796800000,0.179
699800400000,0.172
699804000000,0.179
699807600000,0.184
699811200000,0.169
699814800000,0.152
699818400000,0.142
699822000000,0.16
699825600000,0.211
699829200000,0.285
699832800000,0.33
699836400000,0.32
699840000000,0.28
699843600000,0.217
699847200000,0.162
699850800000,0.152
699854400000,0.211
699858000000,0.337
699861600000,0.453
699865200000,0.504
699868800000,0.498
699872400000,0.469
699876000000,0.432
699879600000,0.395
699883200000,0.367
699886800000,0.308
699890400000,0.22
699894000000,0.141
699897600000,0.077
699901200000,0.025
699904800000,0.002
699908400000,0.0
699912000000,0.0
699915600000,0.001
699919200000,0.001
699922800000,0.001
699926400000,0.0
699930000000,0.0
699933600000,0.0
699937200000,0.0
699940800000,0.001
699944400000,0.025
699948000000,0.089
699951600000,0.172
699955200000,0.253
699958800000,0.343
699962400000,0.354
699966000000,0.241
699969600000,0.101
699973200000,0.017
699976800000,0.0
699980400000,0.001
699984000000,0.037
699987600000,0.101
699991200000,0.163
699994800000,0.2
699998400000,0.193
700002000000,0.169
700005600000,0.134
700009200000,0.127
700012800000,0.087
700016400000,0.025
700020000000,0.001
700023600000,0.0
700027200000,0.012
700030800000,0.064
700034400000,0.119
700038000000,0.157
700041600000,0.167
700045200000,0.161
700048800000,0.138
700052400000,0.105
700056000000,0.088
700059600000,0.076
700063200000,0.055
700066800000,0.027
700070400000,0.008
700074000000,0.002
700077600000,0.0
700081200000,0.0
700084800000,0.0
700088400000,0.0
700092000000,0.0
700095600000,0.0
700099200000,0.0
700102800000,0.0
700106400000,0.0
700110000000,0.0
700113600000,0.009
700117200000,0.055
700120800000,0.09
700124400000,0.114
700128000000,0.127
700131600000,0.14
700135200000,0.133
700138800000,0.095
700142400000,0.073
700146000000,0.067
700149600000,0.06
700153200000,0.047
700156800000,0.031
700160400000,0.019
700164000000,0.009
700167600000,0.003
700171200000,0.001
700174800000,0.001
700178400000,0.004
700182000000,0.011
700185600000,0.011
700189200000,0.002
700192800000,0.0
700196400000,0.0
700200000000,0.012
700203600000,0.058
700207200000,0.108
700210800000,0.135
700214400000,0.128
700218000000,0.11
700221600000,0.084
700225200000,0.039
700228800000,0.019
700232400000,0.025
700236000000,0.036
700239600000,0.042
700243200000,0.051
700246800000,0.05
700250400000,0.049
700254000000,0.049
700257600000,0.046
700261200000,0.046
700264800000,0.037
700268400000,0.038
700272000000,0.016
700275600000,0.004
700279200000,0.008
700282800000,0.028
700286400000,0.063
700290000000,0.118
700293600000,0.188
700297200000,0.237
700300800000,0.232
700304400000,0.185
700308000000,0.13
700311600000,0.089
700315200000,0.053
700318800000,0.019
700322400000,0.005
700326000000,0.007
700329600000,0.028
700333200000,0.064
700336800000,0.11
700340400000,0.156
700344000000,0.191
700347600000,0.216
700351200000,0.218
700354800000,0.242
700358400000,0.215
700362000000,0.126
700365600000,0.045
700369200000,0.006
700372800000,0.002
700376400000,0.003
700380000000,0.008
700383600000,0.039
700387200000,0.066
700390800000,0.059
700394400000,0.007
700398000000,0.001
700401600000,0.013
700405200000,0.01
700408800000,0.033
700412400000,0.095
700416000000,0.174
700419600000,0.238
700423200000,0.265
700426800000,0.251
700430400000,0.235
700434000000,0.233
700437600000,0.214
700441200000,0.27
700444800000,0.31
700448400000,0.242
700452000000,0.127
700455600000,0.045
700459200000,0.035
700462800000,0.051
700466400000,0.07
700470000000,0.077
700473600000,0.069
700477200000,0.063
700480800000,0.063
700484400000,0.074
700488000000,0.073
700491600000,0.055
700495200000,0.044
700498800000,0.039
700502400000,0.042
700506000000,0.047
700509600000,0.051
700513200000,0.063
700516800000,0.082
700520400000,0.087
700524000000,0.063
700527600000,0.069
700531200000,0.106
700534800000,0.076
700538400000,0.045
700542000000,0.042
700545600000,0.049
700549200000,0.058
700552800000,0.068
700556400000,0.08
700560000000,0.082
700563600000,0.074
700567200000,0.066
700570800000,0.068
700574400000,0.072
700578000000,0.071
700581600000,0.054
700585200000,0.054
700588800000,0.078
700592400000,0.101
700596000000,0.108
700599600000,0.105
700603200000,0.101
700606800000,0.096
700610400000,0.084
700614000000,0.158
700617600000,0.221
700621200000,0.191
700624800000,0.116
700628400000,0.053
700632000000,0.019
700635600000,0.016
700639200000,0.05
700642800000,0.062
700646400000,0.06
700650000000,0.043
700653600000,0.031
700657200000,0.033
700660800000,0.031
700664400000,0.037
700668000000,0.04
700671600000,0.033
700675200000,0.035
700678800000,0.051
700682400000,0.082
700686000000,0.12
700689600000,0.152
700693200000,0.184
700696800000,0.192
700700400000,0.241
700704000000,0.203
700707600000,0.111
700711200000,0.037
700714800000,0.009
700718400000,0.02
700722000000,0.023
700725600000,0.032
700729200000,0.055
700732800000,0.078
700736400000,0.093
700740000000,0.11
700743600000,0.105
700747200000,0.088
700750800000,0.061
700754400000,0.031
700758000000,0.012
700761600000,0.004
700765200000,0.001
700768800000,0.0
700772400000,0.002
700776000000,0.004
700779600000,0.004
700783200000,0.001
700786800000,0.001
700790400000,0.005
700794000000,0.002
700797600000,0.0
700801200000,0.001
700804800000,0.001
700808400000,0.002
700812000000,0.031
700815600000,0.124
700819200000,0.17
700822800000,0.227
700826400000,0.247
700830000000,0.175
700833600000,0.09
700837200000,0.036
700840800000,0.007
700844400000,0.001
700848000000,0.001
700851600000,0.002
700855200000,0.003
700858800000,0.006
700862400000,0.016
700866000000,0.029
700869600000,0.036
700873200000,0.047
700876800000,0.04
700880400000,0.018
700884000000,0.002
700887600000,0.0
700891200000,0.002
700894800000,0.005
700898400000,0.032
700902000000,0.075
700905600000,0.084
700909200000,0.083
700912800000,0.095
700916400000,0.1
700920000000,0.083
700923600000,0.05
700927200000,0.018
700930800000,0.003
700934400000,0.005
700938000000,0.012
700941600000,0.019
700945200000,0.024
700948800000,0.025
700952400000,0.029
700956000000,0.047
700959600000,0.121
700963200000,0.176
700966800000,0.152
700970400000,0.091
700974000000,0.031
700977600000,0.007
700981200000,0.02
700984800000,0.021
700988400000,0.021
700992000000,0.021
700995600000,0.026
700999200000,0.036
701002800000,0.044
701006400000,0.033
701010000000,0.013
701013600000,0.002
701017200000,0.006
701020800000,0.007
701024400000,0.005
701028000000,0.006
701031600000,0.007
701035200000,0.005
701038800000,0.001
701042400000,0.001
701046000000,0.018
701049600000,0.022
701053200000,0.008
701056800000,0.002
701060400000,0.003
701064000000,0.006
701067600000,0.005
701071200000,0.008
701074800000,0.028
701078400000,0.062
701082000000,0.108
701085600000,0.131
701089200000,0.099
701092800000,0.064
701096400000,0.047
701100000000,0.037
701103600000,0.032
701107200000,0.026
701110800000,0.027
701114400000,0.039
701118000000,0.048
701121600000,0.059
701125200000,0.063
701128800000,0.053
701132400000,0.055
701136000000,0.026
701139600000,0.003
701143200000,0.006
701146800000,0.02
701150400000,0.053
701154000000,0.102
701157600000,0.139
701161200000,0.14
701164800000,0.108
701168400000,0.063
701172000000,0.019
701175600000,0.005
701179200000,0.006
701182800000,0.073
701186400000,0.181
701190000000,0.195
701193600000,0.187
701197200000,0.198
701200800000,0.223
701204400000,0.234
701208000000,0.225
701211600000,0.194
701215200000,0.162
701218800000,0.235
701222400000,0.255
701226000000,0.18
701229600000,0.085
701233200000,0.025
701236800000,0.018
701240400000,0.033
701244000000,0.035
701247600000,0.038
701251200000,0.039
701254800000,0.041
701258400000,0.013
701262000000,0.004
701265600000,0.004
701269200000,0.001
701272800000,0.001
701276400000,0.002
701280000000,0.008
701283600000,0.017
701287200000,0.027
701290800000,0.036
701294400000,0.048
701298000000,0.062
701301600000,0.076
701305200000,0.139
701308800000,0.147
701312400000,0.086
701316000000,0.025
701319600000,0.004
701323200000,0.011
701326800000,0.013
701330400000,0.022
701334000000,0.041
701337600000,0.046
701341200000,0.039
701344800000,0.027
701348400000,0.022
701352000000,0.029
701355600000,0.029
701359200000,0.032
701362800000,0.067
701366400000,0.108
701370000000,0.144
701373600000,0.163
701377200000,0.178
701380800000,0.192
701384400000,0.205
701388000000,0.194
701391600000,0.254
701395200000,0.238
701398800000,0.178
701402400000,0.087
701406000000,0.025
701409600000,0.002
701413200000,0.003
701416800000,0.005
701420400000,0.005
701424000000,0.03
701427600000,0.045
701431200000,0.047
701434800000,0.01
701438400000,0.006
701442000000,0.016
701445600000,0.018
701449200000,0.019
701452800000,0.027
701456400000,0.041
701460000000,0.047
701463600000,0.05
701467200000,0.051
701470800000,0.057
701474400000,0.061
701478000000,0.095
701481600000,0.097
701485200000,0.056
701488800000,0.018
701492400000,0.001
701496000000,0.0
701499600000,0.0
701503200000,0.002
701506800000,0.001
701510400000,0.018
701514000000,0.02
701517600000,0.013
701521200000,0.0
701524800000,0.005
701528400000,0.025
701532000000,0.054
701535600000,0.075
701539200000,0.083
701542800000,0.096
701546400000,0.107
701550000000,0.112
701553600000,0.104
701557200000,0.092
701560800000,0.08
701564400000,0.105
701568000000,0.094
701571600000,0.056
701575200000,0.024
701578800000,0.003
701582400000,0.0
701586000000,0.0
701589600000,0.002
701593200000,0.005
701596800000,0.009
701600400000,0.008
701604000000,0.005
701607600000,0.008
701611200000,0.023
701614800000,0.05
701618400000,0.071
701622000000,0.075
701625600000,0.068
701629200000,0.063
701632800000,0.074
701636400000,0.1
701640000000,0.121
701643600000,0.123
701647200000,0.125
701650800000,0.155
701654400000,0.104
701658000000,0.038
701661600000,0.023
701665200000,0.03
701668800000,0.045
701672400000,0.076
701676000000,0.108
701679600000,0.118
701683200000,0.115
701686800000,0.13
701690400000,0.159
701694000000,0.155
701697600000,0.126
701701200000,0.078
701704800000,0.039
701708400000,0.03
701712000000,0.052
701715600000,0.084
701719200000,0.118
701722800000,0.154
701726400000,0.18
701730000000,0.179
701733600000,0.142
701737200000,0.168
701740800000,0.179
701744400000,0.104
701748000000,0.026
701751600000,0.001
701755200000,0.001
701758800000,0.003
701762400000,0.019
701766000000,0.077
701769600000,0.122
701773200000,0.138
701776800000,0.159
701780400000,0.131
701784000000,0.085
701787600000,0.05
701791200000,0.027
701794800000,0.011
701798400000,0.007
701802000000,0.008
701805600000,0.01
701809200000,0.011
701812800000,0.011
701816400000,0.012
701820000000,0.01
701823600000,0.017
701827200000,0.006
701830800000,0.0
701834400000,0.0
701838000000,0.002
701841600000,0.034
701845200000,0.09
701848800000,0.138
701852400000,0.177
701856000000,0.222
701859600000,0.259
701863200000,0.257
701866800000,0.233
701870400000,0.239
701874000000,0.101
701877600000,0.016
701881200000,0.018
701884800000,0.009
701888400000,0.005
701892000000,0.013
701895600000,0.019
701899200000,0.021
701902800000,0.027
701906400000,0.031
701910000000,0.062
701913600000,0.099
701917200000,0.095
701920800000,0.069
701924400000,0.041
701928000000,0.014
701931600000,0.008
701935200000,0.014
701938800000,0.04
701942400000,0.061
701946000000,0.078
701949600000,0.088
701953200000,0.078
701956800000,0.057
701960400000,0.061
701964000000,0.097
701967600000,0.168
701971200000,0.252
701974800000,0.323
701978400000,0.362
701982000000,0.365
701985600000,0.343
701989200000,0.3
701992800000,0.245
701996400000,0.284
702000000000,0.278
702003600000,0.185
702007200000,0.095
702010800000,0.045
702014400000,0.012
702018000000,0.0
702021600000,0.002
702025200000,0.004
702028800000,0.009
702032400000,0.017
702036000000,0.011
702039600000,0.001
702043200000,0.003
702046800000,0.006
702050400000,0.021
702054000000,0.037
702057600000,0.067
702061200000,0.113
702064800000,0.152
702068400000,0.155
702072000000,0.146
702075600000,0.148
702079200000,0.142
702082800000,0.168
702086400000,0.149
702090000000,0.103
702093600000,0.053
702097200000,0.009
702100800000,0.001
702104400000,0.004
702108000000,0.005
702111600000,0.024
702115200000,0.082
702118800000,0.192
702122400000,0.313
702126000000,0.311
702129600000,0.233
702133200000,0.141
702136800000,0.058
702140400000,0.014
702144000000,0.006
702147600000,0.018
702151200000,0.041
702154800000,0.068
702158400000,0.099
702162000000,0.125
702165600000,0.138
702169200000,0.166
702172800000,0.126
702176400000,0.057
702180000000,0.017
702183600000,0.004
702187200000,0.0
702190800000,0.001
702194400000,0.048
702198000000,0.095
702201600000,0.127
702205200000,0.213
702208800000,0.286
702212400000,0.228
702216000000,0.168
702219600000,0.126
702223200000,0.073
702226800000,0.024
702230400000,0.003
702234000000,0.0
702237600000,0.0
702241200000,0.004
702244800000,0.022
702248400000,0.042
702252000000,0.056
702255600000,0.072
702259200000,0.062
702262800000,0.041
702266400000,0.018
702270000000,0.004
702273600000,0.001
702277200000,0.002
702280800000,0.011
702284400000,0.05
702288000000,0.127
702291600000,0.236
702295200000,0.226
702298800000,0.118
702302400000,0.043
702306000000,0.019
702309600000,0.016
702313200000,0.016
702316800000,0.014
702320400000,0.008
702324000000,0.002
702327600000,0.0
702331200000,0.0
702334800000,0.002
702338400000,0.005
702342000000,0.007
702345600000,0.003
702349200000,0.0
702352800000,0.0
702356400000,0.0
702360000000,0.015
702363600000,0.071
702367200000,0.136
702370800000,0.179
702374400000,0.18
702378000000,0.143
702381600000,0.104
702385200000,0.065
702388800000,0.045
702392400000,0.041
702396000000,0.044
702399600000,0.048
702403200000,0.047
702406800000,0.041
702410400000,0.032
702414000000,0.025
702417600000,0.019
702421200000,0.019
702424800000,0.019
702428400000,0.013
702432000000,0.007
702435600000,0.005
702439200000,0.003
702442800000,0.003
702446400000,0.009
702450000000,0.013
702453600000,0.011
702457200000,0.005
702460800000,0.0
702464400000,0.0
702468000000,0.004
702471600000,0.051
702475200000,0.115
702478800000,0.152
702482400000,0.129
702486000000,0.064
702489600000,0.016
702493200000,0.008
702496800000,0.033
702500400000,0.089
702504000000,0.134
702507600000,0.156
702511200000,0.168
702514800000,0.234
702518400000,0.238
702522000000,0.177
702525600000,0.092
702529200000,0.032
702532800000,0.012
702536400000,0.022
702540000000,0.076
702543600000,0.16
702547200000,0.21
702550800000,0.182
702554400000,0.133
702558000000,0.059
702561600000,0.015
702565200000,0.007
702568800000,0.01
702572400000,0.011
702576000000,0.008
702579600000,0.006
702583200000,0.004
702586800000,0.004
702590400000,0.01
702594000000,0.031
702597600000,0.058
702601200000,0.09
702604800000,0.078
702608400000,0.042
702612000000,0.01
702615600000,0.0
702619200000,0.0
702622800000,0.002
702626400000,0.044
702630000000,0.119
702633600000,0.199
702637200000,0.244
702640800000,0.236
702644400000,0.201
702648000000,0.164
702651600000,0.122
702655200000,0.075
702658800000,0.034
702662400000,0.009
702666000000,0.003
702669600000,0.004
702673200000,0.016
702676800000,0.047
702680400000,0.089
702684000000,0.134
702687600000,0.214
702691200000,0.22
702694800000,0.163
702698400000,0.1
702702000000,0.048
702705600000,0.018
702709200000,0.009
702712800000,0.015
702716400000,0.024
702720000000,0.037
702723600000,0.042
702727200000,0.024
702730800000,0.004
702734400000,0.003
702738000000,0.003
702741600000,0.005
702745200000,0.011
702748800000,0.017
702752400000,0.026
702756000000,0.042
702759600000,0.064
702763200000,0.09
702766800000,0.131
702770400000,0.181
702774000000,0.251
702777600000,0.234
702781200000,0.18
702784800000,0.115
702788400000,0.058
702792000000,0.021
702795600000,0.013
702799200000,0.038
702802800000,0.103
702806400000,0.198
702810000000,0.293
702813600000,0.309
702817200000,0.195
702820800000,0.09
702824400000,0.04
702828000000,0.017
702831600000,0.006
702835200000,0.002
702838800000,0.001
702842400000,0.001
702846000000,0.001
702849600000,0.012
702853200000,0.039
702856800000,0.049
702860400000,0.035
702864000000,0.009
702867600000,0.0
702871200000,0.0
702874800000,0.0
702878400000,0.0
702882000000,0.019
702885600000,0.048
702889200000,0.076
702892800000,0.094
702896400000,0.12
702900000000,0.14
702903600000,0.106
702907200000,0.059
702910800000,0.029
702914400000,0.016
702918000000,0.009
702921600000,0.003
702925200000,0.001
702928800000,0.001
702932400000,0.001
702936000000,0.002
702939600000,0.004
702943200000,0.008
702946800000,0.009
702950400000,0.002
702954000000,0.0
702957600000,0.0
702961200000,0.0
702964800000,0.008
702968400000,0.053
702972000000,0.127
702975600000,0.201
702979200000,0.248
702982800000,0.252
702986400000,0.21
702990000000,0.141
702993600000,0.093
702997200000,0.068
703000800000,0.055
703004400000,0.041
703008000000,0.024
703011600000,0.016
703015200000,0.012
703018800000,0.008
703022400000,0.005
703026000000,0.003
703029600000,0.002
703033200000,0.001
703036800000,0.0
703040400000,0.0
703044000000,0.001
703047600000,0.01
703051200000,0.051
703054800000,0.112
703058400000,0.191
703062000000,0.255
703065600000,0.28
703069200000,0.255
703072800000,0.204
703076400000,0.153
703080000000,0.116
703083600000,0.091
703087200000,0.077
703090800000,0.072
703094400000,0.064
703098000000,0.061
703101600000,0.058
703105200000,0.057
703108800000,0.053
703112400000,0.047
703116000000,0.035
703119600000,0.025
703123200000,0.018
703126800000,0.024
703130400000,0.045
703134000000,0.06
703137600000,0.09
703141200000,0.156
703144800000,0.238
703148400000,0.285
703152000000,0.274
703155600000,0.243
703159200000,0.208
703162800000,0.18
703166400000,0.167
703170000000,0.155
703173600000,0.127
703177200000,0.086
703180800000,0.054
703184400000,0.036
703188000000,0.024
703191600000,0.018
703195200000,0.015
703198800000,0.008
703202400000,0.001
703206000000,0.0
703209600000,0.0
703213200000,0.0
703216800000,0.0
703220400000,0.001
703224000000,0.009
703227600000,0.046
703231200000,0.109
703234800000,0.175
703238400000,0.22
703242000000,0.252
703245600000,0.253
703249200000,0.207
703252800000,0.153
703256400000,0.104
703260000000,0.061
703263600000,0.031
703267200000,0.011
703270800000,0.002
703274400000,0.0
703278000000,0.0
703281600000,0.0
703285200000,0.0
703288800000,0.001
703292400000,0.002
703296000000,0.004
703299600000,0.007
703303200000,0.022
703306800000,0.054
703310400000,0.101
703314000000,0.167
703317600000,0.236
703321200000,0.289
703324800000,0.31
703328400000,0.302
703332000000,0.287
703335600000,0.254
703339200000,0.224
703342800000,0.2
703346400000,0.184
703350000000,0.176
703353600000,0.174
703357200000,0.18
703360800000,0.19
703364400000,0.201
703368000000,0.208
703371600000,0.197
703375200000,0.16
703378800000,0.107
703382400000,0.058
703386000000,0.041
703389600000,0.06
703393200000,0.116
703396800000,0.201
703400400000,0.299
703404000000,0.374
703407600000,0.413
703411200000,0.436
703414800000,0.452
703418400000,0.448
703422000000,0.391
703425600000,0.279
703429200000,0.148
703432800000,0.044
703436400000,0.002
703440000000,0.0
703443600000,0.0
703447200000,0.013
703450800000,0.045
703454400000,0.094
703458000000,0.13
703461600000,0.101
703465200000,0.075
703468800000,0.049
703472400000,0.02
703476000000,0.005
703479600000,0.001
703483200000,0.002
703486800000,0.017
703490400000,0.061
703494000000,0.102
703497600000,0.111
703501200000,0.112
703504800000,0.114
703508400000,0.071
703512000000,0.03
703515600000,0.011
703519200000,0.002
703522800000,0.0
703526400000,0.0
703530000000,0.002
703533600000,0.006
703537200000,0.01
703540800000,0.013
703544400000,0.017
703548000000,0.029
703551600000,0.073
703555200000,0.114
703558800000,0.112
703562400000,0.076
703566000000,0.05
703569600000,0.079
703573200000,0.191
703576800000,0.323
703580400000,0.376
703584000000,0.318
703587600000,0.205
703591200000,0.104
703594800000,0.04
703598400000,0.015
703602000000,0.01
703605600000,0.01
703609200000,0.008
703612800000,0.005
703616400000,0.002
703620000000,0.0
703623600000,0.0
703627200000,0.0
703630800000,0.0
703634400000,0.0
703638000000,0.0
703641600000,0.002
703645200000,0.002
703648800000,0.003
703652400000,0.014
703656000000,0.055
703659600000,0.115
703663200000,0.151
703666800000,0.145
703670400000,0.107
703674000000,0.067
703677600000,0.041
703681200000,0.021
703684800000,0.013
703688400000,0.008
703692000000,0.003
703695600000,0.001
703699200000,0.0
703702800000,0.0
703706400000,0.0
703710000000,0.0
703713600000,0.0
703717200000,0.0
703720800000,0.0
703724400000,0.0
703728000000,0.0
703731600000,0.0
703735200000,0.0
703738800000,0.007
703742400000,0.051
703746000000,0.099
703749600000,0.115
703753200000,0.122
703756800000,0.138
703760400000,0.148
703764000000,0.12
703767600000,0.077
703771200000,0.051
703774800000,0.041
703778400000,0.034
703782000000,0.025
703785600000,0.017
703789200000,0.009
703792800000,0.002
703796400000,0.0
703800000000,0.0
703803600000,0.001
703807200000,0.007
703810800000,0.036
703814400000,0.056
703818000000,0.058
703821600000,0.045
703825200000,0.035
703828800000,0.054
703832400000,0.124
703836000000,0.233
703839600000,0.306
703843200000,0.297
703846800000,0.225
703850400000,0.14
703854000000,0.082
703857600000,0.045
703861200000,0.021
703864800000,0.007
703868400000,0.002
703872000000,0.0
703875600000,0.0
703879200000,0.0
703882800000,0.0
703886400000,0.0
703890000000,0.0
703893600000,0.0
703897200000,0.001
703900800000,0.004
703904400000,0.005
703908000000,0.006
703911600000,0.012
703915200000,0.037
703918800000,0.093
703922400000,0.173
703926000000,0.248
703929600000,0.266
703933200000,0.22
703936800000,0.136
703940400000,0.064
703944000000,0.02
703947600000,0.001
703951200000,0.0
703954800000,0.0
703958400000,0.0
703962000000,0.0
703965600000,0.0
703969200000,0.0
703972800000,0.0
703976400000,0.0
703980000000,0.0
703983600000,0.0
703987200000,0.0
703990800000,0.0
703994400000,0.001
703998000000,0.003
704001600000,0.007
704005200000,0.011
704008800000,0.017
704012400000,0.038
704016000000,0.069
704019600000,0.122
704023200000,0.151
704026800000,0.118
704030400000,0.057
704034000000,0.024
704037600000,0.022
704041200000,0.039
704044800000,0.064
704048400000,0.082
704052000000,0.103
704055600000,0.125
704059200000,0.139
704062800000,0.139
704066400000,0.122
704070000000,0.152
704073600000,0.139
704077200000,0.084
704080800000,0.028
704084400000,0.006
704088000000,0.009
704091600000,0.017
704095200000,0.024
704098800000,0.034
704102400000,0.041
704106000000,0.042
704109600000,0.04
704113200000,0.045
704116800000,0.055
704120400000,0.034
704124000000,0.021
704127600000,0.063
704131200000,0.131
704134800000,0.204
704138400000,0.267
704142000000,0.305
704145600000,0.32
704149200000,0.3
704152800000,0.243
704156400000,0.287
704160000000,0.262
704163600000,0.172
704167200000,0.074
704170800000,0.013
704174400000,0.024
704178000000,0.037
704181600000,0.061
704185200000,0.091
704188800000,0.116
704192400000,0.126
704196000000,0.127
704199600000,0.11
704203200000,0.087
704206800000,0.06
704210400000,0.031
704214000000,0.011
704217600000,0.004
704221200000,0.013
704224800000,0.038
704228400000,0.062
704232000000,0.091
704235600000,0.123
704239200000,0.145
704242800000,0.197
704246400000,0.184
704250000000,0.123
704253600000,0.053
704257200000,0.009
704260800000,0.003
704264400000,0.003
704268000000,0.029
704271600000,0.093
704275200000,0.137
704278800000,0.152
704282400000,0.162
704286000000,0.108
704289600000,0.058
704293200000,0.025
704296800000,0.01
704300400000,0.006
704304000000,0.024
704307600000,0.064
704311200000,0.109
704314800000,0.153
704318400000,0.193
704322000000,0.231
704325600000,0.255
704329200000,0.305
704332800000,0.245
704336400000,0.142
704340000000,0.058
704343600000,0.015
704347200000,0.003
704350800000,0.001
704354400000,0.042
704358000000,0.138
704361600000,0.233
704365200000,0.334
704368800000,0.344
704372400000,0.251
704376000000,0.161
704379600000,0.113
704383200000,0.081
704386800000,0.049
704390400000,0.026
704394000000,0.014
704397600000,0.009
704401200000,0.009
704404800000,0.019
704408400000,0.04
704412000000,0.061
704415600000,0.089
704419200000,0.087
704422800000,0.059
704426400000,0.024
704430000000,0.005
704433600000,0.0
704437200000,0.001
704440800000,0.016
704444400000,0.063
704448000000,0.11
704451600000,0.129
704455200000,0.137
704458800000,0.082
704462400000,0.035
704466000000,0.019
704469600000,0.015
704473200000,0.011
704476800000,0.002
704480400000,0.004
704484000000,0.008
704487600000,0.014
704491200000,0.022
704494800000,0.035
704498400000,0.041
704502000000,0.048
704505600000,0.029
704509200000,0.013
704512800000,0.003
704516400000,0.0
704520000000,0.0
704523600000,0.0
704527200000,0.02
704530800000,0.079
704534400000,0.134
704538000000,0.178
704541600000,0.251
704545200000,0.212
704548800000,0.123
704552400000,0.058
704556000000,0.027
704559600000,0.013
704563200000,0.006
704566800000,0.002
704570400000,0.001
704574000000,0.0
704577600000,0.003
704581200000,0.022
704584800000,0.046
704588400000,0.039
704592000000,0.009
704595600000,0.0
704599200000,0.0
704602800000,0.0
704606400000,0.006
704610000000,0.057
704613600000,0.16
704617200000,0.288
704620800000,0.394
704624400000,0.444
704628000000,0.429
704631600000,0.389
704635200000,0.364
704638800000,0.356
704642400000,0.347
704646000000,0.308
704649600000,0.249
704653200000,0.162
704656800000,0.087
704660400000,0.037
704664000000,0.018
704667600000,0.024
704671200000,0.045
704674800000,0.072
704678400000,0.062
704682000000,0.031
704685600000,0.006
704689200000,0.0
704692800000,0.001
704696400000,0.008
704700000000,0.052
704703600000,0.109
704707200000,0.15
704710800000,0.177
704714400000,0.184
704718000000,0.133
704721600000,0.073
704725200000,0.03
704728800000,0.006
704732400000,0.0
704736000000,0.0
704739600000,0.006
704743200000,0.025
704746800000,0.062
704750400000,0.121
704754000000,0.176
704757600000,0.211
704761200000,0.222
704764800000,0.17
704768400000,0.085
704772000000,0.017
704775600000,0.0
704779200000,0.0
704782800000,0.009
704786400000,0.028
704790000000,0.041
704793600000,0.048
704797200000,0.047
704800800000,0.04
704804400000,0.006
704808000000,0.0
704811600000,0.003
704815200000,0.011
704818800000,0.028
704822400000,0.036
704826000000,0.039
704829600000,0.045
704833200000,0.047
704836800000,0.049
704840400000,0.047
704844000000,0.047
704847600000,0.053
704851200000,0.031
704854800000,0.009
704858400000,0.002
704862000000,0.003
704865600000,0.011
704869200000,0.035
704872800000,0.084
704876400000,0.108
704880000000,0.08
704883600000,0.046
704887200000,0.039
704890800000,0.035
704894400000,0.042
704898000000,0.049
704901600000,0.105
704905200000,0.158
704908800000,0.208
704912400000,0.247
704916000000,0.237
704919600000,0.205
704923200000,0.185
704926800000,0.179
704930400000,0.175
704934000000,0.283
704937600000,0.331
704941200000,0.294
704944800000,0.223
704948400000,0.141
704952000000,0.082
704955600000,0.058
704959200000,0.133
704962800000,0.152
704966400000,0.158
704970000000,0.139
704973600000,0.111
704977200000,0.094
704980800000,0.069
704984400000,0.049
704988000000,0.036
704991600000,0.031
704995200000,0.031
704998800000,0.035
705002400000,0.034
705006000000,0.031
705009600000,0.034
705013200000,0.059
705016800000,0.134
705020400000,0.313
705024000000,0.391
705027600000,0.347
705031200000,0.243
705034800000,0.124
705038400000,0.045
705042000000,0.03
705045600000,0.072
705049200000,0.086
705052800000,0.106
705056400000,0.138
705060000000,0.154
705063600000,0.131
705067200000,0.089
705070800000,0.051
705074400000,0.029
705078000000,0.008
705081600000,0.009
705085200000,0.034
705088800000,0.071
705092400000,0.105
705096000000,0.126
705099600000,0.126
705103200000,0.121
705106800000,0.152
705110400000,0.129
705114000000,0.071
705117600000,0.02
705121200000,0.001
705124800000,0.001
705128400000,0.002
705132000000,0.032
705135600000,0.099
705139200000,0.192
705142800000,0.21
705146400000,0.229
705150000000,0.164
705153600000,0.096
705157200000,0.053
705160800000,0.023
705164400000,0.015
705168000000,0.035
705171600000,0.069
705175200000,0.106
705178800000,0.132
705182400000,0.147
705186000000,0.159
705189600000,0.175
705193200000,0.176
705196800000,0.122
705200400000,0.054
705204000000,0.012
705207600000,0.003
705211200000,0.009
705214800000,0.057
705218400000,0.134
705222000000,0.221
705225600000,0.255
705229200000,0.237
705232800000,0.185
705236400000,0.108
705240000000,0.048
705243600000,0.014
705247200000,0.002
705250800000,0.0
705254400000,0.0
705258000000,0.0
705261600000,0.0
705265200000,0.0
705268800000,0.0
705272400000,0.0
705276000000,0.001
705279600000,0.0
705283200000,0.001
705286800000,0.0
705290400000,0.0
705294000000,0.0
705297600000,0.006
705301200000,0.036
705304800000,0.083
705308400000,0.117
705312000000,0.123
705315600000,0.112
705319200000,0.098
705322800000,0.081
705326400000,0.066
705330000000,0.053
705333600000,0.043
705337200000,0.032
705340800000,0.014
705344400000,0.003
705348000000,0.0
705351600000,0.0
705355200000,0.0
705358800000,0.0
705362400000,0.0
705366000000,0.0
705369600000,0.0
705373200000,0.0
705376800000,0.0
705380400000,0.002
705384000000,0.058
705387600000,0.137
705391200000,0.205
705394800000,0.238
705398400000,0.236
705402000000,0.211
705405600000,0.173
705409200000,0.132
705412800000,0.11
705416400000,0.106
705420000000,0.112
705423600000,0.123
705427200000,0.135
705430800000,0.138
705434400000,0.127
705438000000,0.114
705441600000,0.104
705445200000,0.1
705448800000,0.104
705452400000,0.118
705456000000,0.119
705459600000,0.122
705463200000,0.166
705466800000,0.238
705470400000,0.315
705474000000,0.376
705477600000,0.383
705481200000,0.318
705484800000,0.209
705488400000,0.122
705492000000,0.068
705495600000,0.032
705499200000,0.013
705502800000,0.006
705506400000,0.002
705510000000,0.001
705513600000,0.0
705517200000,0.0
705520800000,0.001
705524400000,0.008
705528000000,0.022
705531600000,0.041
705535200000,0.054
705538800000,0.071
705542400000,0.075
705546000000,0.047
705549600000,0.014
705553200000,0.001
705556800000,0.0
705560400000,0.0
705564000000,0.002
705567600000,0.017
705571200000,0.037
705574800000,0.047
705578400000,0.053
705582000000,0.046
705585600000,0.028
705589200000,0.012
705592800000,0.003
705596400000,0.001
705600000000,0.004
705603600000,0.017
705607200000,0.041
705610800000,0.065
705614400000,0.08
705618000000,0.084
705621600000,0.088
705625200000,0.096
705628800000,0.075
705632400000,0.034
705636000000,0.003
705639600000,0.0
705643200000,0.001
705646800000,0.007
705650400000,0.035
705654000000,0.076
705657600000,0.115
705661200000,0.133
705664800000,0.113
705668400000,0.075
705672000000,0.038
705675600000,0.012
705679200000,0.002
705682800000,0.0
705686400000,0.004
705690000000,0.021
705693600000,0.049
705697200000,0.073
705700800000,0.095
705704400000,0.116
705708000000,0.13
705711600000,0.173
705715200000,0.178
705718800000,0.142
705722400000,0.082
705726000000,0.027
705729600000,0.002
705733200000,0.0
705736800000,0.0
705740400000,0.01
705744000000,0.043
705747600000,0.086
705751200000,0.107
705754800000,0.096
705758400000,0.072
705762000000,0.045
705765600000,0.023
705769200000,0.01
705772800000,0.005
705776400000,0.003
705780000000,0.007
705783600000,0.023
705787200000,0.05
705790800000,0.079
705794400000,0.095
705798000000,0.118
705801600000,0.115
705805200000,0.093
705808800000,0.051
705812400000,0.012
705816000000,0.001
705819600000,0.0
705823200000,0.0
705826800000,0.003
705830400000,0.01
705834000000,0.01
705837600000,0.006
705841200000,0.004
705844800000,0.003
705848400000,0.002
705852000000,0.002
705855600000,0.003
705859200000,0.01
705862800000,0.022
705866400000,0.034
705870000000,0.043
705873600000,0.056
705877200000,0.069
705880800000,0.073
705884400000,0.082
705888000000,0.076
705891600000,0.051
705895200000,0.024
705898800000,0.005
705902400000,0.001
705906000000,0.002
705909600000,0.006
705913200000,0.004
705916800000,0.0
705920400000,0.0
705924000000,0.0
705927600000,0.002
705931200000,0.005
705934800000,0.006
705938400000,0.004
705942000000,0.002
705945600000,0.001
705949200000,0.0
705952800000,0.0
705956400000,0.0
705960000000,0.0
705963600000,0.002
705967200000,0.004
705970800000,0.012
705974400000,0.024
705978000000,0.03
705981600000,0.027
705985200000,0.022
705988800000,0.017
705992400000,0.015
705996000000,0.016
705999600000,0.02
706003200000,0.024
706006800000,0.03
706010400000,0.035
706014000000,0.035
706017600000,0.03
706021200000,0.02
706024800000,0.014
706028400000,0.011
706032000000,0.008
706035600000,0.005
706039200000,0.002
706042800000,0.001
706046400000,0.0
706050000000,0.0
706053600000,0.001
706057200000,0.006
706060800000,0.019
706064400000,0.035
706068000000,0.04
706071600000,0.037
706075200000,0.035
706078800000,0.046
706082400000,0.06
706086000000,0.072
706089600000,0.083
706093200000,0.085
706096800000,0.086
706100400000,0.082
706104000000,0.076
706107600000,0.066
706111200000,0.044
706114800000,0.023
706118400000,0.013
706122000000,0.011
706125600000,0.012
706129200000,0.02
706132800000,0.028
706136400000,0.033
706140000000,0.037
706143600000,0.042
706147200000,0.045
706150800000,0.045
706154400000,0.056
706158000000,0.072
706161600000,0.102
706165200000,0.142
706168800000,0.172
706172400000,0.182
706176000000,0.172
706179600000,0.15
706183200000,0.124
706186800000,0.095
706190400000,0.069
706194000000,0.044
706197600000,0.02
706201200000,0.005
706204800000,0.0
706208400000,0.0
706212000000,0.0
706215600000,0.002
706219200000,0.001
706222800000,0.0
706226400000,0.0
706230000000,0.0
706233600000,0.001
706237200000,0.005
706240800000,0.018
706244400000,0.037
706248000000,0.059
706251600000,0.084
706255200000,0.101
706258800000,0.1
706262400000,0.085
706266000000,0.071
706269600000,0.055
706273200000,0.035
706276800000,0.02
706280400000,0.01
706284000000,0.005
706287600000,0.002
706291200000,0.0
706294800000,0.0
706298400000,0.0
706302000000,0.0
706305600000,0.0
706309200000,0.0
706312800000,0.0
706316400000,0.0
706320000000,0.001
706323600000,0.003
706327200000,0.008
706330800000,0.011
706334400000,0.012
706338000000,0.011
706341600000,0.006
706345200000,0.003
706348800000,0.002
706352400000,0.002
706356000000,0.003
706359600000,0.003
706363200000,0.002
706366800000,0.003
706370400000,0.005
706374000000,0.013
706377600000,0.014
706381200000,0.005
706384800000,0.006
706388400000,0.012
706392000000,0.022
706395600000,0.021
706399200000,0.006
706402800000,0.0
706406400000,0.0
706410000000,0.0
706413600000,0.001
706417200000,0.007
706420800000,0.023
706424400000,0.057
706428000000,0.095
706431600000,0.123
706435200000,0.127
706438800000,0.108
706442400000,0.086
706446000000,0.068
706449600000,0.05
706453200000,0.041
706456800000,0.035
706460400000,0.024
706464000000,0.014
706467600000,0.01
706471200000,0.007
706474800000,0.005
706478400000,0.003
706482000000,0.002
706485600000,0.001
706489200000,0.001
706492800000,0.002
706496400000,0.005
706500000000,0.017
706503600000,0.042
706507200000,0.068
706510800000,0.094
706514400000,0.113
706518000000,0.118
706521600000,0.11
706525200000,0.079
706528800000,0.052
706532400000,0.03
706536000000,0.018
706539600000,0.012
706543200000,0.009
706546800000,0.009
706550400000,0.009
706554000000,0.008
706557600000,0.007
706561200000,0.006
706564800000,0.007
706568400000,0.01
706572000000,0.018
706575600000,0.036
706579200000,0.059
706582800000,0.084
706586400000,0.112
706590000000,0.139
706593600000,0.148
706597200000,0.139
706600800000,0.124
706604400000,0.106
706608000000,0.084
706611600000,0.076
706615200000,0.081
706618800000,0.079
706622400000,0.073
706626000000,0.068
706629600000,0.06
706633200000,0.04
706636800000,0.025
706640400000,0.021
706644000000,0.021
706647600000,0.02
706651200000,0.017
706654800000,0.01
706658400000,0.005
706662000000,0.005
706665600000,0.009
706669200000,0.015
706672800000,0.023
706676400000,0.03
706680000000,0.036
706683600000,0.039
706687200000,0.039
706690800000,0.037
706694400000,0.032
706698000000,0.028
706701600000,0.032
706705200000,0.038
706708800000,0.048
706712400000,0.054
706716000000,0.038
706719600000,0.025
706723200000,0.021
706726800000,0.021
706730400000,0.019
706734000000,0.014
706737600000,0.008
706741200000,0.003
706744800000,0.001
706748400000,0.0
706752000000,0.0
706755600000,0.0
706759200000,0.0
706762800000,0.0
706766400000,0.007
706770000000,0.054
706773600000,0.1
706777200000,0.128
706780800000,0.133
706784400000,0.12
706788000000,0.101
706791600000,0.095
706795200000,0.1
706798800000,0.101
706802400000,0.09
706806000000,0.082
706809600000,0.076
706813200000,0.061
706816800000,0.035
706820400000,0.014
706824000000,0.008
706827600000,0.003
706831200000,0.0
706834800000,0.0
706838400000,0.0
706842000000,0.002
706845600000,0.011
706849200000,0.031
706852800000,0.069
706856400000,0.127
706860000000,0.194
706863600000,0.248
706867200000,0.265
706870800000,0.244
706874400000,0.217
706878000000,0.214
706881600000,0.246
706885200000,0.265
706888800000,0.289
706892400000,0.291
706896000000,0.251
706899600000,0.199
706903200000,0.165
706906800000,0.151
706910400000,0.151
706914000000,0.156
706917600000,0.156
706921200000,0.157
706924800000,0.182
706928400000,0.226
706932000000,0.293
706935600000,0.364
706939200000,0.42
706942800000,0.464
706946400000,0.483
706950000000,0.479
706953600000,0.455
706957200000,0.413
706960800000,0.403
706964400000,0.441
706968000000,0.501
706971600000,0.586
706975200000,0.626
706978800000,0.599
706982400000,0.539
706986000000,0.45
706989600000,0.384
706993200000,0.367
706996800000,0.339
707000400000,0.292
707004000000,0.206
707007600000,0.13
707011200000,0.095
707014800000,0.076
707018400000,0.065
707022000000,0.054
707025600000,0.042
707029200000,0.038
707032800000,0.042
707036400000,0.049
707040000000,0.055
707043600000,0.053
707047200000,0.05
707050800000,0.048
707054400000,0.04
707058000000,0.027
707061600000,0.018
707065200000,0.018
707068800000,0.016
707072400000,0.009
707076000000,0.004
707079600000,0.001
707083200000,0.0
707086800000,0.0
707090400000,0.0
707094000000,0.0
707097600000,0.0
707101200000,0.0
707104800000,0.0
707108400000,0.004
707112000000,0.023
707115600000,0.063
707119200000,0.115
707122800000,0.148
707126400000,0.164
707130000000,0.144
707133600000,0.118
707137200000,0.125
707140800000,0.171
707144400000,0.237
707148000000,0.289
707151600000,0.296
707155200000,0.302
707158800000,0.323
707162400000,0.352
707166000000,0.34
707169600000,0.315
707173200000,0.288
707176800000,0.253
707180400000,0.223
707184000000,0.204
707187600000,0.21
707191200000,0.249
707194800000,0.325
707198400000,0.398
707202000000,0.452
707205600000,0.488
707209200000,0.479
707212800000,0.411
707216400000,0.325
707220000000,0.314
707223600000,0.333
707227200000,0.344
707230800000,0.341
707234400000,0.345
707238000000,0.362
707241600000,0.379
707245200000,0.394
707248800000,0.4
707252400000,0.381
707256000000,0.361
707259600000,0.346
707263200000,0.329
707266800000,0.315
707270400000,0.362
707274000000,0.401
707277600000,0.442
707281200000,0.484
707284800000,0.516
707288400000,0.552
707292000000,0.574
707295600000,0.552
707299200000,0.459
707302800000,0.358
707306400000,0.305
707310000000,0.289
707313600000,0.282
707317200000,0.279
707320800000,0.295
707324400000,0.32
707328000000,0.355
707331600000,0.391
707335200000,0.419
707338800000,0.43
707342400000,0.422
707346000000,0.422
707349600000,0.403
707353200000,0.35
707356800000,0.319
707360400000,0.335
707364000000,0.362
707367600000,0.366
707371200000,0.341
707374800000,0.3
707378400000,0.259
707382000000,0.196
707385600000,0.154
707389200000,0.077
707392800000,0.023
707396400000,0.006
707400000000,0.003
707403600000,0.003
707407200000,0.003
707410800000,0.001
707414400000,0.0
707418000000,0.0
707421600000,0.0
707425200000,0.0
707428800000,0.0
707432400000,0.001
707436000000,0.004
707439600000,0.009
707443200000,0.018
707446800000,0.035
707450400000,0.051
707454000000,0.055
707457600000,0.053
707461200000,0.055
707464800000,0.068
707468400000,0.093
707472000000,0.115
707475600000,0.058
707479200000,0.024
707482800000,0.039
707486400000,0.099
707490000000,0.126
707493600000,0.064
707497200000,0.029
707500800000,0.025
707504400000,0.018
707508000000,0.009
707511600000,0.003
707515200000,0.001
707518800000,0.001
707522400000,0.0
707526000000,0.0
707529600000,0.0
707533200000,0.0
707536800000,0.0
707540400000,0.0
707544000000,0.005
707547600000,0.014
707551200000,0.026
707554800000,0.039
707558400000,0.036
707562000000,0.026
707565600000,0.043
707569200000,0.042
707572800000,0.027
707576400000,0.015
707580000000,0.01
707583600000,0.013
707587200000,0.016
707590800000,0.01
707594400000,0.006
707598000000,0.006
707601600000,0.007
707605200000,0.009
707608800000,0.012
707612400000,0.011
707616000000,0.008
707619600000,0.005
707623200000,0.003
707626800000,0.001
707630400000,0.001
707634000000,0.001
707637600000,0.002
707641200000,0.006
707644800000,0.01
707648400000,0.015
707652000000,0.021
707655600000,0.022
707659200000,0.016
707662800000,0.008
707666400000,0.003
707670000000,0.001
707673600000,0.001
707677200000,0.0
707680800000,0.0
707684400000,0.0
707688000000,0.0
707691600000,0.001
707695200000,0.004
707698800000,0.007
707702400000,0.009
707706000000,0.015
707709600000,0.022
707713200000,0.025
707716800000,0.019
707720400000,0.008
707724000000,0.001
707727600000,0.0
707731200000,0.005
707734800000,0.024
707738400000,0.074
707742000000,0.094
707745600000,0.071
707749200000,0.039
707752800000,0.016
707756400000,0.004
707760000000,0.001
707763600000,0.0
707767200000,0.0
707770800000,0.001
707774400000,0.002
707778000000,0.004
707781600000,0.005
707785200000,0.007
707788800000,0.011
707792400000,0.015
707796000000,0.018
707799600000,0.016
707803200000,0.009
707806800000,0.003
707810400000,0.0
707814000000,0.0
707817600000,0.005
707821200000,0.012
707824800000,0.036
707828400000,0.048
707832000000,0.032
707835600000,0.011
707839200000,0.001
707842800000,0.0
707846400000,0.0
707850000000,0.0
707853600000,0.001
707857200000,0.001
707860800000,0.003
707864400000,0.004
707868000000,0.003
707871600000,0.001
707875200000,0.0
707878800000,0.002
707882400000,0.014
707886000000,0.04
707889600000,0.061
707893200000,0.066
707896800000,0.059
707900400000,0.048
707904000000,0.038
707907600000,0.033
707911200000,0.033
707914800000,0.033
707918400000,0.035
707922000000,0.033
707925600000,0.03
707929200000,0.025
707932800000,0.02
707936400000,0.016
707940000000,0.012
707943600000,0.008
707947200000,0.004
707950800000,0.002
707954400000,0.001
707958000000,0.001
707961600000,0.001
707965200000,0.002
707968800000,0.002
707972400000,0.001
707976000000,0.001
707979600000,0.001
707983200000,0.001
707986800000,0.001
707990400000,0.002
707994000000,0.004
707997600000,0.009
708001200000,0.013
708004800000,0.01
708008400000,0.005
708012000000,0.002
708015600000,0.001
708019200000,0.0
708022800000,0.0
708026400000,0.0
708030000000,0.0
708033600000,0.0
708037200000,0.0
708040800000,0.0
708044400000,0.001
708048000000,0.003
708051600000,0.003
708055200000,0.001
708058800000,0.0
708062400000,0.0
708066000000,0.0
708069600000,0.0
708073200000,0.0
708076800000,0.005
708080400000,0.006
708084000000,0.005
708087600000,0.004
708091200000,0.003
708094800000,0.001
708098400000,0.0
708102000000,0.0
708105600000,0.002
708109200000,0.02
708112800000,0.081
708116400000,0.16
708120000000,0.2
708123600000,0.196
708127200000,0.147
708130800000,0.094
708134400000,0.072
708138000000,0.067
708141600000,0.061
708145200000,0.053
708148800000,0.046
708152400000,0.036
708156000000,0.018
708159600000,0.007
708163200000,0.003
708166800000,0.001
708170400000,0.001
708174000000,0.003
708177600000,0.004
708181200000,0.006
708184800000,0.009
708188400000,0.015
708192000000,0.022
708195600000,0.029
708199200000,0.033
708202800000,0.032
708206400000,0.029
708210000000,0.025
708213600000,0.018
708217200000,0.015
708220800000,0.025
708224400000,0.048
708228000000,0.078
708231600000,0.08
708235200000,0.043
708238800000,0.01
708242400000,0.0
708246000000,0.0
708249600000,0.001
708253200000,0.003
708256800000,0.005
708260400000,0.007
708264000000,0.008
708267600000,0.007
708271200000,0.008
708274800000,0.009
708278400000,0.01
708282000000,0.01
708285600000,0.008
708289200000,0.006
708292800000,0.003
708296400000,0.002
708300000000,0.001
708303600000,0.002
708307200000,0.006
708310800000,0.011
708314400000,0.013
708318000000,0.017
708321600000,0.018
708325200000,0.018
708328800000,0.015
708332400000,0.011
708336000000,0.008
708339600000,0.006
708343200000,0.004
708346800000,0.003
708350400000,0.001
708354000000,0.0
708357600000,0.0
708361200000,0.0
708364800000,0.002
708368400000,0.014
708372000000,0.035
708375600000,0.068
708379200000,0.096
708382800000,0.088
708386400000,0.06
708390000000,0.058
708393600000,0.073
708397200000,0.083
708400800000,0.069
708404400000,0.063
708408000000,0.062
708411600000,0.055
708415200000,0.042
708418800000,0.027
708422400000,0.01
708426000000,0.003
708429600000,0.001
708433200000,0.007
708436800000,0.025
708440400000,0.049
708444000000,0.069
708447600000,0.065
708451200000,0.05
708454800000,0.039
708458400000,0.033
708462000000,0.033
708465600000,0.038
708469200000,0.046
708472800000,0.051
708476400000,0.086
708480000000,0.123
708483600000,0.123
708487200000,0.093
708490800000,0.061
708494400000,0.031
708498000000,0.01
708501600000,0.001
708505200000,0.001
708508800000,0.005
708512400000,0.014
708516000000,0.031
708519600000,0.044
708523200000,0.041
708526800000,0.035
708530400000,0.031
708534000000,0.028
708537600000,0.035
708541200000,0.049
708544800000,0.061
708548400000,0.066
708552000000,0.062
708555600000,0.057
708559200000,0.046
708562800000,0.056
708566400000,0.054
708570000000,0.031
708573600000,0.009
708577200000,0.001
708580800000,0.0
708584400000,0.0
708588000000,0.0
708591600000,0.002
708595200000,0.015
708598800000,0.043
708602400000,0.099
708606000000,0.124
708609600000,0.112
708613200000,0.078
708616800000,0.05
708620400000,0.028
708624000000,0.014
708627600000,0.008
708631200000,0.006
708634800000,0.003
708638400000,0.013
708642000000,0.035
708645600000,0.049
708649200000,0.057
708652800000,0.068
708656400000,0.058
708660000000,0.037
708663600000,0.024
708667200000,0.012
708670800000,0.003
708674400000,0.0
708678000000,0.0
708681600000,0.0
708685200000,0.003
708688800000,0.015
708692400000,0.026
708696000000,0.021
708699600000,0.009
708703200000,0.002
708706800000,0.001
708710400000,0.002
708714000000,0.007
708717600000,0.019
708721200000,0.037
708724800000,0.052
708728400000,0.063
708732000000,0.07
708735600000,0.086
708739200000,0.083
708742800000,0.075
708746400000,0.054
708750000000,0.026
708753600000,0.005
708757200000,0.001
708760800000,0.002
708764400000,0.021
708768000000,0.054
708771600000,0.082
708775200000,0.093
708778800000,0.076
708782400000,0.051
708786000000,0.035
708789600000,0.027
708793200000,0.019
708796800000,0.011
708800400000,0.01
708804000000,0.01
708807600000,0.005
708811200000,0.001
708814800000,0.0
708818400000,0.0
708822000000,0.0
708825600000,0.0
708829200000,0.0
708832800000,0.0
708836400000,0.0
708840000000,0.0
708843600000,0.0
708847200000,0.0
708850800000,0.008
708854400000,0.02
708858000000,0.033
708861600000,0.061
708865200000,0.096
708868800000,0.116
708872400000,0.106
708876000000,0.068
708879600000,0.023
708883200000,0.004
708886800000,0.0
708890400000,0.0
708894000000,0.0
708897600000,0.0
708901200000,0.0
708904800000,0.001
708908400000,0.004
708912000000,0.008
708915600000,0.012
708919200000,0.013
708922800000,0.008
708926400000,0.003
708930000000,0.001
708933600000,0.0
708937200000,0.0
708940800000,0.0
708944400000,0.001
708948000000,0.002
708951600000,0.004
708955200000,0.013
708958800000,0.034
708962400000,0.065
708966000000,0.08
708969600000,0.087
708973200000,0.094
708976800000,0.105
708980400000,0.122
708984000000,0.134
708987600000,0.125
708991200000,0.102
708994800000,0.098
708998400000,0.085
709002000000,0.048
709005600000,0.014
709009200000,0.002
709012800000,0.001
709016400000,0.008
709020000000,0.036
709023600000,0.062
709027200000,0.076
709030800000,0.079
709034400000,0.081
709038000000,0.066
709041600000,0.035
709045200000,0.012
709048800000,0.004
709052400000,0.002
709056000000,0.002
709059600000,0.003
709063200000,0.006
709066800000,0.015
709070400000,0.032
709074000000,0.048
709077600000,0.051
709081200000,0.058
709084800000,0.058
709088400000,0.048
709092000000,0.029
709095600000,0.011
709099200000,0.002
709102800000,0.001
709106400000,0.014
709110000000,0.048
709113600000,0.089
709117200000,0.102
709120800000,0.084
709124400000,0.051
709128000000,0.026
709131600000,0.012
709135200000,0.005
709138800000,0.003
709142400000,0.001
709146000000,0.0
709149600000,0.0
709153200000,0.0
709156800000,0.001
709160400000,0.004
709164000000,0.006
709167600000,0.014
709171200000,0.023
709174800000,0.019
709178400000,0.007
709182000000,0.002
709185600000,0.002
709189200000,0.01
709192800000,0.028
709196400000,0.041
709200000000,0.063
709203600000,0.069
709207200000,0.059
709210800000,0.048
709214400000,0.042
709218000000,0.035
709221600000,0.027
709225200000,0.028
709228800000,0.031
709232400000,0.019
709236000000,0.004
709239600000,0.0
709243200000,0.0
709246800000,0.0
709250400000,0.0
709254000000,0.001
709257600000,0.001
709261200000,0.001
709264800000,0.0
709268400000,0.0
709272000000,0.0
709275600000,0.0
709279200000,0.008
709282800000,0.039
709286400000,0.072
709290000000,0.089
709293600000,0.1
709297200000,0.102
709300800000,0.089
709304400000,0.076
709308000000,0.066
709311600000,0.035
709315200000,0.012
709318800000,0.004
709322400000,0.001
709326000000,0.0
709329600000,0.0
709333200000,0.0
709336800000,0.0
709340400000,0.0
709344000000,0.002
709347600000,0.011
709351200000,0.02
709354800000,0.011
709358400000,0.003
709362000000,0.001
709365600000,0.001
709369200000,0.001
709372800000,0.002
709376400000,0.001
709380000000,0.0
709383600000,0.0
709387200000,0.004
709390800000,0.045
709394400000,0.108
709398000000,0.151
709401600000,0.161
709405200000,0.177
709408800000,0.204
709412400000,0.236
709416000000,0.259
709419600000,0.32
709423200000,0.37
709426800000,0.41
709430400000,0.413
709434000000,0.422
709437600000,0.432
709441200000,0.435
709444800000,0.536
709448400000,0.688
709452000000,0.725
709455600000,0.626
709459200000,0.436
709462800000,0.32
709466400000,0.352
709470000000,0.407
709473600000,0.4
709477200000,0.362
709480800000,0.311
709484400000,0.272
709488000000,0.261
709491600000,0.254
709495200000,0.231
709498800000,0.201
709502400000,0.171
709506000000,0.18
709509600000,0.205
709513200000,0.237
709516800000,0.323
709520400000,0.415
709524000000,0.491
709527600000,0.563
709531200000,0.635
709534800000,0.692
709538400000,0.712
709542000000,0.68
709545600000,0.599
709549200000,0.504
709552800000,0.457
709556400000,0.444
709560000000,0.493
709563600000,0.535
709567200000,0.582
709570800000,0.633
709574400000,0.665
709578000000,0.676
709581600000,0.666
709585200000,0.612
709588800000,0.556
709592400000,0.529
709596000000,0.516
709599600000,0.523
709603200000,0.556
709606800000,0.556
709610400000,0.545
709614000000,0.613
709617600000,0.733
709621200000,0.784
709624800000,0.782
709628400000,0.756
709632000000,0.727
709635600000,0.705
709639200000,0.694
709642800000,0.674
709646400000,0.645
709650000000,0.61
709653600000,0.63
709657200000,0.663
709660800000,0.676
709664400000,0.72
709668000000,0.79
709671600000,0.803
709675200000,0.794
709678800000,0.8
709682400000,0.82
709686000000,0.824
709689600000,0.84
709693200000,0.861
709696800000,0.873
709700400000,0.895
709704000000,0.915
709707600000,0.917
709711200000,0.887
709714800000,0.819
709718400000,0.735
709722000000,0.657
709725600000,0.606
709729200000,0.562
709732800000,0.55
709736400000,0.538
709740000000,0.527
709743600000,0.539
709747200000,0.552
709750800000,0.59
709754400000,0.606
709758000000,0.594
709761600000,0.586
709765200000,0.552
709768800000,0.495
709772400000,0.453
709776000000,0.478
709779600000,0.498
709783200000,0.484
709786800000,0.466
709790400000,0.461
709794000000,0.457
709797600000,0.434
709801200000,0.37
709804800000,0.278
709808400000,0.194
709812000000,0.16
709815600000,0.158
709819200000,0.177
709822800000,0.227
709826400000,0.177
709830000000,0.087
709833600000,0.117
709837200000,0.14
709840800000,0.137
709844400000,0.126
709848000000,0.115
709851600000,0.108
709855200000,0.107
709858800000,0.118
709862400000,0.131
709866000000,0.131
709869600000,0.131
709873200000,0.128
709876800000,0.128
709880400000,0.126
709884000000,0.12
709887600000,0.115
709891200000,0.103
709894800000,0.1
709898400000,0.113
709902000000,0.138
709905600000,0.153
709909200000,0.163
709912800000,0.174
709916400000,0.167
709920000000,0.155
709923600000,0.144
709927200000,0.128
709930800000,0.103
709934400000,0.075
709938000000,0.059
709941600000,0.057
709945200000,0.063
709948800000,0.091
709952400000,0.151
709956000000,0.227
709959600000,0.322
709963200000,0.438
709966800000,0.523
709970400000,0.553
709974000000,0.538
709977600000,0.476
709981200000,0.368
709984800000,0.264
709988400000,0.201
709992000000,0.156
709995600000,0.154
709999200000,0.187
710002800000,0.194
710006400000,0.204
710010000000,0.212
710013600000,0.213
710017200000,0.2
710020800000,0.166
710024400000,0.12
710028000000,0.085
710031600000,0.083
710035200000,0.106
710038800000,0.149
710042400000,0.198
710046000000,0.238
710049600000,0.279
710053200000,0.323
710056800000,0.352
710060400000,0.335
710064000000,0.272
710067600000,0.204
710071200000,0.175
710074800000,0.164
710078400000,0.163
710082000000,0.155
710085600000,0.15
710089200000,0.159
710092800000,0.174
710096400000,0.186
710100000000,0.2
710103600000,0.207
710107200000,0.201
710110800000,0.194
710114400000,0.216
710118000000,0.249
710121600000,0.311
710125200000,0.44
710128800000,0.585
710132400000,0.679
710136000000,0.732
710139600000,0.739
710143200000,0.707
710146800000,0.649
710150400000,0.561
710154000000,0.462
710157600000,0.386
710161200000,0.345
710164800000,0.331
710168400000,0.317
710172000000,0.334
710175600000,0.368
710179200000,0.42
710182800000,0.474
710186400000,0.516
710190000000,0.509
710193600000,0.471
710197200000,0.442
710200800000,0.425
710204400000,0.446
710208000000,0.505
710211600000,0.555
710215200000,0.584
710218800000,0.59
710222400000,0.576
710226000000,0.538
710229600000,0.501
710233200000,0.454
710236800000,0.387
710240400000,0.301
710244000000,0.24
710247600000,0.194
710251200000,0.161
710254800000,0.137
710258400000,0.125
710262000000,0.117
710265600000,0.096
710269200000,0.066
710272800000,0.035
710276400000,0.023
710280000000,0.026
710283600000,0.046
710287200000,0.072
710290800000,0.097
710294400000,0.125
710298000000,0.149
710301600000,0.167
710305200000,0.185
710308800000,0.2
710312400000,0.194
710316000000,0.19
710319600000,0.177
710323200000,0.139
710326800000,0.098
710330400000,0.076
710334000000,0.056
710337600000,0.041
710341200000,0.034
710344800000,0.039
710348400000,0.058
710352000000,0.088
710355600000,0.134
710359200000,0.196
710362800000,0.249
710366400000,0.269
710370000000,0.248
710373600000,0.174
710377200000,0.127
710380800000,0.124
710384400000,0.155
710388000000,0.196
710391600000,0.249
710395200000,0.302
710398800000,0.346
710402400000,0.369
710406000000,0.355
710409600000,0.317
710413200000,0.27
710416800000,0.225
710420400000,0.193
710424000000,0.157
710427600000,0.123
710431200000,0.106
710434800000,0.111
710438400000,0.117
710442000000,0.114
710445600000,0.115
710449200000,0.125
710452800000,0.127
710456400000,0.113
710460000000,0.104
710463600000,0.099
710467200000,0.094
710470800000,0.094
710474400000,0.102
710478000000,0.112
710481600000,0.114
710485200000,0.122
710488800000,0.137
710492400000,0.152
710496000000,0.158
710499600000,0.16
710503200000,0.167
710506800000,0.167
710510400000,0.153
710514000000,0.132
710517600000,0.107
710521200000,0.084
710524800000,0.061
710528400000,0.047
710532000000,0.039
710535600000,0.031
710539200000,0.025
710542800000,0.02
710546400000,0.017
710550000000,0.012
710553600000,0.01
710557200000,0.008
710560800000,0.004
710564400000,0.003
710568000000,0.001
710571600000,0.002
710575200000,0.008
710578800000,0.014
710582400000,0.02
710586000000,0.02
710589600000,0.021
710593200000,0.026
710596800000,0.017
710600400000,0.007
710604000000,0.001
710607600000,0.0
710611200000,0.0
710614800000,0.0
710618400000,0.0
710622000000,0.0
710625600000,0.001
710629200000,0.002
710632800000,0.003
710636400000,0.006
710640000000,0.008
710643600000,0.008
710647200000,0.007
710650800000,0.006
710654400000,0.008
710658000000,0.013
710661600000,0.023
710665200000,0.04
710668800000,0.059
710672400000,0.081
710676000000,0.092
710679600000,0.068
710683200000,0.027
710686800000,0.007
710690400000,0.002
710694000000,0.0
710697600000,0.0
710701200000,0.001
710704800000,0.002
710708400000,0.003
710712000000,0.003
710715600000,0.002
710719200000,0.001
710722800000,0.001
710726400000,0.001
710730000000,0.0
710733600000,0.0
710737200000,0.0
710740800000,0.001
710744400000,0.002
710748000000,0.001
710751600000,0.002
710755200000,0.002
710758800000,0.009
710762400000,0.022
710766000000,0.036
710769600000,0.043
710773200000,0.041
710776800000,0.037
710780400000,0.022
710784000000,0.011
710787600000,0.006
710791200000,0.005
710794800000,0.006
710798400000,0.017
710802000000,0.051
710805600000,0.099
710809200000,0.148
710812800000,0.177
710816400000,0.164
710820000000,0.187
710823600000,0.174
710827200000,0.137
710830800000,0.126
710834400000,0.136
710838000000,0.148
710841600000,0.162
710845200000,0.186
710848800000,0.272
710852400000,0.809
710856000000,0.914
710859600000,0.888
710863200000,0.835
710866800000,0.758
710870400000,0.732
710874000000,0.71
710877600000,0.695
710881200000,0.762
710884800000,0.866
710888400000,0.919
710892000000,0.916
710895600000,0.894
710899200000,0.889
710902800000,0.869
710906400000,0.847
710910000000,0.829
710913600000,0.805
710917200000,0.76
710920800000,0.699
710924400000,0.612
710928000000,0.501
710931600000,0.366
710935200000,0.297
710938800000,0.273
710942400000,0.253
710946000000,0.246
710949600000,0.233
710953200000,0.22
710956800000,0.201
710960400000,0.175
710964000000,0.144
710967600000,0.117
710971200000,0.093
710974800000,0.08
710978400000,0.061
710982000000,0.045
710985600000,0.03
710989200000,0.008
710992800000,0.0
710996400000,0.0
711000000000,0.0
711003600000,0.007
711007200000,0.057
711010800000,0.145
711014400000,0.248
711018000000,0.311
711021600000,0.344
711025200000,0.355
711028800000,0.31
711032400000,0.205
711036000000,0.094
711039600000,0.024
711043200000,0.001
711046800000,0.0
711050400000,0.0
711054000000,0.001
711057600000,0.001
711061200000,0.002
711064800000,0.002
711068400000,0.002
711072000000,0.004
711075600000,0.002
711079200000,0.001
711082800000,0.001
711086400000,0.001
711090000000,0.0
711093600000,0.0
711097200000,0.017
711100800000,0.053
711104400000,0.054
711108000000,0.015
711111600000,0.0
711115200000,0.001
711118800000,0.021
711122400000,0.097
711126000000,0.194
711129600000,0.289
711133200000,0.3
711136800000,0.227
711140400000,0.158
711144000000,0.106
711147600000,0.055
711151200000,0.019
711154800000,0.009
711158400000,0.001
711162000000,0.0
711165600000,0.0
711169200000,0.0
711172800000,0.001
711176400000,0.008
711180000000,0.016
711183600000,0.021
711187200000,0.025
711190800000,0.017
711194400000,0.007
711198000000,0.002
711201600000,0.0
711205200000,0.0
711208800000,0.0
711212400000,0.002
711216000000,0.011
711219600000,0.027
711223200000,0.047
711226800000,0.063
711230400000,0.077
711234000000,0.097
711237600000,0.114
711241200000,0.123
711244800000,0.15
711248400000,0.181
711252000000,0.194
711255600000,0.174
711259200000,0.145
711262800000,0.131
711266400000,0.135
711270000000,0.154
711273600000,0.162
711277200000,0.167
711280800000,0.176
711284400000,0.187
711288000000,0.2
711291600000,0.209
711295200000,0.223
711298800000,0.235
711302400000,0.233
711306000000,0.221
711309600000,0.2
711313200000,0.117
711316800000,0.055
711320400000,0.076
711324000000,0.076
711327600000,0.066
711331200000,0.079
711334800000,0.101
711338400000,0.12
711342000000,0.13
711345600000,0.129
711349200000,0.126
711352800000,0.126
711356400000,0.125
711360000000,0.118
711363600000,0.103
711367200000,0.092
711370800000,0.09
711374400000,0.088
711378000000,0.083
711381600000,0.076
711385200000,0.064
711388800000,0.057
711392400000,0.054
711396000000,0.049
711399600000,0.038
711403200000,0.023
711406800000,0.008
711410400000,0.003
711414000000,0.008
711417600000,0.011
711421200000,0.011
711424800000,0.016
711428400000,0.03
711432000000,0.048
711435600000,0.06
711439200000,0.063
711442800000,0.061
711446400000,0.055
711450000000,0.055
711453600000,0.072
711457200000,0.088
711460800000,0.09
711464400000,0.07
711468000000,0.058
711471600000,0.101
711475200000,0.18
711478800000,0.206
711482400000,0.2
711486000000,0.148
711489600000,0.093
711493200000,0.065
711496800000,0.07
711500400000,0.087
711504000000,0.101
711507600000,0.135
711511200000,0.213
711514800000,0.319
711518400000,0.444
711522000000,0.562
711525600000,0.616
711529200000,0.61
711532800000,0.563
711536400000,0.525
711540000000,0.501
711543600000,0.51
711547200000,0.506
711550800000,0.466
711554400000,0.441
711558000000,0.477
711561600000,0.519
711565200000,0.527
711568800000,0.557
711572400000,0.562
711576000000,0.561
711579600000,0.595
711583200000,0.7
711586800000,0.741
711590400000,0.74
711594000000,0.742
711597600000,0.754
711601200000,0.777
711604800000,0.788
711608400000,0.78
711612000000,0.767
711615600000,0.777
711619200000,0.743
711622800000,0.658
711626400000,0.601
711630000000,0.581
711633600000,0.649
711637200000,0.739
711640800000,0.873
711644400000,0.951
711648000000,0.989
711651600000,0.99
711655200000,0.991
711658800000,0.988
711662400000,0.973
711666000000,0.961
711669600000,0.949
711673200000,0.933
711676800000,0.913
711680400000,0.901
711684000000,0.908
711687600000,0.909
711691200000,0.906
711694800000,0.892
711698400000,0.859
711702000000,0.812
711705600000,0.741
711709200000,0.657
711712800000,0.628
711716400000,0.635
711720000000,0.607
711723600000,0.596
711727200000,0.589
711730800000,0.556
711734400000,0.528
711738000000,0.532
711741600000,0.56
711745200000,0.586
711748800000,0.601
711752400000,0.586
711756000000,0.55
711759600000,0.556
711763200000,0.607
711766800000,0.674
711770400000,0.707
711774000000,0.702
711777600000,0.665
711781200000,0.591
711784800000,0.488
711788400000,0.381
711792000000,0.3
711795600000,0.246
711799200000,0.235
711802800000,0.241
711806400000,0.241
711810000000,0.231
711813600000,0.202
711817200000,0.167
711820800000,0.13
711824400000,0.098
711828000000,0.074
711831600000,0.059
711835200000,0.055
711838800000,0.061
711842400000,0.07
711846000000,0.068
711849600000,0.071
711853200000,0.074
711856800000,0.061
711860400000,0.03
711864000000,0.008
711867600000,0.001
711871200000,0.0
711874800000,0.012
711878400000,0.045
711882000000,0.076
711885600000,0.108
711889200000,0.134
711892800000,0.136
711896400000,0.111
711900000000,0.083
711903600000,0.045
711907200000,0.016
711910800000,0.004
711914400000,0.0
711918000000,0.0
711921600000,0.0
711925200000,0.0
711928800000,0.0
711932400000,0.0
711936000000,0.0
711939600000,0.0
711943200000,0.0
711946800000,0.008
711950400000,0.034
711954000000,0.045
711957600000,0.046
711961200000,0.053
711964800000,0.069
711968400000,0.09
711972000000,0.099
711975600000,0.08
711979200000,0.049
711982800000,0.027
711986400000,0.027
711990000000,0.034
711993600000,0.041
711997200000,0.055
712000800000,0.097
712004400000,0.159
712008000000,0.192
712011600000,0.183
712015200000,0.151
712018800000,0.13
712022400000,0.122
712026000000,0.107
712029600000,0.076
712033200000,0.044
712036800000,0.018
712040400000,0.006
712044000000,0.008
712047600000,0.012
712051200000,0.014
712054800000,0.019
712058400000,0.024
712062000000,0.034
712065600000,0.048
712069200000,0.063
712072800000,0.072
712076400000,0.07
712080000000,0.05
712083600000,0.028
712087200000,0.02
712090800000,0.028
712094400000,0.057
712098000000,0.101
712101600000,0.146
712105200000,0.217
712108800000,0.325
712112400000,0.406
712116000000,0.42
712119600000,0.423
712123200000,0.413
712126800000,0.32
712130400000,0.173
712134000000,0.065
712137600000,0.033
712141200000,0.059
712144800000,0.139
712148400000,0.219
712152000000,0.248
712155600000,0.313
712159200000,0.354
712162800000,0.348
712166400000,0.309
712170000000,0.279
712173600000,0.289
712177200000,0.302
712180800000,0.308
712184400000,0.313
712188000000,0.298
712191600000,0.272
712195200000,0.296
712198800000,0.305
712202400000,0.282
712206000000,0.259
712209600000,0.241
712213200000,0.213
712216800000,0.186
712220400000,0.155
712224000000,0.141
712227600000,0.134
712231200000,0.157
712234800000,0.178
712238400000,0.165
712242000000,0.137
712245600000,0.118
712249200000,0.109
712252800000,0.106
712256400000,0.096
712260000000,0.08
712263600000,0.06
712267200000,0.039
712270800000,0.026
712274400000,0.015
712278000000,0.008
712281600000,0.003
712285200000,0.001
712288800000,0.0
712292400000,0.0
712296000000,0.0
712299600000,0.005
712303200000,0.035
712306800000,0.068
712310400000,0.109
712314000000,0.143
712317600000,0.215
712321200000,0.273
712324800000,0.261
712328400000,0.237
712332000000,0.208
712335600000,0.156
712339200000,0.112
712342800000,0.091
712346400000,0.097
712350000000,0.104
712353600000,0.093
712357200000,0.068
712360800000,0.036
712364400000,0.02
712368000000,0.011
712371600000,0.005
712375200000,0.011
712378800000,0.037
712382400000,0.094
712386000000,0.181
712389600000,0.297
712393200000,0.429
712396800000,0.516
712400400000,0.54
712404000000,0.556
712407600000,0.559
712411200000,0.544
712414800000,0.507
712418400000,0.462
712422000000,0.457
712425600000,0.447
712429200000,0.41
712432800000,0.376
712436400000,0.334
712440000000,0.294
712443600000,0.251
712447200000,0.197
712450800000,0.15
712454400000,0.132
712458000000,0.117
712461600000,0.109
712465200000,0.102
712468800000,0.095
712472400000,0.095
712476000000,0.098
712479600000,0.095
712483200000,0.089
712486800000,0.09
712490400000,0.1
712494000000,0.114
712497600000,0.133
712501200000,0.166
712504800000,0.22
712508400000,0.295
712512000000,0.369
712515600000,0.43
712519200000,0.445
712522800000,0.434
712526400000,0.426
712530000000,0.392
712533600000,0.329
712537200000,0.266
712540800000,0.249
712544400000,0.231
712548000000,0.207
712551600000,0.201
712555200000,0.21
712558800000,0.213
712562400000,0.202
712566000000,0.174
712569600000,0.141
712573200000,0.124
712576800000,0.132
712580400000,0.158
712584000000,0.192
712587600000,0.219
712591200000,0.221
712594800000,0.199
712598400000,0.194
712602000000,0.216
712605600000,0.195
712609200000,0.127
712612800000,0.049
712616400000,0.011
712620000000,0.006
712623600000,0.008
712627200000,0.012
712630800000,0.014
712634400000,0.02
712638000000,0.03
712641600000,0.043
712645200000,0.057
712648800000,0.063
712652400000,0.064
712656000000,0.058
712659600000,0.054
712663200000,0.05
712666800000,0.041
712670400000,0.032
712674000000,0.022
712677600000,0.012
712681200000,0.004
712684800000,0.001
712688400000,0.0
712692000000,0.0
712695600000,0.0
712699200000,0.0
712702800000,0.0
712706400000,0.0
712710000000,0.0
712713600000,0.0
712717200000,0.0
712720800000,0.0
712724400000,0.0
712728000000,0.0
712731600000,0.0
712735200000,0.002
712738800000,0.008
712742400000,0.016
712746000000,0.017
712749600000,0.017
712753200000,0.014
712756800000,0.009
712760400000,0.004
712764000000,0.003
712767600000,0.001
712771200000,0.0
712774800000,0.001
712778400000,0.003
712782000000,0.011
712785600000,0.017
712789200000,0.013
712792800000,0.003
712796400000,0.0
712800000000,0.0
712803600000,0.0
712807200000,0.0
712810800000,0.0
712814400000,0.0
712818000000,0.0
712821600000,0.0
712825200000,0.001
712828800000,0.002
712832400000,0.003
712836000000,0.006
712839600000,0.014
712843200000,0.022
712846800000,0.03
712850400000,0.037
712854000000,0.041
712857600000,0.035
712861200000,0.018
712864800000,0.004
712868400000,0.001
712872000000,0.0
712875600000,0.0
712879200000,0.0
712882800000,0.0
712886400000,0.0
712890000000,0.0
712893600000,0.0
712897200000,0.002
712900800000,0.019
712904400000,0.054
712908000000,0.104
712911600000,0.152
712915200000,0.19
712918800000,0.201
712922400000,0.192
712926000000,0.169
712929600000,0.137
712933200000,0.086
712936800000,0.036
712940400000,0.029
712944000000,0.033
712947600000,0.025
712951200000,0.021
712954800000,0.022
712958400000,0.017
712962000000,0.008
712965600000,0.003
712969200000,0.001
712972800000,0.001
712976400000,0.001
712980000000,0.005
712983600000,0.012
712987200000,0.026
712990800000,0.045
712994400000,0.063
712998000000,0.08
713001600000,0.089
713005200000,0.089
713008800000,0.083
713012400000,0.068
713016000000,0.045
713019600000,0.029
713023200000,0.029
713026800000,0.045
713030400000,0.061
713034000000,0.065
713037600000,0.063
713041200000,0.068
713044800000,0.077
713048400000,0.081
713052000000,0.077
713055600000,0.075
713059200000,0.075
713062800000,0.069
713066400000,0.066
713070000000,0.071
713073600000,0.08
713077200000,0.085
713080800000,0.078
713084400000,0.073
713088000000,0.077
713091600000,0.083
713095200000,0.096
713098800000,0.106
713102400000,0.108
713106000000,0.105
713109600000,0.103
713113200000,0.111
713116800000,0.117
713120400000,0.112
713124000000,0.11
713127600000,0.105
713131200000,0.099
713134800000,0.093
713138400000,0.079
713142000000,0.063
713145600000,0.048
713149200000,0.036
713152800000,0.035
713156400000,0.036
713160000000,0.039
713163600000,0.046
713167200000,0.051
713170800000,0.056
713174400000,0.06
713178000000,0.053
713181600000,0.047
713185200000,0.043
713188800000,0.042
713192400000,0.047
713196000000,0.057
713199600000,0.066
713203200000,0.057
713206800000,0.046
713210400000,0.039
713214000000,0.028
713217600000,0.017
713221200000,0.009
713224800000,0.004
713228400000,0.001
713232000000,0.0
713235600000,0.0
713239200000,0.0
713242800000,0.007
713246400000,0.031
713250000000,0.07
713253600000,0.118
713257200000,0.176
713260800000,0.256
713264400000,0.316
713268000000,0.323
713271600000,0.272
713275200000,0.224
713278800000,0.165
713282400000,0.124
713286000000,0.09
713289600000,0.058
713293200000,0.034
713296800000,0.019
713300400000,0.009
713304000000,0.003
713307600000,0.004
713311200000,0.031
713314800000,0.084
713318400000,0.134
713322000000,0.164
713325600000,0.177
713329200000,0.166
713332800000,0.149
713336400000,0.153
713340000000,0.176
713343600000,0.203
713347200000,0.23
713350800000,0.254
713354400000,0.254
713358000000,0.228
713361600000,0.185
713365200000,0.141
713368800000,0.105
713372400000,0.06
713376000000,0.025
713379600000,0.021
713383200000,0.061
713386800000,0.153
713390400000,0.27
713394000000,0.391
713397600000,0.425
713401200000,0.426
713404800000,0.456
713408400000,0.432
713412000000,0.364
713415600000,0.286
713419200000,0.212
713422800000,0.151
713426400000,0.125
713430000000,0.13
713433600000,0.146
713437200000,0.188
713440800000,0.265
713444400000,0.347
713448000000,0.415
713451600000,0.46
713455200000,0.472
713458800000,0.388
713462400000,0.218
713466000000,0.08
713469600000,0.041
713473200000,0.043
713476800000,0.063
713480400000,0.09
713484000000,0.112
713487600000,0.112
713491200000,0.121
713494800000,0.132
713498400000,0.131
713502000000,0.148
713505600000,0.189
713509200000,0.245
713512800000,0.328
713516400000,0.422
713520000000,0.491
713523600000,0.508
713527200000,0.497
713530800000,0.439
713534400000,0.376
713538000000,0.328
713541600000,0.283
713545200000,0.254
713548800000,0.22
713552400000,0.203
713556000000,0.207
713559600000,0.206
713563200000,0.192
713566800000,0.17
713570400000,0.125
713574000000,0.079
713577600000,0.043
713581200000,0.023
713584800000,0.011
713588400000,0.009
713592000000,0.014
713595600000,0.023
713599200000,0.032
713602800000,0.042
713606400000,0.049
713610000000,0.047
713613600000,0.039
713617200000,0.034
713620800000,0.038
713624400000,0.047
713628000000,0.067
713631600000,0.086
713635200000,0.102
713638800000,0.111
713642400000,0.105
713646000000,0.09
713649600000,0.071
713653200000,0.062
713656800000,0.05
713660400000,0.042
713664000000,0.045
713667600000,0.058
713671200000,0.076
713674800000,0.078
713678400000,0.085
713682000000,0.113
713685600000,0.142
713689200000,0.156
713692800000,0.168
713696400000,0.165
713700000000,0.159
713703600000,0.173
713707200000,0.203
713710800000,0.241
713714400000,0.28
713718000000,0.269
713721600000,0.214
713725200000,0.179
713728800000,0.171
713732400000,0.169
713736000000,0.157
713739600000,0.165
713743200000,0.191
713746800000,0.208
713750400000,0.243
713754000000,0.319
713757600000,0.37
713761200000,0.355
713764800000,0.362
713768400000,0.362
713772000000,0.365
713775600000,0.32
713779200000,0.259
713782800000,0.251
713786400000,0.286
713790000000,0.369
713793600000,0.488
713797200000,0.553
713800800000,0.626
713804400000,0.748
713808000000,0.763
713811600000,0.672
713815200000,0.593
713818800000,0.568
713822400000,0.591
713826000000,0.619
713829600000,0.629
713833200000,0.658
713836800000,0.722
713840400000,0.779
713844000000,0.817
713847600000,0.832
713851200000,0.839
713854800000,0.825
713858400000,0.797
713862000000,0.736
713865600000,0.635
713869200000,0.573
713872800000,0.543
713876400000,0.557
713880000000,0.599
713883600000,0.594
713887200000,0.633
713890800000,0.663
713894400000,0.682
713898000000,0.649
713901600000,0.636
713905200000,0.631
713908800000,0.626
713912400000,0.633
713916000000,0.555
713919600000,0.422
713923200000,0.336
713926800000,0.599
713930400000,0.851
713934000000,0.894
713937600000,0.86
713941200000,0.804
713944800000,0.743
713948400000,0.687
713952000000,0.657
713955600000,0.658
713959200000,0.657
713962800000,0.592
713966400000,0.553
713970000000,0.555
713973600000,0.585
713977200000,0.595
713980800000,0.583
713984400000,0.563
713988000000,0.528
713991600000,0.491
713995200000,0.459
713998800000,0.455
714002400000,0.417
714006000000,0.447
714009600000,0.556
714013200000,0.667
714016800000,0.795
714020400000,0.898
714024000000,0.959
714027600000,0.983
714031200000,0.981
714034800000,0.903
714038400000,0.724
714042000000,0.648
714045600000,0.676
714049200000,0.695
714052800000,0.702
714056400000,0.734
714060000000,0.774
714063600000,0.793
714067200000,0.778
714070800000,0.734
714074400000,0.741
714078000000,0.755
714081600000,0.732
714085200000,0.727
714088800000,0.746
714092400000,0.727
714096000000,0.715
714099600000,0.738
714103200000,0.76
714106800000,0.765
714110400000,0.773
714114000000,0.804
714117600000,0.847
714121200000,0.867
714124800000,0.857
714128400000,0.829
714132000000,0.823
714135600000,0.844
714139200000,0.853
714142800000,0.829
714146400000,0.809
714150000000,0.725
714153600000,0.662
714157200000,0.635
714160800000,0.638
714164400000,0.659
714168000000,0.679
714171600000,0.704
714175200000,0.765
714178800000,0.83
714182400000,0.901
714186000000,0.939
714189600000,0.944
714193200000,0.921
714196800000,0.89
714200400000,0.86
714204000000,0.827
714207600000,0.754
714211200000,0.697
714214800000,0.621
714218400000,0.45
714222000000,0.317
714225600000,0.313
714229200000,0.348
714232800000,0.376
714236400000,0.384
714240000000,0.388
714243600000,0.358
714247200000,0.312
714250800000,0.274
714254400000,0.278
714258000000,0.285
714261600000,0.368
714265200000,0.459
714268800000,0.654
714272400000,0.856
714276000000,0.888
714279600000,0.858
714283200000,0.823
714286800000,0.805
714290400000,0.782
714294000000,0.722
714297600000,0.567
714301200000,0.464
714304800000,0.442
714308400000,0.373
714312000000,0.343
714315600000,0.334
714319200000,0.319
714322800000,0.366
714326400000,0.374
714330000000,0.346
714333600000,0.282
714337200000,0.223
714340800000,0.182
714344400000,0.163
714348000000,0.164
714351600000,0.179
714355200000,0.24
714358800000,0.316
714362400000,0.413
714366000000,0.484
714369600000,0.55
714373200000,0.607
714376800000,0.633
714380400000,0.598
714384000000,0.479
714387600000,0.358
714391200000,0.311
714394800000,0.306
714398400000,0.3
714402000000,0.276
714405600000,0.256
714409200000,0.243
714412800000,0.22
714416400000,0.203
714420000000,0.163
714423600000,0.121
714427200000,0.106
714430800000,0.134
714434400000,0.194
714438000000,0.245
714441600000,0.317
714445200000,0.433
714448800000,0.553
714452400000,0.645
714456000000,0.701
714459600000,0.72
714463200000,0.69
714466800000,0.624
714470400000,0.574
714474000000,0.532
714477600000,0.55
714481200000,0.486
714484800000,0.368
714488400000,0.283
714492000000,0.265
714495600000,0.278
714499200000,0.325
714502800000,0.332
714506400000,0.35
714510000000,0.334
714513600000,0.278
714517200000,0.218
714520800000,0.205
714524400000,0.214
714528000000,0.257
714531600000,0.302
714535200000,0.328
714538800000,0.354
714542400000,0.372
714546000000,0.365
714549600000,0.337
714553200000,0.283
714556800000,0.233
714560400000,0.207
714564000000,0.235
714567600000,0.295
714571200000,0.355
714574800000,0.386
714578400000,0.411
714582000000,0.388
714585600000,0.292
714589200000,0.255
714592800000,0.273
714596400000,0.198
714600000000,0.146
714603600000,0.177
714607200000,0.219
714610800000,0.233
714614400000,0.275
714618000000,0.313
714621600000,0.342
714625200000,0.355
714628800000,0.352
714632400000,0.352
714636000000,0.347
714639600000,0.347
714643200000,0.337
714646800000,0.328
714650400000,0.339
714654000000,0.323
714657600000,0.325
714661200000,0.332
714664800000,0.311
714668400000,0.3
714672000000,0.316
714675600000,0.307
714679200000,0.343
714682800000,0.401
714686400000,0.41
714690000000,0.395
714693600000,0.383
714697200000,0.368
714700800000,0.428
714704400000,0.488
714708000000,0.556
714711600000,0.627
714715200000,0.685
714718800000,0.723
714722400000,0.743
714726000000,0.739
714729600000,0.698
714733200000,0.675
714736800000,0.7
714740400000,0.714
714744000000,0.684
714747600000,0.572
714751200000,0.501
714754800000,0.461
714758400000,0.538
714762000000,0.577
714765600000,0.468
714769200000,0.392
714772800000,0.386
714776400000,0.36
714780000000,0.358
714783600000,0.354
714787200000,0.407
714790800000,0.47
714794400000,0.51
714798000000,0.552
714801600000,0.573
714805200000,0.583
714808800000,0.567
714812400000,0.494
714816000000,0.414
714819600000,0.368
714823200000,0.354
714826800000,0.352
714830400000,0.349
714834000000,0.381
714837600000,0.399
714841200000,0.434
714844800000,0.446
714848400000,0.466
714852000000,0.481
714855600000,0.469
714859200000,0.507
714862800000,0.603
714866400000,0.645
714870000000,0.65
714873600000,0.674
714877200000,0.702
714880800000,0.732
714884400000,0.768
714888000000,0.811
714891600000,0.833
714895200000,0.835
714898800000,0.834
714902400000,0.796
714906000000,0.774
714909600000,0.786
714913200000,0.803
714916800000,0.811
714920400000,0.812
714924000000,0.829
714927600000,0.841
714931200000,0.853
714934800000,0.88
714938400000,0.885
714942000000,0.879
714945600000,0.897
714949200000,0.898
714952800000,0.903
714956400000,0.908
714960000000,0.915
714963600000,0.926
714967200000,0.934
714970800000,0.946
714974400000,0.964
714978000000,0.973
714981600000,0.971
714985200000,0.964
714988800000,0.952
714992400000,0.96
714996000000,0.965
714999600000,0.968
715003200000,0.971
715006800000,0.971
715010400000,0.97
715014000000,0.968
715017600000,0.96
715021200000,0.951
715024800000,0.945
715028400000,0.945
715032000000,0.95
715035600000,0.952
715039200000,0.957
715042800000,0.966
715046400000,0.972
715050000000,0.975
715053600000,0.974
715057200000,0.975
715060800000,0.977
715064400000,0.981
715068000000,0.987
715071600000,0.986
715075200000,0.979
715078800000,0.964
715082400000,0.95
715086000000,0.949
715089600000,0.964
715093200000,0.976
715096800000,0.977
715100400000,0.975
715104000000,0.974
715107600000,0.974
715111200000,0.974
715114800000,0.974
715118400000,0.975
715122000000,0.977
715125600000,0.978
715129200000,0.98
715132800000,0.979
715136400000,0.98
715140000000,0.977
715143600000,0.977
715147200000,0.977
715150800000,0.976
715154400000,0.971
715158000000,0.956
715161600000,0.928
715165200000,0.903
715168800000,0.897
715172400000,0.903
715176000000,0.918
715179600000,0.941
715183200000,0.953
715186800000,0.944
715190400000,0.924
715194000000,0.912
715197600000,0.917
715201200000,0.927
715204800000,0.927
715208400000,0.927
715212000000,0.924
715215600000,0.918
715219200000,0.918
715222800000,0.923
715226400000,0.924
715230000000,0.92
715233600000,0.911
715237200000,0.895
715240800000,0.875
715244400000,0.835
715248000000,0.806
715251600000,0.778
715255200000,0.728
715258800000,0.68
715262400000,0.62
715266000000,0.615
715269600000,0.62
715273200000,0.612
715276800000,0.613
715280400000,0.592
715284000000,0.557
715287600000,0.486
715291200000,0.447
715294800000,0.456
715298400000,0.407
715302000000,0.311
715305600000,0.329
715309200000,0.374
715312800000,0.395
715316400000,0.4
715320000000,0.365
715323600000,0.338
715327200000,0.311
715330800000,0.245
715334400000,0.164
715338000000,0.134
715341600000,0.139
715345200000,0.144
715348800000,0.128
715352400000,0.111
715356000000,0.123
715359600000,0.114
715363200000,0.1
715366800000,0.116
715370400000,0.172
715374000000,0.205
715377600000,0.188
715381200000,0.145
715384800000,0.09
715388400000,0.054
715392000000,0.058
715395600000,0.066
715399200000,0.071
715402800000,0.096
715406400000,0.148
715410000000,0.22
715413600000,0.283
715417200000,0.289
715420800000,0.269
715424400000,0.24
715428000000,0.17
715431600000,0.102
715435200000,0.074
715438800000,0.079
715442400000,0.103
715446000000,0.142
715449600000,0.155
715453200000,0.165
715456800000,0.178
715460400000,0.211
715464000000,0.289
715467600000,0.362
715471200000,0.405
715474800000,0.386
715478400000,0.414
715482000000,0.467
715485600000,0.513
715489200000,0.53
715492800000,0.541
715496400000,0.568
715500000000,0.584
715503600000,0.582
715507200000,0.561
715510800000,0.572
715514400000,0.61
715518000000,0.647
715521600000,0.668
715525200000,0.669
715528800000,0.649
715532400000,0.675
715536000000,0.706
715539600000,0.741
715543200000,0.735
715546800000,0.725
715550400000,0.731
715554000000,0.728
715557600000,0.685
715561200000,0.62
715564800000,0.592
715568400000,0.642
715572000000,0.71
715575600000,0.786
715579200000,0.837
715582800000,0.85
715586400000,0.842
715590000000,0.794
715593600000,0.73
715597200000,0.683
715600800000,0.71
715604400000,0.808
715608000000,0.893
715611600000,0.936
715615200000,0.949
715618800000,0.926
715622400000,0.866
715626000000,0.773
715629600000,0.72
715633200000,0.686
715636800000,0.601
715640400000,0.525
715644000000,0.497
715647600000,0.474
715651200000,0.49
715654800000,0.549
715658400000,0.592
715662000000,0.626
715665600000,0.629
715669200000,0.617
715672800000,0.6
715676400000,0.574
715680000000,0.55
715683600000,0.554
715687200000,0.559
715690800000,0.55
715694400000,0.536
715698000000,0.547
715701600000,0.55
715705200000,0.556
715708800000,0.568
715712400000,0.562
715716000000,0.565
715719600000,0.544
715723200000,0.503
715726800000,0.484
715730400000,0.477
715734000000,0.457
715737600000,0.525
715741200000,0.568
715744800000,0.582
715748400000,0.566
715752000000,0.552
715755600000,0.535
715759200000,0.477
715762800000,0.404
715766400000,0.337
715770000000,0.291
715773600000,0.278
715777200000,0.262
715780800000,0.255
715784400000,0.252
715788000000,0.245
715791600000,0.225
715795200000,0.192
715798800000,0.172
715802400000,0.17
715806000000,0.177
715809600000,0.181
715813200000,0.176
715816800000,0.168
715820400000,0.166
715824000000,0.167
715827600000,0.188
715831200000,0.288
715834800000,0.374
715838400000,0.383
715842000000,0.382
715845600000,0.383
715849200000,0.355
715852800000,0.31
715856400000,0.249
715860000000,0.194
715863600000,0.125
715867200000,0.074
715870800000,0.045
715874400000,0.037
715878000000,0.049
715881600000,0.073
715885200000,0.078
715888800000,0.059
715892400000,0.024
715896000000,0.005
715899600000,0.002
715903200000,0.002
715906800000,0.004
715910400000,0.009
715914000000,0.018
715917600000,0.045
715921200000,0.089
715924800000,0.156
715928400000,0.252
715932000000,0.355
715935600000,0.428
715939200000,0.442
715942800000,0.383
715946400000,0.3
715950000000,0.192
715953600000,0.122
715957200000,0.096
715960800000,0.085
715964400000,0.073
715968000000,0.055
715971600000,0.041
715975200000,0.028
715978800000,0.021
715982400000,0.019
715986000000,0.025
715989600000,0.031
715993200000,0.029
715996800000,0.031
716000400000,0.042
716004000000,0.067
716007600000,0.1
716011200000,0.145
716014800000,0.204
716018400000,0.255
716022000000,0.286
716025600000,0.291
716029200000,0.283
716032800000,0.295
716036400000,0.337
716040000000,0.396
716043600000,0.441
716047200000,0.448
716050800000,0.42
716054400000,0.373
716058000000,0.355
716061600000,0.349
716065200000,0.317
716068800000,0.276
716072400000,0.243
716076000000,0.199
716079600000,0.159
716083200000,0.138
716086800000,0.104
716090400000,0.084
716094000000,0.083
716097600000,0.098
716101200000,0.127
716104800000,0.159
716108400000,0.184
716112000000,0.195
716115600000,0.191
716119200000,0.182
716122800000,0.163
716126400000,0.137
716130000000,0.141
716133600000,0.161
716137200000,0.165
716140800000,0.131
716144400000,0.073
716148000000,0.026
716151600000,0.003
716155200000,0.0
716158800000,0.0
716162400000,0.0
716166000000,0.0
716169600000,0.0
716173200000,0.0
716176800000,0.0
716180400000,0.0
716184000000,0.001
716187600000,0.012
716191200000,0.039
716194800000,0.074
716198400000,0.119
716202000000,0.168
716205600000,0.212
716209200000,0.22
716212800000,0.163
716216400000,0.118
716220000000,0.119
716223600000,0.102
716227200000,0.072
716230800000,0.042
716234400000,0.02
716238000000,0.009
716241600000,0.005
716245200000,0.006
716248800000,0.018
716252400000,0.045
716256000000,0.1
716259600000,0.169
716263200000,0.22
716266800000,0.227
716270400000,0.215
716274000000,0.206
716277600000,0.203
716281200000,0.203
716284800000,0.204
716288400000,0.196
716292000000,0.192
716295600000,0.212
716299200000,0.249
716302800000,0.264
716306400000,0.171
716310000000,0.091
716313600000,0.068
716317200000,0.055
716320800000,0.035
716324400000,0.025
716328000000,0.028
716331600000,0.038
716335200000,0.046
716338800000,0.046
716342400000,0.053
716346000000,0.061
716349600000,0.068
716353200000,0.077
716356800000,0.095
716360400000,0.109
716364000000,0.122
716367600000,0.122
716371200000,0.104
716374800000,0.076
716378400000,0.058
716382000000,0.049
716385600000,0.039
716389200000,0.023
716392800000,0.014
716396400000,0.011
716400000000,0.011
716403600000,0.007
716407200000,0.004
716410800000,0.003
716414400000,0.003
716418000000,0.005
716421600000,0.009
716425200000,0.015
716428800000,0.035
716432400000,0.094
716436000000,0.127
716439600000,0.093
716443200000,0.061
716446800000,0.058
716450400000,0.095
716454000000,0.126
716457600000,0.102
716461200000,0.112
716464800000,0.156
716468400000,0.184
716472000000,0.199
716475600000,0.249
716479200000,0.344
716482800000,0.416
716486400000,0.436
716490000000,0.432
716493600000,0.42
716497200000,0.416
716500800000,0.379
716504400000,0.32
716508000000,0.237
716511600000,0.174
716515200000,0.153
716518800000,0.158
716522400000,0.178
716526000000,0.216
716529600000,0.281
716533200000,0.377
716536800000,0.469
716540400000,0.502
716544000000,0.518
716547600000,0.55
716551200000,0.583
716554800000,0.59
716558400000,0.54
716562000000,0.459
716565600000,0.355
716569200000,0.197
716572800000,0.103
716576400000,0.068
716580000000,0.061
716583600000,0.064
716587200000,0.068
716590800000,0.064
716594400000,0.072
716598000000,0.081
716601600000,0.072
716605200000,0.059
716608800000,0.042
716612400000,0.025
716616000000,0.017
716619600000,0.014
716623200000,0.016
716626800000,0.025
716630400000,0.031
716634000000,0.028
716637600000,0.02
716641200000,0.019
716644800000,0.052
716648400000,0.119
716652000000,0.202
716655600000,0.308
716659200000,0.398
716662800000,0.388
716666400000,0.361
716670000000,0.321
716673600000,0.292
716677200000,0.278
716680800000,0.259
716684400000,0.221
716688000000,0.206
716691600000,0.201
716695200000,0.183
716698800000,0.141
716702400000,0.102
716706000000,0.083
716709600000,0.068
716713200000,0.058
716716800000,0.05
716720400000,0.054
716724000000,0.068
716727600000,0.083
716731200000,0.106
716734800000,0.143
716738400000,0.193
716742000000,0.199
716745600000,0.174
716749200000,0.155
716752800000,0.137
716756400000,0.13
716760000000,0.123
716763600000,0.142
716767200000,0.16
716770800000,0.153
716774400000,0.165
716778000000,0.173
716781600000,0.157
716785200000,0.106
716788800000,0.068
716792400000,0.052
716796000000,0.051
716799600000,0.046
716803200000,0.036
716806800000,0.031
716810400000,0.031
716814000000,0.045
716817600000,0.084
716821200000,0.161
716824800000,0.252
716828400000,0.311
716832000000,0.346
716835600000,0.374
716839200000,0.364
716842800000,0.348
716846400000,0.328
716850000000,0.333
716853600000,0.313
716857200000,0.287
716860800000,0.285
716864400000,0.241
716868000000,0.18
716871600000,0.111
716875200000,0.053
716878800000,0.022
716882400000,0.018
716886000000,0.044
716889600000,0.088
716893200000,0.14
716896800000,0.179
716900400000,0.164
716904000000,0.158
716907600000,0.142
716911200000,0.112
716914800000,0.115
716918400000,0.12
716922000000,0.133
716925600000,0.15
716929200000,0.171
716932800000,0.184
716936400000,0.192
716940000000,0.176
716943600000,0.136
716947200000,0.123
716950800000,0.144
716954400000,0.181
716958000000,0.243
716961600000,0.341
716965200000,0.413
716968800000,0.44
716972400000,0.457
716976000000,0.476
716979600000,0.525
716983200000,0.549
716986800000,0.548
716990400000,0.557
716994000000,0.583
716997600000,0.611
717001200000,0.662
717004800000,0.7
717008400000,0.746
717012000000,0.795
717015600000,0.812
717019200000,0.823
717022800000,0.864
717026400000,0.904
717030000000,0.943
717033600000,0.954
717037200000,0.954
717040800000,0.959
717044400000,0.975
717048000000,0.982
717051600000,0.982
717055200000,0.979
717058800000,0.977
717062400000,0.976
717066000000,0.971
717069600000,0.964
717073200000,0.96
717076800000,0.954
717080400000,0.953
717084000000,0.952
717087600000,0.952
717091200000,0.945
717094800000,0.93
717098400000,0.912
717102000000,0.888
717105600000,0.856
717109200000,0.82
717112800000,0.774
717116400000,0.729
717120000000,0.706
717123600000,0.725
717127200000,0.751
717130800000,0.75
717134400000,0.7
717138000000,0.658
717141600000,0.697
717145200000,0.741
717148800000,0.709
717152400000,0.669
717156000000,0.647
717159600000,0.602
717163200000,0.571
717166800000,0.547
717170400000,0.512
717174000000,0.449
717177600000,0.391
717181200000,0.362
717184800000,0.311
717188400000,0.289
717192000000,0.274
717195600000,0.286
717199200000,0.308
717202800000,0.303
717206400000,0.315
717210000000,0.345
717213600000,0.367
717217200000,0.342
717220800000,0.278
717224400000,0.236
717228000000,0.216
717231600000,0.182
717235200000,0.146
717238800000,0.119
717242400000,0.101
717246000000,0.09
717249600000,0.077
717253200000,0.068
717256800000,0.059
717260400000,0.05
717264000000,0.045
717267600000,0.043
717271200000,0.037
717274800000,0.036
717278400000,0.032
717282000000,0.031
717285600000,0.026
717289200000,0.018
717292800000,0.009
717296400000,0.002
717300000000,0.0
717303600000,0.0
717307200000,0.0
717310800000,0.001
717314400000,0.014
717318000000,0.036
717321600000,0.061
717325200000,0.084
717328800000,0.116
717332400000,0.145
717336000000,0.179
717339600000,0.211
717343200000,0.244
717346800000,0.269
717350400000,0.29
717354000000,0.277
717357600000,0.249
717361200000,0.203
717364800000,0.155
717368400000,0.109
717372000000,0.073
717375600000,0.047
717379200000,0.027
717382800000,0.013
717386400000,0.011
717390000000,0.018
717393600000,0.036
717397200000,0.069
717400800000,0.117
717404400000,0.169
717408000000,0.204
717411600000,0.224
717415200000,0.202
717418800000,0.138
717422400000,0.059
717426000000,0.006
717429600000,0.001
717433200000,0.008
717436800000,0.035
717440400000,0.071
717444000000,0.107
717447600000,0.127
717451200000,0.119
717454800000,0.087
717458400000,0.048
717462000000,0.02
717465600000,0.02
717469200000,0.022
717472800000,0.02
717476400000,0.015
717480000000,0.011
717483600000,0.013
717487200000,0.021
717490800000,0.028
717494400000,0.031
717498000000,0.015
717501600000,0.001
717505200000,0.0
717508800000,0.003
717512400000,0.058
717516000000,0.126
717519600000,0.134
717523200000,0.084
717526800000,0.045
717530400000,0.025
717534000000,0.017
717537600000,0.009
717541200000,0.005
717544800000,0.001
717548400000,0.001
717552000000,0.002
717555600000,0.001
717559200000,0.0
717562800000,0.001
717566400000,0.001
717570000000,0.001
717573600000,0.009
717577200000,0.023
717580800000,0.035
717584400000,0.035
717588000000,0.022
717591600000,0.001
717595200000,0.0
717598800000,0.0
717602400000,0.002
717606000000,0.016
717609600000,0.034
717613200000,0.041
717616800000,0.03
717620400000,0.014
717624000000,0.004
717627600000,0.0
717631200000,0.0
717634800000,0.0
717638400000,0.001
717642000000,0.001
717645600000,0.002
717649200000,0.003
717652800000,0.003
717656400000,0.006
717660000000,0.013
717663600000,0.021
717667200000,0.024
717670800000,0.019
717674400000,0.017
717678000000,0.009
717681600000,0.003
717685200000,0.001
717688800000,0.005
717692400000,0.027
717696000000,0.053
717699600000,0.053
717703200000,0.037
717706800000,0.009
717710400000,0.0
717714000000,0.001
717717600000,0.006
717721200000,0.036
717724800000,0.08
717728400000,0.085
717732000000,0.065
717735600000,0.026
717739200000,0.003
717742800000,0.001
717746400000,0.004
717750000000,0.002
717753600000,0.002
717757200000,0.003
717760800000,0.005
717764400000,0.004
717768000000,0.012
717771600000,0.015
717775200000,0.004
717778800000,0.024
717782400000,0.048
717786000000,0.083
717789600000,0.107
717793200000,0.126
717796800000,0.147
717800400000,0.171
717804000000,0.175
717807600000,0.138
717811200000,0.135
717814800000,0.099
717818400000,0.052
717822000000,0.018
717825600000,0.003
717829200000,0.001
717832800000,0.003
717836400000,0.005
717840000000,0.008
717843600000,0.011
717847200000,0.012
717850800000,0.016
717854400000,0.022
717858000000,0.014
717861600000,0.002
717865200000,0.004
717868800000,0.013
717872400000,0.019
717876000000,0.021
717879600000,0.017
717883200000,0.011
717886800000,0.007
717890400000,0.004
717894000000,0.003
717897600000,0.014
717901200000,0.023
717904800000,0.024
717908400000,0.019
717912000000,0.023
717915600000,0.028
717919200000,0.036
717922800000,0.04
717926400000,0.035
717930000000,0.015
717933600000,0.0
717937200000,0.0
717940800000,0.0
717944400000,0.001
717948000000,0.007
717951600000,0.022
717955200000,0.032
717958800000,0.031
717962400000,0.024
717966000000,0.019
717969600000,0.018
717973200000,0.018
717976800000,0.017
717980400000,0.015
717984000000,0.024
717987600000,0.016
717991200000,0.006
717994800000,0.005
717998400000,0.007
718002000000,0.017
718005600000,0.028
718009200000,0.039
718012800000,0.047
718016400000,0.043
718020000000,0.035
718023600000,0.017
718027200000,0.003
718030800000,0.0
718034400000,0.0
718038000000,0.0
718041600000,0.002
718045200000,0.006
718048800000,0.011
718052400000,0.013
718056000000,0.014
718059600000,0.014
718063200000,0.012
718066800000,0.009
718070400000,0.013
718074000000,0.007
718077600000,0.002
718081200000,0.001
718084800000,0.003
718088400000,0.013
718092000000,0.037
718095600000,0.064
718099200000,0.086
718102800000,0.094
718106400000,0.1
718110000000,0.072
718113600000,0.034
718117200000,0.004
718120800000,0.0
718124400000,0.0
718128000000,0.0
718131600000,0.003
718135200000,0.005
718138800000,0.004
718142400000,0.002
718146000000,0.001
718149600000,0.0
718153200000,0.0
718156800000,0.0
718160400000,0.0
718164000000,0.0
718167600000,0.0
718171200000,0.0
718174800000,0.0
718178400000,0.001
718182000000,0.001
718185600000,0.001
718189200000,0.002
718192800000,0.001
718196400000,0.0
718200000000,0.0
718203600000,0.0
718207200000,0.0
718210800000,0.002
718214400000,0.005
718218000000,0.008
718221600000,0.009
718225200000,0.017
718228800000,0.021
718232400000,0.015
718236000000,0.01
718239600000,0.036
718243200000,0.141
718246800000,0.235
718250400000,0.225
718254000000,0.167
718257600000,0.103
718261200000,0.054
718264800000,0.027
718268400000,0.02
718272000000,0.011
718275600000,0.009
718279200000,0.014
718282800000,0.037
718286400000,0.069
718290000000,0.101
718293600000,0.125
718297200000,0.149
718300800000,0.125
718304400000,0.059
718308000000,0.02
718311600000,0.007
718315200000,0.003
718318800000,0.002
718322400000,0.002
718326000000,0.003
718329600000,0.014
718333200000,0.012
718336800000,0.003
718340400000,0.001
718344000000,0.002
718347600000,0.002
718351200000,0.001
718354800000,0.011
718358400000,0.025
718362000000,0.022
718365600000,0.008
718369200000,0.0
718372800000,0.0
718376400000,0.001
718380000000,0.003
718383600000,0.007
718387200000,0.01
718390800000,0.012
718394400000,0.015
718398000000,0.014
718401600000,0.014
718405200000,0.013
718408800000,0.01
718412400000,0.015
718416000000,0.037
718419600000,0.031
718423200000,0.015
718426800000,0.007
718430400000,0.006
718434000000,0.007
718437600000,0.011
718441200000,0.017
718444800000,0.025
718448400000,0.025
718452000000,0.011
718455600000,0.002
718459200000,0.0
718462800000,0.0
718466400000,0.0
718470000000,0.0
718473600000,0.0
718477200000,0.0
718480800000,0.0
718484400000,0.0
718488000000,0.001
718491600000,0.002
718495200000,0.002
718498800000,0.007
718502400000,0.025
718506000000,0.026
718509600000,0.018
718513200000,0.011
718516800000,0.009
718520400000,0.011
718524000000,0.017
718527600000,0.033
718531200000,0.051
718534800000,0.05
718538400000,0.029
718542000000,0.007
718545600000,0.005
718549200000,0.019
718552800000,0.035
718556400000,0.04
718560000000,0.038
718563600000,0.032
718567200000,0.038
718570800000,0.047
718574400000,0.058
718578000000,0.045
718581600000,0.023
718585200000,0.034
718588800000,0.074
718592400000,0.056
718596000000,0.029
718599600000,0.018
718603200000,0.024
718606800000,0.06
718610400000,0.137
718614000000,0.193
718617600000,0.147
718621200000,0.07
718624800000,0.027
718628400000,0.024
718632000000,0.047
718635600000,0.05
718639200000,0.045
718642800000,0.051
718646400000,0.058
718650000000,0.058
718653600000,0.066
718657200000,0.069
718660800000,0.068
718664400000,0.055
718668000000,0.042
718671600000,0.045
718675200000,0.085
718678800000,0.084
718682400000,0.065
718686000000,0.045
718689600000,0.022
718693200000,0.008
718696800000,0.003
718700400000,0.025
718704000000,0.065
718707600000,0.137
718711200000,0.227
718714800000,0.3
718718400000,0.278
718722000000,0.183
718725600000,0.096
718729200000,0.042
718732800000,0.028
718736400000,0.013
718740000000,0.01
718743600000,0.007
718747200000,0.003
718750800000,0.002
718754400000,0.006
718758000000,0.014
718761600000,0.035
718765200000,0.035
718768800000,0.014
718772400000,0.003
718776000000,0.002
718779600000,0.006
718783200000,0.022
718786800000,0.043
718790400000,0.05
718794000000,0.043
718797600000,0.031
718801200000,0.017
718804800000,0.011
718808400000,0.015
718812000000,0.022
718815600000,0.016
718819200000,0.007
718822800000,0.002
718826400000,0.001
718830000000,0.001
718833600000,0.008
718837200000,0.03
718840800000,0.07
718844400000,0.141
718848000000,0.207
718851600000,0.227
718855200000,0.249
718858800000,0.239
718862400000,0.216
718866000000,0.208
718869600000,0.231
718873200000,0.257
718876800000,0.261
718880400000,0.231
718884000000,0.211
718887600000,0.201
718891200000,0.171
718894800000,0.126
718898400000,0.102
718902000000,0.099
718905600000,0.099
718909200000,0.076
718912800000,0.048
718916400000,0.027
718920000000,0.013
718923600000,0.008
718927200000,0.01
718930800000,0.027
718934400000,0.055
718938000000,0.06
718941600000,0.061
718945200000,0.085
718948800000,0.17
718952400000,0.323
718956000000,0.466
718959600000,0.545
718963200000,0.567
718966800000,0.573
718970400000,0.597
718974000000,0.606
718977600000,0.582
718981200000,0.512
718984800000,0.42
718988400000,0.329
718992000000,0.284
718995600000,0.27
718999200000,0.249
719002800000,0.201
719006400000,0.133
719010000000,0.074
719013600000,0.031
719017200000,0.008
719020800000,0.001
719024400000,0.0
719028000000,0.001
719031600000,0.006
719035200000,0.017
719038800000,0.034
719042400000,0.069
719046000000,0.125
719049600000,0.188
719053200000,0.251
719056800000,0.328
719060400000,0.347
719064000000,0.327
719067600000,0.308
719071200000,0.261
719074800000,0.213
719078400000,0.179
719082000000,0.155
719085600000,0.129
719089200000,0.108
719092800000,0.093
719096400000,0.088
719100000000,0.104
719103600000,0.114
719107200000,0.119
719110800000,0.088
719114400000,0.048
719118000000,0.034
719121600000,0.035
719125200000,0.045
719128800000,0.07
719132400000,0.118
719136000000,0.191
719139600000,0.267
719143200000,0.267
719146800000,0.187
719150400000,0.131
719154000000,0.104
719157600000,0.071
719161200000,0.048
719164800000,0.035
719168400000,0.041
719172000000,0.07
719175600000,0.109
719179200000,0.109
719182800000,0.082
719186400000,0.071
719190000000,0.085
719193600000,0.141
719197200000,0.183
719200800000,0.186
719204400000,0.159
719208000000,0.159
719211600000,0.173
719215200000,0.16
719218800000,0.156
719222400000,0.192
719226000000,0.263
719229600000,0.279
719233200000,0.253
719236800000,0.205
719240400000,0.176
719244000000,0.117
719247600000,0.079
719251200000,0.083
719254800000,0.114
719258400000,0.189
719262000000,0.201
719265600000,0.18
719269200000,0.159
719272800000,0.132
719276400000,0.131
719280000000,0.145
719283600000,0.214
719287200000,0.336
719290800000,0.106
719294400000,0.058
719298000000,0.061
719301600000,0.08
719305200000,0.068
719308800000,0.045
719312400000,0.04
719316000000,0.057
719319600000,0.076
719323200000,0.087
719326800000,0.08
719330400000,0.073
719334000000,0.076
719337600000,0.089
719341200000,0.104
719344800000,0.117
719348400000,0.107
719352000000,0.096
719355600000,0.084
719359200000,0.072
719362800000,0.075
719366400000,0.105
719370000000,0.124
719373600000,0.109
719377200000,0.071
719380800000,0.047
719384400000,0.025
719388000000,0.012
719391600000,0.011
719395200000,0.022
719398800000,0.043
719402400000,0.066
719406000000,0.076
719409600000,0.072
719413200000,0.055
719416800000,0.037
719420400000,0.031
719424000000,0.041
719427600000,0.045
719431200000,0.054
719434800000,0.065
719438400000,0.079
719442000000,0.078
719445600000,0.065
719449200000,0.051
719452800000,0.063
719456400000,0.089
719460000000,0.091
719463600000,0.078
719467200000,0.05
719470800000,0.017
719474400000,0.005
719478000000,0.006
719481600000,0.014
719485200000,0.018
719488800000,0.028
719492400000,0.051
719496000000,0.084
719499600000,0.093
719503200000,0.059
719506800000,0.02
719510400000,0.002
719514000000,0.001
719517600000,0.005
719521200000,0.005
719524800000,0.003
719528400000,0.003
719532000000,0.005
719535600000,0.008
719539200000,0.015
719542800000,0.015
719546400000,0.006
719550000000,0.001
719553600000,0.001
719557200000,0.003
719560800000,0.005
719564400000,0.01
719568000000,0.02
719571600000,0.027
719575200000,0.025
719578800000,0.02
719582400000,0.009
719586000000,0.0
719589600000,0.001
719593200000,0.007
719596800000,0.012
719600400000,0.017
719604000000,0.019
719607600000,0.018
719611200000,0.015
719614800000,0.011
719618400000,0.008
719622000000,0.005
719625600000,0.012
719629200000,0.023
719632800000,0.031
719636400000,0.041
719640000000,0.043
719643600000,0.025
719647200000,0.006
719650800000,0.002
719654400000,0.006
719658000000,0.013
719661600000,0.015
719665200000,0.009
719668800000,0.008
719672400000,0.014
719676000000,0.024
719679600000,0.034
719683200000,0.029
719686800000,0.024
719690400000,0.022
719694000000,0.022
719697600000,0.025
719701200000,0.027
719704800000,0.026
719708400000,0.015
719712000000,0.019
719715600000,0.023
719719200000,0.02
719722800000,0.016
719726400000,0.017
719730000000,0.017
719733600000,0.017
719737200000,0.015
719740800000,0.014
719744400000,0.015
719748000000,0.021
719751600000,0.02
719755200000,0.013
719758800000,0.008
719762400000,0.006
719766000000,0.002
719769600000,0.0
719773200000,0.0
719776800000,0.0
719780400000,0.0
719784000000,0.0
719787600000,0.0
719791200000,0.004
719794800000,0.008
719798400000,0.004
719802000000,0.005
719805600000,0.024
719809200000,0.077
719812800000,0.151
719816400000,0.214
719820000000,0.264
719823600000,0.302
719827200000,0.323
719830800000,0.341
719834400000,0.367
719838000000,0.362
719841600000,0.348
719845200000,0.349
719848800000,0.313
719852400000,0.248
719856000000,0.175
719859600000,0.115
719863200000,0.087
719866800000,0.084
719870400000,0.099
719874000000,0.121
719877600000,0.135
719881200000,0.143
719884800000,0.182
719888400000,0.223
719892000000,0.272
719895600000,0.328
719899200000,0.391
719902800000,0.447
719906400000,0.519
719910000000,0.575
719913600000,0.59
719917200000,0.583
719920800000,0.578
719924400000,0.525
719928000000,0.457
719931600000,0.365
719935200000,0.343
719938800000,0.325
719942400000,0.246
719946000000,0.205
719949600000,0.211
719953200000,0.243
719956800000,0.309
719960400000,0.472
719964000000,0.704
719967600000,0.827
719971200000,0.871
719974800000,0.908
719978400000,0.931
719982000000,0.934
719985600000,0.926
719989200000,0.921
719992800000,0.918
719996400000,0.917
720000000000,0.931
720003600000,0.949
720007200000,0.959
720010800000,0.957
720014400000,0.954
720018000000,0.953
720021600000,0.961
720025200000,0.972
720028800000,0.98
720032400000,0.983
720036000000,0.986
720039600000,0.988
720043200000,0.984
720046800000,0.969
720050400000,0.932
720054000000,0.862
720057600000,0.794
720061200000,0.791
720064800000,0.867
720068400000,0.91
720072000000,0.883
720075600000,0.833
720079200000,0.831
720082800000,0.788
720086400000,0.761
720090000000,0.749
720093600000,0.746
720097200000,0.748
720100800000,0.708
720104400000,0.61
720108000000,0.599
720111600000,0.506
720115200000,0.442
720118800000,0.398
720122400000,0.349
720126000000,0.32
720129600000,0.313
720133200000,0.308
720136800000,0.285
720140400000,0.234
720144000000,0.279
720147600000,0.393
720151200000,0.454
720154800000,0.467
720158400000,0.463
720162000000,0.43
720165600000,0.386
720169200000,0.314
720172800000,0.219
720176400000,0.163
720180000000,0.135
720183600000,0.13
720187200000,0.129
720190800000,0.118
720194400000,0.11
720198000000,0.085
720201600000,0.061
720205200000,0.038
720208800000,0.026
720212400000,0.022
720216000000,0.022
720219600000,0.023
720223200000,0.022
720226800000,0.018
720230400000,0.043
720234000000,0.076
720237600000,0.093
720241200000,0.102
720244800000,0.111
720248400000,0.101
720252000000,0.078
720255600000,0.046
720259200000,0.025
720262800000,0.013
720266400000,0.017
720270000000,0.012
720273600000,0.007
720277200000,0.002
720280800000,0.0
720284400000,0.0
720288000000,0.0
720291600000,0.0
720295200000,0.0
720298800000,0.001
720302400000,0.002
720306000000,0.003
720309600000,0.001
720313200000,0.0
720316800000,0.001
720320400000,0.001
720324000000,0.001
720327600000,0.001
720331200000,0.003
720334800000,0.014
720338400000,0.045
720342000000,0.093
720345600000,0.142
720349200000,0.162
720352800000,0.163
720356400000,0.14
720360000000,0.104
720363600000,0.065
720367200000,0.04
720370800000,0.024
720374400000,0.014
720378000000,0.011
720381600000,0.013
720385200000,0.022
720388800000,0.033
720392400000,0.045
720396000000,0.042
720399600000,0.031
720403200000,0.045
720406800000,0.042
720410400000,0.03
720414000000,0.019
720417600000,0.014
720421200000,0.017
720424800000,0.024
720428400000,0.037
720432000000,0.061
720435600000,0.073
720439200000,0.1
720442800000,0.124
720446400000,0.119
720450000000,0.102
720453600000,0.079
720457200000,0.052
720460800000,0.043
720464400000,0.03
720468000000,0.021
720471600000,0.017
720475200000,0.013
720478800000,0.016
720482400000,0.023
720486000000,0.027
720489600000,0.029
720493200000,0.023
720496800000,0.012
720500400000,0.013
720504000000,0.022
720507600000,0.041
720511200000,0.064
720514800000,0.096
720518400000,0.12
720522000000,0.112
720525600000,0.09
720529200000,0.054
720532800000,0.026
720536400000,0.017
720540000000,0.013
720543600000,0.009
720547200000,0.004
720550800000,0.002
720554400000,0.001
720558000000,0.0
720561600000,0.0
720565200000,0.0
720568800000,0.0
720572400000,0.0
720576000000,0.001
720579600000,0.005
720583200000,0.005
720586800000,0.003
720590400000,0.001
720594000000,0.001
720597600000,0.0
720601200000,0.0
720604800000,0.001
720608400000,0.002
720612000000,0.013
720615600000,0.078
720619200000,0.167
720622800000,0.234
720626400000,0.238
720630000000,0.262
720633600000,0.341
720637200000,0.44
720640800000,0.569
720644400000,0.595
720648000000,0.583
720651600000,0.526
720655200000,0.446
720658800000,0.327
720662400000,0.291
720666000000,0.283
720669600000,0.208
720673200000,0.136
720676800000,0.104
720680400000,0.108
720684000000,0.119
720687600000,0.149
720691200000,0.207
720694800000,0.274
720698400000,0.378
720702000000,0.407
720705600000,0.311
720709200000,0.231
720712800000,0.201
720716400000,0.158
720720000000,0.114
720723600000,0.098
720727200000,0.091
720730800000,0.093
720734400000,0.101
720738000000,0.1
720741600000,0.086
720745200000,0.065
720748800000,0.077
720752400000,0.069
720756000000,0.042
720759600000,0.028
720763200000,0.026
720766800000,0.027
720770400000,0.026
720774000000,0.02
720777600000,0.019
720781200000,0.031
720784800000,0.1
720788400000,0.233
720792000000,0.341
720795600000,0.362
720799200000,0.311
720802800000,0.254
720806400000,0.218
720810000000,0.186
720813600000,0.162
720817200000,0.142
720820800000,0.124
720824400000,0.126
720828000000,0.136
720831600000,0.102
720835200000,0.12
720838800000,0.099
720842400000,0.042
720846000000,0.014
720849600000,0.011
720853200000,0.015
720856800000,0.021
720860400000,0.024
720864000000,0.011
720867600000,0.001
720871200000,0.0
720874800000,0.019
720878400000,0.077
720882000000,0.115
720885600000,0.106
720889200000,0.113
720892800000,0.127
720896400000,0.131
720900000000,0.12
720903600000,0.101
720907200000,0.08
720910800000,0.061
720914400000,0.044
720918000000,0.021
720921600000,0.021
720925200000,0.003
720928800000,0.001
720932400000,0.008
720936000000,0.038
720939600000,0.069
720943200000,0.085
720946800000,0.086
720950400000,0.077
720954000000,0.058
720957600000,0.034
720961200000,0.01
720964800000,0.001
720968400000,0.022
720972000000,0.071
720975600000,0.095
720979200000,0.076
720982800000,0.041
720986400000,0.009
720990000000,0.001
720993600000,0.004
720997200000,0.012
721000800000,0.023
721004400000,0.014
721008000000,0.006
721011600000,0.0
721015200000,0.0
721018800000,0.0
721022400000,0.004
721026000000,0.015
721029600000,0.021
721033200000,0.025
721036800000,0.03
721040400000,0.033
721044000000,0.034
721047600000,0.018
721051200000,0.003
721054800000,0.0
721058400000,0.0
721062000000,0.013
721065600000,0.044
721069200000,0.06
721072800000,0.054
721076400000,0.037
721080000000,0.022
721083600000,0.015
721087200000,0.009
721090800000,0.002
721094400000,0.001
721098000000,0.0
721101600000,0.001
721105200000,0.006
721108800000,0.023
721112400000,0.046
721116000000,0.073
721119600000,0.101
721123200000,0.121
721126800000,0.13
721130400000,0.118
721134000000,0.088
721137600000,0.044
721141200000,0.006
721144800000,0.0
721148400000,0.0
721152000000,0.003
721155600000,0.026
721159200000,0.057
721162800000,0.075
721166400000,0.076
721170000000,0.064
721173600000,0.054
721177200000,0.035
721180800000,0.029
721184400000,0.015
721188000000,0.005
721191600000,0.001
721195200000,0.001
721198800000,0.008
721202400000,0.034
721206000000,0.082
721209600000,0.144
721213200000,0.193
721216800000,0.211
721220400000,0.194
721224000000,0.137
721227600000,0.069
721231200000,0.039
721234800000,0.09
721238400000,0.167
721242000000,0.181
721245600000,0.187
721249200000,0.221
721252800000,0.279
721256400000,0.32
721260000000,0.338
721263600000,0.353
721267200000,0.379
721270800000,0.316
721274400000,0.245
721278000000,0.203
721281600000,0.177
721285200000,0.156
721288800000,0.149
721292400000,0.158
721296000000,0.182
721299600000,0.197
721303200000,0.199
721306800000,0.205
721310400000,0.269
721314000000,0.293
721317600000,0.26
721321200000,0.278
721324800000,0.338
721328400000,0.355
721332000000,0.328
721335600000,0.274
721339200000,0.197
721342800000,0.151
721346400000,0.126
721350000000,0.155
721353600000,0.28
721357200000,0.302
721360800000,0.294
721364400000,0.288
721368000000,0.286
721371600000,0.284
721375200000,0.289
721378800000,0.285
721382400000,0.3
721386000000,0.298
721389600000,0.346
721393200000,0.407
721396800000,0.425
721400400000,0.438
721404000000,0.464
721407600000,0.514
721411200000,0.574
721414800000,0.63
721418400000,0.673
721422000000,0.689
721425600000,0.664
721429200000,0.601
721432800000,0.513
721436400000,0.441
721440000000,0.379
721443600000,0.315
721447200000,0.271
721450800000,0.261
721454400000,0.27
721458000000,0.284
721461600000,0.296
721465200000,0.313
721468800000,0.352
721472400000,0.389
721476000000,0.4
721479600000,0.396
721483200000,0.355
721486800000,0.28
721490400000,0.271
721494000000,0.286
721497600000,0.307
721501200000,0.309
721504800000,0.3
721508400000,0.284
721512000000,0.236
721515600000,0.186
721519200000,0.109
721522800000,0.06
721526400000,0.047
721530000000,0.061
721533600000,0.061
721537200000,0.069
721540800000,0.101
721544400000,0.159
721548000000,0.208
721551600000,0.228
721555200000,0.227
721558800000,0.202
721562400000,0.176
721566000000,0.159
721569600000,0.147
721573200000,0.154
721576800000,0.155
721580400000,0.114
721584000000,0.078
721587600000,0.053
721591200000,0.029
721594800000,0.012
721598400000,0.008
721602000000,0.008
721605600000,0.007
721609200000,0.011
721612800000,0.068
721616400000,0.112
721620000000,0.116
721623600000,0.094
721627200000,0.086
721630800000,0.093
721634400000,0.101
721638000000,0.079
721641600000,0.059
721645200000,0.038
721648800000,0.041
721652400000,0.08
721656000000,0.114
721659600000,0.12
721663200000,0.101
721666800000,0.082
721670400000,0.063
721674000000,0.043
721677600000,0.027
721681200000,0.017
721684800000,0.011
721688400000,0.008
721692000000,0.006
721695600000,0.005
721699200000,0.026
721702800000,0.055
721706400000,0.055
721710000000,0.037
721713600000,0.029
721717200000,0.058
721720800000,0.067
721724400000,0.063
721728000000,0.042
721731600000,0.027
721735200000,0.014
721738800000,0.005
721742400000,0.002
721746000000,0.003
721749600000,0.011
721753200000,0.024
721756800000,0.035
721760400000,0.035
721764000000,0.035
721767600000,0.043
721771200000,0.055
721774800000,0.054
721778400000,0.047
721782000000,0.045
721785600000,0.101
721789200000,0.145
721792800000,0.142
721796400000,0.133
721800000000,0.13
721803600000,0.132
721807200000,0.136
721810800000,0.14
721814400000,0.15
721818000000,0.175
721821600000,0.217
721825200000,0.228
721828800000,0.186
721832400000,0.125
721836000000,0.088
721839600000,0.071
721843200000,0.058
721846800000,0.05
721850400000,0.065
721854000000,0.089
721857600000,0.097
721861200000,0.094
721864800000,0.087
721868400000,0.073
721872000000,0.096
721875600000,0.13
721879200000,0.128
721882800000,0.111
721886400000,0.093
721890000000,0.074
721893600000,0.059
721897200000,0.039
721900800000,0.024
721904400000,0.011
721908000000,0.005
721911600000,0.005
721915200000,0.006
721918800000,0.01
721922400000,0.017
721926000000,0.018
721929600000,0.016
721933200000,0.01
721936800000,0.004
721940400000,0.001
721944000000,0.0
721947600000,0.0
721951200000,0.0
721954800000,0.0
721958400000,0.0
721962000000,0.013
721965600000,0.039
721969200000,0.048
721972800000,0.046
721976400000,0.041
721980000000,0.028
721983600000,0.021
721987200000,0.018
721990800000,0.014
721994400000,0.008
721998000000,0.004
722001600000,0.002
722005200000,0.001
722008800000,0.002
722012400000,0.001
722016000000,0.0
722019600000,0.0
722023200000,0.0
722026800000,0.0
722030400000,0.0
722034000000,0.001
722037600000,0.002
722041200000,0.003
722044800000,0.003
722048400000,0.004
722052000000,0.001
722055600000,0.0
722059200000,0.001
722062800000,0.005
722066400000,0.029
722070000000,0.072
722073600000,0.111
722077200000,0.125
722080800000,0.105
722084400000,0.059
722088000000,0.017
722091600000,0.001
722095200000,0.0
722098800000,0.0
722102400000,0.0
722106000000,0.0
722109600000,0.001
722113200000,0.002
722116800000,0.003
722120400000,0.002
722124000000,0.001
722127600000,0.0
722131200000,0.0
722134800000,0.001
722138400000,0.005
722142000000,0.025
722145600000,0.059
722149200000,0.093
722152800000,0.117
722156400000,0.132
722160000000,0.144
722163600000,0.17
722167200000,0.201
722170800000,0.225
722174400000,0.227
722178000000,0.203
722181600000,0.182
722185200000,0.169
722188800000,0.153
722192400000,0.139
722196000000,0.147
722199600000,0.189
722203200000,0.239
722206800000,0.294
722210400000,0.338
722214000000,0.34
722217600000,0.37
722221200000,0.422
722224800000,0.538
722228400000,0.686
722232000000,0.817
722235600000,0.897
722239200000,0.926
722242800000,0.932
722246400000,0.919
722250000000,0.91
722253600000,0.918
722257200000,0.921
722260800000,0.921
722264400000,0.911
722268000000,0.868
722271600000,0.758
722275200000,0.586
722278800000,0.4
722282400000,0.259
722286000000,0.188
722289600000,0.169
722293200000,0.173
722296800000,0.179
722300400000,0.158
722304000000,0.135
722307600000,0.083
722311200000,0.034
722314800000,0.008
722318400000,0.002
722322000000,0.0
722325600000,0.001
722329200000,0.011
722332800000,0.016
722336400000,0.011
722340000000,0.001
722343600000,0.0
722347200000,0.001
722350800000,0.002
722354400000,0.028
722358000000,0.087
722361600000,0.155
722365200000,0.188
722368800000,0.181
722372400000,0.156
722376000000,0.127
722379600000,0.089
722383200000,0.054
722386800000,0.026
722390400000,0.021
722394000000,0.011
722397600000,0.002
722401200000,0.001
722404800000,0.001
722408400000,0.0
722412000000,0.0
722415600000,0.002
722419200000,0.009
722422800000,0.021
722426400000,0.03
722430000000,0.022
722433600000,0.007
722437200000,0.001
722440800000,0.001
722444400000,0.0
722448000000,0.002
722451600000,0.012
722455200000,0.036
722458800000,0.065
722462400000,0.087
722466000000,0.093
722469600000,0.078
722473200000,0.045
722476800000,0.03
722480400000,0.011
722484000000,0.007
722487600000,0.005
722491200000,0.009
722494800000,0.021
722498400000,0.035
722502000000,0.042
722505600000,0.035
722509200000,0.023
722512800000,0.01
722516400000,0.001
722520000000,0.0
722523600000,0.0
722527200000,0.009
722530800000,0.057
722534400000,0.142
722538000000,0.201
722541600000,0.205
722545200000,0.179
722548800000,0.135
722552400000,0.107
722556000000,0.082
722559600000,0.048
722563200000,0.029
722566800000,0.017
722570400000,0.013
722574000000,0.021
722577600000,0.051
722581200000,0.09
722584800000,0.118
722588400000,0.136
722592000000,0.142
722595600000,0.132
722599200000,0.098
722602800000,0.049
722606400000,0.011
722610000000,0.001
722613600000,0.002
722617200000,0.02
722620800000,0.054
722624400000,0.071
722628000000,0.069
722631600000,0.058
722635200000,0.049
722638800000,0.044
722642400000,0.041
722646000000,0.047
722649600000,0.086
722653200000,0.133
722656800000,0.18
722660400000,0.204
722664000000,0.214
722667600000,0.229
722671200000,0.258
722674800000,0.299
722678400000,0.344
722682000000,0.391
722685600000,0.407
722689200000,0.41
722692800000,0.481
722696400000,0.566
722700000000,0.5
722703600000,0.33
722707200000,0.212
722710800000,0.159
722714400000,0.144
722718000000,0.144
722721600000,0.155
722725200000,0.169
722728800000,0.2
722732400000,0.273
722736000000,0.41
722739600000,0.459
722743200000,0.46
722746800000,0.429
722750400000,0.388
722754000000,0.369
722757600000,0.355
722761200000,0.334
722764800000,0.329
722768400000,0.38
722772000000,0.553
722775600000,0.731
722779200000,0.793
722782800000,0.77
722786400000,0.712
722790000000,0.625
722793600000,0.551
722797200000,0.498
722800800000,0.472
722804400000,0.461
722808000000,0.466
722811600000,0.443
722815200000,0.377
722818800000,0.281
722822400000,0.223
722826000000,0.153
722829600000,0.105
722833200000,0.094
722836800000,0.101
722840400000,0.108
722844000000,0.12
722847600000,0.14
722851200000,0.179
722854800000,0.252
722858400000,0.33
722862000000,0.358
722865600000,0.391
722869200000,0.451
722872800000,0.454
722876400000,0.379
722880000000,0.294
722883600000,0.229
722887200000,0.192
722890800000,0.189
722894400000,0.192
722898000000,0.186
722901600000,0.175
722905200000,0.17
722908800000,0.191
722912400000,0.177
722916000000,0.179
722919600000,0.199
722923200000,0.256
722926800000,0.354
722930400000,0.491
722934000000,0.624
722937600000,0.713
722941200000,0.779
722944800000,0.82
722948400000,0.842
722952000000,0.843
722955600000,0.835
722959200000,0.808
722962800000,0.709
722966400000,0.564
722970000000,0.412
722973600000,0.294
722977200000,0.212
722980800000,0.155
722984400000,0.122
722988000000,0.112
722991600000,0.113
722995200000,0.132
722998800000,0.145
723002400000,0.187
723006000000,0.251
723009600000,0.314
723013200000,0.364
723016800000,0.401
723020400000,0.428
723024000000,0.432
723027600000,0.422
723031200000,0.401
723034800000,0.362
723038400000,0.284
723042000000,0.186
723045600000,0.129
723049200000,0.082
723052800000,0.053
723056400000,0.032
723060000000,0.018
723063600000,0.007
723067200000,0.002
723070800000,0.001
723074400000,0.0
723078000000,0.0
723081600000,0.004
723085200000,0.009
723088800000,0.017
723092400000,0.024
723096000000,0.027
723099600000,0.033
723103200000,0.044
723106800000,0.063
723110400000,0.098
723114000000,0.165
723117600000,0.223
723121200000,0.191
723124800000,0.115
723128400000,0.045
723132000000,0.008
723135600000,0.001
723139200000,0.01
723142800000,0.035
723146400000,0.059
723150000000,0.068
723153600000,0.062
723157200000,0.056
723160800000,0.045
723164400000,0.021
723168000000,0.028
723171600000,0.035
723175200000,0.027
723178800000,0.021
723182400000,0.024
723186000000,0.036
723189600000,0.058
723193200000,0.082
723196800000,0.101
723200400000,0.1
723204000000,0.071
723207600000,0.017
723211200000,0.002
723214800000,0.012
723218400000,0.043
723222000000,0.063
723225600000,0.05
723229200000,0.027
723232800000,0.011
723236400000,0.007
723240000000,0.009
723243600000,0.008
723247200000,0.005
723250800000,0.006
723254400000,0.028
723258000000,0.045
723261600000,0.05
723265200000,0.055
723268800000,0.062
723272400000,0.063
723276000000,0.057
723279600000,0.037
723283200000,0.017
723286800000,0.029
723290400000,0.127
723294000000,0.201
723297600000,0.159
723301200000,0.096
723304800000,0.059
723308400000,0.045
723312000000,0.031
723315600000,0.023
723319200000,0.022
723322800000,0.023
723326400000,0.027
723330000000,0.033
723333600000,0.037
723337200000,0.034
723340800000,0.071
723344400000,0.115
723348000000,0.154
723351600000,0.167
723355200000,0.164
723358800000,0.134
723362400000,0.104
723366000000,0.082
723369600000,0.106
723373200000,0.183
723376800000,0.266
723380400000,0.337
723384000000,0.333
723387600000,0.265
723391200000,0.219
723394800000,0.216
723398400000,0.22
723402000000,0.214
723405600000,0.21
723409200000,0.22
723412800000,0.243
723416400000,0.249
723420000000,0.231
723423600000,0.174
723427200000,0.187
723430800000,0.176
723434400000,0.154
723438000000,0.123
723441600000,0.102
723445200000,0.092
723448800000,0.086
723452400000,0.066
723456000000,0.043
723459600000,0.05
723463200000,0.125
723466800000,0.221
723470400000,0.262
723474000000,0.228
723477600000,0.185
723481200000,0.147
723484800000,0.105
723488400000,0.076
723492000000,0.062
723495600000,0.068
723499200000,0.086
723502800000,0.108
723506400000,0.132
723510000000,0.137
723513600000,0.191
723517200000,0.234
723520800000,0.222
723524400000,0.192
723528000000,0.165
723531600000,0.147
723535200000,0.137
723538800000,0.111
723542400000,0.096
723546000000,0.076
723549600000,0.113
723553200000,0.194
723556800000,0.218
723560400000,0.185
723564000000,0.154
723567600000,0.122
723571200000,0.097
723574800000,0.082
723578400000,0.067
723582000000,0.054
723585600000,0.045
723589200000,0.039
723592800000,0.036
723596400000,0.028
723600000000,0.035
723603600000,0.059
723607200000,0.06
723610800000,0.053
723614400000,0.038
723618000000,0.031
723621600000,0.023
723625200000,0.046
723628800000,0.045
723632400000,0.037
723636000000,0.022
723639600000,0.008
723643200000,0.001
723646800000,0.0
723650400000,0.003
723654000000,0.017
723657600000,0.035
723661200000,0.041
723664800000,0.038
723668400000,0.033
723672000000,0.032
723675600000,0.028
723679200000,0.024
723682800000,0.015
723686400000,0.022
723690000000,0.045
723693600000,0.027
723697200000,0.008
723700800000,0.011
723704400000,0.012
723708000000,0.018
723711600000,0.032
723715200000,0.056
723718800000,0.09
723722400000,0.121
723726000000,0.139
723729600000,0.153
723733200000,0.155
723736800000,0.142
723740400000,0.106
723744000000,0.059
723747600000,0.026
723751200000,0.011
723754800000,0.007
723758400000,0.007
723762000000,0.012
723765600000,0.021
723769200000,0.02
723772800000,0.032
723776400000,0.028
723780000000,0.019
723783600000,0.01
723787200000,0.003
723790800000,0.001
723794400000,0.003
723798000000,0.005
723801600000,0.006
723805200000,0.009
723808800000,0.012
723812400000,0.014
723816000000,0.008
723819600000,0.013
723823200000,0.025
723826800000,0.046
723830400000,0.07
723834000000,0.082
723837600000,0.085
723841200000,0.098
723844800000,0.129
723848400000,0.167
723852000000,0.187
723855600000,0.154
723859200000,0.146
723862800000,0.159
723866400000,0.124
723870000000,0.078
723873600000,0.037
723877200000,0.012
723880800000,0.001
723884400000,0.0
723888000000,0.0
723891600000,0.004
723895200000,0.018
723898800000,0.05
723902400000,0.078
723906000000,0.087
723909600000,0.079
723913200000,0.052
723916800000,0.027
723920400000,0.015
723924000000,0.01
723927600000,0.006
723931200000,0.004
723934800000,0.003
723938400000,0.003
723942000000,0.003
723945600000,0.004
723949200000,0.002
723952800000,0.001
723956400000,0.001
723960000000,0.006
723963600000,0.02
723967200000,0.045
723970800000,0.082
723974400000,0.148
723978000000,0.27
723981600000,0.4
723985200000,0.466
723988800000,0.432
723992400000,0.302
723996000000,0.143
723999600000,0.047
724003200000,0.013
724006800000,0.013
724010400000,0.031
724014000000,0.059
724017600000,0.086
724021200000,0.085
724024800000,0.059
724028400000,0.022
724032000000,0.012
724035600000,0.006
724039200000,0.002
724042800000,0.001
724046400000,0.001
724050000000,0.004
724053600000,0.009
724057200000,0.017
724060800000,0.03
724064400000,0.054
724068000000,0.071
724071600000,0.053
724075200000,0.017
724078800000,0.001
724082400000,0.0
724086000000,0.009
724089600000,0.041
724093200000,0.075
724096800000,0.095
724100400000,0.097
724104000000,0.098
724107600000,0.106
724111200000,0.118
724114800000,0.106
724118400000,0.122
724122000000,0.102
724125600000,0.046
724129200000,0.009
724132800000,0.001
724136400000,0.001
724140000000,0.004
724143600000,0.019
724147200000,0.058
724150800000,0.124
724154400000,0.188
724158000000,0.209
724161600000,0.192
724165200000,0.156
724168800000,0.112
724172400000,0.054
724176000000,0.013
724179600000,0.003
724183200000,0.002
724186800000,0.005
724190400000,0.014
724194000000,0.03
724197600000,0.047
724201200000,0.055
724204800000,0.076
724208400000,0.072
724212000000,0.038
724215600000,0.008
724219200000,0.0
724222800000,0.0
724226400000,0.003
724230000000,0.015
724233600000,0.039
724237200000,0.062
724240800000,0.07
724244400000,0.055
724248000000,0.032
724251600000,0.012
724255200000,0.003
724258800000,0.001
724262400000,0.001
724266000000,0.005
724269600000,0.023
724273200000,0.044
724276800000,0.061
724280400000,0.067
724284000000,0.068
724287600000,0.054
724291200000,0.049
724294800000,0.02
724298400000,0.001
724302000000,0.0
724305600000,0.0
724309200000,0.005
724312800000,0.019
724316400000,0.032
724320000000,0.047
724323600000,0.088
724327200000,0.131
724330800000,0.152
724334400000,0.163
724338000000,0.178
724341600000,0.19
724345200000,0.168
724348800000,0.118
724352400000,0.067
724356000000,0.03
724359600000,0.015
724363200000,0.012
724366800000,0.017
724370400000,0.028
724374000000,0.033
724377600000,0.046
724381200000,0.052
724384800000,0.062
724388400000,0.087
724392000000,0.133
724395600000,0.205
724399200000,0.297
724402800000,0.376
724406400000,0.431
724410000000,0.475
724413600000,0.468
724417200000,0.374
724420800000,0.251
724424400000,0.148
724428000000,0.102
724431600000,0.113
724435200000,0.099
724438800000,0.061
724442400000,0.031
724446000000,0.012
724449600000,0.004
724453200000,0.002
724456800000,0.001
724460400000,0.003
724464000000,0.018
724467600000,0.036
724471200000,0.057
724474800000,0.102
724478400000,0.193
724482000000,0.341
724485600000,0.489
724489200000,0.604
724492800000,0.677
724496400000,0.695
724500000000,0.64
724503600000,0.46
724507200000,0.222
724510800000,0.091
724514400000,0.084
724518000000,0.069
724521600000,0.041
724525200000,0.013
724528800000,0.003
724532400000,0.0
724536000000,0.0
724539600000,0.0
724543200000,0.0
724546800000,0.0
724550400000,0.004
724554000000,0.026
724557600000,0.029
724561200000,0.009
724564800000,0.013
724568400000,0.015
724572000000,0.023
724575600000,0.038
724579200000,0.033
724582800000,0.004
724586400000,0.0
724590000000,0.006
724593600000,0.097
724597200000,0.189
724600800000,0.173
724604400000,0.116
724608000000,0.068
724611600000,0.04
724615200000,0.03
724618800000,0.032
724622400000,0.043
724626000000,0.049
724629600000,0.047
724633200000,0.032
724636800000,0.062
724640400000,0.107
724644000000,0.115
724647600000,0.102
724651200000,0.064
724654800000,0.057
724658400000,0.053
724662000000,0.063
724665600000,0.077
724669200000,0.07
724672800000,0.107
724676400000,0.112
724680000000,0.106
724683600000,0.084
724687200000,0.064
724690800000,0.068
724694400000,0.087
724698000000,0.104
724701600000,0.121
724705200000,0.14
724708800000,0.162
724712400000,0.177
724716000000,0.172
724719600000,0.143
724723200000,0.201
724726800000,0.253
724730400000,0.206
724734000000,0.133
724737600000,0.068
724741200000,0.039
724744800000,0.037
724748400000,0.034
724752000000,0.025
724755600000,0.024
724759200000,0.016
724762800000,0.032
724766400000,0.066
724770000000,0.117
724773600000,0.145
724777200000,0.17
724780800000,0.201
724784400000,0.221
724788000000,0.242
724791600000,0.26
724795200000,0.275
724798800000,0.295
724802400000,0.307
724806000000,0.245
724809600000,0.249
724813200000,0.249
724816800000,0.167
724820400000,0.082
724824000000,0.045
724827600000,0.039
724831200000,0.045
724834800000,0.064
724838400000,0.089
724842000000,0.104
724845600000,0.097
724849200000,0.076
724852800000,0.045
724856400000,0.017
724860000000,0.003
724863600000,0.001
724867200000,0.0
724870800000,0.001
724874400000,0.005
724878000000,0.019
724881600000,0.042
724885200000,0.05
724888800000,0.046
724892400000,0.028
724896000000,0.023
724899600000,0.023
724903200000,0.028
724906800000,0.049
724910400000,0.065
724914000000,0.067
724917600000,0.059
724921200000,0.051
724924800000,0.044
724928400000,0.039
724932000000,0.019
724935600000,0.003
724939200000,0.0
724942800000,0.0
724946400000,0.002
724950000000,0.01
724953600000,0.021
724957200000,0.036
724960800000,0.049
724964400000,0.054
724968000000,0.054
724971600000,0.049
724975200000,0.041
724978800000,0.022
724982400000,0.035
724986000000,0.041
724989600000,0.029
724993200000,0.025
724996800000,0.032
725000400000,0.039
725004000000,0.05
725007600000,0.062
725011200000,0.071
725014800000,0.07
725018400000,0.049
725022000000,0.023
725025600000,0.007
725029200000,0.001
725032800000,0.004
725036400000,0.028
725040000000,0.067
725043600000,0.095
725047200000,0.103
725050800000,0.098
725054400000,0.093
725058000000,0.096
725061600000,0.11
725065200000,0.113
725068800000,0.133
725072400000,0.128
725076000000,0.076
725079600000,0.023
725083200000,0.014
725086800000,0.029
725090400000,0.07
725094000000,0.14
725097600000,0.214
725101200000,0.259
725104800000,0.209
725108400000,0.086
725112000000,0.008
725115600000,0.028
725119200000,0.166
725122800000,0.339
725126400000,0.369
725130000000,0.293
725133600000,0.259
725137200000,0.283
725140800000,0.332
725144400000,0.402
725148000000,0.481
725151600000,0.491
725155200000,0.65
725158800000,0.633
725162400000,0.535
725166000000,0.41
725169600000,0.3
725173200000,0.251
725176800000,0.276
725180400000,0.315
725184000000,0.338
725187600000,0.332
725191200000,0.353
725194800000,0.308
725198400000,0.262
725202000000,0.217
725205600000,0.177
725209200000,0.162
725212800000,0.167
725216400000,0.16
725220000000,0.149
725223600000,0.193
725227200000,0.223
725230800000,0.212
725234400000,0.189
725238000000,0.162
725241600000,0.181
725245200000,0.252
725248800000,0.325
725252400000,0.345
725256000000,0.336
725259600000,0.311
725263200000,0.31
725266800000,0.304
725270400000,0.307
725274000000,0.26
725277600000,0.283
725281200000,0.332
725284800000,0.352
725288400000,0.352
725292000000,0.355
725295600000,0.364
725299200000,0.386
725302800000,0.391
725306400000,0.354
725310000000,0.282
725313600000,0.204
725317200000,0.132
725320800000,0.079
725324400000,0.046
725328000000,0.103
725331600000,0.138
725335200000,0.106
725338800000,0.063
725342400000,0.03
725346000000,0.019
725349600000,0.032
725353200000,0.038
725356800000,0.036
725360400000,0.032
725364000000,0.021
725367600000,0.045
725371200000,0.089
725374800000,0.144
725378400000,0.186
725382000000,0.217
725385600000,0.223
725389200000,0.202
725392800000,0.185
725396400000,0.179
725400000000,0.18
725403600000,0.18
725407200000,0.181
725410800000,0.151
725414400000,0.186
725418000000,0.192
725421600000,0.136
725425200000,0.086
725428800000,0.054
725432400000,0.047
725436000000,0.054
725439600000,0.061
725443200000,0.064
725446800000,0.057
725450400000,0.046
725454000000,0.038
725457600000,0.033
725461200000,0.019
725464800000,0.008
725468400000,0.007
725472000000,0.007
725475600000,0.009
725479200000,0.011
725482800000,0.011
725486400000,0.01
725490000000,0.009
725493600000,0.01
725497200000,0.008
725500800000,0.011
725504400000,0.012
725508000000,0.008
725511600000,0.011
725515200000,0.028
725518800000,0.06
725522400000,0.11
725526000000,0.173
725529600000,0.221
725533200000,0.264
725536800000,0.27
725540400000,0.234
725544000000,0.184
725547600000,0.133
725551200000,0.078
725554800000,0.028
725558400000,0.005
725562000000,0.001
725565600000,0.002
725569200000,0.015
725572800000,0.047
725576400000,0.078
725580000000,0.094
725583600000,0.081
725587200000,0.076
725590800000,0.05
725594400000,0.013
725598000000,0.0
725601600000,0.002
725605200000,0.007
725608800000,0.024
725612400000,0.043
725616000000,0.049
725619600000,0.057
725623200000,0.044
725626800000,0.015
725630400000,0.002
725634000000,0.0
725637600000,0.0
725641200000,0.0
725644800000,0.001
725648400000,0.009
725652000000,0.034
725655600000,0.077
725659200000,0.126
725662800000,0.139
725666400000,0.132
725670000000,0.121
725673600000,0.146
725677200000,0.136
725680800000,0.087
725684400000,0.041
725688000000,0.013
725691600000,0.012
725695200000,0.016
725698800000,0.032
725702400000,0.058
725706000000,0.072
725709600000,0.056
725713200000,0.027
725716800000,0.008
725720400000,0.002
725724000000,0.001
725727600000,0.0
725731200000,0.001
725734800000,0.004
725738400000,0.007
725742000000,0.011
725745600000,0.019
725749200000,0.027
725752800000,0.028
725756400000,0.019
725760000000,0.009
725763600000,0.001
725767200000,0.0
725770800000,0.0
725774400000,0.003
725778000000,0.029
725781600000,0.076
725785200000,0.128
725788800000,0.201
725792400000,0.317
725796000000,0.421
725799600000,0.459
725803200000,0.42
725806800000,0.312
725810400000,0.176
725814000000,0.071
725817600000,0.041
725821200000,0.051
725824800000,0.065
725828400000,0.079
725832000000,0.093
725835600000,0.104
725839200000,0.112
725842800000,0.096
