,S1
1167609600000,0.301
1167613200000,0.397
1167616800000,0.442
1167620400000,0.454
1167624000000,0.437
1167627600000,0.396
1167631200000,0.333
1167634800000,0.216
1167638400000,0.071
1167642000000,0.0
1167645600000,0.0
1167649200000,0.0
1167652800000,0.0
1167656400000,0.0
1167660000000,0.0
1167663600000,0.0
1167667200000,0.0
1167670800000,0.0
1167674400000,0.0
1167678000000,0.0
1167681600000,0.0
1167685200000,0.0
1167688800000,0.034
1167692400000,0.169
1167696000000,0.293
1167699600000,0.415
1167703200000,0.48
1167706800000,0.488
1167710400000,0.486
1167714000000,0.451
1167717600000,0.366
1167721200000,0.257
1167724800000,0.088
1167728400000,0.0
1167732000000,0.0
1167735600000,0.0
1167739200000,0.0
1167742800000,0.0
1167746400000,0.0
1167750000000,0.0
1167753600000,0.0
1167757200000,0.0
1167760800000,0.0
1167764400000,0.0
1167768000000,0.0
1167771600000,0.0
1167775200000,0.026
1167778800000,0.144
1167782400000,0.288
1167786000000,0.419
1167789600000,0.545
1167793200000,0.602
1167796800000,0.591
1167800400000,0.503
1167804000000,0.388
1167807600000,0.239
1167811200000,0.083
1167814800000,0.0
1167818400000,0.0
1167822000000,0.0
1167825600000,0.0
1167829200000,0.0
1167832800000,0.0
1167836400000,0.0
1167840000000,0.0
1167843600000,0.0
1167847200000,0.0
1167850800000,0.0
1167854400000,0.0
1167858000000,0.0
1167861600000,0.047
1167865200000,0.219
1167868800000,0.387
1167872400000,0.534
1167876000000,0.595
1167879600000,0.547
1167883200000,0.532
1167886800000,0.472
1167890400000,0.367
1167894000000,0.233
1167897600000,0.074
1167901200000,0.0
1167904800000,0.0
1167908400000,0.0
1167912000000,0.0
1167915600000,0.0
1167919200000,0.0
1167922800000,0.0
1167926400000,0.0
1167930000000,0.0
1167933600000,0.0
1167937200000,0.0
1167940800000,0.0
1167944400000,0.0
1167948000000,0.063
1167951600000,0.257
1167955200000,0.448
1167958800000,0.577
1167962400000,0.664
1167966000000,0.691
1167969600000,0.669
1167973200000,0.583
1167976800000,0.447
1167980400000,0.281
1167984000000,0.092
1167987600000,0.0
1167991200000,0.0
1167994800000,0.0
1167998400000,0.0
1168002000000,0.0
1168005600000,0.0
1168009200000,0.0
1168012800000,0.0
1168016400000,0.0
1168020000000,0.0
1168023600000,0.0
1168027200000,0.0
1168030800000,0.0
1168034400000,0.032
1168038000000,0.186
1168041600000,0.352
1168045200000,0.491
1168048800000,0.545
1168052400000,0.549
1168056000000,0.546
1168059600000,0.476
1168063200000,0.385
1168066800000,0.249
1168070400000,0.091
1168074000000,0.0
1168077600000,0.0
1168081200000,0.0
1168084800000,0.0
1168088400000,0.0
1168092000000,0.0
1168095600000,0.0
1168099200000,0.0
1168102800000,0.0
1168106400000,0.0
1168110000000,0.0
1168113600000,0.0
1168117200000,0.0
1168120800000,0.051
1168124400000,0.224
1168128000000,0.425
1168131600000,0.567
1168135200000,0.658
1168138800000,0.688
1168142400000,0.669
1168146000000,0.603
1168149600000,0.473
1168153200000,0.287
1168156800000,0.106
1168160400000,0.0
1168164000000,0.0
1168167600000,0.0
1168171200000,0.0
1168174800000,0.0
1168178400000,0.0
1168182000000,0.0
1168185600000,0.0
1168189200000,0.0
1168192800000,0.0
1168196400000,0.0
1168200000000,0.0
1168203600000,0.0
1168207200000,0.047
1168210800000,0.213
1168214400000,0.359
1168218000000,0.446
1168221600000,0.377
1168225200000,0.327
1168228800000,0.353
1168232400000,0.331
1168236000000,0.273
1168239600000,0.182
1168243200000,0.058
1168246800000,0.0
1168250400000,0.0
1168254000000,0.0
1168257600000,0.0
1168261200000,0.0
1168264800000,0.0
1168268400000,0.0
1168272000000,0.0
1168275600000,0.0
1168279200000,0.0
1168282800000,0.0
1168286400000,0.0
1168290000000,0.0
1168293600000,0.046
1168297200000,0.215
1168300800000,0.393
1168304400000,0.549
1168308000000,0.62
1168311600000,0.622
1168315200000,0.597
1168318800000,0.503
1168322400000,0.399
1168326000000,0.247
1168329600000,0.083
1168333200000,0.0
1168336800000,0.0
1168340400000,0.0
1168344000000,0.0
1168347600000,0.0
1168351200000,0.0
1168354800000,0.0
1168358400000,0.0
1168362000000,0.0
1168365600000,0.0
1168369200000,0.0
1168372800000,0.0
1168376400000,0.0
1168380000000,0.015
1168383600000,0.102
1168387200000,0.237
1168390800000,0.356
1168394400000,0.429
1168398000000,0.417
1168401600000,0.387
1168405200000,0.367
1168408800000,0.309
1168412400000,0.2
1168416000000,0.054
1168419600000,0.0
1168423200000,0.0
1168426800000,0.0
1168430400000,0.0
1168434000000,0.0
1168437600000,0.0
1168441200000,0.0
1168444800000,0.0
1168448400000,0.0
1168452000000,0.0
1168455600000,0.0
1168459200000,0.0
1168462800000,0.0
1168466400000,0.025
1168470000000,0.149
1168473600000,0.293
1168477200000,0.418
1168480800000,0.503
1168484400000,0.522
1168488000000,0.515
1168491600000,0.466
1168495200000,0.374
1168498800000,0.239
1168502400000,0.083
1168506000000,0.0
1168509600000,0.0
1168513200000,0.0
1168516800000,0.0
1168520400000,0.0
1168524000000,0.0
1168527600000,0.0
1168531200000,0.0
1168534800000,0.0
1168538400000,0.0
1168542000000,0.0
1168545600000,0.0
1168549200000,0.0
1168552800000,0.037
1168556400000,0.177
1168560000000,0.308
1168563600000,0.401
1168567200000,0.452
1168570800000,0.452
1168574400000,0.439
1168578000000,0.393
1168581600000,0.307
1168585200000,0.192
1168588800000,0.06
1168592400000,0.0
1168596000000,0.0
1168599600000,0.0
1168603200000,0.0
1168606800000,0.0
1168610400000,0.0
1168614000000,0.0
1168617600000,0.0
1168621200000,0.0
1168624800000,0.0
1168628400000,0.0
1168632000000,0.0
1168635600000,0.0
1168639200000,0.021
1168642800000,0.111
1168646400000,0.198
1168650000000,0.265
1168653600000,0.319
1168657200000,0.334
1168660800000,0.332
1168664400000,0.303
1168668000000,0.27
1168671600000,0.184
1168675200000,0.063
1168678800000,0.0
1168682400000,0.0
1168686000000,0.0
1168689600000,0.0
1168693200000,0.0
1168696800000,0.0
1168700400000,0.0
1168704000000,0.0
1168707600000,0.0
1168711200000,0.0
1168714800000,0.0
1168718400000,0.0
1168722000000,0.0
1168725600000,0.005
1168729200000,0.082
1168732800000,0.16
1168736400000,0.267
1168740000000,0.376
1168743600000,0.46
1168747200000,0.482
1168750800000,0.436
1168754400000,0.309
1168758000000,0.164
1168761600000,0.052
1168765200000,0.0
1168768800000,0.0
1168772400000,0.0
1168776000000,0.0
1168779600000,0.0
1168783200000,0.0
1168786800000,0.0
1168790400000,0.0
1168794000000,0.0
1168797600000,0.0
1168801200000,0.0
1168804800000,0.0
1168808400000,0.0
1168812000000,0.024
1168815600000,0.145
1168819200000,0.287
1168822800000,0.396
1168826400000,0.418
1168830000000,0.438
1168833600000,0.412
1168837200000,0.319
1168840800000,0.223
1168844400000,0.158
1168848000000,0.059
1168851600000,0.0
1168855200000,0.0
1168858800000,0.0
1168862400000,0.0
1168866000000,0.0
1168869600000,0.0
1168873200000,0.0
1168876800000,0.0
1168880400000,0.0
1168884000000,0.0
1168887600000,0.0
1168891200000,0.0
1168894800000,0.0
1168898400000,0.037
1168902000000,0.185
1168905600000,0.346
1168909200000,0.475
1168912800000,0.567
1168916400000,0.598
1168920000000,0.64
1168923600000,0.549
1168927200000,0.442
1168930800000,0.269
1168934400000,0.104
1168938000000,0.0
1168941600000,0.0
1168945200000,0.0
1168948800000,0.0
1168952400000,0.0
1168956000000,0.0
1168959600000,0.0
1168963200000,0.0
1168966800000,0.0
1168970400000,0.0
1168974000000,0.0
1168977600000,0.0
1168981200000,0.0
1168984800000,0.056
1168988400000,0.261
1168992000000,0.478
1168995600000,0.623
1168999200000,0.707
1169002800000,0.737
1169006400000,0.718
1169010000000,0.649
1169013600000,0.528
1169017200000,0.347
1169020800000,0.137
1169024400000,0.0
1169028000000,0.0
1169031600000,0.0
1169035200000,0.0
1169038800000,0.0
1169042400000,0.0
1169046000000,0.0
1169049600000,0.0
1169053200000,0.0
1169056800000,0.0
1169060400000,0.0
1169064000000,0.0
1169067600000,0.0
1169071200000,0.078
1169074800000,0.275
1169078400000,0.458
1169082000000,0.605
1169085600000,0.683
1169089200000,0.711
1169092800000,0.695
1169096400000,0.629
1169100000000,0.488
1169103600000,0.322
1169107200000,0.13
1169110800000,0.0
1169114400000,0.0
1169118000000,0.0
1169121600000,0.0
1169125200000,0.0
1169128800000,0.0
1169132400000,0.0
1169136000000,0.0
1169139600000,0.0
1169143200000,0.0
1169146800000,0.0
1169150400000,0.0
1169154000000,0.0
1169157600000,0.049
1169161200000,0.174
1169164800000,0.29
1169168400000,0.377
1169172000000,0.477
1169175600000,0.553
1169179200000,0.623
1169182800000,0.591
1169186400000,0.523
1169190000000,0.362
1169193600000,0.145
1169197200000,0.0
1169200800000,0.0
1169204400000,0.0
1169208000000,0.0
1169211600000,0.0
1169215200000,0.0
1169218800000,0.0
1169222400000,0.0
1169226000000,0.0
1169229600000,0.0
1169233200000,0.0
1169236800000,0.0
1169240400000,0.0
1169244000000,0.08
1169247600000,0.28
1169251200000,0.467
1169254800000,0.595
1169258400000,0.676
1169262000000,0.703
1169265600000,0.681
1169269200000,0.616
1169272800000,0.505
1169276400000,0.318
1169280000000,0.122
1169283600000,0.0
1169287200000,0.0
1169290800000,0.0
1169294400000,0.0
1169298000000,0.0
1169301600000,0.0
1169305200000,0.0
1169308800000,0.0
1169312400000,0.0
1169316000000,0.0
1169319600000,0.0
1169323200000,0.0
1169326800000,0.0
1169330400000,0.057
1169334000000,0.23
1169337600000,0.427
1169341200000,0.551
1169344800000,0.656
1169348400000,0.705
1169352000000,0.704
1169355600000,0.64
1169359200000,0.51
1169362800000,0.308
1169366400000,0.112
1169370000000,0.0
1169373600000,0.0
1169377200000,0.0
1169380800000,0.0
1169384400000,0.0
1169388000000,0.0
1169391600000,0.0
1169395200000,0.0
1169398800000,0.0
1169402400000,0.0
1169406000000,0.0
1169409600000,0.0
1169413200000,0.0
1169416800000,0.064
1169420400000,0.253
1169424000000,0.455
1169427600000,0.579
1169431200000,0.669
1169434800000,0.7
1169438400000,0.682
1169442000000,0.618
1169445600000,0.488
1169449200000,0.322
1169452800000,0.115
1169456400000,0.0
1169460000000,0.0
1169463600000,0.0
1169467200000,0.0
1169470800000,0.0
1169474400000,0.0
1169478000000,0.0
1169481600000,0.0
1169485200000,0.0
1169488800000,0.0
1169492400000,0.0
1169496000000,0.0
1169499600000,0.0
1169503200000,0.078
1169506800000,0.26
1169510400000,0.438
1169514000000,0.589
1169517600000,0.668
1169521200000,0.711
1169524800000,0.684
1169528400000,0.628
1169532000000,0.511
1169535600000,0.3
1169539200000,0.104
1169542800000,0.0
1169546400000,0.0
1169550000000,0.0
1169553600000,0.0
1169557200000,0.0
1169560800000,0.0
1169564400000,0.0
1169568000000,0.0
1169571600000,0.0
1169575200000,0.0
1169578800000,0.0
1169582400000,0.0
1169586000000,0.0
1169589600000,0.083
1169593200000,0.292
1169596800000,0.476
1169600400000,0.608
1169604000000,0.689
1169607600000,0.722
1169611200000,0.705
1169614800000,0.639
1169618400000,0.488
1169622000000,0.328
1169625600000,0.13
1169629200000,0.0
1169632800000,0.0
1169636400000,0.0
1169640000000,0.0
1169643600000,0.0
1169647200000,0.0
1169650800000,0.0
1169654400000,0.0
1169658000000,0.0
1169661600000,0.0
1169665200000,0.0
1169668800000,0.0
1169672400000,0.0
1169676000000,0.067
1169679600000,0.256
1169683200000,0.43
1169686800000,0.59
1169690400000,0.685
1169694000000,0.717
1169697600000,0.699
1169701200000,0.613
1169704800000,0.503
1169708400000,0.342
1169712000000,0.143
1169715600000,0.0
1169719200000,0.0
1169722800000,0.0
1169726400000,0.0
1169730000000,0.0
1169733600000,0.0
1169737200000,0.0
1169740800000,0.0
1169744400000,0.0
1169748000000,0.0
1169751600000,0.0
1169755200000,0.0
1169758800000,0.0
1169762400000,0.065
1169766000000,0.244
1169769600000,0.427
1169773200000,0.605
1169776800000,0.693
1169780400000,0.727
1169784000000,0.71
1169787600000,0.648
1169791200000,0.526
1169794800000,0.35
1169798400000,0.109
1169802000000,0.0
1169805600000,0.0
1169809200000,0.0
1169812800000,0.0
1169816400000,0.0
1169820000000,0.0
1169823600000,0.0
1169827200000,0.0
1169830800000,0.0
1169834400000,0.0
1169838000000,0.0
1169841600000,0.0
1169845200000,0.0
1169848800000,0.059
1169852400000,0.251
1169856000000,0.437
1169859600000,0.589
1169863200000,0.667
1169866800000,0.693
1169870400000,0.668
1169874000000,0.577
1169877600000,0.45
1169881200000,0.29
1169884800000,0.098
1169888400000,0.0
1169892000000,0.0
1169895600000,0.0
1169899200000,0.0
1169902800000,0.0
1169906400000,0.0
1169910000000,0.0
1169913600000,0.0
1169917200000,0.0
1169920800000,0.0
1169924400000,0.0
1169928000000,0.0
1169931600000,0.0
1169935200000,0.039
1169938800000,0.192
1169942400000,0.378
1169946000000,0.525
1169949600000,0.61
1169953200000,0.645
1169956800000,0.622
1169960400000,0.565
1169964000000,0.435
1169967600000,0.233
1169971200000,0.072
1169974800000,0.0
1169978400000,0.0
1169982000000,0.0
1169985600000,0.0
1169989200000,0.0
1169992800000,0.0
1169996400000,0.0
1170000000000,0.0
1170003600000,0.0
1170007200000,0.0
1170010800000,0.0
1170014400000,0.0
1170018000000,0.0
1170021600000,0.051
1170025200000,0.198
1170028800000,0.359
1170032400000,0.472
1170036000000,0.511
1170039600000,0.556
1170043200000,0.547
1170046800000,0.504
1170050400000,0.396
1170054000000,0.245
1170057600000,0.08
1170061200000,0.0
1170064800000,0.0
1170068400000,0.0
1170072000000,0.0
1170075600000,0.0
1170079200000,0.0
1170082800000,0.0
1170086400000,0.0
1170090000000,0.0
1170093600000,0.0
1170097200000,0.0
1170100800000,0.0
1170104400000,0.0
1170108000000,0.044
1170111600000,0.209
1170115200000,0.37
1170118800000,0.487
1170122400000,0.565
1170126000000,0.581
1170129600000,0.549
1170133200000,0.495
1170136800000,0.372
1170140400000,0.233
1170144000000,0.087
1170147600000,0.0
1170151200000,0.0
1170154800000,0.0
1170158400000,0.0
1170162000000,0.0
1170165600000,0.0
1170169200000,0.0
1170172800000,0.0
1170176400000,0.0
1170180000000,0.0
1170183600000,0.0
1170187200000,0.0
1170190800000,0.0
1170194400000,0.038
1170198000000,0.178
1170201600000,0.318
1170205200000,0.389
1170208800000,0.399
1170212400000,0.432
1170216000000,0.463
1170219600000,0.44
1170223200000,0.325
1170226800000,0.16
1170230400000,0.045
1170234000000,0.0
1170237600000,0.0
1170241200000,0.0
1170244800000,0.0
1170248400000,0.0
1170252000000,0.0
1170255600000,0.0
1170259200000,0.0
1170262800000,0.0
1170266400000,0.0
1170270000000,0.0
1170273600000,0.0
1170277200000,0.0
1170280800000,0.03
1170284400000,0.161
1170288000000,0.295
1170291600000,0.422
1170295200000,0.525
1170298800000,0.601
1170302400000,0.58
1170306000000,0.507
1170309600000,0.412
1170313200000,0.269
1170316800000,0.091
1170320400000,0.0
1170324000000,0.0
1170327600000,0.0
1170331200000,0.0
1170334800000,0.0
1170338400000,0.0
1170342000000,0.0
1170345600000,0.0
1170349200000,0.0
1170352800000,0.0
1170356400000,0.0
1170360000000,0.0
1170363600000,0.0
1170367200000,0.059
1170370800000,0.228
1170374400000,0.422
1170378000000,0.552
1170381600000,0.658
1170385200000,0.69
1170388800000,0.657
1170392400000,0.558
1170396000000,0.411
1170399600000,0.243
1170403200000,0.088
1170406800000,0.0
1170410400000,0.0
1170414000000,0.0
1170417600000,0.0
1170421200000,0.0
1170424800000,0.0
1170428400000,0.0
1170432000000,0.0
1170435600000,0.0
1170439200000,0.0
1170442800000,0.0
1170446400000,0.0
1170450000000,0.0
1170453600000,0.046
1170457200000,0.211
1170460800000,0.383
1170464400000,0.53
1170468000000,0.611
1170471600000,0.669
1170475200000,0.625
1170478800000,0.568
1170482400000,0.461
1170486000000,0.296
1170489600000,0.106
1170493200000,0.0
1170496800000,0.0
1170500400000,0.0
1170504000000,0.0
1170507600000,0.0
1170511200000,0.0
1170514800000,0.0
1170518400000,0.0
1170522000000,0.0
1170525600000,0.0
1170529200000,0.0
1170532800000,0.0
1170536400000,0.0
1170540000000,0.04
1170543600000,0.183
1170547200000,0.313
1170550800000,0.447
1170554400000,0.497
1170558000000,0.524
1170561600000,0.53
1170565200000,0.507
1170568800000,0.44
1170572400000,0.268
1170576000000,0.098
1170579600000,0.0
1170583200000,0.0
1170586800000,0.0
1170590400000,0.0
1170594000000,0.0
1170597600000,0.0
1170601200000,0.0
1170604800000,0.0
1170608400000,0.0
1170612000000,0.0
1170615600000,0.0
1170619200000,0.0
1170622800000,0.0
1170626400000,0.037
1170630000000,0.176
1170633600000,0.322
1170637200000,0.402
1170640800000,0.473
1170644400000,0.51
1170648000000,0.522
1170651600000,0.465
1170655200000,0.38
1170658800000,0.277
1170662400000,0.112
1170666000000,0.0
1170669600000,0.0
1170673200000,0.0
1170676800000,0.0
1170680400000,0.0
1170684000000,0.0
1170687600000,0.0
1170691200000,0.0
1170694800000,0.0
1170698400000,0.0
1170702000000,0.0
1170705600000,0.0
1170709200000,0.0
1170712800000,0.081
1170716400000,0.276
1170720000000,0.472
1170723600000,0.591
1170727200000,0.684
1170730800000,0.714
1170734400000,0.689
1170738000000,0.63
1170741600000,0.488
1170745200000,0.313
1170748800000,0.11
1170752400000,0.0
1170756000000,0.0
1170759600000,0.0
1170763200000,0.0
1170766800000,0.0
1170770400000,0.0
1170774000000,0.0
1170777600000,0.0
1170781200000,0.0
1170784800000,0.0
1170788400000,0.0
1170792000000,0.0
1170795600000,0.0
1170799200000,0.073
1170802800000,0.245
1170806400000,0.438
1170810000000,0.568
1170813600000,0.671
1170817200000,0.699
1170820800000,0.682
1170824400000,0.601
1170828000000,0.501
1170831600000,0.328
1170835200000,0.13
1170838800000,0.0
1170842400000,0.0
1170846000000,0.0
1170849600000,0.0
1170853200000,0.0
1170856800000,0.0
1170860400000,0.0
1170864000000,0.0
1170867600000,0.0
1170871200000,0.0
1170874800000,0.0
1170878400000,0.0
1170882000000,0.0
1170885600000,0.076
1170889200000,0.27
1170892800000,0.473
1170896400000,0.604
1170900000000,0.691
1170903600000,0.729
1170907200000,0.711
1170910800000,0.642
1170914400000,0.505
1170918000000,0.359
1170921600000,0.139
1170925200000,0.0
1170928800000,0.0
1170932400000,0.0
1170936000000,0.0
1170939600000,0.0
1170943200000,0.0
1170946800000,0.0
1170950400000,0.0
1170954000000,0.0
1170957600000,0.0
1170961200000,0.0
1170964800000,0.0
1170968400000,0.0
1170972000000,0.074
1170975600000,0.276
1170979200000,0.471
1170982800000,0.626
1170986400000,0.712
1170990000000,0.739
1170993600000,0.707
1170997200000,0.642
1171000800000,0.511
1171004400000,0.334
1171008000000,0.126
1171011600000,0.0
1171015200000,0.0
1171018800000,0.0
1171022400000,0.0
1171026000000,0.0
1171029600000,0.0
1171033200000,0.0
1171036800000,0.0
1171040400000,0.0
1171044000000,0.0
1171047600000,0.0
1171051200000,0.0
1171054800000,0.0
1171058400000,0.091
1171062000000,0.285
1171065600000,0.481
1171069200000,0.607
1171072800000,0.698
1171076400000,0.729
1171080000000,0.712
1171083600000,0.646
1171087200000,0.527
1171090800000,0.337
1171094400000,0.128
1171098000000,0.0
1171101600000,0.0
1171105200000,0.0
1171108800000,0.0
1171112400000,0.0
1171116000000,0.0
1171119600000,0.0
1171123200000,0.0
1171126800000,0.0
1171130400000,0.0
1171134000000,0.0
1171137600000,0.0
1171141200000,0.0
1171144800000,0.074
1171148400000,0.244
1171152000000,0.404
1171155600000,0.567
1171159200000,0.684
1171162800000,0.727
1171166400000,0.719
1171170000000,0.651
1171173600000,0.532
1171177200000,0.365
1171180800000,0.137
1171184400000,0.0
1171188000000,0.0
1171191600000,0.0
1171195200000,0.0
1171198800000,0.0
1171202400000,0.0
1171206000000,0.0
1171209600000,0.0
1171213200000,0.0
1171216800000,0.0
1171220400000,0.0
1171224000000,0.0
1171227600000,0.0
1171231200000,0.085
1171234800000,0.28
1171238400000,0.471
1171242000000,0.625
1171245600000,0.701
1171249200000,0.737
1171252800000,0.718
1171256400000,0.647
1171260000000,0.526
1171263600000,0.339
1171267200000,0.136
1171270800000,0.0
1171274400000,0.0
1171278000000,0.0
1171281600000,0.0
1171285200000,0.0
1171288800000,0.0
1171292400000,0.0
1171296000000,0.0
1171299600000,0.0
1171303200000,0.0
1171306800000,0.0
1171310400000,0.0
1171314000000,0.0
1171317600000,0.069
1171321200000,0.251
1171324800000,0.418
1171328400000,0.566
1171332000000,0.639
1171335600000,0.711
1171339200000,0.712
1171342800000,0.647
1171346400000,0.505
1171350000000,0.368
1171353600000,0.149
1171357200000,0.0
1171360800000,0.0
1171364400000,0.0
1171368000000,0.0
1171371600000,0.0
1171375200000,0.0
1171378800000,0.0
1171382400000,0.0
1171386000000,0.0
1171389600000,0.0
1171393200000,0.0
1171396800000,0.0
1171400400000,0.0
1171404000000,0.087
1171407600000,0.278
1171411200000,0.487
1171414800000,0.621
1171418400000,0.702
1171422000000,0.727
1171425600000,0.705
1171429200000,0.639
1171432800000,0.52
1171436400000,0.33
1171440000000,0.143
1171443600000,0.0
1171447200000,0.0
1171450800000,0.0
1171454400000,0.0
1171458000000,0.0
1171461600000,0.0
1171465200000,0.0
1171468800000,0.0
1171472400000,0.0
1171476000000,0.0
1171479600000,0.0
1171483200000,0.0
1171486800000,0.0
1171490400000,0.086
1171494000000,0.299
1171497600000,0.494
1171501200000,0.634
1171504800000,0.713
1171508400000,0.754
1171512000000,0.74
1171515600000,0.671
1171519200000,0.556
1171522800000,0.359
1171526400000,0.144
1171530000000,0.0
1171533600000,0.0
1171537200000,0.0
1171540800000,0.0
1171544400000,0.0
1171548000000,0.0
1171551600000,0.0
1171555200000,0.0
1171558800000,0.0
1171562400000,0.0
1171566000000,0.0
1171569600000,0.0
1171573200000,0.0
1171576800000,0.058
1171580400000,0.227
1171584000000,0.42
1171587600000,0.566
1171591200000,0.665
1171594800000,0.688
1171598400000,0.671
1171602000000,0.597
1171605600000,0.479
1171609200000,0.283
1171612800000,0.096
1171616400000,0.0
1171620000000,0.0
1171623600000,0.0
1171627200000,0.0
1171630800000,0.0
1171634400000,0.0
1171638000000,0.0
1171641600000,0.0
1171645200000,0.0
1171648800000,0.0
1171652400000,0.0
1171656000000,0.0
1171659600000,0.0
1171663200000,0.043
1171666800000,0.165
1171670400000,0.291
1171674000000,0.377
1171677600000,0.412
1171681200000,0.383
1171684800000,0.32
1171688400000,0.251
1171692000000,0.185
1171695600000,0.11
1171699200000,0.037
1171702800000,0.0
1171706400000,0.0
1171710000000,0.0
1171713600000,0.0
1171717200000,0.0
1171720800000,0.0
1171724400000,0.0
1171728000000,0.0
1171731600000,0.0
1171735200000,0.0
1171738800000,0.0
1171742400000,0.0
1171746000000,0.0
1171749600000,0.076
1171753200000,0.258
1171756800000,0.441
1171760400000,0.516
1171764000000,0.496
1171767600000,0.423
1171771200000,0.337
1171774800000,0.286
1171778400000,0.21
1171782000000,0.129
1171785600000,0.049
1171789200000,0.0
1171792800000,0.0
1171796400000,0.0
1171800000000,0.0
1171803600000,0.0
1171807200000,0.0
1171810800000,0.0
1171814400000,0.0
1171818000000,0.0
1171821600000,0.0
1171825200000,0.0
1171828800000,0.0
1171832400000,0.0
1171836000000,0.031
1171839600000,0.124
1171843200000,0.219
1171846800000,0.326
1171850400000,0.42
1171854000000,0.486
1171857600000,0.496
1171861200000,0.43
1171864800000,0.315
1171868400000,0.201
1171872000000,0.081
1171875600000,0.0
1171879200000,0.0
1171882800000,0.0
1171886400000,0.0
1171890000000,0.0
1171893600000,0.0
1171897200000,0.0
1171900800000,0.0
1171904400000,0.0
1171908000000,0.0
1171911600000,0.0
1171915200000,0.0
1171918800000,0.0
1171922400000,0.083
1171926000000,0.279
1171929600000,0.495
1171933200000,0.639
1171936800000,0.726
1171940400000,0.756
1171944000000,0.739
1171947600000,0.668
1171951200000,0.55
1171954800000,0.381
1171958400000,0.162
1171962000000,0.0
1171965600000,0.0
1171969200000,0.0
1171972800000,0.0
1171976400000,0.0
1171980000000,0.0
1171983600000,0.0
1171987200000,0.0
1171990800000,0.0
1171994400000,0.0
1171998000000,0.0
1172001600000,0.0
1172005200000,0.0
1172008800000,0.095
1172012400000,0.304
1172016000000,0.501
1172019600000,0.629
1172023200000,0.701
1172026800000,0.719
1172030400000,0.703
1172034000000,0.648
1172037600000,0.53
1172041200000,0.364
1172044800000,0.15
1172048400000,0.0
1172052000000,0.0
1172055600000,0.0
1172059200000,0.0
1172062800000,0.0
1172066400000,0.0
1172070000000,0.0
1172073600000,0.0
1172077200000,0.0
1172080800000,0.0
1172084400000,0.0
1172088000000,0.0
1172091600000,0.0
1172095200000,0.095
1172098800000,0.308
1172102400000,0.487
1172106000000,0.643
1172109600000,0.728
1172113200000,0.754
1172116800000,0.736
1172120400000,0.665
1172124000000,0.545
1172127600000,0.372
1172131200000,0.147
1172134800000,0.0
1172138400000,0.0
1172142000000,0.0
1172145600000,0.0
1172149200000,0.0
1172152800000,0.0
1172156400000,0.0
1172160000000,0.0
1172163600000,0.0
1172167200000,0.0
1172170800000,0.0
1172174400000,0.0
1172178000000,0.0
1172181600000,0.09
1172185200000,0.295
1172188800000,0.5
1172192400000,0.626
1172196000000,0.706
1172199600000,0.735
1172203200000,0.725
1172206800000,0.666
1172210400000,0.552
1172214000000,0.372
1172217600000,0.164
1172221200000,0.001
1172224800000,0.0
1172228400000,0.0
1172232000000,0.0
1172235600000,0.0
1172239200000,0.0
1172242800000,0.0
1172246400000,0.0
1172250000000,0.0
1172253600000,0.0
1172257200000,0.0
1172260800000,0.0
1172264400000,0.0
1172268000000,0.098
1172271600000,0.308
1172275200000,0.505
1172278800000,0.641
1172282400000,0.718
1172286000000,0.748
1172289600000,0.733
1172293200000,0.669
1172296800000,0.554
1172300400000,0.363
1172304000000,0.157
1172307600000,0.002
1172311200000,0.0
1172314800000,0.0
1172318400000,0.0
1172322000000,0.0
1172325600000,0.0
1172329200000,0.0
1172332800000,0.0
1172336400000,0.0
1172340000000,0.0
1172343600000,0.0
1172347200000,0.0
1172350800000,0.0
1172354400000,0.092
1172358000000,0.307
1172361600000,0.504
1172365200000,0.64
1172368800000,0.725
1172372400000,0.751
1172376000000,0.731
1172379600000,0.664
1172383200000,0.524
1172386800000,0.358
1172390400000,0.164
1172394000000,0.002
1172397600000,0.0
1172401200000,0.0
1172404800000,0.0
1172408400000,0.0
1172412000000,0.0
1172415600000,0.0
1172419200000,0.0
1172422800000,0.0
1172426400000,0.0
1172430000000,0.0
1172433600000,0.0
1172437200000,0.0
1172440800000,0.101
1172444400000,0.308
1172448000000,0.504
1172451600000,0.625
1172455200000,0.708
1172458800000,0.743
1172462400000,0.715
1172466000000,0.651
1172469600000,0.541
1172473200000,0.374
1172476800000,0.155
1172480400000,0.001
1172484000000,0.0
1172487600000,0.0
1172491200000,0.0
1172494800000,0.0
1172498400000,0.0
1172502000000,0.0
1172505600000,0.0
1172509200000,0.0
1172512800000,0.0
1172516400000,0.0
1172520000000,0.0
1172523600000,0.0
1172527200000,0.088
1172530800000,0.264
1172534400000,0.418
1172538000000,0.514
1172541600000,0.566
1172545200000,0.616
1172548800000,0.659
1172552400000,0.632
1172556000000,0.538
1172559600000,0.373
1172563200000,0.171
1172566800000,0.002
1172570400000,0.0
1172574000000,0.0
1172577600000,0.0
1172581200000,0.0
1172584800000,0.0
1172588400000,0.0
1172592000000,0.0
1172595600000,0.0
1172599200000,0.0
1172602800000,0.0
1172606400000,0.0
1172610000000,0.0
1172613600000,0.101
1172617200000,0.308
1172620800000,0.501
1172624400000,0.663
1172628000000,0.746
1172631600000,0.779
1172635200000,0.76
1172638800000,0.694
1172642400000,0.573
1172646000000,0.402
1172649600000,0.18
1172653200000,0.003
1172656800000,0.0
1172660400000,0.0
1172664000000,0.0
1172667600000,0.0
1172671200000,0.0
1172674800000,0.0
1172678400000,0.0
1172682000000,0.0
1172685600000,0.0
1172689200000,0.0
1172692800000,0.0
1172696400000,0.0
1172700000000,0.091
1172703600000,0.28
1172707200000,0.45
1172710800000,0.61
1172714400000,0.688
1172718000000,0.71
1172721600000,0.649
1172725200000,0.587
1172728800000,0.491
1172732400000,0.338
1172736000000,0.151
1172739600000,0.001
1172743200000,0.0
1172746800000,0.0
1172750400000,0.0
1172754000000,0.0
1172757600000,0.0
1172761200000,0.0
1172764800000,0.0
1172768400000,0.0
1172772000000,0.0
1172775600000,0.0
1172779200000,0.0
1172782800000,0.0
1172786400000,0.103
1172790000000,0.318
1172793600000,0.512
1172797200000,0.649
1172800800000,0.738
1172804400000,0.775
1172808000000,0.759
1172811600000,0.694
1172815200000,0.575
1172818800000,0.399
1172822400000,0.173
1172826000000,0.002
1172829600000,0.0
1172833200000,0.0
1172836800000,0.0
1172840400000,0.0
1172844000000,0.0
1172847600000,0.0
1172851200000,0.0
1172854800000,0.0
1172858400000,0.0
1172862000000,0.0
1172865600000,0.0
1172869200000,0.0
1172872800000,0.094
1172876400000,0.304
1172880000000,0.492
1172883600000,0.616
1172887200000,0.702
1172890800000,0.73
1172894400000,0.716
1172898000000,0.657
1172901600000,0.542
1172905200000,0.359
1172908800000,0.154
1172912400000,0.001
1172916000000,0.0
1172919600000,0.0
1172923200000,0.0
1172926800000,0.0
1172930400000,0.0
1172934000000,0.0
1172937600000,0.0
1172941200000,0.0
1172944800000,0.0
1172948400000,0.0
1172952000000,0.0
1172955600000,0.0
1172959200000,0.091
1172962800000,0.306
1172966400000,0.513
1172970000000,0.642
1172973600000,0.727
1172977200000,0.762
1172980800000,0.748
1172984400000,0.684
1172988000000,0.568
1172991600000,0.4
1172995200000,0.169
1172998800000,0.005
1173002400000,0.0
1173006000000,0.0
1173009600000,0.0
1173013200000,0.0
1173016800000,0.0
1173020400000,0.0
1173024000000,0.0
1173027600000,0.0
1173031200000,0.0
1173034800000,0.0
1173038400000,0.0
1173042000000,0.0
1173045600000,0.096
1173049200000,0.297
1173052800000,0.492
1173056400000,0.643
1173060000000,0.728
1173063600000,0.763
1173067200000,0.746
1173070800000,0.68
1173074400000,0.564
1173078000000,0.383
1173081600000,0.171
1173085200000,0.004
1173088800000,0.0
1173092400000,0.0
1173096000000,0.0
1173099600000,0.0
1173103200000,0.0
1173106800000,0.0
1173110400000,0.0
1173114000000,0.0
1173117600000,0.0
1173121200000,0.0
1173124800000,0.0
1173128400000,0.0
1173132000000,0.097
1173135600000,0.301
1173139200000,0.486
1173142800000,0.646
1173146400000,0.735
1173150000000,0.762
1173153600000,0.75
1173157200000,0.689
1173160800000,0.566
1173164400000,0.399
1173168000000,0.188
1173171600000,0.006
1173175200000,0.0
1173178800000,0.0
1173182400000,0.0
1173186000000,0.0
1173189600000,0.0
1173193200000,0.0
1173196800000,0.0
1173200400000,0.0
1173204000000,0.0
1173207600000,0.0
1173211200000,0.0
1173214800000,0.0
1173218400000,0.098
1173222000000,0.297
1173225600000,0.472
1173229200000,0.618
1173232800000,0.717
1173236400000,0.737
1173240000000,0.721
1173243600000,0.657
1173247200000,0.546
1173250800000,0.373
1173254400000,0.169
1173258000000,0.005
1173261600000,0.0
1173265200000,0.0
1173268800000,0.0
1173272400000,0.0
1173276000000,0.0
1173279600000,0.0
1173283200000,0.0
1173286800000,0.0
1173290400000,0.0
1173294000000,0.0
1173297600000,0.0
1173301200000,0.0
1173304800000,0.095
1173308400000,0.299
1173312000000,0.48
1173315600000,0.615
1173319200000,0.697
1173322800000,0.72
1173326400000,0.716
1173330000000,0.648
1173333600000,0.52
1173337200000,0.374
1173340800000,0.165
1173344400000,0.003
1173348000000,0.0
1173351600000,0.0
1173355200000,0.0
1173358800000,0.0
1173362400000,0.0
1173366000000,0.0
1173369600000,0.0
1173373200000,0.0
1173376800000,0.0
1173380400000,0.0
1173384000000,0.0
1173387600000,0.0
1173391200000,0.08
1173394800000,0.256
1173398400000,0.402
1173402000000,0.611
1173405600000,0.704
1173409200000,0.682
1173412800000,0.681
1173416400000,0.626
1173420000000,0.505
1173423600000,0.352
1173427200000,0.176
1173430800000,0.005
1173434400000,0.0
1173438000000,0.0
1173441600000,0.0
1173445200000,0.0
1173448800000,0.0
1173452400000,0.0
1173456000000,0.0
1173459600000,0.0
1173463200000,0.0
1173466800000,0.0
1173470400000,0.0
1173474000000,0.0
1173477600000,0.095
1173481200000,0.285
1173484800000,0.454
1173488400000,0.595
1173492000000,0.71
1173495600000,0.763
1173499200000,0.746
1173502800000,0.676
1173506400000,0.552
1173510000000,0.386
1173513600000,0.172
1173517200000,0.004
1173520800000,0.0
1173524400000,0.0
1173528000000,0.0
1173531600000,0.0
1173535200000,0.0
1173538800000,0.0
1173542400000,0.0
1173546000000,0.0
1173549600000,0.0
1173553200000,0.0
1173556800000,0.0
1173560400000,0.0
1173564000000,0.114
1173567600000,0.328
1173571200000,0.507
1173574800000,0.644
1173578400000,0.716
1173582000000,0.74
1173585600000,0.73
1173589200000,0.663
1173592800000,0.545
1173596400000,0.374
1173600000000,0.148
1173603600000,0.004
1173607200000,0.0
1173610800000,0.0
1173614400000,0.0
1173618000000,0.0
1173621600000,0.0
1173625200000,0.0
1173628800000,0.0
1173632400000,0.0
1173636000000,0.0
1173639600000,0.0
1173643200000,0.0
1173646800000,0.0
1173650400000,0.106
1173654000000,0.306
1173657600000,0.493
1173661200000,0.639
1173664800000,0.732
1173668400000,0.766
1173672000000,0.749
1173675600000,0.686
1173679200000,0.569
1173682800000,0.383
1173686400000,0.155
1173690000000,0.004
1173693600000,0.0
1173697200000,0.0
1173700800000,0.0
1173704400000,0.0
1173708000000,0.0
1173711600000,0.0
1173715200000,0.0
1173718800000,0.0
1173722400000,0.0
1173726000000,0.0
1173729600000,0.0
1173733200000,0.0
1173736800000,0.117
1173740400000,0.331
1173744000000,0.522
1173747600000,0.655
1173751200000,0.74
1173754800000,0.769
1173758400000,0.751
1173762000000,0.65
1173765600000,0.559
1173769200000,0.351
1173772800000,0.149
1173776400000,0.005
1173780000000,0.0
1173783600000,0.0
1173787200000,0.0
1173790800000,0.0
1173794400000,0.0
1173798000000,0.0
1173801600000,0.0
1173805200000,0.0
1173808800000,0.0
1173812400000,0.0
1173816000000,0.0
1173819600000,0.0
1173823200000,0.095
1173826800000,0.283
1173830400000,0.46
1173834000000,0.6
1173837600000,0.68
1173841200000,0.715
1173844800000,0.693
1173848400000,0.618
1173852000000,0.5
1173855600000,0.347
1173859200000,0.16
1173862800000,0.005
1173866400000,0.0
1173870000000,0.0
1173873600000,0.0
1173877200000,0.0
1173880800000,0.0
1173884400000,0.0
1173888000000,0.0
1173891600000,0.0
1173895200000,0.0
1173898800000,0.0
1173902400000,0.0
1173906000000,0.0
1173909600000,0.077
1173913200000,0.257
1173916800000,0.434
1173920400000,0.558
1173924000000,0.67
1173927600000,0.695
1173931200000,0.691
1173934800000,0.622
1173938400000,0.497
1173942000000,0.343
1173945600000,0.155
1173949200000,0.004
1173952800000,0.0
1173956400000,0.0
1173960000000,0.0
1173963600000,0.0
1173967200000,0.0
1173970800000,0.0
1173974400000,0.0
1173978000000,0.0
1173981600000,0.0
1173985200000,0.0
1173988800000,0.0
1173992400000,0.0
1173996000000,0.094
1173999600000,0.294
1174003200000,0.474
1174006800000,0.592
1174010400000,0.68
1174014000000,0.693
1174017600000,0.666
1174021200000,0.606
1174024800000,0.479
1174028400000,0.335
1174032000000,0.149
1174035600000,0.004
1174039200000,0.0
1174042800000,0.0
1174046400000,0.0
1174050000000,0.0
1174053600000,0.0
1174057200000,0.0
1174060800000,0.0
1174064400000,0.0
1174068000000,0.0
1174071600000,0.0
1174075200000,0.0
1174078800000,0.0
1174082400000,0.082
1174086000000,0.255
1174089600000,0.427
1174093200000,0.6
1174096800000,0.69
1174100400000,0.728
1174104000000,0.723
1174107600000,0.661
1174111200000,0.547
1174114800000,0.386
1174118400000,0.171
1174122000000,0.007
1174125600000,0.0
1174129200000,0.0
1174132800000,0.0
1174136400000,0.0
1174140000000,0.0
1174143600000,0.0
1174147200000,0.0
1174150800000,0.0
1174154400000,0.0
1174158000000,0.0
1174161600000,0.0
1174165200000,0.0
1174168800000,0.108
1174172400000,0.3
1174176000000,0.499
1174179600000,0.65
1174183200000,0.731
1174186800000,0.759
1174190400000,0.74
1174194000000,0.665
1174197600000,0.552
1174201200000,0.385
1174204800000,0.17
1174208400000,0.008
1174212000000,0.0
1174215600000,0.0
1174219200000,0.0
1174222800000,0.0
1174226400000,0.0
1174230000000,0.0
1174233600000,0.0
1174237200000,0.0
1174240800000,0.0
1174244400000,0.0
1174248000000,0.0
1174251600000,0.0
1174255200000,0.101
1174258800000,0.306
1174262400000,0.499
1174266000000,0.632
1174269600000,0.719
1174273200000,0.752
1174276800000,0.735
1174280400000,0.669
1174284000000,0.549
1174287600000,0.359
1174291200000,0.164
1174294800000,0.006
1174298400000,0.0
1174302000000,0.0
1174305600000,0.0
1174309200000,0.0
1174312800000,0.0
1174316400000,0.0
1174320000000,0.0
1174323600000,0.0
1174327200000,0.0
1174330800000,0.0
1174334400000,0.0
1174338000000,0.0
1174341600000,0.086
1174345200000,0.26
1174348800000,0.449
1174352400000,0.602
1174356000000,0.691
1174359600000,0.709
1174363200000,0.686
1174366800000,0.609
1174370400000,0.484
1174374000000,0.316
1174377600000,0.136
1174381200000,0.003
1174384800000,0.0
1174388400000,0.0
1174392000000,0.0
1174395600000,0.0
1174399200000,0.0
1174402800000,0.0
1174406400000,0.0
1174410000000,0.0
1174413600000,0.0
1174417200000,0.0
1174420800000,0.0
1174424400000,0.0
1174428000000,0.07
1174431600000,0.224
1174435200000,0.381
1174438800000,0.522
1174442400000,0.632
1174446000000,0.68
1174449600000,0.669
1174453200000,0.592
1174456800000,0.463
1174460400000,0.296
1174464000000,0.106
1174467600000,0.001
1174471200000,0.0
1174474800000,0.0
1174478400000,0.0
1174482000000,0.0
1174485600000,0.0
1174489200000,0.0
1174492800000,0.0
1174496400000,0.0
1174500000000,0.0
1174503600000,0.0
1174507200000,0.0
1174510800000,0.0
1174514400000,0.053
1174518000000,0.186
1174521600000,0.324
1174525200000,0.431
1174528800000,0.508
1174532400000,0.542
1174536000000,0.54
1174539600000,0.537
1174543200000,0.444
1174546800000,0.269
1174550400000,0.101
1174554000000,0.001
1174557600000,0.0
1174561200000,0.0
1174564800000,0.0
1174568400000,0.0
1174572000000,0.0
1174575600000,0.0
1174579200000,0.0
1174582800000,0.0
1174586400000,0.0
1174590000000,0.0
1174593600000,0.0
1174597200000,0.0
1174600800000,0.031
1174604400000,0.086
1174608000000,0.15
1174611600000,0.21
1174615200000,0.25
1174618800000,0.269
1174622400000,0.267
1174626000000,0.247
1174629600000,0.191
1174633200000,0.13
1174636800000,0.06
1174640400000,0.0
1174644000000,0.0
1174647600000,0.0
1174651200000,0.0
1174654800000,0.0
1174658400000,0.0
1174662000000,0.0
1174665600000,0.0
1174669200000,0.0
1174672800000,0.0
1174676400000,0.0
1174680000000,0.0
1174683600000,0.0
1174687200000,0.087
1174690800000,0.293
1174694400000,0.478
1174698000000,0.621
1174701600000,0.713
1174705200000,0.745
1174708800000,0.733
1174712400000,0.678
1174716000000,0.566
1174719600000,0.404
1174723200000,0.191
1174726800000,0.01
1174730400000,0.0
1174734000000,0.0
1174737600000,0.0
1174741200000,0.0
1174744800000,0.0
1174748400000,0.0
1174752000000,0.0
1174755600000,0.0
1174759200000,0.0
1174762800000,0.0
1174766400000,0.0
1174770000000,0.0
1174773600000,0.124
1174777200000,0.334
1174780800000,0.512
1174784400000,0.64
1174788000000,0.706
1174791600000,0.731
1174795200000,0.711
1174798800000,0.647
1174802400000,0.497
1174806000000,0.318
1174809600000,0.158
1174813200000,0.008
1174816800000,0.0
1174820400000,0.0
1174824000000,0.0
1174827600000,0.0
1174831200000,0.0
1174834800000,0.0
1174838400000,0.0
1174842000000,0.0
1174845600000,0.0
1174849200000,0.0
1174852800000,0.0
1174856400000,0.0
1174860000000,0.12
1174863600000,0.336
1174867200000,0.531
1174870800000,0.674
1174874400000,0.751
1174878000000,0.778
1174881600000,0.762
1174885200000,0.7
1174888800000,0.584
1174892400000,0.417
1174896000000,0.21
1174899600000,0.014
1174903200000,0.0
1174906800000,0.0
1174910400000,0.0
1174914000000,0.0
1174917600000,0.0
1174921200000,0.0
1174924800000,0.0
1174928400000,0.0
1174932000000,0.0
1174935600000,0.0
1174939200000,0.0
1174942800000,0.0
1174946400000,0.124
1174950000000,0.338
1174953600000,0.499
1174957200000,0.647
1174960800000,0.714
1174964400000,0.754
1174968000000,0.747
1174971600000,0.687
1174975200000,0.575
1174978800000,0.414
1174982400000,0.208
1174986000000,0.015
1174989600000,0.0
1174993200000,0.0
1174996800000,0.0
1175000400000,0.0
1175004000000,0.0
1175007600000,0.0
1175011200000,0.0
1175014800000,0.0
1175018400000,0.0
1175022000000,0.0
1175025600000,0.0
1175029200000,0.0
1175032800000,0.125
1175036400000,0.331
1175040000000,0.517
1175043600000,0.637
1175047200000,0.715
1175050800000,0.742
1175054400000,0.716
1175058000000,0.626
1175061600000,0.478
1175065200000,0.267
1175068800000,0.1
1175072400000,0.003
1175076000000,0.0
1175079600000,0.0
1175083200000,0.0
1175086800000,0.0
1175090400000,0.0
1175094000000,0.0
1175097600000,0.0
1175101200000,0.0
1175104800000,0.0
1175108400000,0.0
1175112000000,0.0
1175115600000,0.0
1175119200000,0.107
1175122800000,0.302
1175126400000,0.484
1175130000000,0.628
1175133600000,0.717
1175137200000,0.75
1175140800000,0.736
1175144400000,0.673
1175148000000,0.557
1175151600000,0.394
1175155200000,0.191
1175158800000,0.012
1175162400000,0.0
1175166000000,0.0
1175169600000,0.0
1175173200000,0.0
1175176800000,0.0
1175180400000,0.0
1175184000000,0.0
1175187600000,0.0
1175191200000,0.0
1175194800000,0.0
1175198400000,0.0
1175202000000,0.0
1175205600000,0.116
1175209200000,0.309
1175212800000,0.495
1175216400000,0.631
1175220000000,0.722
1175223600000,0.753
1175227200000,0.735
1175230800000,0.675
1175234400000,0.563
1175238000000,0.398
1175241600000,0.194
1175245200000,0.012
1175248800000,0.0
1175252400000,0.0
1175256000000,0.0
1175259600000,0.0
1175263200000,0.0
1175266800000,0.0
1175270400000,0.0
1175274000000,0.0
1175277600000,0.0
1175281200000,0.0
1175284800000,0.0
1175288400000,0.0
1175292000000,0.117
1175295600000,0.32
1175299200000,0.515
1175302800000,0.652
1175306400000,0.732
1175310000000,0.764
1175313600000,0.748
1175317200000,0.683
1175320800000,0.572
1175324400000,0.41
1175328000000,0.202
1175331600000,0.013
1175335200000,0.0
1175338800000,0.0
1175342400000,0.0
1175346000000,0.0
1175349600000,0.0
1175353200000,0.0
1175356800000,0.0
1175360400000,0.0
1175364000000,0.0
1175367600000,0.0
1175371200000,0.0
1175374800000,0.0
1175378400000,0.121
1175382000000,0.333
1175385600000,0.518
1175389200000,0.648
1175392800000,0.737
1175396400000,0.768
1175400000000,0.754
1175403600000,0.691
1175407200000,0.58
1175410800000,0.418
1175414400000,0.212
1175418000000,0.016
1175421600000,0.0
1175425200000,0.0
1175428800000,0.0
1175432400000,0.0
1175436000000,0.0
1175439600000,0.0
1175443200000,0.0
1175446800000,0.0
1175450400000,0.0
1175454000000,0.0
1175457600000,0.0
1175461200000,0.0
1175464800000,0.125
1175468400000,0.337
1175472000000,0.536
1175475600000,0.665
1175479200000,0.743
1175482800000,0.767
1175486400000,0.751
1175490000000,0.68
1175493600000,0.569
1175497200000,0.404
1175500800000,0.201
1175504400000,0.015
1175508000000,0.0
1175511600000,0.0
1175515200000,0.0
1175518800000,0.0
1175522400000,0.0
1175526000000,0.0
1175529600000,0.0
1175533200000,0.0
1175536800000,0.0
1175540400000,0.0
1175544000000,0.0
1175547600000,0.0
1175551200000,0.131
1175554800000,0.339
1175558400000,0.523
1175562000000,0.654
1175565600000,0.731
1175569200000,0.759
1175572800000,0.741
1175576400000,0.674
1175580000000,0.566
1175583600000,0.406
1175587200000,0.195
1175590800000,0.015
1175594400000,0.0
1175598000000,0.0
1175601600000,0.0
1175605200000,0.0
1175608800000,0.0
1175612400000,0.0
1175616000000,0.0
1175619600000,0.0
1175623200000,0.0
1175626800000,0.0
1175630400000,0.0
1175634000000,0.0
1175637600000,0.122
1175641200000,0.323
1175644800000,0.502
1175648400000,0.636
1175652000000,0.715
1175655600000,0.749
1175659200000,0.736
1175662800000,0.677
1175666400000,0.567
1175670000000,0.404
1175673600000,0.193
1175677200000,0.014
1175680800000,0.0
1175684400000,0.0
1175688000000,0.0
1175691600000,0.0
1175695200000,0.0
1175698800000,0.0
1175702400000,0.0
1175706000000,0.0
1175709600000,0.0
1175713200000,0.0
1175716800000,0.0
1175720400000,0.0
1175724000000,0.107
1175727600000,0.295
1175731200000,0.45
1175734800000,0.578
1175738400000,0.641
1175742000000,0.639
1175745600000,0.591
1175749200000,0.552
1175752800000,0.42
1175756400000,0.289
1175760000000,0.136
1175763600000,0.007
1175767200000,0.0
1175770800000,0.0
1175774400000,0.0
1175778000000,0.0
1175781600000,0.0
1175785200000,0.0
1175788800000,0.0
1175792400000,0.0
1175796000000,0.0
1175799600000,0.0
1175803200000,0.0
1175806800000,0.0
1175810400000,0.107
1175814000000,0.301
1175817600000,0.495
1175821200000,0.628
1175824800000,0.704
1175828400000,0.726
1175832000000,0.704
1175835600000,0.639
1175839200000,0.513
1175842800000,0.346
1175846400000,0.159
1175850000000,0.008
1175853600000,0.0
1175857200000,0.0
1175860800000,0.0
1175864400000,0.0
1175868000000,0.0
1175871600000,0.0
1175875200000,0.0
1175878800000,0.0
1175882400000,0.0
1175886000000,0.0
1175889600000,0.0
1175893200000,0.0
1175896800000,0.114
1175900400000,0.322
1175904000000,0.492
1175907600000,0.627
1175911200000,0.707
1175914800000,0.72
1175918400000,0.706
1175922000000,0.642
1175925600000,0.54
1175929200000,0.376
1175932800000,0.163
1175936400000,0.011
1175940000000,0.0
1175943600000,0.0
1175947200000,0.0
1175950800000,0.0
1175954400000,0.0
1175958000000,0.0
1175961600000,0.0
1175965200000,0.0
1175968800000,0.0
1175972400000,0.0
1175976000000,0.0
1175979600000,0.0
1175983200000,0.109
1175986800000,0.314
1175990400000,0.505
1175994000000,0.636
1175997600000,0.712
1176001200000,0.736
1176004800000,0.715
1176008400000,0.648
1176012000000,0.508
1176015600000,0.355
1176019200000,0.175
1176022800000,0.013
1176026400000,0.0
1176030000000,0.0
1176033600000,0.0
1176037200000,0.0
1176040800000,0.0
1176044400000,0.0
1176048000000,0.0
1176051600000,0.0
1176055200000,0.0
1176058800000,0.0
1176062400000,0.0
1176066000000,0.0
1176069600000,0.123
1176073200000,0.325
1176076800000,0.504
1176080400000,0.631
1176084000000,0.708
1176087600000,0.739
1176091200000,0.721
1176094800000,0.656
1176098400000,0.549
1176102000000,0.376
1176105600000,0.184
1176109200000,0.015
1176112800000,0.0
1176116400000,0.0
1176120000000,0.0
1176123600000,0.0
1176127200000,0.0
1176130800000,0.0
1176134400000,0.0
1176138000000,0.0
1176141600000,0.0
1176145200000,0.0
1176148800000,0.0
1176152400000,0.0
1176156000000,0.113
1176159600000,0.306
1176163200000,0.502
1176166800000,0.636
1176170400000,0.718
1176174000000,0.759
1176177600000,0.744
1176181200000,0.681
1176184800000,0.57
1176188400000,0.409
1176192000000,0.207
1176195600000,0.018
1176199200000,0.0
1176202800000,0.0
1176206400000,0.0
1176210000000,0.0
1176213600000,0.0
1176217200000,0.0
1176220800000,0.0
1176224400000,0.0
1176228000000,0.0
1176231600000,0.0
1176235200000,0.0
1176238800000,0.0
1176242400000,0.126
1176246000000,0.336
1176249600000,0.522
1176253200000,0.653
1176256800000,0.729
1176260400000,0.759
1176264000000,0.741
1176267600000,0.678
1176271200000,0.561
1176274800000,0.376
1176278400000,0.188
1176282000000,0.016
1176285600000,0.0
1176289200000,0.0
1176292800000,0.0
1176296400000,0.0
1176300000000,0.0
1176303600000,0.0
1176307200000,0.0
1176310800000,0.0
1176314400000,0.0
1176318000000,0.0
1176321600000,0.0
1176325200000,0.0
1176328800000,0.122
1176332400000,0.309
1176336000000,0.508
1176339600000,0.639
1176343200000,0.718
1176346800000,0.749
1176350400000,0.732
1176354000000,0.67
1176357600000,0.561
1176361200000,0.379
1176364800000,0.19
1176368400000,0.017
1176372000000,0.0
1176375600000,0.0
1176379200000,0.0
1176382800000,0.0
1176386400000,0.0
1176390000000,0.0
1176393600000,0.0
1176397200000,0.0
1176400800000,0.0
1176404400000,0.0
1176408000000,0.0
1176411600000,0.0
1176415200000,0.112
1176418800000,0.311
1176422400000,0.5
1176426000000,0.637
1176429600000,0.717
1176433200000,0.739
1176436800000,0.716
1176440400000,0.658
1176444000000,0.553
1176447600000,0.38
1176451200000,0.163
1176454800000,0.011
1176458400000,0.0
1176462000000,0.0
1176465600000,0.0
1176469200000,0.0
1176472800000,0.0
1176476400000,0.0
1176480000000,0.0
1176483600000,0.0
1176487200000,0.0
1176490800000,0.0
1176494400000,0.0
1176498000000,0.0
1176501600000,0.093
1176505200000,0.26
1176508800000,0.453
1176512400000,0.593
1176516000000,0.675
1176519600000,0.708
1176523200000,0.676
1176526800000,0.576
1176530400000,0.404
1176534000000,0.24
1176537600000,0.096
1176541200000,0.004
1176544800000,0.0
1176548400000,0.0
1176552000000,0.0
1176555600000,0.0
1176559200000,0.0
1176562800000,0.0
1176566400000,0.0
1176570000000,0.0
1176573600000,0.0
1176577200000,0.0
1176580800000,0.0
1176584400000,0.0
1176588000000,0.095
1176591600000,0.271
1176595200000,0.443
1176598800000,0.587
1176602400000,0.678
1176606000000,0.712
1176609600000,0.702
1176613200000,0.643
1176616800000,0.534
1176620400000,0.351
1176624000000,0.155
1176627600000,0.012
1176631200000,0.0
1176634800000,0.0
1176638400000,0.0
1176642000000,0.0
1176645600000,0.0
1176649200000,0.0
1176652800000,0.0
1176656400000,0.0
1176660000000,0.0
1176663600000,0.0
1176667200000,0.0
1176670800000,0.0
1176674400000,0.055
1176678000000,0.217
1176681600000,0.435
1176685200000,0.602
1176688800000,0.694
1176692400000,0.733
1176696000000,0.72
1176699600000,0.663
1176703200000,0.558
1176706800000,0.403
1176710400000,0.207
1176714000000,0.019
1176717600000,0.0
1176721200000,0.0
1176724800000,0.0
1176728400000,0.0
1176732000000,0.0
1176735600000,0.0
1176739200000,0.0
1176742800000,0.0
1176746400000,0.0
1176750000000,0.0
1176753600000,0.0
1176757200000,0.0
1176760800000,0.139
1176764400000,0.333
1176768000000,0.509
1176771600000,0.634
1176775200000,0.712
1176778800000,0.749
1176782400000,0.726
1176786000000,0.666
1176789600000,0.563
1176793200000,0.406
1176796800000,0.207
1176800400000,0.019
1176804000000,0.0
1176807600000,0.0
1176811200000,0.0
1176814800000,0.0
1176818400000,0.0
1176822000000,0.0
1176825600000,0.0
1176829200000,0.0
1176832800000,0.0
1176836400000,0.0
1176840000000,0.0
1176843600000,0.0
1176847200000,0.108
1176850800000,0.257
1176854400000,0.352
1176858000000,0.403
1176861600000,0.42
1176865200000,0.399
1176868800000,0.355
1176872400000,0.289
1176876000000,0.225
1176879600000,0.147
1176883200000,0.061
1176886800000,0.0
1176890400000,0.0
1176894000000,0.0
1176897600000,0.0
1176901200000,0.0
1176904800000,0.0
1176908400000,0.0
1176912000000,0.0
1176915600000,0.0
1176919200000,0.0
1176922800000,0.0
1176926400000,0.0
1176930000000,0.0
1176933600000,0.061
1176937200000,0.153
1176940800000,0.203
1176944400000,0.235
1176948000000,0.251
1176951600000,0.272
1176955200000,0.266
1176958800000,0.239
1176962400000,0.192
1176966000000,0.164
1176969600000,0.076
1176973200000,0.003
1176976800000,0.0
1176980400000,0.0
1176984000000,0.0
1176987600000,0.0
1176991200000,0.0
1176994800000,0.0
1176998400000,0.0
1177002000000,0.0
1177005600000,0.0
1177009200000,0.0
1177012800000,0.0
1177016400000,0.0
1177020000000,0.078
1177023600000,0.2
1177027200000,0.285
1177030800000,0.328
1177034400000,0.359
1177038000000,0.376
1177041600000,0.358
1177045200000,0.314
1177048800000,0.242
1177052400000,0.165
1177056000000,0.078
1177059600000,0.003
1177063200000,0.0
1177066800000,0.0
1177070400000,0.0
1177074000000,0.0
1177077600000,0.0
1177081200000,0.0
1177084800000,0.0
1177088400000,0.0
1177092000000,0.0
1177095600000,0.0
1177099200000,0.0
1177102800000,0.0
1177106400000,0.092
1177110000000,0.26
1177113600000,0.433
1177117200000,0.544
1177120800000,0.618
1177124400000,0.64
1177128000000,0.618
1177131600000,0.54
1177135200000,0.421
1177138800000,0.285
1177142400000,0.126
1177146000000,0.01
1177149600000,0.0
1177153200000,0.0
1177156800000,0.0
1177160400000,0.0
1177164000000,0.0
1177167600000,0.0
1177171200000,0.0
1177174800000,0.0
1177178400000,0.0
1177182000000,0.0
1177185600000,0.0
1177189200000,0.0
1177192800000,0.134
1177196400000,0.312
1177200000000,0.479
1177203600000,0.62
1177207200000,0.694
1177210800000,0.725
1177214400000,0.713
1177218000000,0.649
1177221600000,0.538
1177225200000,0.382
1177228800000,0.196
1177232400000,0.02
1177236000000,0.0
1177239600000,0.0
1177243200000,0.0
1177246800000,0.0
1177250400000,0.0
1177254000000,0.0
1177257600000,0.0
1177261200000,0.0
1177264800000,0.0
1177268400000,0.0
1177272000000,0.0
1177275600000,0.0
1177279200000,0.124
1177282800000,0.319
1177286400000,0.484
1177290000000,0.609
1177293600000,0.687
1177297200000,0.722
1177300800000,0.708
1177304400000,0.648
1177308000000,0.541
1177311600000,0.388
1177315200000,0.187
1177318800000,0.02
1177322400000,0.0
1177326000000,0.0
1177329600000,0.0
1177333200000,0.0
1177336800000,0.0
1177340400000,0.0
1177344000000,0.0
1177347600000,0.0
1177351200000,0.0
1177354800000,0.0
1177358400000,0.0
1177362000000,0.0
1177365600000,0.133
1177369200000,0.319
1177372800000,0.488
1177376400000,0.633
1177380000000,0.704
1177383600000,0.727
1177387200000,0.704
1177390800000,0.636
1177394400000,0.526
1177398000000,0.379
1177401600000,0.193
1177405200000,0.021
1177408800000,0.0
1177412400000,0.0
1177416000000,0.0
1177419600000,0.0
1177423200000,0.0
1177426800000,0.0
1177430400000,0.0
1177434000000,0.0
1177437600000,0.0
1177441200000,0.0
1177444800000,0.0
1177448400000,0.0
1177452000000,0.127
1177455600000,0.315
1177459200000,0.511
1177462800000,0.63
1177466400000,0.704
1177470000000,0.728
1177473600000,0.703
1177477200000,0.62
1177480800000,0.51
1177484400000,0.361
1177488000000,0.191
1177491600000,0.018
1177495200000,0.0
1177498800000,0.0
1177502400000,0.0
1177506000000,0.0
1177509600000,0.0
1177513200000,0.0
1177516800000,0.0
1177520400000,0.0
1177524000000,0.0
1177527600000,0.0
1177531200000,0.0
1177534800000,0.0
1177538400000,0.077
1177542000000,0.22
1177545600000,0.361
1177549200000,0.472
1177552800000,0.551
1177556400000,0.607
1177560000000,0.607
1177563600000,0.583
1177567200000,0.494
1177570800000,0.334
1177574400000,0.167
1177578000000,0.017
1177581600000,0.0
1177585200000,0.0
1177588800000,0.0
1177592400000,0.0
1177596000000,0.0
1177599600000,0.0
1177603200000,0.0
1177606800000,0.0
1177610400000,0.0
1177614000000,0.0
1177617600000,0.0
1177621200000,0.0
1177624800000,0.092
1177628400000,0.26
1177632000000,0.419
1177635600000,0.574
1177639200000,0.675
1177642800000,0.712
1177646400000,0.693
1177650000000,0.626
1177653600000,0.516
1177657200000,0.345
1177660800000,0.16
1177664400000,0.015
1177668000000,0.0
1177671600000,0.0
1177675200000,0.0
1177678800000,0.0
1177682400000,0.0
1177686000000,0.0
1177689600000,0.0
1177693200000,0.0
1177696800000,0.0
1177700400000,0.0
1177704000000,0.0
1177707600000,0.0
1177711200000,0.132
1177714800000,0.323
1177718400000,0.483
1177722000000,0.596
1177725600000,0.66
1177729200000,0.635
1177732800000,0.501
1177736400000,0.346
1177740000000,0.248
1177743600000,0.157
1177747200000,0.067
1177750800000,0.002
1177754400000,0.0
1177758000000,0.0
1177761600000,0.0
1177765200000,0.0
1177768800000,0.0
1177772400000,0.0
1177776000000,0.0
1177779600000,0.0
1177783200000,0.0
1177786800000,0.0
1177790400000,0.0
1177794000000,0.0
1177797600000,0.128
1177801200000,0.324
1177804800000,0.506
1177808400000,0.624
1177812000000,0.688
1177815600000,0.699
1177819200000,0.672
1177822800000,0.607
1177826400000,0.506
1177830000000,0.354
1177833600000,0.174
1177837200000,0.019
1177840800000,0.0
1177844400000,0.0
1177848000000,0.0
1177851600000,0.0
1177855200000,0.0
1177858800000,0.0
1177862400000,0.0
1177866000000,0.0
1177869600000,0.0
1177873200000,0.0
1177876800000,0.0
1177880400000,0.0
1177884000000,0.121
1177887600000,0.317
1177891200000,0.489
1177894800000,0.617
1177898400000,0.696
1177902000000,0.725
1177905600000,0.711
1177909200000,0.652
1177912800000,0.547
1177916400000,0.397
1177920000000,0.2
1177923600000,0.022
1177927200000,0.0
1177930800000,0.0
1177934400000,0.0
1177938000000,0.0
1177941600000,0.0
1177945200000,0.0
1177948800000,0.0
1177952400000,0.0
1177956000000,0.0
1177959600000,0.0
1177963200000,0.0
1177966800000,0.0
1177970400000,0.127
1177974000000,0.316
1177977600000,0.496
1177981200000,0.635
1177984800000,0.708
1177988400000,0.732
1177992000000,0.714
1177995600000,0.652
1177999200000,0.528
1178002800000,0.376
1178006400000,0.192
1178010000000,0.022
1178013600000,0.0
1178017200000,0.0
1178020800000,0.0
1178024400000,0.0
1178028000000,0.0
1178031600000,0.0
1178035200000,0.0
1178038800000,0.0
1178042400000,0.0
1178046000000,0.0
1178049600000,0.0
1178053200000,0.0
1178056800000,0.104
1178060400000,0.266
1178064000000,0.432
1178067600000,0.568
1178071200000,0.659
1178074800000,0.699
1178078400000,0.689
1178082000000,0.638
1178085600000,0.531
1178089200000,0.374
1178092800000,0.194
1178096400000,0.022
1178100000000,0.0
1178103600000,0.0
1178107200000,0.0
1178110800000,0.0
1178114400000,0.0
1178118000000,0.0
1178121600000,0.0
1178125200000,0.0
1178128800000,0.0
1178132400000,0.0
1178136000000,0.0
1178139600000,0.0
1178143200000,0.127
1178146800000,0.316
1178150400000,0.494
1178154000000,0.63
1178157600000,0.709
1178161200000,0.74
1178164800000,0.726
1178168400000,0.664
1178172000000,0.552
1178175600000,0.398
1178179200000,0.198
1178182800000,0.022
1178186400000,0.0
1178190000000,0.0
1178193600000,0.0
1178197200000,0.0
1178200800000,0.0
1178204400000,0.0
1178208000000,0.0
1178211600000,0.0
1178215200000,0.0
1178218800000,0.0
1178222400000,0.0
1178226000000,0.0
1178229600000,0.143
1178233200000,0.332
1178236800000,0.508
1178240400000,0.632
1178244000000,0.702
1178247600000,0.725
1178251200000,0.701
1178254800000,0.632
1178258400000,0.527
1178262000000,0.374
1178265600000,0.197
1178269200000,0.023
1178272800000,0.0
1178276400000,0.0
1178280000000,0.0
1178283600000,0.0
1178287200000,0.0
1178290800000,0.0
1178294400000,0.0
1178298000000,0.0
1178301600000,0.0
1178305200000,0.0
1178308800000,0.0
1178312400000,0.0
1178316000000,0.14
1178319600000,0.333
1178323200000,0.496
1178326800000,0.614
1178330400000,0.68
1178334000000,0.691
1178337600000,0.641
1178341200000,0.557
1178344800000,0.467
1178348400000,0.348
1178352000000,0.186
1178355600000,0.023
1178359200000,0.0
1178362800000,0.0
1178366400000,0.0
1178370000000,0.0
1178373600000,0.0
1178377200000,0.0
1178380800000,0.0
1178384400000,0.0
1178388000000,0.0
1178391600000,0.0
1178395200000,0.0
1178398800000,0.0
1178402400000,0.142
1178406000000,0.326
1178409600000,0.485
1178413200000,0.605
1178416800000,0.681
1178420400000,0.709
1178424000000,0.694
1178427600000,0.635
1178431200000,0.513
1178434800000,0.352
1178438400000,0.183
1178442000000,0.022
1178445600000,0.0
1178449200000,0.0
1178452800000,0.0
1178456400000,0.0
1178460000000,0.0
1178463600000,0.0
1178467200000,0.0
1178470800000,0.0
1178474400000,0.0
1178478000000,0.0
1178481600000,0.0
1178485200000,0.0
1178488800000,0.135
1178492400000,0.303
1178496000000,0.453
1178499600000,0.573
1178503200000,0.635
1178506800000,0.593
1178510400000,0.559
1178514000000,0.47
1178517600000,0.362
1178521200000,0.239
1178524800000,0.115
1178528400000,0.008
1178532000000,0.0
1178535600000,0.0
1178539200000,0.0
1178542800000,0.0
1178546400000,0.0
1178550000000,0.0
1178553600000,0.0
1178557200000,0.0
1178560800000,0.0
1178564400000,0.0
1178568000000,0.0
1178571600000,0.0
1178575200000,0.108
1178578800000,0.271
1178582400000,0.42
1178586000000,0.538
1178589600000,0.614
1178593200000,0.641
1178596800000,0.622
1178600400000,0.566
1178604000000,0.465
1178607600000,0.301
1178611200000,0.15
1178614800000,0.018
1178618400000,0.0
1178622000000,0.0
1178625600000,0.0
1178629200000,0.0
1178632800000,0.0
1178636400000,0.0
1178640000000,0.0
1178643600000,0.0
1178647200000,0.0
1178650800000,0.0
1178654400000,0.0
1178658000000,0.0
1178661600000,0.115
1178665200000,0.29
1178668800000,0.454
1178672400000,0.57
1178676000000,0.633
1178679600000,0.645
1178683200000,0.62
1178686800000,0.559
1178690400000,0.463
1178694000000,0.33
1178697600000,0.174
1178701200000,0.022
1178704800000,0.0
1178708400000,0.0
1178712000000,0.0
1178715600000,0.0
1178719200000,0.0
1178722800000,0.0
1178726400000,0.0
1178730000000,0.0
1178733600000,0.0
1178737200000,0.0
1178740800000,0.0
1178744400000,0.0
1178748000000,0.115
1178751600000,0.275
1178755200000,0.402
1178758800000,0.501
1178762400000,0.545
1178766000000,0.581
1178769600000,0.581
1178773200000,0.539
1178776800000,0.448
1178780400000,0.311
1178784000000,0.151
1178787600000,0.019
1178791200000,0.0
1178794800000,0.0
1178798400000,0.0
1178802000000,0.0
1178805600000,0.0
1178809200000,0.0
1178812800000,0.0
1178816400000,0.0
1178820000000,0.0
1178823600000,0.0
1178827200000,0.0
1178830800000,0.0
1178834400000,0.106
1178838000000,0.263
1178841600000,0.406
1178845200000,0.511
1178848800000,0.58
1178852400000,0.614
1178856000000,0.601
1178859600000,0.552
1178863200000,0.46
1178866800000,0.321
1178870400000,0.162
1178874000000,0.021
1178877600000,0.0
1178881200000,0.0
1178884800000,0.0
1178888400000,0.0
1178892000000,0.0
1178895600000,0.0
1178899200000,0.0
1178902800000,0.0
1178906400000,0.0
1178910000000,0.0
1178913600000,0.0
1178917200000,0.0
1178920800000,0.068
1178924400000,0.177
1178928000000,0.306
1178931600000,0.438
1178935200000,0.532
1178938800000,0.587
1178942400000,0.606
1178946000000,0.573
1178949600000,0.487
1178953200000,0.349
1178956800000,0.168
1178960400000,0.023
1178964000000,0.0
1178967600000,0.0
1178971200000,0.0
1178974800000,0.0
1178978400000,0.0
1178982000000,0.0
1178985600000,0.0
1178989200000,0.0
1178992800000,0.0
1178996400000,0.0
1179000000000,0.0
1179003600000,0.0
1179007200000,0.104
1179010800000,0.258
1179014400000,0.423
1179018000000,0.552
1179021600000,0.635
1179025200000,0.674
1179028800000,0.679
1179032400000,0.641
1179036000000,0.543
1179039600000,0.393
1179043200000,0.2
1179046800000,0.025
1179050400000,0.0
1179054000000,0.0
1179057600000,0.0
1179061200000,0.0
1179064800000,0.0
1179068400000,0.0
1179072000000,0.0
1179075600000,0.0
1179079200000,0.0
1179082800000,0.0
1179086400000,0.0
1179090000000,0.001
1179093600000,0.125
1179097200000,0.306
1179100800000,0.46
1179104400000,0.566
1179108000000,0.613
1179111600000,0.608
1179115200000,0.566
1179118800000,0.474
1179122400000,0.337
1179126000000,0.208
1179129600000,0.09
1179133200000,0.008
1179136800000,0.0
1179140400000,0.0
1179144000000,0.0
1179147600000,0.0
1179151200000,0.0
1179154800000,0.0
1179158400000,0.0
1179162000000,0.0
1179165600000,0.0
1179169200000,0.0
1179172800000,0.0
1179176400000,0.0
1179180000000,0.095
1179183600000,0.235
1179187200000,0.362
1179190800000,0.474
1179194400000,0.562
1179198000000,0.596
1179201600000,0.587
1179205200000,0.541
1179208800000,0.453
1179212400000,0.315
1179216000000,0.152
1179219600000,0.02
1179223200000,0.0
1179226800000,0.0
1179230400000,0.0
1179234000000,0.0
1179237600000,0.0
1179241200000,0.0
1179244800000,0.0
1179248400000,0.0
1179252000000,0.0
1179255600000,0.0
1179259200000,0.0
1179262800000,0.002
1179266400000,0.141
1179270000000,0.322
1179273600000,0.497
1179277200000,0.622
1179280800000,0.689
1179284400000,0.717
1179288000000,0.695
1179291600000,0.641
1179295200000,0.535
1179298800000,0.373
1179302400000,0.19
1179306000000,0.025
1179309600000,0.0
1179313200000,0.0
1179316800000,0.0
1179320400000,0.0
1179324000000,0.0
1179327600000,0.0
1179331200000,0.0
1179334800000,0.0
1179338400000,0.0
1179342000000,0.0
1179345600000,0.0
1179349200000,0.001
1179352800000,0.124
1179356400000,0.296
1179360000000,0.434
1179363600000,0.55
1179367200000,0.612
1179370800000,0.608
1179374400000,0.593
1179378000000,0.534
1179381600000,0.439
1179385200000,0.292
1179388800000,0.137
1179392400000,0.018
1179396000000,0.0
1179399600000,0.0
1179403200000,0.0
1179406800000,0.0
1179410400000,0.0
1179414000000,0.0
1179417600000,0.0
1179421200000,0.0
1179424800000,0.0
1179428400000,0.0
1179432000000,0.0
1179435600000,0.0
1179439200000,0.1
1179442800000,0.265
1179446400000,0.415
1179450000000,0.536
1179453600000,0.602
1179457200000,0.607
1179460800000,0.557
1179464400000,0.492
1179468000000,0.39
1179471600000,0.254
1179475200000,0.122
1179478800000,0.017
1179482400000,0.0
1179486000000,0.0
1179489600000,0.0
1179493200000,0.0
1179496800000,0.0
1179500400000,0.0
1179504000000,0.0
1179507600000,0.0
1179511200000,0.0
1179514800000,0.0
1179518400000,0.0
1179522000000,0.001
1179525600000,0.111
1179529200000,0.268
1179532800000,0.415
1179536400000,0.542
1179540000000,0.625
1179543600000,0.66
1179547200000,0.648
1179550800000,0.589
1179554400000,0.485
1179558000000,0.338
1179561600000,0.171
1179565200000,0.024
1179568800000,0.0
1179572400000,0.0
1179576000000,0.0
1179579600000,0.0
1179583200000,0.0
1179586800000,0.0
1179590400000,0.0
1179594000000,0.0
1179597600000,0.0
1179601200000,0.0
1179604800000,0.0
1179608400000,0.002
1179612000000,0.148
1179615600000,0.337
1179619200000,0.498
1179622800000,0.616
1179626400000,0.687
1179630000000,0.712
1179633600000,0.69
1179637200000,0.626
1179640800000,0.498
1179644400000,0.357
1179648000000,0.188
1179651600000,0.025
1179655200000,0.0
1179658800000,0.0
1179662400000,0.0
1179666000000,0.0
1179669600000,0.0
1179673200000,0.0
1179676800000,0.0
1179680400000,0.0
1179684000000,0.0
1179687600000,0.0
1179691200000,0.0
1179694800000,0.002
1179698400000,0.122
1179702000000,0.276
1179705600000,0.415
1179709200000,0.52
1179712800000,0.586
1179716400000,0.593
1179720000000,0.563
1179723600000,0.494
1179727200000,0.395
1179730800000,0.236
1179734400000,0.102
1179738000000,0.011
1179741600000,0.0
1179745200000,0.0
1179748800000,0.0
1179752400000,0.0
1179756000000,0.0
1179759600000,0.0
1179763200000,0.0
1179766800000,0.0
1179770400000,0.0
1179774000000,0.0
1179777600000,0.0
1179781200000,0.0
1179784800000,0.05
1179788400000,0.127
1179792000000,0.198
1179795600000,0.268
1179799200000,0.33
1179802800000,0.374
1179806400000,0.408
1179810000000,0.39
1179813600000,0.311
1179817200000,0.198
1179820800000,0.093
1179824400000,0.009
1179828000000,0.0
1179831600000,0.0
1179835200000,0.0
1179838800000,0.0
1179842400000,0.0
1179846000000,0.0
1179849600000,0.0
1179853200000,0.0
1179856800000,0.0
1179860400000,0.0
1179864000000,0.0
1179867600000,0.0
1179871200000,0.043
1179874800000,0.129
1179878400000,0.232
1179882000000,0.351
1179885600000,0.429
1179889200000,0.47
1179892800000,0.478
1179896400000,0.434
1179900000000,0.316
1179903600000,0.204
1179907200000,0.082
1179910800000,0.006
1179914400000,0.0
1179918000000,0.0
1179921600000,0.0
1179925200000,0.0
1179928800000,0.0
1179932400000,0.0
1179936000000,0.0
1179939600000,0.0
1179943200000,0.0
1179946800000,0.0
1179950400000,0.0
1179954000000,0.0
1179957600000,0.057
1179961200000,0.152
1179964800000,0.231
1179968400000,0.312
1179972000000,0.372
1179975600000,0.394
1179979200000,0.37
1179982800000,0.321
1179986400000,0.242
1179990000000,0.159
1179993600000,0.073
1179997200000,0.007
1180000800000,0.0
1180004400000,0.0
1180008000000,0.0
1180011600000,0.0
1180015200000,0.0
1180018800000,0.0
1180022400000,0.0
1180026000000,0.0
1180029600000,0.0
1180033200000,0.0
1180036800000,0.0
1180040400000,0.0
1180044000000,0.052
1180047600000,0.132
1180051200000,0.2
1180054800000,0.253
1180058400000,0.312
1180062000000,0.331
1180065600000,0.309
1180069200000,0.249
1180072800000,0.17
1180076400000,0.111
1180080000000,0.055
1180083600000,0.005
1180087200000,0.0
1180090800000,0.0
1180094400000,0.0
1180098000000,0.0
1180101600000,0.0
1180105200000,0.0
1180108800000,0.0
1180112400000,0.0
1180116000000,0.0
1180119600000,0.0
1180123200000,0.0
1180126800000,0.0
1180130400000,0.046
1180134000000,0.128
1180137600000,0.208
1180141200000,0.275
1180144800000,0.333
1180148400000,0.36
1180152000000,0.368
1180155600000,0.303
1180159200000,0.235
1180162800000,0.15
1180166400000,0.067
1180170000000,0.006
1180173600000,0.0
1180177200000,0.0
1180180800000,0.0
1180184400000,0.0
1180188000000,0.0
1180191600000,0.0
1180195200000,0.0
1180198800000,0.0
1180202400000,0.0
1180206000000,0.0
1180209600000,0.0
1180213200000,0.0
1180216800000,0.051
1180220400000,0.135
1180224000000,0.228
1180227600000,0.328
1180231200000,0.373
1180234800000,0.395
1180238400000,0.412
1180242000000,0.399
1180245600000,0.326
1180249200000,0.207
1180252800000,0.101
1180256400000,0.011
1180260000000,0.0
1180263600000,0.0
1180267200000,0.0
1180270800000,0.0
1180274400000,0.0
1180278000000,0.0
1180281600000,0.0
1180285200000,0.0
1180288800000,0.0
1180292400000,0.0
1180296000000,0.0
1180299600000,0.0
1180303200000,0.031
1180306800000,0.09
1180310400000,0.164
1180314000000,0.237
1180317600000,0.311
1180321200000,0.338
1180324800000,0.341
1180328400000,0.327
1180332000000,0.286
1180335600000,0.196
1180339200000,0.095
1180342800000,0.012
1180346400000,0.0
1180350000000,0.0
1180353600000,0.0
1180357200000,0.0
1180360800000,0.0
1180364400000,0.0
1180368000000,0.0
1180371600000,0.0
1180375200000,0.0
1180378800000,0.0
1180382400000,0.0
1180386000000,0.001
1180389600000,0.104
1180393200000,0.252
1180396800000,0.376
1180400400000,0.48
1180404000000,0.54
1180407600000,0.561
1180411200000,0.546
1180414800000,0.482
1180418400000,0.402
1180422000000,0.293
1180425600000,0.149
1180429200000,0.023
1180432800000,0.0
1180436400000,0.0
1180440000000,0.0
1180443600000,0.0
1180447200000,0.0
1180450800000,0.0
1180454400000,0.0
1180458000000,0.0
1180461600000,0.0
1180465200000,0.0
1180468800000,0.0
1180472400000,0.001
1180476000000,0.097
1180479600000,0.216
1180483200000,0.311
1180486800000,0.404
1180490400000,0.447
1180494000000,0.456
1180497600000,0.418
1180501200000,0.354
1180504800000,0.251
1180508400000,0.156
1180512000000,0.071
1180515600000,0.006
1180519200000,0.0
1180522800000,0.0
1180526400000,0.0
1180530000000,0.0
1180533600000,0.0
1180537200000,0.0
1180540800000,0.0
1180544400000,0.0
1180548000000,0.0
1180551600000,0.0
1180555200000,0.0
1180558800000,0.0
1180562400000,0.072
1180566000000,0.173
1180569600000,0.262
1180573200000,0.329
1180576800000,0.365
1180580400000,0.322
1180584000000,0.302
1180587600000,0.251
1180591200000,0.196
1180594800000,0.129
1180598400000,0.061
1180602000000,0.005
1180605600000,0.0
1180609200000,0.0
1180612800000,0.0
1180616400000,0.0
1180620000000,0.0
1180623600000,0.0
1180627200000,0.0
1180630800000,0.0
1180634400000,0.0
1180638000000,0.0
1180641600000,0.0
1180645200000,0.0
1180648800000,0.06
1180652400000,0.142
1180656000000,0.209
1180659600000,0.269
1180663200000,0.301
1180666800000,0.316
1180670400000,0.308
1180674000000,0.274
1180677600000,0.223
1180681200000,0.144
1180684800000,0.067
1180688400000,0.006
1180692000000,0.0
1180695600000,0.0
1180699200000,0.0
1180702800000,0.0
1180706400000,0.0
1180710000000,0.0
1180713600000,0.0
1180717200000,0.0
1180720800000,0.0
1180724400000,0.0
1180728000000,0.0
1180731600000,0.0
1180735200000,0.044
1180738800000,0.131
1180742400000,0.22
1180746000000,0.287
1180749600000,0.332
1180753200000,0.344
1180756800000,0.341
1180760400000,0.311
1180764000000,0.247
1180767600000,0.159
1180771200000,0.071
1180774800000,0.007
1180778400000,0.0
1180782000000,0.0
1180785600000,0.0
1180789200000,0.0
1180792800000,0.0
1180796400000,0.0
1180800000000,0.0
1180803600000,0.0
1180807200000,0.0
1180810800000,0.0
1180814400000,0.0
1180818000000,0.001
1180821600000,0.099
1180825200000,0.23
1180828800000,0.352
1180832400000,0.427
1180836000000,0.474
1180839600000,0.497
1180843200000,0.476
1180846800000,0.437
1180850400000,0.366
1180854000000,0.272
1180857600000,0.148
1180861200000,0.027
1180864800000,0.0
1180868400000,0.0
1180872000000,0.0
1180875600000,0.0
1180879200000,0.0
1180882800000,0.0
1180886400000,0.0
1180890000000,0.0
1180893600000,0.0
1180897200000,0.0
1180900800000,0.0
1180904400000,0.002
1180908000000,0.112
1180911600000,0.257
1180915200000,0.376
1180918800000,0.477
1180922400000,0.569
1180926000000,0.633
1180929600000,0.647
1180933200000,0.605
1180936800000,0.502
1180940400000,0.365
1180944000000,0.186
1180947600000,0.033
1180951200000,0.0
1180954800000,0.0
1180958400000,0.0
1180962000000,0.0
1180965600000,0.0
1180969200000,0.0
1180972800000,0.0
1180976400000,0.0
1180980000000,0.0
1180983600000,0.0
1180987200000,0.0
1180990800000,0.004
1180994400000,0.14
1180998000000,0.315
1181001600000,0.474
1181005200000,0.582
1181008800000,0.657
1181012400000,0.684
1181016000000,0.666
1181019600000,0.609
1181023200000,0.511
1181026800000,0.371
1181030400000,0.191
1181034000000,0.034
1181037600000,0.0
1181041200000,0.0
1181044800000,0.0
1181048400000,0.0
1181052000000,0.0
1181055600000,0.0
1181059200000,0.0
1181062800000,0.0
1181066400000,0.0
1181070000000,0.0
1181073600000,0.0
1181077200000,0.001
1181080800000,0.102
1181084400000,0.226
1181088000000,0.305
1181091600000,0.326
1181095200000,0.322
1181098800000,0.291
1181102400000,0.261
1181106000000,0.236
1181109600000,0.201
1181113200000,0.152
1181116800000,0.082
1181120400000,0.016
1181124000000,0.0
1181127600000,0.0
1181131200000,0.0
1181134800000,0.0
1181138400000,0.0
1181142000000,0.0
1181145600000,0.0
1181149200000,0.0
1181152800000,0.0
1181156400000,0.0
1181160000000,0.0
1181163600000,0.0
1181167200000,0.063
1181170800000,0.175
1181174400000,0.28
1181178000000,0.369
1181181600000,0.427
1181185200000,0.441
1181188800000,0.441
1181192400000,0.39
1181196000000,0.28
1181199600000,0.177
1181203200000,0.078
1181206800000,0.009
1181210400000,0.0
1181214000000,0.0
1181217600000,0.0
1181221200000,0.0
1181224800000,0.0
1181228400000,0.0
1181232000000,0.0
1181235600000,0.0
1181239200000,0.0
1181242800000,0.0
1181246400000,0.0
1181250000000,0.0
1181253600000,0.033
1181257200000,0.113
1181260800000,0.178
1181264400000,0.24
1181268000000,0.295
1181271600000,0.315
1181275200000,0.307
1181278800000,0.267
1181282400000,0.211
1181286000000,0.145
1181289600000,0.073
1181293200000,0.009
1181296800000,0.0
1181300400000,0.0
1181304000000,0.0
1181307600000,0.0
1181311200000,0.0
1181314800000,0.0
1181318400000,0.0
1181322000000,0.0
1181325600000,0.0
1181329200000,0.0
1181332800000,0.0
1181336400000,0.0
1181340000000,0.083
1181343600000,0.202
1181347200000,0.312
1181350800000,0.395
1181354400000,0.445
1181358000000,0.462
1181361600000,0.438
1181365200000,0.397
1181368800000,0.306
1181372400000,0.209
1181376000000,0.105
1181379600000,0.016
1181383200000,0.0
1181386800000,0.0
1181390400000,0.0
1181394000000,0.0
1181397600000,0.0
1181401200000,0.0
1181404800000,0.0
1181408400000,0.0
1181412000000,0.0
1181415600000,0.0
1181419200000,0.0
1181422800000,0.0
1181426400000,0.078
1181430000000,0.177
1181433600000,0.278
1181437200000,0.363
1181440800000,0.472
1181444400000,0.529
1181448000000,0.545
1181451600000,0.517
1181455200000,0.437
1181458800000,0.314
1181462400000,0.172
1181466000000,0.033
1181469600000,0.0
1181473200000,0.0
1181476800000,0.0
1181480400000,0.0
1181484000000,0.0
1181487600000,0.0
1181491200000,0.0
1181494800000,0.0
1181498400000,0.0
1181502000000,0.0
1181505600000,0.0
1181509200000,0.0
1181512800000,0.059
1181516400000,0.149
1181520000000,0.237
1181523600000,0.327
1181527200000,0.407
1181530800000,0.454
1181534400000,0.449
1181538000000,0.407
1181541600000,0.331
1181545200000,0.225
1181548800000,0.116
1181552400000,0.017
1181556000000,0.0
1181559600000,0.0
1181563200000,0.0
1181566800000,0.0
1181570400000,0.0
1181574000000,0.0
1181577600000,0.0
1181581200000,0.0
1181584800000,0.0
1181588400000,0.0
1181592000000,0.0
1181595600000,0.0
1181599200000,0.053
1181602800000,0.13
1181606400000,0.207
1181610000000,0.27
1181613600000,0.329
1181617200000,0.361
1181620800000,0.355
1181624400000,0.303
1181628000000,0.225
1181631600000,0.142
1181635200000,0.061
1181638800000,0.006
1181642400000,0.0
1181646000000,0.0
1181649600000,0.0
1181653200000,0.0
1181656800000,0.0
1181660400000,0.0
1181664000000,0.0
1181667600000,0.0
1181671200000,0.0
1181674800000,0.0
1181678400000,0.0
1181682000000,0.0
1181685600000,0.043
1181689200000,0.108
1181692800000,0.172
1181696400000,0.232
1181700000000,0.276
1181703600000,0.298
1181707200000,0.305
1181710800000,0.288
1181714400000,0.233
1181718000000,0.168
1181721600000,0.084
1181725200000,0.011
1181728800000,0.0
1181732400000,0.0
1181736000000,0.0
1181739600000,0.0
1181743200000,0.0
1181746800000,0.0
1181750400000,0.0
1181754000000,0.0
1181757600000,0.0
1181761200000,0.0
1181764800000,0.0
1181768400000,0.0
1181772000000,0.053
1181775600000,0.14
1181779200000,0.265
1181782800000,0.405
1181786400000,0.51
1181790000000,0.565
1181793600000,0.551
1181797200000,0.445
1181800800000,0.327
1181804400000,0.2
1181808000000,0.088
1181811600000,0.014
1181815200000,0.0
1181818800000,0.0
1181822400000,0.0
1181826000000,0.0
1181829600000,0.0
1181833200000,0.0
1181836800000,0.0
1181840400000,0.0
1181844000000,0.0
1181847600000,0.0
1181851200000,0.0
1181854800000,0.004
1181858400000,0.116
1181862000000,0.238
1181865600000,0.328
1181869200000,0.359
1181872800000,0.355
1181876400000,0.342
1181880000000,0.343
1181883600000,0.325
1181887200000,0.303
1181890800000,0.235
1181894400000,0.12
1181898000000,0.018
1181901600000,0.0
1181905200000,0.0
1181908800000,0.0
1181912400000,0.0
1181916000000,0.0
1181919600000,0.0
1181923200000,0.0
1181926800000,0.0
1181930400000,0.0
1181934000000,0.0
1181937600000,0.0
1181941200000,0.0
1181944800000,0.066
1181948400000,0.166
1181952000000,0.267
1181955600000,0.382
1181959200000,0.457
1181962800000,0.519
1181966400000,0.537
1181970000000,0.521
1181973600000,0.415
1181977200000,0.298
1181980800000,0.157
1181984400000,0.028
1181988000000,0.0
1181991600000,0.0
1181995200000,0.0
1181998800000,0.0
1182002400000,0.0
1182006000000,0.0
1182009600000,0.0
1182013200000,0.0
1182016800000,0.0
1182020400000,0.0
1182024000000,0.0
1182027600000,0.0
1182031200000,0.083
1182034800000,0.202
1182038400000,0.335
1182042000000,0.438
1182045600000,0.519
1182049200000,0.543
1182052800000,0.543
1182056400000,0.515
1182060000000,0.431
1182063600000,0.313
1182067200000,0.166
1182070800000,0.03
1182074400000,0.0
1182078000000,0.0
1182081600000,0.0
1182085200000,0.0
1182088800000,0.0
1182092400000,0.0
1182096000000,0.0
1182099600000,0.0
1182103200000,0.0
1182106800000,0.0
1182110400000,0.0
1182114000000,0.0
1182117600000,0.062
1182121200000,0.159
1182124800000,0.272
1182128400000,0.381
1182132000000,0.465
1182135600000,0.52
1182139200000,0.553
1182142800000,0.532
1182146400000,0.464
1182150000000,0.343
1182153600000,0.18
1182157200000,0.033
1182160800000,0.0
1182164400000,0.0
1182168000000,0.0
1182171600000,0.0
1182175200000,0.0
1182178800000,0.0
1182182400000,0.0
1182186000000,0.0
1182189600000,0.0
1182193200000,0.0
1182196800000,0.0
1182200400000,0.002
1182204000000,0.102
1182207600000,0.237
1182211200000,0.367
1182214800000,0.45
1182218400000,0.502
1182222000000,0.505
1182225600000,0.47
1182229200000,0.394
1182232800000,0.305
1182236400000,0.2
1182240000000,0.098
1182243600000,0.013
1182247200000,0.0
1182250800000,0.0
1182254400000,0.0
1182258000000,0.0
1182261600000,0.0
1182265200000,0.0
1182268800000,0.0
1182272400000,0.0
1182276000000,0.0
1182279600000,0.0
1182283200000,0.0
1182286800000,0.0
1182290400000,0.053
1182294000000,0.133
1182297600000,0.201
1182301200000,0.255
1182304800000,0.287
1182308400000,0.289
1182312000000,0.301
1182315600000,0.267
1182319200000,0.227
1182322800000,0.156
1182326400000,0.081
1182330000000,0.011
1182333600000,0.0
1182337200000,0.0
1182340800000,0.0
1182344400000,0.0
1182348000000,0.0
1182351600000,0.0
1182355200000,0.0
1182358800000,0.0
1182362400000,0.0
1182366000000,0.0
1182369600000,0.0
1182373200000,0.0
1182376800000,0.042
1182380400000,0.099
1182384000000,0.147
1182387600000,0.226
1182391200000,0.287
1182394800000,0.324
1182398400000,0.35
1182402000000,0.325
1182405600000,0.266
1182409200000,0.178
1182412800000,0.079
1182416400000,0.008
1182420000000,0.0
1182423600000,0.0
1182427200000,0.0
1182430800000,0.0
1182434400000,0.0
1182438000000,0.0
1182441600000,0.0
1182445200000,0.0
1182448800000,0.0
1182452400000,0.0
1182456000000,0.0
1182459600000,0.0
1182463200000,0.064
1182466800000,0.158
1182470400000,0.239
1182474000000,0.295
1182477600000,0.302
1182481200000,0.297
1182484800000,0.294
1182488400000,0.267
1182492000000,0.212
1182495600000,0.138
1182499200000,0.061
1182502800000,0.004
1182506400000,0.0
1182510000000,0.0
1182513600000,0.0
1182517200000,0.0
1182520800000,0.0
1182524400000,0.0
1182528000000,0.0
1182531600000,0.0
1182535200000,0.0
1182538800000,0.0
1182542400000,0.0
1182546000000,0.0
1182549600000,0.052
1182553200000,0.124
1182556800000,0.179
1182560400000,0.228
1182564000000,0.282
1182567600000,0.314
1182571200000,0.316
1182574800000,0.266
1182578400000,0.202
1182582000000,0.13
1182585600000,0.057
1182589200000,0.004
1182592800000,0.0
1182596400000,0.0
1182600000000,0.0
1182603600000,0.0
1182607200000,0.0
1182610800000,0.0
1182614400000,0.0
1182618000000,0.0
1182621600000,0.0
1182625200000,0.0
1182628800000,0.0
1182632400000,0.0
1182636000000,0.053
1182639600000,0.151
1182643200000,0.23
1182646800000,0.308
1182650400000,0.354
1182654000000,0.38
1182657600000,0.386
1182661200000,0.353
1182664800000,0.279
1182668400000,0.184
1182672000000,0.087
1182675600000,0.01
1182679200000,0.0
1182682800000,0.0
1182686400000,0.0
1182690000000,0.0
1182693600000,0.0
1182697200000,0.0
1182700800000,0.0
1182704400000,0.0
1182708000000,0.0
1182711600000,0.0
1182715200000,0.0
1182718800000,0.0
1182722400000,0.076
1182726000000,0.192
1182729600000,0.276
1182733200000,0.344
1182736800000,0.398
1182740400000,0.413
1182744000000,0.399
1182747600000,0.327
1182751200000,0.256
1182754800000,0.154
1182758400000,0.063
1182762000000,0.006
1182765600000,0.0
1182769200000,0.0
1182772800000,0.0
1182776400000,0.0
1182780000000,0.0
1182783600000,0.0
1182787200000,0.0
1182790800000,0.0
1182794400000,0.0
1182798000000,0.0
1182801600000,0.0
1182805200000,0.0
1182808800000,0.073
1182812400000,0.177
1182816000000,0.272
1182819600000,0.346
1182823200000,0.378
1182826800000,0.366
1182830400000,0.358
1182834000000,0.326
1182837600000,0.251
1182841200000,0.159
1182844800000,0.077
1182848400000,0.01
1182852000000,0.0
1182855600000,0.0
1182859200000,0.0
1182862800000,0.0
1182866400000,0.0
1182870000000,0.0
1182873600000,0.0
1182877200000,0.0
1182880800000,0.0
1182884400000,0.0
1182888000000,0.0
1182891600000,0.0
1182895200000,0.053
1182898800000,0.134
1182902400000,0.203
1182906000000,0.262
1182909600000,0.293
1182913200000,0.303
1182916800000,0.291
1182920400000,0.248
1182924000000,0.182
1182927600000,0.106
1182931200000,0.045
1182934800000,0.003
1182938400000,0.0
1182942000000,0.0
1182945600000,0.0
1182949200000,0.0
1182952800000,0.0
1182956400000,0.0
1182960000000,0.0
1182963600000,0.0
1182967200000,0.0
1182970800000,0.0
1182974400000,0.0
1182978000000,0.0
1182981600000,0.062
1182985200000,0.157
1182988800000,0.268
1182992400000,0.355
1182996000000,0.406
1182999600000,0.427
1183003200000,0.422
1183006800000,0.389
1183010400000,0.322
1183014000000,0.227
1183017600000,0.109
1183021200000,0.016
1183024800000,0.0
1183028400000,0.0
1183032000000,0.0
1183035600000,0.0
1183039200000,0.0
1183042800000,0.0
1183046400000,0.0
1183050000000,0.0
1183053600000,0.0
1183057200000,0.0
1183060800000,0.0
1183064400000,0.002
1183068000000,0.104
1183071600000,0.237
1183075200000,0.369
1183078800000,0.479
1183082400000,0.567
1183086000000,0.601
1183089600000,0.604
1183093200000,0.556
1183096800000,0.478
1183100400000,0.344
1183104000000,0.187
1183107600000,0.034
1183111200000,0.0
1183114800000,0.0
1183118400000,0.0
1183122000000,0.0
1183125600000,0.0
1183129200000,0.0
1183132800000,0.0
1183136400000,0.0
1183140000000,0.0
1183143600000,0.0
1183147200000,0.0
1183150800000,0.0
1183154400000,0.071
1183158000000,0.165
1183161600000,0.257
1183165200000,0.333
1183168800000,0.386
1183172400000,0.406
1183176000000,0.4
1183179600000,0.341
1183183200000,0.258
1183186800000,0.166
1183190400000,0.076
1183194000000,0.007
1183197600000,0.0
1183201200000,0.0
1183204800000,0.0
1183208400000,0.0
1183212000000,0.0
1183215600000,0.0
1183219200000,0.0
1183222800000,0.0
1183226400000,0.0
1183230000000,0.0
1183233600000,0.0
1183237200000,0.0
1183240800000,0.043
1183244400000,0.105
1183248000000,0.18
1183251600000,0.254
1183255200000,0.313
1183258800000,0.332
1183262400000,0.335
1183266000000,0.297
1183269600000,0.233
1183273200000,0.157
1183276800000,0.075
1183280400000,0.009
1183284000000,0.0
1183287600000,0.0
1183291200000,0.0
1183294800000,0.0
1183298400000,0.0
1183302000000,0.0
1183305600000,0.0
1183309200000,0.0
1183312800000,0.0
1183316400000,0.0
1183320000000,0.0
1183323600000,0.001
1183327200000,0.092
1183330800000,0.239
1183334400000,0.375
1183338000000,0.478
1183341600000,0.543
1183345200000,0.55
1183348800000,0.524
1183352400000,0.452
1183356000000,0.373
1183359600000,0.256
1183363200000,0.119
1183366800000,0.017
1183370400000,0.0
1183374000000,0.0
1183377600000,0.0
1183381200000,0.0
1183384800000,0.0
1183388400000,0.0
1183392000000,0.0
1183395600000,0.0
1183399200000,0.0
1183402800000,0.0
1183406400000,0.0
1183410000000,0.0
1183413600000,0.075
1183417200000,0.191
1183420800000,0.315
1183424400000,0.433
1183428000000,0.526
1183431600000,0.581
1183435200000,0.59
1183438800000,0.541
1183442400000,0.439
1183446000000,0.322
1183449600000,0.167
1183453200000,0.029
1183456800000,0.0
1183460400000,0.0
1183464000000,0.0
1183467600000,0.0
1183471200000,0.0
1183474800000,0.0
1183478400000,0.0
1183482000000,0.0
1183485600000,0.0
1183489200000,0.0
1183492800000,0.0
1183496400000,0.0
1183500000000,0.067
1183503600000,0.169
1183507200000,0.284
1183510800000,0.392
1183514400000,0.466
1183518000000,0.504
1183521600000,0.487
1183525200000,0.419
1183528800000,0.313
1183532400000,0.163
1183536000000,0.062
1183539600000,0.005
1183543200000,0.0
1183546800000,0.0
1183550400000,0.0
1183554000000,0.0
1183557600000,0.0
1183561200000,0.0
1183564800000,0.0
1183568400000,0.0
1183572000000,0.0
1183575600000,0.0
1183579200000,0.0
1183582800000,0.0
1183586400000,0.065
1183590000000,0.126
1183593600000,0.18
1183597200000,0.236
1183600800000,0.265
1183604400000,0.253
1183608000000,0.231
1183611600000,0.201
1183615200000,0.151
1183618800000,0.103
1183622400000,0.05
1183626000000,0.003
1183629600000,0.0
1183633200000,0.0
1183636800000,0.0
1183640400000,0.0
1183644000000,0.0
1183647600000,0.0
1183651200000,0.0
1183654800000,0.0
1183658400000,0.0
1183662000000,0.0
1183665600000,0.0
1183669200000,0.0
1183672800000,0.042
1183676400000,0.103
1183680000000,0.166
1183683600000,0.221
1183687200000,0.25
1183690800000,0.238
1183694400000,0.231
1183698000000,0.211
1183701600000,0.163
1183705200000,0.1
1183708800000,0.045
1183712400000,0.002
1183716000000,0.0
1183719600000,0.0
1183723200000,0.0
1183726800000,0.0
1183730400000,0.0
1183734000000,0.0
1183737600000,0.0
1183741200000,0.0
1183744800000,0.0
1183748400000,0.0
1183752000000,0.0
1183755600000,0.0
1183759200000,0.028
1183762800000,0.086
1183766400000,0.141
1183770000000,0.172
1183773600000,0.202
1183777200000,0.216
1183780800000,0.225
1183784400000,0.227
1183788000000,0.2
1183791600000,0.147
1183795200000,0.085
1183798800000,0.014
1183802400000,0.0
1183806000000,0.0
1183809600000,0.0
1183813200000,0.0
1183816800000,0.0
1183820400000,0.0
1183824000000,0.0
1183827600000,0.0
1183831200000,0.0
1183834800000,0.0
1183838400000,0.0
1183842000000,0.0
1183845600000,0.061
1183849200000,0.146
1183852800000,0.233
1183856400000,0.303
1183860000000,0.342
1183863600000,0.386
1183867200000,0.376
1183870800000,0.319
1183874400000,0.253
1183878000000,0.173
1183881600000,0.086
1183885200000,0.011
1183888800000,0.0
1183892400000,0.0
1183896000000,0.0
1183899600000,0.0
1183903200000,0.0
1183906800000,0.0
1183910400000,0.0
1183914000000,0.0
1183917600000,0.0
1183921200000,0.0
1183924800000,0.0
1183928400000,0.0
1183932000000,0.058
1183935600000,0.157
1183939200000,0.255
1183942800000,0.334
1183946400000,0.38
1183950000000,0.4
1183953600000,0.392
1183957200000,0.357
1183960800000,0.287
1183964400000,0.193
1183968000000,0.087
1183971600000,0.009
1183975200000,0.0
1183978800000,0.0
1183982400000,0.0
1183986000000,0.0
1183989600000,0.0
1183993200000,0.0
1183996800000,0.0
1184000400000,0.0
1184004000000,0.0
1184007600000,0.0
1184011200000,0.0
1184014800000,0.0
1184018400000,0.043
1184022000000,0.125
1184025600000,0.208
1184029200000,0.255
1184032800000,0.272
1184036400000,0.26
1184040000000,0.252
1184043600000,0.163
1184047200000,0.142
1184050800000,0.098
1184054400000,0.044
1184058000000,0.002
1184061600000,0.0
1184065200000,0.0
1184068800000,0.0
1184072400000,0.0
1184076000000,0.0
1184079600000,0.0
1184083200000,0.0
1184086800000,0.0
1184090400000,0.0
1184094000000,0.0
1184097600000,0.0
1184101200000,0.0
1184104800000,0.028
1184108400000,0.073
1184112000000,0.116
1184115600000,0.159
1184119200000,0.204
1184122800000,0.265
1184126400000,0.225
1184130000000,0.183
1184133600000,0.145
1184137200000,0.099
1184140800000,0.046
1184144400000,0.002
1184148000000,0.0
1184151600000,0.0
1184155200000,0.0
1184158800000,0.0
1184162400000,0.0
1184166000000,0.0
1184169600000,0.0
1184173200000,0.0
1184176800000,0.0
1184180400000,0.0
1184184000000,0.0
1184187600000,0.0
1184191200000,0.035
1184194800000,0.122
1184198400000,0.247
1184202000000,0.379
1184205600000,0.422
1184209200000,0.382
1184212800000,0.331
1184216400000,0.277
1184220000000,0.212
1184223600000,0.128
1184227200000,0.059
1184230800000,0.004
1184234400000,0.0
1184238000000,0.0
1184241600000,0.0
1184245200000,0.0
1184248800000,0.0
1184252400000,0.0
1184256000000,0.0
1184259600000,0.0
1184263200000,0.0
1184266800000,0.0
1184270400000,0.0
1184274000000,0.0
1184277600000,0.046
1184281200000,0.131
1184284800000,0.214
1184288400000,0.281
1184292000000,0.278
1184295600000,0.274
1184299200000,0.246
1184302800000,0.214
1184306400000,0.163
1184310000000,0.111
1184313600000,0.051
1184317200000,0.003
1184320800000,0.0
1184324400000,0.0
1184328000000,0.0
1184331600000,0.0
1184335200000,0.0
1184338800000,0.0
1184342400000,0.0
1184346000000,0.0
1184349600000,0.0
1184353200000,0.0
1184356800000,0.0
1184360400000,0.0
1184364000000,0.044
1184367600000,0.132
1184371200000,0.243
1184374800000,0.373
1184378400000,0.493
1184382000000,0.533
1184385600000,0.467
1184389200000,0.361
1184392800000,0.27
1184396400000,0.201
1184400000000,0.111
1184403600000,0.016
1184407200000,0.0
1184410800000,0.0
1184414400000,0.0
1184418000000,0.0
1184421600000,0.0
1184425200000,0.0
1184428800000,0.0
1184432400000,0.0
1184436000000,0.0
1184439600000,0.0
1184443200000,0.0
1184446800000,0.0
1184450400000,0.041
1184454000000,0.114
1184457600000,0.187
1184461200000,0.243
1184464800000,0.282
1184468400000,0.318
1184472000000,0.321
1184475600000,0.272
1184479200000,0.199
1184482800000,0.123
1184486400000,0.051
1184490000000,0.002
1184493600000,0.0
1184497200000,0.0
1184500800000,0.0
1184504400000,0.0
1184508000000,0.0
1184511600000,0.0
1184515200000,0.0
1184518800000,0.0
1184522400000,0.0
1184526000000,0.0
1184529600000,0.0
1184533200000,0.002
1184536800000,0.104
1184540400000,0.219
1184544000000,0.329
1184547600000,0.425
1184551200000,0.5
1184554800000,0.519
1184558400000,0.494
1184562000000,0.425
1184565600000,0.331
1184569200000,0.217
1184572800000,0.101
1184576400000,0.013
1184580000000,0.0
1184583600000,0.0
1184587200000,0.0
1184590800000,0.0
1184594400000,0.0
1184598000000,0.0
1184601600000,0.0
1184605200000,0.0
1184608800000,0.0
1184612400000,0.0
1184616000000,0.0
1184619600000,0.0
1184623200000,0.079
1184626800000,0.181
1184630400000,0.259
1184634000000,0.338
1184637600000,0.394
1184641200000,0.431
1184644800000,0.406
1184648400000,0.393
1184652000000,0.346
1184655600000,0.254
1184659200000,0.13
1184662800000,0.017
1184666400000,0.0
1184670000000,0.0
1184673600000,0.0
1184677200000,0.0
1184680800000,0.0
1184684400000,0.0
1184688000000,0.0
1184691600000,0.0
1184695200000,0.0
1184698800000,0.0
1184702400000,0.0
1184706000000,0.0
1184709600000,0.062
1184713200000,0.159
1184716800000,0.238
1184720400000,0.272
1184724000000,0.294
1184727600000,0.322
1184731200000,0.316
1184734800000,0.301
1184738400000,0.246
1184742000000,0.155
1184745600000,0.059
1184749200000,0.003
1184752800000,0.0
1184756400000,0.0
1184760000000,0.0
1184763600000,0.0
1184767200000,0.0
1184770800000,0.0
1184774400000,0.0
1184778000000,0.0
1184781600000,0.0
1184785200000,0.0
1184788800000,0.0
1184792400000,0.0
1184796000000,0.063
1184799600000,0.164
1184803200000,0.266
1184806800000,0.361
1184810400000,0.412
1184814000000,0.429
1184817600000,0.387
1184821200000,0.332
1184824800000,0.259
1184828400000,0.17
1184832000000,0.08
1184835600000,0.01
1184839200000,0.0
1184842800000,0.0
1184846400000,0.0
1184850000000,0.0
1184853600000,0.0
1184857200000,0.0
1184860800000,0.0
1184864400000,0.0
1184868000000,0.0
1184871600000,0.0
1184875200000,0.0
1184878800000,0.0
1184882400000,0.102
1184886000000,0.249
1184889600000,0.382
1184893200000,0.49
1184896800000,0.545
1184900400000,0.543
1184904000000,0.543
1184907600000,0.437
1184911200000,0.337
1184914800000,0.23
1184918400000,0.119
1184922000000,0.021
1184925600000,0.0
1184929200000,0.0
1184932800000,0.0
1184936400000,0.0
1184940000000,0.0
1184943600000,0.0
1184947200000,0.0
1184950800000,0.0
1184954400000,0.0
1184958000000,0.0
1184961600000,0.0
1184965200000,0.002
1184968800000,0.113
1184972400000,0.259
1184976000000,0.388
1184979600000,0.476
1184983200000,0.517
1184986800000,0.512
1184990400000,0.475
1184994000000,0.422
1184997600000,0.361
1185001200000,0.261
1185004800000,0.135
1185008400000,0.02
1185012000000,0.0
1185015600000,0.0
1185019200000,0.0
1185022800000,0.0
1185026400000,0.0
1185030000000,0.0
1185033600000,0.0
1185037200000,0.0
1185040800000,0.0
1185044400000,0.0
1185048000000,0.0
1185051600000,0.001
1185055200000,0.111
1185058800000,0.254
1185062400000,0.381
1185066000000,0.481
1185069600000,0.533
1185073200000,0.544
1185076800000,0.505
1185080400000,0.418
1185084000000,0.308
1185087600000,0.197
1185091200000,0.09
1185094800000,0.011
1185098400000,0.0
1185102000000,0.0
1185105600000,0.0
1185109200000,0.0
1185112800000,0.0
1185116400000,0.0
1185120000000,0.0
1185123600000,0.0
1185127200000,0.0
1185130800000,0.0
1185134400000,0.0
1185138000000,0.0
1185141600000,0.059
1185145200000,0.112
1185148800000,0.176
1185152400000,0.223
1185156000000,0.266
1185159600000,0.31
1185163200000,0.292
1185166800000,0.252
1185170400000,0.204
1185174000000,0.137
1185177600000,0.061
1185181200000,0.005
1185184800000,0.0
1185188400000,0.0
1185192000000,0.0
1185195600000,0.0
1185199200000,0.0
1185202800000,0.0
1185206400000,0.0
1185210000000,0.0
1185213600000,0.0
1185217200000,0.0
1185220800000,0.0
1185224400000,0.002
1185228000000,0.125
1185231600000,0.291
1185235200000,0.433
1185238800000,0.534
1185242400000,0.595
1185246000000,0.606
1185249600000,0.559
1185253200000,0.509
1185256800000,0.419
1185260400000,0.29
1185264000000,0.128
1185267600000,0.014
1185271200000,0.0
1185274800000,0.0
1185278400000,0.0
1185282000000,0.0
1185285600000,0.0
1185289200000,0.0
1185292800000,0.0
1185296400000,0.0
1185300000000,0.0
1185303600000,0.0
1185307200000,0.0
1185310800000,0.0
1185314400000,0.078
1185318000000,0.179
1185321600000,0.266
1185325200000,0.338
1185328800000,0.363
1185332400000,0.357
1185336000000,0.331
1185339600000,0.296
1185343200000,0.226
1185346800000,0.147
1185350400000,0.07
1185354000000,0.006
1185357600000,0.0
1185361200000,0.0
1185364800000,0.0
1185368400000,0.0
1185372000000,0.0
1185375600000,0.0
1185379200000,0.0
1185382800000,0.0
1185386400000,0.0
1185390000000,0.0
1185393600000,0.0
1185397200000,0.001
1185400800000,0.113
1185404400000,0.282
1185408000000,0.433
1185411600000,0.531
1185415200000,0.572
1185418800000,0.587
1185422400000,0.543
1185426000000,0.443
1185429600000,0.312
1185433200000,0.179
1185436800000,0.066
1185440400000,0.004
1185444000000,0.0
1185447600000,0.0
1185451200000,0.0
1185454800000,0.0
1185458400000,0.0
1185462000000,0.0
1185465600000,0.0
1185469200000,0.0
1185472800000,0.0
1185476400000,0.0
1185480000000,0.0
1185483600000,0.0
1185487200000,0.09
1185490800000,0.198
1185494400000,0.265
1185498000000,0.317
1185501600000,0.324
1185505200000,0.262
1185508800000,0.236
1185512400000,0.19
1185516000000,0.147
1185519600000,0.1
1185523200000,0.049
1185526800000,0.004
1185530400000,0.0
1185534000000,0.0
1185537600000,0.0
1185541200000,0.0
1185544800000,0.0
1185548400000,0.0
1185552000000,0.0
1185555600000,0.0
1185559200000,0.0
1185562800000,0.0
1185566400000,0.0
1185570000000,0.0
1185573600000,0.085
1185577200000,0.208
1185580800000,0.341
1185584400000,0.461
1185588000000,0.541
1185591600000,0.571
1185595200000,0.552
1185598800000,0.487
1185602400000,0.372
1185606000000,0.24
1185609600000,0.109
1185613200000,0.012
1185616800000,0.0
1185620400000,0.0
1185624000000,0.0
1185627600000,0.0
1185631200000,0.0
1185634800000,0.0
1185638400000,0.0
1185642000000,0.0
1185645600000,0.0
1185649200000,0.0
1185652800000,0.0
1185656400000,0.0
1185660000000,0.08
1185663600000,0.2
1185667200000,0.309
1185670800000,0.404
1185674400000,0.473
1185678000000,0.496
1185681600000,0.471
1185685200000,0.401
1185688800000,0.323
1185692400000,0.22
1185696000000,0.109
1185699600000,0.015
1185703200000,0.0
1185706800000,0.0
1185710400000,0.0
1185714000000,0.0
1185717600000,0.0
1185721200000,0.0
1185724800000,0.0
1185728400000,0.0
1185732000000,0.0
1185735600000,0.0
1185739200000,0.0
1185742800000,0.0
1185746400000,0.091
1185750000000,0.217
1185753600000,0.333
1185757200000,0.405
1185760800000,0.443
1185764400000,0.454
1185768000000,0.431
1185771600000,0.388
1185775200000,0.303
1185778800000,0.198
1185782400000,0.094
1185786000000,0.008
1185789600000,0.0
1185793200000,0.0
1185796800000,0.0
1185800400000,0.0
1185804000000,0.0
1185807600000,0.0
1185811200000,0.0
1185814800000,0.0
1185818400000,0.0
1185822000000,0.0
1185825600000,0.0
1185829200000,0.0
1185832800000,0.096
1185836400000,0.244
1185840000000,0.402
1185843600000,0.524
1185847200000,0.603
1185850800000,0.634
1185854400000,0.619
1185858000000,0.547
1185861600000,0.416
1185865200000,0.274
1185868800000,0.129
1185872400000,0.017
1185876000000,0.0
1185879600000,0.0
1185883200000,0.0
1185886800000,0.0
1185890400000,0.0
1185894000000,0.0
1185897600000,0.0
1185901200000,0.0
1185904800000,0.0
1185908400000,0.0
1185912000000,0.0
1185915600000,0.0
1185919200000,0.078
1185922800000,0.196
1185926400000,0.302
1185930000000,0.382
1185933600000,0.407
1185937200000,0.376
1185940800000,0.317
1185944400000,0.257
1185948000000,0.187
1185951600000,0.117
1185955200000,0.042
1185958800000,0.0
1185962400000,0.0
1185966000000,0.0
1185969600000,0.0
1185973200000,0.0
1185976800000,0.0
1185980400000,0.0
1185984000000,0.0
1185987600000,0.0
1185991200000,0.0
1185994800000,0.0
1185998400000,0.0
1186002000000,0.0
1186005600000,0.041
1186009200000,0.147
1186012800000,0.272
1186016400000,0.383
1186020000000,0.447
1186023600000,0.478
1186027200000,0.47
1186030800000,0.421
1186034400000,0.327
1186038000000,0.21
1186041600000,0.086
1186045200000,0.007
1186048800000,0.0
1186052400000,0.0
1186056000000,0.0
1186059600000,0.0
1186063200000,0.0
1186066800000,0.0
1186070400000,0.0
1186074000000,0.0
1186077600000,0.0
1186081200000,0.0
1186084800000,0.0
1186088400000,0.0
1186092000000,0.061
1186095600000,0.165
1186099200000,0.28
1186102800000,0.393
1186106400000,0.487
1186110000000,0.517
1186113600000,0.479
1186117200000,0.384
1186120800000,0.271
1186124400000,0.147
1186128000000,0.058
1186131600000,0.002
1186135200000,0.0
1186138800000,0.0
1186142400000,0.0
1186146000000,0.0
1186149600000,0.0
1186153200000,0.0
1186156800000,0.0
1186160400000,0.0
1186164000000,0.0
1186167600000,0.0
1186171200000,0.0
1186174800000,0.0
1186178400000,0.06
1186182000000,0.157
1186185600000,0.235
1186189200000,0.283
1186192800000,0.318
1186196400000,0.327
1186200000000,0.301
1186203600000,0.245
1186207200000,0.182
1186210800000,0.122
1186214400000,0.051
1186218000000,0.001
1186221600000,0.0
1186225200000,0.0
1186228800000,0.0
1186232400000,0.0
1186236000000,0.0
1186239600000,0.0
1186243200000,0.0
1186246800000,0.0
1186250400000,0.0
1186254000000,0.0
1186257600000,0.0
1186261200000,0.0
1186264800000,0.054
1186268400000,0.147
1186272000000,0.23
1186275600000,0.302
1186279200000,0.345
1186282800000,0.309
1186286400000,0.285
1186290000000,0.244
1186293600000,0.197
1186297200000,0.141
1186300800000,0.066
1186304400000,0.003
1186308000000,0.0
1186311600000,0.0
1186315200000,0.0
1186318800000,0.0
1186322400000,0.0
1186326000000,0.0
1186329600000,0.0
1186333200000,0.0
1186336800000,0.0
1186340400000,0.0
1186344000000,0.0
1186347600000,0.0
1186351200000,0.052
1186354800000,0.156
1186358400000,0.231
1186362000000,0.277
1186365600000,0.319
1186369200000,0.369
1186372800000,0.364
1186376400000,0.311
1186380000000,0.234
1186383600000,0.144
1186387200000,0.061
1186390800000,0.003
1186394400000,0.0
1186398000000,0.0
1186401600000,0.0
1186405200000,0.0
1186408800000,0.0
1186412400000,0.0
1186416000000,0.0
1186419600000,0.0
1186423200000,0.0
1186426800000,0.0
1186430400000,0.0
1186434000000,0.0
1186437600000,0.032
1186441200000,0.104
1186444800000,0.179
1186448400000,0.237
1186452000000,0.285
1186455600000,0.286
1186459200000,0.291
1186462800000,0.262
1186466400000,0.196
1186470000000,0.135
1186473600000,0.064
1186477200000,0.004
1186480800000,0.0
1186484400000,0.0
1186488000000,0.0
1186491600000,0.0
1186495200000,0.0
1186498800000,0.0
1186502400000,0.0
1186506000000,0.0
1186509600000,0.0
1186513200000,0.0
1186516800000,0.0
1186520400000,0.0
1186524000000,0.053
1186527600000,0.145
1186531200000,0.229
1186534800000,0.316
1186538400000,0.362
1186542000000,0.378
1186545600000,0.37
1186549200000,0.344
1186552800000,0.287
1186556400000,0.19
1186560000000,0.086
1186563600000,0.007
1186567200000,0.0
1186570800000,0.0
1186574400000,0.0
1186578000000,0.0
1186581600000,0.0
1186585200000,0.0
1186588800000,0.0
1186592400000,0.0
1186596000000,0.0
1186599600000,0.0
1186603200000,0.0
1186606800000,0.0
1186610400000,0.077
1186614000000,0.203
1186617600000,0.317
1186621200000,0.419
1186624800000,0.477
1186628400000,0.508
1186632000000,0.49
1186635600000,0.44
1186639200000,0.349
1186642800000,0.214
1186646400000,0.076
1186650000000,0.002
1186653600000,0.0
1186657200000,0.0
1186660800000,0.0
1186664400000,0.0
1186668000000,0.0
1186671600000,0.0
1186675200000,0.0
1186678800000,0.0
1186682400000,0.0
1186686000000,0.0
1186689600000,0.0
1186693200000,0.0
1186696800000,0.062
1186700400000,0.177
1186704000000,0.305
1186707600000,0.404
1186711200000,0.463
1186714800000,0.48
1186718400000,0.47
1186722000000,0.419
1186725600000,0.356
1186729200000,0.245
1186732800000,0.113
1186736400000,0.009
1186740000000,0.0
1186743600000,0.0
1186747200000,0.0
1186750800000,0.0
1186754400000,0.0
1186758000000,0.0
1186761600000,0.0
1186765200000,0.0
1186768800000,0.0
1186772400000,0.0
1186776000000,0.0
1186779600000,0.0
1186783200000,0.062
1186786800000,0.18
1186790400000,0.304
1186794000000,0.406
1186797600000,0.461
1186801200000,0.491
1186804800000,0.482
1186808400000,0.43
1186812000000,0.358
1186815600000,0.252
1186819200000,0.126
1186822800000,0.013
1186826400000,0.0
1186830000000,0.0
1186833600000,0.0
1186837200000,0.0
1186840800000,0.0
1186844400000,0.0
1186848000000,0.0
1186851600000,0.0
1186855200000,0.0
1186858800000,0.0
1186862400000,0.0
1186866000000,0.0
1186869600000,0.055
1186873200000,0.154
1186876800000,0.252
1186880400000,0.352
1186884000000,0.437
1186887600000,0.436
1186891200000,0.378
1186894800000,0.313
1186898400000,0.229
1186902000000,0.146
1186905600000,0.063
1186909200000,0.001
1186912800000,0.0
1186916400000,0.0
1186920000000,0.0
1186923600000,0.0
1186927200000,0.0
1186930800000,0.0
1186934400000,0.0
1186938000000,0.0
1186941600000,0.0
1186945200000,0.0
1186948800000,0.0
1186952400000,0.0
1186956000000,0.042
1186959600000,0.122
1186963200000,0.204
1186966800000,0.281
1186970400000,0.326
1186974000000,0.329
1186977600000,0.321
1186981200000,0.285
1186984800000,0.215
1186988400000,0.135
1186992000000,0.06
1186995600000,0.001
1186999200000,0.0
1187002800000,0.0
1187006400000,0.0
1187010000000,0.0
1187013600000,0.0
1187017200000,0.0
1187020800000,0.0
1187024400000,0.0
1187028000000,0.0
1187031600000,0.0
1187035200000,0.0
1187038800000,0.0
1187042400000,0.07
1187046000000,0.2
1187049600000,0.263
1187053200000,0.298
1187056800000,0.317
1187060400000,0.321
1187064000000,0.322
1187067600000,0.291
1187071200000,0.219
1187074800000,0.132
1187078400000,0.048
1187082000000,0.0
1187085600000,0.0
1187089200000,0.0
1187092800000,0.0
1187096400000,0.0
1187100000000,0.0
1187103600000,0.0
1187107200000,0.0
1187110800000,0.0
1187114400000,0.0
1187118000000,0.0
1187121600000,0.0
1187125200000,0.0
1187128800000,0.044
1187132400000,0.13
1187136000000,0.217
1187139600000,0.296
1187143200000,0.345
1187146800000,0.358
1187150400000,0.354
1187154000000,0.312
1187157600000,0.241
1187161200000,0.156
1187164800000,0.067
1187168400000,0.003
1187172000000,0.0
1187175600000,0.0
1187179200000,0.0
1187182800000,0.0
1187186400000,0.0
1187190000000,0.0
1187193600000,0.0
1187197200000,0.0
1187200800000,0.0
1187204400000,0.0
1187208000000,0.0
1187211600000,0.0
1187215200000,0.05
1187218800000,0.131
1187222400000,0.195
1187226000000,0.253
1187229600000,0.289
1187233200000,0.315
1187236800000,0.327
1187240400000,0.31
1187244000000,0.252
1187247600000,0.169
1187251200000,0.077
1187254800000,0.005
1187258400000,0.0
1187262000000,0.0
1187265600000,0.0
1187269200000,0.0
1187272800000,0.0
1187276400000,0.0
1187280000000,0.0
1187283600000,0.0
1187287200000,0.0
1187290800000,0.0
1187294400000,0.0
1187298000000,0.0
1187301600000,0.069
1187305200000,0.176
1187308800000,0.279
1187312400000,0.358
1187316000000,0.399
1187319600000,0.402
1187323200000,0.411
1187326800000,0.378
1187330400000,0.294
1187334000000,0.188
1187337600000,0.081
1187341200000,0.004
1187344800000,0.0
1187348400000,0.0
1187352000000,0.0
1187355600000,0.0
1187359200000,0.0
1187362800000,0.0
1187366400000,0.0
1187370000000,0.0
1187373600000,0.0
1187377200000,0.0
1187380800000,0.0
1187384400000,0.0
1187388000000,0.046
1187391600000,0.139
1187395200000,0.237
1187398800000,0.309
1187402400000,0.342
1187406000000,0.322
1187409600000,0.277
1187413200000,0.239
1187416800000,0.203
1187420400000,0.133
1187424000000,0.053
1187427600000,0.0
1187431200000,0.0
1187434800000,0.0
1187438400000,0.0
1187442000000,0.0
1187445600000,0.0
1187449200000,0.0
1187452800000,0.0
1187456400000,0.0
1187460000000,0.0
1187463600000,0.0
1187467200000,0.0
1187470800000,0.0
1187474400000,0.049
1187478000000,0.128
1187481600000,0.214
1187485200000,0.313
1187488800000,0.382
1187492400000,0.403
1187496000000,0.361
1187499600000,0.291
1187503200000,0.207
1187506800000,0.13
1187510400000,0.05
1187514000000,0.0
1187517600000,0.0
1187521200000,0.0
1187524800000,0.0
1187528400000,0.0
1187532000000,0.0
1187535600000,0.0
1187539200000,0.0
1187542800000,0.0
1187546400000,0.0
1187550000000,0.0
1187553600000,0.0
1187557200000,0.0
1187560800000,0.07
1187564400000,0.194
1187568000000,0.304
1187571600000,0.381
1187575200000,0.419
1187578800000,0.45
1187582400000,0.456
1187586000000,0.406
1187589600000,0.334
1187593200000,0.245
1187596800000,0.116
1187600400000,0.009
1187604000000,0.0
1187607600000,0.0
1187611200000,0.0
1187614800000,0.0
1187618400000,0.0
1187622000000,0.0
1187625600000,0.0
1187629200000,0.0
1187632800000,0.0
1187636400000,0.0
1187640000000,0.0
1187643600000,0.0
1187647200000,0.079
1187650800000,0.202
1187654400000,0.307
1187658000000,0.38
1187661600000,0.433
1187665200000,0.458
1187668800000,0.452
1187672400000,0.429
1187676000000,0.361
1187679600000,0.235
1187683200000,0.114
1187686800000,0.009
1187690400000,0.0
1187694000000,0.0
1187697600000,0.0
1187701200000,0.0
1187704800000,0.0
1187708400000,0.0
1187712000000,0.0
1187715600000,0.0
1187719200000,0.0
1187722800000,0.0
1187726400000,0.0
1187730000000,0.0
1187733600000,0.095
1187737200000,0.257
1187740800000,0.407
1187744400000,0.533
1187748000000,0.621
1187751600000,0.658
1187755200000,0.648
1187758800000,0.596
1187762400000,0.492
1187766000000,0.342
1187769600000,0.159
1187773200000,0.014
1187776800000,0.0
1187780400000,0.0
1187784000000,0.0
1187787600000,0.0
1187791200000,0.0
1187794800000,0.0
1187798400000,0.0
1187802000000,0.0
1187805600000,0.0
1187809200000,0.0
1187812800000,0.0
1187816400000,0.0
1187820000000,0.092
1187823600000,0.253
1187827200000,0.385
1187830800000,0.491
1187834400000,0.564
1187838000000,0.582
1187841600000,0.584
1187845200000,0.538
1187848800000,0.433
1187852400000,0.278
1187856000000,0.12
1187859600000,0.008
1187863200000,0.0
1187866800000,0.0
1187870400000,0.0
1187874000000,0.0
1187877600000,0.0
1187881200000,0.0
1187884800000,0.0
1187888400000,0.0
1187892000000,0.0
1187895600000,0.0
1187899200000,0.0
1187902800000,0.0
1187906400000,0.067
1187910000000,0.196
1187913600000,0.313
1187917200000,0.394
1187920800000,0.45
1187924400000,0.463
1187928000000,0.446
1187931600000,0.405
1187935200000,0.33
1187938800000,0.215
1187942400000,0.097
1187946000000,0.007
1187949600000,0.0
1187953200000,0.0
1187956800000,0.0
1187960400000,0.0
1187964000000,0.0
1187967600000,0.0
1187971200000,0.0
1187974800000,0.0
1187978400000,0.0
1187982000000,0.0
1187985600000,0.0
1187989200000,0.0
1187992800000,0.082
1187996400000,0.217
1188000000000,0.338
1188003600000,0.405
1188007200000,0.426
1188010800000,0.41
1188014400000,0.35
1188018000000,0.277
1188021600000,0.183
1188025200000,0.106
1188028800000,0.042
1188032400000,0.0
1188036000000,0.0
1188039600000,0.0
1188043200000,0.0
1188046800000,0.0
1188050400000,0.0
1188054000000,0.0
1188057600000,0.0
1188061200000,0.0
1188064800000,0.0
1188068400000,0.0
1188072000000,0.0
1188075600000,0.0
1188079200000,0.035
1188082800000,0.131
1188086400000,0.246
1188090000000,0.369
1188093600000,0.473
1188097200000,0.468
1188100800000,0.405
1188104400000,0.302
1188108000000,0.203
1188111600000,0.124
1188115200000,0.053
1188118800000,0.0
1188122400000,0.0
1188126000000,0.0
1188129600000,0.0
1188133200000,0.0
1188136800000,0.0
1188140400000,0.0
1188144000000,0.0
1188147600000,0.0
1188151200000,0.0
1188154800000,0.0
1188158400000,0.0
1188162000000,0.0
1188165600000,0.095
1188169200000,0.235
1188172800000,0.356
1188176400000,0.438
1188180000000,0.483
1188183600000,0.482
1188187200000,0.444
1188190800000,0.373
1188194400000,0.29
1188198000000,0.185
1188201600000,0.081
1188205200000,0.003
1188208800000,0.0
1188212400000,0.0
1188216000000,0.0
1188219600000,0.0
1188223200000,0.0
1188226800000,0.0
1188230400000,0.0
1188234000000,0.0
1188237600000,0.0
1188241200000,0.0
1188244800000,0.0
1188248400000,0.0
1188252000000,0.034
1188255600000,0.116
1188259200000,0.212
1188262800000,0.316
1188266400000,0.402
1188270000000,0.446
1188273600000,0.451
1188277200000,0.424
1188280800000,0.349
1188284400000,0.23
1188288000000,0.106
1188291600000,0.009
1188295200000,0.0
1188298800000,0.0
1188302400000,0.0
1188306000000,0.0
1188309600000,0.0
1188313200000,0.0
1188316800000,0.0
1188320400000,0.0
1188324000000,0.0
1188327600000,0.0
1188331200000,0.0
1188334800000,0.0
1188338400000,0.118
1188342000000,0.295
1188345600000,0.426
1188349200000,0.541
1188352800000,0.622
1188356400000,0.646
1188360000000,0.615
1188363600000,0.51
1188367200000,0.397
1188370800000,0.246
1188374400000,0.104
1188378000000,0.004
1188381600000,0.0
1188385200000,0.0
1188388800000,0.0
1188392400000,0.0
1188396000000,0.0
1188399600000,0.0
1188403200000,0.0
1188406800000,0.0
1188410400000,0.0
1188414000000,0.0
1188417600000,0.0
1188421200000,0.0
1188424800000,0.023
1188428400000,0.091
1188432000000,0.172
1188435600000,0.271
1188439200000,0.331
1188442800000,0.342
1188446400000,0.319
1188450000000,0.279
1188453600000,0.214
1188457200000,0.131
1188460800000,0.059
1188464400000,0.0
1188468000000,0.0
1188471600000,0.0
1188475200000,0.0
1188478800000,0.0
1188482400000,0.0
1188486000000,0.0
1188489600000,0.0
1188493200000,0.0
1188496800000,0.0
1188500400000,0.0
1188504000000,0.0
1188507600000,0.0
1188511200000,0.062
1188514800000,0.18
1188518400000,0.285
1188522000000,0.37
1188525600000,0.431
1188529200000,0.454
1188532800000,0.46
1188536400000,0.418
1188540000000,0.327
1188543600000,0.211
1188547200000,0.089
1188550800000,0.005
1188554400000,0.0
1188558000000,0.0
1188561600000,0.0
1188565200000,0.0
1188568800000,0.0
1188572400000,0.0
1188576000000,0.0
1188579600000,0.0
1188583200000,0.0
1188586800000,0.0
1188590400000,0.0
1188594000000,0.0
1188597600000,0.093
1188601200000,0.251
1188604800000,0.376
1188608400000,0.503
1188612000000,0.574
1188615600000,0.573
1188619200000,0.536
1188622800000,0.453
1188626400000,0.334
1188630000000,0.217
1188633600000,0.079
1188637200000,0.001
1188640800000,0.0
1188644400000,0.0
1188648000000,0.0
1188651600000,0.0
1188655200000,0.0
1188658800000,0.0
1188662400000,0.0
1188666000000,0.0
1188669600000,0.0
1188673200000,0.0
1188676800000,0.0
1188680400000,0.0
1188684000000,0.044
1188687600000,0.144
1188691200000,0.257
1188694800000,0.357
1188698400000,0.409
1188702000000,0.423
1188705600000,0.397
1188709200000,0.35
1188712800000,0.279
1188716400000,0.188
1188720000000,0.081
1188723600000,0.002
1188727200000,0.0
1188730800000,0.0
1188734400000,0.0
1188738000000,0.0
1188741600000,0.0
1188745200000,0.0
1188748800000,0.0
1188752400000,0.0
1188756000000,0.0
1188759600000,0.0
1188763200000,0.0
1188766800000,0.0
1188770400000,0.064
1188774000000,0.187
1188777600000,0.315
1188781200000,0.415
1188784800000,0.455
1188788400000,0.451
1188792000000,0.448
1188795600000,0.403
1188799200000,0.328
1188802800000,0.206
1188806400000,0.086
1188810000000,0.003
1188813600000,0.0
1188817200000,0.0
1188820800000,0.0
1188824400000,0.0
1188828000000,0.0
1188831600000,0.0
1188835200000,0.0
1188838800000,0.0
1188842400000,0.0
1188846000000,0.0
1188849600000,0.0
1188853200000,0.0
1188856800000,0.076
1188860400000,0.225
1188864000000,0.372
1188867600000,0.503
1188871200000,0.569
1188874800000,0.55
1188878400000,0.49
1188882000000,0.404
1188885600000,0.297
1188889200000,0.174
1188892800000,0.075
1188896400000,0.002
1188900000000,0.0
1188903600000,0.0
1188907200000,0.0
1188910800000,0.0
1188914400000,0.0
1188918000000,0.0
1188921600000,0.0
1188925200000,0.0
1188928800000,0.0
1188932400000,0.0
1188936000000,0.0
1188939600000,0.0
1188943200000,0.063
1188946800000,0.194
1188950400000,0.342
1188954000000,0.467
1188957600000,0.56
1188961200000,0.61
1188964800000,0.637
1188968400000,0.582
1188972000000,0.477
1188975600000,0.32
1188979200000,0.127
1188982800000,0.007
1188986400000,0.0
1188990000000,0.0
1188993600000,0.0
1188997200000,0.0
1189000800000,0.0
1189004400000,0.0
1189008000000,0.0
1189011600000,0.0
1189015200000,0.0
1189018800000,0.0
1189022400000,0.0
1189026000000,0.0
1189029600000,0.095
1189033200000,0.259
1189036800000,0.386
1189040400000,0.459
1189044000000,0.51
1189047600000,0.545
1189051200000,0.539
1189054800000,0.487
1189058400000,0.364
1189062000000,0.211
1189065600000,0.082
1189069200000,0.0
1189072800000,0.0
1189076400000,0.0
1189080000000,0.0
1189083600000,0.0
1189087200000,0.0
1189090800000,0.0
1189094400000,0.0
1189098000000,0.0
1189101600000,0.0
1189105200000,0.0
1189108800000,0.0
1189112400000,0.0
1189116000000,0.071
1189119600000,0.192
1189123200000,0.301
1189126800000,0.401
1189130400000,0.441
1189134000000,0.448
1189137600000,0.455
1189141200000,0.425
1189144800000,0.345
1189148400000,0.243
1189152000000,0.113
1189155600000,0.004
1189159200000,0.0
1189162800000,0.0
1189166400000,0.0
1189170000000,0.0
1189173600000,0.0
1189177200000,0.0
1189180800000,0.0
1189184400000,0.0
1189188000000,0.0
1189191600000,0.0
1189195200000,0.0
1189198800000,0.0
1189202400000,0.063
1189206000000,0.195
1189209600000,0.333
1189213200000,0.415
1189216800000,0.491
1189220400000,0.51
1189224000000,0.485
1189227600000,0.414
1189231200000,0.312
1189234800000,0.187
1189238400000,0.083
1189242000000,0.002
1189245600000,0.0
1189249200000,0.0
1189252800000,0.0
1189256400000,0.0
1189260000000,0.0
1189263600000,0.0
1189267200000,0.0
1189270800000,0.0
1189274400000,0.0
1189278000000,0.0
1189281600000,0.0
1189285200000,0.0
1189288800000,0.061
1189292400000,0.19
1189296000000,0.328
1189299600000,0.451
1189303200000,0.527
1189306800000,0.579
1189310400000,0.533
1189314000000,0.453
1189317600000,0.339
1189321200000,0.23
1189324800000,0.095
1189328400000,0.003
1189332000000,0.0
1189335600000,0.0
1189339200000,0.0
1189342800000,0.0
1189346400000,0.0
1189350000000,0.0
1189353600000,0.0
1189357200000,0.0
1189360800000,0.0
1189364400000,0.0
1189368000000,0.0
1189371600000,0.0
1189375200000,0.064
1189378800000,0.184
1189382400000,0.301
1189386000000,0.387
1189389600000,0.434
1189393200000,0.447
1189396800000,0.422
1189400400000,0.362
1189404000000,0.268
1189407600000,0.178
1189411200000,0.074
1189414800000,0.0
1189418400000,0.0
1189422000000,0.0
1189425600000,0.0
1189429200000,0.0
1189432800000,0.0
1189436400000,0.0
1189440000000,0.0
1189443600000,0.0
1189447200000,0.0
1189450800000,0.0
1189454400000,0.0
1189458000000,0.0
1189461600000,0.023
1189465200000,0.096
1189468800000,0.18
1189472400000,0.242
1189476000000,0.289
1189479600000,0.303
1189483200000,0.289
1189486800000,0.244
1189490400000,0.168
1189494000000,0.09
1189497600000,0.034
1189501200000,0.0
1189504800000,0.0
1189508400000,0.0
1189512000000,0.0
1189515600000,0.0
1189519200000,0.0
1189522800000,0.0
1189526400000,0.0
1189530000000,0.0
1189533600000,0.0
1189537200000,0.0
1189540800000,0.0
1189544400000,0.0
1189548000000,0.024
1189551600000,0.09
1189555200000,0.174
1189558800000,0.219
1189562400000,0.259
1189566000000,0.289
1189569600000,0.285
1189573200000,0.241
1189576800000,0.171
1189580400000,0.1
1189584000000,0.034
1189587600000,0.0
1189591200000,0.0
1189594800000,0.0
1189598400000,0.0
1189602000000,0.0
1189605600000,0.0
1189609200000,0.0
1189612800000,0.0
1189616400000,0.0
1189620000000,0.0
1189623600000,0.0
1189627200000,0.0
1189630800000,0.0
1189634400000,0.037
1189638000000,0.123
1189641600000,0.206
1189645200000,0.277
1189648800000,0.332
1189652400000,0.342
1189656000000,0.335
1189659600000,0.301
1189663200000,0.249
1189666800000,0.155
1189670400000,0.07
1189674000000,0.0
1189677600000,0.0
1189681200000,0.0
1189684800000,0.0
1189688400000,0.0
1189692000000,0.0
1189695600000,0.0
1189699200000,0.0
1189702800000,0.0
1189706400000,0.0
1189710000000,0.0
1189713600000,0.0
1189717200000,0.0
1189720800000,0.039
1189724400000,0.136
1189728000000,0.25
1189731600000,0.347
1189735200000,0.426
1189738800000,0.468
1189742400000,0.478
1189746000000,0.42
1189749600000,0.307
1189753200000,0.181
1189756800000,0.07
1189760400000,0.0
1189764000000,0.0
1189767600000,0.0
1189771200000,0.0
1189774800000,0.0
1189778400000,0.0
1189782000000,0.0
1189785600000,0.0
1189789200000,0.0
1189792800000,0.0
1189796400000,0.0
1189800000000,0.0
1189803600000,0.0
1189807200000,0.055
1189810800000,0.177
1189814400000,0.299
1189818000000,0.401
1189821600000,0.462
1189825200000,0.464
1189828800000,0.426
1189832400000,0.36
1189836000000,0.267
1189839600000,0.157
1189843200000,0.058
1189846800000,0.0
1189850400000,0.0
1189854000000,0.0
1189857600000,0.0
1189861200000,0.0
1189864800000,0.0
1189868400000,0.0
1189872000000,0.0
1189875600000,0.0
1189879200000,0.0
1189882800000,0.0
1189886400000,0.0
1189890000000,0.0
1189893600000,0.026
1189897200000,0.097
1189900800000,0.174
1189904400000,0.244
1189908000000,0.312
1189911600000,0.347
1189915200000,0.348
1189918800000,0.287
1189922400000,0.218
1189926000000,0.131
1189929600000,0.044
1189933200000,0.0
1189936800000,0.0
1189940400000,0.0
1189944000000,0.0
1189947600000,0.0
1189951200000,0.0
1189954800000,0.0
1189958400000,0.0
1189962000000,0.0
1189965600000,0.0
1189969200000,0.0
1189972800000,0.0
1189976400000,0.0
1189980000000,0.044
1189983600000,0.154
1189987200000,0.268
1189990800000,0.364
1189994400000,0.439
1189998000000,0.472
1190001600000,0.456
1190005200000,0.4
1190008800000,0.308
1190012400000,0.193
1190016000000,0.069
1190019600000,0.0
1190023200000,0.0
1190026800000,0.0
1190030400000,0.0
1190034000000,0.0
1190037600000,0.0
1190041200000,0.0
1190044800000,0.0
1190048400000,0.0
1190052000000,0.0
1190055600000,0.0
1190059200000,0.0
1190062800000,0.0
1190066400000,0.04
1190070000000,0.141
1190073600000,0.232
1190077200000,0.309
1190080800000,0.363
1190084400000,0.383
1190088000000,0.369
1190091600000,0.325
1190095200000,0.262
1190098800000,0.162
1190102400000,0.06
1190106000000,0.0
1190109600000,0.0
1190113200000,0.0
1190116800000,0.0
1190120400000,0.0
1190124000000,0.0
1190127600000,0.0
1190131200000,0.0
1190134800000,0.0
1190138400000,0.0
1190142000000,0.0
1190145600000,0.0
1190149200000,0.0
1190152800000,0.03
1190156400000,0.084
1190160000000,0.137
1190163600000,0.189
1190167200000,0.23
1190170800000,0.276
1190174400000,0.301
1190178000000,0.283
1190181600000,0.22
1190185200000,0.124
1190188800000,0.039
1190192400000,0.0
1190196000000,0.0
1190199600000,0.0
1190203200000,0.0
1190206800000,0.0
1190210400000,0.0
1190214000000,0.0
1190217600000,0.0
1190221200000,0.0
1190224800000,0.0
1190228400000,0.0
1190232000000,0.0
1190235600000,0.0
1190239200000,0.038
1190242800000,0.13
1190246400000,0.224
1190250000000,0.31
1190253600000,0.382
1190257200000,0.395
1190260800000,0.368
1190264400000,0.295
1190268000000,0.217
1190271600000,0.128
1190275200000,0.045
1190278800000,0.0
1190282400000,0.0
1190286000000,0.0
1190289600000,0.0
1190293200000,0.0
1190296800000,0.0
1190300400000,0.0
1190304000000,0.0
1190307600000,0.0
1190311200000,0.0
1190314800000,0.0
1190318400000,0.0
1190322000000,0.0
1190325600000,0.058
1190329200000,0.191
1190332800000,0.321
1190336400000,0.424
1190340000000,0.497
1190343600000,0.532
1190347200000,0.514
1190350800000,0.451
1190354400000,0.34
1190358000000,0.209
1190361600000,0.073
1190365200000,0.0
1190368800000,0.0
1190372400000,0.0
1190376000000,0.0
1190379600000,0.0
1190383200000,0.0
1190386800000,0.0
1190390400000,0.0
1190394000000,0.0
1190397600000,0.0
1190401200000,0.0
1190404800000,0.0
1190408400000,0.0
1190412000000,0.064
1190415600000,0.201
1190419200000,0.321
1190422800000,0.416
1190426400000,0.477
1190430000000,0.505
1190433600000,0.483
1190437200000,0.426
1190440800000,0.321
1190444400000,0.206
1190448000000,0.078
1190451600000,0.0
1190455200000,0.0
1190458800000,0.0
1190462400000,0.0
1190466000000,0.0
1190469600000,0.0
1190473200000,0.0
1190476800000,0.0
1190480400000,0.0
1190484000000,0.0
1190487600000,0.0
1190491200000,0.0
1190494800000,0.0
1190498400000,0.06
1190502000000,0.184
1190505600000,0.293
1190509200000,0.354
1190512800000,0.366
1190516400000,0.334
1190520000000,0.286
1190523600000,0.224
1190527200000,0.168
1190530800000,0.104
1190534400000,0.04
1190538000000,0.0
1190541600000,0.0
1190545200000,0.0
1190548800000,0.0
1190552400000,0.0
1190556000000,0.0
1190559600000,0.0
1190563200000,0.0
1190566800000,0.0
1190570400000,0.0
1190574000000,0.0
1190577600000,0.0
1190581200000,0.0
1190584800000,0.038
1190588400000,0.133
1190592000000,0.225
1190595600000,0.295
1190599200000,0.342
1190602800000,0.354
1190606400000,0.317
1190610000000,0.253
1190613600000,0.193
1190617200000,0.114
1190620800000,0.04
1190624400000,0.0
1190628000000,0.0
1190631600000,0.0
1190635200000,0.0
1190638800000,0.0
1190642400000,0.0
1190646000000,0.0
1190649600000,0.0
1190653200000,0.0
1190656800000,0.0
1190660400000,0.0
1190664000000,0.0
1190667600000,0.0
1190671200000,0.022
1190674800000,0.089
1190678400000,0.165
1190682000000,0.239
1190685600000,0.288
1190689200000,0.294
1190692800000,0.269
1190696400000,0.229
1190700000000,0.166
1190703600000,0.098
1190707200000,0.034
1190710800000,0.0
1190714400000,0.0
1190718000000,0.0
1190721600000,0.0
1190725200000,0.0
1190728800000,0.0
1190732400000,0.0
1190736000000,0.0
1190739600000,0.0
1190743200000,0.0
1190746800000,0.0
1190750400000,0.0
1190754000000,0.0
1190757600000,0.024
1190761200000,0.095
1190764800000,0.178
1190768400000,0.251
1190772000000,0.305
1190775600000,0.333
1190779200000,0.31
1190782800000,0.261
1190786400000,0.198
1190790000000,0.123
1190793600000,0.048
1190797200000,0.0
1190800800000,0.0
1190804400000,0.0
1190808000000,0.0
1190811600000,0.0
1190815200000,0.0
1190818800000,0.0
1190822400000,0.0
1190826000000,0.0
1190829600000,0.0
1190833200000,0.0
1190836800000,0.0
1190840400000,0.0
1190844000000,0.031
1190847600000,0.113
1190851200000,0.208
1190854800000,0.307
1190858400000,0.395
1190862000000,0.441
1190865600000,0.424
1190869200000,0.324
1190872800000,0.226
1190876400000,0.134
1190880000000,0.04
1190883600000,0.0
1190887200000,0.0
1190890800000,0.0
1190894400000,0.0
1190898000000,0.0
1190901600000,0.0
1190905200000,0.0
1190908800000,0.0
1190912400000,0.0
1190916000000,0.0
1190919600000,0.0
1190923200000,0.0
1190926800000,0.0
1190930400000,0.024
1190934000000,0.095
1190937600000,0.175
1190941200000,0.223
1190944800000,0.256
1190948400000,0.258
1190952000000,0.254
1190955600000,0.231
1190959200000,0.176
1190962800000,0.105
1190966400000,0.037
1190970000000,0.0
1190973600000,0.0
1190977200000,0.0
1190980800000,0.0
1190984400000,0.0
1190988000000,0.0
1190991600000,0.0
1190995200000,0.0
1190998800000,0.0
1191002400000,0.0
1191006000000,0.0
1191009600000,0.0
1191013200000,0.0
1191016800000,0.048
1191020400000,0.186
1191024000000,0.322
1191027600000,0.411
1191031200000,0.44
1191034800000,0.442
1191038400000,0.395
1191042000000,0.293
1191045600000,0.186
1191049200000,0.094
1191052800000,0.046
1191056400000,0.0
1191060000000,0.0
1191063600000,0.0
1191067200000,0.0
1191070800000,0.0
1191074400000,0.0
1191078000000,0.0
1191081600000,0.0
1191085200000,0.0
1191088800000,0.0
1191092400000,0.0
1191096000000,0.0
1191099600000,0.0
1191103200000,0.049
1191106800000,0.182
1191110400000,0.309
1191114000000,0.401
1191117600000,0.474
1191121200000,0.498
1191124800000,0.488
1191128400000,0.418
1191132000000,0.329
1191135600000,0.21
1191139200000,0.083
1191142800000,0.0
1191146400000,0.0
1191150000000,0.0
1191153600000,0.0
1191157200000,0.0
1191160800000,0.0
1191164400000,0.0
1191168000000,0.0
1191171600000,0.0
1191175200000,0.0
1191178800000,0.0
1191182400000,0.0
1191186000000,0.0
1191189600000,0.046
1191193200000,0.164
1191196800000,0.27
1191200400000,0.351
1191204000000,0.393
1191207600000,0.365
1191211200000,0.314
1191214800000,0.259
1191218400000,0.185
1191222000000,0.108
1191225600000,0.039
1191229200000,0.0
1191232800000,0.0
1191236400000,0.0
1191240000000,0.0
1191243600000,0.0
1191247200000,0.0
1191250800000,0.0
1191254400000,0.0
1191258000000,0.0
1191261600000,0.0
1191265200000,0.0
1191268800000,0.0
1191272400000,0.0
1191276000000,0.033
1191279600000,0.136
1191283200000,0.261
1191286800000,0.368
1191290400000,0.423
1191294000000,0.427
1191297600000,0.398
1191301200000,0.337
1191304800000,0.25
1191308400000,0.149
1191312000000,0.05
1191315600000,0.0
1191319200000,0.0
1191322800000,0.0
1191326400000,0.0
1191330000000,0.0
1191333600000,0.0
1191337200000,0.0
1191340800000,0.0
1191344400000,0.0
1191348000000,0.0
1191351600000,0.0
1191355200000,0.0
1191358800000,0.0
1191362400000,0.033
1191366000000,0.142
1191369600000,0.266
1191373200000,0.374
1191376800000,0.47
1191380400000,0.531
1191384000000,0.502
1191387600000,0.418
1191391200000,0.353
1191394800000,0.253
1191398400000,0.11
1191402000000,0.001
1191405600000,0.0
1191409200000,0.0
1191412800000,0.0
1191416400000,0.0
1191420000000,0.0
1191423600000,0.0
1191427200000,0.0
1191430800000,0.0
1191434400000,0.0
1191438000000,0.0
1191441600000,0.0
1191445200000,0.0
1191448800000,0.057
1191452400000,0.208
1191456000000,0.365
1191459600000,0.506
1191463200000,0.588
1191466800000,0.585
1191470400000,0.543
1191474000000,0.446
1191477600000,0.344
1191481200000,0.232
1191484800000,0.105
1191488400000,0.0
1191492000000,0.0
1191495600000,0.0
1191499200000,0.0
1191502800000,0.0
1191506400000,0.0
1191510000000,0.0
1191513600000,0.0
1191517200000,0.0
1191520800000,0.0
1191524400000,0.0
1191528000000,0.0
1191531600000,0.0
1191535200000,0.071
1191538800000,0.222
1191542400000,0.329
1191546000000,0.384
1191549600000,0.474
1191553200000,0.492
1191556800000,0.475
1191560400000,0.45
1191564000000,0.365
1191567600000,0.23
1191571200000,0.088
1191574800000,0.0
1191578400000,0.0
1191582000000,0.0
1191585600000,0.0
1191589200000,0.0
1191592800000,0.0
1191596400000,0.0
1191600000000,0.0
1191603600000,0.0
1191607200000,0.0
1191610800000,0.0
1191614400000,0.0
1191618000000,0.0
1191621600000,0.038
1191625200000,0.142
1191628800000,0.241
1191632400000,0.321
1191636000000,0.408
1191639600000,0.425
1191643200000,0.386
1191646800000,0.316
1191650400000,0.222
1191654000000,0.117
1191657600000,0.035
1191661200000,0.0
1191664800000,0.0
1191668400000,0.0
1191672000000,0.0
1191675600000,0.0
1191679200000,0.0
1191682800000,0.0
1191686400000,0.0
1191690000000,0.0
1191693600000,0.0
1191697200000,0.0
1191700800000,0.0
1191704400000,0.0
1191708000000,0.031
1191711600000,0.137
1191715200000,0.245
1191718800000,0.323
1191722400000,0.386
1191726000000,0.419
1191729600000,0.45
1191733200000,0.406
1191736800000,0.286
1191740400000,0.159
1191744000000,0.052
1191747600000,0.0
1191751200000,0.0
1191754800000,0.0
1191758400000,0.0
1191762000000,0.0
1191765600000,0.0
1191769200000,0.0
1191772800000,0.0
1191776400000,0.0
1191780000000,0.0
1191783600000,0.0
1191787200000,0.0
1191790800000,0.0
1191794400000,0.028
1191798000000,0.133
1191801600000,0.285
1191805200000,0.405
1191808800000,0.455
1191812400000,0.48
1191816000000,0.472
1191819600000,0.42
1191823200000,0.325
1191826800000,0.204
1191830400000,0.08
1191834000000,0.0
1191837600000,0.0
1191841200000,0.0
1191844800000,0.0
1191848400000,0.0
1191852000000,0.0
1191855600000,0.0
1191859200000,0.0
1191862800000,0.0
1191866400000,0.0
1191870000000,0.0
1191873600000,0.0
1191877200000,0.0
1191880800000,0.027
1191884400000,0.099
1191888000000,0.171
1191891600000,0.223
1191895200000,0.296
1191898800000,0.326
1191902400000,0.335
1191906000000,0.309
1191909600000,0.259
1191913200000,0.161
1191916800000,0.063
1191920400000,0.0
1191924000000,0.0
1191927600000,0.0
1191931200000,0.0
1191934800000,0.0
1191938400000,0.0
1191942000000,0.0
1191945600000,0.0
1191949200000,0.0
1191952800000,0.0
1191956400000,0.0
1191960000000,0.0
1191963600000,0.0
1191967200000,0.062
1191970800000,0.216
1191974400000,0.36
1191978000000,0.468
1191981600000,0.537
1191985200000,0.566
1191988800000,0.574
1191992400000,0.493
1191996000000,0.382
1191999600000,0.248
1192003200000,0.094
1192006800000,0.0
1192010400000,0.0
1192014000000,0.0
1192017600000,0.0
1192021200000,0.0
1192024800000,0.0
1192028400000,0.0
1192032000000,0.0
1192035600000,0.0
1192039200000,0.0
1192042800000,0.0
1192046400000,0.0
1192050000000,0.0
1192053600000,0.027
1192057200000,0.105
1192060800000,0.202
1192064400000,0.278
1192068000000,0.319
1192071600000,0.336
1192075200000,0.304
1192078800000,0.252
1192082400000,0.182
1192086000000,0.123
1192089600000,0.05
1192093200000,0.0
1192096800000,0.0
1192100400000,0.0
1192104000000,0.0
1192107600000,0.0
1192111200000,0.0
1192114800000,0.0
1192118400000,0.0
1192122000000,0.0
1192125600000,0.0
1192129200000,0.0
1192132800000,0.0
1192136400000,0.0
1192140000000,0.046
1192143600000,0.166
1192147200000,0.291
1192150800000,0.418
1192154400000,0.513
1192158000000,0.564
1192161600000,0.57
1192165200000,0.519
1192168800000,0.425
1192172400000,0.285
1192176000000,0.12
1192179600000,0.0
1192183200000,0.0
1192186800000,0.0
1192190400000,0.0
1192194000000,0.0
1192197600000,0.0
1192201200000,0.0
1192204800000,0.0
1192208400000,0.0
1192212000000,0.0
1192215600000,0.0
1192219200000,0.0
1192222800000,0.0
1192226400000,0.064
1192230000000,0.223
1192233600000,0.367
1192237200000,0.482
1192240800000,0.55
1192244400000,0.571
1192248000000,0.552
1192251600000,0.481
1192255200000,0.37
1192258800000,0.224
1192262400000,0.085
1192266000000,0.0
1192269600000,0.0
1192273200000,0.0
1192276800000,0.0
1192280400000,0.0
1192284000000,0.0
1192287600000,0.0
1192291200000,0.0
1192294800000,0.0
1192298400000,0.0
1192302000000,0.0
1192305600000,0.0
1192309200000,0.0
1192312800000,0.062
1192316400000,0.219
1192320000000,0.368
1192323600000,0.459
1192327200000,0.505
1192330800000,0.508
1192334400000,0.473
1192338000000,0.39
1192341600000,0.288
1192345200000,0.187
1192348800000,0.069
1192352400000,0.0
1192356000000,0.0
1192359600000,0.0
1192363200000,0.0
1192366800000,0.0
1192370400000,0.0
1192374000000,0.0
1192377600000,0.0
1192381200000,0.0
1192384800000,0.0
1192388400000,0.0
1192392000000,0.0
1192395600000,0.0
1192399200000,0.04
1192402800000,0.148
1192406400000,0.239
1192410000000,0.33
1192413600000,0.379
1192417200000,0.41
1192420800000,0.388
1192424400000,0.318
1192428000000,0.264
1192431600000,0.177
1192435200000,0.07
1192438800000,0.0
1192442400000,0.0
1192446000000,0.0
1192449600000,0.0
1192453200000,0.0
1192456800000,0.0
1192460400000,0.0
1192464000000,0.0
1192467600000,0.0
1192471200000,0.0
1192474800000,0.0
1192478400000,0.0
1192482000000,0.0
1192485600000,0.037
1192489200000,0.14
1192492800000,0.265
1192496400000,0.373
1192500000000,0.467
1192503600000,0.516
1192507200000,0.524
1192510800000,0.466
1192514400000,0.385
1192518000000,0.252
1192521600000,0.089
1192525200000,0.0
1192528800000,0.0
1192532400000,0.0
1192536000000,0.0
1192539600000,0.0
1192543200000,0.0
1192546800000,0.0
1192550400000,0.0
1192554000000,0.0
1192557600000,0.0
1192561200000,0.0
1192564800000,0.0
1192568400000,0.0
1192572000000,0.036
1192575600000,0.126
1192579200000,0.181
1192582800000,0.222
1192586400000,0.249
1192590000000,0.281
1192593600000,0.281
1192597200000,0.28
1192600800000,0.217
1192604400000,0.137
1192608000000,0.047
1192611600000,0.0
1192615200000,0.0
1192618800000,0.0
1192622400000,0.0
1192626000000,0.0
1192629600000,0.0
1192633200000,0.0
1192636800000,0.0
1192640400000,0.0
1192644000000,0.0
1192647600000,0.0
1192651200000,0.0
1192654800000,0.0
1192658400000,0.028
1192662000000,0.12
1192665600000,0.22
1192669200000,0.309
1192672800000,0.369
1192676400000,0.424
1192680000000,0.429
1192683600000,0.39
1192687200000,0.301
1192690800000,0.169
1192694400000,0.048
1192698000000,0.0
1192701600000,0.0
1192705200000,0.0
1192708800000,0.0
1192712400000,0.0
1192716000000,0.0
1192719600000,0.0
1192723200000,0.0
1192726800000,0.0
1192730400000,0.0
1192734000000,0.0
1192737600000,0.0
1192741200000,0.0
1192744800000,0.025
1192748400000,0.107
1192752000000,0.186
1192755600000,0.239
1192759200000,0.281
1192762800000,0.291
1192766400000,0.28
1192770000000,0.239
1192773600000,0.193
1192777200000,0.12
1192780800000,0.045
1192784400000,0.0
1192788000000,0.0
1192791600000,0.0
1192795200000,0.0
1192798800000,0.0
1192802400000,0.0
1192806000000,0.0
1192809600000,0.0
1192813200000,0.0
1192816800000,0.0
1192820400000,0.0
1192824000000,0.0
1192827600000,0.0
1192831200000,0.024
1192834800000,0.107
1192838400000,0.192
1192842000000,0.262
1192845600000,0.294
1192849200000,0.309
1192852800000,0.295
1192856400000,0.251
1192860000000,0.185
1192863600000,0.113
1192867200000,0.037
1192870800000,0.0
1192874400000,0.0
1192878000000,0.0
1192881600000,0.0
1192885200000,0.0
1192888800000,0.0
1192892400000,0.0
1192896000000,0.0
1192899600000,0.0
1192903200000,0.0
1192906800000,0.0
1192910400000,0.0
1192914000000,0.0
1192917600000,0.048
1192921200000,0.199
1192924800000,0.363
1192928400000,0.503
1192932000000,0.615
1192935600000,0.667
1192939200000,0.657
1192942800000,0.605
1192946400000,0.497
1192950000000,0.34
1192953600000,0.142
1192957200000,0.0
1192960800000,0.0
1192964400000,0.0
1192968000000,0.0
1192971600000,0.0
1192975200000,0.0
1192978800000,0.0
1192982400000,0.0
1192986000000,0.0
1192989600000,0.0
1192993200000,0.0
1192996800000,0.0
1193000400000,0.0
1193004000000,0.057
1193007600000,0.226
1193011200000,0.406
1193014800000,0.575
1193018400000,0.68
1193022000000,0.712
1193025600000,0.682
1193029200000,0.606
1193032800000,0.464
1193036400000,0.278
1193040000000,0.095
1193043600000,0.0
1193047200000,0.0
1193050800000,0.0
1193054400000,0.0
1193058000000,0.0
1193061600000,0.0
1193065200000,0.0
1193068800000,0.0
1193072400000,0.0
1193076000000,0.0
1193079600000,0.0
1193083200000,0.0
1193086800000,0.0
1193090400000,0.017
1193094000000,0.085
1193097600000,0.16
1193101200000,0.238
1193104800000,0.252
1193108400000,0.253
1193112000000,0.242
1193115600000,0.205
1193119200000,0.143
1193122800000,0.074
1193126400000,0.018
1193130000000,0.0
1193133600000,0.0
1193137200000,0.0
1193140800000,0.0
1193144400000,0.0
1193148000000,0.0
1193151600000,0.0
1193155200000,0.0
1193158800000,0.0
1193162400000,0.0
1193166000000,0.0
1193169600000,0.0
1193173200000,0.0
1193176800000,0.022
1193180400000,0.119
1193184000000,0.26
1193187600000,0.39
1193191200000,0.469
1193194800000,0.504
1193198400000,0.498
1193202000000,0.453
1193205600000,0.356
1193209200000,0.225
1193212800000,0.083
1193216400000,0.0
1193220000000,0.0
1193223600000,0.0
1193227200000,0.0
1193230800000,0.0
1193234400000,0.0
1193238000000,0.0
1193241600000,0.0
1193245200000,0.0
1193248800000,0.0
1193252400000,0.0
1193256000000,0.0
1193259600000,0.0
1193263200000,0.019
1193266800000,0.091
1193270400000,0.171
1193274000000,0.233
1193277600000,0.273
1193281200000,0.278
1193284800000,0.269
1193288400000,0.245
1193292000000,0.198
1193295600000,0.126
1193299200000,0.045
1193302800000,0.0
1193306400000,0.0
1193310000000,0.0
1193313600000,0.0
1193317200000,0.0
1193320800000,0.0
1193324400000,0.0
1193328000000,0.0
1193331600000,0.0
1193335200000,0.0
1193338800000,0.0
1193342400000,0.0
1193346000000,0.0
1193349600000,0.032
1193353200000,0.143
1193356800000,0.252
1193360400000,0.338
1193364000000,0.405
1193367600000,0.422
1193371200000,0.396
1193374800000,0.347
1193378400000,0.252
1193382000000,0.152
1193385600000,0.057
1193389200000,0.0
1193392800000,0.0
1193396400000,0.0
1193400000000,0.0
1193403600000,0.0
1193407200000,0.0
1193410800000,0.0
1193414400000,0.0
1193418000000,0.0
1193421600000,0.0
1193425200000,0.0
1193428800000,0.0
1193432400000,0.0
1193436000000,0.014
1193439600000,0.061
1193443200000,0.138
1193446800000,0.201
1193450400000,0.241
1193454000000,0.26
1193457600000,0.258
1193461200000,0.236
1193464800000,0.171
1193468400000,0.072
1193472000000,0.012
1193475600000,0.0
1193479200000,0.0
1193482800000,0.0
1193486400000,0.0
1193490000000,0.0
1193493600000,0.0
1193497200000,0.0
1193500800000,0.0
1193504400000,0.0
1193508000000,0.0
1193511600000,0.0
1193515200000,0.0
1193518800000,0.0
1193522400000,0.03
1193526000000,0.14
1193529600000,0.237
1193533200000,0.256
1193536800000,0.208
1193540400000,0.235
1193544000000,0.179
1193547600000,0.167
1193551200000,0.138
1193554800000,0.076
1193558400000,0.018
1193562000000,0.0
1193565600000,0.0
1193569200000,0.0
1193572800000,0.0
1193576400000,0.0
1193580000000,0.0
1193583600000,0.0
1193587200000,0.0
1193590800000,0.0
1193594400000,0.0
1193598000000,0.0
1193601600000,0.0
1193605200000,0.0
1193608800000,0.02
1193612400000,0.1
1193616000000,0.181
1193619600000,0.251
1193623200000,0.286
1193626800000,0.286
1193630400000,0.273
1193634000000,0.256
1193637600000,0.202
1193641200000,0.131
1193644800000,0.05
1193648400000,0.0
1193652000000,0.0
1193655600000,0.0
1193659200000,0.0
1193662800000,0.0
1193666400000,0.0
1193670000000,0.0
1193673600000,0.0
1193677200000,0.0
1193680800000,0.0
1193684400000,0.0
1193688000000,0.0
1193691600000,0.0
1193695200000,0.029
1193698800000,0.092
1193702400000,0.176
1193706000000,0.266
1193709600000,0.306
1193713200000,0.318
1193716800000,0.276
1193720400000,0.239
1193724000000,0.191
1193727600000,0.118
1193731200000,0.04
1193734800000,0.0
1193738400000,0.0
1193742000000,0.0
1193745600000,0.0
1193749200000,0.0
1193752800000,0.0
1193756400000,0.0
1193760000000,0.0
1193763600000,0.0
1193767200000,0.0
1193770800000,0.0
1193774400000,0.0
1193778000000,0.0
1193781600000,0.021
1193785200000,0.111
1193788800000,0.225
1193792400000,0.329
1193796000000,0.436
1193799600000,0.463
1193803200000,0.416
1193806800000,0.342
1193810400000,0.259
1193814000000,0.151
1193817600000,0.054
1193821200000,0.0
1193824800000,0.0
1193828400000,0.0
1193832000000,0.0
1193835600000,0.0
1193839200000,0.0
1193842800000,0.0
1193846400000,0.0
1193850000000,0.0
1193853600000,0.0
1193857200000,0.0
1193860800000,0.0
1193864400000,0.0
1193868000000,0.041
1193871600000,0.175
1193875200000,0.329
1193878800000,0.492
1193882400000,0.592
1193886000000,0.635
1193889600000,0.624
1193893200000,0.543
1193896800000,0.422
1193900400000,0.251
1193904000000,0.085
1193907600000,0.0
1193911200000,0.0
1193914800000,0.0
1193918400000,0.0
1193922000000,0.0
1193925600000,0.0
1193929200000,0.0
1193932800000,0.0
1193936400000,0.0
1193940000000,0.0
1193943600000,0.0
1193947200000,0.0
1193950800000,0.0
1193954400000,0.039
1193958000000,0.172
1193961600000,0.334
1193965200000,0.467
1193968800000,0.525
1193972400000,0.531
1193976000000,0.49
1193979600000,0.424
1193983200000,0.307
1193986800000,0.175
1193990400000,0.053
1193994000000,0.0
1193997600000,0.0
1194001200000,0.0
1194004800000,0.0
1194008400000,0.0
1194012000000,0.0
1194015600000,0.0
1194019200000,0.0
1194022800000,0.0
1194026400000,0.0
1194030000000,0.0
1194033600000,0.0
1194037200000,0.0
1194040800000,0.009
1194044400000,0.074
1194048000000,0.143
1194051600000,0.212
1194055200000,0.256
1194058800000,0.254
1194062400000,0.244
1194066000000,0.205
1194069600000,0.15
1194073200000,0.092
1194076800000,0.029
1194080400000,0.0
1194084000000,0.0
1194087600000,0.0
1194091200000,0.0
1194094800000,0.0
1194098400000,0.0
1194102000000,0.0
1194105600000,0.0
1194109200000,0.0
1194112800000,0.0
1194116400000,0.0
1194120000000,0.0
1194123600000,0.0
1194127200000,0.019
1194130800000,0.103
1194134400000,0.192
1194138000000,0.282
1194141600000,0.365
1194145200000,0.434
1194148800000,0.452
1194152400000,0.408
1194156000000,0.292
1194159600000,0.162
1194163200000,0.048
1194166800000,0.0
1194170400000,0.0
1194174000000,0.0
1194177600000,0.0
1194181200000,0.0
1194184800000,0.0
1194188400000,0.0
1194192000000,0.0
1194195600000,0.0
1194199200000,0.0
1194202800000,0.0
1194206400000,0.0
1194210000000,0.0
1194213600000,0.04
1194217200000,0.17
1194220800000,0.283
1194224400000,0.351
1194228000000,0.373
1194231600000,0.369
1194235200000,0.337
1194238800000,0.267
1194242400000,0.189
1194246000000,0.11
1194249600000,0.035
1194253200000,0.0
1194256800000,0.0
1194260400000,0.0
1194264000000,0.0
1194267600000,0.0
1194271200000,0.0
1194274800000,0.0
1194278400000,0.0
1194282000000,0.0
1194285600000,0.0
1194289200000,0.0
1194292800000,0.0
1194296400000,0.0
1194300000000,0.035
1194303600000,0.161
1194307200000,0.295
1194310800000,0.412
1194314400000,0.461
1194318000000,0.47
1194321600000,0.479
1194325200000,0.425
1194328800000,0.337
1194332400000,0.206
1194336000000,0.067
1194339600000,0.0
1194343200000,0.0
1194346800000,0.0
1194350400000,0.0
1194354000000,0.0
1194357600000,0.0
1194361200000,0.0
1194364800000,0.0
1194368400000,0.0
1194372000000,0.0
1194375600000,0.0
1194379200000,0.0
1194382800000,0.0
1194386400000,0.034
1194390000000,0.152
1194393600000,0.267
1194397200000,0.343
1194400800000,0.376
1194404400000,0.382
1194408000000,0.367
1194411600000,0.287
1194415200000,0.212
1194418800000,0.116
1194422400000,0.035
1194426000000,0.0
1194429600000,0.0
1194433200000,0.0
1194436800000,0.0
1194440400000,0.0
1194444000000,0.0
1194447600000,0.0
1194451200000,0.0
1194454800000,0.0
1194458400000,0.0
1194462000000,0.0
1194465600000,0.0
1194469200000,0.0
1194472800000,0.045
1194476400000,0.194
1194480000000,0.345
1194483600000,0.45
1194487200000,0.512
1194490800000,0.549
1194494400000,0.521
1194498000000,0.474
1194501600000,0.38
1194505200000,0.235
1194508800000,0.082
1194512400000,0.0
1194516000000,0.0
1194519600000,0.0
1194523200000,0.0
1194526800000,0.0
1194530400000,0.0
1194534000000,0.0
1194537600000,0.0
1194541200000,0.0
1194544800000,0.0
1194548400000,0.0
1194552000000,0.0
1194555600000,0.0
1194559200000,0.059
1194562800000,0.237
1194566400000,0.441
1194570000000,0.562
1194573600000,0.631
1194577200000,0.652
1194580800000,0.621
1194584400000,0.538
1194588000000,0.418
1194591600000,0.256
1194595200000,0.096
1194598800000,0.0
1194602400000,0.0
1194606000000,0.0
1194609600000,0.0
1194613200000,0.0
1194616800000,0.0
1194620400000,0.0
1194624000000,0.0
1194627600000,0.0
1194631200000,0.0
1194634800000,0.0
1194638400000,0.0
1194642000000,0.0
1194645600000,0.065
1194649200000,0.235
1194652800000,0.397
1194656400000,0.496
1194660000000,0.542
1194663600000,0.542
1194667200000,0.48
1194670800000,0.388
1194674400000,0.268
1194678000000,0.144
1194681600000,0.039
1194685200000,0.0
1194688800000,0.0
1194692400000,0.0
1194696000000,0.0
1194699600000,0.0
1194703200000,0.0
1194706800000,0.0
1194710400000,0.0
1194714000000,0.0
1194717600000,0.0
1194721200000,0.0
1194724800000,0.0
1194728400000,0.0
1194732000000,0.032
1194735600000,0.167
1194739200000,0.327
1194742800000,0.456
1194746400000,0.52
1194750000000,0.554
1194753600000,0.504
1194757200000,0.398
1194760800000,0.267
1194764400000,0.122
1194768000000,0.031
1194771600000,0.0
1194775200000,0.0
1194778800000,0.0
1194782400000,0.0
1194786000000,0.0
1194789600000,0.0
1194793200000,0.0
1194796800000,0.0
1194800400000,0.0
1194804000000,0.0
1194807600000,0.0
1194811200000,0.0
1194814800000,0.0
1194818400000,0.013
1194822000000,0.099
1194825600000,0.196
1194829200000,0.265
1194832800000,0.326
1194836400000,0.326
1194840000000,0.32
1194843600000,0.313
1194847200000,0.253
1194850800000,0.164
1194854400000,0.054
1194858000000,0.0
1194861600000,0.0
1194865200000,0.0
1194868800000,0.0
1194872400000,0.0
1194876000000,0.0
1194879600000,0.0
1194883200000,0.0
1194886800000,0.0
1194890400000,0.0
1194894000000,0.0
1194897600000,0.0
1194901200000,0.0
1194904800000,0.018
1194908400000,0.108
1194912000000,0.227
1194915600000,0.311
1194919200000,0.355
1194922800000,0.378
1194926400000,0.358
1194930000000,0.319
1194933600000,0.224
1194937200000,0.118
1194940800000,0.034
1194944400000,0.0
1194948000000,0.0
1194951600000,0.0
1194955200000,0.0
1194958800000,0.0
1194962400000,0.0
1194966000000,0.0
1194969600000,0.0
1194973200000,0.0
1194976800000,0.0
1194980400000,0.0
1194984000000,0.0
1194987600000,0.0
1194991200000,0.0
1194994800000,0.032
1194998400000,0.093
1195002000000,0.16
1195005600000,0.165
1195009200000,0.177
1195012800000,0.182
1195016400000,0.188
1195020000000,0.142
1195023600000,0.061
1195027200000,0.01
1195030800000,0.0
1195034400000,0.0
1195038000000,0.0
1195041600000,0.0
1195045200000,0.0
1195048800000,0.0
1195052400000,0.0
1195056000000,0.0
1195059600000,0.0
1195063200000,0.0
1195066800000,0.0
1195070400000,0.0
1195074000000,0.0
1195077600000,0.014
1195081200000,0.085
1195084800000,0.165
1195088400000,0.241
1195092000000,0.285
1195095600000,0.301
1195099200000,0.291
1195102800000,0.274
1195106400000,0.262
1195110000000,0.183
1195113600000,0.062
1195117200000,0.0
1195120800000,0.0
1195124400000,0.0
1195128000000,0.0
1195131600000,0.0
1195135200000,0.0
1195138800000,0.0
1195142400000,0.0
1195146000000,0.0
1195149600000,0.0
1195153200000,0.0
1195156800000,0.0
1195160400000,0.0
1195164000000,0.022
1195167600000,0.123
1195171200000,0.238
1195174800000,0.319
1195178400000,0.367
1195182000000,0.334
1195185600000,0.281
1195189200000,0.196
1195192800000,0.126
1195196400000,0.067
1195200000000,0.017
1195203600000,0.0
1195207200000,0.0
1195210800000,0.0
1195214400000,0.0
1195218000000,0.0
1195221600000,0.0
1195225200000,0.0
1195228800000,0.0
1195232400000,0.0
1195236000000,0.0
1195239600000,0.0
1195243200000,0.0
1195246800000,0.0
1195250400000,0.005
1195254000000,0.052
1195257600000,0.111
1195261200000,0.16
1195264800000,0.188
1195268400000,0.21
1195272000000,0.226
1195275600000,0.217
1195279200000,0.183
1195282800000,0.13
1195286400000,0.042
1195290000000,0.0
1195293600000,0.0
1195297200000,0.0
1195300800000,0.0
1195304400000,0.0
1195308000000,0.0
1195311600000,0.0
1195315200000,0.0
1195318800000,0.0
1195322400000,0.0
1195326000000,0.0
1195329600000,0.0
1195333200000,0.0
1195336800000,0.046
1195340400000,0.224
1195344000000,0.396
1195347600000,0.541
1195351200000,0.64
1195354800000,0.608
1195358400000,0.492
1195362000000,0.399
1195365600000,0.283
1195369200000,0.141
1195372800000,0.034
1195376400000,0.0
1195380000000,0.0
1195383600000,0.0
1195387200000,0.0
1195390800000,0.0
1195394400000,0.0
1195398000000,0.0
1195401600000,0.0
1195405200000,0.0
1195408800000,0.0
1195412400000,0.0
1195416000000,0.0
1195419600000,0.0
1195423200000,0.01
1195426800000,0.078
1195430400000,0.156
1195434000000,0.205
1195437600000,0.232
1195441200000,0.216
1195444800000,0.225
1195448400000,0.21
1195452000000,0.155
1195455600000,0.083
1195459200000,0.019
1195462800000,0.0
1195466400000,0.0
1195470000000,0.0
1195473600000,0.0
1195477200000,0.0
1195480800000,0.0
1195484400000,0.0
1195488000000,0.0
1195491600000,0.0
1195495200000,0.0
1195498800000,0.0
1195502400000,0.0
1195506000000,0.0
1195509600000,0.008
1195513200000,0.077
1195516800000,0.159
1195520400000,0.158
1195524000000,0.135
1195527600000,0.136
1195531200000,0.124
1195534800000,0.106
1195538400000,0.09
1195542000000,0.047
1195545600000,0.009
1195549200000,0.0
1195552800000,0.0
1195556400000,0.0
1195560000000,0.0
1195563600000,0.0
1195567200000,0.0
1195570800000,0.0
1195574400000,0.0
1195578000000,0.0
1195581600000,0.0
1195585200000,0.0
1195588800000,0.0
1195592400000,0.0
1195596000000,0.006
1195599600000,0.076
1195603200000,0.17
1195606800000,0.266
1195610400000,0.367
1195614000000,0.391
1195617600000,0.396
1195621200000,0.343
1195624800000,0.251
1195628400000,0.138
1195632000000,0.035
1195635600000,0.0
1195639200000,0.0
1195642800000,0.0
1195646400000,0.0
1195650000000,0.0
1195653600000,0.0
1195657200000,0.0
1195660800000,0.0
1195664400000,0.0
1195668000000,0.0
1195671600000,0.0
1195675200000,0.0
1195678800000,0.0
1195682400000,0.016
1195686000000,0.115
1195689600000,0.236
1195693200000,0.342
1195696800000,0.418
1195700400000,0.451
1195704000000,0.444
1195707600000,0.362
1195711200000,0.25
1195714800000,0.122
1195718400000,0.031
1195722000000,0.0
1195725600000,0.0
1195729200000,0.0
1195732800000,0.0
1195736400000,0.0
1195740000000,0.0
1195743600000,0.0
1195747200000,0.0
1195750800000,0.0
1195754400000,0.0
1195758000000,0.0
1195761600000,0.0
1195765200000,0.0
1195768800000,0.003
1195772400000,0.061
1195776000000,0.123
1195779600000,0.152
1195783200000,0.195
1195786800000,0.242
1195790400000,0.283
1195794000000,0.259
1195797600000,0.197
1195801200000,0.11
1195804800000,0.03
1195808400000,0.0
1195812000000,0.0
1195815600000,0.0
1195819200000,0.0
1195822800000,0.0
1195826400000,0.0
1195830000000,0.0
1195833600000,0.0
1195837200000,0.0
1195840800000,0.0
1195844400000,0.0
1195848000000,0.0
1195851600000,0.0
1195855200000,0.023
1195858800000,0.155
1195862400000,0.356
1195866000000,0.505
1195869600000,0.57
1195873200000,0.554
1195876800000,0.438
1195880400000,0.368
1195884000000,0.312
1195887600000,0.194
1195891200000,0.065
1195894800000,0.0
1195898400000,0.0
1195902000000,0.0
1195905600000,0.0
1195909200000,0.0
1195912800000,0.0
1195916400000,0.0
1195920000000,0.0
1195923600000,0.0
1195927200000,0.0
1195930800000,0.0
1195934400000,0.0
1195938000000,0.0
1195941600000,0.032
1195945200000,0.185
1195948800000,0.375
1195952400000,0.517
1195956000000,0.603
1195959600000,0.619
1195963200000,0.551
1195966800000,0.472
1195970400000,0.376
1195974000000,0.225
1195977600000,0.077
1195981200000,0.0
1195984800000,0.0
1195988400000,0.0
1195992000000,0.0
1195995600000,0.0
1195999200000,0.0
1196002800000,0.0
1196006400000,0.0
1196010000000,0.0
1196013600000,0.0
1196017200000,0.0
1196020800000,0.0
1196024400000,0.0
1196028000000,0.03
1196031600000,0.157
1196035200000,0.294
1196038800000,0.408
1196042400000,0.474
1196046000000,0.511
1196049600000,0.506
1196053200000,0.463
1196056800000,0.371
1196060400000,0.233
1196064000000,0.075
1196067600000,0.0
1196071200000,0.0
1196074800000,0.0
1196078400000,0.0
1196082000000,0.0
1196085600000,0.0
1196089200000,0.0
1196092800000,0.0
1196096400000,0.0
1196100000000,0.0
1196103600000,0.0
1196107200000,0.0
1196110800000,0.0
1196114400000,0.037
1196118000000,0.178
1196121600000,0.305
1196125200000,0.401
1196128800000,0.442
1196132400000,0.44
1196136000000,0.452
1196139600000,0.415
1196143200000,0.325
1196146800000,0.207
1196150400000,0.07
1196154000000,0.0
1196157600000,0.0
1196161200000,0.0
1196164800000,0.0
1196168400000,0.0
1196172000000,0.0
1196175600000,0.0
1196179200000,0.0
1196182800000,0.0
1196186400000,0.0
1196190000000,0.0
1196193600000,0.0
1196197200000,0.0
1196200800000,0.01
1196204400000,0.082
1196208000000,0.17
1196211600000,0.216
1196215200000,0.237
1196218800000,0.294
1196222400000,0.311
1196226000000,0.279
1196229600000,0.208
1196233200000,0.138
1196236800000,0.061
1196240400000,0.0
1196244000000,0.0
1196247600000,0.0
1196251200000,0.0
1196254800000,0.0
1196258400000,0.0
1196262000000,0.0
1196265600000,0.0
1196269200000,0.0
1196272800000,0.0
1196276400000,0.0
1196280000000,0.0
1196283600000,0.0
1196287200000,0.02
1196290800000,0.135
1196294400000,0.31
1196298000000,0.481
1196301600000,0.561
1196305200000,0.564
1196308800000,0.542
1196312400000,0.54
1196316000000,0.466
1196319600000,0.301
1196323200000,0.098
1196326800000,0.0
1196330400000,0.0
1196334000000,0.0
1196337600000,0.0
1196341200000,0.0
1196344800000,0.0
1196348400000,0.0
1196352000000,0.0
1196355600000,0.0
1196359200000,0.0
1196362800000,0.0
1196366400000,0.0
1196370000000,0.0
1196373600000,0.045
1196377200000,0.204
1196380800000,0.373
1196384400000,0.51
1196388000000,0.596
1196391600000,0.63
1196395200000,0.622
1196398800000,0.555
1196402400000,0.407
1196406000000,0.257
1196409600000,0.074
1196413200000,0.0
1196416800000,0.0
1196420400000,0.0
1196424000000,0.0
1196427600000,0.0
1196431200000,0.0
1196434800000,0.0
1196438400000,0.0
1196442000000,0.0
1196445600000,0.0
1196449200000,0.0
1196452800000,0.0
1196456400000,0.0
1196460000000,0.044
1196463600000,0.218
1196467200000,0.402
1196470800000,0.551
1196474400000,0.634
1196478000000,0.678
1196481600000,0.661
1196485200000,0.574
1196488800000,0.429
1196492400000,0.267
1196496000000,0.087
1196499600000,0.0
1196503200000,0.0
1196506800000,0.0
1196510400000,0.0
1196514000000,0.0
1196517600000,0.0
1196521200000,0.0
1196524800000,0.0
1196528400000,0.0
1196532000000,0.0
1196535600000,0.0
1196539200000,0.0
1196542800000,0.0
1196546400000,0.045
1196550000000,0.233
1196553600000,0.404
1196557200000,0.521
1196560800000,0.595
1196564400000,0.586
1196568000000,0.488
1196571600000,0.36
1196575200000,0.224
1196578800000,0.132
1196582400000,0.036
1196586000000,0.0
1196589600000,0.0
1196593200000,0.0
1196596800000,0.0
1196600400000,0.0
1196604000000,0.0
1196607600000,0.0
1196611200000,0.0
1196614800000,0.0
1196618400000,0.0
1196622000000,0.0
1196625600000,0.0
1196629200000,0.0
1196632800000,0.007
1196636400000,0.073
1196640000000,0.161
1196643600000,0.249
1196647200000,0.348
1196650800000,0.439
1196654400000,0.492
1196658000000,0.464
1196661600000,0.355
1196665200000,0.203
1196668800000,0.055
1196672400000,0.0
1196676000000,0.0
1196679600000,0.0
1196683200000,0.0
1196686800000,0.0
1196690400000,0.0
1196694000000,0.0
1196697600000,0.0
1196701200000,0.0
1196704800000,0.0
1196708400000,0.0
1196712000000,0.0
1196715600000,0.0
1196719200000,0.025
1196722800000,0.14
1196726400000,0.241
1196730000000,0.314
1196733600000,0.327
1196737200000,0.317
1196740800000,0.291
1196744400000,0.241
1196748000000,0.174
1196751600000,0.088
1196755200000,0.018
1196758800000,0.0
1196762400000,0.0
1196766000000,0.0
1196769600000,0.0
1196773200000,0.0
1196776800000,0.0
1196780400000,0.0
1196784000000,0.0
1196787600000,0.0
1196791200000,0.0
1196794800000,0.0
1196798400000,0.0
1196802000000,0.0
1196805600000,0.006
1196809200000,0.062
1196812800000,0.129
1196816400000,0.189
1196820000000,0.231
1196823600000,0.224
1196827200000,0.193
1196830800000,0.152
1196834400000,0.103
1196838000000,0.054
1196841600000,0.01
1196845200000,0.0
1196848800000,0.0
1196852400000,0.0
1196856000000,0.0
1196859600000,0.0
1196863200000,0.0
1196866800000,0.0
1196870400000,0.0
1196874000000,0.0
1196877600000,0.0
1196881200000,0.0
1196884800000,0.0
1196888400000,0.0
1196892000000,0.01
1196895600000,0.081
1196899200000,0.161
1196902800000,0.234
1196906400000,0.293
1196910000000,0.309
1196913600000,0.291
1196917200000,0.232
1196920800000,0.141
1196924400000,0.076
1196928000000,0.025
1196931600000,0.0
1196935200000,0.0
1196938800000,0.0
1196942400000,0.0
1196946000000,0.0
1196949600000,0.0
1196953200000,0.0
1196956800000,0.0
1196960400000,0.0
1196964000000,0.0
1196967600000,0.0
1196971200000,0.0
1196974800000,0.0
1196978400000,0.016
1196982000000,0.104
1196985600000,0.2
1196989200000,0.279
1196992800000,0.325
1196996400000,0.344
1197000000000,0.332
1197003600000,0.28
1197007200000,0.203
1197010800000,0.118
1197014400000,0.039
1197018000000,0.0
1197021600000,0.0
1197025200000,0.0
1197028800000,0.0
1197032400000,0.0
1197036000000,0.0
1197039600000,0.0
1197043200000,0.0
1197046800000,0.0
1197050400000,0.0
1197054000000,0.0
1197057600000,0.0
1197061200000,0.0
1197064800000,0.015
1197068400000,0.105
1197072000000,0.2
1197075600000,0.289
1197079200000,0.349
1197082800000,0.367
1197086400000,0.32
1197090000000,0.268
1197093600000,0.188
1197097200000,0.105
1197100800000,0.025
1197104400000,0.0
1197108000000,0.0
1197111600000,0.0
1197115200000,0.0
1197118800000,0.0
1197122400000,0.0
1197126000000,0.0
1197129600000,0.0
1197133200000,0.0
1197136800000,0.0
1197140400000,0.0
1197144000000,0.0
1197147600000,0.0
1197151200000,0.03
1197154800000,0.166
1197158400000,0.31
1197162000000,0.41
1197165600000,0.462
1197169200000,0.463
1197172800000,0.43
1197176400000,0.38
1197180000000,0.285
1197183600000,0.176
1197187200000,0.055
1197190800000,0.0
1197194400000,0.0
1197198000000,0.0
1197201600000,0.0
1197205200000,0.0
1197208800000,0.0
1197212400000,0.0
1197216000000,0.0
1197219600000,0.0
1197223200000,0.0
1197226800000,0.0
1197230400000,0.0
1197234000000,0.0
1197237600000,0.006
1197241200000,0.072
1197244800000,0.138
1197248400000,0.203
1197252000000,0.32
1197255600000,0.38
1197259200000,0.438
1197262800000,0.447
1197266400000,0.39
1197270000000,0.251
1197273600000,0.091
1197277200000,0.0
1197280800000,0.0
1197284400000,0.0
1197288000000,0.0
1197291600000,0.0
1197295200000,0.0
1197298800000,0.0
1197302400000,0.0
1197306000000,0.0
1197309600000,0.0
1197313200000,0.0
1197316800000,0.0
1197320400000,0.0
1197324000000,0.045
1197327600000,0.221
1197331200000,0.416
1197334800000,0.558
1197338400000,0.647
1197342000000,0.679
1197345600000,0.633
1197349200000,0.575
1197352800000,0.478
1197356400000,0.302
1197360000000,0.114
1197363600000,0.0
1197367200000,0.0
1197370800000,0.0
1197374400000,0.0
1197378000000,0.0
1197381600000,0.0
1197385200000,0.0
1197388800000,0.0
1197392400000,0.0
1197396000000,0.0
1197399600000,0.0
1197403200000,0.0
1197406800000,0.0
1197410400000,0.039
1197414000000,0.214
1197417600000,0.394
1197421200000,0.548
1197424800000,0.633
1197428400000,0.659
1197432000000,0.634
1197435600000,0.567
1197439200000,0.444
1197442800000,0.291
1197446400000,0.11
1197450000000,0.0
1197453600000,0.0
1197457200000,0.0
1197460800000,0.0
1197464400000,0.0
1197468000000,0.0
1197471600000,0.0
1197475200000,0.0
1197478800000,0.0
1197482400000,0.0
1197486000000,0.0
1197489600000,0.0
1197493200000,0.0
1197496800000,0.048
1197500400000,0.234
1197504000000,0.405
1197507600000,0.515
1197511200000,0.563
1197514800000,0.579
1197518400000,0.575
1197522000000,0.517
1197525600000,0.396
1197529200000,0.233
1197532800000,0.078
1197536400000,0.0
1197540000000,0.0
1197543600000,0.0
1197547200000,0.0
1197550800000,0.0
1197554400000,0.0
1197558000000,0.0
1197561600000,0.0
1197565200000,0.0
1197568800000,0.0
1197572400000,0.0
1197576000000,0.0
1197579600000,0.0
1197583200000,0.02
1197586800000,0.119
1197590400000,0.216
1197594000000,0.306
1197597600000,0.379
1197601200000,0.407
1197604800000,0.399
1197608400000,0.377
1197612000000,0.312
1197615600000,0.204
1197619200000,0.073
1197622800000,0.0
1197626400000,0.0
1197630000000,0.0
1197633600000,0.0
1197637200000,0.0
1197640800000,0.0
1197644400000,0.0
1197648000000,0.0
1197651600000,0.0
1197655200000,0.0
1197658800000,0.0
1197662400000,0.0
1197666000000,0.0
1197669600000,0.034
1197673200000,0.194
1197676800000,0.351
1197680400000,0.455
1197684000000,0.505
1197687600000,0.54
1197691200000,0.523
1197694800000,0.461
1197698400000,0.349
1197702000000,0.187
1197705600000,0.048
1197709200000,0.0
1197712800000,0.0
1197716400000,0.0
1197720000000,0.0
1197723600000,0.0
1197727200000,0.0
1197730800000,0.0
1197734400000,0.0
1197738000000,0.0
1197741600000,0.0
1197745200000,0.0
1197748800000,0.0
1197752400000,0.0
1197756000000,0.023
1197759600000,0.136
1197763200000,0.266
1197766800000,0.39
1197770400000,0.456
1197774000000,0.473
1197777600000,0.441
1197781200000,0.34
1197784800000,0.231
1197788400000,0.131
1197792000000,0.038
1197795600000,0.0
1197799200000,0.0
1197802800000,0.0
1197806400000,0.0
1197810000000,0.0
1197813600000,0.0
1197817200000,0.0
1197820800000,0.0
1197824400000,0.0
1197828000000,0.0
1197831600000,0.0
1197835200000,0.0
1197838800000,0.0
1197842400000,0.04
1197846000000,0.218
1197849600000,0.426
1197853200000,0.557
1197856800000,0.622
1197860400000,0.644
1197864000000,0.622
1197867600000,0.557
1197871200000,0.436
1197874800000,0.27
1197878400000,0.098
1197882000000,0.0
1197885600000,0.0
1197889200000,0.0
1197892800000,0.0
1197896400000,0.0
1197900000000,0.0
1197903600000,0.0
1197907200000,0.0
1197910800000,0.0
1197914400000,0.0
1197918000000,0.0
1197921600000,0.0
1197925200000,0.0
1197928800000,0.058
1197932400000,0.263
1197936000000,0.451
1197939600000,0.584
1197943200000,0.667
1197946800000,0.698
1197950400000,0.676
1197954000000,0.615
1197957600000,0.486
1197961200000,0.323
1197964800000,0.107
1197968400000,0.0
1197972000000,0.0
1197975600000,0.0
1197979200000,0.0
1197982800000,0.0
1197986400000,0.0
1197990000000,0.0
1197993600000,0.0
1197997200000,0.0
1198000800000,0.0
1198004400000,0.0
1198008000000,0.0
1198011600000,0.0
1198015200000,0.053
1198018800000,0.222
1198022400000,0.403
1198026000000,0.531
1198029600000,0.613
1198033200000,0.678
1198036800000,0.666
1198040400000,0.604
1198044000000,0.484
1198047600000,0.318
1198051200000,0.102
1198054800000,0.0
1198058400000,0.0
1198062000000,0.0
1198065600000,0.0
1198069200000,0.0
1198072800000,0.0
1198076400000,0.0
1198080000000,0.0
1198083600000,0.0
1198087200000,0.0
1198090800000,0.0
1198094400000,0.0
1198098000000,0.0
1198101600000,0.043
1198105200000,0.232
1198108800000,0.411
1198112400000,0.553
1198116000000,0.624
1198119600000,0.644
1198123200000,0.647
1198126800000,0.588
1198130400000,0.48
1198134000000,0.308
1198137600000,0.11
1198141200000,0.0
1198144800000,0.0
1198148400000,0.0
1198152000000,0.0
1198155600000,0.0
1198159200000,0.0
1198162800000,0.0
1198166400000,0.0
1198170000000,0.0
1198173600000,0.0
1198177200000,0.0
1198180800000,0.0
1198184400000,0.0
1198188000000,0.039
1198191600000,0.201
1198195200000,0.366
1198198800000,0.49
1198202400000,0.582
1198206000000,0.596
1198209600000,0.566
1198213200000,0.443
1198216800000,0.31
1198220400000,0.155
1198224000000,0.043
1198227600000,0.0
1198231200000,0.0
1198234800000,0.0
1198238400000,0.0
1198242000000,0.0
1198245600000,0.0
1198249200000,0.0
1198252800000,0.0
1198256400000,0.0
1198260000000,0.0
1198263600000,0.0
1198267200000,0.0
1198270800000,0.0
1198274400000,0.039
1198278000000,0.207
1198281600000,0.402
1198285200000,0.54
1198288800000,0.603
1198292400000,0.607
1198296000000,0.595
1198299600000,0.538
1198303200000,0.426
1198306800000,0.3
1198310400000,0.093
1198314000000,0.0
1198317600000,0.0
1198321200000,0.0
1198324800000,0.0
1198328400000,0.0
1198332000000,0.0
1198335600000,0.0
1198339200000,0.0
1198342800000,0.0
1198346400000,0.0
1198350000000,0.0
1198353600000,0.0
1198357200000,0.0
1198360800000,0.046
1198364400000,0.23
1198368000000,0.413
1198371600000,0.548
1198375200000,0.629
1198378800000,0.673
1198382400000,0.663
1198386000000,0.579
1198389600000,0.468
1198393200000,0.292
1198396800000,0.1
1198400400000,0.0
1198404000000,0.0
1198407600000,0.0
1198411200000,0.0
1198414800000,0.0
1198418400000,0.0
1198422000000,0.0
1198425600000,0.0
1198429200000,0.0
1198432800000,0.0
1198436400000,0.0
1198440000000,0.0
1198443600000,0.0
1198447200000,0.005
1198450800000,0.042
1198454400000,0.099
1198458000000,0.151
1198461600000,0.192
1198465200000,0.222
1198468800000,0.21
1198472400000,0.189
1198476000000,0.149
1198479600000,0.089
1198483200000,0.022
1198486800000,0.0
1198490400000,0.0
1198494000000,0.0
1198497600000,0.0
1198501200000,0.0
1198504800000,0.0
1198508400000,0.0
1198512000000,0.0
1198515600000,0.0
1198519200000,0.0
1198522800000,0.0
1198526400000,0.0
1198530000000,0.0
1198533600000,0.015
1198537200000,0.107
1198540800000,0.228
1198544400000,0.33
1198548000000,0.369
1198551600000,0.386
1198555200000,0.359
1198558800000,0.325
1198562400000,0.197
1198566000000,0.099
1198569600000,0.022
1198573200000,0.0
1198576800000,0.0
1198580400000,0.0
1198584000000,0.0
1198587600000,0.0
1198591200000,0.0
1198594800000,0.0
1198598400000,0.0
1198602000000,0.0
1198605600000,0.0
1198609200000,0.0
1198612800000,0.0
1198616400000,0.0
1198620000000,0.008
1198623600000,0.07
1198627200000,0.148
1198630800000,0.183
1198634400000,0.187
1198638000000,0.224
1198641600000,0.191
1198645200000,0.133
1198648800000,0.092
1198652400000,0.049
1198656000000,0.011
1198659600000,0.0
1198663200000,0.0
1198666800000,0.0
1198670400000,0.0
1198674000000,0.0
1198677600000,0.0
1198681200000,0.0
1198684800000,0.0
1198688400000,0.0
1198692000000,0.0
1198695600000,0.0
1198699200000,0.0
1198702800000,0.0
1198706400000,0.015
1198710000000,0.1
1198713600000,0.187
1198717200000,0.228
1198720800000,0.231
1198724400000,0.247
1198728000000,0.235
1198731600000,0.192
1198735200000,0.131
1198738800000,0.073
1198742400000,0.017
1198746000000,0.0
1198749600000,0.0
1198753200000,0.0
1198756800000,0.0
1198760400000,0.0
1198764000000,0.0
1198767600000,0.0
1198771200000,0.0
1198774800000,0.0
1198778400000,0.0
1198782000000,0.0
1198785600000,0.0
1198789200000,0.0
1198792800000,0.0
1198796400000,0.025
1198800000000,0.056
1198803600000,0.092
1198807200000,0.13
1198810800000,0.166
1198814400000,0.183
1198818000000,0.181
1198821600000,0.14
1198825200000,0.088
1198828800000,0.023
1198832400000,0.0
1198836000000,0.0
1198839600000,0.0
1198843200000,0.0
1198846800000,0.0
1198850400000,0.0
1198854000000,0.0
1198857600000,0.0
1198861200000,0.0
1198864800000,0.0
1198868400000,0.0
1198872000000,0.0
1198875600000,0.0
1198879200000,0.011
1198882800000,0.09
1198886400000,0.182
1198890000000,0.268
1198893600000,0.318
1198897200000,0.327
1198900800000,0.314
1198904400000,0.263
1198908000000,0.211
1198911600000,0.134
1198915200000,0.043
1198918800000,0.0
1198922400000,0.0
1198926000000,0.0
1198929600000,0.0
1198933200000,0.0
1198936800000,0.0
1198940400000,0.0
1198944000000,0.0
1198947600000,0.0
1198951200000,0.0
1198954800000,0.0
1198958400000,0.0
1198962000000,0.0
1198965600000,0.03
1198969200000,0.152
1198972800000,0.288
1198976400000,0.414
1198980000000,0.487
1198983600000,0.537
1198987200000,0.526
1198990800000,0.471
1198994400000,0.357
1198998000000,0.219
1199001600000,0.079
1199005200000,0.0
1199008800000,0.0
1199012400000,0.0
1199016000000,0.0
1199019600000,0.0
1199023200000,0.0
1199026800000,0.0
1199030400000,0.0
1199034000000,0.0
1199037600000,0.0
1199041200000,0.0
1199044800000,0.0
1199048400000,0.0
1199052000000,0.043
1199055600000,0.216
1199059200000,0.402
1199062800000,0.548
1199066400000,0.618
1199070000000,0.647
1199073600000,0.646
1199077200000,0.565
1199080800000,0.43
1199084400000,0.283
1199088000000,0.105
1199091600000,0.0
1199095200000,0.0
1199098800000,0.0
1199102400000,0.0
1199106000000,0.0
1199109600000,0.0
1199113200000,0.0
1199116800000,0.0
1199120400000,0.0
1199124000000,0.0
1199127600000,0.0
1199131200000,0.0
1199134800000,0.0
1199138400000,0.031
1199142000000,0.16
