,V1
662688000000,0.167
662691600000,0.179
662695200000,0.185
662698800000,0.188
662702400000,0.199
662706000000,0.213
662709600000,0.236
662713200000,0.258
662716800000,0.231
662720400000,0.202
662724000000,0.225
662727600000,0.241
662731200000,0.252
662734800000,0.256
662738400000,0.271
662742000000,0.316
662745600000,0.368
662749200000,0.404
662752800000,0.438
662756400000,0.44
662760000000,0.444
662763600000,0.422
662767200000,0.395
662770800000,0.448
662774400000,0.56
662778000000,0.621
662781600000,0.668
662785200000,0.718
662788800000,0.759
662792400000,0.781
662796000000,0.784
662799600000,0.766
662803200000,0.672
662806800000,0.583
662810400000,0.569
662814000000,0.578
662817600000,0.59
662821200000,0.578
662824800000,0.619
662828400000,0.636
662832000000,0.637
662835600000,0.633
662839200000,0.672
662842800000,0.701
662846400000,0.713
662850000000,0.731
662853600000,0.747
662857200000,0.758
662860800000,0.857
662864400000,0.882
662868000000,0.87
662871600000,0.849
662875200000,0.827
662878800000,0.794
662882400000,0.757
662886000000,0.712
662889600000,0.619
662893200000,0.56
662896800000,0.572
662900400000,0.608
662904000000,0.64
662907600000,0.654
662911200000,0.657
662914800000,0.645
662918400000,0.617
662922000000,0.615
662925600000,0.624
662929200000,0.611
662932800000,0.595
662936400000,0.594
662940000000,0.585
662943600000,0.593
662947200000,0.77
662950800000,0.795
662954400000,0.777
662958000000,0.76
662961600000,0.752
662965200000,0.744
662968800000,0.739
662972400000,0.73
662976000000,0.655
662979600000,0.559
662983200000,0.547
662986800000,0.566
662990400000,0.564
662994000000,0.568
662997600000,0.558
663001200000,0.516
663004800000,0.492
663008400000,0.471
663012000000,0.444
663015600000,0.442
663019200000,0.445
663022800000,0.443
663026400000,0.425
663030000000,0.447
663033600000,0.511
663037200000,0.523
663040800000,0.509
663044400000,0.491
663048000000,0.472
663051600000,0.461
663055200000,0.469
663058800000,0.488
663062400000,0.455
663066000000,0.395
663069600000,0.387
663073200000,0.42
663076800000,0.484
663080400000,0.529
663084000000,0.547
663087600000,0.552
663091200000,0.553
663094800000,0.528
663098400000,0.512
663102000000,0.501
663105600000,0.474
663109200000,0.455
663112800000,0.425
663116400000,0.466
663120000000,0.63
663123600000,0.701
663127200000,0.715
663130800000,0.704
663134400000,0.688
663138000000,0.672
663141600000,0.655
663145200000,0.639
663148800000,0.571
663152400000,0.498
663156000000,0.513
663159600000,0.556
663163200000,0.599
663166800000,0.614
663170400000,0.608
663174000000,0.635
663177600000,0.638
663181200000,0.599
663184800000,0.58
663188400000,0.532
663192000000,0.504
663195600000,0.468
663199200000,0.407
663202800000,0.484
663206400000,0.566
663210000000,0.554
663213600000,0.513
663217200000,0.468
663220800000,0.439
663224400000,0.423
663228000000,0.428
663231600000,0.446
663235200000,0.43
663238800000,0.379
663242400000,0.394
663246000000,0.447
663249600000,0.501
663253200000,0.484
663256800000,0.437
663260400000,0.413
663264000000,0.398
663267600000,0.365
663271200000,0.35
663274800000,0.328
663278400000,0.294
663282000000,0.291
663285600000,0.274
663289200000,0.315
663292800000,0.401
663296400000,0.413
663300000000,0.379
663303600000,0.322
663307200000,0.272
663310800000,0.23
663314400000,0.201
663318000000,0.183
663321600000,0.162
663325200000,0.174
663328800000,0.224
663332400000,0.251
663336000000,0.258
663339600000,0.269
663343200000,0.284
663346800000,0.27
663350400000,0.266
663354000000,0.254
663357600000,0.265
663361200000,0.277
663364800000,0.3
663368400000,0.325
663372000000,0.294
663375600000,0.251
663379200000,0.283
663382800000,0.277
663386400000,0.234
663390000000,0.195
663393600000,0.177
663397200000,0.162
663400800000,0.154
663404400000,0.164
663408000000,0.176
663411600000,0.193
663415200000,0.236
663418800000,0.25
663422400000,0.259
663426000000,0.293
663429600000,0.344
663433200000,0.379
663436800000,0.407
663440400000,0.466
663444000000,0.501
663447600000,0.501
663451200000,0.532
663454800000,0.556
663458400000,0.554
663462000000,0.712
663465600000,0.829
663469200000,0.858
663472800000,0.848
663476400000,0.816
663480000000,0.779
663483600000,0.739
663487200000,0.705
663490800000,0.678
663494400000,0.588
663498000000,0.438
663501600000,0.379
663505200000,0.379
663508800000,0.409
663512400000,0.421
663516000000,0.432
663519600000,0.459
663523200000,0.472
663526800000,0.481
663530400000,0.476
663534000000,0.461
663537600000,0.447
663541200000,0.441
663544800000,0.442
663548400000,0.599
663552000000,0.731
663555600000,0.762
663559200000,0.75
663562800000,0.722
663566400000,0.69
663570000000,0.663
663573600000,0.648
663577200000,0.64
663580800000,0.58
663584400000,0.428
663588000000,0.344
663591600000,0.3
663595200000,0.305
663598800000,0.326
663602400000,0.359
663606000000,0.364
663609600000,0.363
663613200000,0.37
663616800000,0.375
663620400000,0.375
663624000000,0.355
663627600000,0.33
663631200000,0.284
663634800000,0.41
663638400000,0.491
663642000000,0.475
663645600000,0.41
663649200000,0.361
663652800000,0.337
663656400000,0.317
663660000000,0.314
663663600000,0.332
663667200000,0.34
663670800000,0.288
663674400000,0.254
663678000000,0.243
663681600000,0.244
663685200000,0.254
663688800000,0.243
663692400000,0.236
663696000000,0.291
663699600000,0.346
663703200000,0.381
663706800000,0.395
663710400000,0.423
663714000000,0.431
663717600000,0.42
663721200000,0.578
663724800000,0.655
663728400000,0.641
663732000000,0.602
663735600000,0.579
663739200000,0.571
663742800000,0.574
663746400000,0.59
663750000000,0.607
663753600000,0.591
663757200000,0.486
663760800000,0.437
663764400000,0.45
663768000000,0.442
663771600000,0.467
663775200000,0.518
663778800000,0.539
663782400000,0.555
663786000000,0.576
663789600000,0.566
663793200000,0.563
663796800000,0.58
663800400000,0.599
663804000000,0.6
663807600000,0.731
663811200000,0.829
663814800000,0.848
663818400000,0.833
663822000000,0.82
663825600000,0.812
663829200000,0.801
663832800000,0.789
663836400000,0.779
663840000000,0.713
663843600000,0.583
663847200000,0.547
663850800000,0.55
663854400000,0.516
663858000000,0.519
663861600000,0.501
663865200000,0.484
663868800000,0.472
663872400000,0.476
663876000000,0.497
663879600000,0.511
663883200000,0.538
663886800000,0.547
663890400000,0.523
663894000000,0.601
663897600000,0.734
663901200000,0.78
663904800000,0.77
663908400000,0.743
663912000000,0.713
663915600000,0.675
663919200000,0.651
663922800000,0.644
663926400000,0.599
663930000000,0.491
663933600000,0.471
663937200000,0.523
663940800000,0.544
663944400000,0.521
663948000000,0.582
663951600000,0.635
663955200000,0.659
663958800000,0.674
663962400000,0.69
663966000000,0.724
663969600000,0.738
663973200000,0.756
663976800000,0.766
663980400000,0.847
663984000000,0.914
663987600000,0.929
663991200000,0.927
663994800000,0.914
663998400000,0.895
664002000000,0.875
664005600000,0.86
664009200000,0.85
664012800000,0.811
664016400000,0.708
664020000000,0.644
664023600000,0.646
664027200000,0.696
664030800000,0.725
664034400000,0.724
664038000000,0.723
664041600000,0.726
664045200000,0.737
664048800000,0.748
664052400000,0.754
664056000000,0.756
664059600000,0.744
664063200000,0.724
664066800000,0.818
664070400000,0.873
664074000000,0.869
664077600000,0.841
664081200000,0.818
664084800000,0.804
664088400000,0.789
664092000000,0.782
664095600000,0.78
664099200000,0.739
664102800000,0.617
664106400000,0.529
664110000000,0.495
664113600000,0.505
664117200000,0.569
664120800000,0.595
664124400000,0.615
664128000000,0.618
664131600000,0.608
664135200000,0.622
664138800000,0.63
664142400000,0.644
664146000000,0.639
664149600000,0.618
664153200000,0.757
664156800000,0.809
664160400000,0.809
664164000000,0.795
664167600000,0.791
664171200000,0.796
664174800000,0.8
664178400000,0.806
664182000000,0.808
664185600000,0.777
664189200000,0.638
664192800000,0.529
664196400000,0.535
664200000000,0.594
664203600000,0.647
664207200000,0.665
664210800000,0.672
664214400000,0.66
664218000000,0.626
664221600000,0.578
664225200000,0.533
664228800000,0.501
664232400000,0.472
664236000000,0.436
664239600000,0.587
664243200000,0.668
664246800000,0.674
664250400000,0.656
664254000000,0.662
664257600000,0.678
664261200000,0.686
664264800000,0.697
664268400000,0.698
664272000000,0.657
664275600000,0.491
664279200000,0.404
664282800000,0.386
664286400000,0.396
664290000000,0.441
664293600000,0.464
664297200000,0.481
664300800000,0.513
664304400000,0.532
664308000000,0.556
664311600000,0.58
664315200000,0.601
664318800000,0.595
664322400000,0.561
664326000000,0.682
664329600000,0.789
664333200000,0.806
664336800000,0.792
664340400000,0.773
664344000000,0.755
664347600000,0.731
664351200000,0.713
664354800000,0.699
664358400000,0.644
664362000000,0.518
664365600000,0.46
664369200000,0.474
664372800000,0.459
664376400000,0.459
664380000000,0.474
664383600000,0.478
664387200000,0.466
664390800000,0.459
664394400000,0.45
664398000000,0.449
664401600000,0.425
664405200000,0.399
664408800000,0.364
664412400000,0.448
664416000000,0.532
664419600000,0.541
664423200000,0.51
664426800000,0.485
664430400000,0.48
664434000000,0.482
664437600000,0.489
664441200000,0.489
664444800000,0.461
664448400000,0.353
664452000000,0.286
664455600000,0.227
664459200000,0.218
664462800000,0.233
664466400000,0.256
664470000000,0.295
664473600000,0.338
664477200000,0.401
664480800000,0.444
664484400000,0.45
664488000000,0.474
664491600000,0.479
664495200000,0.471
664498800000,0.578
664502400000,0.615
664506000000,0.61
664509600000,0.59
664513200000,0.568
664516800000,0.55
664520400000,0.538
664524000000,0.541
664527600000,0.547
664531200000,0.51
664534800000,0.385
664538400000,0.299
664542000000,0.3
664545600000,0.32
664549200000,0.341
664552800000,0.374
664556400000,0.42
664560000000,0.442
664563600000,0.504
664567200000,0.526
664570800000,0.525
664574400000,0.55
664578000000,0.561
664581600000,0.563
664585200000,0.692
664588800000,0.806
664592400000,0.839
664596000000,0.84
664599600000,0.837
664603200000,0.84
664606800000,0.845
664610400000,0.85
664614000000,0.849
664617600000,0.818
664621200000,0.71
664624800000,0.58
664628400000,0.54
664632000000,0.568
664635600000,0.594
664639200000,0.607
664642800000,0.621
664646400000,0.642
664650000000,0.649
664653600000,0.645
664657200000,0.638
664660800000,0.627
664664400000,0.618
664668000000,0.615
664671600000,0.755
664675200000,0.849
664678800000,0.875
664682400000,0.871
664686000000,0.854
664689600000,0.839
664693200000,0.831
664696800000,0.825
664700400000,0.816
664704000000,0.772
664707600000,0.62
664711200000,0.506
664714800000,0.479
664718400000,0.496
664722000000,0.542
664725600000,0.574
664729200000,0.609
664732800000,0.644
664736400000,0.665
664740000000,0.678
664743600000,0.687
664747200000,0.714
664750800000,0.703
664754400000,0.648
664758000000,0.728
664761600000,0.8
664765200000,0.808
664768800000,0.787
664772400000,0.783
664776000000,0.8
664779600000,0.813
664783200000,0.82
664786800000,0.816
664790400000,0.765
664794000000,0.615
664797600000,0.523
664801200000,0.547
664804800000,0.586
664808400000,0.592
664812000000,0.574
664815600000,0.568
664819200000,0.572
664822800000,0.587
664826400000,0.583
664830000000,0.59
664833600000,0.599
664837200000,0.59
664840800000,0.544
664844400000,0.654
664848000000,0.752
664851600000,0.752
664855200000,0.706
664858800000,0.656
664862400000,0.624
664866000000,0.601
664869600000,0.592
664873200000,0.59
664876800000,0.564
664880400000,0.491
664884000000,0.457
664887600000,0.468
664891200000,0.501
664894800000,0.485
664898400000,0.484
664902000000,0.488
664905600000,0.468
664909200000,0.44
664912800000,0.454
664916400000,0.447
664920000000,0.439
664923600000,0.442
664927200000,0.422
664930800000,0.607
664934400000,0.748
664938000000,0.768
664941600000,0.742
664945200000,0.701
664948800000,0.654
664952400000,0.618
664956000000,0.603
664959600000,0.6
664963200000,0.597
664966800000,0.523
664970400000,0.469
664974000000,0.479
664977600000,0.495
664981200000,0.528
664984800000,0.538
664988400000,0.517
664992000000,0.501
664995600000,0.489
664999200000,0.487
665002800000,0.507
665006400000,0.547
665010000000,0.556
665013600000,0.499
665017200000,0.621
665020800000,0.666
665024400000,0.642
665028000000,0.599
665031600000,0.56
665035200000,0.538
665038800000,0.523
665042400000,0.51
665046000000,0.484
665049600000,0.434
665053200000,0.332
665056800000,0.265
665060400000,0.251
665064000000,0.257
665067600000,0.267
665071200000,0.273
665074800000,0.278
665078400000,0.278
665082000000,0.278
665085600000,0.289
665089200000,0.305
665092800000,0.341
665096400000,0.367
665100000000,0.36
665103600000,0.469
665107200000,0.566
665110800000,0.558
665114400000,0.494
665118000000,0.425
665121600000,0.38
665125200000,0.359
665128800000,0.358
665132400000,0.382
665136000000,0.413
665139600000,0.367
665143200000,0.339
665146800000,0.302
665150400000,0.297
665154000000,0.288
665157600000,0.289
665161200000,0.321
665164800000,0.384
665168400000,0.437
665172000000,0.481
665175600000,0.494
665179200000,0.484
665182800000,0.433
665186400000,0.366
665190000000,0.386
665193600000,0.391
665197200000,0.354
665200800000,0.317
665204400000,0.324
665208000000,0.367
665211600000,0.397
665215200000,0.395
665218800000,0.379
665222400000,0.347
665226000000,0.278
665229600000,0.252
665233200000,0.234
665236800000,0.224
665240400000,0.213
665244000000,0.216
665247600000,0.224
665251200000,0.232
665254800000,0.249
665258400000,0.259
665262000000,0.289
665265600000,0.314
665269200000,0.311
665272800000,0.27
665276400000,0.316
665280000000,0.347
665283600000,0.331
665287200000,0.292
665290800000,0.282
665294400000,0.294
665298000000,0.305
665301600000,0.315
665305200000,0.325
665308800000,0.329
665312400000,0.308
665316000000,0.282
665319600000,0.229
665323200000,0.209
665326800000,0.22
665330400000,0.235
665334000000,0.234
665337600000,0.211
665341200000,0.176
665344800000,0.155
665348400000,0.161
665352000000,0.194
665355600000,0.207
665359200000,0.191
665362800000,0.218
665366400000,0.207
665370000000,0.179
665373600000,0.15
665377200000,0.121
665380800000,0.095
665384400000,0.082
665388000000,0.08
665391600000,0.086
665395200000,0.093
665398800000,0.11
665402400000,0.132
665406000000,0.136
665409600000,0.135
665413200000,0.141
665416800000,0.162
665420400000,0.181
665424000000,0.179
665427600000,0.157
665431200000,0.147
665434800000,0.155
665438400000,0.187
665442000000,0.197
665445600000,0.17
665449200000,0.171
665452800000,0.162
665456400000,0.134
665460000000,0.1
665463600000,0.076
665467200000,0.066
665470800000,0.062
665474400000,0.065
665478000000,0.083
665481600000,0.117
665485200000,0.167
665488800000,0.218
665492400000,0.225
665496000000,0.199
665499600000,0.194
665503200000,0.203
665506800000,0.205
665510400000,0.198
665514000000,0.201
665517600000,0.22
665521200000,0.234
665524800000,0.238
665528400000,0.237
665532000000,0.225
665535600000,0.296
665539200000,0.323
665542800000,0.305
665546400000,0.274
665550000000,0.251
665553600000,0.228
665557200000,0.202
665560800000,0.19
665564400000,0.186
665568000000,0.186
665571600000,0.195
665575200000,0.229
665578800000,0.231
665582400000,0.235
665586000000,0.233
665589600000,0.235
665593200000,0.236
665596800000,0.233
665600400000,0.233
665604000000,0.261
665607600000,0.289
665611200000,0.315
665614800000,0.301
665618400000,0.267
665622000000,0.304
665625600000,0.311
665629200000,0.311
665632800000,0.307
665636400000,0.311
665640000000,0.314
665643600000,0.31
665647200000,0.313
665650800000,0.333
665654400000,0.364
665658000000,0.357
665661600000,0.337
665665200000,0.315
665668800000,0.32
665672400000,0.302
665676000000,0.254
665679600000,0.233
665683200000,0.203
665686800000,0.175
665690400000,0.171
665694000000,0.185
665697600000,0.213
665701200000,0.21
665704800000,0.203
665708400000,0.291
665712000000,0.369
665715600000,0.379
665719200000,0.349
665722800000,0.334
665726400000,0.34
665730000000,0.364
665733600000,0.398
665737200000,0.432
665740800000,0.444
665744400000,0.384
665748000000,0.338
665751600000,0.316
665755200000,0.311
665758800000,0.31
665762400000,0.281
665766000000,0.261
665769600000,0.261
665773200000,0.267
665776800000,0.283
665780400000,0.303
665784000000,0.32
665787600000,0.312
665791200000,0.283
665794800000,0.32
665798400000,0.405
665802000000,0.434
665805600000,0.386
665809200000,0.338
665812800000,0.312
665816400000,0.309
665820000000,0.324
665823600000,0.351
665827200000,0.329
665830800000,0.258
665834400000,0.238
665838000000,0.227
665841600000,0.233
665845200000,0.261
665848800000,0.278
665852400000,0.251
665856000000,0.222
665859600000,0.223
665863200000,0.245
665866800000,0.272
665870400000,0.31
665874000000,0.343
665877600000,0.345
665881200000,0.46
665884800000,0.523
665888400000,0.491
665892000000,0.415
665895600000,0.345
665899200000,0.298
665902800000,0.269
665906400000,0.265
665910000000,0.285
665913600000,0.311
665917200000,0.32
665920800000,0.343
665924400000,0.346
665928000000,0.347
665931600000,0.362
665935200000,0.376
665938800000,0.329
665942400000,0.314
665946000000,0.322
665949600000,0.329
665953200000,0.341
665956800000,0.353
665960400000,0.358
665964000000,0.337
665967600000,0.395
665971200000,0.444
665974800000,0.428
665978400000,0.366
665982000000,0.321
665985600000,0.296
665989200000,0.276
665992800000,0.267
665996400000,0.274
666000000000,0.281
666003600000,0.275
666007200000,0.312
666010800000,0.318
666014400000,0.355
666018000000,0.394
666021600000,0.398
666025200000,0.368
666028800000,0.357
666032400000,0.328
666036000000,0.323
666039600000,0.354
666043200000,0.38
666046800000,0.389
666050400000,0.398
666054000000,0.495
666057600000,0.632
666061200000,0.698
666064800000,0.693
666068400000,0.658
666072000000,0.62
666075600000,0.585
666079200000,0.567
666082800000,0.566
666086400000,0.546
666090000000,0.421
666093600000,0.323
666097200000,0.31
666100800000,0.325
666104400000,0.355
666108000000,0.386
666111600000,0.386
666115200000,0.381
666118800000,0.366
666122400000,0.386
666126000000,0.404
666129600000,0.404
666133200000,0.418
666136800000,0.442
666140400000,0.601
666144000000,0.647
666147600000,0.625
666151200000,0.578
666154800000,0.527
666158400000,0.485
666162000000,0.448
666165600000,0.428
666169200000,0.439
666172800000,0.461
666176400000,0.42
666180000000,0.377
666183600000,0.355
666187200000,0.337
666190800000,0.308
666194400000,0.305
666198000000,0.31
666201600000,0.341
666205200000,0.343
666208800000,0.36
666212400000,0.386
666216000000,0.401
666219600000,0.395
666223200000,0.404
666226800000,0.568
666230400000,0.59
666234000000,0.546
666237600000,0.486
666241200000,0.449
666244800000,0.437
666248400000,0.447
666252000000,0.476
666255600000,0.525
666259200000,0.562
666262800000,0.493
666266400000,0.423
666270000000,0.408
666273600000,0.411
666277200000,0.379
666280800000,0.365
666284400000,0.368
666288000000,0.407
666291600000,0.437
666295200000,0.467
666298800000,0.452
666302400000,0.442
666306000000,0.464
666309600000,0.471
666313200000,0.613
666316800000,0.668
666320400000,0.662
666324000000,0.639
666327600000,0.638
666331200000,0.639
666334800000,0.638
666338400000,0.644
666342000000,0.657
666345600000,0.665
666349200000,0.59
666352800000,0.491
666356400000,0.479
666360000000,0.501
666363600000,0.526
666367200000,0.552
666370800000,0.574
666374400000,0.59
666378000000,0.607
666381600000,0.603
666385200000,0.6
666388800000,0.593
666392400000,0.566
666396000000,0.529
666399600000,0.635
666403200000,0.644
666406800000,0.575
666410400000,0.481
666414000000,0.411
666417600000,0.367
666421200000,0.339
666424800000,0.337
666428400000,0.355
666432000000,0.388
666435600000,0.408
666439200000,0.385
666442800000,0.341
666446400000,0.346
666450000000,0.374
666453600000,0.434
666457200000,0.469
666460800000,0.46
666464400000,0.422
666468000000,0.38
666471600000,0.352
666475200000,0.325
666478800000,0.279
666482400000,0.231
666486000000,0.265
666489600000,0.274
666493200000,0.259
666496800000,0.234
666500400000,0.212
666504000000,0.2
666507600000,0.192
666511200000,0.196
666514800000,0.214
666518400000,0.245
666522000000,0.265
666525600000,0.271
666529200000,0.246
666532800000,0.213
666536400000,0.19
666540000000,0.176
666543600000,0.179
666547200000,0.184
666550800000,0.205
666554400000,0.21
666558000000,0.213
666561600000,0.233
666565200000,0.264
666568800000,0.27
666572400000,0.302
666576000000,0.277
666579600000,0.223
666583200000,0.172
666586800000,0.136
666590400000,0.113
666594000000,0.1
666597600000,0.095
666601200000,0.104
666604800000,0.124
666608400000,0.159
666612000000,0.204
666615600000,0.201
666619200000,0.18
666622800000,0.17
666626400000,0.182
666630000000,0.2
666633600000,0.197
666637200000,0.192
666640800000,0.188
666644400000,0.187
666648000000,0.193
666651600000,0.197
666655200000,0.186
666658800000,0.227
666662400000,0.221
666666000000,0.217
666669600000,0.212
666673200000,0.217
666676800000,0.237
666680400000,0.274
666684000000,0.329
666687600000,0.394
666691200000,0.444
666694800000,0.432
666698400000,0.355
666702000000,0.285
666705600000,0.284
666709200000,0.3
666712800000,0.316
666716400000,0.328
666720000000,0.385
666723600000,0.41
666727200000,0.437
666730800000,0.441
666734400000,0.424
666738000000,0.432
666741600000,0.445
666745200000,0.55
666748800000,0.564
666752400000,0.548
666756000000,0.512
666759600000,0.471
666763200000,0.435
666766800000,0.407
666770400000,0.392
666774000000,0.396
666777600000,0.41
666781200000,0.382
666784800000,0.348
666788400000,0.3
666792000000,0.287
666795600000,0.268
666799200000,0.252
666802800000,0.244
666806400000,0.25
666810000000,0.251
666813600000,0.267
666817200000,0.267
666820800000,0.282
666824400000,0.27
666828000000,0.249
666831600000,0.28
666835200000,0.241
666838800000,0.187
666842400000,0.144
666846000000,0.125
666849600000,0.125
666853200000,0.144
666856800000,0.182
666860400000,0.253
666864000000,0.367
666867600000,0.444
666871200000,0.464
666874800000,0.462
666878400000,0.415
666882000000,0.343
666885600000,0.289
666889200000,0.253
666892800000,0.251
666896400000,0.266
666900000000,0.275
666903600000,0.267
666907200000,0.253
666910800000,0.225
666914400000,0.225
666918000000,0.326
666921600000,0.367
666925200000,0.338
666928800000,0.294
666932400000,0.277
666936000000,0.295
666939600000,0.328
666943200000,0.373
666946800000,0.425
666950400000,0.468
666954000000,0.424
666957600000,0.352
666961200000,0.319
666964800000,0.309
666968400000,0.3
666972000000,0.304
666975600000,0.305
666979200000,0.34
666982800000,0.372
666986400000,0.413
666990000000,0.406
666993600000,0.434
666997200000,0.433
667000800000,0.402
667004400000,0.532
667008000000,0.557
667011600000,0.558
667015200000,0.555
667018800000,0.565
667022400000,0.58
667026000000,0.593
667029600000,0.602
667033200000,0.613
667036800000,0.618
667040400000,0.557
667044000000,0.46
667047600000,0.425
667051200000,0.421
667054800000,0.41
667058400000,0.422
667062000000,0.455
667065600000,0.498
667069200000,0.506
667072800000,0.496
667076400000,0.507
667080000000,0.509
667083600000,0.528
667087200000,0.551
667090800000,0.673
667094400000,0.761
667098000000,0.794
667101600000,0.797
667105200000,0.791
667108800000,0.78
667112400000,0.766
667116000000,0.747
667119600000,0.734
667123200000,0.72
667126800000,0.638
667130400000,0.541
667134000000,0.529
667137600000,0.56
667141200000,0.54
667144800000,0.501
667148400000,0.484
667152000000,0.501
667155600000,0.527
667159200000,0.539
667162800000,0.538
667166400000,0.56
667170000000,0.569
667173600000,0.575
667177200000,0.706
667180800000,0.758
667184400000,0.772
667188000000,0.757
667191600000,0.737
667195200000,0.726
667198800000,0.72
667202400000,0.717
667206000000,0.718
667209600000,0.72
667213200000,0.663
667216800000,0.61
667220400000,0.586
667224000000,0.59
667227600000,0.556
667231200000,0.552
667234800000,0.551
667238400000,0.528
667242000000,0.487
667245600000,0.454
667249200000,0.414
667252800000,0.408
667256400000,0.409
667260000000,0.432
667263600000,0.649
667267200000,0.748
667270800000,0.778
667274400000,0.791
667278000000,0.812
667281600000,0.834
667285200000,0.851
667288800000,0.862
667292400000,0.867
667296000000,0.859
667299600000,0.782
667303200000,0.717
667306800000,0.738
667310400000,0.796
667314000000,0.842
667317600000,0.849
667321200000,0.832
667324800000,0.827
667328400000,0.827
667332000000,0.829
667335600000,0.834
667339200000,0.835
667342800000,0.829
667346400000,0.816
667350000000,0.872
667353600000,0.925
667357200000,0.944
667360800000,0.947
667364400000,0.938
667368000000,0.93
667371600000,0.925
667375200000,0.927
667378800000,0.921
667382400000,0.885
667386000000,0.825
667389600000,0.801
667393200000,0.816
667396800000,0.838
667400400000,0.841
667404000000,0.839
667407600000,0.833
667411200000,0.826
667414800000,0.815
667418400000,0.803
667422000000,0.783
667425600000,0.765
667429200000,0.759
667432800000,0.758
667436400000,0.845
667440000000,0.918
667443600000,0.939
667447200000,0.939
667450800000,0.931
667454400000,0.914
667458000000,0.894
667461600000,0.887
667465200000,0.893
667468800000,0.88
667472400000,0.804
667476000000,0.769
667479600000,0.781
667483200000,0.787
667486800000,0.791
667490400000,0.791
667494000000,0.792
667497600000,0.8
667501200000,0.812
667504800000,0.822
667508400000,0.835
667512000000,0.843
667515600000,0.844
667519200000,0.834
667522800000,0.895
667526400000,0.943
667530000000,0.956
667533600000,0.957
667537200000,0.953
667540800000,0.95
667544400000,0.948
667548000000,0.946
667551600000,0.941
667555200000,0.923
667558800000,0.85
667562400000,0.806
667566000000,0.827
667569600000,0.853
667573200000,0.863
667576800000,0.866
667580400000,0.86
667584000000,0.851
667587600000,0.845
667591200000,0.833
667594800000,0.813
667598400000,0.789
667602000000,0.761
667605600000,0.718
667609200000,0.829
667612800000,0.889
667616400000,0.891
667620000000,0.876
667623600000,0.867
667627200000,0.871
667630800000,0.878
667634400000,0.884
667638000000,0.89
667641600000,0.884
667645200000,0.808
667648800000,0.691
667652400000,0.633
667656000000,0.619
667659600000,0.59
667663200000,0.611
667666800000,0.635
667670400000,0.633
667674000000,0.613
667677600000,0.602
667681200000,0.59
667684800000,0.578
667688400000,0.554
667692000000,0.519
667695600000,0.657
667699200000,0.716
667702800000,0.722
667706400000,0.713
667710000000,0.722
667713600000,0.742
667717200000,0.762
667720800000,0.773
667724400000,0.778
667728000000,0.768
667731600000,0.7
667735200000,0.603
667738800000,0.552
667742400000,0.51
667746000000,0.477
667749600000,0.435
667753200000,0.391
667756800000,0.355
667760400000,0.328
667764000000,0.337
667767600000,0.352
667771200000,0.341
667774800000,0.332
667778400000,0.294
667782000000,0.432
667785600000,0.464
667789200000,0.439
667792800000,0.413
667796400000,0.379
667800000000,0.351
667803600000,0.331
667807200000,0.317
667810800000,0.326
667814400000,0.356
667818000000,0.379
667821600000,0.393
667825200000,0.383
667828800000,0.367
667832400000,0.373
667836000000,0.376
667839600000,0.37
667843200000,0.389
667846800000,0.381
667850400000,0.379
667854000000,0.395
667857600000,0.414
667861200000,0.42
667864800000,0.437
667868400000,0.616
667872000000,0.669
667875600000,0.653
667879200000,0.618
667882800000,0.568
667886400000,0.522
667890000000,0.499
667893600000,0.5
667897200000,0.525
667900800000,0.564
667904400000,0.557
667908000000,0.51
667911600000,0.466
667915200000,0.444
667918800000,0.432
667922400000,0.408
667926000000,0.352
667929600000,0.332
667933200000,0.365
667936800000,0.398
667940400000,0.419
667944000000,0.465
667947600000,0.479
667951200000,0.507
667954800000,0.636
667958400000,0.648
667962000000,0.613
667965600000,0.557
667969200000,0.503
667972800000,0.457
667976400000,0.426
667980000000,0.413
667983600000,0.414
667987200000,0.422
667990800000,0.398
667994400000,0.379
667998000000,0.355
668001600000,0.328
668005200000,0.332
668008800000,0.337
668012400000,0.336
668016000000,0.313
668019600000,0.3
668023200000,0.295
668026800000,0.297
668030400000,0.309
668034000000,0.285
668037600000,0.251
668041200000,0.346
668044800000,0.371
668048400000,0.343
668052000000,0.289
668055600000,0.233
668059200000,0.193
668062800000,0.171
668066400000,0.185
668070000000,0.243
668073600000,0.316
668077200000,0.34
668080800000,0.308
668084400000,0.289
668088000000,0.286
668091600000,0.298
668095200000,0.298
668098800000,0.296
668102400000,0.295
668106000000,0.302
668109600000,0.332
668113200000,0.367
668116800000,0.401
668120400000,0.402
668124000000,0.409
668127600000,0.496
668131200000,0.503
668134800000,0.503
668138400000,0.506
668142000000,0.519
668145600000,0.528
668149200000,0.529
668152800000,0.524
668156400000,0.519
668160000000,0.519
668163600000,0.493
668167200000,0.436
668170800000,0.396
668174400000,0.36
668178000000,0.332
668181600000,0.355
668185200000,0.348
668188800000,0.326
668192400000,0.334
668196000000,0.338
668199600000,0.343
668203200000,0.367
668206800000,0.352
668210400000,0.325
668214000000,0.415
668217600000,0.432
668221200000,0.431
668224800000,0.41
668228400000,0.41
668232000000,0.438
668235600000,0.476
668239200000,0.525
668242800000,0.578
668246400000,0.62
668250000000,0.561
668253600000,0.43
668257200000,0.374
668260800000,0.362
668264400000,0.369
668268000000,0.364
668271600000,0.37
668275200000,0.428
668278800000,0.444
668282400000,0.444
668286000000,0.447
668289600000,0.459
668293200000,0.417
668296800000,0.393
668300400000,0.485
668304000000,0.462
668307600000,0.427
668311200000,0.402
668314800000,0.41
668318400000,0.449
668322000000,0.491
668325600000,0.52
668329200000,0.544
668332800000,0.564
668336400000,0.541
668340000000,0.458
668343600000,0.437
668347200000,0.457
668350800000,0.464
668354400000,0.484
668358000000,0.529
668361600000,0.566
668365200000,0.59
668368800000,0.594
668372400000,0.586
668376000000,0.565
668379600000,0.531
668383200000,0.476
668386800000,0.596
668390400000,0.618
668394000000,0.609
668397600000,0.589
668401200000,0.569
668404800000,0.557
668408400000,0.547
668412000000,0.552
668415600000,0.572
668419200000,0.599
668422800000,0.578
668426400000,0.479
668430000000,0.432
668433600000,0.422
668437200000,0.398
668440800000,0.398
668444400000,0.423
668448000000,0.439
668451600000,0.449
668455200000,0.433
668458800000,0.466
668462400000,0.501
668466000000,0.513
668469600000,0.514
668473200000,0.697
668476800000,0.737
668480400000,0.726
668484000000,0.709
668487600000,0.692
668491200000,0.678
668494800000,0.661
668498400000,0.645
668502000000,0.635
668505600000,0.63
668509200000,0.595
668512800000,0.511
668516400000,0.457
668520000000,0.45
668523600000,0.485
668527200000,0.481
668530800000,0.476
668534400000,0.468
668538000000,0.468
668541600000,0.479
668545200000,0.506
668548800000,0.544
668552400000,0.528
668556000000,0.473
668559600000,0.581
668563200000,0.587
668566800000,0.569
668570400000,0.533
668574000000,0.511
668577600000,0.495
668581200000,0.464
668584800000,0.429
668588400000,0.411
668592000000,0.42
668595600000,0.41
668599200000,0.377
668602800000,0.368
668606400000,0.379
668610000000,0.388
668613600000,0.381
668617200000,0.384
668620800000,0.391
668624400000,0.382
668628000000,0.376
668631600000,0.374
668635200000,0.386
668638800000,0.39
668642400000,0.371
668646000000,0.422
668649600000,0.379
668653200000,0.32
668656800000,0.285
668660400000,0.29
668664000000,0.323
668667600000,0.349
668671200000,0.332
668674800000,0.286
668678400000,0.275
668682000000,0.3
668685600000,0.285
668689200000,0.289
668692800000,0.309
668696400000,0.334
668700000000,0.343
668703600000,0.349
668707200000,0.403
668710800000,0.449
668714400000,0.476
668718000000,0.479
668721600000,0.505
668725200000,0.529
668728800000,0.601
668732400000,0.704
668736000000,0.685
668739600000,0.645
668743200000,0.618
668746800000,0.58
668750400000,0.533
668754000000,0.529
668757600000,0.601
668761200000,0.689
668764800000,0.727
668768400000,0.668
668772000000,0.583
668775600000,0.577
668779200000,0.612
668782800000,0.692
668786400000,0.7
668790000000,0.682
668793600000,0.676
668797200000,0.625
668800800000,0.622
668804400000,0.664
668808000000,0.72
668811600000,0.761
668815200000,0.788
668818800000,0.816
668822400000,0.862
668826000000,0.902
668829600000,0.926
668833200000,0.937
668836800000,0.938
668840400000,0.925
668844000000,0.908
668847600000,0.889
668851200000,0.858
668854800000,0.821
668858400000,0.73
668862000000,0.587
668865600000,0.518
668869200000,0.444
668872800000,0.376
668876400000,0.316
668880000000,0.345
668883600000,0.409
668887200000,0.413
668890800000,0.367
668894400000,0.312
668898000000,0.298
668901600000,0.243
668905200000,0.251
668908800000,0.399
668912400000,0.52
668916000000,0.501
668919600000,0.473
668923200000,0.473
668926800000,0.453
668930400000,0.42
668934000000,0.394
668937600000,0.379
668941200000,0.362
668944800000,0.428
668948400000,0.476
668952000000,0.51
668955600000,0.551
668959200000,0.539
668962800000,0.528
668966400000,0.526
668970000000,0.522
668973600000,0.507
668977200000,0.524
668980800000,0.532
668984400000,0.539
668988000000,0.541
668991600000,0.669
668995200000,0.747
668998800000,0.744
669002400000,0.709
669006000000,0.668
669009600000,0.632
669013200000,0.594
669016800000,0.56
669020400000,0.541
669024000000,0.532
669027600000,0.462
669031200000,0.402
669034800000,0.362
669038400000,0.346
669042000000,0.341
669045600000,0.328
669049200000,0.334
669052800000,0.346
669056400000,0.379
669060000000,0.395
669063600000,0.398
669067200000,0.391
669070800000,0.398
669074400000,0.404
669078000000,0.479
669081600000,0.501
669085200000,0.525
669088800000,0.545
669092400000,0.568
669096000000,0.599
669099600000,0.618
669103200000,0.62
669106800000,0.603
669110400000,0.566
669114000000,0.455
669117600000,0.357
669121200000,0.321
669124800000,0.314
669128400000,0.322
669132000000,0.324
669135600000,0.317
669139200000,0.315
669142800000,0.331
669146400000,0.356
669150000000,0.376
669153600000,0.395
669157200000,0.395
669160800000,0.388
669164400000,0.504
669168000000,0.571
669171600000,0.586
669175200000,0.571
669178800000,0.562
669182400000,0.555
669186000000,0.555
669189600000,0.572
669193200000,0.601
669196800000,0.629
669200400000,0.558
669204000000,0.457
669207600000,0.397
669211200000,0.391
669214800000,0.382
669218400000,0.388
669222000000,0.398
669225600000,0.418
669229200000,0.416
669232800000,0.415
669236400000,0.418
669240000000,0.417
669243600000,0.417
669247200000,0.4
669250800000,0.538
669254400000,0.545
669258000000,0.501
669261600000,0.439
669265200000,0.391
669268800000,0.367
669272400000,0.366
669276000000,0.395
669279600000,0.444
669283200000,0.498
669286800000,0.477
669290400000,0.415
669294000000,0.34
669297600000,0.323
669301200000,0.313
669304800000,0.332
669308400000,0.368
669312000000,0.398
669315600000,0.419
669319200000,0.437
669322800000,0.454
669326400000,0.44
669330000000,0.392
669333600000,0.32
669337200000,0.362
669340800000,0.392
669344400000,0.382
669348000000,0.337
669351600000,0.312
669355200000,0.312
669358800000,0.313
669362400000,0.318
669366000000,0.323
669369600000,0.328
669373200000,0.32
669376800000,0.33
669380400000,0.353
669384000000,0.367
669387600000,0.384
669391200000,0.381
669394800000,0.357
669398400000,0.386
669402000000,0.437
669405600000,0.466
669409200000,0.464
669412800000,0.459
669416400000,0.451
669420000000,0.444
669423600000,0.532
669427200000,0.538
669430800000,0.512
669434400000,0.491
669438000000,0.484
669441600000,0.495
669445200000,0.508
669448800000,0.517
669452400000,0.525
669456000000,0.519
669459600000,0.464
669463200000,0.413
669466800000,0.361
669470400000,0.334
669474000000,0.345
669477600000,0.345
669481200000,0.338
669484800000,0.351
669488400000,0.341
669492000000,0.343
669495600000,0.332
669499200000,0.31
669502800000,0.245
669506400000,0.195
669510000000,0.291
669513600000,0.348
669517200000,0.311
669520800000,0.236
669524400000,0.192
669528000000,0.186
669531600000,0.206
669535200000,0.224
669538800000,0.232
669542400000,0.227
669546000000,0.211
669549600000,0.219
669553200000,0.229
669556800000,0.245
669560400000,0.266
669564000000,0.331
669567600000,0.367
669571200000,0.407
669574800000,0.417
669578400000,0.425
669582000000,0.416
669585600000,0.395
669589200000,0.356
669592800000,0.317
669596400000,0.316
669600000000,0.259
669603600000,0.195
669607200000,0.135
669610800000,0.097
669614400000,0.077
669618000000,0.064
669621600000,0.06
669625200000,0.066
669628800000,0.086
669632400000,0.132
669636000000,0.196
669639600000,0.198
669643200000,0.168
669646800000,0.151
669650400000,0.152
669654000000,0.159
669657600000,0.166
669661200000,0.186
669664800000,0.201
669668400000,0.221
669672000000,0.234
669675600000,0.232
669679200000,0.188
669682800000,0.168
669686400000,0.131
669690000000,0.101
669693600000,0.08
669697200000,0.074
669700800000,0.076
669704400000,0.08
669708000000,0.097
669711600000,0.129
669715200000,0.181
669718800000,0.245
669722400000,0.308
669726000000,0.298
669729600000,0.28
669733200000,0.318
669736800000,0.358
669740400000,0.362
669744000000,0.362
669747600000,0.408
669751200000,0.431
669754800000,0.435
669758400000,0.425
669762000000,0.401
669765600000,0.334
669769200000,0.302
669772800000,0.285
669776400000,0.264
669780000000,0.241
669783600000,0.237
669787200000,0.238
669790800000,0.233
669794400000,0.236
669798000000,0.253
669801600000,0.278
669805200000,0.29
669808800000,0.337
669812400000,0.365
669816000000,0.412
669819600000,0.449
669823200000,0.477
669826800000,0.525
669830400000,0.526
669834000000,0.524
669837600000,0.511
669841200000,0.498
669844800000,0.491
669848400000,0.455
669852000000,0.388
669855600000,0.422
669859200000,0.391
669862800000,0.352
669866400000,0.323
669870000000,0.32
669873600000,0.328
669877200000,0.337
669880800000,0.343
669884400000,0.348
669888000000,0.354
669891600000,0.35
669895200000,0.379
669898800000,0.393
669902400000,0.42
669906000000,0.436
669909600000,0.434
669913200000,0.46
669916800000,0.531
669920400000,0.571
669924000000,0.601
669927600000,0.601
669931200000,0.609
669934800000,0.604
669938400000,0.557
669942000000,0.635
669945600000,0.61
669949200000,0.556
669952800000,0.499
669956400000,0.464
669960000000,0.449
669963600000,0.432
669967200000,0.421
669970800000,0.427
669974400000,0.45
669978000000,0.458
669981600000,0.466
669985200000,0.473
669988800000,0.481
669992400000,0.494
669996000000,0.506
669999600000,0.527
670003200000,0.547
670006800000,0.551
670010400000,0.561
670014000000,0.563
670017600000,0.566
670021200000,0.559
670024800000,0.532
670028400000,0.659
670032000000,0.647
670035600000,0.586
670039200000,0.521
670042800000,0.476
670046400000,0.46
670050000000,0.47
670053600000,0.501
670057200000,0.544
670060800000,0.588
670064400000,0.587
670068000000,0.557
670071600000,0.547
670075200000,0.55
670078800000,0.552
670082400000,0.559
670086000000,0.571
670089600000,0.588
670093200000,0.606
670096800000,0.622
670100400000,0.638
670104000000,0.657
670107600000,0.627
670111200000,0.539
670114800000,0.628
670118400000,0.596
670122000000,0.535
670125600000,0.476
670129200000,0.466
670132800000,0.494
670136400000,0.523
670140000000,0.539
670143600000,0.547
670147200000,0.538
670150800000,0.491
670154400000,0.447
670158000000,0.451
670161600000,0.478
670165200000,0.526
670168800000,0.54
670172400000,0.558
670176000000,0.59
670179600000,0.603
670183200000,0.586
670186800000,0.562
670190400000,0.578
670194000000,0.564
670197600000,0.538
670201200000,0.645
670204800000,0.65
670208400000,0.635
670212000000,0.618
670215600000,0.61
670219200000,0.62
670222800000,0.635
670226400000,0.644
670230000000,0.638
670233600000,0.618
670237200000,0.544
670240800000,0.459
670244400000,0.415
670248000000,0.416
670251600000,0.459
670255200000,0.482
670258800000,0.481
670262400000,0.538
670266000000,0.532
670269600000,0.503
670273200000,0.495
670276800000,0.476
670280400000,0.428
670284000000,0.39
670287600000,0.444
670291200000,0.404
670294800000,0.324
670298400000,0.252
670302000000,0.236
670305600000,0.249
670309200000,0.27
670312800000,0.314
670316400000,0.374
670320000000,0.43
670323600000,0.435
670327200000,0.378
670330800000,0.36
670334400000,0.376
670338000000,0.396
670341600000,0.428
670345200000,0.403
670348800000,0.411
670352400000,0.413
670356000000,0.432
670359600000,0.425
670363200000,0.407
670366800000,0.368
670370400000,0.367
670374000000,0.501
670377600000,0.513
670381200000,0.444
670384800000,0.362
670388400000,0.324
670392000000,0.325
670395600000,0.325
670399200000,0.317
670402800000,0.305
670406400000,0.295
670410000000,0.282
670413600000,0.27
670417200000,0.27
670420800000,0.277
670424400000,0.279
670428000000,0.303
670431600000,0.325
670435200000,0.325
670438800000,0.314
670442400000,0.337
670446000000,0.337
670449600000,0.331
670453200000,0.338
670456800000,0.379
670460400000,0.498
670464000000,0.562
670467600000,0.574
670471200000,0.574
670474800000,0.578
670478400000,0.59
670482000000,0.601
670485600000,0.615
670489200000,0.627
670492800000,0.633
670496400000,0.581
670500000000,0.459
670503600000,0.4
670507200000,0.395
670510800000,0.399
670514400000,0.436
670518000000,0.417
670521600000,0.394
670525200000,0.362
670528800000,0.36
670532400000,0.374
670536000000,0.374
670539600000,0.378
670543200000,0.45
670546800000,0.556
670550400000,0.559
670554000000,0.51
670557600000,0.464
670561200000,0.467
670564800000,0.502
670568400000,0.534
670572000000,0.554
670575600000,0.573
670579200000,0.586
670582800000,0.527
670586400000,0.409
670590000000,0.328
670593600000,0.311
670597200000,0.327
670600800000,0.323
670604400000,0.351
670608000000,0.376
670611600000,0.41
670615200000,0.44
670618800000,0.438
670622400000,0.441
670626000000,0.425
670629600000,0.472
670633200000,0.572
670636800000,0.594
670640400000,0.587
670644000000,0.574
670647600000,0.578
670651200000,0.597
670654800000,0.613
670658400000,0.622
670662000000,0.627
670665600000,0.62
670669200000,0.568
670672800000,0.459
670676400000,0.406
670680000000,0.417
670683600000,0.427
670687200000,0.442
670690800000,0.442
670694400000,0.434
670698000000,0.447
670701600000,0.425
670705200000,0.362
670708800000,0.33
670712400000,0.33
670716000000,0.353
670719600000,0.407
670723200000,0.413
670726800000,0.388
670730400000,0.347
670734000000,0.301
670737600000,0.264
670741200000,0.238
670744800000,0.223
670748400000,0.22
670752000000,0.232
670755600000,0.251
670759200000,0.241
670762800000,0.214
670766400000,0.195
670770000000,0.182
670773600000,0.166
670777200000,0.16
670780800000,0.158
670784400000,0.166
670788000000,0.167
670791600000,0.182
670795200000,0.187
670798800000,0.184
670802400000,0.182
670806000000,0.187
670809600000,0.179
670813200000,0.164
670816800000,0.147
670820400000,0.134
670824000000,0.127
670827600000,0.127
670831200000,0.134
670834800000,0.153
670838400000,0.185
670842000000,0.236
670845600000,0.261
670849200000,0.237
670852800000,0.203
670856400000,0.182
670860000000,0.195
670863600000,0.206
670867200000,0.205
670870800000,0.199
670874400000,0.192
670878000000,0.21
670881600000,0.222
670885200000,0.207
670888800000,0.179
670892400000,0.166
670896000000,0.151
670899600000,0.125
670903200000,0.096
670906800000,0.079
670910400000,0.07
670914000000,0.068
670917600000,0.071
670921200000,0.077
670924800000,0.09
670928400000,0.114
670932000000,0.136
670935600000,0.123
670939200000,0.106
670942800000,0.095
670946400000,0.095
670950000000,0.107
670953600000,0.112
670957200000,0.121
670960800000,0.139
670964400000,0.147
670968000000,0.146
670971600000,0.112
670975200000,0.062
670978800000,0.038
670982400000,0.018
670986000000,0.007
670989600000,0.003
670993200000,0.002
670996800000,0.004
671000400000,0.019
671004000000,0.037
671007600000,0.061
671011200000,0.091
671014800000,0.131
671018400000,0.133
671022000000,0.096
671025600000,0.072
671029200000,0.069
671032800000,0.079
671036400000,0.1
671040000000,0.112
671043600000,0.126
671047200000,0.147
671050800000,0.166
671054400000,0.175
671058000000,0.164
671061600000,0.132
671065200000,0.094
671068800000,0.058
671072400000,0.037
671076000000,0.024
671079600000,0.02
671083200000,0.021
671086800000,0.028
671090400000,0.041
671094000000,0.054
671097600000,0.068
671101200000,0.093
671104800000,0.117
671108400000,0.105
671112000000,0.105
671115600000,0.118
671119200000,0.138
671122800000,0.151
671126400000,0.175
671130000000,0.202
671133600000,0.234
671137200000,0.244
671140800000,0.236
671144400000,0.21
671148000000,0.201
671151600000,0.178
671155200000,0.141
671158800000,0.111
671162400000,0.093
671166000000,0.089
671169600000,0.093
671173200000,0.095
671176800000,0.095
671180400000,0.101
671184000000,0.118
671187600000,0.147
671191200000,0.16
671194800000,0.16
671198400000,0.162
671202000000,0.161
671205600000,0.175
671209200000,0.203
671212800000,0.25
671216400000,0.309
671220000000,0.331
671223600000,0.337
671227200000,0.328
671230800000,0.279
671234400000,0.292
671238000000,0.278
671241600000,0.225
671245200000,0.171
671248800000,0.125
671252400000,0.099
671256000000,0.088
671259600000,0.086
671263200000,0.091
671266800000,0.101
671270400000,0.12
671274000000,0.16
671277600000,0.206
671281200000,0.22
671284800000,0.202
671288400000,0.199
671292000000,0.208
671295600000,0.22
671299200000,0.233
671302800000,0.237
671306400000,0.258
671310000000,0.262
671313600000,0.253
671317200000,0.225
671320800000,0.178
671324400000,0.151
671328000000,0.117
671331600000,0.089
671335200000,0.071
671338800000,0.066
671342400000,0.068
671346000000,0.079
671349600000,0.102
671353200000,0.135
671356800000,0.185
671360400000,0.256
671364000000,0.292
671367600000,0.294
671371200000,0.272
671374800000,0.256
671378400000,0.258
671382000000,0.278
671385600000,0.329
671389200000,0.364
671392800000,0.399
671396400000,0.393
671400000000,0.386
671403600000,0.363
671407200000,0.343
671410800000,0.323
671414400000,0.251
671418000000,0.171
671421600000,0.112
671425200000,0.082
671428800000,0.069
671432400000,0.068
671436000000,0.079
671439600000,0.101
671443200000,0.131
671446800000,0.186
671450400000,0.224
671454000000,0.261
671457600000,0.278
671461200000,0.274
671464800000,0.284
671468400000,0.334
671472000000,0.345
671475600000,0.328
671479200000,0.298
671482800000,0.289
671486400000,0.279
671490000000,0.28
671493600000,0.282
671497200000,0.285
671500800000,0.248
671504400000,0.195
671508000000,0.145
671511600000,0.112
671515200000,0.1
671518800000,0.103
671522400000,0.122
671526000000,0.153
671529600000,0.198
671533200000,0.252
671536800000,0.257
671540400000,0.237
671544000000,0.213
671547600000,0.209
671551200000,0.235
671554800000,0.254
671558400000,0.291
671562000000,0.343
671565600000,0.4
671569200000,0.45
671572800000,0.432
671576400000,0.413
671580000000,0.441
671583600000,0.468
671587200000,0.481
671590800000,0.483
671594400000,0.485
671598000000,0.504
671601600000,0.535
671605200000,0.568
671608800000,0.607
671612400000,0.644
671616000000,0.666
671619600000,0.642
671623200000,0.524
671626800000,0.414
671630400000,0.361
671634000000,0.384
671637600000,0.439
671641200000,0.428
671644800000,0.446
671648400000,0.436
671652000000,0.403
671655600000,0.387
671659200000,0.38
671662800000,0.369
671666400000,0.439
671670000000,0.52
671673600000,0.561
671677200000,0.583
671680800000,0.592
671684400000,0.595
671688000000,0.59
671691600000,0.59
671695200000,0.599
671698800000,0.622
671702400000,0.644
671706000000,0.613
671709600000,0.494
671713200000,0.41
671716800000,0.373
671720400000,0.352
671724000000,0.352
671727600000,0.341
671731200000,0.341
671734800000,0.32
671738400000,0.317
671742000000,0.306
671745600000,0.293
671749200000,0.263
671752800000,0.237
671756400000,0.265
671760000000,0.287
671763600000,0.275
671767200000,0.261
671770800000,0.264
671774400000,0.286
671778000000,0.327
671781600000,0.376
671785200000,0.426
671788800000,0.474
671792400000,0.483
671796000000,0.423
671799600000,0.362
671803200000,0.31
671806800000,0.282
671810400000,0.273
671814000000,0.249
671817600000,0.237
671821200000,0.249
671824800000,0.282
671828400000,0.285
671832000000,0.272
671835600000,0.261
671839200000,0.337
671842800000,0.487
671846400000,0.526
671850000000,0.484
671853600000,0.411
671857200000,0.352
671860800000,0.32
671864400000,0.3
671868000000,0.293
671871600000,0.3
671875200000,0.324
671878800000,0.337
671882400000,0.293
671886000000,0.267
671889600000,0.249
671893200000,0.225
671896800000,0.22
671900400000,0.179
671904000000,0.156
671907600000,0.157
671911200000,0.181
671914800000,0.185
671918400000,0.192
671922000000,0.163
671925600000,0.142
671929200000,0.126
671932800000,0.101
671936400000,0.072
671940000000,0.046
671943600000,0.04
671947200000,0.044
671950800000,0.046
671954400000,0.046
671958000000,0.044
671961600000,0.054
671965200000,0.084
671968800000,0.116
671972400000,0.132
671976000000,0.123
671979600000,0.111
671983200000,0.111
671986800000,0.099
671990400000,0.095
671994000000,0.111
671997600000,0.114
672001200000,0.123
672004800000,0.133
672008400000,0.133
672012000000,0.114
672015600000,0.148
672019200000,0.156
672022800000,0.141
672026400000,0.121
672030000000,0.123
672033600000,0.133
672037200000,0.135
672040800000,0.134
672044400000,0.131
672048000000,0.127
672051600000,0.118
672055200000,0.115
672058800000,0.119
672062400000,0.117
672066000000,0.11
672069600000,0.117
672073200000,0.126
672076800000,0.133
672080400000,0.154
672084000000,0.17
672087600000,0.186
672091200000,0.198
672094800000,0.179
672098400000,0.157
672102000000,0.162
672105600000,0.137
672109200000,0.107
672112800000,0.086
672116400000,0.09
672120000000,0.108
672123600000,0.12
672127200000,0.13
672130800000,0.135
672134400000,0.133
672138000000,0.119
672141600000,0.105
672145200000,0.092
672148800000,0.089
672152400000,0.097
672156000000,0.134
672159600000,0.17
672163200000,0.199
672166800000,0.217
672170400000,0.236
672174000000,0.257
672177600000,0.291
672181200000,0.264
672184800000,0.257
672188400000,0.261
672192000000,0.249
672195600000,0.237
672199200000,0.233
672202800000,0.256
672206400000,0.291
672210000000,0.316
672213600000,0.334
672217200000,0.352
672220800000,0.367
672224400000,0.358
672228000000,0.316
672231600000,0.278
672235200000,0.272
672238800000,0.312
672242400000,0.352
672246000000,0.415
672249600000,0.507
672253200000,0.548
672256800000,0.547
672260400000,0.573
672264000000,0.579
672267600000,0.566
672271200000,0.602
672274800000,0.635
672278400000,0.618
672282000000,0.591
672285600000,0.552
672289200000,0.538
672292800000,0.543
672296400000,0.541
672300000000,0.538
672303600000,0.547
672307200000,0.566
672310800000,0.554
672314400000,0.476
672318000000,0.422
672321600000,0.439
672325200000,0.481
672328800000,0.537
672332400000,0.555
672336000000,0.541
672339600000,0.503
672343200000,0.46
672346800000,0.431
672350400000,0.398
672354000000,0.372
672357600000,0.425
672361200000,0.509
672364800000,0.528
672368400000,0.525
672372000000,0.502
672375600000,0.479
672379200000,0.456
672382800000,0.431
672386400000,0.42
672390000000,0.43
672393600000,0.459
672397200000,0.498
672400800000,0.477
672404400000,0.454
672408000000,0.444
672411600000,0.439
672415200000,0.458
672418800000,0.487
672422400000,0.489
672426000000,0.476
672429600000,0.466
672433200000,0.46
672436800000,0.448
672440400000,0.407
672444000000,0.474
672447600000,0.528
672451200000,0.516
672454800000,0.479
672458400000,0.443
672462000000,0.441
672465600000,0.46
672469200000,0.481
672472800000,0.502
672476400000,0.541
672480000000,0.586
672483600000,0.593
672487200000,0.523
672490800000,0.494
672494400000,0.513
672498000000,0.574
672501600000,0.59
672505200000,0.604
672508800000,0.61
672512400000,0.615
672516000000,0.639
672519600000,0.7
672523200000,0.747
672526800000,0.737
672530400000,0.713
672534000000,0.748
672537600000,0.801
672541200000,0.815
672544800000,0.798
672548400000,0.739
672552000000,0.638
672555600000,0.529
672559200000,0.422
672562800000,0.325
672566400000,0.228
672570000000,0.158
672573600000,0.14
672577200000,0.137
672580800000,0.146
672584400000,0.164
672588000000,0.167
672591600000,0.158
672595200000,0.152
672598800000,0.153
672602400000,0.164
672606000000,0.169
672609600000,0.186
672613200000,0.194
672616800000,0.186
672620400000,0.227
672624000000,0.311
672627600000,0.331
672631200000,0.288
672634800000,0.245
672638400000,0.221
672642000000,0.201
672645600000,0.174
672649200000,0.142
672652800000,0.113
672656400000,0.086
672660000000,0.088
672663600000,0.105
672667200000,0.13
672670800000,0.177
672674400000,0.204
672678000000,0.229
672681600000,0.241
672685200000,0.265
672688800000,0.271
672692400000,0.273
672696000000,0.276
672699600000,0.276
672703200000,0.251
672706800000,0.332
672710400000,0.367
672714000000,0.358
672717600000,0.327
672721200000,0.294
672724800000,0.264
672728400000,0.233
672732000000,0.21
672735600000,0.197
672739200000,0.188
672742800000,0.172
672746400000,0.177
672750000000,0.205
672753600000,0.236
672757200000,0.265
672760800000,0.313
672764400000,0.355
672768000000,0.371
672771600000,0.421
672775200000,0.444
672778800000,0.445
672782400000,0.447
672786000000,0.438
672789600000,0.454
672793200000,0.492
672796800000,0.437
672800400000,0.349
672804000000,0.26
672807600000,0.205
672811200000,0.18
672814800000,0.169
672818400000,0.162
672822000000,0.161
672825600000,0.181
672829200000,0.204
672832800000,0.247
672836400000,0.276
672840000000,0.288
672843600000,0.278
672847200000,0.256
672850800000,0.229
672854400000,0.223
672858000000,0.218
672861600000,0.21
672865200000,0.201
672868800000,0.2
672872400000,0.185
672876000000,0.141
672879600000,0.107
672883200000,0.068
672886800000,0.035
672890400000,0.013
672894000000,0.005
672897600000,0.003
672901200000,0.005
672904800000,0.015
672908400000,0.032
672912000000,0.057
672915600000,0.097
672919200000,0.124
672922800000,0.095
672926400000,0.061
672930000000,0.042
672933600000,0.033
672937200000,0.028
672940800000,0.028
672944400000,0.031
672948000000,0.039
672951600000,0.049
672955200000,0.058
672958800000,0.063
672962400000,0.06
672966000000,0.063
672969600000,0.044
672973200000,0.029
672976800000,0.021
672980400000,0.02
672984000000,0.018
672987600000,0.012
672991200000,0.011
672994800000,0.013
672998400000,0.016
673002000000,0.025
673005600000,0.047
673009200000,0.051
673012800000,0.04
673016400000,0.027
673020000000,0.017
673023600000,0.009
673027200000,0.007
673030800000,0.01
673034400000,0.01
673038000000,0.011
673041600000,0.018
673045200000,0.021
673048800000,0.016
673052400000,0.01
673056000000,0.004
673059600000,0.002
673063200000,0.001
673066800000,0.002
673070400000,0.003
673074000000,0.006
673077600000,0.007
673081200000,0.009
673084800000,0.013
673088400000,0.015
673092000000,0.018
673095600000,0.014
673099200000,0.007
673102800000,0.002
673106400000,0.001
673110000000,0.001
673113600000,0.001
673117200000,0.001
673120800000,0.001
673124400000,0.001
673128000000,0.001
673131600000,0.0
673135200000,0.0
673138800000,0.0
673142400000,0.0
673146000000,0.0
673149600000,0.0
673153200000,0.002
673156800000,0.01
673160400000,0.027
673164000000,0.037
673167600000,0.039
673171200000,0.034
673174800000,0.026
673178400000,0.022
673182000000,0.013
673185600000,0.008
673189200000,0.005
673192800000,0.004
673196400000,0.005
673200000000,0.009
673203600000,0.018
673207200000,0.027
673210800000,0.034
673214400000,0.045
673218000000,0.059
673221600000,0.065
673225200000,0.079
673228800000,0.095
673232400000,0.117
673236000000,0.134
673239600000,0.148
673243200000,0.161
673246800000,0.168
673250400000,0.175
673254000000,0.179
673257600000,0.179
673261200000,0.174
673264800000,0.181
673268400000,0.172
673272000000,0.161
673275600000,0.159
673279200000,0.17
673282800000,0.183
673286400000,0.185
673290000000,0.188
673293600000,0.193
673297200000,0.207
673300800000,0.218
673304400000,0.211
673308000000,0.202
673311600000,0.18
673315200000,0.147
673318800000,0.126
673322400000,0.122
673326000000,0.135
673329600000,0.158
673333200000,0.181
673336800000,0.209
673340400000,0.235
673344000000,0.262
673347600000,0.282
673351200000,0.307
673354800000,0.289
673358400000,0.243
673362000000,0.208
673365600000,0.199
673369200000,0.203
673372800000,0.193
673376400000,0.188
673380000000,0.179
673383600000,0.159
673387200000,0.122
673390800000,0.095
673394400000,0.092
673398000000,0.119
673401600000,0.139
673405200000,0.144
673408800000,0.144
673412400000,0.143
673416000000,0.14
673419600000,0.136
673423200000,0.127
673426800000,0.119
673430400000,0.101
673434000000,0.078
673437600000,0.077
673441200000,0.088
673444800000,0.112
673448400000,0.13
673452000000,0.146
673455600000,0.159
673459200000,0.179
673462800000,0.228
673466400000,0.257
673470000000,0.265
673473600000,0.261
673477200000,0.264
673480800000,0.221
673484400000,0.206
673488000000,0.192
673491600000,0.17
673495200000,0.151
673498800000,0.141
673502400000,0.136
673506000000,0.133
673509600000,0.129
673513200000,0.125
673516800000,0.118
673520400000,0.101
673524000000,0.084
673527600000,0.072
673531200000,0.068
673534800000,0.073
673538400000,0.093
673542000000,0.117
673545600000,0.136
673549200000,0.155
673552800000,0.165
673556400000,0.176
673560000000,0.194
673563600000,0.198
673567200000,0.18
673570800000,0.165
673574400000,0.136
673578000000,0.12
673581600000,0.113
673585200000,0.118
673588800000,0.126
673592400000,0.131
673596000000,0.133
673599600000,0.132
673603200000,0.129
673606800000,0.126
673610400000,0.134
673614000000,0.128
673617600000,0.125
673621200000,0.133
673624800000,0.176
673628400000,0.192
673632000000,0.193
673635600000,0.199
673639200000,0.206
673642800000,0.235
673646400000,0.238
673650000000,0.257
673653600000,0.278
673657200000,0.296
673660800000,0.289
673664400000,0.271
673668000000,0.25
673671600000,0.227
673675200000,0.205
673678800000,0.192
673682400000,0.183
673686000000,0.175
673689600000,0.167
673693200000,0.16
673696800000,0.156
673700400000,0.134
673704000000,0.112
673707600000,0.108
673711200000,0.122
673714800000,0.153
673718400000,0.159
673722000000,0.143
673725600000,0.151
673729200000,0.186
673732800000,0.219
673736400000,0.227
673740000000,0.194
673743600000,0.179
673747200000,0.16
673750800000,0.141
673754400000,0.118
673758000000,0.104
673761600000,0.101
673765200000,0.096
673768800000,0.085
673772400000,0.069
673776000000,0.057
673779600000,0.044
673783200000,0.035
673786800000,0.029
673790400000,0.016
673794000000,0.013
673797600000,0.016
673801200000,0.02
673804800000,0.025
673808400000,0.04
673812000000,0.061
673815600000,0.078
673819200000,0.091
673822800000,0.095
673826400000,0.085
673830000000,0.105
673833600000,0.099
673837200000,0.078
673840800000,0.059
673844400000,0.05
673848000000,0.046
673851600000,0.042
673855200000,0.041
673858800000,0.058
673862400000,0.066
673866000000,0.059
673869600000,0.057
673873200000,0.059
673876800000,0.07
673880400000,0.096
673884000000,0.132
673887600000,0.167
673891200000,0.2
673894800000,0.243
673898400000,0.297
673902000000,0.313
673905600000,0.304
673909200000,0.264
673912800000,0.208
673916400000,0.177
673920000000,0.134
673923600000,0.101
673927200000,0.083
673930800000,0.067
673934400000,0.051
673938000000,0.033
673941600000,0.018
673945200000,0.012
673948800000,0.007
673952400000,0.006
673956000000,0.014
673959600000,0.018
673963200000,0.023
673966800000,0.03
673970400000,0.042
673974000000,0.051
673977600000,0.062
673981200000,0.068
673984800000,0.072
673988400000,0.082
673992000000,0.095
673995600000,0.097
673999200000,0.078
674002800000,0.064
674006400000,0.055
674010000000,0.053
674013600000,0.054
674017200000,0.058
674020800000,0.061
674024400000,0.063
674028000000,0.069
674031600000,0.073
674035200000,0.076
674038800000,0.076
674042400000,0.073
674046000000,0.05
674049600000,0.026
674053200000,0.012
674056800000,0.006
674060400000,0.008
674064000000,0.014
674067600000,0.021
674071200000,0.027
674074800000,0.032
674078400000,0.033
674082000000,0.028
674085600000,0.017
674089200000,0.012
674092800000,0.006
674096400000,0.005
674100000000,0.009
674103600000,0.022
674107200000,0.048
674110800000,0.083
674114400000,0.118
674118000000,0.139
674121600000,0.135
674125200000,0.107
674128800000,0.07
674132400000,0.043
674136000000,0.028
674139600000,0.023
674143200000,0.029
674146800000,0.042
674150400000,0.043
674154000000,0.035
674157600000,0.04
674161200000,0.051
674164800000,0.062
674168400000,0.073
674172000000,0.067
674175600000,0.064
674179200000,0.065
674182800000,0.076
674186400000,0.094
674190000000,0.113
674193600000,0.135
674197200000,0.168
674200800000,0.207
674204400000,0.256
674208000000,0.303
674211600000,0.311
674215200000,0.259
674218800000,0.186
674222400000,0.13
674226000000,0.103
674229600000,0.094
674233200000,0.08
674236800000,0.058
674240400000,0.036
674244000000,0.023
674247600000,0.018
674251200000,0.021
674254800000,0.04
674258400000,0.049
674262000000,0.058
674265600000,0.07
674269200000,0.094
674272800000,0.127
674276400000,0.152
674280000000,0.164
674283600000,0.175
674287200000,0.179
674290800000,0.179
674294400000,0.17
674298000000,0.148
674301600000,0.13
674305200000,0.112
674308800000,0.1
674312400000,0.086
674316000000,0.075
674319600000,0.065
674323200000,0.054
674326800000,0.032
674330400000,0.016
674334000000,0.008
674337600000,0.002
674341200000,0.001
674344800000,0.0
674348400000,0.001
674352000000,0.007
674355600000,0.013
674359200000,0.017
674362800000,0.018
674366400000,0.018
674370000000,0.017
674373600000,0.012
674377200000,0.006
674380800000,0.001
674384400000,0.0
674388000000,0.0
674391600000,0.001
674395200000,0.003
674398800000,0.007
674402400000,0.013
674406000000,0.017
674409600000,0.02
674413200000,0.022
674416800000,0.02
674420400000,0.017
674424000000,0.009
674427600000,0.003
674431200000,0.0
674434800000,0.0
674438400000,0.002
674442000000,0.013
674445600000,0.039
674449200000,0.069
674452800000,0.092
674456400000,0.103
674460000000,0.108
674463600000,0.112
674467200000,0.115
674470800000,0.117
674474400000,0.132
674478000000,0.145
674481600000,0.145
674485200000,0.144
674488800000,0.139
674492400000,0.137
674496000000,0.14
674499600000,0.149
674503200000,0.147
674506800000,0.133
674510400000,0.125
674514000000,0.112
674517600000,0.087
674521200000,0.099
674524800000,0.138
674528400000,0.156
674532000000,0.147
674535600000,0.144
674539200000,0.147
674542800000,0.145
674546400000,0.144
674550000000,0.145
674553600000,0.155
674557200000,0.169
674560800000,0.192
674564400000,0.199
674568000000,0.203
674571600000,0.21
674575200000,0.196
674578800000,0.174
674582400000,0.158
674586000000,0.157
674589600000,0.162
674593200000,0.156
674596800000,0.148
674600400000,0.134
674604000000,0.107
674607600000,0.104
674611200000,0.108
674614800000,0.132
674618400000,0.159
674622000000,0.196
674625600000,0.233
674629200000,0.259
674632800000,0.276
674636400000,0.28
674640000000,0.28
674643600000,0.258
674647200000,0.272
674650800000,0.272
674654400000,0.278
674658000000,0.291
674661600000,0.361
674665200000,0.374
674668800000,0.378
674672400000,0.376
674676000000,0.376
674679600000,0.386
674683200000,0.404
674686800000,0.424
674690400000,0.474
674694000000,0.566
674697600000,0.591
674701200000,0.595
674704800000,0.591
674708400000,0.604
674712000000,0.63
674715600000,0.651
674719200000,0.67
674722800000,0.683
674726400000,0.687
674730000000,0.633
674733600000,0.509
674737200000,0.441
674740800000,0.437
674744400000,0.452
674748000000,0.443
674751600000,0.451
674755200000,0.454
674758800000,0.451
674762400000,0.445
674766000000,0.443
674769600000,0.442
674773200000,0.402
674776800000,0.378
674780400000,0.414
674784000000,0.405
674787600000,0.392
674791200000,0.347
674794800000,0.31
674798400000,0.294
674802000000,0.266
674805600000,0.252
674809200000,0.243
674812800000,0.231
674816400000,0.199
674820000000,0.154
674823600000,0.139
674827200000,0.143
674830800000,0.161
674834400000,0.184
674838000000,0.208
674841600000,0.225
674845200000,0.251
674848800000,0.264
674852400000,0.258
674856000000,0.227
674859600000,0.186
674863200000,0.139
674866800000,0.141
674870400000,0.159
674874000000,0.166
674877600000,0.158
674881200000,0.151
674884800000,0.151
674888400000,0.155
674892000000,0.155
674895600000,0.149
674899200000,0.131
674902800000,0.112
674906400000,0.113
674910000000,0.125
674913600000,0.139
674917200000,0.158
674920800000,0.177
674924400000,0.18
674928000000,0.192
674931600000,0.213
674935200000,0.228
674938800000,0.241
674942400000,0.249
674946000000,0.232
674949600000,0.172
674953200000,0.161
674956800000,0.126
674960400000,0.09
674964000000,0.068
674967600000,0.067
674971200000,0.076
674974800000,0.084
674978400000,0.091
674982000000,0.093
674985600000,0.089
674989200000,0.086
674992800000,0.099
674996400000,0.093
675000000000,0.084
675003600000,0.082
675007200000,0.087
675010800000,0.09
675014400000,0.093
675018000000,0.101
675021600000,0.114
675025200000,0.126
675028800000,0.134
675032400000,0.134
675036000000,0.118
675039600000,0.124
675043200000,0.134
675046800000,0.145
675050400000,0.151
675054000000,0.155
675057600000,0.16
675061200000,0.167
675064800000,0.182
675068400000,0.204
675072000000,0.225
675075600000,0.243
675079200000,0.271
675082800000,0.278
675086400000,0.279
675090000000,0.286
675093600000,0.284
675097200000,0.278
675100800000,0.27
675104400000,0.261
675108000000,0.241
675111600000,0.229
675115200000,0.213
675118800000,0.192
675122400000,0.155
675126000000,0.148
675129600000,0.132
675133200000,0.115
675136800000,0.105
675140400000,0.11
675144000000,0.122
675147600000,0.132
675151200000,0.139
675154800000,0.156
675158400000,0.177
675162000000,0.201
675165600000,0.225
675169200000,0.22
675172800000,0.217
675176400000,0.22
675180000000,0.244
675183600000,0.272
675187200000,0.294
675190800000,0.308
675194400000,0.328
675198000000,0.332
675201600000,0.342
675205200000,0.325
675208800000,0.28
675212400000,0.274
675216000000,0.243
675219600000,0.212
675223200000,0.179
675226800000,0.167
675230400000,0.172
675234000000,0.186
675237600000,0.214
675241200000,0.248
675244800000,0.287
675248400000,0.32
675252000000,0.32
675255600000,0.325
675259200000,0.342
675262800000,0.332
675266400000,0.337
675270000000,0.332
675273600000,0.294
675277200000,0.267
675280800000,0.264
675284400000,0.272
675288000000,0.267
675291600000,0.27
675295200000,0.297
675298800000,0.334
675302400000,0.325
675306000000,0.313
675309600000,0.3
675313200000,0.289
675316800000,0.287
675320400000,0.29
675324000000,0.294
675327600000,0.296
675331200000,0.305
675334800000,0.328
675338400000,0.343
675342000000,0.345
675345600000,0.314
675349200000,0.302
675352800000,0.291
675356400000,0.291
675360000000,0.275
675363600000,0.267
675367200000,0.291
675370800000,0.309
675374400000,0.318
675378000000,0.289
675381600000,0.285
675385200000,0.323
675388800000,0.332
675392400000,0.336
675396000000,0.334
675399600000,0.364
675403200000,0.413
675406800000,0.436
675410400000,0.443
675414000000,0.442
675417600000,0.43
675421200000,0.388
675424800000,0.323
675428400000,0.287
675432000000,0.317
675435600000,0.337
675439200000,0.337
675442800000,0.298
675446400000,0.278
675450000000,0.251
675453600000,0.219
675457200000,0.205
675460800000,0.225
675464400000,0.245
675468000000,0.265
675471600000,0.349
675475200000,0.393
675478800000,0.416
675482400000,0.435
675486000000,0.466
675489600000,0.491
675493200000,0.503
675496800000,0.505
675500400000,0.51
675504000000,0.512
675507600000,0.493
675511200000,0.407
675514800000,0.349
675518400000,0.3
675522000000,0.278
675525600000,0.31
675529200000,0.317
675532800000,0.307
675536400000,0.297
675540000000,0.316
675543600000,0.337
675547200000,0.361
675550800000,0.367
675554400000,0.367
675558000000,0.439
675561600000,0.435
675565200000,0.377
675568800000,0.311
675572400000,0.278
675576000000,0.28
675579600000,0.291
675583200000,0.306
675586800000,0.332
675590400000,0.352
675594000000,0.307
675597600000,0.259
675601200000,0.253
675604800000,0.292
675608400000,0.337
675612000000,0.352
675615600000,0.348
675619200000,0.351
675622800000,0.388
675626400000,0.442
675630000000,0.457
675633600000,0.466
675637200000,0.439
675640800000,0.481
675644400000,0.647
675648000000,0.741
675651600000,0.727
675655200000,0.671
675658800000,0.646
675662400000,0.666
675666000000,0.681
675669600000,0.692
675673200000,0.7
675676800000,0.687
675680400000,0.627
675684000000,0.489
675687600000,0.401
675691200000,0.413
675694800000,0.456
675698400000,0.481
675702000000,0.471
675705600000,0.434
675709200000,0.398
675712800000,0.349
675716400000,0.338
675720000000,0.368
675723600000,0.382
675727200000,0.395
675730800000,0.504
675734400000,0.535
675738000000,0.541
675741600000,0.55
675745200000,0.587
675748800000,0.629
675752400000,0.63
675756000000,0.606
675759600000,0.567
675763200000,0.523
675766800000,0.422
675770400000,0.305
675774000000,0.292
675777600000,0.291
675781200000,0.295
675784800000,0.289
675788400000,0.334
675792000000,0.357
675795600000,0.324
675799200000,0.296
675802800000,0.293
675806400000,0.31
675810000000,0.322
675813600000,0.43
675817200000,0.554
675820800000,0.585
675824400000,0.563
675828000000,0.516
675831600000,0.474
675835200000,0.432
675838800000,0.394
675842400000,0.358
675846000000,0.332
675849600000,0.313
675853200000,0.277
675856800000,0.249
675860400000,0.229
675864000000,0.214
675867600000,0.205
675871200000,0.199
675874800000,0.21
675878400000,0.21
675882000000,0.227
675885600000,0.237
675889200000,0.257
675892800000,0.274
675896400000,0.279
675900000000,0.308
675903600000,0.428
675907200000,0.533
675910800000,0.601
675914400000,0.621
675918000000,0.626
675921600000,0.626
675925200000,0.623
675928800000,0.61
675932400000,0.588
675936000000,0.568
675939600000,0.528
675943200000,0.426
675946800000,0.337
675950400000,0.314
675954000000,0.334
675957600000,0.374
675961200000,0.377
675964800000,0.358
675968400000,0.345
675972000000,0.367
675975600000,0.385
675979200000,0.429
675982800000,0.457
675986400000,0.55
675990000000,0.62
675993600000,0.614
675997200000,0.568
676000800000,0.515
676004400000,0.494
676008000000,0.493
676011600000,0.482
676015200000,0.466
676018800000,0.454
676022400000,0.438
676026000000,0.391
676029600000,0.315
676033200000,0.255
676036800000,0.203
676040400000,0.192
676044000000,0.191
676047600000,0.19
676051200000,0.203
676054800000,0.227
676058400000,0.243
676062000000,0.237
676065600000,0.243
676069200000,0.237
676072800000,0.294
676076400000,0.322
676080000000,0.317
676083600000,0.291
676087200000,0.257
676090800000,0.233
676094400000,0.225
676098000000,0.222
676101600000,0.216
676105200000,0.207
676108800000,0.201
676112400000,0.188
676116000000,0.161
676119600000,0.16
676123200000,0.169
676126800000,0.189
676130400000,0.197
676134000000,0.202
676137600000,0.22
676141200000,0.232
676144800000,0.243
676148400000,0.255
676152000000,0.272
676155600000,0.256
676159200000,0.213
676162800000,0.167
676166400000,0.108
676170000000,0.069
676173600000,0.045
676177200000,0.034
676180800000,0.028
676184400000,0.023
676188000000,0.023
676191600000,0.037
676195200000,0.033
676198800000,0.025
676202400000,0.019
676206000000,0.014
676209600000,0.013
676213200000,0.019
676216800000,0.033
676220400000,0.046
676224000000,0.057
676227600000,0.064
676231200000,0.075
676234800000,0.08
676238400000,0.084
676242000000,0.079
676245600000,0.068
676249200000,0.078
676252800000,0.085
676256400000,0.078
676260000000,0.073
676263600000,0.076
676267200000,0.084
676270800000,0.092
676274400000,0.094
676278000000,0.099
676281600000,0.118
676285200000,0.131
676288800000,0.121
676292400000,0.112
676296000000,0.1
676299600000,0.096
676303200000,0.099
676306800000,0.095
676310400000,0.09
676314000000,0.095
676317600000,0.102
676321200000,0.118
676324800000,0.133
676328400000,0.14
676332000000,0.169
676335600000,0.227
676339200000,0.259
676342800000,0.274
676346400000,0.269
676350000000,0.247
676353600000,0.214
676357200000,0.181
676360800000,0.15
676364400000,0.134
676368000000,0.112
676371600000,0.069
676375200000,0.032
676378800000,0.034
676382400000,0.042
676386000000,0.052
676389600000,0.069
676393200000,0.088
676396800000,0.114
676400400000,0.14
676404000000,0.154
676407600000,0.156
676411200000,0.173
676414800000,0.177
676418400000,0.173
676422000000,0.21
676425600000,0.233
676429200000,0.245
676432800000,0.232
676436400000,0.198
676440000000,0.161
676443600000,0.123
676447200000,0.095
676450800000,0.073
676454400000,0.055
676458000000,0.041
676461600000,0.034
676465200000,0.026
676468800000,0.022
676472400000,0.02
676476000000,0.021
676479600000,0.039
676483200000,0.053
676486800000,0.066
676490400000,0.079
676494000000,0.094
676497600000,0.118
676501200000,0.143
676504800000,0.127
676508400000,0.121
676512000000,0.093
676515600000,0.061
676519200000,0.035
676522800000,0.021
676526400000,0.015
676530000000,0.015
676533600000,0.022
676537200000,0.026
676540800000,0.035
676544400000,0.038
676548000000,0.032
676551600000,0.025
676555200000,0.017
676558800000,0.01
676562400000,0.005
676566000000,0.003
676569600000,0.003
676573200000,0.004
676576800000,0.008
676580400000,0.013
676584000000,0.02
676587600000,0.025
676591200000,0.023
676594800000,0.021
676598400000,0.02
676602000000,0.021
676605600000,0.023
676609200000,0.03
676612800000,0.042
676616400000,0.058
676620000000,0.067
676623600000,0.062
676627200000,0.054
676630800000,0.045
676634400000,0.042
676638000000,0.034
676641600000,0.019
676645200000,0.008
676648800000,0.003
676652400000,0.003
676656000000,0.009
676659600000,0.017
676663200000,0.019
676666800000,0.014
676670400000,0.008
676674000000,0.006
676677600000,0.004
676681200000,0.002
676684800000,0.001
676688400000,0.001
676692000000,0.002
676695600000,0.002
676699200000,0.002
676702800000,0.002
676706400000,0.005
676710000000,0.007
676713600000,0.005
676717200000,0.003
676720800000,0.002
676724400000,0.001
676728000000,0.001
676731600000,0.002
676735200000,0.007
676738800000,0.021
676742400000,0.045
676746000000,0.078
676749600000,0.101
676753200000,0.118
676756800000,0.147
676760400000,0.167
676764000000,0.153
676767600000,0.166
676771200000,0.192
676774800000,0.203
676778400000,0.234
676782000000,0.293
676785600000,0.352
676789200000,0.383
676792800000,0.379
676796400000,0.341
676800000000,0.282
676803600000,0.235
676807200000,0.253
676810800000,0.291
676814400000,0.317
676818000000,0.325
676821600000,0.324
676825200000,0.341
676828800000,0.368
676832400000,0.41
676836000000,0.434
676839600000,0.433
676843200000,0.485
676846800000,0.48
676850400000,0.462
676854000000,0.578
676857600000,0.687
676861200000,0.736
676864800000,0.765
676868400000,0.773
676872000000,0.767
676875600000,0.753
676879200000,0.739
676882800000,0.704
676886400000,0.638
676890000000,0.553
676893600000,0.535
676897200000,0.541
676900800000,0.543
676904400000,0.529
676908000000,0.524
676911600000,0.519
676915200000,0.489
676918800000,0.501
676922400000,0.517
676926000000,0.505
676929600000,0.484
676933200000,0.473
676936800000,0.436
676940400000,0.403
676944000000,0.491
676947600000,0.593
676951200000,0.639
676954800000,0.663
676958400000,0.69
676962000000,0.734
676965600000,0.774
676969200000,0.794
676972800000,0.752
676976400000,0.673
676980000000,0.586
676983600000,0.557
676987200000,0.56
676990800000,0.556
676994400000,0.534
676998000000,0.501
677001600000,0.476
677005200000,0.447
677008800000,0.416
677012400000,0.389
677016000000,0.366
677019600000,0.357
677023200000,0.356
677026800000,0.459
677030400000,0.629
677034000000,0.712
677037600000,0.763
677041200000,0.793
677044800000,0.808
677048400000,0.814
677052000000,0.812
677055600000,0.786
677059200000,0.709
677062800000,0.651
677066400000,0.647
677070000000,0.619
677073600000,0.613
677077200000,0.586
677080800000,0.54
677084400000,0.484
677088000000,0.456
677091600000,0.457
677095200000,0.434
677098800000,0.367
677102400000,0.291
677106000000,0.241
677109600000,0.168
677113200000,0.149
677116800000,0.194
677120400000,0.261
677124000000,0.352
677127600000,0.445
677131200000,0.498
677134800000,0.506
677138400000,0.476
677142000000,0.421
677145600000,0.341
677149200000,0.237
677152800000,0.204
677156400000,0.197
677160000000,0.191
677163600000,0.182
677167200000,0.171
677170800000,0.169
677174400000,0.174
677178000000,0.186
677181600000,0.201
677185200000,0.207
677188800000,0.214
677192400000,0.228
677196000000,0.196
677199600000,0.234
677203200000,0.3
677206800000,0.328
677210400000,0.338
677214000000,0.351
677217600000,0.376
677221200000,0.4
677224800000,0.429
677228400000,0.454
677232000000,0.448
677235600000,0.381
677239200000,0.343
677242800000,0.32
677246400000,0.308
677250000000,0.295
677253600000,0.294
677257200000,0.3
677260800000,0.308
677264400000,0.309
677268000000,0.312
677271600000,0.304
677275200000,0.273
677278800000,0.237
677282400000,0.18
677286000000,0.191
677289600000,0.203
677293200000,0.199
677296800000,0.184
677300400000,0.179
677304000000,0.183
677307600000,0.19
677311200000,0.191
677314800000,0.184
677318400000,0.176
677322000000,0.154
677325600000,0.168
677329200000,0.182
677332800000,0.191
677336400000,0.195
677340000000,0.194
677343600000,0.179
677347200000,0.167
677350800000,0.157
677354400000,0.162
677358000000,0.168
677361600000,0.162
677365200000,0.18
677368800000,0.175
677372400000,0.223
677376000000,0.261
677379600000,0.283
677383200000,0.312
677386800000,0.334
677390400000,0.363
677394000000,0.388
677397600000,0.413
677401200000,0.42
677404800000,0.392
677408400000,0.295
677412000000,0.264
677415600000,0.28
677419200000,0.3
677422800000,0.314
677426400000,0.32
677430000000,0.309
677433600000,0.291
677437200000,0.265
677440800000,0.238
677444400000,0.218
677448000000,0.205
677451600000,0.212
677455200000,0.19
677458800000,0.202
677462400000,0.224
677466000000,0.22
677469600000,0.231
677473200000,0.255
677476800000,0.266
677480400000,0.261
677484000000,0.239
677487600000,0.222
677491200000,0.216
677494800000,0.19
677498400000,0.196
677502000000,0.195
677505600000,0.19
677509200000,0.186
677512800000,0.177
677516400000,0.176
677520000000,0.179
677523600000,0.178
677527200000,0.177
677530800000,0.187
677534400000,0.214
677538000000,0.216
677541600000,0.167
677545200000,0.201
677548800000,0.231
677552400000,0.226
677556000000,0.205
677559600000,0.208
677563200000,0.226
677566800000,0.241
677570400000,0.248
677574000000,0.252
677577600000,0.256
677581200000,0.237
677584800000,0.257
677588400000,0.233
677592000000,0.217
677595600000,0.232
677599200000,0.218
677602800000,0.227
677606400000,0.244
677610000000,0.256
677613600000,0.252
677617200000,0.245
677620800000,0.251
677624400000,0.236
677628000000,0.176
677631600000,0.202
677635200000,0.22
677638800000,0.208
677642400000,0.201
677646000000,0.219
677649600000,0.251
677653200000,0.274
677656800000,0.29
677660400000,0.308
677664000000,0.312
677667600000,0.305
677671200000,0.296
677674800000,0.289
677678400000,0.28
677682000000,0.249
677685600000,0.218
677689200000,0.179
677692800000,0.155
677696400000,0.133
677700000000,0.11
677703600000,0.092
677707200000,0.091
677710800000,0.095
677714400000,0.069
677718000000,0.063
677721600000,0.054
677725200000,0.042
677728800000,0.039
677732400000,0.033
677736000000,0.024
677739600000,0.02
677743200000,0.017
677746800000,0.018
677750400000,0.023
677754000000,0.04
677757600000,0.068
677761200000,0.076
677764800000,0.064
677768400000,0.052
677772000000,0.041
677775600000,0.031
677779200000,0.018
677782800000,0.007
677786400000,0.001
677790000000,0.0
677793600000,0.0
677797200000,0.0
677800800000,0.0
677804400000,0.002
677808000000,0.005
677811600000,0.005
677815200000,0.004
677818800000,0.002
677822400000,0.003
677826000000,0.004
677829600000,0.004
677833200000,0.004
677836800000,0.004
677840400000,0.003
677844000000,0.003
677847600000,0.002
677851200000,0.001
677854800000,0.001
677858400000,0.0
677862000000,0.0
677865600000,0.0
677869200000,0.001
677872800000,0.002
677876400000,0.003
677880000000,0.008
677883600000,0.018
677887200000,0.022
677890800000,0.027
677894400000,0.026
677898000000,0.021
677901600000,0.014
677905200000,0.016
677908800000,0.027
677912400000,0.047
677916000000,0.069
677919600000,0.092
677923200000,0.11
677926800000,0.133
677930400000,0.187
677934000000,0.228
677937600000,0.249
677941200000,0.27
677944800000,0.283
677948400000,0.264
677952000000,0.228
677955600000,0.211
677959200000,0.188
677962800000,0.159
677966400000,0.132
677970000000,0.116
677973600000,0.092
677977200000,0.068
677980800000,0.055
677984400000,0.036
677988000000,0.025
677991600000,0.017
677995200000,0.011
677998800000,0.007
678002400000,0.005
678006000000,0.003
678009600000,0.002
678013200000,0.003
678016800000,0.008
678020400000,0.015
678024000000,0.021
678027600000,0.029
678031200000,0.041
678034800000,0.061
678038400000,0.084
678042000000,0.103
678045600000,0.124
678049200000,0.152
678052800000,0.177
678056400000,0.161
678060000000,0.138
678063600000,0.12
678067200000,0.122
678070800000,0.107
678074400000,0.086
678078000000,0.088
678081600000,0.101
678085200000,0.104
678088800000,0.104
678092400000,0.099
678096000000,0.092
678099600000,0.092
678103200000,0.094
678106800000,0.086
678110400000,0.076
678114000000,0.077
678117600000,0.084
678121200000,0.084
678124800000,0.08
678128400000,0.082
678132000000,0.082
678135600000,0.073
678139200000,0.062
678142800000,0.056
678146400000,0.042
678150000000,0.043
678153600000,0.038
678157200000,0.031
678160800000,0.025
678164400000,0.018
678168000000,0.01
678171600000,0.004
678175200000,0.002
678178800000,0.001
678182400000,0.002
678186000000,0.003
678189600000,0.004
678193200000,0.004
678196800000,0.005
678200400000,0.005
678204000000,0.005
678207600000,0.009
678211200000,0.017
678214800000,0.03
678218400000,0.035
678222000000,0.029
678225600000,0.029
678229200000,0.026
678232800000,0.013
678236400000,0.005
678240000000,0.006
678243600000,0.045
678247200000,0.096
678250800000,0.168
678254400000,0.272
678258000000,0.341
678261600000,0.374
678265200000,0.35
678268800000,0.303
678272400000,0.312
678276000000,0.341
678279600000,0.334
678283200000,0.325
678286800000,0.337
678290400000,0.341
678294000000,0.298
678297600000,0.249
678301200000,0.201
678304800000,0.165
678308400000,0.141
678312000000,0.118
678315600000,0.101
678319200000,0.075
678322800000,0.061
678326400000,0.059
678330000000,0.05
678333600000,0.038
678337200000,0.02
678340800000,0.005
678344400000,0.001
678348000000,0.0
678351600000,0.0
678355200000,0.0
678358800000,0.0
678362400000,0.0
678366000000,0.0
678369600000,0.0
678373200000,0.002
678376800000,0.005
678380400000,0.008
678384000000,0.009
678387600000,0.009
678391200000,0.009
678394800000,0.008
678398400000,0.008
678402000000,0.008
678405600000,0.007
678409200000,0.005
678412800000,0.003
678416400000,0.001
678420000000,0.0
678423600000,0.0
678427200000,0.0
678430800000,0.0
678434400000,0.001
678438000000,0.002
678441600000,0.002
678445200000,0.004
678448800000,0.009
678452400000,0.014
678456000000,0.019
678459600000,0.021
678463200000,0.018
678466800000,0.008
678470400000,0.002
678474000000,0.001
678477600000,0.002
678481200000,0.005
678484800000,0.007
678488400000,0.009
678492000000,0.01
678495600000,0.007
678499200000,0.004
678502800000,0.003
678506400000,0.002
678510000000,0.001
678513600000,0.003
678517200000,0.006
678520800000,0.014
678524400000,0.031
678528000000,0.053
678531600000,0.084
678535200000,0.115
678538800000,0.136
678542400000,0.149
678546000000,0.162
678549600000,0.183
678553200000,0.213
678556800000,0.231
678560400000,0.219
678564000000,0.184
678567600000,0.153
678571200000,0.151
678574800000,0.167
678578400000,0.157
678582000000,0.138
678585600000,0.105
678589200000,0.062
678592800000,0.029
678596400000,0.019
678600000000,0.02
678603600000,0.02
678607200000,0.021
678610800000,0.023
678614400000,0.029
678618000000,0.035
678621600000,0.038
678625200000,0.046
678628800000,0.054
678632400000,0.06
678636000000,0.067
678639600000,0.073
678643200000,0.079
678646800000,0.083
678650400000,0.084
678654000000,0.086
678657600000,0.093
678661200000,0.099
678664800000,0.087
678668400000,0.083
678672000000,0.069
678675600000,0.046
678679200000,0.029
678682800000,0.017
678686400000,0.01
678690000000,0.005
678693600000,0.003
678697200000,0.002
678700800000,0.002
678704400000,0.002
678708000000,0.004
678711600000,0.007
678715200000,0.011
678718800000,0.019
678722400000,0.025
678726000000,0.019
678729600000,0.012
678733200000,0.009
678736800000,0.009
678740400000,0.012
678744000000,0.016
678747600000,0.024
678751200000,0.028
678754800000,0.033
678758400000,0.034
678762000000,0.035
678765600000,0.035
678769200000,0.035
678772800000,0.034
678776400000,0.036
678780000000,0.039
678783600000,0.035
678787200000,0.03
678790800000,0.03
678794400000,0.034
678798000000,0.039
678801600000,0.053
678805200000,0.074
678808800000,0.104
678812400000,0.137
678816000000,0.193
678819600000,0.264
678823200000,0.317
678826800000,0.332
678830400000,0.289
678834000000,0.223
678837600000,0.172
678841200000,0.154
678844800000,0.207
678848400000,0.241
678852000000,0.228
678855600000,0.194
678859200000,0.148
678862800000,0.095
678866400000,0.05
678870000000,0.022
678873600000,0.01
678877200000,0.005
678880800000,0.001
678884400000,0.001
678888000000,0.0
678891600000,0.0
678895200000,0.001
678898800000,0.0
678902400000,0.001
678906000000,0.0
678909600000,0.0
678913200000,0.0
678916800000,0.0
678920400000,0.0
678924000000,0.0
678927600000,0.0
678931200000,0.0
678934800000,0.0
678938400000,0.001
678942000000,0.002
678945600000,0.005
678949200000,0.009
678952800000,0.015
678956400000,0.018
678960000000,0.016
678963600000,0.012
678967200000,0.007
678970800000,0.004
678974400000,0.011
678978000000,0.035
678981600000,0.07
678985200000,0.111
678988800000,0.147
678992400000,0.179
678996000000,0.213
678999600000,0.252
679003200000,0.279
679006800000,0.272
679010400000,0.225
679014000000,0.183
679017600000,0.179
679021200000,0.172
679024800000,0.169
679028400000,0.184
679032000000,0.186
679035600000,0.17
679039200000,0.189
679042800000,0.254
679046400000,0.3
679050000000,0.291
679053600000,0.319
679057200000,0.381
679060800000,0.457
679064400000,0.488
679068000000,0.484
679071600000,0.517
679075200000,0.59
679078800000,0.671
679082400000,0.738
679086000000,0.768
679089600000,0.778
679093200000,0.823
679096800000,0.819
679100400000,0.782
679104000000,0.748
679107600000,0.751
679111200000,0.777
679114800000,0.809
679118400000,0.836
679122000000,0.845
679125600000,0.836
679129200000,0.807
679132800000,0.746
679136400000,0.731
679140000000,0.761
679143600000,0.775
679147200000,0.784
679150800000,0.771
679154400000,0.748
679158000000,0.742
679161600000,0.731
679165200000,0.72
679168800000,0.674
679172400000,0.635
679176000000,0.592
679179600000,0.491
679183200000,0.361
679186800000,0.296
679190400000,0.297
679194000000,0.274
679197600000,0.213
679201200000,0.15
679204800000,0.104
679208400000,0.071
679212000000,0.051
679215600000,0.038
679219200000,0.033
679222800000,0.036
679226400000,0.05
679230000000,0.062
679233600000,0.076
679237200000,0.095
679240800000,0.124
679244400000,0.161
679248000000,0.188
679251600000,0.185
679255200000,0.143
679258800000,0.086
679262400000,0.058
679266000000,0.054
679269600000,0.052
679273200000,0.051
679276800000,0.057
679280400000,0.058
679284000000,0.063
679287600000,0.064
679291200000,0.06
679294800000,0.056
679298400000,0.053
679302000000,0.051
679305600000,0.053
679309200000,0.062
679312800000,0.079
679316400000,0.092
679320000000,0.093
679323600000,0.078
679327200000,0.061
679330800000,0.048
679334400000,0.039
679338000000,0.032
679341600000,0.022
679345200000,0.013
679348800000,0.005
679352400000,0.001
679356000000,0.0
679359600000,0.0
679363200000,0.002
679366800000,0.004
679370400000,0.009
679374000000,0.014
679377600000,0.021
679381200000,0.03
679384800000,0.041
679388400000,0.055
679392000000,0.069
679395600000,0.078
679399200000,0.081
679402800000,0.08
679406400000,0.087
679410000000,0.094
679413600000,0.084
679417200000,0.058
679420800000,0.033
679424400000,0.023
679428000000,0.021
679431600000,0.019
679435200000,0.02
679438800000,0.023
679442400000,0.018
679446000000,0.009
679449600000,0.006
679453200000,0.003
679456800000,0.003
679460400000,0.003
679464000000,0.004
679467600000,0.005
679471200000,0.006
679474800000,0.007
679478400000,0.008
679482000000,0.01
679485600000,0.013
679489200000,0.015
679492800000,0.017
679496400000,0.019
679500000000,0.022
679503600000,0.024
679507200000,0.022
679510800000,0.014
679514400000,0.007
679518000000,0.003
679521600000,0.002
679525200000,0.002
679528800000,0.002
679532400000,0.002
679536000000,0.001
679539600000,0.001
679543200000,0.0
679546800000,0.001
679550400000,0.001
679554000000,0.002
679557600000,0.003
679561200000,0.007
679564800000,0.014
679568400000,0.03
679572000000,0.058
679575600000,0.085
679579200000,0.113
679582800000,0.136
679586400000,0.156
679590000000,0.179
679593600000,0.202
679597200000,0.227
679600800000,0.246
679604400000,0.272
679608000000,0.284
679611600000,0.287
679615200000,0.272
679618800000,0.285
679622400000,0.346
679626000000,0.388
679629600000,0.405
679633200000,0.423
679636800000,0.436
679640400000,0.431
679644000000,0.396
679647600000,0.338
679651200000,0.251
679654800000,0.192
679658400000,0.188
679662000000,0.204
679665600000,0.209
679669200000,0.219
679672800000,0.22
679676400000,0.245
679680000000,0.289
679683600000,0.311
679687200000,0.338
679690800000,0.376
679694400000,0.4
679698000000,0.405
679701600000,0.373
679705200000,0.408
679708800000,0.467
679712400000,0.467
679716000000,0.466
679719600000,0.48
679723200000,0.503
679726800000,0.516
679730400000,0.479
679734000000,0.397
679737600000,0.32
679741200000,0.304
679744800000,0.341
679748400000,0.391
679752000000,0.413
679755600000,0.43
679759200000,0.478
679762800000,0.519
679766400000,0.543
679770000000,0.544
679773600000,0.51
679777200000,0.518
679780800000,0.495
679784400000,0.484
679788000000,0.48
679791600000,0.467
679795200000,0.543
679798800000,0.682
679802400000,0.746
679806000000,0.78
679809600000,0.802
679813200000,0.809
679816800000,0.799
679820400000,0.746
679824000000,0.65
679827600000,0.593
679831200000,0.594
679834800000,0.586
679838400000,0.594
679842000000,0.625
679845600000,0.672
679849200000,0.679
679852800000,0.666
679856400000,0.647
679860000000,0.613
679863600000,0.58
679867200000,0.552
679870800000,0.529
679874400000,0.46
679878000000,0.426
679881600000,0.513
679885200000,0.563
679888800000,0.605
679892400000,0.651
679896000000,0.682
679899600000,0.688
679903200000,0.683
679906800000,0.61
679910400000,0.456
679914000000,0.336
679917600000,0.294
679921200000,0.278
679924800000,0.272
679928400000,0.249
679932000000,0.22
679935600000,0.217
679939200000,0.219
679942800000,0.217
679946400000,0.198
679950000000,0.18
679953600000,0.181
679957200000,0.192
679960800000,0.163
679964400000,0.137
679968000000,0.133
679971600000,0.118
679975200000,0.104
679978800000,0.114
679982400000,0.155
679986000000,0.221
679989600000,0.286
679993200000,0.291
679996800000,0.249
680000400000,0.23
680004000000,0.241
680007600000,0.259
680011200000,0.294
680014800000,0.369
680018400000,0.361
680022000000,0.254
680025600000,0.234
680029200000,0.307
680032800000,0.357
680036400000,0.34
680040000000,0.351
680043600000,0.374
680047200000,0.376
680050800000,0.398
680054400000,0.44
680058000000,0.468
680061600000,0.497
680065200000,0.538
680068800000,0.586
680072400000,0.642
680076000000,0.663
680079600000,0.572
680083200000,0.465
680086800000,0.398
680090400000,0.403
680094000000,0.4
680097600000,0.423
680101200000,0.454
680104800000,0.449
680108400000,0.422
680112000000,0.397
680115600000,0.42
680119200000,0.422
680122800000,0.422
680126400000,0.413
680130000000,0.407
680133600000,0.358
680137200000,0.398
680140800000,0.481
680144400000,0.543
680148000000,0.602
680151600000,0.639
680155200000,0.661
680158800000,0.678
680162400000,0.683
680166000000,0.642
680169600000,0.538
680173200000,0.492
680176800000,0.495
680180400000,0.438
680184000000,0.345
680187600000,0.332
680191200000,0.367
680194800000,0.368
680198400000,0.357
680202000000,0.355
680205600000,0.337
680209200000,0.315
680212800000,0.309
680216400000,0.275
680220000000,0.217
680223600000,0.162
680227200000,0.171
680230800000,0.177
680234400000,0.161
680238000000,0.164
680241600000,0.182
680245200000,0.201
680248800000,0.206
680252400000,0.192
680256000000,0.152
680259600000,0.12
680263200000,0.123
680266800000,0.117
680270400000,0.106
680274000000,0.102
680277600000,0.113
680281200000,0.115
680284800000,0.107
680288400000,0.108
680292000000,0.104
680295600000,0.102
680299200000,0.09
680302800000,0.088
680306400000,0.083
680310000000,0.076
680313600000,0.103
680317200000,0.137
680320800000,0.162
680324400000,0.167
680328000000,0.174
680331600000,0.18
680335200000,0.197
680338800000,0.214
680342400000,0.208
680346000000,0.194
680349600000,0.22
680353200000,0.237
680356800000,0.262
680360400000,0.25
680364000000,0.221
680367600000,0.223
680371200000,0.226
680374800000,0.227
680378400000,0.231
680382000000,0.236
680385600000,0.25
680389200000,0.275
680392800000,0.272
680396400000,0.289
680400000000,0.334
680403600000,0.392
680407200000,0.449
680410800000,0.485
680414400000,0.509
680418000000,0.523
680421600000,0.519
680425200000,0.491
680428800000,0.459
680432400000,0.459
680436000000,0.472
680439600000,0.459
680443200000,0.451
680446800000,0.447
680450400000,0.449
680454000000,0.46
680457600000,0.47
680461200000,0.474
680464800000,0.476
680468400000,0.476
680472000000,0.448
680475600000,0.454
680479200000,0.409
680482800000,0.416
680486400000,0.488
680490000000,0.509
680493600000,0.509
680497200000,0.509
680500800000,0.505
680504400000,0.494
680508000000,0.466
680511600000,0.407
680515200000,0.31
680518800000,0.254
680522400000,0.254
680526000000,0.246
680529600000,0.241
680533200000,0.247
680536800000,0.273
680540400000,0.313
680544000000,0.333
680547600000,0.35
680551200000,0.349
680554800000,0.318
680558400000,0.295
680562000000,0.298
680565600000,0.286
680569200000,0.27
680572800000,0.317
680576400000,0.346
680580000000,0.361
680583600000,0.362
680587200000,0.358
680590800000,0.355
680594400000,0.334
680598000000,0.278
680601600000,0.22
680605200000,0.201
680608800000,0.199
680612400000,0.183
680616000000,0.176
680619600000,0.18
680623200000,0.179
680626800000,0.183
680630400000,0.195
680634000000,0.206
680637600000,0.213
680641200000,0.214
680644800000,0.215
680648400000,0.212
680652000000,0.192
680655600000,0.16
680659200000,0.208
680662800000,0.249
680666400000,0.248
680670000000,0.255
680673600000,0.26
680677200000,0.254
680680800000,0.241
680684400000,0.213
680688000000,0.176
680691600000,0.152
680695200000,0.149
680698800000,0.142
680702400000,0.13
680706000000,0.119
680709600000,0.112
680713200000,0.108
680716800000,0.103
680720400000,0.096
680724000000,0.102
680727600000,0.128
680731200000,0.14
680734800000,0.126
680738400000,0.101
680742000000,0.073
680745600000,0.067
680749200000,0.054
680752800000,0.039
680756400000,0.031
680760000000,0.03
680763600000,0.027
680767200000,0.02
680770800000,0.013
680774400000,0.008
680778000000,0.005
680781600000,0.004
680785200000,0.004
680788800000,0.005
680792400000,0.005
680796000000,0.006
680799600000,0.011
680803200000,0.014
680806800000,0.016
680810400000,0.015
680814000000,0.011
680817600000,0.01
680821200000,0.009
680824800000,0.005
680828400000,0.002
680832000000,0.001
680835600000,0.001
680839200000,0.001
680842800000,0.002
680846400000,0.003
680850000000,0.005
680853600000,0.007
680857200000,0.009
680860800000,0.013
680864400000,0.014
680868000000,0.013
680871600000,0.012
680875200000,0.008
680878800000,0.004
680882400000,0.001
680886000000,0.0
680889600000,0.0
680893200000,0.0
680896800000,0.0
680900400000,0.0
680904000000,0.0
680907600000,0.0
680911200000,0.0
680914800000,0.0
680918400000,0.0
680922000000,0.0
680925600000,0.0
680929200000,0.0
680932800000,0.001
680936400000,0.003
680940000000,0.007
680943600000,0.013
680947200000,0.025
680950800000,0.041
680954400000,0.057
680958000000,0.067
680961600000,0.082
680965200000,0.111
680968800000,0.152
680972400000,0.184
680976000000,0.186
680979600000,0.172
680983200000,0.143
680986800000,0.112
680990400000,0.099
680994000000,0.085
680997600000,0.068
681001200000,0.068
681004800000,0.075
681008400000,0.067
681012000000,0.044
681015600000,0.063
681019200000,0.109
681022800000,0.134
681026400000,0.14
681030000000,0.143
681033600000,0.152
681037200000,0.156
681040800000,0.151
681044400000,0.152
681048000000,0.155
681051600000,0.144
681055200000,0.141
681058800000,0.144
681062400000,0.152
681066000000,0.165
681069600000,0.158
681073200000,0.138
681076800000,0.121
681080400000,0.114
681084000000,0.106
681087600000,0.092
681091200000,0.103
681094800000,0.113
681098400000,0.125
681102000000,0.131
681105600000,0.134
681109200000,0.127
681112800000,0.106
681116400000,0.088
681120000000,0.084
681123600000,0.107
681127200000,0.147
681130800000,0.185
681134400000,0.227
681138000000,0.264
681141600000,0.276
681145200000,0.274
681148800000,0.306
681152400000,0.361
681156000000,0.398
681159600000,0.398
681163200000,0.391
681166800000,0.367
681170400000,0.326
681174000000,0.268
681177600000,0.296
681181200000,0.35
681184800000,0.372
681188400000,0.376
681192000000,0.376
681195600000,0.364
681199200000,0.326
681202800000,0.261
681206400000,0.2
681210000000,0.22
681213600000,0.289
681217200000,0.344
681220800000,0.396
681224400000,0.421
681228000000,0.443
681231600000,0.398
681235200000,0.366
681238800000,0.343
681242400000,0.323
681246000000,0.32
681249600000,0.313
681253200000,0.315
681256800000,0.316
681260400000,0.327
681264000000,0.432
681267600000,0.525
681271200000,0.573
681274800000,0.577
681278400000,0.552
681282000000,0.494
681285600000,0.4
681289200000,0.295
681292800000,0.214
681296400000,0.194
681300000000,0.213
681303600000,0.218
681307200000,0.222
681310800000,0.232
681314400000,0.243
681318000000,0.265
681321600000,0.28
681325200000,0.291
681328800000,0.282
681332400000,0.267
681336000000,0.261
681339600000,0.261
681343200000,0.235
681346800000,0.22
681350400000,0.262
681354000000,0.299
681357600000,0.325
681361200000,0.341
681364800000,0.341
681368400000,0.328
681372000000,0.291
681375600000,0.237
681379200000,0.18
681382800000,0.163
681386400000,0.171
681390000000,0.166
681393600000,0.162
681397200000,0.164
681400800000,0.177
681404400000,0.178
681408000000,0.165
681411600000,0.156
681415200000,0.161
681418800000,0.155
681422400000,0.135
681426000000,0.13
681429600000,0.115
681433200000,0.108
681436800000,0.121
681440400000,0.132
681444000000,0.145
681447600000,0.153
681451200000,0.155
681454800000,0.157
681458400000,0.158
681462000000,0.156
681465600000,0.153
681469200000,0.152
681472800000,0.168
681476400000,0.177
681480000000,0.186
681483600000,0.202
681487200000,0.223
681490800000,0.227
681494400000,0.215
681498000000,0.207
681501600000,0.201
681505200000,0.196
681508800000,0.185
681512400000,0.157
681516000000,0.112
681519600000,0.083
681523200000,0.062
681526800000,0.043
681530400000,0.032
681534000000,0.028
681537600000,0.026
681541200000,0.022
681544800000,0.019
681548400000,0.021
681552000000,0.033
681555600000,0.051
681559200000,0.072
681562800000,0.085
681566400000,0.101
681570000000,0.109
681573600000,0.116
681577200000,0.131
681580800000,0.144
681584400000,0.15
681588000000,0.151
681591600000,0.146
681595200000,0.141
681598800000,0.135
681602400000,0.112
681606000000,0.093
681609600000,0.084
681613200000,0.074
681616800000,0.061
681620400000,0.042
681624000000,0.028
681627600000,0.02
681631200000,0.014
681634800000,0.013
681638400000,0.015
681642000000,0.025
681645600000,0.038
681649200000,0.043
681652800000,0.049
681656400000,0.071
681660000000,0.105
681663600000,0.111
681667200000,0.087
681670800000,0.074
681674400000,0.066
681678000000,0.053
681681600000,0.039
681685200000,0.038
681688800000,0.045
681692400000,0.051
681696000000,0.077
681699600000,0.104
681703200000,0.141
681706800000,0.179
681710400000,0.213
681714000000,0.245
681717600000,0.259
681721200000,0.261
681724800000,0.244
681728400000,0.247
681732000000,0.286
681735600000,0.317
681739200000,0.313
681742800000,0.297
681746400000,0.304
681750000000,0.305
681753600000,0.314
681757200000,0.335
681760800000,0.348
681764400000,0.355
681768000000,0.369
681771600000,0.376
681775200000,0.355
681778800000,0.343
681782400000,0.328
681786000000,0.28
681789600000,0.257
681793200000,0.282
681796800000,0.35
681800400000,0.41
681804000000,0.444
681807600000,0.439
681811200000,0.414
681814800000,0.391
681818400000,0.4
681822000000,0.416
681825600000,0.447
681829200000,0.466
681832800000,0.49
681836400000,0.55
681840000000,0.557
681843600000,0.507
681847200000,0.482
681850800000,0.535
681854400000,0.599
681858000000,0.678
681861600000,0.662
681865200000,0.611
681868800000,0.657
681872400000,0.702
681876000000,0.741
681879600000,0.787
681883200000,0.811
681886800000,0.808
681890400000,0.79
681894000000,0.751
681897600000,0.666
681901200000,0.594
681904800000,0.578
681908400000,0.555
681912000000,0.532
681915600000,0.54
681919200000,0.571
681922800000,0.615
681926400000,0.637
681930000000,0.621
681933600000,0.59
681937200000,0.593
681940800000,0.574
681944400000,0.55
681948000000,0.499
681951600000,0.557
681955200000,0.726
681958800000,0.785
681962400000,0.819
681966000000,0.843
681969600000,0.857
681973200000,0.867
681976800000,0.875
681980400000,0.867
681984000000,0.811
681987600000,0.754
681991200000,0.725
681994800000,0.687
681998400000,0.668
682002000000,0.633
682005600000,0.61
682009200000,0.601
682012800000,0.591
682016400000,0.586
682020000000,0.571
682023600000,0.535
682027200000,0.504
682030800000,0.468
682034400000,0.428
682038000000,0.376
682041600000,0.438
682045200000,0.531
682048800000,0.586
682052400000,0.615
682056000000,0.63
682059600000,0.618
682063200000,0.58
682066800000,0.51
682070400000,0.42
682074000000,0.397
682077600000,0.415
682081200000,0.435
682084800000,0.441
682088400000,0.463
682092000000,0.488
682095600000,0.514
682099200000,0.512
682102800000,0.51
682106400000,0.519
682110000000,0.535
682113600000,0.528
682117200000,0.486
682120800000,0.423
682124400000,0.355
682128000000,0.444
682131600000,0.498
682135200000,0.525
682138800000,0.552
682142400000,0.578
682146000000,0.59
682149600000,0.586
682153200000,0.538
682156800000,0.428
682160400000,0.37
682164000000,0.362
682167600000,0.369
682171200000,0.386
682174800000,0.422
682178400000,0.444
682182000000,0.468
682185600000,0.489
682189200000,0.47
682192800000,0.459
682196400000,0.447
682200000000,0.444
682203600000,0.43
682207200000,0.398
682210800000,0.323
682214400000,0.398
682218000000,0.49
682221600000,0.52
682225200000,0.55
682228800000,0.578
682232400000,0.568
682236000000,0.532
682239600000,0.455
682243200000,0.362
682246800000,0.328
682250400000,0.339
682254000000,0.337
682257600000,0.343
682261200000,0.361
682264800000,0.398
682268400000,0.422
682272000000,0.438
682275600000,0.432
682279200000,0.415
682282800000,0.395
682286400000,0.364
682290000000,0.318
682293600000,0.274
682297200000,0.226
682300800000,0.275
682304400000,0.364
682308000000,0.425
682311600000,0.484
682315200000,0.537
682318800000,0.549
682322400000,0.516
682326000000,0.442
682329600000,0.388
682333200000,0.376
682336800000,0.362
682340400000,0.349
682344000000,0.368
682347600000,0.377
682351200000,0.388
682354800000,0.377
682358400000,0.388
682362000000,0.407
682365600000,0.401
682369200000,0.404
682372800000,0.416
682376400000,0.431
682380000000,0.401
682383600000,0.367
682387200000,0.451
682390800000,0.519
682394400000,0.555
682398000000,0.603
682401600000,0.666
682405200000,0.692
682408800000,0.678
682412400000,0.615
682416000000,0.55
682419600000,0.526
682423200000,0.472
682426800000,0.464
682430400000,0.459
682434000000,0.437
682437600000,0.432
682441200000,0.442
682444800000,0.444
682448400000,0.454
682452000000,0.466
682455600000,0.493
682459200000,0.497
682462800000,0.523
682466400000,0.537
682470000000,0.538
682473600000,0.634
682477200000,0.71
682480800000,0.744
682484400000,0.757
682488000000,0.748
682491600000,0.722
682495200000,0.64
682498800000,0.561
682502400000,0.57
682506000000,0.59
682509600000,0.572
682513200000,0.552
682516800000,0.547
682520400000,0.56
682524000000,0.577
682527600000,0.574
682531200000,0.568
682534800000,0.574
682538400000,0.572
682542000000,0.557
682545600000,0.55
682549200000,0.53
682552800000,0.466
682556400000,0.425
682560000000,0.53
682563600000,0.613
682567200000,0.65
682570800000,0.707
682574400000,0.767
682578000000,0.791
682581600000,0.785
682585200000,0.744
682588800000,0.639
682592400000,0.578
682596000000,0.559
682599600000,0.552
682603200000,0.507
682606800000,0.524
682610400000,0.535
682614000000,0.529
682617600000,0.514
682621200000,0.519
682624800000,0.549
682628400000,0.568
682632000000,0.579
682635600000,0.577
682639200000,0.529
682642800000,0.538
682646400000,0.672
682650000000,0.753
682653600000,0.813
682657200000,0.84
682660800000,0.856
682664400000,0.874
682668000000,0.886
682671600000,0.864
682675200000,0.784
682678800000,0.727
682682400000,0.703
682686000000,0.703
682689600000,0.709
682693200000,0.684
682696800000,0.666
682700400000,0.672
682704000000,0.694
682707600000,0.713
682711200000,0.724
682714800000,0.697
682718400000,0.644
682722000000,0.59
682725600000,0.561
682729200000,0.558
682732800000,0.626
682736400000,0.71
682740000000,0.756
682743600000,0.785
682747200000,0.791
682750800000,0.786
682754400000,0.763
682758000000,0.697
682761600000,0.622
682765200000,0.591
682768800000,0.568
682772400000,0.538
682776000000,0.524
682779600000,0.498
682783200000,0.476
682786800000,0.449
682790400000,0.467
682794000000,0.526
682797600000,0.599
682801200000,0.652
682804800000,0.669
682808400000,0.637
682812000000,0.544
682815600000,0.436
682819200000,0.428
682822800000,0.42
682826400000,0.413
682830000000,0.466
682833600000,0.521
682837200000,0.546
682840800000,0.538
682844400000,0.501
682848000000,0.417
682851600000,0.386
682855200000,0.41
682858800000,0.449
682862400000,0.485
682866000000,0.472
682869600000,0.471
682873200000,0.467
682876800000,0.484
682880400000,0.466
682884000000,0.45
682887600000,0.458
682891200000,0.437
682894800000,0.434
682898400000,0.411
682902000000,0.419
682905600000,0.508
682909200000,0.566
682912800000,0.597
682916400000,0.638
682920000000,0.675
682923600000,0.707
682927200000,0.703
682930800000,0.652
682934400000,0.581
682938000000,0.531
682941600000,0.51
682945200000,0.483
682948800000,0.476
682952400000,0.447
682956000000,0.444
682959600000,0.501
682963200000,0.524
682966800000,0.498
682970400000,0.488
682974000000,0.484
682977600000,0.48
682981200000,0.444
682984800000,0.394
682988400000,0.426
682992000000,0.509
682995600000,0.592
682999200000,0.647
683002800000,0.672
683006400000,0.657
683010000000,0.615
683013600000,0.573
683017200000,0.51
683020800000,0.426
683024400000,0.364
683028000000,0.335
683031600000,0.274
683035200000,0.223
683038800000,0.231
683042400000,0.259
683046000000,0.233
683049600000,0.223
683053200000,0.264
683056800000,0.287
683060400000,0.295
683064000000,0.294
683067600000,0.294
683071200000,0.296
683074800000,0.291
683078400000,0.371
683082000000,0.412
683085600000,0.43
683089200000,0.459
683092800000,0.476
683096400000,0.471
683100000000,0.442
683103600000,0.374
683107200000,0.264
683110800000,0.214
683114400000,0.225
683118000000,0.237
683121600000,0.254
683125200000,0.281
683128800000,0.311
683132400000,0.337
683136000000,0.355
683139600000,0.364
683143200000,0.38
683146800000,0.407
683150400000,0.422
683154000000,0.414
683157600000,0.365
683161200000,0.326
683164800000,0.386
683168400000,0.4
683172000000,0.383
683175600000,0.395
683179200000,0.426
683182800000,0.442
683186400000,0.432
683190000000,0.388
683193600000,0.355
683197200000,0.374
683200800000,0.391
683204400000,0.392
683208000000,0.407
683211600000,0.413
683215200000,0.443
683218800000,0.479
683222400000,0.485
683226000000,0.471
683229600000,0.481
683233200000,0.497
683236800000,0.51
683240400000,0.498
683244000000,0.464
683247600000,0.467
683251200000,0.538
683254800000,0.613
683258400000,0.642
683262000000,0.664
683265600000,0.686
683269200000,0.692
683272800000,0.663
683276400000,0.624
683280000000,0.604
683283600000,0.589
683287200000,0.561
683290800000,0.567
683294400000,0.579
683298000000,0.603
683301600000,0.613
683305200000,0.605
683308800000,0.592
683312400000,0.583
683316000000,0.551
683319600000,0.527
683323200000,0.569
683326800000,0.59
683330400000,0.533
683334000000,0.464
683337600000,0.442
683341200000,0.522
683344800000,0.61
683348400000,0.696
683352000000,0.746
683355600000,0.748
683359200000,0.739
683362800000,0.736
683366400000,0.727
683370000000,0.715
683373600000,0.644
683377200000,0.552
683380800000,0.494
683384400000,0.501
683388000000,0.55
683391600000,0.562
683395200000,0.528
683398800000,0.521
683402400000,0.483
683406000000,0.484
683409600000,0.488
683413200000,0.457
683416800000,0.414
683420400000,0.355
683424000000,0.408
683427600000,0.538
683431200000,0.623
683434800000,0.658
683438400000,0.62
683442000000,0.557
683445600000,0.467
683449200000,0.352
683452800000,0.249
683456400000,0.228
683460000000,0.251
683463600000,0.239
683467200000,0.217
683470800000,0.204
683474400000,0.212
683478000000,0.23
683481600000,0.225
683485200000,0.204
683488800000,0.198
683492400000,0.192
683496000000,0.17
683499600000,0.154
683503200000,0.143
683506800000,0.121
683510400000,0.128
683514000000,0.147
683517600000,0.165
683521200000,0.181
683524800000,0.182
683528400000,0.173
683532000000,0.148
683535600000,0.112
683539200000,0.084
683542800000,0.071
683546400000,0.07
683550000000,0.052
683553600000,0.033
683557200000,0.018
683560800000,0.009
683564400000,0.006
683568000000,0.005
683571600000,0.004
683575200000,0.003
683578800000,0.002
683582400000,0.001
683586000000,0.0
683589600000,0.0
683593200000,0.0
683596800000,0.0
683600400000,0.0
683604000000,0.0
683607600000,0.002
683611200000,0.004
683614800000,0.008
683618400000,0.017
683622000000,0.021
683625600000,0.021
683629200000,0.017
683632800000,0.014
683636400000,0.011
683640000000,0.011
683643600000,0.019
683647200000,0.041
683650800000,0.067
683654400000,0.058
683658000000,0.035
683661600000,0.015
683665200000,0.006
683668800000,0.003
683672400000,0.001
683676000000,0.0
683679600000,0.0
683683200000,0.0
683686800000,0.0
683690400000,0.0
683694000000,0.0
683697600000,0.0
683701200000,0.0
683704800000,0.001
683708400000,0.006
683712000000,0.013
683715600000,0.023
683719200000,0.046
683722800000,0.086
683726400000,0.122
683730000000,0.146
683733600000,0.17
683737200000,0.179
683740800000,0.201
683744400000,0.202
683748000000,0.198
683751600000,0.2
683755200000,0.204
683758800000,0.201
683762400000,0.194
683766000000,0.187
683769600000,0.22
683773200000,0.243
683776800000,0.267
683780400000,0.314
683784000000,0.372
683787600000,0.414
683791200000,0.437
683794800000,0.429
683798400000,0.412
683802000000,0.431
683805600000,0.442
683809200000,0.438
683812800000,0.481
683816400000,0.462
683820000000,0.436
683823600000,0.431
683827200000,0.432
683830800000,0.414
683834400000,0.374
683838000000,0.332
683841600000,0.289
683845200000,0.23
683848800000,0.179
683852400000,0.146
683856000000,0.181
683859600000,0.214
683863200000,0.251
683866800000,0.308
683870400000,0.362
683874000000,0.382
683877600000,0.364
683881200000,0.32
683884800000,0.27
683888400000,0.269
683892000000,0.268
683895600000,0.242
683899200000,0.22
683902800000,0.212
683906400000,0.225
683910000000,0.231
683913600000,0.225
683917200000,0.198
683920800000,0.167
683924400000,0.139
683928000000,0.115
683931600000,0.1
683935200000,0.086
683938800000,0.069
683942400000,0.078
683946000000,0.091
683949600000,0.102
683953200000,0.106
683956800000,0.102
683960400000,0.095
683964000000,0.093
683967600000,0.094
683971200000,0.098
683974800000,0.11
683978400000,0.131
683982000000,0.14
683985600000,0.137
683989200000,0.133
683992800000,0.124
683996400000,0.12
684000000000,0.112
684003600000,0.096
684007200000,0.076
684010800000,0.058
684014400000,0.045
684018000000,0.033
684021600000,0.027
684025200000,0.032
684028800000,0.059
684032400000,0.093
684036000000,0.12
684039600000,0.158
684043200000,0.207
684046800000,0.261
684050400000,0.3
684054000000,0.311
684057600000,0.286
684061200000,0.251
684064800000,0.249
684068400000,0.236
684072000000,0.217
684075600000,0.198
684079200000,0.18
684082800000,0.173
684086400000,0.167
684090000000,0.159
684093600000,0.159
684097200000,0.168
684100800000,0.177
684104400000,0.164
684108000000,0.13
684111600000,0.088
684115200000,0.079
684118800000,0.076
684122400000,0.082
684126000000,0.104
684129600000,0.153
684133200000,0.219
684136800000,0.293
684140400000,0.344
684144000000,0.348
684147600000,0.362
684151200000,0.419
684154800000,0.435
684158400000,0.425
684162000000,0.423
684165600000,0.426
684169200000,0.428
684172800000,0.438
684176400000,0.462
684180000000,0.499
684183600000,0.503
684187200000,0.501
684190800000,0.481
684194400000,0.434
684198000000,0.425
684201600000,0.46
684205200000,0.484
684208800000,0.509
684212400000,0.537
684216000000,0.555
684219600000,0.566
684223200000,0.571
684226800000,0.57
684230400000,0.547
684234000000,0.508
684237600000,0.498
684241200000,0.494
684244800000,0.479
684248400000,0.481
684252000000,0.471
684255600000,0.484
684259200000,0.491
684262800000,0.5
684266400000,0.489
684270000000,0.467
684273600000,0.458
684277200000,0.444
684280800000,0.377
684284400000,0.382
684288000000,0.409
684291600000,0.386
684295200000,0.359
684298800000,0.348
684302400000,0.358
684306000000,0.362
684309600000,0.342
684313200000,0.305
684316800000,0.241
684320400000,0.185
684324000000,0.18
684327600000,0.156
684331200000,0.138
684334800000,0.122
684338400000,0.111
684342000000,0.108
684345600000,0.112
684349200000,0.113
684352800000,0.115
684356400000,0.122
684360000000,0.13
684363600000,0.149
684367200000,0.182
684370800000,0.196
684374400000,0.265
684378000000,0.343
684381600000,0.4
684385200000,0.432
684388800000,0.458
684392400000,0.459
684396000000,0.42
684399600000,0.354
684403200000,0.306
684406800000,0.277
684410400000,0.27
684414000000,0.263
684417600000,0.272
684421200000,0.259
684424800000,0.249
684428400000,0.228
684432000000,0.217
684435600000,0.201
684439200000,0.178
684442800000,0.148
684446400000,0.122
684450000000,0.1
684453600000,0.073
684457200000,0.055
684460800000,0.052
684464400000,0.047
684468000000,0.051
684471600000,0.065
684475200000,0.082
684478800000,0.092
684482400000,0.094
684486000000,0.095
684489600000,0.096
684493200000,0.104
684496800000,0.121
684500400000,0.123
684504000000,0.118
684507600000,0.111
684511200000,0.113
684514800000,0.117
684518400000,0.133
684522000000,0.155
684525600000,0.169
684529200000,0.18
684532800000,0.168
684536400000,0.156
684540000000,0.136
684543600000,0.114
684547200000,0.12
684550800000,0.133
684554400000,0.146
684558000000,0.176
684561600000,0.217
684565200000,0.251
684568800000,0.267
684572400000,0.262
684576000000,0.226
684579600000,0.211
684583200000,0.241
684586800000,0.247
684590400000,0.248
684594000000,0.251
684597600000,0.249
684601200000,0.21
684604800000,0.153
684608400000,0.105
684612000000,0.099
684615600000,0.125
684619200000,0.162
684622800000,0.164
684626400000,0.132
684630000000,0.113
684633600000,0.144
684637200000,0.192
684640800000,0.253
684644400000,0.324
684648000000,0.382
684651600000,0.407
684655200000,0.401
684658800000,0.355
684662400000,0.312
684666000000,0.278
684669600000,0.273
684673200000,0.281
684676800000,0.286
684680400000,0.289
684684000000,0.294
684687600000,0.305
684691200000,0.341
684694800000,0.375
684698400000,0.416
684702000000,0.426
684705600000,0.413
684709200000,0.384
684712800000,0.323
684716400000,0.253
684720000000,0.322
684723600000,0.375
684727200000,0.4
684730800000,0.438
684734400000,0.481
684738000000,0.516
684741600000,0.525
684745200000,0.478
684748800000,0.388
684752400000,0.348
684756000000,0.329
684759600000,0.322
684763200000,0.305
684766800000,0.305
684770400000,0.3
684774000000,0.302
684777600000,0.331
684781200000,0.376
684784800000,0.454
684788400000,0.484
684792000000,0.472
684795600000,0.38
684799200000,0.328
684802800000,0.264
684806400000,0.284
684810000000,0.335
684813600000,0.351
684817200000,0.374
684820800000,0.4
684824400000,0.412
684828000000,0.414
684831600000,0.37
684835200000,0.281
684838800000,0.257
684842400000,0.295
684846000000,0.337
684849600000,0.389
684853200000,0.451
684856800000,0.499
684860400000,0.471
684864000000,0.468
684867600000,0.487
684871200000,0.509
684874800000,0.495
684878400000,0.465
684882000000,0.44
684885600000,0.401
684889200000,0.352
684892800000,0.409
684896400000,0.521
684900000000,0.59
684903600000,0.642
684907200000,0.672
684910800000,0.676
684914400000,0.651
684918000000,0.567
684921600000,0.432
684925200000,0.336
684928800000,0.3
684932400000,0.32
684936000000,0.355
684939600000,0.367
684943200000,0.378
684946800000,0.407
684950400000,0.435
684954000000,0.483
684957600000,0.503
684961200000,0.513
684964800000,0.527
684968400000,0.56
684972000000,0.575
684975600000,0.578
684979200000,0.726
684982800000,0.826
684986400000,0.871
684990000000,0.887
684993600000,0.888
684997200000,0.873
685000800000,0.855
685004400000,0.829
685008000000,0.788
685011600000,0.771
685015200000,0.765
685018800000,0.74
685022400000,0.7
685026000000,0.684
685029600000,0.68
685033200000,0.672
685036800000,0.661
685040400000,0.654
685044000000,0.656
685047600000,0.663
685051200000,0.655
685054800000,0.643
685058400000,0.606
685062000000,0.61
685065600000,0.724
685069200000,0.771
685072800000,0.789
685076400000,0.805
685080000000,0.813
685083600000,0.811
685087200000,0.788
685090800000,0.724
685094400000,0.605
685098000000,0.573
685101600000,0.566
685105200000,0.591
685108800000,0.633
685112400000,0.67
685116000000,0.705
685119600000,0.721
685123200000,0.704
685126800000,0.697
685130400000,0.694
685134000000,0.707
685137600000,0.705
685141200000,0.695
685144800000,0.675
685148400000,0.636
685152000000,0.672
685155600000,0.724
685159200000,0.734
685162800000,0.731
685166400000,0.72
685170000000,0.695
685173600000,0.642
685177200000,0.544
685180800000,0.457
685184400000,0.407
685188000000,0.368
685191600000,0.361
685195200000,0.352
685198800000,0.334
685202400000,0.305
685206000000,0.274
685209600000,0.253
685213200000,0.251
685216800000,0.265
685220400000,0.278
685224000000,0.295
685227600000,0.299
685231200000,0.28
685234800000,0.241
685238400000,0.253
685242000000,0.291
685245600000,0.32
685249200000,0.364
685252800000,0.394
685256400000,0.401
685260000000,0.395
685263600000,0.341
685267200000,0.264
685270800000,0.211
685274400000,0.203
685278000000,0.191
685281600000,0.168
685285200000,0.136
685288800000,0.11
685292400000,0.097
685296000000,0.089
685299600000,0.093
685303200000,0.103
685306800000,0.116
685310400000,0.125
685314000000,0.121
685317600000,0.104
685321200000,0.076
685324800000,0.06
685328400000,0.054
685332000000,0.062
685335600000,0.084
685339200000,0.113
685342800000,0.138
685346400000,0.141
685350000000,0.135
685353600000,0.126
685357200000,0.101
685360800000,0.075
685364400000,0.055
685368000000,0.055
685371600000,0.063
685375200000,0.072
685378800000,0.076
685382400000,0.07
685386000000,0.056
685389600000,0.041
685393200000,0.031
685396800000,0.024
685400400000,0.015
685404000000,0.007
685407600000,0.002
685411200000,0.001
685414800000,0.0
685418400000,0.0
685422000000,0.0
685425600000,0.0
685429200000,0.0
685432800000,0.001
685436400000,0.003
685440000000,0.005
685443600000,0.008
685447200000,0.005
685450800000,0.001
685454400000,0.001
685458000000,0.003
685461600000,0.004
685465200000,0.008
685468800000,0.011
685472400000,0.015
685476000000,0.023
685479600000,0.028
685483200000,0.027
685486800000,0.025
685490400000,0.017
685494000000,0.005
685497600000,0.0
685501200000,0.0
685504800000,0.0
685508400000,0.0
685512000000,0.002
685515600000,0.01
685519200000,0.03
685522800000,0.042
685526400000,0.051
685530000000,0.054
685533600000,0.059
685537200000,0.062
685540800000,0.065
685544400000,0.07
685548000000,0.075
685551600000,0.073
685555200000,0.065
685558800000,0.053
685562400000,0.041
685566000000,0.028
685569600000,0.02
685573200000,0.015
685576800000,0.013
685580400000,0.012
685584000000,0.015
685587600000,0.017
685591200000,0.02
685594800000,0.03
685598400000,0.044
685602000000,0.057
685605600000,0.066
685609200000,0.069
685612800000,0.07
685616400000,0.07
685620000000,0.073
685623600000,0.074
685627200000,0.072
685630800000,0.075
685634400000,0.083
685638000000,0.089
685641600000,0.096
685645200000,0.103
685648800000,0.103
685652400000,0.092
685656000000,0.074
685659600000,0.061
685663200000,0.055
685666800000,0.052
685670400000,0.055
685674000000,0.054
685677600000,0.054
685681200000,0.053
685684800000,0.054
685688400000,0.061
685692000000,0.074
685695600000,0.093
685699200000,0.102
685702800000,0.109
685706400000,0.125
685710000000,0.119
685713600000,0.113
685717200000,0.119
685720800000,0.131
685724400000,0.142
685728000000,0.149
685731600000,0.146
685735200000,0.142
685738800000,0.141
685742400000,0.144
685746000000,0.153
685749600000,0.169
685753200000,0.168
685756800000,0.231
685760400000,0.296
685764000000,0.347
685767600000,0.376
685771200000,0.38
685774800000,0.36
685778400000,0.324
685782000000,0.269
685785600000,0.188
685789200000,0.168
685792800000,0.191
685796400000,0.211
685800000000,0.237
685803600000,0.272
685807200000,0.328
685810800000,0.369
685814400000,0.404
685818000000,0.413
685821600000,0.406
685825200000,0.38
685828800000,0.343
685832400000,0.282
685836000000,0.201
685839600000,0.133
685843200000,0.115
685846800000,0.101
685850400000,0.101
685854000000,0.121
685857600000,0.157
685861200000,0.197
685864800000,0.222
685868400000,0.225
685872000000,0.199
685875600000,0.17
685879200000,0.174
685882800000,0.174
685886400000,0.164
685890000000,0.151
685893600000,0.14
685897200000,0.127
685900800000,0.115
685904400000,0.102
685908000000,0.086
685911600000,0.069
685915200000,0.059
685918800000,0.054
685922400000,0.055
685926000000,0.055
685929600000,0.067
685933200000,0.074
685936800000,0.079
685940400000,0.085
685944000000,0.094
685947600000,0.102
685951200000,0.112
685954800000,0.123
685958400000,0.12
685962000000,0.098
685965600000,0.089
685969200000,0.091
685972800000,0.097
685976400000,0.104
685980000000,0.111
685983600000,0.106
685987200000,0.092
685990800000,0.076
685994400000,0.066
685998000000,0.058
686001600000,0.054
686005200000,0.059
686008800000,0.073
686012400000,0.079
686016000000,0.097
686019600000,0.113
686023200000,0.119
686026800000,0.11
686030400000,0.096
686034000000,0.092
686037600000,0.097
686041200000,0.105
686044800000,0.108
686048400000,0.086
686052000000,0.064
686055600000,0.045
686059200000,0.025
686062800000,0.009
686066400000,0.002
686070000000,0.001
686073600000,0.001
686077200000,0.0
686080800000,0.0
686084400000,0.0
686088000000,0.0
686091600000,0.002
686095200000,0.006
686098800000,0.009
686102400000,0.012
686106000000,0.014
686109600000,0.02
686113200000,0.025
686116800000,0.027
686120400000,0.03
686124000000,0.031
686127600000,0.032
686131200000,0.031
686134800000,0.023
686138400000,0.015
686142000000,0.009
686145600000,0.006
686149200000,0.005
686152800000,0.006
686156400000,0.009
686160000000,0.012
686163600000,0.012
686167200000,0.013
686170800000,0.014
686174400000,0.015
686178000000,0.017
686181600000,0.015
686185200000,0.011
686188800000,0.012
686192400000,0.014
686196000000,0.016
686199600000,0.022
686203200000,0.03
686206800000,0.041
686210400000,0.053
686214000000,0.061
686217600000,0.064
686221200000,0.059
686224800000,0.048
686228400000,0.035
686232000000,0.025
686235600000,0.016
686239200000,0.011
686242800000,0.008
686246400000,0.005
686250000000,0.003
686253600000,0.001
686257200000,0.0
686260800000,0.0
686264400000,0.0
686268000000,0.0
686271600000,0.0
686275200000,0.0
686278800000,0.0
686282400000,0.0
686286000000,0.0
686289600000,0.0
686293200000,0.001
686296800000,0.002
686300400000,0.004
686304000000,0.005
686307600000,0.004
686311200000,0.004
686314800000,0.007
686318400000,0.016
686322000000,0.029
686325600000,0.034
686329200000,0.022
686332800000,0.011
686336400000,0.008
686340000000,0.005
686343600000,0.003
686347200000,0.003
686350800000,0.003
686354400000,0.003
686358000000,0.002
686361600000,0.001
686365200000,0.0
686368800000,0.0
686372400000,0.0
686376000000,0.001
686379600000,0.002
686383200000,0.004
686386800000,0.006
686390400000,0.01
686394000000,0.012
686397600000,0.014
686401200000,0.015
686404800000,0.02
686408400000,0.027
686412000000,0.033
686415600000,0.039
686419200000,0.048
686422800000,0.062
686426400000,0.077
686430000000,0.083
686433600000,0.081
686437200000,0.078
686440800000,0.071
686444400000,0.045
686448000000,0.034
686451600000,0.029
686455200000,0.025
686458800000,0.02
686462400000,0.017
686466000000,0.014
686469600000,0.013
686473200000,0.014
686476800000,0.017
686480400000,0.023
686484000000,0.031
686487600000,0.035
686491200000,0.039
686494800000,0.045
686498400000,0.052
686502000000,0.06
686505600000,0.053
686509200000,0.038
686512800000,0.022
686516400000,0.01
686520000000,0.004
686523600000,0.002
686527200000,0.001
686530800000,0.0
686534400000,0.0
686538000000,0.0
686541600000,0.0
686545200000,0.0
686548800000,0.002
686552400000,0.01
686556000000,0.021
686559600000,0.025
686563200000,0.028
686566800000,0.037
686570400000,0.048
686574000000,0.06
686577600000,0.081
686581200000,0.114
686584800000,0.117
686588400000,0.062
686592000000,0.021
686595600000,0.007
686599200000,0.004
686602800000,0.002
686606400000,0.001
686610000000,0.0
686613600000,0.0
686617200000,0.0
686620800000,0.0
686624400000,0.001
686628000000,0.001
686631600000,0.001
686635200000,0.003
686638800000,0.013
686642400000,0.031
686646000000,0.04
686649600000,0.044
686653200000,0.05
686656800000,0.057
686660400000,0.067
686664000000,0.082
686667600000,0.1
686671200000,0.114
686674800000,0.123
686678400000,0.126
686682000000,0.127
686685600000,0.127
686689200000,0.107
686692800000,0.066
686696400000,0.043
686700000000,0.039
686703600000,0.035
686707200000,0.041
686710800000,0.045
686714400000,0.052
686718000000,0.058
686721600000,0.064
686725200000,0.067
686728800000,0.067
686732400000,0.067
686736000000,0.071
686739600000,0.076
686743200000,0.084
686746800000,0.101
686750400000,0.111
686754000000,0.117
686757600000,0.12
686761200000,0.126
686764800000,0.135
686768400000,0.153
686772000000,0.178
686775600000,0.214
686779200000,0.259
686782800000,0.295
686786400000,0.302
686790000000,0.263
686793600000,0.322
686797200000,0.373
686800800000,0.405
686804400000,0.418
686808000000,0.414
686811600000,0.401
686815200000,0.382
686818800000,0.353
686822400000,0.315
686826000000,0.311
686829600000,0.312
686833200000,0.312
686836800000,0.313
686840400000,0.332
686844000000,0.334
686847600000,0.327
686851200000,0.306
686854800000,0.272
686858400000,0.241
686862000000,0.229
686865600000,0.225
686869200000,0.22
686872800000,0.209
686876400000,0.176
686880000000,0.201
686883600000,0.207
686887200000,0.212
686890800000,0.226
686894400000,0.24
686898000000,0.238
686901600000,0.223
686905200000,0.206
686908800000,0.169
686912400000,0.163
686916000000,0.182
686919600000,0.18
686923200000,0.178
686926800000,0.174
686930400000,0.163
686934000000,0.144
686937600000,0.131
686941200000,0.126
686944800000,0.118
686948400000,0.074
686952000000,0.035
686955600000,0.026
686959200000,0.031
686962800000,0.03
686966400000,0.032
686970000000,0.036
686973600000,0.045
686977200000,0.057
686980800000,0.069
686984400000,0.077
686988000000,0.079
686991600000,0.081
686995200000,0.086
686998800000,0.125
687002400000,0.181
687006000000,0.211
687009600000,0.22
687013200000,0.214
687016800000,0.189
687020400000,0.167
687024000000,0.155
687027600000,0.145
687031200000,0.131
687034800000,0.11
687038400000,0.08
687042000000,0.05
687045600000,0.029
687049200000,0.017
687052800000,0.015
687056400000,0.018
687060000000,0.024
687063600000,0.034
687067200000,0.042
687070800000,0.043
687074400000,0.038
687078000000,0.034
687081600000,0.03
687085200000,0.026
687088800000,0.021
687092400000,0.014
687096000000,0.013
687099600000,0.019
687103200000,0.026
687106800000,0.028
687110400000,0.023
687114000000,0.014
687117600000,0.007
687121200000,0.003
687124800000,0.002
687128400000,0.003
687132000000,0.005
687135600000,0.006
687139200000,0.006
687142800000,0.006
687146400000,0.008
687150000000,0.009
687153600000,0.011
687157200000,0.012
687160800000,0.014
687164400000,0.017
687168000000,0.02
687171600000,0.021
687175200000,0.018
687178800000,0.014
687182400000,0.012
687186000000,0.012
687189600000,0.012
687193200000,0.012
687196800000,0.013
687200400000,0.013
687204000000,0.012
687207600000,0.011
687211200000,0.007
687214800000,0.005
687218400000,0.004
687222000000,0.003
687225600000,0.003
687229200000,0.004
687232800000,0.007
687236400000,0.009
687240000000,0.008
687243600000,0.006
687247200000,0.004
687250800000,0.002
687254400000,0.001
687258000000,0.001
687261600000,0.002
687265200000,0.001
687268800000,0.001
687272400000,0.0
687276000000,0.0
687279600000,0.0
687283200000,0.0
687286800000,0.0
687290400000,0.0
687294000000,0.0
687297600000,0.0
687301200000,0.0
687304800000,0.0
687308400000,0.0
687312000000,0.0
687315600000,0.0
687319200000,0.0
687322800000,0.0
687326400000,0.0
687330000000,0.0
687333600000,0.0
687337200000,0.001
687340800000,0.002
687344400000,0.004
687348000000,0.006
687351600000,0.005
687355200000,0.004
687358800000,0.003
687362400000,0.004
687366000000,0.004
687369600000,0.004
687373200000,0.004
687376800000,0.003
687380400000,0.002
687384000000,0.001
687387600000,0.001
687391200000,0.001
687394800000,0.0
687398400000,0.0
687402000000,0.0
687405600000,0.0
687409200000,0.0
687412800000,0.0
687416400000,0.0
687420000000,0.0
687423600000,0.001
687427200000,0.002
687430800000,0.006
687434400000,0.011
687438000000,0.015
687441600000,0.019
687445200000,0.027
687448800000,0.045
687452400000,0.068
687456000000,0.086
687459600000,0.09
687463200000,0.094
687466800000,0.095
687470400000,0.086
687474000000,0.082
687477600000,0.076
687481200000,0.063
687484800000,0.056
687488400000,0.049
687492000000,0.038
687495600000,0.031
687499200000,0.028
687502800000,0.026
687506400000,0.026
687510000000,0.029
687513600000,0.036
687517200000,0.042
687520800000,0.047
687524400000,0.047
687528000000,0.045
687531600000,0.038
687535200000,0.034
687538800000,0.031
687542400000,0.03
687546000000,0.029
687549600000,0.032
687553200000,0.039
687556800000,0.049
687560400000,0.045
687564000000,0.025
687567600000,0.008
687571200000,0.002
687574800000,0.0
687578400000,0.0
687582000000,0.0
687585600000,0.0
687589200000,0.0
687592800000,0.0
687596400000,0.0
687600000000,0.0
687603600000,0.001
687607200000,0.002
687610800000,0.005
687614400000,0.009
687618000000,0.014
687621600000,0.022
687625200000,0.032
687628800000,0.041
687632400000,0.046
687636000000,0.047
687639600000,0.045
687643200000,0.042
687646800000,0.04
687650400000,0.035
687654000000,0.028
687657600000,0.022
687661200000,0.013
687664800000,0.004
687668400000,0.001
687672000000,0.001
687675600000,0.001
687679200000,0.001
687682800000,0.002
687686400000,0.005
687690000000,0.012
687693600000,0.026
687697200000,0.041
687700800000,0.051
687704400000,0.059
687708000000,0.071
687711600000,0.079
687715200000,0.076
687718800000,0.075
687722400000,0.085
687726000000,0.108
687729600000,0.13
687733200000,0.149
687736800000,0.152
687740400000,0.139
687744000000,0.145
687747600000,0.139
687751200000,0.127
687754800000,0.11
687758400000,0.087
687762000000,0.068
687765600000,0.06
687769200000,0.066
687772800000,0.083
687776400000,0.123
687780000000,0.167
687783600000,0.205
687787200000,0.237
687790800000,0.242
687794400000,0.252
687798000000,0.272
687801600000,0.294
687805200000,0.319
687808800000,0.352
687812400000,0.378
687816000000,0.404
687819600000,0.418
687823200000,0.42
687826800000,0.383
687830400000,0.37
687834000000,0.374
687837600000,0.367
687841200000,0.374
687844800000,0.371
687848400000,0.355
687852000000,0.328
687855600000,0.278
687859200000,0.202
687862800000,0.144
687866400000,0.135
687870000000,0.165
687873600000,0.195
687877200000,0.186
687880800000,0.162
687884400000,0.152
687888000000,0.159
687891600000,0.188
687895200000,0.225
687898800000,0.271
687902400000,0.31
687906000000,0.358
687909600000,0.369
687913200000,0.369
687916800000,0.437
687920400000,0.443
687924000000,0.413
687927600000,0.352
687931200000,0.289
687934800000,0.244
687938400000,0.207
687942000000,0.175
687945600000,0.134
687949200000,0.104
687952800000,0.085
687956400000,0.078
687960000000,0.089
687963600000,0.114
687967200000,0.151
687970800000,0.192
687974400000,0.242
687978000000,0.294
687981600000,0.341
687985200000,0.388
687988800000,0.401
687992400000,0.39
687996000000,0.367
687999600000,0.328
688003200000,0.351
688006800000,0.337
688010400000,0.305
688014000000,0.285
688017600000,0.285
688021200000,0.285
688024800000,0.278
688028400000,0.264
688032000000,0.219
688035600000,0.169
688039200000,0.155
688042800000,0.152
688046400000,0.167
688050000000,0.2
688053600000,0.246
688057200000,0.278
688060800000,0.31
688064400000,0.332
688068000000,0.35
688071600000,0.362
688075200000,0.352
688078800000,0.312
688082400000,0.251
688086000000,0.187
688089600000,0.203
688093200000,0.191
688096800000,0.168
688100400000,0.144
688104000000,0.128
688107600000,0.111
688111200000,0.099
688114800000,0.099
688118400000,0.108
688122000000,0.135
688125600000,0.167
688129200000,0.177
688132800000,0.188
688136400000,0.215
688140000000,0.252
688143600000,0.294
688147200000,0.303
688150800000,0.284
688154400000,0.252
688158000000,0.227
688161600000,0.216
688165200000,0.228
688168800000,0.232
688172400000,0.242
688176000000,0.312
688179600000,0.358
688183200000,0.395
688186800000,0.413
688190400000,0.418
688194000000,0.425
688197600000,0.422
688201200000,0.386
688204800000,0.262
688208400000,0.193
688212000000,0.219
688215600000,0.264
688219200000,0.331
688222800000,0.408
688226400000,0.422
688230000000,0.348
688233600000,0.328
688237200000,0.32
688240800000,0.309
688244400000,0.286
688248000000,0.272
688251600000,0.279
688255200000,0.277
688258800000,0.3
688262400000,0.432
688266000000,0.479
688269600000,0.465
688273200000,0.442
688276800000,0.426
688280400000,0.42
688284000000,0.402
688287600000,0.328
688291200000,0.21
688294800000,0.148
688298400000,0.145
688302000000,0.149
688305600000,0.167
688309200000,0.194
688312800000,0.231
688316400000,0.228
688320000000,0.215
688323600000,0.23
688327200000,0.238
688330800000,0.248
688334400000,0.248
688338000000,0.203
688341600000,0.133
688345200000,0.111
688348800000,0.122
688352400000,0.113
688356000000,0.091
688359600000,0.085
688363200000,0.1
688366800000,0.127
688370400000,0.159
688374000000,0.182
688377600000,0.179
688381200000,0.157
688384800000,0.139
688388400000,0.121
688392000000,0.101
688395600000,0.088
688399200000,0.083
688402800000,0.082
688406400000,0.09
688410000000,0.11
688413600000,0.127
688417200000,0.133
688420800000,0.134
688424400000,0.132
688428000000,0.122
688431600000,0.132
688435200000,0.207
688438800000,0.269
688442400000,0.32
688446000000,0.376
688449600000,0.433
688453200000,0.499
688456800000,0.566
688460400000,0.573
688464000000,0.459
688467600000,0.394
688471200000,0.472
688474800000,0.539
688478400000,0.528
688482000000,0.494
688485600000,0.513
688489200000,0.53
688492800000,0.531
688496400000,0.524
688500000000,0.523
688503600000,0.534
688507200000,0.538
688510800000,0.547
688514400000,0.5
688518000000,0.461
688521600000,0.653
688525200000,0.726
688528800000,0.745
688532400000,0.763
688536000000,0.795
688539600000,0.824
688543200000,0.84
688546800000,0.822
688550400000,0.718
688554000000,0.674
688557600000,0.638
688561200000,0.562
688564800000,0.519
688568400000,0.504
688572000000,0.535
688575600000,0.544
688579200000,0.51
688582800000,0.491
688586400000,0.491
688590000000,0.504
688593600000,0.498
688597200000,0.494
688600800000,0.456
688604400000,0.439
688608000000,0.661
688611600000,0.774
688615200000,0.828
688618800000,0.864
688622400000,0.883
688626000000,0.891
688629600000,0.879
688633200000,0.825
688636800000,0.695
688640400000,0.55
688644000000,0.422
688647600000,0.357
688651200000,0.33
688654800000,0.32
688658400000,0.3
688662000000,0.264
688665600000,0.247
688669200000,0.245
688672800000,0.289
688676400000,0.287
688680000000,0.261
688683600000,0.241
688687200000,0.219
688690800000,0.176
688694400000,0.238
688698000000,0.33
688701600000,0.399
688705200000,0.43
688708800000,0.428
688712400000,0.407
688716000000,0.362
688719600000,0.289
688723200000,0.201
688726800000,0.169
688730400000,0.173
688734000000,0.158
688737600000,0.138
688741200000,0.132
688744800000,0.138
688748400000,0.154
688752000000,0.163
688755600000,0.154
688759200000,0.142
688762800000,0.112
688766400000,0.077
688770000000,0.044
688773600000,0.016
688777200000,0.007
688780800000,0.003
688784400000,0.001
688788000000,0.001
688791600000,0.006
688795200000,0.018
688798800000,0.036
688802400000,0.05
688806000000,0.054
688809600000,0.051
688813200000,0.046
688816800000,0.039
688820400000,0.031
688824000000,0.028
688827600000,0.03
688831200000,0.037
688834800000,0.043
688838400000,0.047
688842000000,0.048
688845600000,0.046
688849200000,0.037
688852800000,0.025
688856400000,0.016
688860000000,0.011
688863600000,0.007
688867200000,0.005
688870800000,0.004
688874400000,0.004
688878000000,0.006
688881600000,0.009
688885200000,0.013
688888800000,0.014
688892400000,0.016
688896000000,0.02
688899600000,0.035
688903200000,0.048
688906800000,0.051
688910400000,0.05
688914000000,0.054
688917600000,0.058
688921200000,0.053
688924800000,0.041
688928400000,0.029
688932000000,0.017
688935600000,0.007
688939200000,0.002
688942800000,0.001
688946400000,0.0
688950000000,0.0
688953600000,0.0
688957200000,0.0
688960800000,0.0
688964400000,0.0
688968000000,0.0
688971600000,0.0
688975200000,0.0
688978800000,0.0
688982400000,0.001
688986000000,0.001
688989600000,0.004
688993200000,0.01
688996800000,0.016
689000400000,0.025
689004000000,0.042
689007600000,0.054
689011200000,0.061
689014800000,0.068
689018400000,0.072
689022000000,0.073
689025600000,0.074
689029200000,0.074
689032800000,0.068
689036400000,0.058
689040000000,0.053
689043600000,0.047
689047200000,0.038
689050800000,0.03
689054400000,0.026
689058000000,0.025
689061600000,0.023
689065200000,0.022
689068800000,0.027
689072400000,0.039
689076000000,0.051
689079600000,0.062
689083200000,0.073
689086800000,0.089
689090400000,0.114
689094000000,0.139
689097600000,0.168
689101200000,0.192
689104800000,0.2
689108400000,0.21
689112000000,0.223
689115600000,0.251
689119200000,0.254
689122800000,0.272
689126400000,0.298
689130000000,0.27
689133600000,0.225
689137200000,0.163
689140800000,0.108
689144400000,0.081
689148000000,0.071
689151600000,0.074
689155200000,0.086
689158800000,0.112
689162400000,0.146
689166000000,0.18
689169600000,0.205
689173200000,0.22
689176800000,0.225
689180400000,0.229
689184000000,0.253
689187600000,0.294
689191200000,0.31
689194800000,0.32
689198400000,0.302
689202000000,0.308
689205600000,0.3
689209200000,0.3
689212800000,0.313
689216400000,0.282
689220000000,0.259
689223600000,0.229
689227200000,0.204
689230800000,0.187
689234400000,0.176
689238000000,0.155
689241600000,0.125
689245200000,0.096
689248800000,0.079
689252400000,0.073
689256000000,0.081
689259600000,0.107
689263200000,0.136
689266800000,0.157
689270400000,0.185
689274000000,0.196
689277600000,0.19
689281200000,0.162
689284800000,0.138
689288400000,0.133
689292000000,0.123
689295600000,0.112
689299200000,0.164
689302800000,0.212
689306400000,0.225
689310000000,0.192
689313600000,0.159
689317200000,0.176
689320800000,0.181
689324400000,0.16
689328000000,0.184
689331600000,0.18
689335200000,0.186
689338800000,0.207
689342400000,0.207
689346000000,0.27
689349600000,0.296
689353200000,0.314
689356800000,0.33
689360400000,0.387
689364000000,0.408
689367600000,0.419
689371200000,0.444
689374800000,0.437
689378400000,0.371
689382000000,0.296
689385600000,0.251
689389200000,0.25
689392800000,0.184
689396400000,0.115
689400000000,0.066
689403600000,0.04
689407200000,0.03
689410800000,0.025
689414400000,0.021
689418000000,0.02
689421600000,0.016
689425200000,0.012
689428800000,0.009
689432400000,0.009
689436000000,0.014
689439600000,0.02
689443200000,0.027
689446800000,0.035
689450400000,0.042
689454000000,0.05
689457600000,0.054
689461200000,0.058
689464800000,0.06
689468400000,0.055
689472000000,0.058
689475600000,0.053
689479200000,0.05
689482800000,0.051
689486400000,0.055
689490000000,0.058
689493600000,0.062
689497200000,0.061
689500800000,0.058
689504400000,0.065
689508000000,0.069
689511600000,0.073
689515200000,0.086
689518800000,0.109
689522400000,0.138
689526000000,0.169
689529600000,0.194
689533200000,0.23
689536800000,0.269
689540400000,0.274
689544000000,0.256
689547600000,0.254
689551200000,0.219
689554800000,0.236
689558400000,0.288
689562000000,0.27
689565600000,0.233
689569200000,0.198
689572800000,0.172
689576400000,0.157
689580000000,0.158
689583600000,0.178
689587200000,0.192
689590800000,0.22
689594400000,0.259
689598000000,0.281
689601600000,0.294
689605200000,0.318
689608800000,0.354
689612400000,0.362
689616000000,0.358
689619600000,0.337
689623200000,0.345
689626800000,0.352
689630400000,0.364
689634000000,0.389
689637600000,0.391
689641200000,0.442
689644800000,0.578
689648400000,0.599
689652000000,0.564
689655600000,0.502
689659200000,0.434
689662800000,0.368
689666400000,0.309
689670000000,0.253
689673600000,0.184
689677200000,0.12
689680800000,0.079
689684400000,0.063
689688000000,0.072
689691600000,0.098
689695200000,0.137
689698800000,0.18
689702400000,0.235
689706000000,0.29
689709600000,0.311
689713200000,0.308
689716800000,0.311
689720400000,0.31
689724000000,0.278
689727600000,0.278
689731200000,0.312
689734800000,0.275
689738400000,0.233
689742000000,0.184
689745600000,0.145
689749200000,0.135
689752800000,0.133
689756400000,0.152
689760000000,0.177
689763600000,0.197
689767200000,0.224
689770800000,0.219
689774400000,0.205
689778000000,0.196
689781600000,0.199
689785200000,0.182
689788800000,0.143
689792400000,0.123
689796000000,0.113
689799600000,0.103
689803200000,0.092
689806800000,0.077
689810400000,0.058
689814000000,0.036
689817600000,0.028
689821200000,0.025
689824800000,0.032
689828400000,0.036
689832000000,0.035
689835600000,0.03
689839200000,0.022
689842800000,0.017
689846400000,0.015
689850000000,0.012
689853600000,0.008
689857200000,0.004
689860800000,0.002
689864400000,0.002
689868000000,0.005
689871600000,0.014
689875200000,0.03
689878800000,0.046
689882400000,0.047
689886000000,0.044
689889600000,0.037
689893200000,0.032
689896800000,0.029
689900400000,0.02
689904000000,0.011
689907600000,0.002
689911200000,0.0
689914800000,0.0
689918400000,0.0
689922000000,0.0
689925600000,0.0
689929200000,0.001
689932800000,0.003
689936400000,0.007
689940000000,0.016
689943600000,0.027
689947200000,0.035
689950800000,0.041
689954400000,0.043
689958000000,0.045
689961600000,0.043
689965200000,0.039
689968800000,0.038
689972400000,0.045
689976000000,0.055
689979600000,0.065
689983200000,0.069
689986800000,0.056
689990400000,0.056
689994000000,0.043
689997600000,0.025
690001200000,0.011
690004800000,0.004
690008400000,0.001
690012000000,0.001
690015600000,0.001
690019200000,0.002
690022800000,0.002
690026400000,0.003
690030000000,0.003
690033600000,0.005
690037200000,0.007
690040800000,0.008
690044400000,0.012
690048000000,0.017
690051600000,0.024
690055200000,0.035
690058800000,0.056
690062400000,0.088
690066000000,0.112
690069600000,0.112
690073200000,0.095
690076800000,0.102
690080400000,0.085
690084000000,0.058
690087600000,0.04
690091200000,0.032
690094800000,0.03
690098400000,0.03
690102000000,0.029
690105600000,0.027
690109200000,0.026
690112800000,0.026
690116400000,0.03
690120000000,0.036
690123600000,0.046
690127200000,0.073
690130800000,0.125
690134400000,0.176
690138000000,0.225
690141600000,0.266
690145200000,0.289
690148800000,0.284
690152400000,0.26
690156000000,0.222
690159600000,0.18
690163200000,0.187
690166800000,0.183
690170400000,0.189
690174000000,0.196
690177600000,0.2
690181200000,0.199
690184800000,0.192
690188400000,0.176
690192000000,0.142
690195600000,0.143
690199200000,0.159
690202800000,0.153
690206400000,0.154
690210000000,0.182
690213600000,0.234
690217200000,0.255
690220800000,0.269
690224400000,0.281
690228000000,0.265
690231600000,0.225
690235200000,0.179
690238800000,0.137
690242400000,0.114
690246000000,0.09
690249600000,0.118
690253200000,0.157
690256800000,0.18
690260400000,0.18
690264000000,0.154
690267600000,0.114
690271200000,0.082
690274800000,0.058
690278400000,0.053
690282000000,0.08
690285600000,0.115
690289200000,0.145
690292800000,0.164
690296400000,0.166
690300000000,0.139
690303600000,0.106
690307200000,0.091
690310800000,0.081
690314400000,0.073
690318000000,0.074
690321600000,0.086
690325200000,0.101
690328800000,0.101
690332400000,0.075
690336000000,0.077
690339600000,0.073
690343200000,0.075
690346800000,0.071
690350400000,0.06
690354000000,0.045
690357600000,0.028
690361200000,0.015
690364800000,0.009
690368400000,0.004
690372000000,0.002
690375600000,0.001
690379200000,0.001
690382800000,0.0
690386400000,0.0
690390000000,0.0
690393600000,0.0
690397200000,0.0
690400800000,0.0
690404400000,0.0
690408000000,0.002
690411600000,0.007
690415200000,0.015
690418800000,0.018
690422400000,0.019
690426000000,0.008
690429600000,0.002
690433200000,0.001
690436800000,0.001
690440400000,0.002
690444000000,0.005
690447600000,0.013
690451200000,0.029
690454800000,0.048
690458400000,0.071
690462000000,0.093
690465600000,0.104
690469200000,0.104
690472800000,0.102
690476400000,0.103
690480000000,0.108
690483600000,0.122
690487200000,0.137
690490800000,0.147
690494400000,0.153
690498000000,0.156
690501600000,0.16
690505200000,0.147
690508800000,0.174
690512400000,0.221
690516000000,0.27
690519600000,0.305
690523200000,0.328
690526800000,0.331
690530400000,0.321
690534000000,0.289
690537600000,0.219
690541200000,0.192
690544800000,0.193
690548400000,0.208
690552000000,0.251
690555600000,0.309
690559200000,0.329
690562800000,0.345
690566400000,0.383
690570000000,0.412
690573600000,0.413
690577200000,0.419
690580800000,0.425
690584400000,0.433
690588000000,0.424
690591600000,0.413
690595200000,0.501
690598800000,0.514
690602400000,0.492
690606000000,0.473
690609600000,0.468
690613200000,0.464
690616800000,0.459
690620400000,0.451
690624000000,0.371
690627600000,0.315
690631200000,0.323
690634800000,0.327
690638400000,0.361
690642000000,0.412
690645600000,0.457
690649200000,0.447
690652800000,0.46
690656400000,0.469
690660000000,0.485
690663600000,0.513
690667200000,0.539
690670800000,0.547
690674400000,0.56
690678000000,0.586
690681600000,0.664
690685200000,0.688
690688800000,0.695
690692400000,0.685
690696000000,0.661
690699600000,0.623
690703200000,0.591
690706800000,0.547
690710400000,0.444
690714000000,0.438
690717600000,0.529
690721200000,0.569
690724800000,0.586
690728400000,0.613
690732000000,0.638
690735600000,0.646
690739200000,0.659
690742800000,0.668
690746400000,0.693
690750000000,0.707
690753600000,0.718
690757200000,0.707
690760800000,0.682
690764400000,0.666
690768000000,0.77
690771600000,0.802
690775200000,0.792
690778800000,0.772
690782400000,0.754
690786000000,0.726
690789600000,0.69
690793200000,0.626
690796800000,0.476
690800400000,0.403
690804000000,0.401
690807600000,0.422
690811200000,0.453
690814800000,0.468
690818400000,0.466
690822000000,0.496
690825600000,0.512
690829200000,0.545
690832800000,0.535
690836400000,0.486
690840000000,0.474
690843600000,0.565
690847200000,0.583
690850800000,0.549
690854400000,0.658
690858000000,0.704
690861600000,0.704
690865200000,0.685
690868800000,0.697
690872400000,0.709
690876000000,0.714
690879600000,0.749
690883200000,0.781
690886800000,0.802
690890400000,0.775
690894000000,0.648
690897600000,0.472
690901200000,0.386
690904800000,0.386
690908400000,0.429
690912000000,0.442
690915600000,0.447
690919200000,0.428
690922800000,0.41
690926400000,0.429
690930000000,0.406
690933600000,0.34
690937200000,0.27
690940800000,0.319
690944400000,0.416
690948000000,0.513
690951600000,0.601
690955200000,0.627
690958800000,0.62
690962400000,0.635
690966000000,0.63
690969600000,0.542
690973200000,0.529
690976800000,0.544
690980400000,0.587
690984000000,0.663
690987600000,0.693
690991200000,0.701
690994800000,0.693
690998400000,0.682
691002000000,0.677
691005600000,0.668
691009200000,0.632
691012800000,0.575
691016400000,0.494
691020000000,0.441
691023600000,0.414
691027200000,0.504
691030800000,0.586
691034400000,0.578
691038000000,0.539
691041600000,0.488
691045200000,0.413
691048800000,0.33
691052400000,0.249
691056000000,0.201
691059600000,0.207
691063200000,0.228
691066800000,0.218
691070400000,0.191
691074000000,0.142
691077600000,0.102
691081200000,0.076
691084800000,0.084
691088400000,0.113
691092000000,0.171
691095600000,0.247
691099200000,0.293
691102800000,0.317
691106400000,0.312
691110000000,0.305
691113600000,0.439
691117200000,0.519
691120800000,0.519
691124400000,0.457
691128000000,0.379
691131600000,0.316
691135200000,0.27
691138800000,0.233
691142400000,0.183
691146000000,0.173
691149600000,0.204
691153200000,0.218
691156800000,0.228
691160400000,0.219
691164000000,0.225
691167600000,0.241
691171200000,0.225
691174800000,0.233
691178400000,0.264
691182000000,0.274
691185600000,0.274
691189200000,0.263
691192800000,0.22
691196400000,0.18
691200000000,0.144
691203600000,0.101
691207200000,0.079
691210800000,0.071
691214400000,0.064
691218000000,0.056
691221600000,0.056
691225200000,0.069
691228800000,0.084
691232400000,0.101
691236000000,0.134
691239600000,0.163
691243200000,0.196
691246800000,0.202
691250400000,0.205
691254000000,0.212
691257600000,0.234
691261200000,0.315
691264800000,0.352
691268400000,0.337
691272000000,0.341
691275600000,0.334
691279200000,0.275
691282800000,0.231
691286400000,0.249
691290000000,0.221
691293600000,0.179
691297200000,0.147
691300800000,0.126
691304400000,0.118
691308000000,0.123
691311600000,0.123
691315200000,0.11
691318800000,0.123
691322400000,0.148
691326000000,0.155
691329600000,0.15
691333200000,0.144
691336800000,0.151
691340400000,0.168
691344000000,0.19
691347600000,0.195
691351200000,0.192
691354800000,0.201
691358400000,0.213
691362000000,0.219
691365600000,0.209
691369200000,0.202
691372800000,0.215
691376400000,0.206
691380000000,0.176
691383600000,0.137
691387200000,0.107
691390800000,0.084
691394400000,0.069
691398000000,0.06
691401600000,0.058
691405200000,0.07
691408800000,0.081
691412400000,0.087
691416000000,0.09
691419600000,0.093
691423200000,0.099
691426800000,0.106
691430400000,0.115
691434000000,0.125
691437600000,0.13
691441200000,0.121
691444800000,0.113
691448400000,0.102
691452000000,0.097
691455600000,0.095
691459200000,0.1
691462800000,0.095
691466400000,0.097
691470000000,0.107
691473600000,0.118
691477200000,0.123
691480800000,0.126
691484400000,0.133
691488000000,0.14
691491600000,0.145
691495200000,0.149
691498800000,0.147
691502400000,0.144
691506000000,0.145
691509600000,0.148
691513200000,0.155
691516800000,0.161
691520400000,0.184
691524000000,0.202
691527600000,0.225
691531200000,0.233
691534800000,0.243
691538400000,0.235
691542000000,0.216
691545600000,0.235
691549200000,0.235
691552800000,0.239
691556400000,0.236
691560000000,0.223
691563600000,0.205
691567200000,0.2
691570800000,0.208
691574400000,0.201
691578000000,0.183
691581600000,0.176
691585200000,0.161
691588800000,0.175
691592400000,0.226
691596000000,0.279
691599600000,0.337
691603200000,0.367
691606800000,0.38
691610400000,0.407
691614000000,0.417
691617600000,0.431
691621200000,0.401
691624800000,0.348
691628400000,0.327
691632000000,0.418
691635600000,0.437
691639200000,0.415
691642800000,0.398
691646400000,0.386
691650000000,0.376
691653600000,0.367
691657200000,0.355
691660800000,0.277
691664400000,0.245
691668000000,0.286
691671600000,0.341
691675200000,0.376
691678800000,0.425
691682400000,0.443
691686000000,0.459
691689600000,0.438
691693200000,0.444
691696800000,0.432
691700400000,0.438
691704000000,0.434
691707600000,0.433
691711200000,0.425
691714800000,0.43
691718400000,0.546
691722000000,0.591
691725600000,0.602
691729200000,0.604
691732800000,0.605
691736400000,0.607
691740000000,0.611
691743600000,0.605
691747200000,0.516
691750800000,0.42
691754400000,0.406
691758000000,0.432
691761600000,0.471
691765200000,0.538
691768800000,0.553
691772400000,0.556
691776000000,0.546
691779600000,0.538
691783200000,0.541
691786800000,0.545
691790400000,0.561
691794000000,0.599
691797600000,0.56
691801200000,0.613
691804800000,0.728
691808400000,0.765
691812000000,0.772
691815600000,0.766
691819200000,0.752
691822800000,0.725
691826400000,0.701
691830000000,0.674
691833600000,0.593
691837200000,0.563
691840800000,0.599
691844400000,0.658
691848000000,0.677
691851600000,0.66
691855200000,0.674
691858800000,0.677
691862400000,0.671
691866000000,0.66
691869600000,0.649
691873200000,0.667
691876800000,0.661
691880400000,0.668
691884000000,0.662
691887600000,0.726
691891200000,0.805
691894800000,0.791
691898400000,0.749
691902000000,0.698
691905600000,0.644
691909200000,0.593
691912800000,0.558
691916400000,0.532
691920000000,0.459
691923600000,0.425
691927200000,0.452
691930800000,0.491
691934400000,0.51
691938000000,0.518
691941600000,0.527
691945200000,0.529
691948800000,0.542
691952400000,0.548
691956000000,0.536
691959600000,0.528
691963200000,0.552
691966800000,0.578
691970400000,0.571
691974000000,0.627
691977600000,0.772
691981200000,0.836
691984800000,0.842
691988400000,0.819
691992000000,0.779
691995600000,0.739
691999200000,0.707
692002800000,0.673
692006400000,0.605
692010000000,0.56
692013600000,0.56
692017200000,0.561
692020800000,0.577
692024400000,0.573
692028000000,0.563
692031600000,0.583
692035200000,0.604
692038800000,0.604
692042400000,0.614
692046000000,0.613
692049600000,0.628
692053200000,0.662
692056800000,0.694
692060400000,0.733
692064000000,0.8
692067600000,0.803
692071200000,0.791
692074800000,0.771
692078400000,0.752
692082000000,0.733
692085600000,0.72
692089200000,0.7
692092800000,0.618
692096400000,0.536
692100000000,0.525
692103600000,0.529
692107200000,0.532
692110800000,0.553
692114400000,0.552
692118000000,0.562
692121600000,0.581
692125200000,0.568
692128800000,0.539
692132400000,0.494
692136000000,0.457
692139600000,0.436
692143200000,0.422
692146800000,0.407
692150400000,0.501
692154000000,0.494
692157600000,0.444
692161200000,0.385
692164800000,0.331
692168400000,0.294
692172000000,0.274
692175600000,0.264
692179200000,0.245
692182800000,0.233
692186400000,0.239
692190000000,0.248
692193600000,0.302
692197200000,0.374
692200800000,0.476
692204400000,0.561
692208000000,0.625
692211600000,0.666
692215200000,0.726
692218800000,0.771
692222400000,0.801
692226000000,0.818
692229600000,0.815
692233200000,0.815
692236800000,0.861
692240400000,0.903
692244000000,0.909
692247600000,0.898
692251200000,0.881
692254800000,0.86
692258400000,0.837
692262000000,0.793
692265600000,0.697
692269200000,0.661
692272800000,0.681
692276400000,0.725
692280000000,0.746
692283600000,0.739
692287200000,0.724
692290800000,0.682
692294400000,0.626
692298000000,0.55
692301600000,0.503
692305200000,0.529
692308800000,0.56
692312400000,0.602
692316000000,0.59
692319600000,0.679
692323200000,0.8
692326800000,0.801
692330400000,0.765
692334000000,0.726
692337600000,0.712
692341200000,0.722
692344800000,0.733
692348400000,0.693
692352000000,0.552
692355600000,0.501
692359200000,0.535
692362800000,0.556
692366400000,0.561
692370000000,0.589
692373600000,0.601
692377200000,0.61
692380800000,0.618
692384400000,0.625
692388000000,0.616
692391600000,0.608
692395200000,0.597
692398800000,0.628
692402400000,0.636
692406000000,0.671
692409600000,0.813
692413200000,0.867
692416800000,0.879
692420400000,0.865
692424000000,0.845
692427600000,0.837
692431200000,0.817
692434800000,0.772
692438400000,0.687
692442000000,0.661
692445600000,0.676
692449200000,0.676
692452800000,0.663
692456400000,0.637
692460000000,0.607
692463600000,0.586
692467200000,0.593
692470800000,0.624
692474400000,0.652
692478000000,0.674
692481600000,0.697
692485200000,0.708
692488800000,0.703
692492400000,0.747
692496000000,0.863
692499600000,0.898
692503200000,0.902
692506800000,0.888
692510400000,0.864
692514000000,0.831
692517600000,0.796
692521200000,0.753
692524800000,0.62
692528400000,0.527
692532000000,0.519
692535600000,0.545
692539200000,0.586
692542800000,0.586
692546400000,0.578
692550000000,0.595
692553600000,0.6
692557200000,0.618
692560800000,0.601
692564400000,0.592
692568000000,0.596
692571600000,0.627
692575200000,0.657
692578800000,0.741
692582400000,0.867
692586000000,0.91
692589600000,0.919
692593200000,0.911
692596800000,0.896
692600400000,0.877
692604000000,0.855
692607600000,0.809
692611200000,0.684
692614800000,0.616
692618400000,0.627
692622000000,0.667
692625600000,0.697
692629200000,0.708
692632800000,0.701
692636400000,0.674
692640000000,0.652
692643600000,0.638
692647200000,0.627
692650800000,0.623
692654400000,0.623
692658000000,0.636
692661600000,0.669
692665200000,0.789
692668800000,0.901
692672400000,0.941
692676000000,0.931
692679600000,0.901
692683200000,0.874
692686800000,0.855
692690400000,0.839
692694000000,0.788
692697600000,0.656
692701200000,0.566
692704800000,0.514
692708400000,0.554
692712000000,0.586
692715600000,0.603
692719200000,0.607
692722800000,0.603
692726400000,0.624
692730000000,0.618
692733600000,0.616
692737200000,0.625
692740800000,0.633
692744400000,0.649
692748000000,0.642
692751600000,0.732
692755200000,0.842
692758800000,0.875
692762400000,0.899
692766000000,0.914
692769600000,0.897
692773200000,0.855
692776800000,0.791
692780400000,0.701
692784000000,0.544
692787600000,0.491
692791200000,0.599
692794800000,0.618
692798400000,0.606
692802000000,0.59
692805600000,0.554
692809200000,0.488
692812800000,0.422
692816400000,0.39
692820000000,0.39
692823600000,0.396
692827200000,0.426
692830800000,0.459
692834400000,0.467
692838000000,0.458
692841600000,0.615
692845200000,0.662
692848800000,0.613
692852400000,0.527
692856000000,0.437
692859600000,0.365
692863200000,0.325
692866800000,0.302
692870400000,0.255
692874000000,0.247
692877600000,0.289
692881200000,0.334
692884800000,0.387
692888400000,0.434
692892000000,0.476
692895600000,0.511
692899200000,0.495
692902800000,0.504
692906400000,0.498
692910000000,0.503
692913600000,0.528
692917200000,0.544
692920800000,0.519
692924400000,0.491
692928000000,0.631
692931600000,0.622
692935200000,0.577
692938800000,0.535
692942400000,0.498
692946000000,0.452
692949600000,0.414
692953200000,0.383
692956800000,0.329
692960400000,0.314
692964000000,0.326
692967600000,0.332
692971200000,0.328
692974800000,0.312
692978400000,0.31
692982000000,0.295
692985600000,0.297
692989200000,0.308
692992800000,0.328
692996400000,0.362
693000000000,0.379
693003600000,0.379
693007200000,0.357
693010800000,0.364
693014400000,0.42
693018000000,0.39
693021600000,0.34
693025200000,0.3
693028800000,0.279
693032400000,0.272
693036000000,0.281
693039600000,0.294
693043200000,0.266
693046800000,0.237
693050400000,0.234
693054000000,0.219
693057600000,0.202
693061200000,0.181
693064800000,0.183
693068400000,0.19
693072000000,0.204
693075600000,0.233
693079200000,0.243
693082800000,0.286
693086400000,0.326
693090000000,0.359
693093600000,0.366
693097200000,0.43
693100800000,0.565
693104400000,0.591
693108000000,0.572
693111600000,0.538
693115200000,0.497
693118800000,0.461
693122400000,0.432
693126000000,0.42
693129600000,0.341
693133200000,0.27
693136800000,0.245
693140400000,0.224
693144000000,0.205
693147600000,0.195
693151200000,0.192
693154800000,0.205
693158400000,0.225
693162000000,0.248
693165600000,0.286
693169200000,0.297
693172800000,0.309
693176400000,0.309
693180000000,0.27
693183600000,0.241
693187200000,0.294
693190800000,0.32
693194400000,0.312
693198000000,0.294
693201600000,0.274
693205200000,0.259
693208800000,0.251
693212400000,0.259
693216000000,0.254
693219600000,0.3
693223200000,0.367
693226800000,0.369
693230400000,0.354
693234000000,0.325
693237600000,0.339
693241200000,0.355
693244800000,0.35
693248400000,0.366
693252000000,0.37
693255600000,0.353
693259200000,0.349
693262800000,0.361
693266400000,0.342
693270000000,0.367
693273600000,0.442
693277200000,0.457
693280800000,0.441
693284400000,0.41
693288000000,0.378
693291600000,0.349
693295200000,0.339
693298800000,0.344
693302400000,0.302
693306000000,0.259
693309600000,0.249
693313200000,0.256
693316800000,0.3
693320400000,0.362
693324000000,0.401
693327600000,0.374
693331200000,0.361
693334800000,0.42
693338400000,0.438
693342000000,0.413
693345600000,0.407
693349200000,0.418
693352800000,0.42
693356400000,0.569
693360000000,0.69
693363600000,0.713
693367200000,0.709
693370800000,0.707
693374400000,0.71
693378000000,0.712
693381600000,0.713
693385200000,0.697
693388800000,0.575
693392400000,0.467
693396000000,0.438
693399600000,0.428
693403200000,0.42
693406800000,0.427
693410400000,0.434
693414000000,0.463
693417600000,0.516
693421200000,0.523
693424800000,0.527
693428400000,0.537
693432000000,0.543
693435600000,0.55
693439200000,0.548
693442800000,0.628
693446400000,0.77
693450000000,0.831
693453600000,0.845
693457200000,0.839
693460800000,0.826
693464400000,0.809
693468000000,0.794
693471600000,0.764
693475200000,0.624
693478800000,0.486
693482400000,0.47
693486000000,0.457
693489600000,0.396
693493200000,0.407
693496800000,0.435
693500400000,0.463
693504000000,0.489
693507600000,0.519
693511200000,0.55
693514800000,0.562
693518400000,0.583
693522000000,0.595
693525600000,0.584
693529200000,0.649
693532800000,0.754
693536400000,0.78
693540000000,0.759
693543600000,0.718
693547200000,0.677
693550800000,0.645
693554400000,0.629
693558000000,0.599
693561600000,0.492
693565200000,0.484
693568800000,0.513
693572400000,0.484
693576000000,0.467
693579600000,0.468
693583200000,0.494
693586800000,0.513
693590400000,0.519
693594000000,0.519
693597600000,0.505
693601200000,0.486
693604800000,0.472
693608400000,0.466
693612000000,0.454
693615600000,0.491
693619200000,0.595
693622800000,0.644
693626400000,0.642
693630000000,0.63
693633600000,0.619
693637200000,0.61
693640800000,0.601
693644400000,0.578
693648000000,0.472
693651600000,0.341
693655200000,0.296
693658800000,0.281
693662400000,0.291
693666000000,0.3
693669600000,0.307
693673200000,0.334
693676800000,0.37
693680400000,0.391
693684000000,0.376
693687600000,0.316
693691200000,0.274
693694800000,0.253
693698400000,0.209
693702000000,0.225
693705600000,0.279
693709200000,0.289
693712800000,0.289
693716400000,0.306
693720000000,0.331
693723600000,0.347
693727200000,0.356
693730800000,0.35
693734400000,0.308
693738000000,0.255
693741600000,0.272
693745200000,0.301
693748800000,0.334
693752400000,0.329
693756000000,0.332
693759600000,0.32
693763200000,0.32
693766800000,0.346
693770400000,0.343
693774000000,0.346
693777600000,0.4
693781200000,0.404
693784800000,0.386
693788400000,0.444
693792000000,0.518
693795600000,0.478
693799200000,0.406
693802800000,0.352
693806400000,0.32
693810000000,0.3
693813600000,0.294
693817200000,0.294
693820800000,0.271
693824400000,0.245
693828000000,0.253
693831600000,0.249
693835200000,0.24
693838800000,0.225
693842400000,0.198
693846000000,0.188
693849600000,0.18
693853200000,0.186
693856800000,0.192
693860400000,0.19
693864000000,0.199
693867600000,0.219
693871200000,0.218
693874800000,0.217
693878400000,0.214
693882000000,0.185
693885600000,0.16
693889200000,0.137
693892800000,0.119
693896400000,0.107
693900000000,0.102
693903600000,0.104
693907200000,0.116
693910800000,0.147
693914400000,0.177
693918000000,0.179
693921600000,0.169
693925200000,0.155
693928800000,0.144
693932400000,0.148
693936000000,0.164
693939600000,0.188
693943200000,0.22
693946800000,0.259
693950400000,0.307
693954000000,0.337
693957600000,0.334
693961200000,0.343
693964800000,0.377
693968400000,0.372
693972000000,0.36
693975600000,0.352
693979200000,0.348
693982800000,0.346
693986400000,0.357
693990000000,0.375
693993600000,0.367
693997200000,0.328
694000800000,0.315
694004400000,0.318
694008000000,0.37
694011600000,0.43
694015200000,0.479
694018800000,0.507
694022400000,0.498
694026000000,0.491
694029600000,0.467
694033200000,0.425
694036800000,0.4
694040400000,0.39
694044000000,0.386
694047600000,0.428
694051200000,0.562
694054800000,0.63
694058400000,0.658
694062000000,0.652
694065600000,0.63
694069200000,0.61
694072800000,0.601
694076400000,0.59
694080000000,0.494
694083600000,0.403
694087200000,0.422
694090800000,0.429
694094400000,0.45
694098000000,0.426
694101600000,0.417
694105200000,0.432
694108800000,0.442
694112400000,0.444
694116000000,0.458
694119600000,0.494
694123200000,0.519
694126800000,0.54
694130400000,0.561
694134000000,0.576
694137600000,0.726
694141200000,0.803
694144800000,0.821
694148400000,0.812
694152000000,0.792
694155600000,0.772
694159200000,0.763
694162800000,0.754
694166400000,0.687
694170000000,0.616
694173600000,0.607
694177200000,0.62
694180800000,0.629
694184400000,0.625
694188000000,0.603
694191600000,0.607
694195200000,0.608
694198800000,0.63
694202400000,0.635
694206000000,0.635
694209600000,0.619
694213200000,0.599
694216800000,0.578
694220400000,0.628
