,Mn8
915148800000,0.428
915152400000,0.526
915156000000,0.562
915159600000,0.562
915163200000,0.525
915166800000,0.451
915170400000,0.382
915174000000,0.349
915177600000,0.345
915181200000,0.367
915184800000,0.348
915188400000,0.25
915192000000,0.175
915195600000,0.141
915199200000,0.149
915202800000,0.141
915206400000,0.17
915210000000,0.211
915213600000,0.214
915217200000,0.251
915220800000,0.24
915224400000,0.233
915228000000,0.293
915231600000,0.304
915235200000,0.391
915238800000,0.489
915242400000,0.557
915246000000,0.547
915249600000,0.494
915253200000,0.422
915256800000,0.356
915260400000,0.341
915264000000,0.349
915267600000,0.332
915271200000,0.335
915274800000,0.382
915278400000,0.42
915282000000,0.352
915285600000,0.249
915289200000,0.18
915292800000,0.177
915296400000,0.183
915300000000,0.167
915303600000,0.153
915307200000,0.156
915310800000,0.151
915314400000,0.151
915318000000,0.153
915321600000,0.195
915325200000,0.255
915328800000,0.272
915332400000,0.273
915336000000,0.271
915339600000,0.261
915343200000,0.225
915346800000,0.189
915350400000,0.155
915354000000,0.137
915357600000,0.136
915361200000,0.146
915364800000,0.157
915368400000,0.165
915372000000,0.149
915375600000,0.125
915379200000,0.111
915382800000,0.093
915386400000,0.07
915390000000,0.06
915393600000,0.048
915397200000,0.033
915400800000,0.016
915404400000,0.009
915408000000,0.007
915411600000,0.004
915415200000,0.005
915418800000,0.011
915422400000,0.013
915426000000,0.008
915429600000,0.008
915433200000,0.014
915436800000,0.02
915440400000,0.021
915444000000,0.031
915447600000,0.046
915451200000,0.041
915454800000,0.022
915458400000,0.011
915462000000,0.008
915465600000,0.006
915469200000,0.003
915472800000,0.001
915476400000,0.002
915480000000,0.003
915483600000,0.008
915487200000,0.012
915490800000,0.016
915494400000,0.035
915498000000,0.064
915501600000,0.096
915505200000,0.105
915508800000,0.096
915512400000,0.087
915516000000,0.08
915519600000,0.078
915523200000,0.069
915526800000,0.077
915530400000,0.097
915534000000,0.127
915537600000,0.166
915541200000,0.204
915544800000,0.249
915548400000,0.237
915552000000,0.205
915555600000,0.161
915559200000,0.134
915562800000,0.113
915566400000,0.085
915570000000,0.074
915573600000,0.067
915577200000,0.082
915580800000,0.154
915584400000,0.256
915588000000,0.391
915591600000,0.492
915595200000,0.553
915598800000,0.59
915602400000,0.569
915606000000,0.474
915609600000,0.312
915613200000,0.225
915616800000,0.208
915620400000,0.191
915624000000,0.16
915627600000,0.145
915631200000,0.126
915634800000,0.107
915638400000,0.091
915642000000,0.078
915645600000,0.074
915649200000,0.068
915652800000,0.062
915656400000,0.054
915660000000,0.04
915663600000,0.042
915667200000,0.059
915670800000,0.073
915674400000,0.089
915678000000,0.103
915681600000,0.111
915685200000,0.104
915688800000,0.086
915692400000,0.068
915696000000,0.055
915699600000,0.05
915703200000,0.048
915706800000,0.044
915710400000,0.04
915714000000,0.034
915717600000,0.028
915721200000,0.023
915724800000,0.017
915728400000,0.014
915732000000,0.009
915735600000,0.003
915739200000,0.0
915742800000,0.0
915746400000,0.0
915750000000,0.0
915753600000,0.0
915757200000,0.001
915760800000,0.003
915764400000,0.008
915768000000,0.017
915771600000,0.028
915775200000,0.034
915778800000,0.035
915782400000,0.035
915786000000,0.037
915789600000,0.042
915793200000,0.05
915796800000,0.051
915800400000,0.058
915804000000,0.061
915807600000,0.056
915811200000,0.062
915814800000,0.083
915818400000,0.092
915822000000,0.079
915825600000,0.061
915829200000,0.045
915832800000,0.028
915836400000,0.022
915840000000,0.03
915843600000,0.044
915847200000,0.063
915850800000,0.07
915854400000,0.069
915858000000,0.062
915861600000,0.053
915865200000,0.043
915868800000,0.037
915872400000,0.032
915876000000,0.031
915879600000,0.032
915883200000,0.035
915886800000,0.041
915890400000,0.054
915894000000,0.066
915897600000,0.071
915901200000,0.077
915904800000,0.077
915908400000,0.074
915912000000,0.07
915915600000,0.054
915919200000,0.044
915922800000,0.057
915926400000,0.058
915930000000,0.063
915933600000,0.077
915937200000,0.09
915940800000,0.076
915944400000,0.061
915948000000,0.061
915951600000,0.064
915955200000,0.061
915958800000,0.038
915962400000,0.018
915966000000,0.007
915969600000,0.002
915973200000,0.001
915976800000,0.002
915980400000,0.005
915984000000,0.011
915987600000,0.023
915991200000,0.042
915994800000,0.064
915998400000,0.093
916002000000,0.136
916005600000,0.176
916009200000,0.179
916012800000,0.236
916016400000,0.272
916020000000,0.281
916023600000,0.276
916027200000,0.26
916030800000,0.243
916034400000,0.238
916038000000,0.234
916041600000,0.206
916045200000,0.193
916048800000,0.187
916052400000,0.168
916056000000,0.145
916059600000,0.116
916063200000,0.089
916066800000,0.082
916070400000,0.084
916074000000,0.096
916077600000,0.113
916081200000,0.128
916084800000,0.134
916088400000,0.114
916092000000,0.088
916095600000,0.065
916099200000,0.07
916102800000,0.065
916106400000,0.063
916110000000,0.074
916113600000,0.09
916117200000,0.101
916120800000,0.101
916124400000,0.089
916128000000,0.07
916131600000,0.065
916135200000,0.067
916138800000,0.067
916142400000,0.069
916146000000,0.067
916149600000,0.063
916153200000,0.064
916156800000,0.066
916160400000,0.064
916164000000,0.064
916167600000,0.063
916171200000,0.065
916174800000,0.06
916178400000,0.048
916182000000,0.054
916185600000,0.081
916189200000,0.102
916192800000,0.116
916196400000,0.127
916200000000,0.132
916203600000,0.128
916207200000,0.114
916210800000,0.094
916214400000,0.069
916218000000,0.049
916221600000,0.034
916225200000,0.026
916228800000,0.024
916232400000,0.029
916236000000,0.033
916239600000,0.038
916243200000,0.043
916246800000,0.048
916250400000,0.045
916254000000,0.039
916257600000,0.041
916261200000,0.042
916264800000,0.042
916268400000,0.074
916272000000,0.151
916275600000,0.195
916279200000,0.209
916282800000,0.21
916286400000,0.188
916290000000,0.149
916293600000,0.115
916297200000,0.09
916300800000,0.077
916304400000,0.085
916308000000,0.118
916311600000,0.134
916315200000,0.143
916318800000,0.143
916322400000,0.125
916326000000,0.11
916329600000,0.105
916333200000,0.107
916336800000,0.124
916340400000,0.154
916344000000,0.195
916347600000,0.258
916351200000,0.311
916354800000,0.337
916358400000,0.411
916362000000,0.433
916365600000,0.424
916369200000,0.413
916372800000,0.4
916376400000,0.375
916380000000,0.35
916383600000,0.333
916387200000,0.283
916390800000,0.242
916394400000,0.223
916398000000,0.214
916401600000,0.201
916405200000,0.179
916408800000,0.159
916412400000,0.147
916416000000,0.139
916419600000,0.13
916423200000,0.123
916426800000,0.129
916430400000,0.147
916434000000,0.151
916437600000,0.128
916441200000,0.16
916444800000,0.197
916448400000,0.18
916452000000,0.155
916455600000,0.154
916459200000,0.17
916462800000,0.19
916466400000,0.206
916470000000,0.219
916473600000,0.209
916477200000,0.201
916480800000,0.207
916484400000,0.158
916488000000,0.1
916491600000,0.074
916495200000,0.067
916498800000,0.058
916502400000,0.065
916506000000,0.095
916509600000,0.138
916513200000,0.169
916516800000,0.19
916520400000,0.204
916524000000,0.184
916527600000,0.219
916531200000,0.279
916534800000,0.316
916538400000,0.337
916542000000,0.335
916545600000,0.337
916549200000,0.356
916552800000,0.376
916556400000,0.377
916560000000,0.294
916563600000,0.211
916567200000,0.185
916570800000,0.17
916574400000,0.163
916578000000,0.16
916581600000,0.162
916585200000,0.153
916588800000,0.133
916592400000,0.114
916596000000,0.131
916599600000,0.179
916603200000,0.239
916606800000,0.303
916610400000,0.329
916614000000,0.494
916617600000,0.647
916621200000,0.698
916624800000,0.722
916628400000,0.75
916632000000,0.772
916635600000,0.76
916639200000,0.688
916642800000,0.538
916646400000,0.355
916650000000,0.243
916653600000,0.184
916657200000,0.136
916660800000,0.133
916664400000,0.162
916668000000,0.194
916671600000,0.225
916675200000,0.223
916678800000,0.223
916682400000,0.252
916686000000,0.243
916689600000,0.201
916693200000,0.167
916696800000,0.154
916700400000,0.192
916704000000,0.292
916707600000,0.464
916711200000,0.532
916714800000,0.519
916718400000,0.519
916722000000,0.515
916725600000,0.484
916729200000,0.464
916732800000,0.388
916736400000,0.37
916740000000,0.348
916743600000,0.323
916747200000,0.265
916750800000,0.168
916754400000,0.117
916758000000,0.098
916761600000,0.132
916765200000,0.205
916768800000,0.294
916772400000,0.349
916776000000,0.332
916779600000,0.266
916783200000,0.245
916786800000,0.273
916790400000,0.413
916794000000,0.474
916797600000,0.501
916801200000,0.519
916804800000,0.48
916808400000,0.364
916812000000,0.221
916815600000,0.113
916819200000,0.063
916822800000,0.044
916826400000,0.059
916830000000,0.085
916833600000,0.172
916837200000,0.268
916840800000,0.308
916844400000,0.32
916848000000,0.27
916851600000,0.225
916855200000,0.195
916858800000,0.196
916862400000,0.199
916866000000,0.186
916869600000,0.169
916873200000,0.279
916876800000,0.421
916880400000,0.516
916884000000,0.538
916887600000,0.519
916891200000,0.487
916894800000,0.464
916898400000,0.452
916902000000,0.433
916905600000,0.349
916909200000,0.35
916912800000,0.393
916916400000,0.381
916920000000,0.334
916923600000,0.305
916927200000,0.27
916930800000,0.223
916934400000,0.193
916938000000,0.181
916941600000,0.171
916945200000,0.133
916948800000,0.105
916952400000,0.085
916956000000,0.076
916959600000,0.226
916963200000,0.422
916966800000,0.491
916970400000,0.526
916974000000,0.578
916977600000,0.637
916981200000,0.668
916984800000,0.638
916988400000,0.539
916992000000,0.403
916995600000,0.354
916999200000,0.335
917002800000,0.36
917006400000,0.379
917010000000,0.407
917013600000,0.391
917017200000,0.363
917020800000,0.348
917024400000,0.392
917028000000,0.394
917031600000,0.403
917035200000,0.406
917038800000,0.395
917042400000,0.361
917046000000,0.466
917049600000,0.594
917053200000,0.605
917056800000,0.594
917060400000,0.572
917064000000,0.538
917067600000,0.491
917071200000,0.433
917074800000,0.346
917078400000,0.278
917082000000,0.262
917085600000,0.234
917089200000,0.203
917092800000,0.162
917096400000,0.141
917100000000,0.138
917103600000,0.127
917107200000,0.11
917110800000,0.088
917114400000,0.062
917118000000,0.05
917121600000,0.075
917125200000,0.141
917128800000,0.241
917132400000,0.321
917136000000,0.399
917139600000,0.481
917143200000,0.53
917146800000,0.531
917150400000,0.523
917154000000,0.469
917157600000,0.375
917161200000,0.278
917164800000,0.279
917168400000,0.311
917172000000,0.328
917175600000,0.33
917179200000,0.314
917182800000,0.323
917186400000,0.316
917190000000,0.311
917193600000,0.318
917197200000,0.298
917200800000,0.253
917204400000,0.196
917208000000,0.162
917211600000,0.135
917215200000,0.113
917218800000,0.145
917222400000,0.203
917226000000,0.264
917229600000,0.359
917233200000,0.459
917236800000,0.526
917240400000,0.538
917244000000,0.494
917247600000,0.407
917251200000,0.347
917254800000,0.375
917258400000,0.352
917262000000,0.323
917265600000,0.306
917269200000,0.28
917272800000,0.251
917276400000,0.233
917280000000,0.183
917283600000,0.155
917287200000,0.155
917290800000,0.163
917294400000,0.194
917298000000,0.202
917301600000,0.187
917305200000,0.193
917308800000,0.298
917312400000,0.367
917316000000,0.381
917319600000,0.363
917323200000,0.308
917326800000,0.269
917330400000,0.227
917334000000,0.175
917337600000,0.152
917341200000,0.168
917344800000,0.168
917348400000,0.13
917352000000,0.1
917355600000,0.101
917359200000,0.168
917362800000,0.199
917366400000,0.205
917370000000,0.196
917373600000,0.123
917377200000,0.085
917380800000,0.084
917384400000,0.116
917388000000,0.127
917391600000,0.114
917395200000,0.082
917398800000,0.078
917402400000,0.09
917406000000,0.115
917409600000,0.233
917413200000,0.407
917416800000,0.475
917420400000,0.381
917424000000,0.278
917427600000,0.237
917431200000,0.208
917434800000,0.186
917438400000,0.16
917442000000,0.136
917445600000,0.111
917449200000,0.079
917452800000,0.057
917456400000,0.043
917460000000,0.035
917463600000,0.033
917467200000,0.038
917470800000,0.047
917474400000,0.053
917478000000,0.076
917481600000,0.101
917485200000,0.099
917488800000,0.098
917492400000,0.077
917496000000,0.055
917499600000,0.041
917503200000,0.029
917506800000,0.015
917510400000,0.005
917514000000,0.003
917517600000,0.002
917521200000,0.001
917524800000,0.001
917528400000,0.001
917532000000,0.002
917535600000,0.002
917539200000,0.003
917542800000,0.003
917546400000,0.006
917550000000,0.008
917553600000,0.005
917557200000,0.001
917560800000,0.0
917564400000,0.0
917568000000,0.001
917571600000,0.002
917575200000,0.003
917578800000,0.005
917582400000,0.008
917586000000,0.012
917589600000,0.015
917593200000,0.018
917596800000,0.022
917600400000,0.036
917604000000,0.054
917607600000,0.025
917611200000,0.008
917614800000,0.009
917618400000,0.013
917622000000,0.017
917625600000,0.018
917629200000,0.017
917632800000,0.019
917636400000,0.025
917640000000,0.032
917643600000,0.043
917647200000,0.051
917650800000,0.071
917654400000,0.093
917658000000,0.094
917661600000,0.096
917665200000,0.086
917668800000,0.069
917672400000,0.054
917676000000,0.042
917679600000,0.029
917683200000,0.024
917686800000,0.031
917690400000,0.048
917694000000,0.061
917697600000,0.064
917701200000,0.058
917704800000,0.046
917708400000,0.03
917712000000,0.015
917715600000,0.007
917719200000,0.005
917722800000,0.005
917726400000,0.004
917730000000,0.005
917733600000,0.005
917737200000,0.016
917740800000,0.033
917744400000,0.035
917748000000,0.04
917751600000,0.05
917755200000,0.067
917758800000,0.082
917762400000,0.088
917766000000,0.088
917769600000,0.083
917773200000,0.115
917776800000,0.161
917780400000,0.193
917784000000,0.201
917787600000,0.198
917791200000,0.167
917794800000,0.118
917798400000,0.08
917802000000,0.058
917805600000,0.046
917809200000,0.043
917812800000,0.039
917816400000,0.042
917820000000,0.047
917823600000,0.085
917827200000,0.133
917830800000,0.169
917834400000,0.199
917838000000,0.2
917841600000,0.179
917845200000,0.16
917848800000,0.152
917852400000,0.144
917856000000,0.127
917859600000,0.127
917863200000,0.144
917866800000,0.161
917870400000,0.165
917874000000,0.161
917877600000,0.125
917881200000,0.09
917884800000,0.067
917888400000,0.054
917892000000,0.04
917895600000,0.029
917899200000,0.033
917902800000,0.053
917906400000,0.066
917910000000,0.114
917913600000,0.186
917917200000,0.22
917920800000,0.231
917924400000,0.22
917928000000,0.202
917931600000,0.192
917935200000,0.191
917938800000,0.185
917942400000,0.158
917946000000,0.162
917949600000,0.209
917953200000,0.248
917956800000,0.261
917960400000,0.261
917964000000,0.252
917967600000,0.249
917971200000,0.235
917974800000,0.227
917978400000,0.218
917982000000,0.208
917985600000,0.196
917989200000,0.198
917992800000,0.184
917996400000,0.266
918000000000,0.317
918003600000,0.319
918007200000,0.298
918010800000,0.263
918014400000,0.231
918018000000,0.21
918021600000,0.201
918025200000,0.195
918028800000,0.188
918032400000,0.194
918036000000,0.208
918039600000,0.227
918043200000,0.245
918046800000,0.274
918050400000,0.305
918054000000,0.294
918057600000,0.304
918061200000,0.326
918064800000,0.317
918068400000,0.282
918072000000,0.252
918075600000,0.221
918079200000,0.191
918082800000,0.201
918086400000,0.206
918090000000,0.181
918093600000,0.144
918097200000,0.135
918100800000,0.137
918104400000,0.133
918108000000,0.127
918111600000,0.124
918115200000,0.118
918118800000,0.093
918122400000,0.073
918126000000,0.068
918129600000,0.078
918133200000,0.094
918136800000,0.087
918140400000,0.068
918144000000,0.06
918147600000,0.067
918151200000,0.087
918154800000,0.11
918158400000,0.126
918162000000,0.146
918165600000,0.152
918169200000,0.296
918172800000,0.425
918176400000,0.459
918180000000,0.422
918183600000,0.359
918187200000,0.309
918190800000,0.272
918194400000,0.237
918198000000,0.186
918201600000,0.127
918205200000,0.094
918208800000,0.095
918212400000,0.147
918216000000,0.175
918219600000,0.164
918223200000,0.135
918226800000,0.11
918230400000,0.126
918234000000,0.169
918237600000,0.185
918241200000,0.184
918244800000,0.163
918248400000,0.138
918252000000,0.123
918255600000,0.202
918259200000,0.253
918262800000,0.311
918266400000,0.32
918270000000,0.264
918273600000,0.22
918277200000,0.185
918280800000,0.135
918284400000,0.106
918288000000,0.084
918291600000,0.079
918295200000,0.082
918298800000,0.087
918302400000,0.093
918306000000,0.09
918309600000,0.079
918313200000,0.068
918316800000,0.067
918320400000,0.087
918324000000,0.113
918327600000,0.155
918331200000,0.203
918334800000,0.243
918338400000,0.224
918342000000,0.318
918345600000,0.374
918349200000,0.362
918352800000,0.337
918356400000,0.318
918360000000,0.31
918363600000,0.304
918367200000,0.294
918370800000,0.271
918374400000,0.238
918378000000,0.2
918381600000,0.172
918385200000,0.146
918388800000,0.119
918392400000,0.094
918396000000,0.068
918399600000,0.038
918403200000,0.018
918406800000,0.008
918410400000,0.005
918414000000,0.006
918417600000,0.005
918421200000,0.004
918424800000,0.002
918428400000,0.004
918432000000,0.016
918435600000,0.031
918439200000,0.05
918442800000,0.058
918446400000,0.065
918450000000,0.09
918453600000,0.12
918457200000,0.139
918460800000,0.153
918464400000,0.168
918468000000,0.182
918471600000,0.167
918475200000,0.153
918478800000,0.137
918482400000,0.118
918486000000,0.1
918489600000,0.096
918493200000,0.106
918496800000,0.124
918500400000,0.133
918504000000,0.148
918507600000,0.162
918511200000,0.152
918514800000,0.148
918518400000,0.158
918522000000,0.181
918525600000,0.199
918529200000,0.188
918532800000,0.168
918536400000,0.147
918540000000,0.131
918543600000,0.112
918547200000,0.092
918550800000,0.07
918554400000,0.053
918558000000,0.047
918561600000,0.048
918565200000,0.051
918568800000,0.068
918572400000,0.086
918576000000,0.093
918579600000,0.086
918583200000,0.081
918586800000,0.068
918590400000,0.063
918594000000,0.068
918597600000,0.082
918601200000,0.17
918604800000,0.279
918608400000,0.374
918612000000,0.425
918615600000,0.481
918619200000,0.505
918622800000,0.495
918626400000,0.457
918630000000,0.398
918633600000,0.316
918637200000,0.272
918640800000,0.245
918644400000,0.216
918648000000,0.201
918651600000,0.201
918655200000,0.192
918658800000,0.193
918662400000,0.204
918666000000,0.225
918669600000,0.247
918673200000,0.264
918676800000,0.263
918680400000,0.234
918684000000,0.175
918687600000,0.241
918691200000,0.291
918694800000,0.28
918698400000,0.232
918702000000,0.167
918705600000,0.111
918709200000,0.067
918712800000,0.036
918716400000,0.02
918720000000,0.011
918723600000,0.005
918727200000,0.002
918730800000,0.002
918734400000,0.003
918738000000,0.006
918741600000,0.013
918745200000,0.023
918748800000,0.035
918752400000,0.046
918756000000,0.049
918759600000,0.05
918763200000,0.063
918766800000,0.075
918770400000,0.077
918774000000,0.133
918777600000,0.167
918781200000,0.164
918784800000,0.13
918788400000,0.095
918792000000,0.068
918795600000,0.038
918799200000,0.017
918802800000,0.009
918806400000,0.008
918810000000,0.017
918813600000,0.052
918817200000,0.121
918820800000,0.194
918824400000,0.184
918828000000,0.154
918831600000,0.125
918835200000,0.106
918838800000,0.115
918842400000,0.147
918846000000,0.191
918849600000,0.225
918853200000,0.25
918856800000,0.233
918860400000,0.369
918864000000,0.456
918867600000,0.425
918871200000,0.352
918874800000,0.267
918878400000,0.199
918882000000,0.151
918885600000,0.123
918889200000,0.099
918892800000,0.076
918896400000,0.058
918900000000,0.056
918903600000,0.088
918907200000,0.135
918910800000,0.176
918914400000,0.185
918918000000,0.188
918921600000,0.197
918925200000,0.2
918928800000,0.202
918932400000,0.223
918936000000,0.238
918939600000,0.243
918943200000,0.211
918946800000,0.27
918950400000,0.291
918954000000,0.257
918957600000,0.198
918961200000,0.154
918964800000,0.124
918968400000,0.095
918972000000,0.068
918975600000,0.044
918979200000,0.027
918982800000,0.018
918986400000,0.019
918990000000,0.045
918993600000,0.098
918997200000,0.162
919000800000,0.201
919004400000,0.223
919008000000,0.237
919011600000,0.231
919015200000,0.21
919018800000,0.211
919022400000,0.22
919026000000,0.22
919029600000,0.204
919033200000,0.344
919036800000,0.365
919040400000,0.278
919044000000,0.187
919047600000,0.123
919051200000,0.078
919054800000,0.047
919058400000,0.032
919062000000,0.027
919065600000,0.017
919069200000,0.004
919072800000,0.0
919076400000,0.0
919080000000,0.0
919083600000,0.001
919087200000,0.002
919090800000,0.003
919094400000,0.01
919098000000,0.032
919101600000,0.052
919105200000,0.051
919108800000,0.043
919112400000,0.032
919116000000,0.019
919119600000,0.032
919123200000,0.076
919126800000,0.073
919130400000,0.055
919134000000,0.03
919137600000,0.014
919141200000,0.006
919144800000,0.002
919148400000,0.0
919152000000,0.0
919155600000,0.001
919159200000,0.006
919162800000,0.024
919166400000,0.037
919170000000,0.036
919173600000,0.028
919177200000,0.017
919180800000,0.02
919184400000,0.037
919188000000,0.044
919191600000,0.041
919195200000,0.037
919198800000,0.031
919202400000,0.02
919206000000,0.037
919209600000,0.045
919213200000,0.026
919216800000,0.009
919220400000,0.003
919224000000,0.001
919227600000,0.0
919231200000,0.0
919234800000,0.0
919238400000,0.001
919242000000,0.003
919245600000,0.007
919249200000,0.019
919252800000,0.032
919256400000,0.038
919260000000,0.031
919263600000,0.015
919267200000,0.005
919270800000,0.002
919274400000,0.001
919278000000,0.001
919281600000,0.0
919285200000,0.0
919288800000,0.0
919292400000,0.0
919296000000,0.0
919299600000,0.0
919303200000,0.0
919306800000,0.001
919310400000,0.002
919314000000,0.005
919317600000,0.007
919321200000,0.005
919324800000,0.003
919328400000,0.003
919332000000,0.003
919335600000,0.002
919339200000,0.001
919342800000,0.001
919346400000,0.001
919350000000,0.002
919353600000,0.007
919357200000,0.012
919360800000,0.016
919364400000,0.018
919368000000,0.017
919371600000,0.013
919375200000,0.006
919378800000,0.001
919382400000,0.0
919386000000,0.0
919389600000,0.0
919393200000,0.0
919396800000,0.0
919400400000,0.0
919404000000,0.001
919407600000,0.003
919411200000,0.013
919414800000,0.034
919418400000,0.043
919422000000,0.03
919425600000,0.017
919429200000,0.014
919432800000,0.011
919436400000,0.005
919440000000,0.001
919443600000,0.0
919447200000,0.0
919450800000,0.0
919454400000,0.0
919458000000,0.0
919461600000,0.0
919465200000,0.0
919468800000,0.0
919472400000,0.0
919476000000,0.0
919479600000,0.0
919483200000,0.0
919486800000,0.0
919490400000,0.0
919494000000,0.003
919497600000,0.01
919501200000,0.014
919504800000,0.012
919508400000,0.006
919512000000,0.003
919515600000,0.002
919519200000,0.003
919522800000,0.005
919526400000,0.007
919530000000,0.009
919533600000,0.006
919537200000,0.004
919540800000,0.003
919544400000,0.003
919548000000,0.004
919551600000,0.023
919555200000,0.05
919558800000,0.084
919562400000,0.114
919566000000,0.137
919569600000,0.164
919573200000,0.199
919576800000,0.243
919580400000,0.274
919584000000,0.27
919587600000,0.244
919591200000,0.236
919594800000,0.263
919598400000,0.272
919602000000,0.293
919605600000,0.322
919609200000,0.318
919612800000,0.31
919616400000,0.3
919620000000,0.317
919623600000,0.358
919627200000,0.407
919630800000,0.442
919634400000,0.418
919638000000,0.518
919641600000,0.593
919645200000,0.606
919648800000,0.592
919652400000,0.588
919656000000,0.586
919659600000,0.578
919663200000,0.571
919666800000,0.552
919670400000,0.468
919674000000,0.352
919677600000,0.312
919681200000,0.309
919684800000,0.325
919688400000,0.313
919692000000,0.305
919695600000,0.311
919699200000,0.332
919702800000,0.36
919706400000,0.356
919710000000,0.342
919713600000,0.325
919717200000,0.289
919720800000,0.251
919724400000,0.403
919728000000,0.471
919731600000,0.484
919735200000,0.488
919738800000,0.505
919742400000,0.523
919746000000,0.552
919749600000,0.586
919753200000,0.581
919756800000,0.473
919760400000,0.38
919764000000,0.367
919767600000,0.364
919771200000,0.349
919774800000,0.321
919778400000,0.322
919782000000,0.325
919785600000,0.301
919789200000,0.265
919792800000,0.243
919796400000,0.231
919800000000,0.229
919803600000,0.223
919807200000,0.209
919810800000,0.321
919814400000,0.413
919818000000,0.447
919821600000,0.437
919825200000,0.422
919828800000,0.403
919832400000,0.386
919836000000,0.37
919839600000,0.341
919843200000,0.27
919846800000,0.22
919850400000,0.223
919854000000,0.244
919857600000,0.266
919861200000,0.264
919864800000,0.243
919868400000,0.22
919872000000,0.192
919875600000,0.171
919879200000,0.167
919882800000,0.169
919886400000,0.172
919890000000,0.18
919893600000,0.18
919897200000,0.258
919900800000,0.304
919904400000,0.319
919908000000,0.302
919911600000,0.279
919915200000,0.252
919918800000,0.227
919922400000,0.208
919926000000,0.195
919929600000,0.178
919933200000,0.146
919936800000,0.123
919940400000,0.101
919944000000,0.081
919947600000,0.059
919951200000,0.036
919954800000,0.025
919958400000,0.022
919962000000,0.024
919965600000,0.026
919969200000,0.026
919972800000,0.022
919976400000,0.019
919980000000,0.014
919983600000,0.035
919987200000,0.062
919990800000,0.094
919994400000,0.117
919998000000,0.119
920001600000,0.115
920005200000,0.117
920008800000,0.123
920012400000,0.126
920016000000,0.124
920019600000,0.134
920023200000,0.17
920026800000,0.196
920030400000,0.194
920034000000,0.163
920037600000,0.12
920041200000,0.094
920044800000,0.083
920048400000,0.076
920052000000,0.07
920055600000,0.065
920059200000,0.06
920062800000,0.051
920066400000,0.042
920070000000,0.121
920073600000,0.322
920077200000,0.56
920080800000,0.694
920084400000,0.743
920088000000,0.75
920091600000,0.738
920095200000,0.718
920098800000,0.663
920102400000,0.513
920106000000,0.364
920109600000,0.3
920113200000,0.286
920116800000,0.265
920120400000,0.239
920124000000,0.236
920127600000,0.245
920131200000,0.249
920134800000,0.272
920138400000,0.302
920142000000,0.343
920145600000,0.374
920149200000,0.381
920152800000,0.341
920156400000,0.464
920160000000,0.54
920163600000,0.538
920167200000,0.498
920170800000,0.468
920174400000,0.447
920178000000,0.444
920181600000,0.425
920185200000,0.354
920188800000,0.234
920192400000,0.167
920196000000,0.152
920199600000,0.158
920203200000,0.155
920206800000,0.128
920210400000,0.108
920214000000,0.088
920217600000,0.05
920221200000,0.015
920224800000,0.007
920228400000,0.014
920232000000,0.039
920235600000,0.057
920239200000,0.071
920242800000,0.036
920246400000,0.015
920250000000,0.009
920253600000,0.053
920257200000,0.177
920260800000,0.226
920264400000,0.219
920268000000,0.194
920271600000,0.088
920275200000,0.022
920278800000,0.019
920282400000,0.041
920286000000,0.072
920289600000,0.096
920293200000,0.094
920296800000,0.07
920300400000,0.031
920304000000,0.009
920307600000,0.003
920311200000,0.001
920314800000,0.0
920318400000,0.0
920322000000,0.001
920325600000,0.001
920329200000,0.001
920332800000,0.004
920336400000,0.013
920340000000,0.034
920343600000,0.085
920347200000,0.198
920350800000,0.368
920354400000,0.466
920358000000,0.376
920361600000,0.194
920365200000,0.1
920368800000,0.082
920372400000,0.067
920376000000,0.043
920379600000,0.03
920383200000,0.025
920386800000,0.019
920390400000,0.012
920394000000,0.006
920397600000,0.003
920401200000,0.002
920404800000,0.002
920408400000,0.003
920412000000,0.006
920415600000,0.008
920419200000,0.011
920422800000,0.013
920426400000,0.018
920430000000,0.023
920433600000,0.025
920437200000,0.028
920440800000,0.036
920444400000,0.045
920448000000,0.049
920451600000,0.058
920455200000,0.07
920458800000,0.074
920462400000,0.076
920466000000,0.074
920469600000,0.067
920473200000,0.049
920476800000,0.03
920480400000,0.021
920484000000,0.019
920487600000,0.025
920491200000,0.035
920494800000,0.046
920498400000,0.051
920502000000,0.066
920505600000,0.094
920509200000,0.102
920512800000,0.096
920516400000,0.093
920520000000,0.088
920523600000,0.079
920527200000,0.069
920530800000,0.057
920534400000,0.043
920538000000,0.036
920541600000,0.035
920545200000,0.035
920548800000,0.035
920552400000,0.031
920556000000,0.026
920559600000,0.021
920563200000,0.017
920566800000,0.013
920570400000,0.009
920574000000,0.008
920577600000,0.009
920581200000,0.014
920584800000,0.017
920588400000,0.022
920592000000,0.032
920595600000,0.045
920599200000,0.058
920602800000,0.064
920606400000,0.071
920610000000,0.081
920613600000,0.094
920617200000,0.108
920620800000,0.116
920624400000,0.104
920628000000,0.105
920631600000,0.102
920635200000,0.099
920638800000,0.094
920642400000,0.097
920646000000,0.093
920649600000,0.064
920653200000,0.029
920656800000,0.011
920660400000,0.006
920664000000,0.007
920667600000,0.013
920671200000,0.022
920674800000,0.03
920678400000,0.034
920682000000,0.036
920685600000,0.042
920689200000,0.051
920692800000,0.059
920696400000,0.067
920700000000,0.065
920703600000,0.053
920707200000,0.042
920710800000,0.041
920714400000,0.045
920718000000,0.047
920721600000,0.045
920725200000,0.041
920728800000,0.038
920732400000,0.028
920736000000,0.017
920739600000,0.008
920743200000,0.003
920746800000,0.001
920750400000,0.002
920754000000,0.005
920757600000,0.014
920761200000,0.025
920764800000,0.036
920768400000,0.035
920772000000,0.026
920775600000,0.019
920779200000,0.013
920782800000,0.008
920786400000,0.005
920790000000,0.003
920793600000,0.002
920797200000,0.001
920800800000,0.001
920804400000,0.0
920808000000,0.0
920811600000,0.0
920815200000,0.001
920818800000,0.0
920822400000,0.0
920826000000,0.0
920829600000,0.0
920833200000,0.0
920836800000,0.0
920840400000,0.0
920844000000,0.0
920847600000,0.0
920851200000,0.0
920854800000,0.001
920858400000,0.005
920862000000,0.013
920865600000,0.021
920869200000,0.028
920872800000,0.033
920876400000,0.037
920880000000,0.038
920883600000,0.038
920887200000,0.035
920890800000,0.03
920894400000,0.028
920898000000,0.028
920901600000,0.027
920905200000,0.015
920908800000,0.005
920912400000,0.001
920916000000,0.0
920919600000,0.0
920923200000,0.0
920926800000,0.0
920930400000,0.0
920934000000,0.001
920937600000,0.002
920941200000,0.004
920944800000,0.006
920948400000,0.007
920952000000,0.008
920955600000,0.008
920959200000,0.011
920962800000,0.016
920966400000,0.021
920970000000,0.035
920973600000,0.048
920977200000,0.05
920980800000,0.04
920984400000,0.026
920988000000,0.01
920991600000,0.003
920995200000,0.001
920998800000,0.0
921002400000,0.0
921006000000,0.001
921009600000,0.003
921013200000,0.006
921016800000,0.008
921020400000,0.014
921024000000,0.021
921027600000,0.025
921031200000,0.025
921034800000,0.024
921038400000,0.021
921042000000,0.019
921045600000,0.019
921049200000,0.02
921052800000,0.022
921056400000,0.025
921060000000,0.025
921063600000,0.02
921067200000,0.014
921070800000,0.008
921074400000,0.003
921078000000,0.001
921081600000,0.0
921085200000,0.0
921088800000,0.0
921092400000,0.001
921096000000,0.002
921099600000,0.005
921103200000,0.008
921106800000,0.02
921110400000,0.036
921114000000,0.046
921117600000,0.053
921121200000,0.053
921124800000,0.051
921128400000,0.045
921132000000,0.039
921135600000,0.028
921139200000,0.019
921142800000,0.02
921146400000,0.024
921150000000,0.026
921153600000,0.025
921157200000,0.023
921160800000,0.018
921164400000,0.008
921168000000,0.002
921171600000,0.001
921175200000,0.002
921178800000,0.004
921182400000,0.007
921186000000,0.013
921189600000,0.017
921193200000,0.034
921196800000,0.048
921200400000,0.057
921204000000,0.064
921207600000,0.069
921211200000,0.076
921214800000,0.079
921218400000,0.072
921222000000,0.059
921225600000,0.048
921229200000,0.041
921232800000,0.036
921236400000,0.029
921240000000,0.023
921243600000,0.018
921247200000,0.015
921250800000,0.017
921254400000,0.022
921258000000,0.031
921261600000,0.042
921265200000,0.053
921268800000,0.064
921272400000,0.077
921276000000,0.08
921279600000,0.119
921283200000,0.144
921286800000,0.161
921290400000,0.17
921294000000,0.167
921297600000,0.158
921301200000,0.145
921304800000,0.133
921308400000,0.125
921312000000,0.118
921315600000,0.123
921319200000,0.127
921322800000,0.122
921326400000,0.117
921330000000,0.111
921333600000,0.105
921337200000,0.102
921340800000,0.111
921344400000,0.125
921348000000,0.141
921351600000,0.15
921355200000,0.148
921358800000,0.141
921362400000,0.125
921366000000,0.162
921369600000,0.208
921373200000,0.244
921376800000,0.249
921380400000,0.235
921384000000,0.213
921387600000,0.193
921391200000,0.182
921394800000,0.179
921398400000,0.17
921402000000,0.156
921405600000,0.147
921409200000,0.132
921412800000,0.113
921416400000,0.09
921420000000,0.075
921423600000,0.061
921427200000,0.052
921430800000,0.048
921434400000,0.047
921438000000,0.048
921441600000,0.045
921445200000,0.043
921448800000,0.045
921452400000,0.066
921456000000,0.097
921459600000,0.118
921463200000,0.131
921466800000,0.133
921470400000,0.14
921474000000,0.153
921477600000,0.152
921481200000,0.144
921484800000,0.137
921488400000,0.141
921492000000,0.144
921495600000,0.131
921499200000,0.12
921502800000,0.112
921506400000,0.097
921510000000,0.084
921513600000,0.073
921517200000,0.07
921520800000,0.076
921524400000,0.09
921528000000,0.105
921531600000,0.118
921535200000,0.112
921538800000,0.139
921542400000,0.185
921546000000,0.234
921549600000,0.266
921553200000,0.27
921556800000,0.265
921560400000,0.278
921564000000,0.279
921567600000,0.261
921571200000,0.202
921574800000,0.187
921578400000,0.225
921582000000,0.236
921585600000,0.238
921589200000,0.235
921592800000,0.234
921596400000,0.199
921600000000,0.159
921603600000,0.135
921607200000,0.114
921610800000,0.107
921614400000,0.116
921618000000,0.123
921621600000,0.12
921625200000,0.241
921628800000,0.395
921632400000,0.51
921636000000,0.571
921639600000,0.563
921643200000,0.525
921646800000,0.483
921650400000,0.407
921654000000,0.264
921657600000,0.123
921661200000,0.081
921664800000,0.13
921668400000,0.253
921672000000,0.324
921675600000,0.317
921679200000,0.41
921682800000,0.433
921686400000,0.391
921690000000,0.332
921693600000,0.244
921697200000,0.172
921700800000,0.15
921704400000,0.157
921708000000,0.137
921711600000,0.135
921715200000,0.145
921718800000,0.201
921722400000,0.277
921726000000,0.316
921729600000,0.332
921733200000,0.328
921736800000,0.285
921740400000,0.204
921744000000,0.119
921747600000,0.078
921751200000,0.057
921754800000,0.043
921758400000,0.041
921762000000,0.047
921765600000,0.054
921769200000,0.042
921772800000,0.02
921776400000,0.011
921780000000,0.008
921783600000,0.008
921787200000,0.007
921790800000,0.006
921794400000,0.006
921798000000,0.014
921801600000,0.025
921805200000,0.036
921808800000,0.045
921812400000,0.047
921816000000,0.052
921819600000,0.054
921823200000,0.051
921826800000,0.042
921830400000,0.03
921834000000,0.034
921837600000,0.061
921841200000,0.1
921844800000,0.135
921848400000,0.162
921852000000,0.168
921855600000,0.131
921859200000,0.089
921862800000,0.062
921866400000,0.047
921870000000,0.05
921873600000,0.054
921877200000,0.071
921880800000,0.08
921884400000,0.086
921888000000,0.114
921891600000,0.127
921895200000,0.135
921898800000,0.12
921902400000,0.097
921906000000,0.083
921909600000,0.075
921913200000,0.076
921916800000,0.087
921920400000,0.114
921924000000,0.134
921927600000,0.103
921931200000,0.079
921934800000,0.069
921938400000,0.051
921942000000,0.037
921945600000,0.028
921949200000,0.026
921952800000,0.027
921956400000,0.028
921960000000,0.029
921963600000,0.033
921967200000,0.039
921970800000,0.073
921974400000,0.095
921978000000,0.119
921981600000,0.138
921985200000,0.144
921988800000,0.142
921992400000,0.13
921996000000,0.108
921999600000,0.091
922003200000,0.085
922006800000,0.099
922010400000,0.132
922014000000,0.168
922017600000,0.205
922021200000,0.211
922024800000,0.181
922028400000,0.127
922032000000,0.101
922035600000,0.093
922039200000,0.093
922042800000,0.093
922046400000,0.094
922050000000,0.089
922053600000,0.084
922057200000,0.129
922060800000,0.167
922064400000,0.195
922068000000,0.194
922071600000,0.171
922075200000,0.142
922078800000,0.126
922082400000,0.121
922086000000,0.114
922089600000,0.106
922093200000,0.115
922096800000,0.141
922100400000,0.166
922104000000,0.193
922107600000,0.2
922111200000,0.196
922114800000,0.172
922118400000,0.145
922122000000,0.129
922125600000,0.112
922129200000,0.101
922132800000,0.09
922136400000,0.084
922140000000,0.095
922143600000,0.171
922147200000,0.207
922150800000,0.206
922154400000,0.177
922158000000,0.141
922161600000,0.112
922165200000,0.097
922168800000,0.093
922172400000,0.091
922176000000,0.087
922179600000,0.08
922183200000,0.079
922186800000,0.078
922190400000,0.076
922194000000,0.066
922197600000,0.046
922201200000,0.028
922204800000,0.02
922208400000,0.022
922212000000,0.023
922215600000,0.011
922219200000,0.004
922222800000,0.004
922226400000,0.011
922230000000,0.025
922233600000,0.042
922237200000,0.054
922240800000,0.055
922244400000,0.049
922248000000,0.053
922251600000,0.065
922255200000,0.087
922258800000,0.101
922262400000,0.11
922266000000,0.176
922269600000,0.304
922273200000,0.416
922276800000,0.494
922280400000,0.556
922284000000,0.562
922287600000,0.525
922291200000,0.408
922294800000,0.367
922298400000,0.343
922302000000,0.298
922305600000,0.328
922309200000,0.327
922312800000,0.305
922316400000,0.329
922320000000,0.393
922323600000,0.401
922327200000,0.378
922330800000,0.328
922334400000,0.291
922338000000,0.274
922341600000,0.264
922345200000,0.258
922348800000,0.222
922352400000,0.197
922356000000,0.201
922359600000,0.207
922363200000,0.205
922366800000,0.191
922370400000,0.191
922374000000,0.168
922377600000,0.138
922381200000,0.106
922384800000,0.084
922388400000,0.069
922392000000,0.059
922395600000,0.057
922399200000,0.049
922402800000,0.076
922406400000,0.097
922410000000,0.119
922413600000,0.139
922417200000,0.154
922420800000,0.177
922424400000,0.195
922428000000,0.217
922431600000,0.211
922435200000,0.212
922438800000,0.245
922442400000,0.271
922446000000,0.217
922449600000,0.144
922453200000,0.073
922456800000,0.034
922460400000,0.018
922464000000,0.016
922467600000,0.017
922471200000,0.014
922474800000,0.008
922478400000,0.005
922482000000,0.007
922485600000,0.015
922489200000,0.022
922492800000,0.04
922496400000,0.06
922500000000,0.076
922503600000,0.08
922507200000,0.069
922510800000,0.054
922514400000,0.049
922518000000,0.051
922521600000,0.05
922525200000,0.052
922528800000,0.059
922532400000,0.083
922536000000,0.125
922539600000,0.141
922543200000,0.119
922546800000,0.077
922550400000,0.037
922554000000,0.015
922557600000,0.006
922561200000,0.002
922564800000,0.001
922568400000,0.001
922572000000,0.001
922575600000,0.002
922579200000,0.011
922582800000,0.03
922586400000,0.047
922590000000,0.052
922593600000,0.057
922597200000,0.074
922600800000,0.104
922604400000,0.126
922608000000,0.114
922611600000,0.105
922615200000,0.113
922618800000,0.163
922622400000,0.168
922626000000,0.193
922629600000,0.23
922633200000,0.221
922636800000,0.204
922640400000,0.195
922644000000,0.183
922647600000,0.182
922651200000,0.18
922654800000,0.168
922658400000,0.134
922662000000,0.127
922665600000,0.159
922669200000,0.158
922672800000,0.138
922676400000,0.128
922680000000,0.12
922683600000,0.115
922687200000,0.11
922690800000,0.104
922694400000,0.09
922698000000,0.088
922701600000,0.101
922705200000,0.11
922708800000,0.118
922712400000,0.136
922716000000,0.16
922719600000,0.157
922723200000,0.137
922726800000,0.119
922730400000,0.101
922734000000,0.073
922737600000,0.037
922741200000,0.007
922744800000,0.001
922748400000,0.001
922752000000,0.0
922755600000,0.0
922759200000,0.0
922762800000,0.0
922766400000,0.001
922770000000,0.001
922773600000,0.003
922777200000,0.009
922780800000,0.025
922784400000,0.042
922788000000,0.05
922791600000,0.046
922795200000,0.046
922798800000,0.054
922802400000,0.059
922806000000,0.032
922809600000,0.003
922813200000,0.0
922816800000,0.0
922820400000,0.0
922824000000,0.002
922827600000,0.007
922831200000,0.011
922834800000,0.015
922838400000,0.015
922842000000,0.013
922845600000,0.009
922849200000,0.007
922852800000,0.008
922856400000,0.016
922860000000,0.034
922863600000,0.051
922867200000,0.065
922870800000,0.082
922874400000,0.121
922878000000,0.14
922881600000,0.103
922885200000,0.07
922888800000,0.061
922892400000,0.056
922896000000,0.049
922899600000,0.043
922903200000,0.04
922906800000,0.041
922910400000,0.044
922914000000,0.05
922917600000,0.048
922921200000,0.067
922924800000,0.077
922928400000,0.079
922932000000,0.083
922935600000,0.081
922939200000,0.084
922942800000,0.09
922946400000,0.103
922950000000,0.118
922953600000,0.117
922957200000,0.108
922960800000,0.097
922964400000,0.075
922968000000,0.059
922971600000,0.046
922975200000,0.034
922978800000,0.022
922982400000,0.015
922986000000,0.016
922989600000,0.024
922993200000,0.03
922996800000,0.03
923000400000,0.03
923004000000,0.036
923007600000,0.062
923011200000,0.075
923014800000,0.068
923018400000,0.054
923022000000,0.041
923025600000,0.032
923029200000,0.023
923032800000,0.012
923036400000,0.005
923040000000,0.013
923043600000,0.042
923047200000,0.031
923050800000,0.008
923054400000,0.001
923058000000,0.002
923061600000,0.009
923065200000,0.022
923068800000,0.041
923072400000,0.059
923076000000,0.07
923079600000,0.068
923083200000,0.066
923086800000,0.057
923090400000,0.053
923094000000,0.06
923097600000,0.059
923101200000,0.055
923104800000,0.049
923108400000,0.042
923112000000,0.037
923115600000,0.032
923119200000,0.023
923122800000,0.011
923126400000,0.004
923130000000,0.003
923133600000,0.002
923137200000,0.002
923140800000,0.002
923144400000,0.003
923148000000,0.004
923151600000,0.003
923155200000,0.005
923158800000,0.005
923162400000,0.005
923166000000,0.012
923169600000,0.022
923173200000,0.027
923176800000,0.023
923180400000,0.027
923184000000,0.05
923187600000,0.08
923191200000,0.115
923194800000,0.137
923198400000,0.144
923202000000,0.15
923205600000,0.146
923209200000,0.133
923212800000,0.108
923216400000,0.104
923220000000,0.119
923223600000,0.132
923227200000,0.134
923230800000,0.124
923234400000,0.098
923238000000,0.073
923241600000,0.061
923245200000,0.058
923248800000,0.06
923252400000,0.059
923256000000,0.066
923259600000,0.062
923263200000,0.049
923266800000,0.054
923270400000,0.049
923274000000,0.043
923277600000,0.032
923281200000,0.026
923284800000,0.025
923288400000,0.024
923292000000,0.026
923295600000,0.03
923299200000,0.035
923302800000,0.047
923306400000,0.069
923310000000,0.086
923313600000,0.08
923317200000,0.054
923320800000,0.029
923324400000,0.019
923328000000,0.015
923331600000,0.01
923335200000,0.004
923338800000,0.001
923342400000,0.001
923346000000,0.001
923349600000,0.004
923353200000,0.009
923356800000,0.019
923360400000,0.038
923364000000,0.063
923367600000,0.08
923371200000,0.089
923374800000,0.098
923378400000,0.112
923382000000,0.13
923385600000,0.144
923389200000,0.144
923392800000,0.153
923396400000,0.109
923400000000,0.038
923403600000,0.013
923407200000,0.003
923410800000,0.001
923414400000,0.001
923418000000,0.001
923421600000,0.002
923425200000,0.005
923428800000,0.009
923432400000,0.014
923436000000,0.017
923439600000,0.028
923443200000,0.036
923446800000,0.044
923450400000,0.051
923454000000,0.047
923457600000,0.038
923461200000,0.03
923464800000,0.029
923468400000,0.033
923472000000,0.05
923475600000,0.075
923479200000,0.099
923482800000,0.114
923486400000,0.121
923490000000,0.084
923493600000,0.041
923497200000,0.03
923500800000,0.028
923504400000,0.022
923508000000,0.02
923511600000,0.023
923515200000,0.03
923518800000,0.034
923522400000,0.025
923526000000,0.024
923529600000,0.021
923533200000,0.017
923536800000,0.014
923540400000,0.013
923544000000,0.012
923547600000,0.012
923551200000,0.013
923554800000,0.018
923558400000,0.031
923562000000,0.047
923565600000,0.061
923569200000,0.064
923572800000,0.062
923576400000,0.059
923580000000,0.045
923583600000,0.026
923587200000,0.013
923590800000,0.004
923594400000,0.001
923598000000,0.0
923601600000,0.0
923605200000,0.001
923608800000,0.001
923612400000,0.005
923616000000,0.013
923619600000,0.022
923623200000,0.032
923626800000,0.039
923630400000,0.043
923634000000,0.046
923637600000,0.048
923641200000,0.053
923644800000,0.063
923648400000,0.066
923652000000,0.063
923655600000,0.061
923659200000,0.064
923662800000,0.07
923666400000,0.076
923670000000,0.088
923673600000,0.084
923677200000,0.045
923680800000,0.001
923684400000,0.0
923688000000,0.0
923691600000,0.002
923695200000,0.006
923698800000,0.009
923702400000,0.01
923706000000,0.01
923709600000,0.013
923713200000,0.016
923716800000,0.019
923720400000,0.021
923724000000,0.022
923727600000,0.025
923731200000,0.029
923734800000,0.028
923738400000,0.027
923742000000,0.025
923745600000,0.022
923749200000,0.02
923752800000,0.016
923756400000,0.011
923760000000,0.006
923763600000,0.001
923767200000,0.0
923770800000,0.0
923774400000,0.0
923778000000,0.001
923781600000,0.001
923785200000,0.0
923788800000,0.0
923792400000,0.0
923796000000,0.0
923799600000,0.0
923803200000,0.0
923806800000,0.001
923810400000,0.002
923814000000,0.006
923817600000,0.012
923821200000,0.019
923824800000,0.031
923828400000,0.036
923832000000,0.036
923835600000,0.033
923839200000,0.027
923842800000,0.02
923846400000,0.013
923850000000,0.007
923853600000,0.003
923857200000,0.001
923860800000,0.0
923864400000,0.0
923868000000,0.0
923871600000,0.0
923875200000,0.0
923878800000,0.0
923882400000,0.0
923886000000,0.004
923889600000,0.011
923893200000,0.016
923896800000,0.024
923900400000,0.038
923904000000,0.051
923907600000,0.06
923911200000,0.064
923914800000,0.062
923918400000,0.061
923922000000,0.061
923925600000,0.051
923929200000,0.033
923932800000,0.014
923936400000,0.007
923940000000,0.005
923943600000,0.002
923947200000,0.001
923950800000,0.001
923954400000,0.001
923958000000,0.002
923961600000,0.003
923965200000,0.004
923968800000,0.005
923972400000,0.004
923976000000,0.004
923979600000,0.003
923983200000,0.001
923986800000,0.001
923990400000,0.006
923994000000,0.033
923997600000,0.059
924001200000,0.057
924004800000,0.047
924008400000,0.032
924012000000,0.018
924015600000,0.011
924019200000,0.009
924022800000,0.012
924026400000,0.025
924030000000,0.04
924033600000,0.059
924037200000,0.091
924040800000,0.124
924044400000,0.239
924048000000,0.416
924051600000,0.54
924055200000,0.612
924058800000,0.603
924062400000,0.535
924066000000,0.458
924069600000,0.395
924073200000,0.349
924076800000,0.278
924080400000,0.222
924084000000,0.207
924087600000,0.186
924091200000,0.163
924094800000,0.133
924098400000,0.119
924102000000,0.125
924105600000,0.151
924109200000,0.161
924112800000,0.155
924116400000,0.157
924120000000,0.176
924123600000,0.174
924127200000,0.185
924130800000,0.312
924134400000,0.447
924138000000,0.51
924141600000,0.508
924145200000,0.444
924148800000,0.322
924152400000,0.169
924156000000,0.096
924159600000,0.093
924163200000,0.089
924166800000,0.093
924170400000,0.098
924174000000,0.118
924177600000,0.151
924181200000,0.157
924184800000,0.154
924188400000,0.096
924192000000,0.034
924195600000,0.015
924199200000,0.011
924202800000,0.006
924206400000,0.003
924210000000,0.005
924213600000,0.018
924217200000,0.036
924220800000,0.054
924224400000,0.061
924228000000,0.058
924231600000,0.049
924235200000,0.044
924238800000,0.036
924242400000,0.024
924246000000,0.017
924249600000,0.012
924253200000,0.019
924256800000,0.031
924260400000,0.028
924264000000,0.022
924267600000,0.01
924271200000,0.003
924274800000,0.001
924278400000,0.001
924282000000,0.003
924285600000,0.002
924289200000,0.001
924292800000,0.0
924296400000,0.0
924300000000,0.0
924303600000,0.002
924307200000,0.001
924310800000,0.0
924314400000,0.0
924318000000,0.0
924321600000,0.002
924325200000,0.004
924328800000,0.009
924332400000,0.015
924336000000,0.022
924339600000,0.038
924343200000,0.06
924346800000,0.074
924350400000,0.088
924354000000,0.1
924357600000,0.115
924361200000,0.106
924364800000,0.092
924368400000,0.072
924372000000,0.056
924375600000,0.044
924379200000,0.036
924382800000,0.027
924386400000,0.016
924390000000,0.017
924393600000,0.017
924397200000,0.013
924400800000,0.013
924404400000,0.017
924408000000,0.025
924411600000,0.029
924415200000,0.029
924418800000,0.024
924422400000,0.017
924426000000,0.014
924429600000,0.012
924433200000,0.009
924436800000,0.006
924440400000,0.002
924444000000,0.0
924447600000,0.0
924451200000,0.0
924454800000,0.0
924458400000,0.0
924462000000,0.001
924465600000,0.007
924469200000,0.015
924472800000,0.016
924476400000,0.014
924480000000,0.01
924483600000,0.006
924487200000,0.004
924490800000,0.002
924494400000,0.001
924498000000,0.001
924501600000,0.001
924505200000,0.001
924508800000,0.001
924512400000,0.001
924516000000,0.001
924519600000,0.0
924523200000,0.0
924526800000,0.0
924530400000,0.004
924534000000,0.012
924537600000,0.027
924541200000,0.06
924544800000,0.084
924548400000,0.091
924552000000,0.092
924555600000,0.087
924559200000,0.071
924562800000,0.08
924566400000,0.095
924570000000,0.107
924573600000,0.083
924577200000,0.031
924580800000,0.005
924584400000,0.001
924588000000,0.008
924591600000,0.028
924595200000,0.054
924598800000,0.083
924602400000,0.096
924606000000,0.099
924609600000,0.086
924613200000,0.077
924616800000,0.07
924620400000,0.063
924624000000,0.082
924627600000,0.153
924631200000,0.195
924634800000,0.192
924638400000,0.169
924642000000,0.118
924645600000,0.059
924649200000,0.021
924652800000,0.018
924656400000,0.016
924660000000,0.014
924663600000,0.012
924667200000,0.008
924670800000,0.012
924674400000,0.03
924678000000,0.063
924681600000,0.113
924685200000,0.131
924688800000,0.112
924692400000,0.118
924696000000,0.137
924699600000,0.161
924703200000,0.192
924706800000,0.207
924710400000,0.204
924714000000,0.201
924717600000,0.212
924721200000,0.253
924724800000,0.25
924728400000,0.243
924732000000,0.22
924735600000,0.207
924739200000,0.233
924742800000,0.231
924746400000,0.248
924750000000,0.305
924753600000,0.383
924757200000,0.45
924760800000,0.481
924764400000,0.444
924768000000,0.369
924771600000,0.253
924775200000,0.201
924778800000,0.155
924782400000,0.131
924786000000,0.123
924789600000,0.117
924793200000,0.126
924796800000,0.144
924800400000,0.15
924804000000,0.138
924807600000,0.115
924811200000,0.101
924814800000,0.094
924818400000,0.088
924822000000,0.126
924825600000,0.15
924829200000,0.173
924832800000,0.203
924836400000,0.242
924840000000,0.284
924843600000,0.317
924847200000,0.315
924850800000,0.28
924854400000,0.217
924858000000,0.157
924861600000,0.14
924865200000,0.131
924868800000,0.131
924872400000,0.139
924876000000,0.182
924879600000,0.243
924883200000,0.296
924886800000,0.325
924890400000,0.313
924894000000,0.29
924897600000,0.286
924901200000,0.3
924904800000,0.272
924908400000,0.318
924912000000,0.422
924915600000,0.493
924919200000,0.538
924922800000,0.566
924926400000,0.605
924930000000,0.63
924933600000,0.607
924937200000,0.531
924940800000,0.425
924944400000,0.31
924948000000,0.231
924951600000,0.18
924955200000,0.141
924958800000,0.105
924962400000,0.086
924966000000,0.084
924969600000,0.084
924973200000,0.086
924976800000,0.092
924980400000,0.091
924984000000,0.084
924987600000,0.067
924991200000,0.055
924994800000,0.072
924998400000,0.08
925002000000,0.093
925005600000,0.098
925009200000,0.107
925012800000,0.13
925016400000,0.158
925020000000,0.174
925023600000,0.167
925027200000,0.146
925030800000,0.09
925034400000,0.048
925038000000,0.034
925041600000,0.031
925045200000,0.028
925048800000,0.032
925052400000,0.039
925056000000,0.035
925059600000,0.029
925063200000,0.031
925066800000,0.039
925070400000,0.042
925074000000,0.034
925077600000,0.028
925081200000,0.039
925084800000,0.04
925088400000,0.054
925092000000,0.073
925095600000,0.093
925099200000,0.112
925102800000,0.121
925106400000,0.12
925110000000,0.111
925113600000,0.103
925117200000,0.101
925120800000,0.111
925124400000,0.122
925128000000,0.136
925131600000,0.143
925135200000,0.146
925138800000,0.138
925142400000,0.127
925146000000,0.121
925149600000,0.119
925153200000,0.106
925156800000,0.08
925160400000,0.044
925164000000,0.02
925167600000,0.011
925171200000,0.003
925174800000,0.0
925178400000,0.0
925182000000,0.0
925185600000,0.002
925189200000,0.006
925192800000,0.014
925196400000,0.023
925200000000,0.035
925203600000,0.047
925207200000,0.055
925210800000,0.059
925214400000,0.057
925218000000,0.048
925221600000,0.042
925225200000,0.042
925228800000,0.046
925232400000,0.046
925236000000,0.024
925239600000,0.009
925243200000,0.005
925246800000,0.001
925250400000,0.0
925254000000,0.0
925257600000,0.0
925261200000,0.0
925264800000,0.001
925268400000,0.002
925272000000,0.002
925275600000,0.001
925279200000,0.001
925282800000,0.003
925286400000,0.01
925290000000,0.025
925293600000,0.03
925297200000,0.019
925300800000,0.01
925304400000,0.005
925308000000,0.003
925311600000,0.004
925315200000,0.004
925318800000,0.002
925322400000,0.001
925326000000,0.001
925329600000,0.0
925333200000,0.0
925336800000,0.0
925340400000,0.0
925344000000,0.0
925347600000,0.0
925351200000,0.0
925354800000,0.0
925358400000,0.0
925362000000,0.003
925365600000,0.003
925369200000,0.005
925372800000,0.016
925376400000,0.038
925380000000,0.081
925383600000,0.122
925387200000,0.114
925390800000,0.1
925394400000,0.089
925398000000,0.077
925401600000,0.068
925405200000,0.064
925408800000,0.06
925412400000,0.049
925416000000,0.03
925419600000,0.032
925423200000,0.035
925426800000,0.038
925430400000,0.036
925434000000,0.028
925437600000,0.023
925441200000,0.019
925444800000,0.02
925448400000,0.022
925452000000,0.025
925455600000,0.033
925459200000,0.046
925462800000,0.058
925466400000,0.069
925470000000,0.079
925473600000,0.085
925477200000,0.088
925480800000,0.083
925484400000,0.08
925488000000,0.081
925491600000,0.071
925495200000,0.061
925498800000,0.046
925502400000,0.033
925506000000,0.019
925509600000,0.006
925513200000,0.002
925516800000,0.002
925520400000,0.003
925524000000,0.005
925527600000,0.01
925531200000,0.023
925534800000,0.045
925538400000,0.072
925542000000,0.091
925545600000,0.093
925549200000,0.087
925552800000,0.088
925556400000,0.079
925560000000,0.064
925563600000,0.048
925567200000,0.028
925570800000,0.016
925574400000,0.008
925578000000,0.004
925581600000,0.003
925585200000,0.002
925588800000,0.001
925592400000,0.001
925596000000,0.002
925599600000,0.003
925603200000,0.005
925606800000,0.007
925610400000,0.01
925614000000,0.011
925617600000,0.013
925621200000,0.015
925624800000,0.02
925628400000,0.027
925632000000,0.039
925635600000,0.047
925639200000,0.054
925642800000,0.054
925646400000,0.054
925650000000,0.051
925653600000,0.043
925657200000,0.035
925660800000,0.026
925664400000,0.018
925668000000,0.011
925671600000,0.008
925675200000,0.008
925678800000,0.008
925682400000,0.006
925686000000,0.004
925689600000,0.003
925693200000,0.003
925696800000,0.004
925700400000,0.005
925704000000,0.003
925707600000,0.003
925711200000,0.003
925714800000,0.005
925718400000,0.01
925722000000,0.018
925725600000,0.03
925729200000,0.029
925732800000,0.022
925736400000,0.014
925740000000,0.009
925743600000,0.007
925747200000,0.005
925750800000,0.004
925754400000,0.003
925758000000,0.002
925761600000,0.001
925765200000,0.001
925768800000,0.001
925772400000,0.001
925776000000,0.001
925779600000,0.002
925783200000,0.003
925786800000,0.005
925790400000,0.01
925794000000,0.014
925797600000,0.02
925801200000,0.031
925804800000,0.047
925808400000,0.054
925812000000,0.052
925815600000,0.042
925819200000,0.032
925822800000,0.02
925826400000,0.009
925830000000,0.003
925833600000,0.001
925837200000,0.0
925840800000,0.0
925844400000,0.0
925848000000,0.0
925851600000,0.0
925855200000,0.0
925858800000,0.0
925862400000,0.001
925866000000,0.003
925869600000,0.005
925873200000,0.006
925876800000,0.008
925880400000,0.01
925884000000,0.012
925887600000,0.018
925891200000,0.028
925894800000,0.04
925898400000,0.047
925902000000,0.042
925905600000,0.035
925909200000,0.026
925912800000,0.019
925916400000,0.019
925920000000,0.019
925923600000,0.019
925927200000,0.021
925930800000,0.029
925934400000,0.039
925938000000,0.035
925941600000,0.005
925945200000,0.001
925948800000,0.002
925952400000,0.001
925956000000,0.0
925959600000,0.0
925963200000,0.001
925966800000,0.005
925970400000,0.009
925974000000,0.015
925977600000,0.024
925981200000,0.035
925984800000,0.042
925988400000,0.036
925992000000,0.03
925995600000,0.026
925999200000,0.023
926002800000,0.019
926006400000,0.016
926010000000,0.011
926013600000,0.008
926017200000,0.005
926020800000,0.004
926024400000,0.004
926028000000,0.003
926031600000,0.002
926035200000,0.003
926038800000,0.006
926042400000,0.012
926046000000,0.017
926049600000,0.02
926053200000,0.024
926056800000,0.029
926060400000,0.033
926064000000,0.033
926067600000,0.04
926071200000,0.053
926074800000,0.058
926078400000,0.061
926082000000,0.061
926085600000,0.064
926089200000,0.068
926092800000,0.059
926096400000,0.028
926100000000,0.015
926103600000,0.017
926107200000,0.016
926110800000,0.006
926114400000,0.001
926118000000,0.001
926121600000,0.001
926125200000,0.001
926128800000,0.001
926132400000,0.003
926136000000,0.011
926139600000,0.02
926143200000,0.03
926146800000,0.035
926150400000,0.039
926154000000,0.04
926157600000,0.04
926161200000,0.035
926164800000,0.033
926168400000,0.031
926172000000,0.026
926175600000,0.021
926179200000,0.014
926182800000,0.008
926186400000,0.002
926190000000,0.0
926193600000,0.0
926197200000,0.0
926200800000,0.0
926204400000,0.0
926208000000,0.001
926211600000,0.002
926215200000,0.003
926218800000,0.004
926222400000,0.005
926226000000,0.005
926229600000,0.006
926233200000,0.006
926236800000,0.009
926240400000,0.018
926244000000,0.033
926247600000,0.045
926251200000,0.054
926254800000,0.055
926258400000,0.049
926262000000,0.035
926265600000,0.022
926269200000,0.018
926272800000,0.02
926276400000,0.025
926280000000,0.031
926283600000,0.039
926287200000,0.046
926290800000,0.063
926294400000,0.071
926298000000,0.071
926301600000,0.068
926305200000,0.067
926308800000,0.069
926312400000,0.07
926316000000,0.071
926319600000,0.074
926323200000,0.075
926326800000,0.072
926330400000,0.074
926334000000,0.073
926337600000,0.072
926341200000,0.065
926344800000,0.058
926348400000,0.051
926352000000,0.047
926355600000,0.045
926359200000,0.045
926362800000,0.051
926366400000,0.06
926370000000,0.068
926373600000,0.078
926377200000,0.122
926380800000,0.152
926384400000,0.17
926388000000,0.176
926391600000,0.177
926395200000,0.179
926398800000,0.18
926402400000,0.175
926406000000,0.147
926409600000,0.116
926413200000,0.1
926416800000,0.105
926420400000,0.114
926424000000,0.123
926427600000,0.126
926431200000,0.123
926434800000,0.112
926438400000,0.097
926442000000,0.09
926445600000,0.093
926449200000,0.104
926452800000,0.116
926456400000,0.107
926460000000,0.091
926463600000,0.125
926467200000,0.142
926470800000,0.146
926474400000,0.141
926478000000,0.139
926481600000,0.141
926485200000,0.141
926488800000,0.139
926492400000,0.132
926496000000,0.116
926499600000,0.109
926503200000,0.112
926506800000,0.107
926510400000,0.102
926514000000,0.095
926517600000,0.098
926521200000,0.091
926524800000,0.078
926528400000,0.066
926532000000,0.058
926535600000,0.056
926539200000,0.06
926542800000,0.082
926546400000,0.101
926550000000,0.13
926553600000,0.167
926557200000,0.215
926560800000,0.27
926564400000,0.291
926568000000,0.292
926571600000,0.282
926575200000,0.252
926578800000,0.204
926582400000,0.145
926586000000,0.103
926589600000,0.083
926593200000,0.069
926596800000,0.074
926600400000,0.093
926604000000,0.122
926607600000,0.126
926611200000,0.083
926614800000,0.042
926618400000,0.027
926622000000,0.021
926625600000,0.018
926629200000,0.013
926632800000,0.013
926636400000,0.027
926640000000,0.036
926643600000,0.043
926647200000,0.058
926650800000,0.082
926654400000,0.115
926658000000,0.149
926661600000,0.168
926665200000,0.168
926668800000,0.155
926672400000,0.144
926676000000,0.157
926679600000,0.156
926683200000,0.125
926686800000,0.078
926690400000,0.049
926694000000,0.035
926697600000,0.023
926701200000,0.013
926704800000,0.006
926708400000,0.005
926712000000,0.008
926715600000,0.012
926719200000,0.016
926722800000,0.032
926726400000,0.049
926730000000,0.058
926733600000,0.071
926737200000,0.078
926740800000,0.076
926744400000,0.068
926748000000,0.061
926751600000,0.054
926755200000,0.047
926758800000,0.046
926762400000,0.057
926766000000,0.068
926769600000,0.082
926773200000,0.089
926776800000,0.096
926780400000,0.092
926784000000,0.071
926787600000,0.058
926791200000,0.05
926794800000,0.048
926798400000,0.057
926802000000,0.069
926805600000,0.074
926809200000,0.101
926812800000,0.108
926816400000,0.103
926820000000,0.093
926823600000,0.077
926827200000,0.068
926830800000,0.064
926834400000,0.067
926838000000,0.073
926841600000,0.081
926845200000,0.101
926848800000,0.128
926852400000,0.142
926856000000,0.155
926859600000,0.157
926863200000,0.144
926866800000,0.093
926870400000,0.066
926874000000,0.054
926877600000,0.049
926881200000,0.049
926884800000,0.047
926888400000,0.044
926892000000,0.039
926895600000,0.058
926899200000,0.072
926902800000,0.09
926906400000,0.11
926910000000,0.115
926913600000,0.108
926917200000,0.099
926920800000,0.088
926924400000,0.074
926928000000,0.063
926931600000,0.07
926935200000,0.089
926938800000,0.104
926942400000,0.112
926946000000,0.104
926949600000,0.077
926953200000,0.054
926956800000,0.045
926960400000,0.041
926964000000,0.043
926967600000,0.044
926971200000,0.046
926974800000,0.058
926978400000,0.068
926982000000,0.093
926985600000,0.089
926989200000,0.091
926992800000,0.102
926996400000,0.114
927000000000,0.123
927003600000,0.124
927007200000,0.119
927010800000,0.101
927014400000,0.076
927018000000,0.062
927021600000,0.055
927025200000,0.049
927028800000,0.042
927032400000,0.035
927036000000,0.026
927039600000,0.021
927043200000,0.018
927046800000,0.016
927050400000,0.014
927054000000,0.013
927057600000,0.012
927061200000,0.013
927064800000,0.017
927068400000,0.03
927072000000,0.037
927075600000,0.045
927079200000,0.053
927082800000,0.063
927086400000,0.073
927090000000,0.076
927093600000,0.079
927097200000,0.08
927100800000,0.079
927104400000,0.082
927108000000,0.095
927111600000,0.106
927115200000,0.118
927118800000,0.126
927122400000,0.134
927126000000,0.135
927129600000,0.142
927133200000,0.145
927136800000,0.116
927140400000,0.085
927144000000,0.084
927147600000,0.07
927151200000,0.05
927154800000,0.055
927158400000,0.054
927162000000,0.061
927165600000,0.075
927169200000,0.101
927172800000,0.136
927176400000,0.164
927180000000,0.185
927183600000,0.181
927187200000,0.158
927190800000,0.139
927194400000,0.148
927198000000,0.155
927201600000,0.155
927205200000,0.153
927208800000,0.139
927212400000,0.108
927216000000,0.079
927219600000,0.058
927223200000,0.047
927226800000,0.043
927230400000,0.044
927234000000,0.044
927237600000,0.05
927241200000,0.077
927244800000,0.087
927248400000,0.094
927252000000,0.093
927255600000,0.092
927259200000,0.094
927262800000,0.098
927266400000,0.096
927270000000,0.087
927273600000,0.076
927277200000,0.072
927280800000,0.065
927284400000,0.049
927288000000,0.037
927291600000,0.028
927295200000,0.021
927298800000,0.017
927302400000,0.016
927306000000,0.02
927309600000,0.027
927313200000,0.037
927316800000,0.043
927320400000,0.036
927324000000,0.03
927327600000,0.032
927331200000,0.029
927334800000,0.026
927338400000,0.024
927342000000,0.02
927345600000,0.017
927349200000,0.015
927352800000,0.013
927356400000,0.012
927360000000,0.012
927363600000,0.014
927367200000,0.016
927370800000,0.015
927374400000,0.01
927378000000,0.004
927381600000,0.001
927385200000,0.0
927388800000,0.0
927392400000,0.0
927396000000,0.0
927399600000,0.0
927403200000,0.001
927406800000,0.001
927410400000,0.001
927414000000,0.001
927417600000,0.002
927421200000,0.005
927424800000,0.011
927428400000,0.02
927432000000,0.027
927435600000,0.034
927439200000,0.04
927442800000,0.036
927446400000,0.025
927450000000,0.016
927453600000,0.013
927457200000,0.011
927460800000,0.008
927464400000,0.005
927468000000,0.002
927471600000,0.0
927475200000,0.0
927478800000,0.0
927482400000,0.0
927486000000,0.0
927489600000,0.0
927493200000,0.0
927496800000,0.001
927500400000,0.004
927504000000,0.006
927507600000,0.006
927511200000,0.006
927514800000,0.004
927518400000,0.003
927522000000,0.003
927525600000,0.003
927529200000,0.006
927532800000,0.008
927536400000,0.013
927540000000,0.018
927543600000,0.017
927547200000,0.017
927550800000,0.017
927554400000,0.016
927558000000,0.008
927561600000,0.002
927565200000,0.001
927568800000,0.001
927572400000,0.003
927576000000,0.006
927579600000,0.008
927583200000,0.009
927586800000,0.013
927590400000,0.019
927594000000,0.026
927597600000,0.028
927601200000,0.028
927604800000,0.03
927608400000,0.037
927612000000,0.049
927615600000,0.063
927619200000,0.074
927622800000,0.091
927626400000,0.103
927630000000,0.101
927633600000,0.095
927637200000,0.092
927640800000,0.088
927644400000,0.067
927648000000,0.042
927651600000,0.025
927655200000,0.016
927658800000,0.014
927662400000,0.016
927666000000,0.023
927669600000,0.034
927673200000,0.054
927676800000,0.067
927680400000,0.067
927684000000,0.061
927687600000,0.052
927691200000,0.048
927694800000,0.053
927698400000,0.062
927702000000,0.074
927705600000,0.076
927709200000,0.072
927712800000,0.07
927716400000,0.063
927720000000,0.056
927723600000,0.046
927727200000,0.036
927730800000,0.022
927734400000,0.009
927738000000,0.003
927741600000,0.001
927745200000,0.0
927748800000,0.0
927752400000,0.0
927756000000,0.0
927759600000,0.0
927763200000,0.0
927766800000,0.0
927770400000,0.0
927774000000,0.0
927777600000,0.0
927781200000,0.0
927784800000,0.002
927788400000,0.019
927792000000,0.032
927795600000,0.046
927799200000,0.082
927802800000,0.112
927806400000,0.087
927810000000,0.058
927813600000,0.057
927817200000,0.057
927820800000,0.057
927824400000,0.058
927828000000,0.057
927831600000,0.053
927835200000,0.047
927838800000,0.039
927842400000,0.024
927846000000,0.018
927849600000,0.013
927853200000,0.016
927856800000,0.024
927860400000,0.039
927864000000,0.061
927867600000,0.085
927871200000,0.104
927874800000,0.122
927878400000,0.136
927882000000,0.144
927885600000,0.17
927889200000,0.208
927892800000,0.227
927896400000,0.243
927900000000,0.276
927903600000,0.309
927907200000,0.345
927910800000,0.337
927914400000,0.307
927918000000,0.289
927921600000,0.251
927925200000,0.223
927928800000,0.191
927932400000,0.223
927936000000,0.266
927939600000,0.314
927943200000,0.374
927946800000,0.438
927950400000,0.484
927954000000,0.502
927957600000,0.492
927961200000,0.446
927964800000,0.369
927968400000,0.325
927972000000,0.325
927975600000,0.306
927979200000,0.301
927982800000,0.272
927986400000,0.255
927990000000,0.228
927993600000,0.199
927997200000,0.175
928000800000,0.159
928004400000,0.151
928008000000,0.142
928011600000,0.139
928015200000,0.118
928018800000,0.113
928022400000,0.134
928026000000,0.167
928029600000,0.219
928033200000,0.245
928036800000,0.252
928040400000,0.251
928044000000,0.233
928047600000,0.179
928051200000,0.126
928054800000,0.088
928058400000,0.073
928062000000,0.064
928065600000,0.058
928069200000,0.059
928072800000,0.067
928076400000,0.073
928080000000,0.081
928083600000,0.084
928087200000,0.084
928090800000,0.076
928094400000,0.068
928098000000,0.063
928101600000,0.06
928105200000,0.083
928108800000,0.103
928112400000,0.126
928116000000,0.158
928119600000,0.19
928123200000,0.208
928126800000,0.214
928130400000,0.209
928134000000,0.201
928137600000,0.197
928141200000,0.192
928144800000,0.193
928148400000,0.19
928152000000,0.194
928155600000,0.196
928159200000,0.212
928162800000,0.223
928166400000,0.22
928170000000,0.206
928173600000,0.172
928177200000,0.132
928180800000,0.11
928184400000,0.108
928188000000,0.101
928191600000,0.112
928195200000,0.118
928198800000,0.124
928202400000,0.138
928206000000,0.166
928209600000,0.204
928213200000,0.245
928216800000,0.277
928220400000,0.268
928224000000,0.219
928227600000,0.196
928231200000,0.188
928234800000,0.192
928238400000,0.205
928242000000,0.22
928245600000,0.24
928249200000,0.257
928252800000,0.259
928256400000,0.261
928260000000,0.259
928263600000,0.254
928267200000,0.258
928270800000,0.248
928274400000,0.201
928278000000,0.22
928281600000,0.254
928285200000,0.261
928288800000,0.263
928292400000,0.274
928296000000,0.291
928299600000,0.3
928303200000,0.291
928306800000,0.251
928310400000,0.192
928314000000,0.143
928317600000,0.118
928321200000,0.1
928324800000,0.077
928328400000,0.055
928332000000,0.044
928335600000,0.035
928339200000,0.034
928342800000,0.034
928346400000,0.034
928350000000,0.033
928353600000,0.029
928357200000,0.037
928360800000,0.049
928364400000,0.102
928368000000,0.148
928371600000,0.184
928375200000,0.205
928378800000,0.21
928382400000,0.209
928386000000,0.203
928389600000,0.2
928393200000,0.188
928396800000,0.157
928400400000,0.12
928404000000,0.097
928407600000,0.086
928411200000,0.09
928414800000,0.096
928418400000,0.093
928422000000,0.084
928425600000,0.073
928429200000,0.067
928432800000,0.058
928436400000,0.05
928440000000,0.048
928443600000,0.054
928447200000,0.055
928450800000,0.068
928454400000,0.075
928458000000,0.087
928461600000,0.108
928465200000,0.145
928468800000,0.188
928472400000,0.223
928476000000,0.229
928479600000,0.197
928483200000,0.153
928486800000,0.125
928490400000,0.121
928494000000,0.122
928497600000,0.127
928501200000,0.137
928504800000,0.144
928508400000,0.144
928512000000,0.142
928515600000,0.142
928519200000,0.137
928522800000,0.136
928526400000,0.135
928530000000,0.121
928533600000,0.083
928537200000,0.087
928540800000,0.102
928544400000,0.109
928548000000,0.106
928551600000,0.109
928555200000,0.11
928558800000,0.108
928562400000,0.098
928566000000,0.094
928569600000,0.093
928573200000,0.075
928576800000,0.066
928580400000,0.067
928584000000,0.07
928587600000,0.072
928591200000,0.076
928594800000,0.081
928598400000,0.079
928602000000,0.069
928605600000,0.058
928609200000,0.053
928612800000,0.055
928616400000,0.063
928620000000,0.058
928623600000,0.047
928627200000,0.036
928630800000,0.024
928634400000,0.014
928638000000,0.005
928641600000,0.001
928645200000,0.0
928648800000,0.0
928652400000,0.0
928656000000,0.0
928659600000,0.0
928663200000,0.001
928666800000,0.001
928670400000,0.001
928674000000,0.001
928677600000,0.0
928681200000,0.0
928684800000,0.0
928688400000,0.0
928692000000,0.001
928695600000,0.006
928699200000,0.014
928702800000,0.02
928706400000,0.019
928710000000,0.039
928713600000,0.065
928717200000,0.084
928720800000,0.094
928724400000,0.093
928728000000,0.076
928731600000,0.062
928735200000,0.053
928738800000,0.042
928742400000,0.035
928746000000,0.027
928749600000,0.02
928753200000,0.013
928756800000,0.006
928760400000,0.001
928764000000,0.0
928767600000,0.0
928771200000,0.0
928774800000,0.001
928778400000,0.003
928782000000,0.006
928785600000,0.011
928789200000,0.014
928792800000,0.016
928796400000,0.029
928800000000,0.05
928803600000,0.07
928807200000,0.078
928810800000,0.064
928814400000,0.038
928818000000,0.017
928821600000,0.006
928825200000,0.002
928828800000,0.001
928832400000,0.0
928836000000,0.0
928839600000,0.0
928843200000,0.0
928846800000,0.0
928850400000,0.0
928854000000,0.0
928857600000,0.0
928861200000,0.0
928864800000,0.0
928868400000,0.0
928872000000,0.0
928875600000,0.0
928879200000,0.0
928882800000,0.0
928886400000,0.0
928890000000,0.0
928893600000,0.0
928897200000,0.0
928900800000,0.0
928904400000,0.001
928908000000,0.002
928911600000,0.006
928915200000,0.012
928918800000,0.021
928922400000,0.036
928926000000,0.051
928929600000,0.066
928933200000,0.082
928936800000,0.101
928940400000,0.127
928944000000,0.164
928947600000,0.194
928951200000,0.202
928954800000,0.188
928958400000,0.178
928962000000,0.155
928965600000,0.119
928969200000,0.121
928972800000,0.137
928976400000,0.152
928980000000,0.175
928983600000,0.204
928987200000,0.249
928990800000,0.296
928994400000,0.328
928998000000,0.345
929001600000,0.317
929005200000,0.263
929008800000,0.225
929012400000,0.206
929016000000,0.211
929019600000,0.215
929023200000,0.192
929026800000,0.187
929030400000,0.192
929034000000,0.199
929037600000,0.196
929041200000,0.187
929044800000,0.178
929048400000,0.166
929052000000,0.145
929055600000,0.186
929059200000,0.202
929062800000,0.22
929066400000,0.244
929070000000,0.283
929073600000,0.314
929077200000,0.305
929080800000,0.26
929084400000,0.197
929088000000,0.147
929091600000,0.107
929095200000,0.084
929098800000,0.076
929102400000,0.076
929106000000,0.07
929109600000,0.055
929113200000,0.048
929116800000,0.047
929120400000,0.044
929124000000,0.038
929127600000,0.032
929131200000,0.027
929134800000,0.015
929138400000,0.006
929142000000,0.002
929145600000,0.001
929149200000,0.001
929152800000,0.0
929156400000,0.001
929160000000,0.002
929163600000,0.003
929167200000,0.004
929170800000,0.007
929174400000,0.014
929178000000,0.025
929181600000,0.041
929185200000,0.052
929188800000,0.054
929192400000,0.045
929196000000,0.03
929199600000,0.018
929203200000,0.013
929206800000,0.008
929210400000,0.005
929214000000,0.003
929217600000,0.003
929221200000,0.004
929224800000,0.003
929228400000,0.001
929232000000,0.0
929235600000,0.0
929239200000,0.0
929242800000,0.0
929246400000,0.0
929250000000,0.001
929253600000,0.002
929257200000,0.004
929260800000,0.006
929264400000,0.012
929268000000,0.018
929271600000,0.02
929275200000,0.021
929278800000,0.02
929282400000,0.018
929286000000,0.016
929289600000,0.012
929293200000,0.008
929296800000,0.007
929300400000,0.007
929304000000,0.007
929307600000,0.004
929311200000,0.003
929314800000,0.002
929318400000,0.001
929322000000,0.0
929325600000,0.0
929329200000,0.001
929332800000,0.001
929336400000,0.002
929340000000,0.009
929343600000,0.024
929347200000,0.036
929350800000,0.044
929354400000,0.047
929358000000,0.048
929361600000,0.054
929365200000,0.061
929368800000,0.055
929372400000,0.038
929376000000,0.023
929379600000,0.017
929383200000,0.018
929386800000,0.024
929390400000,0.032
929394000000,0.035
929397600000,0.03
929401200000,0.048
929404800000,0.054
929408400000,0.05
929412000000,0.056
929415600000,0.082
929419200000,0.113
929422800000,0.137
929426400000,0.139
929430000000,0.125
929433600000,0.115
929437200000,0.076
929440800000,0.047
929444400000,0.042
929448000000,0.045
929451600000,0.055
929455200000,0.073
929458800000,0.111
929462400000,0.16
929466000000,0.199
929469600000,0.213
929473200000,0.198
929476800000,0.164
929480400000,0.13
929484000000,0.088
929487600000,0.086
929491200000,0.056
929494800000,0.029
929498400000,0.017
929502000000,0.017
929505600000,0.019
929509200000,0.021
929512800000,0.027
929516400000,0.039
929520000000,0.054
929523600000,0.072
929527200000,0.1
929530800000,0.117
929534400000,0.134
929538000000,0.152
929541600000,0.177
929545200000,0.204
929548800000,0.199
929552400000,0.199
929556000000,0.217
929559600000,0.234
929563200000,0.242
929566800000,0.211
929570400000,0.158
929574000000,0.122
929577600000,0.136
929581200000,0.145
929584800000,0.148
929588400000,0.149
929592000000,0.152
929595600000,0.157
929599200000,0.156
929602800000,0.16
929606400000,0.141
929610000000,0.139
929613600000,0.17
929617200000,0.175
929620800000,0.174
929624400000,0.165
929628000000,0.151
929631600000,0.125
929635200000,0.106
929638800000,0.095
929642400000,0.084
929646000000,0.076
929649600000,0.076
929653200000,0.055
929656800000,0.025
929660400000,0.015
929664000000,0.003
929667600000,0.0
929671200000,0.0
929674800000,0.002
929678400000,0.006
929682000000,0.006
929685600000,0.004
929689200000,0.001
929692800000,0.0
929696400000,0.0
929700000000,0.0
929703600000,0.0
929707200000,0.003
929710800000,0.011
929714400000,0.02
929718000000,0.021
929721600000,0.015
929725200000,0.012
929728800000,0.013
929732400000,0.019
929736000000,0.025
929739600000,0.028
929743200000,0.026
929746800000,0.032
929750400000,0.033
929754000000,0.032
929757600000,0.027
929761200000,0.023
929764800000,0.021
929768400000,0.019
929772000000,0.017
929775600000,0.017
929779200000,0.018
929782800000,0.031
929786400000,0.058
929790000000,0.08
929793600000,0.095
929797200000,0.1
929800800000,0.102
929804400000,0.093
929808000000,0.078
929811600000,0.061
929815200000,0.047
929818800000,0.041
929822400000,0.039
929826000000,0.037
929829600000,0.042
929833200000,0.047
929836800000,0.046
929840400000,0.045
929844000000,0.043
929847600000,0.042
929851200000,0.042
929854800000,0.041
929858400000,0.042
929862000000,0.041
929865600000,0.04
929869200000,0.034
929872800000,0.028
929876400000,0.021
929880000000,0.015
929883600000,0.009
929887200000,0.005
929890800000,0.004
929894400000,0.005
929898000000,0.01
929901600000,0.013
929905200000,0.013
929908800000,0.011
929912400000,0.011
929916000000,0.014
929919600000,0.023
929923200000,0.028
929926800000,0.029
929930400000,0.024
929934000000,0.019
929937600000,0.015
929941200000,0.014
929944800000,0.014
929948400000,0.014
929952000000,0.015
929955600000,0.015
929959200000,0.013
929962800000,0.008
929966400000,0.003
929970000000,0.001
929973600000,0.0
929977200000,0.0
929980800000,0.0
929984400000,0.0
929988000000,0.0
929991600000,0.0
929995200000,0.0
929998800000,0.0
930002400000,0.0
930006000000,0.0
930009600000,0.0
930013200000,0.0
930016800000,0.001
930020400000,0.003
930024000000,0.005
930027600000,0.01
930031200000,0.018
930034800000,0.027
930038400000,0.037
930042000000,0.039
930045600000,0.049
930049200000,0.064
930052800000,0.063
930056400000,0.033
930060000000,0.023
930063600000,0.037
930067200000,0.041
930070800000,0.03
930074400000,0.022
930078000000,0.016
930081600000,0.014
930085200000,0.019
930088800000,0.023
930092400000,0.03
930096000000,0.036
930099600000,0.045
930103200000,0.053
930106800000,0.062
930110400000,0.078
930114000000,0.103
930117600000,0.133
930121200000,0.164
930124800000,0.189
930128400000,0.172
930132000000,0.167
930135600000,0.155
930139200000,0.131
930142800000,0.093
930146400000,0.06
930150000000,0.05
930153600000,0.052
930157200000,0.055
930160800000,0.055
930164400000,0.053
930168000000,0.049
930171600000,0.045
930175200000,0.032
930178800000,0.03
930182400000,0.028
930186000000,0.027
930189600000,0.027
930193200000,0.03
930196800000,0.037
930200400000,0.045
930204000000,0.056
930207600000,0.072
930211200000,0.086
930214800000,0.092
930218400000,0.1
930222000000,0.102
930225600000,0.103
930229200000,0.104
930232800000,0.102
930236400000,0.096
930240000000,0.085
930243600000,0.07
930247200000,0.058
930250800000,0.045
930254400000,0.032
930258000000,0.023
930261600000,0.016
930265200000,0.011
930268800000,0.005
930272400000,0.004
930276000000,0.005
930279600000,0.006
930283200000,0.007
930286800000,0.008
930290400000,0.012
930294000000,0.019
930297600000,0.028
930301200000,0.041
930304800000,0.051
930308400000,0.052
930312000000,0.048
930315600000,0.043
930319200000,0.039
930322800000,0.035
930326400000,0.03
930330000000,0.025
930333600000,0.019
930337200000,0.013
930340800000,0.009
930344400000,0.006
930348000000,0.003
930351600000,0.001
930355200000,0.0
930358800000,0.0
930362400000,0.0
930366000000,0.0
930369600000,0.001
930373200000,0.002
930376800000,0.003
930380400000,0.003
930384000000,0.005
930387600000,0.009
930391200000,0.017
930394800000,0.02
930398400000,0.02
930402000000,0.018
930405600000,0.015
930409200000,0.014
930412800000,0.015
930416400000,0.015
930420000000,0.015
930423600000,0.015
930427200000,0.011
930430800000,0.005
930434400000,0.003
930438000000,0.001
930441600000,0.001
930445200000,0.001
930448800000,0.001
930452400000,0.002
930456000000,0.004
930459600000,0.007
930463200000,0.014
930466800000,0.029
930470400000,0.054
930474000000,0.093
930477600000,0.138
930481200000,0.206
930484800000,0.273
930488400000,0.243
930492000000,0.227
930495600000,0.215
930499200000,0.244
930502800000,0.259
930506400000,0.236
930510000000,0.239
930513600000,0.248
930517200000,0.203
930520800000,0.136
930524400000,0.117
930528000000,0.113
930531600000,0.092
930535200000,0.074
930538800000,0.069
930542400000,0.083
930546000000,0.104
930549600000,0.12
930553200000,0.126
930556800000,0.121
930560400000,0.13
930564000000,0.158
930567600000,0.183
930571200000,0.191
930574800000,0.183
930578400000,0.182
930582000000,0.174
930585600000,0.167
930589200000,0.155
930592800000,0.137
930596400000,0.122
930600000000,0.111
930603600000,0.115
930607200000,0.117
930610800000,0.16
930614400000,0.188
930618000000,0.192
930621600000,0.184
930625200000,0.149
930628800000,0.108
930632400000,0.077
930636000000,0.061
930639600000,0.058
930643200000,0.059
930646800000,0.068
930650400000,0.083
930654000000,0.089
930657600000,0.1
930661200000,0.106
930664800000,0.112
930668400000,0.098
930672000000,0.077
930675600000,0.062
930679200000,0.053
930682800000,0.049
930686400000,0.045
930690000000,0.034
930693600000,0.021
930697200000,0.023
930700800000,0.028
930704400000,0.042
930708000000,0.065
930711600000,0.098
930715200000,0.126
930718800000,0.133
930722400000,0.109
930726000000,0.082
930729600000,0.061
930733200000,0.044
930736800000,0.031
930740400000,0.024
930744000000,0.018
930747600000,0.014
930751200000,0.008
930754800000,0.004
930758400000,0.002
930762000000,0.002
930765600000,0.002
930769200000,0.002
930772800000,0.003
930776400000,0.007
930780000000,0.011
930783600000,0.022
930787200000,0.038
930790800000,0.045
930794400000,0.049
930798000000,0.053
930801600000,0.051
930805200000,0.05
930808800000,0.044
930812400000,0.033
930816000000,0.024
930819600000,0.02
930823200000,0.023
930826800000,0.026
930830400000,0.026
930834000000,0.026
930837600000,0.025
930841200000,0.026
930844800000,0.03
930848400000,0.019
930852000000,0.005
930855600000,0.001
930859200000,0.001
930862800000,0.002
930866400000,0.008
930870000000,0.028
930873600000,0.044
930877200000,0.061
930880800000,0.085
930884400000,0.105
930888000000,0.109
930891600000,0.104
930895200000,0.093
930898800000,0.079
930902400000,0.059
930906000000,0.041
930909600000,0.028
930913200000,0.019
930916800000,0.015
930920400000,0.016
930924000000,0.017
930927600000,0.019
930931200000,0.022
930934800000,0.026
930938400000,0.024
930942000000,0.019
930945600000,0.016
930949200000,0.02
930952800000,0.028
930956400000,0.049
930960000000,0.074
930963600000,0.101
930967200000,0.12
930970800000,0.14
930974400000,0.153
930978000000,0.142
930981600000,0.113
930985200000,0.085
930988800000,0.071
930992400000,0.057
930996000000,0.041
930999600000,0.028
931003200000,0.017
931006800000,0.009
931010400000,0.004
931014000000,0.002
931017600000,0.001
931021200000,0.001
931024800000,0.001
931028400000,0.001
931032000000,0.001
931035600000,0.003
931039200000,0.006
931042800000,0.022
931046400000,0.048
931050000000,0.08
931053600000,0.113
931057200000,0.141
931060800000,0.159
931064400000,0.163
931068000000,0.156
931071600000,0.144
931075200000,0.129
931078800000,0.112
931082400000,0.1
931086000000,0.088
931089600000,0.082
931093200000,0.076
931096800000,0.07
931100400000,0.054
931104000000,0.038
931107600000,0.034
931111200000,0.033
931114800000,0.035
931118400000,0.039
931122000000,0.044
931125600000,0.048
931129200000,0.077
931132800000,0.095
931136400000,0.098
931140000000,0.094
931143600000,0.095
931147200000,0.1
931150800000,0.098
931154400000,0.089
931158000000,0.081
931161600000,0.077
931165200000,0.07
931168800000,0.058
931172400000,0.045
931176000000,0.032
931179600000,0.024
931183200000,0.017
931186800000,0.012
931190400000,0.009
931194000000,0.009
931197600000,0.009
931201200000,0.01
931204800000,0.013
931208400000,0.014
931212000000,0.015
931215600000,0.027
931219200000,0.036
931222800000,0.042
931226400000,0.048
931230000000,0.062
931233600000,0.086
931237200000,0.099
931240800000,0.093
931244400000,0.071
931248000000,0.051
931251600000,0.039
931255200000,0.035
931258800000,0.028
931262400000,0.025
931266000000,0.026
931269600000,0.03
931273200000,0.029
931276800000,0.025
931280400000,0.02
931284000000,0.018
931287600000,0.018
931291200000,0.02
931294800000,0.022
931298400000,0.022
931302000000,0.024
931305600000,0.025
931309200000,0.022
931312800000,0.018
931316400000,0.023
931320000000,0.033
931323600000,0.047
931327200000,0.064
931330800000,0.077
931334400000,0.083
931338000000,0.085
931341600000,0.091
931345200000,0.094
931348800000,0.1
931352400000,0.099
931356000000,0.095
931359600000,0.082
931363200000,0.055
931366800000,0.018
931370400000,0.002
931374000000,0.002
931377600000,0.02
931381200000,0.058
931384800000,0.07
931388400000,0.077
931392000000,0.084
931395600000,0.096
931399200000,0.108
931402800000,0.106
931406400000,0.094
931410000000,0.082
931413600000,0.065
931417200000,0.05
931420800000,0.041
931424400000,0.036
931428000000,0.037
931431600000,0.041
931435200000,0.05
931438800000,0.065
931442400000,0.069
931446000000,0.05
931449600000,0.038
931453200000,0.033
931456800000,0.025
931460400000,0.018
931464000000,0.016
931467600000,0.019
931471200000,0.02
931474800000,0.021
931478400000,0.018
931482000000,0.016
931485600000,0.021
931489200000,0.024
931492800000,0.025
931496400000,0.026
931500000000,0.026
931503600000,0.028
931507200000,0.034
931510800000,0.046
931514400000,0.062
931518000000,0.071
931521600000,0.078
931525200000,0.084
931528800000,0.078
931532400000,0.065
931536000000,0.049
931539600000,0.042
931543200000,0.037
931546800000,0.041
931550400000,0.044
931554000000,0.03
931557600000,0.015
931561200000,0.008
931564800000,0.003
931568400000,0.001
931572000000,0.001
931575600000,0.002
931579200000,0.006
931582800000,0.009
931586400000,0.014
931590000000,0.02
931593600000,0.028
931597200000,0.037
931600800000,0.044
931604400000,0.045
931608000000,0.045
931611600000,0.048
931615200000,0.055
931618800000,0.069
931622400000,0.083
931626000000,0.058
931629600000,0.034
931633200000,0.026
931636800000,0.018
931640400000,0.011
931644000000,0.007
931647600000,0.007
931651200000,0.005
931654800000,0.003
931658400000,0.003
931662000000,0.002
931665600000,0.001
931669200000,0.0
931672800000,0.0
931676400000,0.0
931680000000,0.001
931683600000,0.001
931687200000,0.002
931690800000,0.005
931694400000,0.013
931698000000,0.022
931701600000,0.028
931705200000,0.033
931708800000,0.037
931712400000,0.035
931716000000,0.024
931719600000,0.015
931723200000,0.011
931726800000,0.009
931730400000,0.008
931734000000,0.008
931737600000,0.007
931741200000,0.005
931744800000,0.004
931748400000,0.003
931752000000,0.002
931755600000,0.004
931759200000,0.008
931762800000,0.023
931766400000,0.045
931770000000,0.059
931773600000,0.06
931777200000,0.058
931780800000,0.049
931784400000,0.041
931788000000,0.033
931791600000,0.031
931795200000,0.032
931798800000,0.033
931802400000,0.028
931806000000,0.024
931809600000,0.026
931813200000,0.028
931816800000,0.025
931820400000,0.024
931824000000,0.022
931827600000,0.015
931831200000,0.009
931834800000,0.004
931838400000,0.001
931842000000,0.001
931845600000,0.002
931849200000,0.005
931852800000,0.009
931856400000,0.013
931860000000,0.017
931863600000,0.019
931867200000,0.026
931870800000,0.03
931874400000,0.029
931878000000,0.026
931881600000,0.024
931885200000,0.023
931888800000,0.023
931892400000,0.027
931896000000,0.031
931899600000,0.035
931903200000,0.03
931906800000,0.034
931910400000,0.038
931914000000,0.039
931917600000,0.041
931921200000,0.047
931924800000,0.056
931928400000,0.068
931932000000,0.086
931935600000,0.112
931939200000,0.139
931942800000,0.179
931946400000,0.218
931950000000,0.206
931953600000,0.144
931957200000,0.105
931960800000,0.093
931964400000,0.079
931968000000,0.068
931971600000,0.058
931975200000,0.047
931978800000,0.04
931982400000,0.037
931986000000,0.033
931989600000,0.019
931993200000,0.009
931996800000,0.001
932000400000,0.0
932004000000,0.0
932007600000,0.0
932011200000,0.002
932014800000,0.004
932018400000,0.006
932022000000,0.009
932025600000,0.009
932029200000,0.014
932032800000,0.025
932036400000,0.034
932040000000,0.041
932043600000,0.049
932047200000,0.055
932050800000,0.054
932054400000,0.05
932058000000,0.048
932061600000,0.046
932065200000,0.041
932068800000,0.035
932072400000,0.033
932076000000,0.029
932079600000,0.028
932083200000,0.029
932086800000,0.043
932090400000,0.073
932094000000,0.102
932097600000,0.114
932101200000,0.106
932104800000,0.085
932108400000,0.068
932112000000,0.051
932115600000,0.041
932119200000,0.037
932122800000,0.036
932126400000,0.039
932130000000,0.039
932133600000,0.035
932137200000,0.023
932140800000,0.012
932144400000,0.006
932148000000,0.003
932151600000,0.002
932155200000,0.001
932158800000,0.002
932162400000,0.003
932166000000,0.004
932169600000,0.011
932173200000,0.021
932176800000,0.03
932180400000,0.057
932184000000,0.101
932187600000,0.151
932191200000,0.193
932194800000,0.207
932198400000,0.2
932202000000,0.165
932205600000,0.147
932209200000,0.136
932212800000,0.131
932216400000,0.131
932220000000,0.119
932223600000,0.114
932227200000,0.115
932230800000,0.113
932234400000,0.108
932238000000,0.103
932241600000,0.102
932245200000,0.1
932248800000,0.097
932252400000,0.137
932256000000,0.171
932259600000,0.196
932263200000,0.222
932266800000,0.234
932270400000,0.241
932274000000,0.253
932277600000,0.264
932281200000,0.27
932284800000,0.256
932288400000,0.224
932292000000,0.217
932295600000,0.223
932299200000,0.211
932302800000,0.206
932306400000,0.235
932310000000,0.249
932313600000,0.25
932317200000,0.246
932320800000,0.232
932324400000,0.206
932328000000,0.168
932331600000,0.139
932335200000,0.122
932338800000,0.158
932342400000,0.198
932346000000,0.22
932349600000,0.227
932353200000,0.237
932356800000,0.258
932360400000,0.272
932364000000,0.274
932367600000,0.259
932371200000,0.249
932374800000,0.227
932378400000,0.201
932382000000,0.184
932385600000,0.168
932389200000,0.162
932392800000,0.177
932396400000,0.183
932400000000,0.177
932403600000,0.168
932407200000,0.171
932410800000,0.183
932414400000,0.181
932418000000,0.167
932421600000,0.137
932425200000,0.136
932428800000,0.13
932432400000,0.13
932436000000,0.144
932439600000,0.18
932443200000,0.229
932446800000,0.265
932450400000,0.267
932454000000,0.236
932457600000,0.218
932461200000,0.194
932464800000,0.184
932468400000,0.177
932472000000,0.169
932475600000,0.179
932479200000,0.194
932482800000,0.209
932486400000,0.235
932490000000,0.245
932493600000,0.241
932497200000,0.229
932500800000,0.222
932504400000,0.214
932508000000,0.166
932511600000,0.169
932515200000,0.199
932518800000,0.231
932522400000,0.269
932526000000,0.32
932529600000,0.36
932533200000,0.352
932536800000,0.309
932540400000,0.249
932544000000,0.18
932547600000,0.131
932551200000,0.122
932554800000,0.118
932558400000,0.098
932562000000,0.088
932565600000,0.096
932569200000,0.107
932572800000,0.117
932576400000,0.123
932580000000,0.122
932583600000,0.12
932587200000,0.12
932590800000,0.115
932594400000,0.105
932598000000,0.184
932601600000,0.247
932605200000,0.321
932608800000,0.398
932612400000,0.452
932616000000,0.506
932619600000,0.552
932623200000,0.546
932626800000,0.474
932630400000,0.349
932634000000,0.229
932637600000,0.17
932641200000,0.132
932644800000,0.125
932648400000,0.156
932652000000,0.192
932655600000,0.22
932659200000,0.264
932662800000,0.311
932666400000,0.327
932670000000,0.334
932673600000,0.32
932677200000,0.292
932680800000,0.261
932684400000,0.366
932688000000,0.439
932691600000,0.481
932695200000,0.523
932698800000,0.537
932702400000,0.535
932706000000,0.538
932709600000,0.522
932713200000,0.445
932716800000,0.308
932720400000,0.193
932724000000,0.193
932727600000,0.223
932731200000,0.255
932734800000,0.291
932738400000,0.318
932742000000,0.343
932745600000,0.367
932749200000,0.388
932752800000,0.4
932756400000,0.411
932760000000,0.457
932763600000,0.443
932767200000,0.379
932770800000,0.458
932774400000,0.532
932778000000,0.548
932781600000,0.546
932785200000,0.548
932788800000,0.545
932792400000,0.52
932796000000,0.485
932799600000,0.449
932803200000,0.376
932806800000,0.295
932810400000,0.286
932814000000,0.308
932817600000,0.334
932821200000,0.328
932824800000,0.321
932828400000,0.32
932832000000,0.322
932835600000,0.317
932839200000,0.297
932842800000,0.301
932846400000,0.313
932850000000,0.302
932853600000,0.242
932857200000,0.282
932860800000,0.32
932864400000,0.313
932868000000,0.301
932871600000,0.304
932875200000,0.311
932878800000,0.294
932882400000,0.259
932886000000,0.225
932889600000,0.19
932893200000,0.166
932896800000,0.159
932900400000,0.155
932904000000,0.162
932907600000,0.169
932911200000,0.178
932914800000,0.197
932918400000,0.204
932922000000,0.185
932925600000,0.165
932929200000,0.151
932932800000,0.147
932936400000,0.127
932940000000,0.087
932943600000,0.076
932947200000,0.064
932950800000,0.053
932954400000,0.042
932958000000,0.035
932961600000,0.03
932965200000,0.023
932968800000,0.014
932972400000,0.012
932976000000,0.017
932979600000,0.035
932983200000,0.075
932986800000,0.131
932990400000,0.181
932994000000,0.21
932997600000,0.21
933001200000,0.185
933004800000,0.151
933008400000,0.125
933012000000,0.114
933015600000,0.105
933019200000,0.099
933022800000,0.088
933026400000,0.075
933030000000,0.069
933033600000,0.051
933037200000,0.037
933040800000,0.041
933044400000,0.059
933048000000,0.062
933051600000,0.059
933055200000,0.058
933058800000,0.063
933062400000,0.062
933066000000,0.049
933069600000,0.045
933073200000,0.049
933076800000,0.056
933080400000,0.07
933084000000,0.102
933087600000,0.156
933091200000,0.221
933094800000,0.241
933098400000,0.217
933102000000,0.22
933105600000,0.264
933109200000,0.254
933112800000,0.205
933116400000,0.201
933120000000,0.195
933123600000,0.205
933127200000,0.234
933130800000,0.295
933134400000,0.362
933138000000,0.403
933141600000,0.427
933145200000,0.413
933148800000,0.363
933152400000,0.286
933156000000,0.248
933159600000,0.233
933163200000,0.238
933166800000,0.251
933170400000,0.271
933174000000,0.244
933177600000,0.208
933181200000,0.176
933184800000,0.177
933188400000,0.185
933192000000,0.172
933195600000,0.169
933199200000,0.158
933202800000,0.178
933206400000,0.231
933210000000,0.271
933213600000,0.328
933217200000,0.41
933220800000,0.488
933224400000,0.519
933228000000,0.507
933231600000,0.437
933235200000,0.305
933238800000,0.205
933242400000,0.153
933246000000,0.097
933249600000,0.05
933253200000,0.026
933256800000,0.017
933260400000,0.01
933264000000,0.007
933267600000,0.011
933271200000,0.015
933274800000,0.019
933278400000,0.022
933282000000,0.03
933285600000,0.037
933289200000,0.054
933292800000,0.08
933296400000,0.105
933300000000,0.13
933303600000,0.16
933307200000,0.179
933310800000,0.168
933314400000,0.14
933318000000,0.115
933321600000,0.094
933325200000,0.075
933328800000,0.058
933332400000,0.042
933336000000,0.036
933339600000,0.039
933343200000,0.05
933346800000,0.061
933350400000,0.065
933354000000,0.061
933357600000,0.055
933361200000,0.047
933364800000,0.04
933368400000,0.036
933372000000,0.034
933375600000,0.053
933379200000,0.065
933382800000,0.083
933386400000,0.112
933390000000,0.144
933393600000,0.176
933397200000,0.19
933400800000,0.178
933404400000,0.146
933408000000,0.107
933411600000,0.093
933415200000,0.091
933418800000,0.086
933422400000,0.083
933426000000,0.086
933429600000,0.101
933433200000,0.115
933436800000,0.122
933440400000,0.134
933444000000,0.138
933447600000,0.133
933451200000,0.131
933454800000,0.135
933458400000,0.12
933462000000,0.121
933465600000,0.072
933469200000,0.08
933472800000,0.091
933476400000,0.102
933480000000,0.143
933483600000,0.204
933487200000,0.259
933490800000,0.278
933494400000,0.264
933498000000,0.207
933501600000,0.201
933505200000,0.205
933508800000,0.219
933512400000,0.253
933516000000,0.323
933519600000,0.392
933523200000,0.38
933526800000,0.27
933530400000,0.266
933534000000,0.245
933537600000,0.217
933541200000,0.196
933544800000,0.172
933548400000,0.179
933552000000,0.244
933555600000,0.315
933559200000,0.36
933562800000,0.395
933566400000,0.415
933570000000,0.41
933573600000,0.358
933577200000,0.262
933580800000,0.182
933584400000,0.151
933588000000,0.154
933591600000,0.147
933595200000,0.134
933598800000,0.118
933602400000,0.127
933606000000,0.145
933609600000,0.153
933613200000,0.157
933616800000,0.147
933620400000,0.119
933624000000,0.085
933627600000,0.093
933631200000,0.109
933634800000,0.138
933638400000,0.18
933642000000,0.205
933645600000,0.213
933649200000,0.254
933652800000,0.339
933656400000,0.408
933660000000,0.422
933663600000,0.374
933667200000,0.293
933670800000,0.228
933674400000,0.22
933678000000,0.198
933681600000,0.17
933685200000,0.179
933688800000,0.209
933692400000,0.233
933696000000,0.232
933699600000,0.233
933703200000,0.226
933706800000,0.201
933710400000,0.177
933714000000,0.139
933717600000,0.09
933721200000,0.074
933724800000,0.074
933728400000,0.076
933732000000,0.087
933735600000,0.1
933739200000,0.111
933742800000,0.114
933746400000,0.11
933750000000,0.095
933753600000,0.084
933757200000,0.076
933760800000,0.065
933764400000,0.046
933768000000,0.031
933771600000,0.023
933775200000,0.023
933778800000,0.028
933782400000,0.035
933786000000,0.048
933789600000,0.068
933793200000,0.093
933796800000,0.115
933800400000,0.133
933804000000,0.125
933807600000,0.112
933811200000,0.105
933814800000,0.082
933818400000,0.061
933822000000,0.047
933825600000,0.038
933829200000,0.032
933832800000,0.03
933836400000,0.029
933840000000,0.022
933843600000,0.027
933847200000,0.047
933850800000,0.062
933854400000,0.073
933858000000,0.081
933861600000,0.086
933865200000,0.089
933868800000,0.084
933872400000,0.079
933876000000,0.073
933879600000,0.068
933883200000,0.062
933886800000,0.05
933890400000,0.033
933894000000,0.03
933897600000,0.021
933901200000,0.017
933904800000,0.019
933908400000,0.021
933912000000,0.025
933915600000,0.031
933919200000,0.032
933922800000,0.033
933926400000,0.038
933930000000,0.059
933933600000,0.088
933937200000,0.108
933940800000,0.131
933944400000,0.158
933948000000,0.171
933951600000,0.166
933955200000,0.14
933958800000,0.124
933962400000,0.106
933966000000,0.089
933969600000,0.082
933973200000,0.081
933976800000,0.061
933980400000,0.054
933984000000,0.048
933987600000,0.045
933991200000,0.044
933994800000,0.04
933998400000,0.037
934002000000,0.035
934005600000,0.035
934009200000,0.037
934012800000,0.048
934016400000,0.062
934020000000,0.074
934023600000,0.085
934027200000,0.087
934030800000,0.085
934034400000,0.089
934038000000,0.078
934041600000,0.059
934045200000,0.039
934048800000,0.022
934052400000,0.014
934056000000,0.011
934059600000,0.01
934063200000,0.01
934066800000,0.01
934070400000,0.007
934074000000,0.003
934077600000,0.001
934081200000,0.002
934084800000,0.003
934088400000,0.005
934092000000,0.007
934095600000,0.012
934099200000,0.019
934102800000,0.028
934106400000,0.042
934110000000,0.05
934113600000,0.065
934117200000,0.079
934120800000,0.082
934124400000,0.074
934128000000,0.063
934131600000,0.058
934135200000,0.061
934138800000,0.068
934142400000,0.072
934146000000,0.059
934149600000,0.03
934153200000,0.016
934156800000,0.011
934160400000,0.009
934164000000,0.01
934167600000,0.011
934171200000,0.011
934174800000,0.009
934178400000,0.006
934182000000,0.005
934185600000,0.009
934189200000,0.017
934192800000,0.027
934196400000,0.031
934200000000,0.037
934203600000,0.044
934207200000,0.052
934210800000,0.057
934214400000,0.051
934218000000,0.036
934221600000,0.022
934225200000,0.011
934228800000,0.006
934232400000,0.005
934236000000,0.005
934239600000,0.001
934243200000,0.0
934246800000,0.0
934250400000,0.0
934254000000,0.0
934257600000,0.0
934261200000,0.0
934264800000,0.002
934268400000,0.003
934272000000,0.004
934275600000,0.004
934279200000,0.004
934282800000,0.004
934286400000,0.004
934290000000,0.003
934293600000,0.002
934297200000,0.001
934300800000,0.0
934304400000,0.001
934308000000,0.0
934311600000,0.0
934315200000,0.0
934318800000,0.0
934322400000,0.002
934326000000,0.004
934329600000,0.009
934333200000,0.022
934336800000,0.047
934340400000,0.072
934344000000,0.095
934347600000,0.119
934351200000,0.145
934354800000,0.169
934358400000,0.181
934362000000,0.167
934365600000,0.161
934369200000,0.16
934372800000,0.169
934376400000,0.177
934380000000,0.178
934383600000,0.143
934387200000,0.101
934390800000,0.073
934394400000,0.059
934398000000,0.058
934401600000,0.067
934405200000,0.071
934408800000,0.07
934412400000,0.089
934416000000,0.151
934419600000,0.239
934423200000,0.343
934426800000,0.474
934430400000,0.571
934434000000,0.604
934437600000,0.57
934441200000,0.478
934444800000,0.343
934448400000,0.304
934452000000,0.334
934455600000,0.35
934459200000,0.334
934462800000,0.264
934466400000,0.224
934470000000,0.186
934473600000,0.148
934477200000,0.115
934480800000,0.089
934484400000,0.068
934488000000,0.055
934491600000,0.054
934495200000,0.054
934498800000,0.065
934502400000,0.071
934506000000,0.075
934509600000,0.081
934513200000,0.077
934516800000,0.074
934520400000,0.072
934524000000,0.067
934527600000,0.061
934531200000,0.054
934534800000,0.05
934538400000,0.049
934542000000,0.051
934545600000,0.058
934549200000,0.06
934552800000,0.061
934556400000,0.051
934560000000,0.033
934563600000,0.016
934567200000,0.006
934570800000,0.002
934574400000,0.0
934578000000,0.0
934581600000,0.0
934585200000,0.0
934588800000,0.0
934592400000,0.0
934596000000,0.0
934599600000,0.001
934603200000,0.001
934606800000,0.001
934610400000,0.0
934614000000,0.001
934617600000,0.003
934621200000,0.006
934624800000,0.011
934628400000,0.013
934632000000,0.013
934635600000,0.018
934639200000,0.036
934642800000,0.057
934646400000,0.068
934650000000,0.068
934653600000,0.065
934657200000,0.059
934660800000,0.054
934664400000,0.043
934668000000,0.025
934671600000,0.013
934675200000,0.004
934678800000,0.001
934682400000,0.0
934686000000,0.0
934689600000,0.0
934693200000,0.0
934696800000,0.001
934700400000,0.004
934704000000,0.01
934707600000,0.021
934711200000,0.035
934714800000,0.038
934718400000,0.035
934722000000,0.032
934725600000,0.035
934729200000,0.039
934732800000,0.043
934736400000,0.048
934740000000,0.051
934743600000,0.053
934747200000,0.061
934750800000,0.072
934754400000,0.076
934758000000,0.09
934761600000,0.126
934765200000,0.157
934768800000,0.201
934772400000,0.261
934776000000,0.33
934779600000,0.399
934783200000,0.444
934786800000,0.437
934790400000,0.343
934794000000,0.285
934797600000,0.3
934801200000,0.313
934804800000,0.308
934808400000,0.305
934812000000,0.295
934815600000,0.285
934819200000,0.258
934822800000,0.227
934826400000,0.195
934830000000,0.184
934833600000,0.179
934837200000,0.184
934840800000,0.175
934844400000,0.264
934848000000,0.337
934851600000,0.379
934855200000,0.422
934858800000,0.481
934862400000,0.537
934866000000,0.571
934869600000,0.58
934873200000,0.543
934876800000,0.465
934880400000,0.388
934884000000,0.343
934887600000,0.289
934891200000,0.234
934894800000,0.195
934898400000,0.183
934902000000,0.174
934905600000,0.159
934909200000,0.138
934912800000,0.12
934916400000,0.117
934920000000,0.111
934923600000,0.105
934927200000,0.097
934930800000,0.138
934934400000,0.238
934938000000,0.392
934941600000,0.578
934945200000,0.695
934948800000,0.732
934952400000,0.705
934956000000,0.618
934959600000,0.476
934963200000,0.322
934966800000,0.252
934970400000,0.256
934974000000,0.261
934977600000,0.261
934981200000,0.3
934984800000,0.347
934988400000,0.322
934992000000,0.312
934995600000,0.374
934999200000,0.404
935002800000,0.36
935006400000,0.369
935010000000,0.361
935013600000,0.347
935017200000,0.391
935020800000,0.531
935024400000,0.619
935028000000,0.635
935031600000,0.618
935035200000,0.578
935038800000,0.526
935042400000,0.452
935046000000,0.379
935049600000,0.294
935053200000,0.281
935056800000,0.306
935060400000,0.299
935064000000,0.278
935067600000,0.289
935071200000,0.271
935074800000,0.229
935078400000,0.194
935082000000,0.213
935085600000,0.255
935089200000,0.25
935092800000,0.229
935096400000,0.224
935100000000,0.177
935103600000,0.2
935107200000,0.252
935110800000,0.259
935114400000,0.256
935118000000,0.256
935121600000,0.251
935125200000,0.238
935128800000,0.227
935132400000,0.202
935136000000,0.159
935139600000,0.137
935143200000,0.158
935146800000,0.163
935150400000,0.164
935154000000,0.149
935157600000,0.114
935161200000,0.074
935164800000,0.041
935168400000,0.021
935172000000,0.022
935175600000,0.041
935179200000,0.063
935182800000,0.07
935186400000,0.056
935190000000,0.058
935193600000,0.057
935197200000,0.055
935200800000,0.057
935204400000,0.049
935208000000,0.038
935211600000,0.027
935215200000,0.023
935218800000,0.025
935222400000,0.031
935226000000,0.048
935229600000,0.071
935233200000,0.09
935236800000,0.108
935240400000,0.126
935244000000,0.14
935247600000,0.15
935251200000,0.147
935254800000,0.134
935258400000,0.132
935262000000,0.133
935265600000,0.13
935269200000,0.115
935272800000,0.091
935276400000,0.112
935280000000,0.133
935283600000,0.155
935287200000,0.17
935290800000,0.172
935294400000,0.155
935298000000,0.133
935301600000,0.115
935305200000,0.101
935308800000,0.089
935312400000,0.09
935316000000,0.095
935319600000,0.094
935323200000,0.095
935326800000,0.099
935330400000,0.097
935334000000,0.088
935337600000,0.078
935341200000,0.074
935344800000,0.077
935348400000,0.083
935352000000,0.093
935355600000,0.107
935359200000,0.099
935362800000,0.123
935366400000,0.135
935370000000,0.133
935373600000,0.125
935377200000,0.125
935380800000,0.131
935384400000,0.138
935388000000,0.138
935391600000,0.127
935395200000,0.109
935398800000,0.102
935402400000,0.101
935406000000,0.096
935409600000,0.093
935413200000,0.087
935416800000,0.082
935420400000,0.079
935424000000,0.095
935427600000,0.125
935431200000,0.117
935434800000,0.057
935438400000,0.038
935442000000,0.039
935445600000,0.037
935449200000,0.048
935452800000,0.05
935456400000,0.05
935460000000,0.056
935463600000,0.059
935467200000,0.055
935470800000,0.045
935474400000,0.041
935478000000,0.048
935481600000,0.058
935485200000,0.062
935488800000,0.061
935492400000,0.057
935496000000,0.048
935499600000,0.035
935503200000,0.024
935506800000,0.013
935510400000,0.004
935514000000,0.001
935517600000,0.0
935521200000,0.0
935524800000,0.0
935528400000,0.0
935532000000,0.0
935535600000,0.001
935539200000,0.004
935542800000,0.015
935546400000,0.038
935550000000,0.062
935553600000,0.065
935557200000,0.058
935560800000,0.052
935564400000,0.052
935568000000,0.065
935571600000,0.084
935575200000,0.099
935578800000,0.1
935582400000,0.094
935586000000,0.086
935589600000,0.071
935593200000,0.055
935596800000,0.038
935600400000,0.031
935604000000,0.035
935607600000,0.043
935611200000,0.054
935614800000,0.067
935618400000,0.068
935622000000,0.087
935625600000,0.101
935629200000,0.102
935632800000,0.112
935636400000,0.116
935640000000,0.116
935643600000,0.112
935647200000,0.114
935650800000,0.121
935654400000,0.124
935658000000,0.133
935661600000,0.144
935665200000,0.152
935668800000,0.144
935672400000,0.133
935676000000,0.113
935679600000,0.087
935683200000,0.069
935686800000,0.061
935690400000,0.055
935694000000,0.057
935697600000,0.054
935701200000,0.047
935704800000,0.05
935708400000,0.083
935712000000,0.117
935715600000,0.152
935719200000,0.19
935722800000,0.217
935726400000,0.225
935730000000,0.221
935733600000,0.223
935737200000,0.219
935740800000,0.183
935744400000,0.133
935748000000,0.116
935751600000,0.096
935755200000,0.086
935758800000,0.079
935762400000,0.063
935766000000,0.061
935769600000,0.058
935773200000,0.045
935776800000,0.035
935780400000,0.031
935784000000,0.028
935787600000,0.021
935791200000,0.015
935794800000,0.022
935798400000,0.035
935802000000,0.052
935805600000,0.077
935809200000,0.104
935812800000,0.112
935816400000,0.103
935820000000,0.087
935823600000,0.071
935827200000,0.061
935830800000,0.062
935834400000,0.064
935838000000,0.059
935841600000,0.054
935845200000,0.05
935848800000,0.042
935852400000,0.031
935856000000,0.02
935859600000,0.015
935863200000,0.014
935866800000,0.018
935870400000,0.024
935874000000,0.03
935877600000,0.025
935881200000,0.021
935884800000,0.024
935888400000,0.035
935892000000,0.058
935895600000,0.084
935899200000,0.106
935902800000,0.124
935906400000,0.133
935910000000,0.124
935913600000,0.105
935917200000,0.091
935920800000,0.087
935924400000,0.094
935928000000,0.105
935931600000,0.112
935935200000,0.106
935938800000,0.097
935942400000,0.094
935946000000,0.094
935949600000,0.086
935953200000,0.063
935956800000,0.041
935960400000,0.023
935964000000,0.014
935967600000,0.01
935971200000,0.005
935974800000,0.004
935978400000,0.005
935982000000,0.009
935985600000,0.015
935989200000,0.026
935992800000,0.045
935996400000,0.07
936000000000,0.095
936003600000,0.123
936007200000,0.144
936010800000,0.153
936014400000,0.148
936018000000,0.145
936021600000,0.151
936025200000,0.153
936028800000,0.154
936032400000,0.14
936036000000,0.118
936039600000,0.107
936043200000,0.093
936046800000,0.085
936050400000,0.084
936054000000,0.158
936057600000,0.229
936061200000,0.28
936064800000,0.306
936068400000,0.333
936072000000,0.361
936075600000,0.367
936079200000,0.351
936082800000,0.317
936086400000,0.282
936090000000,0.27
936093600000,0.272
936097200000,0.261
936100800000,0.237
936104400000,0.213
936108000000,0.213
936111600000,0.226
936115200000,0.249
936118800000,0.27
936122400000,0.266
936126000000,0.272
936129600000,0.281
936133200000,0.266
936136800000,0.231
936140400000,0.334
936144000000,0.415
936147600000,0.462
936151200000,0.501
936154800000,0.55
936158400000,0.59
936162000000,0.613
936165600000,0.601
936169200000,0.557
936172800000,0.429
936176400000,0.309
936180000000,0.266
936183600000,0.255
936187200000,0.274
936190800000,0.288
936194400000,0.291
936198000000,0.334
936201600000,0.343
936205200000,0.337
936208800000,0.328
936212400000,0.311
936216000000,0.284
936219600000,0.233
936223200000,0.172
936226800000,0.214
936230400000,0.251
936234000000,0.278
936237600000,0.305
936241200000,0.315
936244800000,0.328
936248400000,0.325
936252000000,0.3
936255600000,0.249
936259200000,0.206
936262800000,0.163
936266400000,0.126
936270000000,0.094
936273600000,0.06
936277200000,0.034
936280800000,0.019
936284400000,0.021
936288000000,0.034
936291600000,0.053
936295200000,0.069
936298800000,0.081
936302400000,0.107
936306000000,0.144
936309600000,0.166
936313200000,0.206
936316800000,0.233
936320400000,0.215
936324000000,0.179
936327600000,0.158
936331200000,0.147
936334800000,0.132
936338400000,0.112
936342000000,0.093
936345600000,0.081
936349200000,0.064
936352800000,0.053
936356400000,0.051
936360000000,0.055
936363600000,0.058
936367200000,0.058
936370800000,0.05
936374400000,0.045
936378000000,0.042
936381600000,0.035
936385200000,0.025
936388800000,0.015
936392400000,0.01
936396000000,0.008
936399600000,0.011
936403200000,0.017
936406800000,0.025
936410400000,0.039
936414000000,0.053
936417600000,0.064
936421200000,0.072
936424800000,0.076
936428400000,0.077
936432000000,0.084
936435600000,0.094
936439200000,0.104
936442800000,0.102
936446400000,0.103
936450000000,0.093
936453600000,0.066
936457200000,0.043
936460800000,0.045
936464400000,0.046
936468000000,0.045
936471600000,0.037
936475200000,0.023
936478800000,0.009
936482400000,0.003
936486000000,0.003
936489600000,0.002
936493200000,0.001
936496800000,0.001
936500400000,0.0
936504000000,0.001
936507600000,0.001
936511200000,0.001
936514800000,0.003
936518400000,0.005
936522000000,0.005
936525600000,0.004
936529200000,0.004
936532800000,0.005
936536400000,0.004
936540000000,0.002
936543600000,0.001
936547200000,0.001
936550800000,0.001
936554400000,0.001
936558000000,0.001
936561600000,0.001
936565200000,0.002
936568800000,0.005
936572400000,0.005
936576000000,0.005
936579600000,0.008
936583200000,0.013
936586800000,0.016
936590400000,0.015
936594000000,0.015
936597600000,0.017
936601200000,0.021
936604800000,0.025
936608400000,0.03
936612000000,0.031
936615600000,0.025
936619200000,0.018
936622800000,0.014
936626400000,0.013
936630000000,0.016
936633600000,0.02
936637200000,0.026
936640800000,0.031
936644400000,0.03
936648000000,0.025
936651600000,0.024
936655200000,0.02
936658800000,0.01
936662400000,0.006
936666000000,0.008
936669600000,0.011
936673200000,0.013
936676800000,0.014
936680400000,0.014
936684000000,0.016
936687600000,0.022
936691200000,0.042
936694800000,0.074
936698400000,0.102
936702000000,0.112
936705600000,0.121
936709200000,0.124
936712800000,0.127
936716400000,0.112
936720000000,0.083
936723600000,0.059
936727200000,0.046
936730800000,0.038
936734400000,0.028
936738000000,0.02
936741600000,0.015
936745200000,0.007
936748800000,0.001
936752400000,0.0
936756000000,0.0
936759600000,0.0
936763200000,0.0
936766800000,0.0
936770400000,0.001
936774000000,0.001
936777600000,0.002
936781200000,0.004
936784800000,0.011
936788400000,0.02
936792000000,0.026
936795600000,0.038
936799200000,0.057
936802800000,0.048
936806400000,0.025
936810000000,0.017
936813600000,0.012
936817200000,0.008
936820800000,0.006
936824400000,0.007
936828000000,0.008
936831600000,0.01
936835200000,0.01
936838800000,0.011
936842400000,0.018
936846000000,0.029
936849600000,0.044
936853200000,0.069
936856800000,0.101
936860400000,0.123
936864000000,0.124
936867600000,0.112
936871200000,0.102
936874800000,0.086
936878400000,0.067
936882000000,0.051
936885600000,0.041
936889200000,0.039
936892800000,0.042
936896400000,0.046
936900000000,0.05
936903600000,0.057
936907200000,0.067
936910800000,0.07
936914400000,0.071
936918000000,0.084
936921600000,0.092
936925200000,0.105
936928800000,0.128
936932400000,0.167
936936000000,0.221
936939600000,0.27
936943200000,0.291
936946800000,0.27
936950400000,0.223
936954000000,0.171
936957600000,0.138
936961200000,0.115
936964800000,0.095
936968400000,0.089
936972000000,0.096
936975600000,0.111
936979200000,0.128
936982800000,0.147
936986400000,0.167
936990000000,0.183
936993600000,0.189
936997200000,0.186
937000800000,0.154
937004400000,0.147
937008000000,0.159
937011600000,0.167
937015200000,0.181
937018800000,0.211
937022400000,0.242
937026000000,0.265
937029600000,0.272
937033200000,0.262
937036800000,0.24
937040400000,0.227
937044000000,0.248
937047600000,0.281
937051200000,0.296
937054800000,0.32
937058400000,0.348
937062000000,0.343
937065600000,0.343
937069200000,0.344
937072800000,0.319
937076400000,0.264
937080000000,0.213
937083600000,0.152
937087200000,0.097
937090800000,0.11
937094400000,0.096
937098000000,0.075
937101600000,0.06
937105200000,0.047
937108800000,0.038
937112400000,0.039
937116000000,0.04
937119600000,0.031
937123200000,0.019
937126800000,0.02
937130400000,0.04
937134000000,0.062
937137600000,0.067
937141200000,0.059
937144800000,0.051
937148400000,0.039
937152000000,0.028
937155600000,0.021
937159200000,0.017
937162800000,0.019
937166400000,0.024
937170000000,0.031
937173600000,0.037
937177200000,0.041
937180800000,0.035
937184400000,0.027
937188000000,0.024
937191600000,0.019
937195200000,0.017
937198800000,0.02
937202400000,0.022
937206000000,0.022
937209600000,0.014
937213200000,0.008
937216800000,0.007
937220400000,0.008
937224000000,0.017
937227600000,0.039
937231200000,0.056
937234800000,0.056
937238400000,0.053
937242000000,0.054
937245600000,0.052
937249200000,0.046
937252800000,0.044
937256400000,0.036
937260000000,0.027
937263600000,0.02
937267200000,0.014
937270800000,0.013
937274400000,0.017
937278000000,0.019
937281600000,0.022
937285200000,0.027
937288800000,0.034
937292400000,0.041
937296000000,0.049
937299600000,0.067
937303200000,0.086
937306800000,0.095
937310400000,0.103
937314000000,0.112
937317600000,0.127
937321200000,0.125
937324800000,0.112
937328400000,0.112
937332000000,0.089
937335600000,0.052
937339200000,0.032
937342800000,0.027
937346400000,0.018
937350000000,0.011
937353600000,0.006
937357200000,0.006
937360800000,0.006
937364400000,0.008
937368000000,0.01
937371600000,0.014
937375200000,0.021
937378800000,0.028
937382400000,0.031
937386000000,0.035
937389600000,0.042
937393200000,0.045
937396800000,0.043
937400400000,0.038
937404000000,0.031
937407600000,0.02
937411200000,0.011
937414800000,0.006
937418400000,0.004
937422000000,0.005
937425600000,0.006
937429200000,0.012
937432800000,0.021
937436400000,0.037
937440000000,0.053
937443600000,0.072
937447200000,0.093
937450800000,0.09
937454400000,0.076
937458000000,0.06
937461600000,0.05
937465200000,0.046
937468800000,0.053
937472400000,0.068
937476000000,0.075
937479600000,0.07
937483200000,0.061
937486800000,0.049
937490400000,0.04
937494000000,0.035
937497600000,0.031
937501200000,0.026
937504800000,0.021
937508400000,0.017
937512000000,0.013
937515600000,0.009
937519200000,0.008
937522800000,0.018
937526400000,0.025
937530000000,0.025
937533600000,0.025
937537200000,0.028
937540800000,0.034
937544400000,0.036
937548000000,0.036
937551600000,0.037
937555200000,0.041
937558800000,0.049
937562400000,0.049
937566000000,0.038
937569600000,0.026
937573200000,0.014
937576800000,0.006
937580400000,0.002
937584000000,0.001
937587600000,0.001
937591200000,0.001
937594800000,0.001
937598400000,0.002
937602000000,0.002
937605600000,0.002
937609200000,0.003
937612800000,0.008
937616400000,0.018
937620000000,0.031
937623600000,0.037
937627200000,0.037
937630800000,0.034
937634400000,0.03
937638000000,0.027
937641600000,0.027
937645200000,0.036
937648800000,0.048
937652400000,0.054
937656000000,0.061
937659600000,0.072
937663200000,0.082
937666800000,0.081
937670400000,0.077
937674000000,0.089
937677600000,0.115
937681200000,0.135
937684800000,0.125
937688400000,0.088
937692000000,0.041
937695600000,0.024
937699200000,0.022
937702800000,0.039
937706400000,0.084
937710000000,0.132
937713600000,0.172
937717200000,0.192
937720800000,0.197
937724400000,0.181
937728000000,0.145
937731600000,0.13
937735200000,0.146
937738800000,0.153
937742400000,0.131
937746000000,0.085
937749600000,0.044
937753200000,0.018
937756800000,0.007
937760400000,0.002
937764000000,0.0
937767600000,0.0
937771200000,0.001
937774800000,0.004
937778400000,0.008
937782000000,0.014
937785600000,0.021
937789200000,0.028
937792800000,0.039
937796400000,0.05
937800000000,0.059
937803600000,0.068
937807200000,0.067
937810800000,0.057
937814400000,0.047
937818000000,0.046
937821600000,0.051
937825200000,0.053
937828800000,0.049
937832400000,0.039
937836000000,0.03
937839600000,0.029
937843200000,0.034
937846800000,0.037
937850400000,0.036
937854000000,0.028
937857600000,0.014
937861200000,0.003
937864800000,0.0
937868400000,0.0
937872000000,0.0
937875600000,0.0
937879200000,0.002
937882800000,0.003
937886400000,0.003
937890000000,0.002
937893600000,0.001
937897200000,0.001
937900800000,0.001
937904400000,0.004
937908000000,0.013
937911600000,0.027
937915200000,0.043
937918800000,0.059
937922400000,0.058
937926000000,0.038
937929600000,0.013
937933200000,0.004
937936800000,0.002
937940400000,0.001
937944000000,0.001
937947600000,0.001
937951200000,0.002
937954800000,0.002
937958400000,0.003
937962000000,0.003
937965600000,0.003
937969200000,0.003
937972800000,0.005
937976400000,0.012
937980000000,0.026
937983600000,0.042
937987200000,0.053
937990800000,0.055
937994400000,0.057
937998000000,0.057
938001600000,0.061
938005200000,0.067
938008800000,0.063
938012400000,0.051
938016000000,0.043
938019600000,0.044
938023200000,0.054
938026800000,0.07
938030400000,0.081
938034000000,0.068
938037600000,0.043
938041200000,0.035
938044800000,0.03
938048400000,0.033
938052000000,0.043
938055600000,0.055
938059200000,0.06
938062800000,0.061
938066400000,0.061
938070000000,0.061
938073600000,0.068
938077200000,0.072
938080800000,0.07
938084400000,0.065
938088000000,0.065
938091600000,0.061
938095200000,0.05
938098800000,0.041
938102400000,0.035
938106000000,0.026
938109600000,0.015
938113200000,0.007
938116800000,0.004
938120400000,0.004
938124000000,0.007
938127600000,0.014
938131200000,0.025
938134800000,0.037
938138400000,0.051
938142000000,0.061
938145600000,0.068
938149200000,0.07
938152800000,0.068
938156400000,0.065
938160000000,0.069
938163600000,0.079
938167200000,0.086
938170800000,0.086
938174400000,0.084
938178000000,0.084
938181600000,0.086
938185200000,0.092
938188800000,0.102
938192400000,0.094
938196000000,0.051
938199600000,0.024
938203200000,0.025
938206800000,0.041
938210400000,0.049
938214000000,0.071
938217600000,0.105
938221200000,0.144
938224800000,0.186
938228400000,0.22
938232000000,0.233
938235600000,0.227
938239200000,0.231
938242800000,0.233
938246400000,0.213
938250000000,0.191
938253600000,0.189
938257200000,0.178
938260800000,0.155
938264400000,0.124
938268000000,0.091
938271600000,0.072
938275200000,0.068
938278800000,0.07
938282400000,0.081
938286000000,0.098
938289600000,0.094
938293200000,0.065
938296800000,0.047
938300400000,0.069
938304000000,0.093
938307600000,0.121
938311200000,0.141
938314800000,0.162
938318400000,0.183
938322000000,0.195
938325600000,0.196
938329200000,0.185
938332800000,0.156
938336400000,0.16
938340000000,0.181
938343600000,0.201
938347200000,0.224
938350800000,0.243
938354400000,0.266
938358000000,0.282
938361600000,0.259
938365200000,0.179
938368800000,0.123
938372400000,0.095
938376000000,0.079
938379600000,0.061
938383200000,0.049
938386800000,0.071
938390400000,0.1
938394000000,0.13
938397600000,0.153
938401200000,0.175
938404800000,0.184
938408400000,0.176
938412000000,0.155
938415600000,0.129
938419200000,0.106
938422800000,0.094
938426400000,0.084
938430000000,0.073
938433600000,0.071
938437200000,0.071
938440800000,0.072
938444400000,0.067
938448000000,0.058
938451600000,0.051
938455200000,0.049
938458800000,0.049
938462400000,0.053
938466000000,0.065
938469600000,0.072
938473200000,0.101
938476800000,0.123
938480400000,0.135
938484000000,0.147
938487600000,0.153
938491200000,0.139
938494800000,0.122
938498400000,0.111
938502000000,0.1
938505600000,0.091
938509200000,0.093
938512800000,0.087
938516400000,0.079
938520000000,0.069
938523600000,0.06
938527200000,0.055
938530800000,0.046
938534400000,0.04
938538000000,0.03
938541600000,0.025
938545200000,0.023
938548800000,0.022
938552400000,0.021
938556000000,0.022
938559600000,0.038
938563200000,0.052
938566800000,0.064
938570400000,0.075
938574000000,0.085
938577600000,0.093
938581200000,0.101
938584800000,0.103
938588400000,0.104
938592000000,0.103
938595600000,0.104
938599200000,0.094
938602800000,0.076
938606400000,0.059
938610000000,0.044
938613600000,0.03
938617200000,0.02
938620800000,0.013
938624400000,0.009
938628000000,0.006
938631600000,0.005
938635200000,0.006
938638800000,0.01
938642400000,0.014
938646000000,0.026
938649600000,0.041
938653200000,0.055
938656800000,0.073
938660400000,0.089
938664000000,0.094
938667600000,0.095
938671200000,0.097
938674800000,0.099
938678400000,0.1
938682000000,0.103
938685600000,0.105
938689200000,0.106
938692800000,0.107
938696400000,0.111
938700000000,0.113
938703600000,0.106
938707200000,0.094
938710800000,0.063
938714400000,0.034
938718000000,0.027
938721600000,0.04
938725200000,0.064
938728800000,0.069
938732400000,0.078
938736000000,0.086
938739600000,0.1
938743200000,0.122
938746800000,0.147
938750400000,0.161
938754000000,0.16
938757600000,0.144
938761200000,0.122
938764800000,0.102
938768400000,0.095
938772000000,0.086
938775600000,0.076
938779200000,0.071
938782800000,0.068
938786400000,0.063
938790000000,0.057
938793600000,0.052
938797200000,0.054
938800800000,0.056
938804400000,0.06
938808000000,0.067
938811600000,0.067
938815200000,0.055
938818800000,0.062
938822400000,0.068
938826000000,0.076
938829600000,0.085
938833200000,0.096
938836800000,0.102
938840400000,0.1
938844000000,0.093
938847600000,0.087
938851200000,0.087
938854800000,0.1
938858400000,0.103
938862000000,0.1
938865600000,0.09
938869200000,0.08
938872800000,0.069
938876400000,0.056
938880000000,0.041
938883600000,0.03
938887200000,0.021
938890800000,0.017
938894400000,0.015
938898000000,0.018
938901600000,0.022
938905200000,0.04
938908800000,0.06
938912400000,0.083
938916000000,0.108
938919600000,0.125
938923200000,0.131
938926800000,0.124
938930400000,0.11
938934000000,0.096
938937600000,0.09
938941200000,0.101
938944800000,0.111
938948400000,0.112
938952000000,0.107
938955600000,0.096
938959200000,0.082
938962800000,0.063
938966400000,0.046
938970000000,0.031
938973600000,0.021
938977200000,0.016
938980800000,0.014
938984400000,0.013
938988000000,0.011
938991600000,0.017
938995200000,0.019
938998800000,0.022
939002400000,0.027
939006000000,0.035
939009600000,0.045
939013200000,0.051
939016800000,0.055
939020400000,0.058
939024000000,0.058
939027600000,0.062
939031200000,0.061
939034800000,0.056
939038400000,0.047
939042000000,0.037
939045600000,0.029
939049200000,0.02
939052800000,0.012
939056400000,0.008
939060000000,0.007
939063600000,0.009
939067200000,0.011
939070800000,0.013
939074400000,0.015
939078000000,0.028
939081600000,0.043
939085200000,0.052
939088800000,0.055
939092400000,0.054
939096000000,0.047
939099600000,0.039
939103200000,0.032
939106800000,0.028
939110400000,0.025
939114000000,0.031
939117600000,0.043
939121200000,0.055
939124800000,0.065
939128400000,0.071
939132000000,0.073
939135600000,0.064
939139200000,0.057
939142800000,0.051
939146400000,0.056
939150000000,0.072
939153600000,0.089
939157200000,0.102
939160800000,0.093
939164400000,0.092
939168000000,0.1
939171600000,0.117
939175200000,0.126
939178800000,0.12
939182400000,0.096
939186000000,0.072
939189600000,0.055
939193200000,0.045
939196800000,0.039
939200400000,0.04
939204000000,0.038
939207600000,0.037
939211200000,0.037
939214800000,0.031
939218400000,0.025
939222000000,0.019
939225600000,0.014
939229200000,0.011
939232800000,0.011
939236400000,0.011
939240000000,0.014
939243600000,0.024
939247200000,0.035
939250800000,0.058
939254400000,0.083
939258000000,0.107
939261600000,0.122
939265200000,0.111
939268800000,0.091
939272400000,0.086
939276000000,0.089
939279600000,0.089
939283200000,0.085
939286800000,0.104
939290400000,0.124
939294000000,0.12
939297600000,0.106
939301200000,0.087
939304800000,0.065
939308400000,0.041
939312000000,0.022
939315600000,0.014
939319200000,0.011
939322800000,0.01
939326400000,0.01
939330000000,0.014
939333600000,0.019
939337200000,0.031
939340800000,0.05
939344400000,0.067
939348000000,0.078
939351600000,0.077
939355200000,0.071
939358800000,0.061
939362400000,0.053
939366000000,0.049
939369600000,0.055
939373200000,0.067
939376800000,0.082
939380400000,0.093
939384000000,0.101
939387600000,0.099
939391200000,0.082
939394800000,0.055
939398400000,0.038
939402000000,0.03
939405600000,0.031
939409200000,0.038
939412800000,0.052
939416400000,0.063
939420000000,0.065
939423600000,0.095
939427200000,0.136
939430800000,0.165
939434400000,0.182
939438000000,0.199
939441600000,0.219
939445200000,0.241
939448800000,0.273
939452400000,0.305
939456000000,0.278
939459600000,0.197
939463200000,0.142
939466800000,0.101
939470400000,0.063
939474000000,0.035
939477600000,0.018
939481200000,0.013
939484800000,0.011
939488400000,0.01
939492000000,0.011
939495600000,0.014
939499200000,0.018
939502800000,0.025
939506400000,0.026
939510000000,0.032
939513600000,0.032
939517200000,0.034
939520800000,0.035
939524400000,0.034
939528000000,0.035
939531600000,0.04
939535200000,0.05
939538800000,0.061
939542400000,0.076
939546000000,0.094
939549600000,0.102
939553200000,0.097
939556800000,0.088
939560400000,0.08
939564000000,0.073
939567600000,0.067
939571200000,0.055
939574800000,0.038
939578400000,0.027
939582000000,0.025
939585600000,0.029
939589200000,0.04
939592800000,0.044
939596400000,0.05
939600000000,0.058
939603600000,0.078
939607200000,0.094
939610800000,0.09
939614400000,0.082
939618000000,0.08
939621600000,0.084
939625200000,0.092
939628800000,0.095
939632400000,0.093
939636000000,0.08
939639600000,0.068
939643200000,0.06
939646800000,0.053
939650400000,0.045
939654000000,0.041
939657600000,0.037
939661200000,0.035
939664800000,0.035
939668400000,0.033
939672000000,0.026
939675600000,0.021
939679200000,0.023
939682800000,0.044
939686400000,0.07
939690000000,0.095
939693600000,0.115
939697200000,0.128
939700800000,0.13
939704400000,0.124
939708000000,0.115
939711600000,0.114
939715200000,0.118
939718800000,0.129
939722400000,0.136
939726000000,0.134
939729600000,0.125
939733200000,0.117
939736800000,0.11
939740400000,0.101
939744000000,0.089
939747600000,0.08
939751200000,0.076
939754800000,0.079
939758400000,0.086
939762000000,0.084
939765600000,0.065
939769200000,0.091
939772800000,0.112
939776400000,0.125
939780000000,0.133
939783600000,0.135
939787200000,0.125
939790800000,0.109
939794400000,0.089
939798000000,0.07
939801600000,0.059
939805200000,0.066
939808800000,0.074
939812400000,0.073
939816000000,0.065
939819600000,0.054
939823200000,0.046
939826800000,0.035
939830400000,0.025
939834000000,0.021
939837600000,0.019
939841200000,0.021
939844800000,0.022
939848400000,0.022
939852000000,0.016
939855600000,0.021
939859200000,0.024
939862800000,0.025
939866400000,0.023
939870000000,0.019
939873600000,0.014
939877200000,0.011
939880800000,0.007
939884400000,0.005
939888000000,0.005
939891600000,0.011
939895200000,0.032
939898800000,0.048
939902400000,0.051
939906000000,0.052
939909600000,0.055
939913200000,0.054
939916800000,0.047
939920400000,0.041
939924000000,0.034
939927600000,0.026
939931200000,0.022
939934800000,0.028
939938400000,0.032
939942000000,0.041
939945600000,0.043
939949200000,0.039
939952800000,0.035
939956400000,0.024
939960000000,0.023
939963600000,0.032
939967200000,0.051
939970800000,0.104
939974400000,0.167
939978000000,0.227
939981600000,0.294
939985200000,0.343
939988800000,0.259
939992400000,0.179
939996000000,0.156
939999600000,0.11
940003200000,0.077
940006800000,0.056
940010400000,0.043
940014000000,0.037
940017600000,0.028
940021200000,0.018
940024800000,0.008
940028400000,0.005
940032000000,0.003
940035600000,0.002
940039200000,0.004
940042800000,0.006
940046400000,0.006
940050000000,0.006
940053600000,0.006
940057200000,0.006
940060800000,0.006
940064400000,0.006
940068000000,0.007
940071600000,0.005
940075200000,0.003
940078800000,0.002
940082400000,0.002
940086000000,0.001
940089600000,0.001
940093200000,0.001
940096800000,0.001
940100400000,0.002
940104000000,0.005
940107600000,0.01
940111200000,0.013
940114800000,0.02
940118400000,0.023
940122000000,0.024
940125600000,0.023
940129200000,0.022
940132800000,0.018
940136400000,0.015
940140000000,0.015
940143600000,0.019
940147200000,0.024
940150800000,0.031
940154400000,0.036
940158000000,0.035
940161600000,0.031
940165200000,0.025
940168800000,0.021
940172400000,0.019
940176000000,0.018
940179600000,0.02
940183200000,0.031
940186800000,0.051
940190400000,0.075
940194000000,0.08
940197600000,0.063
940201200000,0.066
940204800000,0.078
940208400000,0.087
940212000000,0.086
940215600000,0.087
940219200000,0.09
940222800000,0.088
940226400000,0.085
940230000000,0.082
940233600000,0.085
940237200000,0.1
940240800000,0.117
940244400000,0.131
940248000000,0.125
940251600000,0.105
940255200000,0.084
940258800000,0.063
940262400000,0.03
940266000000,0.011
940269600000,0.005
940273200000,0.002
940276800000,0.001
940280400000,0.002
940284000000,0.005
940287600000,0.014
940291200000,0.023
940294800000,0.034
940298400000,0.045
940302000000,0.05
940305600000,0.051
940309200000,0.05
940312800000,0.047
940316400000,0.041
940320000000,0.037
940323600000,0.045
940327200000,0.051
940330800000,0.053
940334400000,0.049
940338000000,0.04
940341600000,0.03
940345200000,0.016
940348800000,0.006
940352400000,0.002
940356000000,0.001
940359600000,0.0
940363200000,0.0
940366800000,0.0
940370400000,0.0
940374000000,0.001
940377600000,0.002
940381200000,0.005
940384800000,0.008
940388400000,0.009
940392000000,0.007
940395600000,0.007
940399200000,0.006
940402800000,0.006
940406400000,0.007
940410000000,0.008
940413600000,0.008
940417200000,0.006
940420800000,0.004
940424400000,0.001
940428000000,0.0
940431600000,0.0
940435200000,0.0
940438800000,0.0
940442400000,0.0
940446000000,0.0
940449600000,0.001
940453200000,0.002
940456800000,0.005
940460400000,0.005
940464000000,0.005
940467600000,0.002
940471200000,0.001
940474800000,0.001
940478400000,0.002
940482000000,0.01
940485600000,0.024
940489200000,0.036
940492800000,0.047
940496400000,0.059
940500000000,0.07
940503600000,0.071
940507200000,0.07
940510800000,0.07
940514400000,0.067
940518000000,0.058
940521600000,0.054
940525200000,0.053
940528800000,0.053
940532400000,0.053
940536000000,0.05
940539600000,0.055
940543200000,0.052
940546800000,0.046
940550400000,0.045
940554000000,0.043
940557600000,0.055
940561200000,0.068
940564800000,0.083
940568400000,0.099
940572000000,0.103
940575600000,0.09
940579200000,0.07
940582800000,0.054
940586400000,0.046
940590000000,0.041
940593600000,0.038
940597200000,0.036
940600800000,0.035
940604400000,0.04
940608000000,0.041
940611600000,0.037
940615200000,0.015
940618800000,0.002
940622400000,0.0
940626000000,0.0
940629600000,0.0
940633200000,0.0
940636800000,0.0
940640400000,0.001
940644000000,0.003
940647600000,0.005
940651200000,0.005
940654800000,0.004
940658400000,0.006
940662000000,0.008
940665600000,0.011
940669200000,0.017
940672800000,0.025
940676400000,0.034
940680000000,0.042
940683600000,0.042
940687200000,0.031
940690800000,0.013
940694400000,0.002
940698000000,0.0
940701600000,0.0
940705200000,0.0
940708800000,0.0
940712400000,0.0
940716000000,0.0
940719600000,0.003
940723200000,0.007
940726800000,0.011
940730400000,0.012
940734000000,0.008
940737600000,0.004
940741200000,0.002
940744800000,0.002
940748400000,0.002
940752000000,0.003
940755600000,0.003
940759200000,0.002
940762800000,0.001
940766400000,0.0
940770000000,0.0
940773600000,0.0
940777200000,0.0
940780800000,0.0
940784400000,0.0
940788000000,0.0
940791600000,0.0
940795200000,0.0
940798800000,0.0
940802400000,0.001
940806000000,0.003
940809600000,0.009
940813200000,0.018
940816800000,0.032
940820400000,0.058
940824000000,0.094
940827600000,0.136
940831200000,0.179
940834800000,0.199
940838400000,0.197
940842000000,0.194
940845600000,0.176
940849200000,0.092
940852800000,0.034
940856400000,0.022
940860000000,0.03
940863600000,0.036
940867200000,0.029
940870800000,0.019
940874400000,0.01
940878000000,0.004
940881600000,0.003
940885200000,0.004
940888800000,0.009
940892400000,0.018
940896000000,0.034
940899600000,0.05
940903200000,0.063
940906800000,0.063
940910400000,0.058
940914000000,0.055
940917600000,0.045
940921200000,0.028
940924800000,0.013
940928400000,0.004
940932000000,0.0
940935600000,0.0
940939200000,0.0
940942800000,0.0
940946400000,0.0
940950000000,0.0
940953600000,0.0
940957200000,0.0
940960800000,0.0
940964400000,0.0
940968000000,0.0
940971600000,0.0
940975200000,0.0
940978800000,0.0
940982400000,0.0
940986000000,0.0
940989600000,0.0
940993200000,0.0
940996800000,0.0
941000400000,0.0
941004000000,0.002
941007600000,0.006
941011200000,0.012
941014800000,0.027
941018400000,0.055
941022000000,0.078
941025600000,0.09
941029200000,0.093
941032800000,0.09
941036400000,0.077
941040000000,0.063
941043600000,0.054
941047200000,0.048
941050800000,0.04
941054400000,0.033
941058000000,0.025
941061600000,0.014
941065200000,0.012
941068800000,0.01
941072400000,0.007
941076000000,0.005
941079600000,0.003
941083200000,0.002
941086800000,0.001
941090400000,0.003
941094000000,0.004
941097600000,0.003
941101200000,0.006
941104800000,0.012
941108400000,0.018
941112000000,0.022
941115600000,0.026
941119200000,0.023
941122800000,0.018
941126400000,0.015
941130000000,0.013
941133600000,0.01
941137200000,0.009
941140800000,0.009
941144400000,0.022
941148000000,0.037
941151600000,0.067
941155200000,0.098
941158800000,0.124
941162400000,0.152
941166000000,0.156
941169600000,0.16
941173200000,0.172
941176800000,0.18
941180400000,0.176
941184000000,0.155
941187600000,0.134
941191200000,0.126
941194800000,0.114
941198400000,0.1
941202000000,0.088
941205600000,0.079
941209200000,0.078
941212800000,0.076
941216400000,0.071
941220000000,0.069
941223600000,0.054
941227200000,0.041
941230800000,0.034
941234400000,0.029
941238000000,0.039
941241600000,0.046
941245200000,0.045
941248800000,0.045
941252400000,0.057
941256000000,0.078
941259600000,0.097
941263200000,0.114
941266800000,0.124
941270400000,0.116
941274000000,0.107
941277600000,0.112
941281200000,0.119
941284800000,0.127
941288400000,0.138
941292000000,0.138
941295600000,0.105
941299200000,0.055
941302800000,0.031
941306400000,0.025
941310000000,0.021
941313600000,0.02
941317200000,0.022
941320800000,0.02
941324400000,0.024
941328000000,0.03
941331600000,0.034
941335200000,0.036
941338800000,0.036
941342400000,0.03
941346000000,0.021
941349600000,0.013
941353200000,0.009
941356800000,0.005
941360400000,0.003
941364000000,0.002
941367600000,0.002
941371200000,0.002
941374800000,0.001
941378400000,0.0
941382000000,0.0
941385600000,0.0
941389200000,0.0
941392800000,0.002
941396400000,0.011
941400000000,0.024
941403600000,0.035
941407200000,0.035
941410800000,0.032
941414400000,0.037
941418000000,0.042
941421600000,0.05
941425200000,0.05
941428800000,0.045
941432400000,0.041
941436000000,0.034
941439600000,0.024
941443200000,0.018
941446800000,0.01
941450400000,0.004
941454000000,0.001
941457600000,0.001
941461200000,0.0
941464800000,0.001
941468400000,0.005
941472000000,0.016
941475600000,0.026
941479200000,0.032
941482800000,0.033
941486400000,0.031
941490000000,0.031
941493600000,0.029
941497200000,0.039
941500800000,0.076
941504400000,0.101
941508000000,0.117
941511600000,0.099
941515200000,0.066
941518800000,0.038
941522400000,0.017
941526000000,0.005
941529600000,0.002
941533200000,0.001
941536800000,0.001
941540400000,0.004
941544000000,0.014
941547600000,0.031
941551200000,0.039
941554800000,0.043
941558400000,0.049
941562000000,0.058
941565600000,0.067
941569200000,0.069
941572800000,0.095
941576400000,0.115
941580000000,0.13
941583600000,0.213
941587200000,0.243
941590800000,0.235
941594400000,0.337
941598000000,0.406
941601600000,0.391
941605200000,0.323
941608800000,0.264
941612400000,0.203
941616000000,0.133
941619600000,0.076
941623200000,0.059
941626800000,0.068
941630400000,0.082
941634000000,0.1
941637600000,0.122
941641200000,0.1
941644800000,0.059
941648400000,0.038
941652000000,0.03
941655600000,0.04
941659200000,0.061
941662800000,0.082
941666400000,0.098
941670000000,0.096
941673600000,0.139
941677200000,0.175
941680800000,0.167
941684400000,0.137
941688000000,0.13
941691600000,0.14
941695200000,0.155
941698800000,0.16
941702400000,0.142
941706000000,0.122
941709600000,0.112
941713200000,0.097
941716800000,0.077
941720400000,0.058
941724000000,0.042
941727600000,0.035
941731200000,0.028
941734800000,0.023
941738400000,0.028
941742000000,0.038
941745600000,0.041
941749200000,0.041
941752800000,0.035
941756400000,0.038
941760000000,0.038
941763600000,0.024
941767200000,0.012
941770800000,0.008
941774400000,0.011
941778000000,0.02
941781600000,0.025
941785200000,0.025
941788800000,0.021
941792400000,0.021
941796000000,0.023
941799600000,0.026
941803200000,0.025
941806800000,0.024
941810400000,0.029
941814000000,0.023
941817600000,0.014
941821200000,0.006
941824800000,0.005
941828400000,0.007
941832000000,0.009
941835600000,0.008
941839200000,0.01
941842800000,0.029
941846400000,0.065
941850000000,0.104
941853600000,0.15
941857200000,0.131
941860800000,0.104
941864400000,0.117
941868000000,0.162
941871600000,0.152
941875200000,0.093
941878800000,0.055
941882400000,0.034
941886000000,0.025
941889600000,0.03
941893200000,0.028
941896800000,0.015
941900400000,0.007
941904000000,0.008
941907600000,0.014
941911200000,0.023
941914800000,0.038
941918400000,0.048
941922000000,0.065
941925600000,0.074
941929200000,0.065
941932800000,0.068
941936400000,0.067
941940000000,0.066
941943600000,0.053
941947200000,0.034
941950800000,0.021
941954400000,0.011
941958000000,0.004
941961600000,0.004
941965200000,0.018
941968800000,0.065
941972400000,0.101
941976000000,0.099
941979600000,0.1
941983200000,0.127
941986800000,0.15
941990400000,0.169
941994000000,0.177
941997600000,0.169
942001200000,0.152
942004800000,0.137
942008400000,0.133
942012000000,0.115
942015600000,0.123
942019200000,0.141
942022800000,0.142
942026400000,0.147
942030000000,0.155
942033600000,0.157
942037200000,0.161
942040800000,0.161
942044400000,0.144
942048000000,0.122
942051600000,0.117
942055200000,0.131
942058800000,0.147
942062400000,0.147
942066000000,0.152
942069600000,0.156
942073200000,0.159
942076800000,0.158
942080400000,0.158
942084000000,0.156
942087600000,0.146
942091200000,0.131
942094800000,0.121
942098400000,0.108
942102000000,0.132
942105600000,0.191
942109200000,0.247
942112800000,0.29
942116400000,0.31
942120000000,0.313
942123600000,0.32
942127200000,0.316
942130800000,0.291
942134400000,0.231
942138000000,0.171
942141600000,0.134
942145200000,0.113
942148800000,0.11
942152400000,0.121
942156000000,0.138
942159600000,0.168
942163200000,0.196
942166800000,0.225
942170400000,0.224
942174000000,0.201
942177600000,0.171
942181200000,0.138
942184800000,0.101
942188400000,0.123
942192000000,0.167
942195600000,0.194
942199200000,0.233
942202800000,0.304
942206400000,0.384
942210000000,0.416
942213600000,0.384
942217200000,0.311
942220800000,0.232
942224400000,0.199
942228000000,0.177
942231600000,0.159
942235200000,0.154
942238800000,0.166
942242400000,0.194
942246000000,0.201
942249600000,0.192
942253200000,0.182
942256800000,0.167
942260400000,0.144
942264000000,0.122
942267600000,0.114
942271200000,0.094
942274800000,0.114
942278400000,0.139
942282000000,0.169
942285600000,0.212
942289200000,0.247
942292800000,0.261
942296400000,0.256
942300000000,0.248
942303600000,0.217
942307200000,0.176
942310800000,0.144
942314400000,0.126
942318000000,0.12
942321600000,0.124
942325200000,0.134
942328800000,0.135
942332400000,0.121
942336000000,0.113
942339600000,0.12
942343200000,0.128
942346800000,0.13
942350400000,0.125
942354000000,0.119
942357600000,0.101
942361200000,0.088
942364800000,0.084
942368400000,0.067
942372000000,0.053
942375600000,0.054
942379200000,0.059
942382800000,0.064
942386400000,0.068
942390000000,0.068
942393600000,0.06
942397200000,0.048
942400800000,0.046
942404400000,0.044
942408000000,0.048
942411600000,0.058
942415200000,0.069
942418800000,0.078
942422400000,0.085
942426000000,0.09
942429600000,0.09
942433200000,0.088
942436800000,0.079
942440400000,0.072
942444000000,0.052
942447600000,0.058
942451200000,0.068
942454800000,0.07
942458400000,0.073
942462000000,0.069
942465600000,0.064
942469200000,0.058
942472800000,0.048
942476400000,0.041
942480000000,0.033
942483600000,0.019
942487200000,0.007
942490800000,0.002
942494400000,0.002
942498000000,0.002
942501600000,0.003
942505200000,0.005
942508800000,0.007
942512400000,0.009
942516000000,0.009
942519600000,0.006
942523200000,0.002
942526800000,0.001
942530400000,0.0
942534000000,0.0
942537600000,0.0
942541200000,0.0
942544800000,0.0
942548400000,0.001
942552000000,0.001
942555600000,0.001
942559200000,0.001
942562800000,0.001
942566400000,0.0
942570000000,0.001
942573600000,0.005
942577200000,0.01
942580800000,0.012
942584400000,0.012
942588000000,0.011
942591600000,0.009
942595200000,0.009
942598800000,0.008
942602400000,0.006
942606000000,0.005
942609600000,0.004
942613200000,0.004
942616800000,0.004
942620400000,0.003
942624000000,0.002
942627600000,0.003
942631200000,0.004
942634800000,0.005
942638400000,0.004
942642000000,0.004
942645600000,0.005
942649200000,0.006
942652800000,0.008
942656400000,0.009
942660000000,0.006
942663600000,0.003
942667200000,0.001
942670800000,0.0
942674400000,0.0
942678000000,0.0
942681600000,0.0
942685200000,0.0
942688800000,0.0
942692400000,0.0
942696000000,0.002
942699600000,0.004
942703200000,0.006
942706800000,0.008
942710400000,0.013
942714000000,0.015
942717600000,0.011
942721200000,0.007
942724800000,0.005
942728400000,0.004
942732000000,0.006
942735600000,0.014
942739200000,0.029
942742800000,0.054
942746400000,0.083
942750000000,0.106
942753600000,0.125
942757200000,0.134
942760800000,0.137
942764400000,0.132
942768000000,0.115
942771600000,0.103
942775200000,0.096
942778800000,0.094
942782400000,0.083
942786000000,0.085
942789600000,0.087
942793200000,0.095
942796800000,0.123
942800400000,0.126
942804000000,0.13
942807600000,0.112
942811200000,0.084
942814800000,0.067
942818400000,0.05
942822000000,0.031
942825600000,0.02
942829200000,0.019
942832800000,0.017
942836400000,0.012
942840000000,0.007
942843600000,0.004
942847200000,0.002
942850800000,0.001
942854400000,0.001
942858000000,0.001
942861600000,0.001
942865200000,0.002
942868800000,0.003
942872400000,0.002
942876000000,0.001
942879600000,0.001
942883200000,0.003
942886800000,0.006
942890400000,0.01
942894000000,0.011
942897600000,0.011
942901200000,0.011
942904800000,0.011
942908400000,0.013
942912000000,0.015
942915600000,0.018
942919200000,0.019
942922800000,0.021
942926400000,0.023
942930000000,0.026
942933600000,0.03
942937200000,0.025
942940800000,0.011
942944400000,0.003
942948000000,0.001
942951600000,0.001
942955200000,0.001
942958800000,0.001
942962400000,0.002
942966000000,0.006
942969600000,0.019
942973200000,0.027
942976800000,0.023
942980400000,0.009
942984000000,0.004
942987600000,0.003
942991200000,0.003
942994800000,0.005
942998400000,0.008
943002000000,0.012
943005600000,0.016
943009200000,0.028
943012800000,0.049
943016400000,0.068
943020000000,0.074
943023600000,0.062
943027200000,0.043
943030800000,0.025
943034400000,0.011
943038000000,0.005
943041600000,0.004
943045200000,0.003
943048800000,0.003
943052400000,0.008
943056000000,0.008
943059600000,0.005
943063200000,0.002
943066800000,0.001
943070400000,0.001
943074000000,0.001
943077600000,0.001
943081200000,0.002
943084800000,0.004
943088400000,0.008
943092000000,0.015
943095600000,0.025
943099200000,0.031
943102800000,0.035
943106400000,0.039
943110000000,0.041
943113600000,0.039
943117200000,0.044
943120800000,0.049
943124400000,0.049
943128000000,0.046
943131600000,0.036
943135200000,0.021
943138800000,0.029
943142400000,0.032
943146000000,0.028
943149600000,0.019
943153200000,0.014
943156800000,0.015
943160400000,0.019
943164000000,0.024
943167600000,0.025
943171200000,0.02
943174800000,0.016
943178400000,0.011
943182000000,0.01
943185600000,0.015
943189200000,0.02
943192800000,0.02
943196400000,0.015
943200000000,0.009
943203600000,0.007
943207200000,0.008
943210800000,0.011
943214400000,0.019
943218000000,0.047
943221600000,0.078
943225200000,0.107
943228800000,0.151
943232400000,0.184
943236000000,0.203
943239600000,0.187
943243200000,0.149
943246800000,0.111
943250400000,0.073
943254000000,0.048
943257600000,0.035
943261200000,0.029
943264800000,0.029
943268400000,0.031
943272000000,0.031
943275600000,0.027
943279200000,0.025
943282800000,0.022
943286400000,0.021
943290000000,0.024
943293600000,0.029
943297200000,0.039
943300800000,0.053
943304400000,0.06
943308000000,0.058
943311600000,0.068
943315200000,0.082
943318800000,0.096
943322400000,0.107
943326000000,0.123
943329600000,0.136
943333200000,0.146
943336800000,0.155
943340400000,0.161
943344000000,0.162
943347600000,0.153
943351200000,0.144
943354800000,0.131
943358400000,0.109
943362000000,0.079
943365600000,0.054
943369200000,0.041
943372800000,0.037
943376400000,0.034
943380000000,0.032
943383600000,0.029
943387200000,0.026
943390800000,0.021
943394400000,0.02
943398000000,0.039
943401600000,0.053
943405200000,0.057
943408800000,0.053
943412400000,0.041
943416000000,0.03
943419600000,0.022
943423200000,0.016
943426800000,0.011
943430400000,0.007
943434000000,0.008
943437600000,0.012
943441200000,0.016
943444800000,0.018
943448400000,0.017
943452000000,0.014
943455600000,0.012
943459200000,0.01
943462800000,0.009
943466400000,0.012
943470000000,0.019
943473600000,0.028
943477200000,0.034
943480800000,0.028
943484400000,0.029
943488000000,0.036
943491600000,0.034
943495200000,0.027
943498800000,0.02
943502400000,0.013
943506000000,0.011
943509600000,0.011
943513200000,0.012
943516800000,0.017
943520400000,0.021
943524000000,0.02
943527600000,0.017
943531200000,0.013
943534800000,0.009
943538400000,0.005
943542000000,0.005
943545600000,0.006
943549200000,0.007
943552800000,0.006
943556400000,0.002
943560000000,0.001
943563600000,0.002
943567200000,0.006
943570800000,0.011
943574400000,0.014
943578000000,0.015
943581600000,0.015
943585200000,0.01
943588800000,0.005
943592400000,0.004
943596000000,0.005
943599600000,0.004
943603200000,0.003
943606800000,0.003
943610400000,0.003
943614000000,0.002
943617600000,0.002
943621200000,0.001
943624800000,0.002
943628400000,0.004
943632000000,0.009
943635600000,0.02
943639200000,0.029
943642800000,0.029
943646400000,0.024
943650000000,0.015
943653600000,0.008
943657200000,0.015
943660800000,0.022
943664400000,0.02
943668000000,0.017
943671600000,0.015
943675200000,0.013
943678800000,0.012
943682400000,0.015
943686000000,0.019
943689600000,0.021
943693200000,0.017
943696800000,0.009
943700400000,0.004
943704000000,0.001
943707600000,0.001
943711200000,0.001
943714800000,0.002
943718400000,0.002
943722000000,0.003
943725600000,0.001
943729200000,0.0
943732800000,0.0
943736400000,0.0
943740000000,0.0
943743600000,0.0
943747200000,0.0
943750800000,0.0
943754400000,0.0
943758000000,0.0
943761600000,0.0
943765200000,0.0
943768800000,0.002
943772400000,0.01
943776000000,0.029
943779600000,0.057
943783200000,0.085
943786800000,0.097
943790400000,0.097
943794000000,0.093
943797600000,0.08
943801200000,0.068
943804800000,0.055
943808400000,0.039
943812000000,0.026
943815600000,0.019
943819200000,0.015
943822800000,0.014
943826400000,0.009
943830000000,0.007
943833600000,0.01
943837200000,0.02
943840800000,0.028
943844400000,0.019
943848000000,0.019
943851600000,0.025
943855200000,0.027
943858800000,0.025
943862400000,0.018
943866000000,0.015
943869600000,0.015
943873200000,0.017
943876800000,0.022
943880400000,0.028
943884000000,0.035
943887600000,0.039
943891200000,0.039
943894800000,0.037
943898400000,0.032
943902000000,0.027
943905600000,0.025
943909200000,0.022
943912800000,0.019
943916400000,0.028
943920000000,0.041
943923600000,0.049
943927200000,0.054
943930800000,0.057
943934400000,0.054
943938000000,0.05
943941600000,0.049
943945200000,0.053
943948800000,0.058
943952400000,0.059
943956000000,0.056
943959600000,0.05
943963200000,0.045
943966800000,0.038
943970400000,0.033
943974000000,0.031
943977600000,0.034
943981200000,0.041
943984800000,0.051
943988400000,0.064
943992000000,0.069
943995600000,0.066
943999200000,0.054
944002800000,0.067
944006400000,0.099
944010000000,0.101
944013600000,0.074
944017200000,0.045
944020800000,0.029
944024400000,0.024
944028000000,0.028
944031600000,0.036
944035200000,0.044
944038800000,0.057
944042400000,0.068
944046000000,0.071
944049600000,0.068
944053200000,0.061
944056800000,0.062
944060400000,0.058
944064000000,0.045
944067600000,0.036
944071200000,0.033
944074800000,0.034
944078400000,0.035
944082000000,0.039
944085600000,0.043
944089200000,0.072
944092800000,0.11
944096400000,0.122
944100000000,0.131
944103600000,0.127
944107200000,0.122
944110800000,0.106
944114400000,0.091
944118000000,0.082
944121600000,0.076
944125200000,0.071
944128800000,0.068
944132400000,0.068
944136000000,0.075
944139600000,0.085
944143200000,0.091
944146800000,0.082
944150400000,0.064
944154000000,0.049
944157600000,0.041
944161200000,0.05
944164800000,0.084
944168400000,0.118
944172000000,0.177
944175600000,0.254
944179200000,0.343
944182800000,0.395
944186400000,0.4
944190000000,0.404
944193600000,0.43
944197200000,0.436
944200800000,0.403
944204400000,0.332
944208000000,0.285
944211600000,0.309
944215200000,0.317
944218800000,0.284
944222400000,0.233
944226000000,0.149
944229600000,0.102
944233200000,0.081
944236800000,0.068
944240400000,0.062
944244000000,0.076
944247600000,0.095
944251200000,0.112
944254800000,0.12
944258400000,0.106
944262000000,0.179
944265600000,0.229
944269200000,0.215
944272800000,0.187
944276400000,0.163
944280000000,0.146
944283600000,0.134
944287200000,0.128
944290800000,0.121
944294400000,0.108
944298000000,0.106
944301600000,0.106
944305200000,0.101
944308800000,0.096
944312400000,0.093
944316000000,0.092
944319600000,0.096
944323200000,0.095
944326800000,0.088
944330400000,0.071
944334000000,0.053
944337600000,0.037
944341200000,0.023
944344800000,0.011
944348400000,0.03
944352000000,0.074
944355600000,0.113
944359200000,0.14
944362800000,0.135
944366400000,0.101
944370000000,0.063
944373600000,0.038
944377200000,0.02
944380800000,0.01
944384400000,0.003
944388000000,0.001
944391600000,0.001
944395200000,0.004
944398800000,0.017
944402400000,0.033
944406000000,0.047
944409600000,0.058
944413200000,0.069
944416800000,0.071
944420400000,0.071
944424000000,0.076
944427600000,0.079
944431200000,0.063
944434800000,0.041
944438400000,0.027
944442000000,0.014
944445600000,0.005
944449200000,0.001
944452800000,0.0
944456400000,0.001
944460000000,0.005
944463600000,0.021
944467200000,0.065
944470800000,0.131
944474400000,0.204
944478000000,0.268
944481600000,0.305
944485200000,0.3
944488800000,0.264
944492400000,0.234
944496000000,0.186
944499600000,0.149
944503200000,0.121
944506800000,0.112
944510400000,0.126
944514000000,0.136
944517600000,0.128
944521200000,0.132
944524800000,0.148
944528400000,0.145
944532000000,0.144
944535600000,0.155
944539200000,0.167
944542800000,0.172
944546400000,0.163
944550000000,0.142
944553600000,0.121
944557200000,0.1
944560800000,0.089
944564400000,0.075
944568000000,0.066
944571600000,0.062
944575200000,0.055
944578800000,0.046
944582400000,0.044
944586000000,0.048
944589600000,0.047
944593200000,0.04
944596800000,0.03
944600400000,0.029
944604000000,0.022
944607600000,0.025
944611200000,0.035
944614800000,0.039
944618400000,0.045
944622000000,0.049
944625600000,0.051
944629200000,0.048
944632800000,0.046
944636400000,0.044
944640000000,0.041
944643600000,0.035
944647200000,0.029
944650800000,0.022
944654400000,0.018
944658000000,0.017
944661600000,0.019
944665200000,0.024
944668800000,0.022
944672400000,0.019
944676000000,0.019
944679600000,0.025
944683200000,0.033
944686800000,0.039
944690400000,0.044
944694000000,0.057
944697600000,0.07
944701200000,0.064
944704800000,0.055
944708400000,0.046
944712000000,0.041
944715600000,0.036
944719200000,0.033
944722800000,0.033
944726400000,0.037
944730000000,0.048
944733600000,0.054
944737200000,0.054
944740800000,0.045
944744400000,0.032
944748000000,0.024
944751600000,0.018
944755200000,0.012
944758800000,0.008
944762400000,0.007
944766000000,0.007
944769600000,0.007
944773200000,0.004
944776800000,0.005
944780400000,0.002
944784000000,0.002
944787600000,0.001
944791200000,0.0
944794800000,0.0
944798400000,0.0
944802000000,0.003
944805600000,0.007
944809200000,0.011
944812800000,0.016
944816400000,0.021
944820000000,0.029
944823600000,0.038
944827200000,0.038
944830800000,0.027
944834400000,0.022
944838000000,0.02
944841600000,0.015
944845200000,0.008
944848800000,0.006
944852400000,0.012
944856000000,0.025
944859600000,0.025
944863200000,0.012
944866800000,0.006
944870400000,0.004
944874000000,0.002
944877600000,0.001
944881200000,0.0
944884800000,0.001
944888400000,0.006
944892000000,0.026
944895600000,0.048
944899200000,0.053
944902800000,0.035
944906400000,0.013
944910000000,0.004
944913600000,0.003
944917200000,0.005
944920800000,0.005
944924400000,0.006
944928000000,0.006
944931600000,0.004
944935200000,0.004
944938800000,0.005
944942400000,0.008
944946000000,0.008
944949600000,0.005
944953200000,0.006
944956800000,0.012
944960400000,0.014
944964000000,0.015
944967600000,0.015
944971200000,0.012
944974800000,0.009
944978400000,0.008
944982000000,0.012
944985600000,0.031
944989200000,0.066
944992800000,0.1
944996400000,0.12
945000000000,0.13
945003600000,0.137
945007200000,0.158
945010800000,0.179
945014400000,0.181
945018000000,0.158
945021600000,0.146
945025200000,0.146
945028800000,0.153
945032400000,0.128
945036000000,0.088
945039600000,0.07
945043200000,0.082
945046800000,0.083
945050400000,0.073
945054000000,0.087
945057600000,0.109
945061200000,0.119
945064800000,0.113
945068400000,0.101
945072000000,0.082
945075600000,0.064
945079200000,0.042
945082800000,0.028
945086400000,0.022
945090000000,0.022
945093600000,0.03
945097200000,0.046
945100800000,0.071
945104400000,0.1
945108000000,0.115
945111600000,0.13
945115200000,0.165
945118800000,0.18
945122400000,0.154
945126000000,0.169
945129600000,0.186
945133200000,0.18
945136800000,0.168
945140400000,0.166
945144000000,0.166
945147600000,0.167
945151200000,0.178
945154800000,0.191
945158400000,0.189
945162000000,0.179
945165600000,0.175
945169200000,0.167
945172800000,0.155
945176400000,0.138
945180000000,0.121
945183600000,0.113
945187200000,0.108
945190800000,0.111
945194400000,0.116
945198000000,0.117
945201600000,0.123
945205200000,0.112
945208800000,0.085
945212400000,0.08
945216000000,0.078
945219600000,0.068
945223200000,0.053
945226800000,0.044
945230400000,0.037
945234000000,0.034
945237600000,0.035
945241200000,0.044
945244800000,0.059
945248400000,0.085
945252000000,0.115
945255600000,0.124
945259200000,0.113
945262800000,0.104
945266400000,0.106
945270000000,0.106
945273600000,0.092
945277200000,0.068
945280800000,0.049
945284400000,0.031
945288000000,0.014
945291600000,0.011
945295200000,0.021
945298800000,0.049
945302400000,0.05
945306000000,0.036
945309600000,0.031
945313200000,0.023
945316800000,0.018
945320400000,0.019
945324000000,0.023
945327600000,0.027
945331200000,0.036
945334800000,0.063
945338400000,0.094
945342000000,0.124
945345600000,0.145
945349200000,0.154
945352800000,0.153
945356400000,0.143
945360000000,0.135
945363600000,0.136
945367200000,0.118
945370800000,0.108
945374400000,0.103
945378000000,0.098
945381600000,0.088
945385200000,0.101
945388800000,0.104
945392400000,0.106
945396000000,0.106
945399600000,0.092
945403200000,0.071
945406800000,0.051
945410400000,0.034
945414000000,0.021
945417600000,0.013
945421200000,0.014
945424800000,0.016
945428400000,0.019
945432000000,0.023
945435600000,0.02
945439200000,0.017
945442800000,0.013
945446400000,0.012
945450000000,0.011
945453600000,0.01
945457200000,0.011
945460800000,0.012
945464400000,0.01
945468000000,0.006
945471600000,0.004
945475200000,0.002
945478800000,0.001
945482400000,0.001
945486000000,0.001
945489600000,0.002
945493200000,0.004
945496800000,0.007
945500400000,0.011
945504000000,0.014
945507600000,0.017
945511200000,0.017
945514800000,0.015
945518400000,0.013
945522000000,0.012
945525600000,0.012
945529200000,0.013
945532800000,0.013
945536400000,0.013
945540000000,0.015
945543600000,0.014
945547200000,0.012
945550800000,0.012
945554400000,0.01
945558000000,0.007
945561600000,0.006
945565200000,0.007
945568800000,0.01
945572400000,0.013
945576000000,0.019
945579600000,0.031
945583200000,0.045
945586800000,0.056
945590400000,0.061
945594000000,0.077
945597600000,0.085
945601200000,0.085
945604800000,0.087
945608400000,0.093
945612000000,0.09
945615600000,0.084
945619200000,0.072
945622800000,0.06
945626400000,0.049
945630000000,0.039
945633600000,0.025
945637200000,0.011
945640800000,0.006
945644400000,0.009
945648000000,0.01
945651600000,0.01
945655200000,0.009
945658800000,0.009
945662400000,0.011
945666000000,0.014
945669600000,0.021
945673200000,0.027
945676800000,0.03
945680400000,0.034
945684000000,0.033
945687600000,0.026
945691200000,0.023
945694800000,0.028
945698400000,0.036
945702000000,0.037
945705600000,0.037
945709200000,0.041
945712800000,0.044
945716400000,0.042
945720000000,0.038
945723600000,0.031
945727200000,0.022
945730800000,0.015
945734400000,0.013
945738000000,0.01
945741600000,0.006
945745200000,0.002
945748800000,0.001
945752400000,0.0
945756000000,0.001
945759600000,0.008
945763200000,0.037
945766800000,0.068
945770400000,0.077
945774000000,0.087
945777600000,0.107
945781200000,0.11
945784800000,0.086
945788400000,0.046
945792000000,0.019
945795600000,0.009
945799200000,0.008
945802800000,0.007
945806400000,0.005
945810000000,0.002
945813600000,0.001
945817200000,0.0
945820800000,0.0
945824400000,0.0
945828000000,0.0
945831600000,0.0
945835200000,0.0
945838800000,0.005
945842400000,0.009
945846000000,0.01
945849600000,0.011
945853200000,0.01
945856800000,0.006
945860400000,0.004
945864000000,0.004
945867600000,0.003
945871200000,0.003
945874800000,0.002
945878400000,0.001
945882000000,0.001
945885600000,0.001
945889200000,0.002
945892800000,0.004
945896400000,0.009
945900000000,0.016
945903600000,0.039
945907200000,0.082
945910800000,0.114
945914400000,0.139
945918000000,0.149
945921600000,0.154
945925200000,0.161
945928800000,0.157
945932400000,0.13
945936000000,0.101
945939600000,0.074
945943200000,0.065
945946800000,0.062
945950400000,0.068
945954000000,0.08
945957600000,0.093
945961200000,0.094
945964800000,0.084
945968400000,0.061
945972000000,0.051
945975600000,0.063
945979200000,0.093
945982800000,0.132
945986400000,0.16
945990000000,0.248
945993600000,0.371
945997200000,0.468
946000800000,0.522
946004400000,0.494
946008000000,0.424
946011600000,0.333
946015200000,0.253
946018800000,0.186
946022400000,0.127
946026000000,0.095
946029600000,0.091
946033200000,0.089
946036800000,0.084
946040400000,0.08
946044000000,0.067
946047600000,0.061
946051200000,0.063
946054800000,0.071
946058400000,0.083
946062000000,0.097
946065600000,0.108
946069200000,0.105
946072800000,0.092
946076400000,0.12
946080000000,0.158
946083600000,0.179
946087200000,0.198
946090800000,0.213
946094400000,0.22
946098000000,0.21
946101600000,0.188
946105200000,0.156
946108800000,0.122
946112400000,0.101
946116000000,0.097
946119600000,0.094
946123200000,0.082
946126800000,0.068
946130400000,0.05
946134000000,0.032
946137600000,0.02
946141200000,0.013
946144800000,0.01
946148400000,0.012
946152000000,0.015
946155600000,0.017
946159200000,0.019
946162800000,0.035
946166400000,0.055
946170000000,0.068
946173600000,0.085
946177200000,0.102
946180800000,0.117
946184400000,0.125
946188000000,0.133
946191600000,0.134
946195200000,0.122
946198800000,0.108
946202400000,0.098
946206000000,0.091
946209600000,0.09
946213200000,0.085
946216800000,0.075
946220400000,0.067
946224000000,0.058
946227600000,0.055
946231200000,0.059
946234800000,0.078
946238400000,0.095
946242000000,0.103
946245600000,0.104
946249200000,0.107
946252800000,0.118
946256400000,0.122
946260000000,0.158
946263600000,0.204
946267200000,0.236
946270800000,0.228
946274400000,0.2
946278000000,0.17
946281600000,0.155
946285200000,0.151
946288800000,0.142
946292400000,0.117
946296000000,0.088
946299600000,0.07
946303200000,0.061
946306800000,0.047
946310400000,0.034
946314000000,0.022
946317600000,0.016
946321200000,0.018
946324800000,0.028
946328400000,0.066
946332000000,0.12
946335600000,0.152
946339200000,0.196
946342800000,0.227
946346400000,0.264
946350000000,0.276
946353600000,0.263
946357200000,0.225
946360800000,0.182
946364400000,0.134
946368000000,0.096
946371600000,0.092
946375200000,0.094
946378800000,0.092
946382400000,0.09
946386000000,0.095
946389600000,0.085
946393200000,0.084
946396800000,0.074
946400400000,0.062
946404000000,0.057
946407600000,0.057
946411200000,0.054
946414800000,0.055
946418400000,0.052
946422000000,0.061
946425600000,0.101
946429200000,0.14
946432800000,0.141
946436400000,0.124
946440000000,0.105
946443600000,0.102
946447200000,0.105
946450800000,0.103
946454400000,0.112
946458000000,0.162
946461600000,0.177
946465200000,0.144
946468800000,0.134
946472400000,0.196
946476000000,0.22
946479600000,0.192
946483200000,0.161
946486800000,0.15
946490400000,0.116
946494000000,0.093
946497600000,0.09
946501200000,0.104
946504800000,0.12
946508400000,0.188
946512000000,0.274
946515600000,0.337
946519200000,0.369
946522800000,0.365
946526400000,0.337
946530000000,0.294
946533600000,0.251
946537200000,0.23
946540800000,0.194
946544400000,0.181
946548000000,0.192
946551600000,0.185
946555200000,0.178
946558800000,0.176
946562400000,0.144
946566000000,0.119
946569600000,0.102
946573200000,0.097
946576800000,0.1
946580400000,0.115
946584000000,0.14
946587600000,0.167
946591200000,0.189
946594800000,0.266
946598400000,0.498
946602000000,0.622
946605600000,0.657
946609200000,0.652
946612800000,0.63
946616400000,0.601
946620000000,0.578
946623600000,0.498
946627200000,0.358
946630800000,0.28
946634400000,0.299
946638000000,0.298
946641600000,0.259
946645200000,0.22
946648800000,0.183
946652400000,0.153
946656000000,0.134
946659600000,0.123
946663200000,0.121
946666800000,0.148
946670400000,0.148
946674000000,0.163
946677600000,0.179
946681200000,0.201
