,Mn2
1420070400000,0.006
1420074000000,0.006
1420077600000,0.005
1420081200000,0.007
1420084800000,0.014
1420088400000,0.023
1420092000000,0.035
1420095600000,0.051
1420099200000,0.08
1420102800000,0.095
1420106400000,0.123
1420110000000,0.144
1420113600000,0.179
1420117200000,0.219
1420120800000,0.263
1420124400000,0.3
1420128000000,0.34
1420131600000,0.397
1420135200000,0.423
1420138800000,0.446
1420142400000,0.432
1420146000000,0.41
1420149600000,0.394
1420153200000,0.42
1420156800000,0.592
1420160400000,0.626
1420164000000,0.623
1420167600000,0.601
1420171200000,0.57
1420174800000,0.552
1420178400000,0.533
1420182000000,0.475
1420185600000,0.337
1420189200000,0.274
1420192800000,0.279
1420196400000,0.279
1420200000000,0.28
1420203600000,0.334
1420207200000,0.396
1420210800000,0.388
1420214400000,0.365
1420218000000,0.332
1420221600000,0.285
1420225200000,0.253
1420228800000,0.231
1420232400000,0.215
1420236000000,0.199
1420239600000,0.177
1420243200000,0.3
1420246800000,0.357
1420250400000,0.364
1420254000000,0.352
1420257600000,0.337
1420261200000,0.317
1420264800000,0.302
1420268400000,0.282
1420272000000,0.225
1420275600000,0.19
1420279200000,0.176
1420282800000,0.184
1420286400000,0.209
1420290000000,0.265
1420293600000,0.323
1420297200000,0.393
1420300800000,0.442
1420304400000,0.434
1420308000000,0.417
1420311600000,0.405
1420315200000,0.368
1420318800000,0.333
1420322400000,0.277
1420326000000,0.311
1420329600000,0.41
1420333200000,0.422
1420336800000,0.398
1420340400000,0.391
1420344000000,0.405
1420347600000,0.406
1420351200000,0.394
1420354800000,0.362
1420358400000,0.261
1420362000000,0.201
1420365600000,0.193
1420369200000,0.209
1420372800000,0.231
1420376400000,0.271
1420380000000,0.318
1420383600000,0.319
1420387200000,0.355
1420390800000,0.341
1420394400000,0.302
1420398000000,0.272
1420401600000,0.272
1420405200000,0.279
1420408800000,0.237
1420412400000,0.154
1420416000000,0.161
1420419600000,0.204
1420423200000,0.249
1420426800000,0.28
1420430400000,0.335
1420434000000,0.399
1420437600000,0.379
1420441200000,0.302
1420444800000,0.251
1420448400000,0.248
1420452000000,0.223
1420455600000,0.185
1420459200000,0.212
1420462800000,0.248
1420466400000,0.27
1420470000000,0.316
1420473600000,0.391
1420477200000,0.43
1420480800000,0.444
1420484400000,0.467
1420488000000,0.44
1420491600000,0.382
1420495200000,0.307
1420498800000,0.257
1420502400000,0.413
1420506000000,0.547
1420509600000,0.604
1420513200000,0.623
1420516800000,0.626
1420520400000,0.622
1420524000000,0.627
1420527600000,0.602
1420531200000,0.474
1420534800000,0.399
1420538400000,0.432
1420542000000,0.47
1420545600000,0.494
1420549200000,0.484
1420552800000,0.476
1420556400000,0.487
1420560000000,0.491
1420563600000,0.511
1420567200000,0.556
1420570800000,0.579
1420574400000,0.591
1420578000000,0.574
1420581600000,0.548
1420585200000,0.562
1420588800000,0.687
1420592400000,0.72
1420596000000,0.718
1420599600000,0.707
1420603200000,0.7
1420606800000,0.695
1420610400000,0.694
1420614000000,0.675
1420617600000,0.566
1420621200000,0.477
1420624800000,0.471
1420628400000,0.449
1420632000000,0.41
1420635600000,0.437
1420639200000,0.416
1420642800000,0.438
1420646400000,0.445
1420650000000,0.495
1420653600000,0.598
1420657200000,0.688
1420660800000,0.729
1420664400000,0.729
1420668000000,0.702
1420671600000,0.684
1420675200000,0.739
1420678800000,0.758
1420682400000,0.748
1420686000000,0.737
1420689600000,0.739
1420693200000,0.738
1420696800000,0.726
1420700400000,0.681
1420704000000,0.544
1420707600000,0.481
1420711200000,0.535
1420714800000,0.607
1420718400000,0.674
1420722000000,0.718
1420725600000,0.715
1420729200000,0.676
1420732800000,0.652
1420736400000,0.63
1420740000000,0.61
1420743600000,0.592
1420747200000,0.596
1420750800000,0.592
1420754400000,0.61
1420758000000,0.648
1420761600000,0.768
1420765200000,0.8
1420768800000,0.79
1420772400000,0.768
1420776000000,0.739
1420779600000,0.698
1420783200000,0.642
1420786800000,0.549
1420790400000,0.479
1420794000000,0.469
1420797600000,0.488
1420801200000,0.525
1420804800000,0.599
1420808400000,0.636
1420812000000,0.633
1420815600000,0.68
1420819200000,0.718
1420822800000,0.728
1420826400000,0.748
1420830000000,0.756
1420833600000,0.759
1420837200000,0.752
1420840800000,0.73
1420844400000,0.746
1420848000000,0.837
1420851600000,0.853
1420855200000,0.841
1420858800000,0.823
1420862400000,0.801
1420866000000,0.776
1420869600000,0.745
1420873200000,0.69
1420876800000,0.615
1420880400000,0.557
1420884000000,0.519
1420887600000,0.502
1420891200000,0.471
1420894800000,0.437
1420898400000,0.427
1420902000000,0.413
1420905600000,0.416
1420909200000,0.425
1420912800000,0.43
1420916400000,0.459
1420920000000,0.456
1420923600000,0.449
1420927200000,0.43
1420930800000,0.499
1420934400000,0.621
1420938000000,0.614
1420941600000,0.576
1420945200000,0.498
1420948800000,0.41
1420952400000,0.337
1420956000000,0.285
1420959600000,0.253
1420963200000,0.225
1420966800000,0.238
1420970400000,0.286
1420974000000,0.291
1420977600000,0.265
1420981200000,0.25
1420984800000,0.251
1420988400000,0.227
1420992000000,0.197
1420995600000,0.215
1420999200000,0.269
1421002800000,0.331
1421006400000,0.347
1421010000000,0.355
1421013600000,0.311
1421017200000,0.352
1421020800000,0.467
1421024400000,0.472
1421028000000,0.484
1421031600000,0.514
1421035200000,0.547
1421038800000,0.574
1421042400000,0.583
1421046000000,0.55
1421049600000,0.444
1421053200000,0.357
1421056800000,0.333
1421060400000,0.316
1421064000000,0.332
1421067600000,0.359
1421071200000,0.386
1421074800000,0.391
1421078400000,0.365
1421082000000,0.334
1421085600000,0.312
1421089200000,0.328
1421092800000,0.323
1421096400000,0.293
1421100000000,0.236
1421103600000,0.208
1421107200000,0.209
1421110800000,0.168
1421114400000,0.108
1421118000000,0.068
1421121600000,0.049
1421125200000,0.038
1421128800000,0.037
1421132400000,0.042
1421136000000,0.052
1421139600000,0.081
1421143200000,0.141
1421146800000,0.194
1421150400000,0.245
1421154000000,0.289
1421157600000,0.294
1421161200000,0.311
1421164800000,0.324
1421168400000,0.328
1421172000000,0.316
1421175600000,0.3
1421179200000,0.277
1421182800000,0.237
1421186400000,0.181
1421190000000,0.169
1421193600000,0.194
1421197200000,0.194
1421200800000,0.179
1421204400000,0.162
1421208000000,0.154
1421211600000,0.153
1421215200000,0.16
1421218800000,0.168
1421222400000,0.159
1421226000000,0.121
1421229600000,0.096
1421233200000,0.076
1421236800000,0.065
1421240400000,0.061
1421244000000,0.068
1421247600000,0.099
1421251200000,0.158
1421254800000,0.21
1421258400000,0.272
1421262000000,0.333
1421265600000,0.334
1421269200000,0.316
1421272800000,0.283
1421276400000,0.33
1421280000000,0.431
1421283600000,0.45
1421287200000,0.438
1421290800000,0.415
1421294400000,0.395
1421298000000,0.386
1421301600000,0.39
1421305200000,0.401
1421308800000,0.358
1421312400000,0.297
1421316000000,0.255
1421319600000,0.226
1421323200000,0.223
1421326800000,0.224
1421330400000,0.234
1421334000000,0.272
1421337600000,0.328
1421341200000,0.381
1421344800000,0.419
1421348400000,0.432
1421352000000,0.428
1421355600000,0.436
1421359200000,0.476
1421362800000,0.563
1421366400000,0.677
1421370000000,0.67
1421373600000,0.615
1421377200000,0.535
1421380800000,0.464
1421384400000,0.432
1421388000000,0.442
1421391600000,0.48
1421395200000,0.435
1421398800000,0.343
1421402400000,0.285
1421406000000,0.264
1421409600000,0.264
1421413200000,0.261
1421416800000,0.246
1421420400000,0.227
1421424000000,0.223
1421427600000,0.244
1421431200000,0.281
1421434800000,0.307
1421438400000,0.312
1421442000000,0.325
1421445600000,0.278
1421449200000,0.335
1421452800000,0.451
1421456400000,0.519
1421460000000,0.556
1421463600000,0.568
1421467200000,0.564
1421470800000,0.529
1421474400000,0.499
1421478000000,0.46
1421481600000,0.369
1421485200000,0.247
1421488800000,0.167
1421492400000,0.105
1421496000000,0.068
1421499600000,0.051
1421503200000,0.038
1421506800000,0.036
1421510400000,0.047
1421514000000,0.065
1421517600000,0.094
1421521200000,0.12
1421524800000,0.126
1421528400000,0.106
1421532000000,0.062
1421535600000,0.03
1421539200000,0.022
1421542800000,0.017
1421546400000,0.014
1421550000000,0.012
1421553600000,0.012
1421557200000,0.014
1421560800000,0.013
1421564400000,0.011
1421568000000,0.012
1421571600000,0.015
1421575200000,0.022
1421578800000,0.021
1421582400000,0.018
1421586000000,0.014
1421589600000,0.013
1421593200000,0.019
1421596800000,0.03
1421600400000,0.036
1421604000000,0.035
1421607600000,0.029
1421611200000,0.025
1421614800000,0.022
1421618400000,0.017
1421622000000,0.007
1421625600000,0.001
1421629200000,0.0
1421632800000,0.0
1421636400000,0.0
1421640000000,0.001
1421643600000,0.005
1421647200000,0.009
1421650800000,0.013
1421654400000,0.02
1421658000000,0.037
1421661600000,0.054
1421665200000,0.054
1421668800000,0.047
1421672400000,0.04
1421676000000,0.033
1421679600000,0.025
1421683200000,0.022
1421686800000,0.022
1421690400000,0.022
1421694000000,0.019
1421697600000,0.017
1421701200000,0.015
1421704800000,0.012
1421708400000,0.006
1421712000000,0.005
1421715600000,0.003
1421719200000,0.001
1421722800000,0.001
1421726400000,0.0
1421730000000,0.0
1421733600000,0.0
1421737200000,0.0
1421740800000,0.001
1421744400000,0.002
1421748000000,0.007
1421751600000,0.016
1421755200000,0.031
1421758800000,0.046
1421762400000,0.055
1421766000000,0.059
1421769600000,0.062
1421773200000,0.063
1421776800000,0.059
1421780400000,0.055
1421784000000,0.051
1421787600000,0.049
1421791200000,0.05
1421794800000,0.051
1421798400000,0.069
1421802000000,0.082
1421805600000,0.086
1421809200000,0.087
1421812800000,0.089
1421816400000,0.09
1421820000000,0.092
1421823600000,0.093
1421827200000,0.093
1421830800000,0.084
1421834400000,0.082
1421838000000,0.068
1421841600000,0.053
1421845200000,0.045
1421848800000,0.043
1421852400000,0.049
1421856000000,0.059
1421859600000,0.071
1421863200000,0.083
1421866800000,0.095
1421870400000,0.112
1421874000000,0.123
1421877600000,0.113
1421881200000,0.079
1421884800000,0.085
1421888400000,0.101
1421892000000,0.079
1421895600000,0.03
1421899200000,0.024
1421902800000,0.045
1421906400000,0.059
1421910000000,0.07
1421913600000,0.089
1421917200000,0.112
1421920800000,0.117
1421924400000,0.099
1421928000000,0.084
1421931600000,0.076
1421935200000,0.077
1421938800000,0.084
1421942400000,0.098
1421946000000,0.107
1421949600000,0.11
1421953200000,0.103
1421956800000,0.102
1421960400000,0.112
1421964000000,0.121
1421967600000,0.125
1421971200000,0.155
1421974800000,0.169
1421978400000,0.172
1421982000000,0.169
1421985600000,0.168
1421989200000,0.167
1421992800000,0.168
1421996400000,0.18
1422000000000,0.173
1422003600000,0.159
1422007200000,0.174
1422010800000,0.168
1422014400000,0.156
1422018000000,0.144
1422021600000,0.131
1422025200000,0.123
1422028800000,0.121
1422032400000,0.12
1422036000000,0.12
1422039600000,0.131
1422043200000,0.148
1422046800000,0.169
1422050400000,0.172
1422054000000,0.175
1422057600000,0.28
1422061200000,0.328
1422064800000,0.334
1422068400000,0.395
1422072000000,0.547
1422075600000,0.628
1422079200000,0.635
1422082800000,0.585
1422086400000,0.528
1422090000000,0.54
1422093600000,0.567
1422097200000,0.581
1422100800000,0.618
1422104400000,0.615
1422108000000,0.562
1422111600000,0.527
1422115200000,0.476
1422118800000,0.494
1422122400000,0.544
1422126000000,0.617
1422129600000,0.636
1422133200000,0.568
1422136800000,0.556
1422140400000,0.552
1422144000000,0.522
1422147600000,0.563
1422151200000,0.513
1422154800000,0.442
1422158400000,0.391
1422162000000,0.359
1422165600000,0.334
1422169200000,0.302
1422172800000,0.241
1422176400000,0.17
1422180000000,0.166
1422183600000,0.187
1422187200000,0.191
1422190800000,0.197
1422194400000,0.229
1422198000000,0.294
1422201600000,0.332
1422205200000,0.337
1422208800000,0.328
1422212400000,0.319
1422216000000,0.296
1422219600000,0.272
1422223200000,0.223
1422226800000,0.294
1422230400000,0.441
1422234000000,0.504
1422237600000,0.523
1422241200000,0.507
1422244800000,0.476
1422248400000,0.454
1422252000000,0.437
1422255600000,0.42
1422259200000,0.343
1422262800000,0.305
1422266400000,0.332
1422270000000,0.41
1422273600000,0.456
1422277200000,0.461
1422280800000,0.464
1422284400000,0.493
1422288000000,0.51
1422291600000,0.506
1422295200000,0.479
1422298800000,0.438
1422302400000,0.394
1422306000000,0.358
1422309600000,0.283
1422313200000,0.245
1422316800000,0.252
1422320400000,0.188
1422324000000,0.118
1422327600000,0.075
1422331200000,0.046
1422334800000,0.024
1422338400000,0.011
1422342000000,0.012
1422345600000,0.021
1422349200000,0.035
1422352800000,0.047
1422356400000,0.047
1422360000000,0.051
1422363600000,0.058
1422367200000,0.061
1422370800000,0.063
1422374400000,0.066
1422378000000,0.076
1422381600000,0.09
1422385200000,0.101
1422388800000,0.114
1422392400000,0.133
1422396000000,0.145
1422399600000,0.191
1422403200000,0.234
1422406800000,0.218
1422410400000,0.191
1422414000000,0.169
1422417600000,0.16
1422421200000,0.157
1422424800000,0.156
1422428400000,0.155
1422432000000,0.144
1422435600000,0.145
1422439200000,0.169
1422442800000,0.179
1422446400000,0.179
1422450000000,0.172
1422453600000,0.166
1422457200000,0.154
1422460800000,0.148
1422464400000,0.144
1422468000000,0.135
1422471600000,0.131
1422475200000,0.137
1422478800000,0.137
1422482400000,0.115
1422486000000,0.107
1422489600000,0.113
1422493200000,0.107
1422496800000,0.113
1422500400000,0.134
1422504000000,0.163
1422507600000,0.186
1422511200000,0.2
1422514800000,0.2
1422518400000,0.184
1422522000000,0.171
1422525600000,0.186
1422529200000,0.183
1422532800000,0.174
1422536400000,0.162
1422540000000,0.178
1422543600000,0.168
1422547200000,0.153
1422550800000,0.176
1422554400000,0.175
1422558000000,0.179
1422561600000,0.178
1422565200000,0.185
1422568800000,0.173
1422572400000,0.219
1422576000000,0.31
1422579600000,0.328
1422583200000,0.308
1422586800000,0.302
1422590400000,0.311
1422594000000,0.321
1422597600000,0.332
1422601200000,0.341
1422604800000,0.325
1422608400000,0.343
1422612000000,0.405
1422615600000,0.44
1422619200000,0.47
1422622800000,0.526
1422626400000,0.574
1422630000000,0.618
1422633600000,0.601
1422637200000,0.59
1422640800000,0.593
1422644400000,0.61
1422648000000,0.632
1422651600000,0.679
1422655200000,0.731
1422658800000,0.841
1422662400000,0.914
1422666000000,0.929
1422669600000,0.93
1422673200000,0.919
1422676800000,0.894
1422680400000,0.862
1422684000000,0.824
1422687600000,0.786
1422691200000,0.724
1422694800000,0.661
1422698400000,0.593
1422702000000,0.539
1422705600000,0.532
1422709200000,0.516
1422712800000,0.481
1422716400000,0.473
1422720000000,0.497
1422723600000,0.525
1422727200000,0.558
1422730800000,0.59
1422734400000,0.594
1422738000000,0.601
1422741600000,0.645
1422745200000,0.757
1422748800000,0.82
1422752400000,0.832
1422756000000,0.809
1422759600000,0.77
1422763200000,0.722
1422766800000,0.668
1422770400000,0.618
1422774000000,0.55
1422777600000,0.432
1422781200000,0.362
1422784800000,0.367
1422788400000,0.361
1422792000000,0.355
1422795600000,0.349
1422799200000,0.355
1422802800000,0.379
1422806400000,0.413
1422810000000,0.432
1422813600000,0.439
1422817200000,0.423
1422820800000,0.457
1422824400000,0.484
1422828000000,0.468
1422831600000,0.632
1422835200000,0.826
1422838800000,0.875
1422842400000,0.883
1422846000000,0.886
1422849600000,0.895
1422853200000,0.903
1422856800000,0.899
1422860400000,0.861
1422864000000,0.824
1422867600000,0.861
1422871200000,0.893
1422874800000,0.891
1422878400000,0.876
1422882000000,0.86
1422885600000,0.846
1422889200000,0.826
1422892800000,0.793
1422896400000,0.748
1422900000000,0.695
1422903600000,0.618
1422907200000,0.552
1422910800000,0.525
1422914400000,0.52
1422918000000,0.596
1422921600000,0.739
1422925200000,0.778
1422928800000,0.779
1422932400000,0.773
1422936000000,0.772
1422939600000,0.771
1422943200000,0.77
1422946800000,0.762
1422950400000,0.685
1422954000000,0.548
1422957600000,0.52
1422961200000,0.529
1422964800000,0.526
1422968400000,0.509
1422972000000,0.491
1422975600000,0.484
1422979200000,0.483
1422982800000,0.488
1422986400000,0.492
1422990000000,0.503
1422993600000,0.513
1422997200000,0.538
1423000800000,0.532
1423004400000,0.607
1423008000000,0.719
1423011600000,0.739
1423015200000,0.729
1423018800000,0.722
1423022400000,0.716
1423026000000,0.712
1423029600000,0.705
1423033200000,0.683
1423036800000,0.618
1423040400000,0.484
1423044000000,0.37
1423047600000,0.291
1423051200000,0.299
1423054800000,0.367
1423058400000,0.394
1423062000000,0.454
1423065600000,0.466
1423069200000,0.454
1423072800000,0.45
1423076400000,0.442
1423080000000,0.374
1423083600000,0.344
1423087200000,0.295
1423090800000,0.355
1423094400000,0.435
1423098000000,0.398
1423101600000,0.346
1423105200000,0.328
1423108800000,0.337
1423112400000,0.353
1423116000000,0.362
1423119600000,0.362
1423123200000,0.328
1423126800000,0.269
1423130400000,0.253
1423134000000,0.225
1423137600000,0.228
1423141200000,0.282
1423144800000,0.3
1423148400000,0.314
1423152000000,0.361
1423155600000,0.424
1423159200000,0.464
1423162800000,0.471
1423166400000,0.439
1423170000000,0.403
1423173600000,0.337
1423177200000,0.337
1423180800000,0.393
1423184400000,0.366
1423188000000,0.329
1423191600000,0.308
1423195200000,0.302
1423198800000,0.302
1423202400000,0.311
1423206000000,0.315
1423209600000,0.287
1423213200000,0.242
1423216800000,0.253
1423220400000,0.282
1423224000000,0.285
1423227600000,0.289
1423231200000,0.302
1423234800000,0.329
1423238400000,0.355
1423242000000,0.407
1423245600000,0.402
1423249200000,0.386
1423252800000,0.375
1423256400000,0.359
1423260000000,0.294
1423263600000,0.325
1423267200000,0.332
1423270800000,0.27
1423274400000,0.215
1423278000000,0.193
1423281600000,0.198
1423285200000,0.208
1423288800000,0.215
1423292400000,0.218
1423296000000,0.206
1423299600000,0.176
1423303200000,0.17
1423306800000,0.171
1423310400000,0.171
1423314000000,0.162
1423317600000,0.159
1423321200000,0.162
1423324800000,0.173
1423328400000,0.193
1423332000000,0.201
1423335600000,0.209
1423339200000,0.191
1423342800000,0.152
1423346400000,0.107
1423350000000,0.088
1423353600000,0.078
1423357200000,0.058
1423360800000,0.046
1423364400000,0.042
1423368000000,0.045
1423371600000,0.054
1423375200000,0.069
1423378800000,0.087
1423382400000,0.089
1423386000000,0.085
1423389600000,0.093
1423393200000,0.101
1423396800000,0.106
1423400400000,0.114
1423404000000,0.125
1423407600000,0.144
1423411200000,0.179
1423414800000,0.194
1423418400000,0.196
1423422000000,0.192
1423425600000,0.188
1423429200000,0.193
1423432800000,0.171
1423436400000,0.177
1423440000000,0.193
1423443600000,0.164
1423447200000,0.134
1423450800000,0.119
1423454400000,0.113
1423458000000,0.107
1423461600000,0.099
1423465200000,0.087
1423468800000,0.076
1423472400000,0.076
1423476000000,0.101
1423479600000,0.13
1423483200000,0.152
1423486800000,0.161
1423490400000,0.158
1423494000000,0.161
1423497600000,0.163
1423501200000,0.171
1423504800000,0.196
1423508400000,0.251
1423512000000,0.284
1423515600000,0.309
1423519200000,0.278
1423522800000,0.304
1423526400000,0.32
1423530000000,0.302
1423533600000,0.275
1423537200000,0.257
1423540800000,0.249
1423544400000,0.234
1423548000000,0.216
1423551600000,0.203
1423555200000,0.179
1423558800000,0.137
1423562400000,0.113
1423566000000,0.099
1423569600000,0.095
1423573200000,0.1
1423576800000,0.115
1423580400000,0.126
1423584000000,0.14
1423587600000,0.147
1423591200000,0.157
1423594800000,0.197
1423598400000,0.21
1423602000000,0.21
1423605600000,0.185
1423609200000,0.182
1423612800000,0.193
1423616400000,0.168
1423620000000,0.128
1423623600000,0.089
1423627200000,0.059
1423630800000,0.04
1423634400000,0.036
1423638000000,0.048
1423641600000,0.077
1423645200000,0.096
1423648800000,0.095
1423652400000,0.082
1423656000000,0.07
1423659600000,0.064
1423663200000,0.069
1423666800000,0.084
1423670400000,0.1
1423674000000,0.105
1423677600000,0.103
1423681200000,0.088
1423684800000,0.065
1423688400000,0.068
1423692000000,0.068
1423695600000,0.059
1423699200000,0.053
1423702800000,0.049
1423706400000,0.059
1423710000000,0.075
1423713600000,0.1
1423717200000,0.135
1423720800000,0.179
1423724400000,0.23
1423728000000,0.272
1423731600000,0.272
1423735200000,0.256
1423738800000,0.225
1423742400000,0.205
1423746000000,0.193
1423749600000,0.184
1423753200000,0.189
1423756800000,0.193
1423760400000,0.184
1423764000000,0.178
1423767600000,0.178
1423771200000,0.192
1423774800000,0.225
1423778400000,0.207
1423782000000,0.211
1423785600000,0.196
1423789200000,0.145
1423792800000,0.101
1423796400000,0.064
1423800000000,0.041
1423803600000,0.028
1423807200000,0.022
1423810800000,0.023
1423814400000,0.027
1423818000000,0.034
1423821600000,0.036
1423825200000,0.03
1423828800000,0.026
1423832400000,0.024
1423836000000,0.021
1423839600000,0.017
1423843200000,0.011
1423846800000,0.005
1423850400000,0.002
1423854000000,0.001
1423857600000,0.002
1423861200000,0.002
1423864800000,0.002
1423868400000,0.003
1423872000000,0.008
1423875600000,0.018
1423879200000,0.021
1423882800000,0.02
1423886400000,0.021
1423890000000,0.024
1423893600000,0.019
1423897200000,0.014
1423900800000,0.009
1423904400000,0.008
1423908000000,0.009
1423911600000,0.011
1423915200000,0.013
1423918800000,0.018
1423922400000,0.024
1423926000000,0.027
1423929600000,0.027
1423933200000,0.025
1423936800000,0.018
1423940400000,0.02
1423944000000,0.041
1423947600000,0.072
1423951200000,0.086
1423954800000,0.085
1423958400000,0.099
1423962000000,0.091
1423965600000,0.063
1423969200000,0.053
1423972800000,0.045
1423976400000,0.031
1423980000000,0.02
1423983600000,0.028
1423987200000,0.038
1423990800000,0.037
1423994400000,0.028
1423998000000,0.018
1424001600000,0.016
1424005200000,0.038
1424008800000,0.092
1424012400000,0.183
1424016000000,0.272
1424019600000,0.352
1424023200000,0.376
1424026800000,0.4
1424030400000,0.417
1424034000000,0.42
1424037600000,0.388
1424041200000,0.476
1424044800000,0.609
1424048400000,0.643
1424052000000,0.647
1424055600000,0.649
1424059200000,0.659
1424062800000,0.668
1424066400000,0.658
1424070000000,0.627
1424073600000,0.587
1424077200000,0.506
1424080800000,0.403
1424084400000,0.367
1424088000000,0.376
1424091600000,0.402
1424095200000,0.428
1424098800000,0.431
1424102400000,0.433
1424106000000,0.452
1424109600000,0.469
1424113200000,0.469
1424116800000,0.464
1424120400000,0.47
1424124000000,0.425
1424127600000,0.538
1424131200000,0.618
1424134800000,0.579
1424138400000,0.528
1424142000000,0.492
1424145600000,0.469
1424149200000,0.457
1424152800000,0.444
1424156400000,0.432
1424160000000,0.422
1424163600000,0.41
1424167200000,0.431
1424170800000,0.409
1424174400000,0.401
1424178000000,0.374
1424181600000,0.362
1424185200000,0.372
1424188800000,0.426
1424192400000,0.46
1424196000000,0.476
1424199600000,0.476
1424203200000,0.459
1424206800000,0.459
1424210400000,0.424
1424214000000,0.517
1424217600000,0.556
1424221200000,0.522
1424224800000,0.506
1424228400000,0.529
1424232000000,0.558
1424235600000,0.586
1424239200000,0.606
1424242800000,0.618
1424246400000,0.613
1424250000000,0.536
1424253600000,0.459
1424257200000,0.425
1424260800000,0.409
1424264400000,0.41
1424268000000,0.397
1424271600000,0.404
1424275200000,0.408
1424278800000,0.403
1424282400000,0.394
1424286000000,0.376
1424289600000,0.352
1424293200000,0.344
1424296800000,0.323
1424300400000,0.403
1424304000000,0.489
1424307600000,0.474
1424311200000,0.442
1424314800000,0.415
1424318400000,0.411
1424322000000,0.418
1424325600000,0.436
1424329200000,0.459
1424332800000,0.442
1424336400000,0.413
1424340000000,0.404
1424343600000,0.422
1424347200000,0.525
1424350800000,0.561
1424354400000,0.537
1424358000000,0.511
1424361600000,0.5
1424365200000,0.43
1424368800000,0.389
1424372400000,0.382
1424376000000,0.377
1424379600000,0.391
1424383200000,0.36
1424386800000,0.523
1424390400000,0.587
1424394000000,0.542
1424397600000,0.468
1424401200000,0.413
1424404800000,0.374
1424408400000,0.338
1424412000000,0.309
1424415600000,0.291
1424419200000,0.289
1424422800000,0.281
1424426400000,0.325
1424430000000,0.37
1424433600000,0.39
1424437200000,0.395
1424440800000,0.371
1424444400000,0.3
1424448000000,0.289
1424451600000,0.292
1424455200000,0.321
1424458800000,0.314
1424462400000,0.297
1424466000000,0.284
1424469600000,0.259
1424473200000,0.355
1424476800000,0.427
1424480400000,0.412
1424484000000,0.341
1424487600000,0.276
1424491200000,0.241
1424494800000,0.234
1424498400000,0.256
1424502000000,0.313
1424505600000,0.398
1424509200000,0.454
1424512800000,0.467
1424516400000,0.404
1424520000000,0.367
1424523600000,0.339
1424527200000,0.351
1424530800000,0.413
1424534400000,0.402
1424538000000,0.407
1424541600000,0.42
1424545200000,0.429
1424548800000,0.435
1424552400000,0.438
1424556000000,0.419
1424559600000,0.541
1424563200000,0.606
1424566800000,0.583
1424570400000,0.556
1424574000000,0.574
1424577600000,0.618
1424581200000,0.647
1424584800000,0.639
1424588400000,0.602
1424592000000,0.555
1424595600000,0.473
1424599200000,0.387
1424602800000,0.352
1424606400000,0.361
1424610000000,0.379
1424613600000,0.382
1424617200000,0.386
1424620800000,0.389
1424624400000,0.394
1424628000000,0.388
1424631600000,0.376
1424635200000,0.364
1424638800000,0.361
1424642400000,0.323
1424646000000,0.415
1424649600000,0.42
1424653200000,0.332
1424656800000,0.255
1424660400000,0.225
1424664000000,0.22
1424667600000,0.212
1424671200000,0.194
1424674800000,0.18
1424678400000,0.157
1424682000000,0.127
1424685600000,0.114
1424689200000,0.114
1424692800000,0.115
1424696400000,0.116
1424700000000,0.12
1424703600000,0.149
1424707200000,0.171
1424710800000,0.179
1424714400000,0.19
1424718000000,0.192
1424721600000,0.199
1424725200000,0.18
1424728800000,0.147
1424732400000,0.183
1424736000000,0.198
1424739600000,0.138
1424743200000,0.076
1424746800000,0.049
1424750400000,0.038
1424754000000,0.028
1424757600000,0.023
1424761200000,0.023
1424764800000,0.028
1424768400000,0.033
1424772000000,0.033
1424775600000,0.03
1424779200000,0.032
1424782800000,0.043
1424786400000,0.063
1424790000000,0.079
1424793600000,0.079
1424797200000,0.08
1424800800000,0.076
1424804400000,0.086
1424808000000,0.096
1424811600000,0.102
1424815200000,0.102
1424818800000,0.118
1424822400000,0.12
1424826000000,0.087
1424829600000,0.055
1424833200000,0.046
1424836800000,0.049
1424840400000,0.055
1424844000000,0.059
1424847600000,0.061
1424851200000,0.059
1424854800000,0.049
1424858400000,0.045
1424862000000,0.045
1424865600000,0.05
1424869200000,0.057
1424872800000,0.066
1424876400000,0.062
1424880000000,0.058
1424883600000,0.064
1424887200000,0.09
1424890800000,0.117
1424894400000,0.142
1424898000000,0.155
1424901600000,0.13
1424905200000,0.15
1424908800000,0.17
1424912400000,0.161
1424916000000,0.142
1424919600000,0.128
1424923200000,0.117
1424926800000,0.114
1424930400000,0.13
1424934000000,0.159
1424937600000,0.202
1424941200000,0.213
1424944800000,0.247
1424948400000,0.3
1424952000000,0.297
1424955600000,0.289
1424959200000,0.315
1424962800000,0.34
1424966400000,0.339
1424970000000,0.346
1424973600000,0.347
1424977200000,0.352
1424980800000,0.365
1424984400000,0.368
1424988000000,0.342
1424991600000,0.485
1424995200000,0.556
1424998800000,0.568
1425002400000,0.571
1425006000000,0.594
1425009600000,0.626
1425013200000,0.653
1425016800000,0.661
1425020400000,0.652
1425024000000,0.61
1425027600000,0.5
1425031200000,0.428
1425034800000,0.425
1425038400000,0.45
1425042000000,0.474
1425045600000,0.476
1425049200000,0.416
1425052800000,0.376
1425056400000,0.355
1425060000000,0.352
1425063600000,0.349
1425067200000,0.347
1425070800000,0.333
1425074400000,0.305
1425078000000,0.442
1425081600000,0.506
1425085200000,0.47
1425088800000,0.385
1425092400000,0.338
1425096000000,0.341
1425099600000,0.352
1425103200000,0.352
1425106800000,0.359
1425110400000,0.363
1425114000000,0.299
1425117600000,0.267
1425121200000,0.27
1425124800000,0.277
1425128400000,0.256
1425132000000,0.28
1425135600000,0.331
1425139200000,0.371
1425142800000,0.407
1425146400000,0.414
1425150000000,0.432
1425153600000,0.423
1425157200000,0.432
1425160800000,0.413
1425164400000,0.484
1425168000000,0.562
1425171600000,0.539
1425175200000,0.494
1425178800000,0.488
1425182400000,0.501
1425186000000,0.526
1425189600000,0.548
1425193200000,0.556
1425196800000,0.546
1425200400000,0.462
1425204000000,0.358
1425207600000,0.279
1425211200000,0.249
1425214800000,0.275
1425218400000,0.295
1425222000000,0.294
1425225600000,0.283
1425229200000,0.274
1425232800000,0.27
1425236400000,0.259
1425240000000,0.227
1425243600000,0.188
1425247200000,0.133
1425250800000,0.179
1425254400000,0.208
1425258000000,0.184
1425261600000,0.146
1425265200000,0.118
1425268800000,0.11
1425272400000,0.118
1425276000000,0.133
1425279600000,0.152
1425283200000,0.173
1425286800000,0.184
1425290400000,0.178
1425294000000,0.16
1425297600000,0.158
1425301200000,0.168
1425304800000,0.187
1425308400000,0.223
1425312000000,0.253
1425315600000,0.272
1425319200000,0.279
1425322800000,0.296
1425326400000,0.289
1425330000000,0.272
1425333600000,0.228
1425337200000,0.325
1425340800000,0.331
1425344400000,0.247
1425348000000,0.169
1425351600000,0.122
1425355200000,0.096
1425358800000,0.076
1425362400000,0.068
1425366000000,0.07
1425369600000,0.077
1425373200000,0.076
1425376800000,0.059
1425380400000,0.035
1425384000000,0.017
1425387600000,0.008
1425391200000,0.004
1425394800000,0.002
1425398400000,0.003
1425402000000,0.004
1425405600000,0.006
1425409200000,0.011
1425412800000,0.018
1425416400000,0.03
1425420000000,0.049
1425423600000,0.11
1425427200000,0.151
1425430800000,0.167
1425434400000,0.171
1425438000000,0.164
1425441600000,0.162
1425445200000,0.17
1425448800000,0.177
1425452400000,0.182
1425456000000,0.205
1425459600000,0.209
1425463200000,0.229
1425466800000,0.265
1425470400000,0.248
1425474000000,0.233
1425477600000,0.245
1425481200000,0.241
1425484800000,0.236
1425488400000,0.261
1425492000000,0.289
1425495600000,0.297
1425499200000,0.289
1425502800000,0.287
1425506400000,0.253
1425510000000,0.417
1425513600000,0.473
1425517200000,0.441
1425520800000,0.395
1425524400000,0.374
1425528000000,0.371
1425531600000,0.366
1425535200000,0.364
1425538800000,0.358
1425542400000,0.343
1425546000000,0.31
1425549600000,0.284
1425553200000,0.283
1425556800000,0.267
1425560400000,0.245
1425564000000,0.22
1425567600000,0.21
1425571200000,0.2
1425574800000,0.205
1425578400000,0.206
1425582000000,0.21
1425585600000,0.212
1425589200000,0.208
1425592800000,0.175
1425596400000,0.179
1425600000000,0.144
1425603600000,0.107
1425607200000,0.096
1425610800000,0.102
1425614400000,0.113
1425618000000,0.138
1425621600000,0.179
1425625200000,0.223
1425628800000,0.254
1425632400000,0.225
1425636000000,0.198
1425639600000,0.188
1425643200000,0.157
1425646800000,0.137
1425650400000,0.174
1425654000000,0.22
1425657600000,0.279
1425661200000,0.266
1425664800000,0.331
1425668400000,0.382
1425672000000,0.406
1425675600000,0.374
1425679200000,0.374
1425682800000,0.56
1425686400000,0.635
1425690000000,0.642
1425693600000,0.621
1425697200000,0.627
1425700800000,0.633
1425704400000,0.63
1425708000000,0.615
1425711600000,0.593
1425715200000,0.568
1425718800000,0.488
1425722400000,0.403
1425726000000,0.358
1425729600000,0.371
1425733200000,0.391
1425736800000,0.416
1425740400000,0.371
1425744000000,0.354
1425747600000,0.396
1425751200000,0.422
1425754800000,0.431
1425758400000,0.379
1425762000000,0.339
1425765600000,0.278
1425769200000,0.345
1425772800000,0.32
1425776400000,0.249
1425780000000,0.23
1425783600000,0.269
1425787200000,0.349
1425790800000,0.433
1425794400000,0.478
1425798000000,0.498
1425801600000,0.496
1425805200000,0.401
1425808800000,0.334
1425812400000,0.337
1425816000000,0.354
1425819600000,0.399
1425823200000,0.444
1425826800000,0.454
1425830400000,0.434
1425834000000,0.385
1425837600000,0.395
1425841200000,0.367
1425844800000,0.334
1425848400000,0.355
1425852000000,0.3
1425855600000,0.325
1425859200000,0.292
1425862800000,0.223
1425866400000,0.193
1425870000000,0.191
1425873600000,0.199
1425877200000,0.215
1425880800000,0.241
1425884400000,0.278
1425888000000,0.332
1425891600000,0.376
1425895200000,0.41
1425898800000,0.365
1425902400000,0.325
1425906000000,0.319
1425909600000,0.315
1425913200000,0.301
1425916800000,0.299
1425920400000,0.308
1425924000000,0.329
1425927600000,0.352
1425931200000,0.398
1425934800000,0.447
1425938400000,0.47
1425942000000,0.61
1425945600000,0.556
1425949200000,0.469
1425952800000,0.39
1425956400000,0.362
1425960000000,0.394
1425963600000,0.457
1425967200000,0.53
1425970800000,0.614
1425974400000,0.685
1425978000000,0.678
1425981600000,0.618
1425985200000,0.538
1425988800000,0.525
1425992400000,0.513
1425996000000,0.521
1425999600000,0.534
1426003200000,0.547
1426006800000,0.544
1426010400000,0.529
1426014000000,0.528
1426017600000,0.525
1426021200000,0.505
1426024800000,0.459
1426028400000,0.604
1426032000000,0.597
1426035600000,0.513
1426039200000,0.432
1426042800000,0.386
1426046400000,0.355
1426050000000,0.332
1426053600000,0.309
1426057200000,0.294
1426060800000,0.3
1426064400000,0.308
1426068000000,0.363
1426071600000,0.429
1426075200000,0.415
1426078800000,0.401
1426082400000,0.419
1426086000000,0.434
1426089600000,0.449
1426093200000,0.502
1426096800000,0.494
1426100400000,0.473
1426104000000,0.438
1426107600000,0.371
1426111200000,0.309
1426114800000,0.384
1426118400000,0.327
1426122000000,0.233
1426125600000,0.166
1426129200000,0.14
1426132800000,0.131
1426136400000,0.12
1426140000000,0.113
1426143600000,0.118
1426147200000,0.149
1426150800000,0.174
1426154400000,0.157
1426158000000,0.123
1426161600000,0.118
1426165200000,0.132
1426168800000,0.141
1426172400000,0.152
1426176000000,0.22
1426179600000,0.304
1426183200000,0.295
1426186800000,0.266
1426190400000,0.255
1426194000000,0.258
1426197600000,0.278
1426201200000,0.47
1426204800000,0.547
1426208400000,0.541
1426212000000,0.502
1426215600000,0.466
1426219200000,0.449
1426222800000,0.429
1426226400000,0.4
1426230000000,0.366
1426233600000,0.352
1426237200000,0.329
1426240800000,0.3
1426244400000,0.248
1426248000000,0.203
1426251600000,0.206
1426255200000,0.234
1426258800000,0.262
1426262400000,0.278
1426266000000,0.286
1426269600000,0.284
1426273200000,0.291
1426276800000,0.325
1426280400000,0.297
1426284000000,0.281
1426287600000,0.38
1426291200000,0.356
1426294800000,0.272
1426298400000,0.197
1426302000000,0.164
1426305600000,0.159
1426309200000,0.177
1426312800000,0.211
1426316400000,0.249
1426320000000,0.298
1426323600000,0.336
1426327200000,0.374
1426330800000,0.38
1426334400000,0.348
1426338000000,0.4
1426341600000,0.447
1426345200000,0.464
1426348800000,0.446
1426352400000,0.42
1426356000000,0.395
1426359600000,0.374
1426363200000,0.347
1426366800000,0.33
1426370400000,0.284
1426374000000,0.407
1426377600000,0.376
1426381200000,0.263
1426384800000,0.171
1426388400000,0.125
1426392000000,0.109
1426395600000,0.107
1426399200000,0.116
1426402800000,0.126
1426406400000,0.149
1426410000000,0.171
1426413600000,0.152
1426417200000,0.109
1426420800000,0.101
1426424400000,0.11
1426428000000,0.128
1426431600000,0.148
1426435200000,0.169
1426438800000,0.192
1426442400000,0.232
1426446000000,0.278
1426449600000,0.257
1426453200000,0.243
1426456800000,0.214
1426460400000,0.187
1426464000000,0.093
1426467600000,0.034
1426471200000,0.021
1426474800000,0.024
1426478400000,0.029
1426482000000,0.037
1426485600000,0.048
1426489200000,0.058
1426492800000,0.082
1426496400000,0.115
1426500000000,0.129
1426503600000,0.11
1426507200000,0.103
1426510800000,0.111
1426514400000,0.116
1426518000000,0.124
1426521600000,0.147
1426525200000,0.172
1426528800000,0.205
1426532400000,0.235
1426536000000,0.263
1426539600000,0.286
1426543200000,0.256
1426546800000,0.291
1426550400000,0.257
1426554000000,0.161
1426557600000,0.094
1426561200000,0.058
1426564800000,0.038
1426568400000,0.035
1426572000000,0.042
1426575600000,0.051
1426579200000,0.065
1426582800000,0.08
1426586400000,0.084
1426590000000,0.072
1426593600000,0.05
1426597200000,0.032
1426600800000,0.022
1426604400000,0.017
1426608000000,0.017
1426611600000,0.022
1426615200000,0.039
1426618800000,0.068
1426622400000,0.096
1426626000000,0.105
1426629600000,0.07
1426633200000,0.027
1426636800000,0.001
1426640400000,0.0
1426644000000,0.0
1426647600000,0.005
1426651200000,0.019
1426654800000,0.035
1426658400000,0.051
1426662000000,0.064
1426665600000,0.073
1426669200000,0.084
1426672800000,0.081
1426676400000,0.048
1426680000000,0.026
1426683600000,0.015
1426687200000,0.012
1426690800000,0.014
1426694400000,0.025
1426698000000,0.048
1426701600000,0.081
1426705200000,0.111
1426708800000,0.123
1426712400000,0.114
1426716000000,0.072
1426719600000,0.036
1426723200000,0.004
1426726800000,0.0
1426730400000,0.0
1426734000000,0.008
1426737600000,0.023
1426741200000,0.033
1426744800000,0.034
1426748400000,0.029
1426752000000,0.023
1426755600000,0.024
1426759200000,0.026
1426762800000,0.015
1426766400000,0.009
1426770000000,0.008
1426773600000,0.011
1426777200000,0.019
1426780800000,0.03
1426784400000,0.047
1426788000000,0.063
1426791600000,0.066
1426795200000,0.053
1426798800000,0.039
1426802400000,0.019
1426806000000,0.005
1426809600000,0.0
1426813200000,0.0
1426816800000,0.0
1426820400000,0.004
1426824000000,0.012
1426827600000,0.025
1426831200000,0.035
1426834800000,0.038
1426838400000,0.033
1426842000000,0.035
1426845600000,0.029
1426849200000,0.009
1426852800000,0.002
1426856400000,0.0
1426860000000,0.0
1426863600000,0.0
1426867200000,0.0
1426870800000,0.0
1426874400000,0.001
1426878000000,0.001
1426881600000,0.002
1426885200000,0.006
1426888800000,0.007
1426892400000,0.003
1426896000000,0.002
1426899600000,0.0
1426903200000,0.0
1426906800000,0.0
1426910400000,0.006
1426914000000,0.017
1426917600000,0.027
1426921200000,0.032
1426924800000,0.035
1426928400000,0.051
1426932000000,0.061
1426935600000,0.041
1426939200000,0.024
1426942800000,0.015
1426946400000,0.012
1426950000000,0.011
1426953600000,0.014
1426957200000,0.021
1426960800000,0.034
1426964400000,0.048
1426968000000,0.056
1426971600000,0.054
1426975200000,0.034
1426978800000,0.026
1426982400000,0.017
1426986000000,0.008
1426989600000,0.004
1426993200000,0.004
1426996800000,0.006
1427000400000,0.015
1427004000000,0.029
1427007600000,0.044
1427011200000,0.055
1427014800000,0.058
1427018400000,0.046
1427022000000,0.027
1427025600000,0.019
1427029200000,0.02
1427032800000,0.027
1427036400000,0.046
1427040000000,0.077
1427043600000,0.116
1427047200000,0.145
1427050800000,0.166
1427054400000,0.18
1427058000000,0.179
1427061600000,0.158
1427065200000,0.201
1427068800000,0.21
1427072400000,0.198
1427076000000,0.179
1427079600000,0.158
1427083200000,0.141
1427086800000,0.133
1427090400000,0.118
1427094000000,0.101
1427097600000,0.087
1427101200000,0.071
1427104800000,0.05
1427108400000,0.029
1427112000000,0.014
1427115600000,0.007
1427119200000,0.004
1427122800000,0.003
1427126400000,0.003
1427130000000,0.006
1427133600000,0.02
1427137200000,0.051
1427140800000,0.101
1427144400000,0.144
1427148000000,0.173
1427151600000,0.219
1427155200000,0.235
1427158800000,0.222
1427162400000,0.203
1427166000000,0.195
1427169600000,0.192
1427173200000,0.18
1427176800000,0.179
1427180400000,0.192
1427184000000,0.22
1427187600000,0.248
1427191200000,0.249
1427194800000,0.235
1427198400000,0.242
1427202000000,0.286
1427205600000,0.355
1427209200000,0.444
1427212800000,0.475
1427216400000,0.47
1427220000000,0.46
1427223600000,0.438
1427227200000,0.406
1427230800000,0.323
1427234400000,0.278
1427238000000,0.348
1427241600000,0.358
1427245200000,0.303
1427248800000,0.22
1427252400000,0.166
1427256000000,0.141
1427259600000,0.137
1427263200000,0.155
1427266800000,0.185
1427270400000,0.241
1427274000000,0.283
1427277600000,0.306
1427281200000,0.375
1427284800000,0.42
1427288400000,0.442
1427292000000,0.506
1427295600000,0.541
1427299200000,0.571
1427302800000,0.562
1427306400000,0.523
1427310000000,0.434
1427313600000,0.337
1427317200000,0.25
1427320800000,0.186
1427324400000,0.344
1427328000000,0.385
1427331600000,0.325
1427335200000,0.248
1427338800000,0.204
1427342400000,0.182
1427346000000,0.174
1427349600000,0.177
1427353200000,0.194
1427356800000,0.227
1427360400000,0.209
1427364000000,0.158
1427367600000,0.106
1427371200000,0.112
1427374800000,0.147
1427378400000,0.2
1427382000000,0.245
1427385600000,0.297
1427389200000,0.323
1427392800000,0.31
1427396400000,0.289
1427400000000,0.264
1427403600000,0.212
1427407200000,0.187
1427410800000,0.264
1427414400000,0.231
1427418000000,0.151
1427421600000,0.095
1427425200000,0.09
1427428800000,0.108
1427432400000,0.127
1427436000000,0.153
1427439600000,0.18
1427443200000,0.202
1427446800000,0.2
1427450400000,0.158
1427454000000,0.133
1427457600000,0.162
1427461200000,0.192
1427464800000,0.19
1427468400000,0.191
1427472000000,0.208
1427475600000,0.235
1427479200000,0.252
1427482800000,0.264
1427486400000,0.255
1427490000000,0.251
1427493600000,0.302
1427497200000,0.386
1427500800000,0.341
1427504400000,0.261
1427508000000,0.198
1427511600000,0.167
1427515200000,0.15
1427518800000,0.146
1427522400000,0.148
1427526000000,0.158
1427529600000,0.171
1427533200000,0.177
1427536800000,0.182
1427540400000,0.207
1427544000000,0.271
1427547600000,0.303
1427551200000,0.278
1427554800000,0.272
1427558400000,0.267
1427562000000,0.255
1427565600000,0.254
1427569200000,0.246
1427572800000,0.247
1427576400000,0.214
1427580000000,0.2
1427583600000,0.263
1427587200000,0.233
1427590800000,0.17
1427594400000,0.133
1427598000000,0.126
1427601600000,0.138
1427605200000,0.152
1427608800000,0.157
1427612400000,0.166
1427616000000,0.177
1427619600000,0.188
1427623200000,0.194
1427626800000,0.185
1427630400000,0.186
1427634000000,0.204
1427637600000,0.193
1427641200000,0.183
1427644800000,0.17
1427648400000,0.167
1427652000000,0.177
1427655600000,0.197
1427659200000,0.238
1427662800000,0.269
1427666400000,0.3
1427670000000,0.357
1427673600000,0.323
1427677200000,0.251
1427680800000,0.195
1427684400000,0.171
1427688000000,0.161
1427691600000,0.162
1427695200000,0.172
1427698800000,0.173
1427702400000,0.164
1427706000000,0.156
1427709600000,0.154
1427713200000,0.192
1427716800000,0.226
1427720400000,0.285
1427724000000,0.311
1427727600000,0.315
1427731200000,0.334
1427734800000,0.354
1427738400000,0.305
1427742000000,0.275
1427745600000,0.27
1427749200000,0.263
1427752800000,0.243
1427756400000,0.328
1427760000000,0.345
1427763600000,0.276
1427767200000,0.2
1427770800000,0.147
1427774400000,0.114
1427778000000,0.097
1427781600000,0.087
1427785200000,0.082
1427788800000,0.079
1427792400000,0.083
1427796000000,0.073
1427799600000,0.059
1427803200000,0.055
1427806800000,0.061
1427810400000,0.067
1427814000000,0.058
1427817600000,0.049
1427821200000,0.05
1427824800000,0.056
1427828400000,0.063
1427832000000,0.072
1427835600000,0.085
1427839200000,0.093
1427842800000,0.147
1427846400000,0.169
1427850000000,0.158
1427853600000,0.148
1427857200000,0.137
1427860800000,0.132
1427864400000,0.137
1427868000000,0.154
1427871600000,0.169
1427875200000,0.172
1427878800000,0.17
1427882400000,0.144
1427886000000,0.112
1427889600000,0.114
1427893200000,0.121
1427896800000,0.12
1427900400000,0.112
1427904000000,0.101
1427907600000,0.106
1427911200000,0.132
1427914800000,0.171
1427918400000,0.218
1427922000000,0.272
1427925600000,0.32
1427929200000,0.335
1427932800000,0.234
1427936400000,0.135
1427940000000,0.076
1427943600000,0.049
1427947200000,0.041
1427950800000,0.039
1427954400000,0.038
1427958000000,0.037
1427961600000,0.037
1427965200000,0.034
1427968800000,0.018
1427972400000,0.011
1427976000000,0.009
1427979600000,0.014
1427983200000,0.022
1427986800000,0.028
1427990400000,0.029
1427994000000,0.025
1427997600000,0.02
1428001200000,0.014
1428004800000,0.008
1428008400000,0.008
1428012000000,0.009
1428015600000,0.011
1428019200000,0.008
1428022800000,0.006
1428026400000,0.003
1428030000000,0.002
1428033600000,0.002
1428037200000,0.013
1428040800000,0.018
1428044400000,0.015
1428048000000,0.009
1428051600000,0.005
1428055200000,0.002
1428058800000,0.001
1428062400000,0.0
1428066000000,0.0
1428069600000,0.001
1428073200000,0.002
1428076800000,0.005
1428080400000,0.007
1428084000000,0.009
1428087600000,0.013
1428091200000,0.019
1428094800000,0.02
1428098400000,0.021
1428102000000,0.031
1428105600000,0.035
1428109200000,0.045
1428112800000,0.067
1428116400000,0.106
1428120000000,0.139
1428123600000,0.144
1428127200000,0.13
1428130800000,0.1
1428134400000,0.063
1428138000000,0.037
1428141600000,0.02
1428145200000,0.01
1428148800000,0.005
1428152400000,0.003
1428156000000,0.002
1428159600000,0.001
1428163200000,0.0
1428166800000,0.0
1428170400000,0.0
1428174000000,0.0
1428177600000,0.0
1428181200000,0.001
1428184800000,0.001
1428188400000,0.002
1428192000000,0.004
1428195600000,0.005
1428199200000,0.005
1428202800000,0.005
1428206400000,0.006
1428210000000,0.008
1428213600000,0.018
1428217200000,0.029
1428220800000,0.037
1428224400000,0.047
1428228000000,0.058
1428231600000,0.05
1428235200000,0.032
1428238800000,0.018
1428242400000,0.013
1428246000000,0.011
1428249600000,0.01
1428253200000,0.013
1428256800000,0.023
1428260400000,0.038
1428264000000,0.053
1428267600000,0.066
1428271200000,0.082
1428274800000,0.118
1428278400000,0.146
1428282000000,0.156
1428285600000,0.141
1428289200000,0.129
1428292800000,0.131
1428296400000,0.141
1428300000000,0.161
1428303600000,0.186
1428307200000,0.201
1428310800000,0.202
1428314400000,0.177
1428318000000,0.13
1428321600000,0.105
1428325200000,0.108
1428328800000,0.129
1428332400000,0.164
1428336000000,0.203
1428339600000,0.254
1428343200000,0.31
1428346800000,0.393
1428350400000,0.418
1428354000000,0.435
1428357600000,0.435
1428361200000,0.557
1428364800000,0.55
1428368400000,0.494
1428372000000,0.47
1428375600000,0.469
1428379200000,0.401
1428382800000,0.332
1428386400000,0.332
1428390000000,0.348
1428393600000,0.328
1428397200000,0.286
1428400800000,0.25
1428404400000,0.231
1428408000000,0.181
1428411600000,0.125
1428415200000,0.087
1428418800000,0.077
1428422400000,0.076
1428426000000,0.084
1428429600000,0.096
1428433200000,0.101
1428436800000,0.135
1428440400000,0.162
1428444000000,0.181
1428447600000,0.218
1428451200000,0.189
1428454800000,0.132
1428458400000,0.085
1428462000000,0.061
1428465600000,0.049
1428469200000,0.044
1428472800000,0.043
1428476400000,0.047
1428480000000,0.051
1428483600000,0.052
1428487200000,0.044
1428490800000,0.037
1428494400000,0.03
1428498000000,0.026
1428501600000,0.031
1428505200000,0.041
1428508800000,0.06
1428512400000,0.078
1428516000000,0.097
1428519600000,0.113
1428523200000,0.12
1428526800000,0.131
1428530400000,0.163
1428534000000,0.219
1428537600000,0.212
1428541200000,0.176
1428544800000,0.133
1428548400000,0.108
1428552000000,0.095
1428555600000,0.096
1428559200000,0.109
1428562800000,0.113
1428566400000,0.109
1428570000000,0.105
1428573600000,0.099
1428577200000,0.078
1428580800000,0.062
1428584400000,0.062
1428588000000,0.068
1428591600000,0.077
1428595200000,0.095
1428598800000,0.109
1428602400000,0.123
1428606000000,0.157
1428609600000,0.192
1428613200000,0.215
1428616800000,0.263
1428620400000,0.351
1428624000000,0.32
1428627600000,0.249
1428631200000,0.192
1428634800000,0.159
1428638400000,0.149
1428642000000,0.153
1428645600000,0.178
1428649200000,0.197
1428652800000,0.202
1428656400000,0.191
1428660000000,0.146
1428663600000,0.091
1428667200000,0.084
1428670800000,0.076
1428674400000,0.075
1428678000000,0.083
1428681600000,0.083
1428685200000,0.093
1428688800000,0.118
1428692400000,0.145
1428696000000,0.177
1428699600000,0.221
1428703200000,0.215
1428706800000,0.248
1428710400000,0.22
1428714000000,0.143
1428717600000,0.092
1428721200000,0.069
1428724800000,0.074
1428728400000,0.089
1428732000000,0.106
1428735600000,0.118
1428739200000,0.123
1428742800000,0.122
1428746400000,0.11
1428750000000,0.092
1428753600000,0.087
1428757200000,0.106
1428760800000,0.132
1428764400000,0.153
1428768000000,0.176
1428771600000,0.219
1428775200000,0.261
1428778800000,0.266
1428782400000,0.273
1428786000000,0.278
1428789600000,0.291
1428793200000,0.343
1428796800000,0.274
1428800400000,0.166
1428804000000,0.085
1428807600000,0.051
1428811200000,0.044
1428814800000,0.044
1428818400000,0.049
1428822000000,0.061
1428825600000,0.084
1428829200000,0.112
1428832800000,0.125
1428836400000,0.107
1428840000000,0.079
1428843600000,0.059
1428847200000,0.049
1428850800000,0.047
1428854400000,0.062
1428858000000,0.091
1428861600000,0.114
1428865200000,0.12
1428868800000,0.117
1428872400000,0.117
1428876000000,0.117
1428879600000,0.181
1428883200000,0.226
1428886800000,0.209
1428890400000,0.169
1428894000000,0.145
1428897600000,0.133
1428901200000,0.135
1428904800000,0.153
1428908400000,0.164
1428912000000,0.156
1428915600000,0.129
1428919200000,0.104
1428922800000,0.087
1428926400000,0.076
1428930000000,0.071
1428933600000,0.067
1428937200000,0.06
1428940800000,0.055
1428944400000,0.054
1428948000000,0.052
1428951600000,0.044
1428955200000,0.031
1428958800000,0.02
1428962400000,0.012
1428966000000,0.015
1428969600000,0.008
1428973200000,0.002
1428976800000,0.001
1428980400000,0.001
1428984000000,0.001
1428987600000,0.002
1428991200000,0.004
1428994800000,0.005
1428998400000,0.003
1429002000000,0.003
1429005600000,0.005
1429009200000,0.004
1429012800000,0.003
1429016400000,0.002
1429020000000,0.003
1429023600000,0.003
1429027200000,0.004
1429030800000,0.009
1429034400000,0.014
1429038000000,0.016
1429041600000,0.019
1429045200000,0.022
1429048800000,0.026
1429052400000,0.039
1429056000000,0.035
1429059600000,0.025
1429063200000,0.014
1429066800000,0.013
1429070400000,0.018
1429074000000,0.018
1429077600000,0.013
1429081200000,0.008
1429084800000,0.004
1429088400000,0.002
1429092000000,0.002
1429095600000,0.002
1429099200000,0.002
1429102800000,0.003
1429106400000,0.003
1429110000000,0.002
1429113600000,0.001
1429117200000,0.0
1429120800000,0.0
1429124400000,0.0
1429128000000,0.001
1429131600000,0.001
1429135200000,0.001
1429138800000,0.002
1429142400000,0.007
1429146000000,0.013
1429149600000,0.017
1429153200000,0.02
1429156800000,0.019
1429160400000,0.022
1429164000000,0.035
1429167600000,0.058
1429171200000,0.083
1429174800000,0.101
1429178400000,0.087
1429182000000,0.076
1429185600000,0.101
1429189200000,0.096
1429192800000,0.082
1429196400000,0.078
1429200000000,0.103
1429203600000,0.128
1429207200000,0.137
1429210800000,0.144
1429214400000,0.14
1429218000000,0.129
1429221600000,0.106
1429225200000,0.116
1429228800000,0.086
1429232400000,0.051
1429236000000,0.031
1429239600000,0.028
1429243200000,0.034
1429246800000,0.036
1429250400000,0.034
1429254000000,0.027
1429257600000,0.023
1429261200000,0.024
1429264800000,0.026
1429268400000,0.02
1429272000000,0.015
1429275600000,0.018
1429279200000,0.039
1429282800000,0.064
1429286400000,0.093
1429290000000,0.12
1429293600000,0.126
1429297200000,0.098
1429300800000,0.072
1429304400000,0.058
1429308000000,0.044
1429311600000,0.054
1429315200000,0.047
1429318800000,0.026
1429322400000,0.01
1429326000000,0.004
1429329600000,0.003
1429333200000,0.003
1429336800000,0.002
1429340400000,0.001
1429344000000,0.001
1429347600000,0.0
1429351200000,0.0
1429354800000,0.0
1429358400000,0.001
1429362000000,0.001
1429365600000,0.001
1429369200000,0.001
1429372800000,0.001
1429376400000,0.002
1429380000000,0.002
1429383600000,0.003
1429387200000,0.004
1429390800000,0.003
1429394400000,0.001
1429398000000,0.001
1429401600000,0.001
1429405200000,0.002
1429408800000,0.003
1429412400000,0.003
1429416000000,0.003
1429419600000,0.003
1429423200000,0.003
1429426800000,0.003
1429430400000,0.002
1429434000000,0.005
1429437600000,0.012
1429441200000,0.013
1429444800000,0.009
1429448400000,0.005
1429452000000,0.003
1429455600000,0.002
1429459200000,0.001
1429462800000,0.001
1429466400000,0.001
1429470000000,0.001
1429473600000,0.002
1429477200000,0.002
1429480800000,0.001
1429484400000,0.001
1429488000000,0.002
1429491600000,0.002
1429495200000,0.001
1429498800000,0.001
1429502400000,0.001
1429506000000,0.004
1429509600000,0.011
1429513200000,0.022
1429516800000,0.032
1429520400000,0.038
1429524000000,0.042
1429527600000,0.035
1429531200000,0.031
1429534800000,0.034
1429538400000,0.041
1429542000000,0.046
1429545600000,0.052
1429549200000,0.058
1429552800000,0.06
1429556400000,0.06
1429560000000,0.06
1429563600000,0.057
1429567200000,0.042
1429570800000,0.053
1429574400000,0.056
1429578000000,0.047
1429581600000,0.042
1429585200000,0.044
1429588800000,0.05
1429592400000,0.051
1429596000000,0.054
1429599600000,0.06
1429603200000,0.074
1429606800000,0.087
1429610400000,0.094
1429614000000,0.076
1429617600000,0.072
1429621200000,0.092
1429624800000,0.12
1429628400000,0.139
1429632000000,0.155
1429635600000,0.158
1429639200000,0.153
1429642800000,0.143
1429646400000,0.133
1429650000000,0.128
1429653600000,0.111
1429657200000,0.111
1429660800000,0.082
1429664400000,0.052
1429668000000,0.034
1429671600000,0.028
1429675200000,0.03
1429678800000,0.034
1429682400000,0.042
1429686000000,0.054
1429689600000,0.062
1429693200000,0.062
1429696800000,0.058
1429700400000,0.045
1429704000000,0.041
1429707600000,0.047
1429711200000,0.044
1429714800000,0.045
1429718400000,0.068
1429722000000,0.109
1429725600000,0.147
1429729200000,0.2
1429732800000,0.23
1429736400000,0.218
1429740000000,0.241
1429743600000,0.291
1429747200000,0.227
1429750800000,0.155
1429754400000,0.111
1429758000000,0.098
1429761600000,0.093
1429765200000,0.097
1429768800000,0.099
1429772400000,0.084
1429776000000,0.075
1429779600000,0.079
1429783200000,0.08
1429786800000,0.062
1429790400000,0.042
1429794000000,0.055
1429797600000,0.088
1429801200000,0.122
1429804800000,0.13
1429808400000,0.121
1429812000000,0.139
1429815600000,0.162
1429819200000,0.18
1429822800000,0.185
1429826400000,0.182
1429830000000,0.183
1429833600000,0.118
1429837200000,0.07
1429840800000,0.046
1429844400000,0.041
1429848000000,0.04
1429851600000,0.04
1429855200000,0.041
1429858800000,0.045
1429862400000,0.05
1429866000000,0.047
1429869600000,0.043
1429873200000,0.038
1429876800000,0.037
1429880400000,0.045
1429884000000,0.049
1429887600000,0.059
1429891200000,0.076
1429894800000,0.104
1429898400000,0.155
1429902000000,0.223
1429905600000,0.272
1429909200000,0.297
1429912800000,0.307
1429916400000,0.41
1429920000000,0.386
1429923600000,0.297
1429927200000,0.22
1429930800000,0.187
1429934400000,0.179
1429938000000,0.181
1429941600000,0.179
1429945200000,0.172
1429948800000,0.17
1429952400000,0.159
1429956000000,0.122
1429959600000,0.096
1429963200000,0.075
1429966800000,0.068
1429970400000,0.065
1429974000000,0.061
1429977600000,0.086
1429981200000,0.109
1429984800000,0.117
1429988400000,0.126
1429992000000,0.127
1429995600000,0.115
1429999200000,0.104
1430002800000,0.114
1430006400000,0.106
1430010000000,0.074
1430013600000,0.044
1430017200000,0.031
1430020800000,0.027
1430024400000,0.028
1430028000000,0.032
1430031600000,0.036
1430035200000,0.034
1430038800000,0.027
1430042400000,0.024
1430046000000,0.019
1430049600000,0.015
1430053200000,0.011
1430056800000,0.007
1430060400000,0.005
1430064000000,0.006
1430067600000,0.012
1430071200000,0.028
1430074800000,0.054
1430078400000,0.074
1430082000000,0.08
1430085600000,0.066
1430089200000,0.083
1430092800000,0.074
1430096400000,0.04
1430100000000,0.013
1430103600000,0.003
1430107200000,0.003
1430110800000,0.005
1430114400000,0.005
1430118000000,0.004
1430121600000,0.003
1430125200000,0.004
1430128800000,0.006
1430132400000,0.009
1430136000000,0.013
1430139600000,0.017
1430143200000,0.018
1430146800000,0.012
1430150400000,0.006
1430154000000,0.003
1430157600000,0.001
1430161200000,0.001
1430164800000,0.0
1430168400000,0.0
1430172000000,0.0
1430175600000,0.0
1430179200000,0.0
1430182800000,0.0
1430186400000,0.0
1430190000000,0.0
1430193600000,0.001
1430197200000,0.001
1430200800000,0.001
1430204400000,0.002
1430208000000,0.004
1430211600000,0.011
1430215200000,0.021
1430218800000,0.021
1430222400000,0.02
1430226000000,0.021
1430229600000,0.022
1430233200000,0.024
1430236800000,0.025
1430240400000,0.024
1430244000000,0.024
1430247600000,0.025
1430251200000,0.026
1430254800000,0.027
1430258400000,0.023
1430262000000,0.025
1430265600000,0.024
1430269200000,0.015
1430272800000,0.006
1430276400000,0.003
1430280000000,0.004
1430283600000,0.008
1430287200000,0.017
1430290800000,0.019
1430294400000,0.016
1430298000000,0.013
1430301600000,0.013
1430305200000,0.008
1430308800000,0.005
1430312400000,0.003
1430316000000,0.003
1430319600000,0.002
1430323200000,0.001
1430326800000,0.001
1430330400000,0.001
1430334000000,0.001
1430337600000,0.001
1430341200000,0.002
1430344800000,0.002
1430348400000,0.005
1430352000000,0.008
1430355600000,0.008
1430359200000,0.009
1430362800000,0.012
1430366400000,0.021
1430370000000,0.033
1430373600000,0.045
1430377200000,0.05
1430380800000,0.05
1430384400000,0.042
1430388000000,0.03
1430391600000,0.016
1430395200000,0.007
1430398800000,0.003
1430402400000,0.002
1430406000000,0.002
1430409600000,0.002
1430413200000,0.002
1430416800000,0.002
1430420400000,0.002
1430424000000,0.003
1430427600000,0.002
1430431200000,0.001
1430434800000,0.002
1430438400000,0.002
1430442000000,0.002
1430445600000,0.001
1430449200000,0.002
1430452800000,0.003
1430456400000,0.006
1430460000000,0.01
1430463600000,0.012
1430467200000,0.011
1430470800000,0.011
1430474400000,0.017
1430478000000,0.018
1430481600000,0.019
1430485200000,0.018
1430488800000,0.018
1430492400000,0.015
1430496000000,0.013
1430499600000,0.013
1430503200000,0.012
1430506800000,0.011
1430510400000,0.008
1430514000000,0.004
1430517600000,0.001
1430521200000,0.0
1430524800000,0.0
1430528400000,0.0
1430532000000,0.0
1430535600000,0.001
1430539200000,0.005
1430542800000,0.019
1430546400000,0.043
1430550000000,0.068
1430553600000,0.086
1430557200000,0.102
1430560800000,0.101
1430564400000,0.064
1430568000000,0.021
1430571600000,0.005
1430575200000,0.001
1430578800000,0.0
1430582400000,0.0
1430586000000,0.0
1430589600000,0.0
1430593200000,0.0
1430596800000,0.0
1430600400000,0.0
1430604000000,0.0
1430607600000,0.0
1430611200000,0.0
1430614800000,0.0
1430618400000,0.0
1430622000000,0.0
1430625600000,0.003
1430629200000,0.01
1430632800000,0.02
1430636400000,0.029
1430640000000,0.039
1430643600000,0.053
1430647200000,0.064
1430650800000,0.054
1430654400000,0.037
1430658000000,0.022
1430661600000,0.016
1430665200000,0.019
1430668800000,0.025
1430672400000,0.029
1430676000000,0.029
1430679600000,0.025
1430683200000,0.017
1430686800000,0.009
1430690400000,0.003
1430694000000,0.001
1430697600000,0.0
1430701200000,0.0
1430704800000,0.0
1430708400000,0.0
1430712000000,0.0
1430715600000,0.0
1430719200000,0.001
1430722800000,0.005
1430726400000,0.007
1430730000000,0.01
1430733600000,0.011
1430737200000,0.006
1430740800000,0.003
1430744400000,0.003
1430748000000,0.003
1430751600000,0.002
1430755200000,0.001
1430758800000,0.001
1430762400000,0.001
1430766000000,0.006
1430769600000,0.029
1430773200000,0.058
1430776800000,0.049
1430780400000,0.031
1430784000000,0.027
1430787600000,0.033
1430791200000,0.032
1430794800000,0.026
1430798400000,0.019
1430802000000,0.013
1430805600000,0.011
1430809200000,0.011
1430812800000,0.011
1430816400000,0.015
1430820000000,0.02
1430823600000,0.012
1430827200000,0.005
1430830800000,0.002
1430834400000,0.001
1430838000000,0.001
1430841600000,0.002
1430845200000,0.006
1430848800000,0.011
1430852400000,0.015
1430856000000,0.018
1430859600000,0.017
1430863200000,0.01
1430866800000,0.008
1430870400000,0.005
1430874000000,0.003
1430877600000,0.002
1430881200000,0.002
1430884800000,0.002
1430888400000,0.003
1430892000000,0.004
1430895600000,0.011
1430899200000,0.024
1430902800000,0.016
1430906400000,0.006
1430910000000,0.002
1430913600000,0.0
1430917200000,0.0
1430920800000,0.0
1430924400000,0.0
1430928000000,0.0
1430931600000,0.002
1430935200000,0.003
1430938800000,0.003
1430942400000,0.001
1430946000000,0.001
1430949600000,0.0
1430953200000,0.0
1430956800000,0.001
1430960400000,0.002
1430964000000,0.004
1430967600000,0.01
1430971200000,0.02
1430974800000,0.032
1430978400000,0.039
1430982000000,0.039
1430985600000,0.03
1430989200000,0.015
1430992800000,0.009
1430996400000,0.004
1431000000000,0.002
1431003600000,0.001
1431007200000,0.001
1431010800000,0.001
1431014400000,0.0
1431018000000,0.0
1431021600000,0.0
1431025200000,0.0
1431028800000,0.0
1431032400000,0.001
1431036000000,0.0
1431039600000,0.0
1431043200000,0.001
1431046800000,0.001
1431050400000,0.0
1431054000000,0.0
1431057600000,0.001
1431061200000,0.006
1431064800000,0.015
1431068400000,0.022
1431072000000,0.025
1431075600000,0.029
1431079200000,0.039
1431082800000,0.03
1431086400000,0.018
1431090000000,0.011
1431093600000,0.011
1431097200000,0.011
1431100800000,0.011
1431104400000,0.01
1431108000000,0.009
1431111600000,0.007
1431115200000,0.003
1431118800000,0.001
1431122400000,0.0
1431126000000,0.0
1431129600000,0.0
1431133200000,0.0
1431136800000,0.0
1431140400000,0.002
1431144000000,0.008
1431147600000,0.02
1431151200000,0.035
1431154800000,0.043
1431158400000,0.042
1431162000000,0.037
1431165600000,0.032
1431169200000,0.03
1431172800000,0.036
1431176400000,0.044
1431180000000,0.048
1431183600000,0.05
1431187200000,0.053
1431190800000,0.047
1431194400000,0.035
1431198000000,0.022
1431201600000,0.013
1431205200000,0.006
1431208800000,0.004
1431212400000,0.003
1431216000000,0.004
1431219600000,0.007
1431223200000,0.012
1431226800000,0.017
1431230400000,0.017
1431234000000,0.015
1431237600000,0.01
1431241200000,0.008
1431244800000,0.008
1431248400000,0.01
1431252000000,0.012
1431255600000,0.006
1431259200000,0.001
1431262800000,0.0
1431266400000,0.0
1431270000000,0.0
1431273600000,0.001
1431277200000,0.004
1431280800000,0.012
1431284400000,0.018
1431288000000,0.019
1431291600000,0.015
1431295200000,0.007
1431298800000,0.003
1431302400000,0.001
1431306000000,0.0
1431309600000,0.0
1431313200000,0.0
1431316800000,0.002
1431320400000,0.006
1431324000000,0.009
1431327600000,0.008
1431331200000,0.005
1431334800000,0.003
1431338400000,0.004
1431342000000,0.003
1431345600000,0.002
1431349200000,0.001
1431352800000,0.0
1431356400000,0.001
1431360000000,0.001
1431363600000,0.004
1431367200000,0.011
1431370800000,0.017
1431374400000,0.022
1431378000000,0.02
1431381600000,0.013
1431385200000,0.013
1431388800000,0.011
1431392400000,0.006
1431396000000,0.003
1431399600000,0.002
1431403200000,0.001
1431406800000,0.0
1431410400000,0.0
1431414000000,0.0
1431417600000,0.001
1431421200000,0.001
1431424800000,0.001
1431428400000,0.001
1431432000000,0.001
1431435600000,0.001
1431439200000,0.002
1431442800000,0.002
1431446400000,0.003
1431450000000,0.006
1431453600000,0.019
1431457200000,0.039
1431460800000,0.068
1431464400000,0.11
1431468000000,0.129
1431471600000,0.125
1431475200000,0.095
1431478800000,0.064
1431482400000,0.045
1431486000000,0.043
1431489600000,0.028
1431493200000,0.012
1431496800000,0.006
1431500400000,0.004
1431504000000,0.004
1431507600000,0.006
1431511200000,0.009
1431514800000,0.009
1431518400000,0.006
1431522000000,0.005
1431525600000,0.005
1431529200000,0.012
1431532800000,0.03
1431536400000,0.056
1431540000000,0.071
1431543600000,0.075
1431547200000,0.075
1431550800000,0.06
1431554400000,0.038
1431558000000,0.02
1431561600000,0.008
1431565200000,0.003
1431568800000,0.001
1431572400000,0.002
1431576000000,0.004
1431579600000,0.005
1431583200000,0.004
1431586800000,0.002
1431590400000,0.001
1431594000000,0.0
1431597600000,0.0
1431601200000,0.0
1431604800000,0.001
1431608400000,0.002
1431612000000,0.005
1431615600000,0.009
1431619200000,0.016
1431622800000,0.026
1431626400000,0.04
1431630000000,0.051
1431633600000,0.057
1431637200000,0.048
1431640800000,0.044
1431644400000,0.034
1431648000000,0.021
1431651600000,0.011
1431655200000,0.005
1431658800000,0.003
1431662400000,0.004
1431666000000,0.006
1431669600000,0.007
1431673200000,0.005
1431676800000,0.004
1431680400000,0.004
1431684000000,0.002
1431687600000,0.0
1431691200000,0.0
1431694800000,0.0
1431698400000,0.0
1431702000000,0.0
1431705600000,0.001
1431709200000,0.003
1431712800000,0.01
1431716400000,0.022
1431720000000,0.028
1431723600000,0.026
1431727200000,0.02
1431730800000,0.021
1431734400000,0.019
1431738000000,0.018
1431741600000,0.013
1431745200000,0.01
1431748800000,0.016
1431752400000,0.027
1431756000000,0.039
1431759600000,0.044
1431763200000,0.04
1431766800000,0.031
1431770400000,0.035
1431774000000,0.036
1431777600000,0.038
1431781200000,0.038
1431784800000,0.034
1431788400000,0.034
1431792000000,0.04
1431795600000,0.055
1431799200000,0.073
1431802800000,0.077
1431806400000,0.066
1431810000000,0.038
1431813600000,0.015
1431817200000,0.008
1431820800000,0.004
1431824400000,0.001
1431828000000,0.0
1431831600000,0.0
1431835200000,0.0
1431838800000,0.005
1431842400000,0.025
1431846000000,0.039
1431849600000,0.044
1431853200000,0.044
1431856800000,0.037
1431860400000,0.025
1431864000000,0.014
1431867600000,0.006
1431871200000,0.002
1431874800000,0.001
1431878400000,0.0
1431882000000,0.0
1431885600000,0.0
1431889200000,0.0
1431892800000,0.0
1431896400000,0.0
1431900000000,0.001
1431903600000,0.001
1431907200000,0.001
1431910800000,0.0
1431914400000,0.001
1431918000000,0.005
1431921600000,0.017
1431925200000,0.031
1431928800000,0.044
1431932400000,0.051
1431936000000,0.051
1431939600000,0.047
1431943200000,0.042
1431946800000,0.037
1431950400000,0.035
1431954000000,0.035
1431957600000,0.038
1431961200000,0.024
1431964800000,0.018
1431968400000,0.019
1431972000000,0.013
1431975600000,0.006
1431979200000,0.002
1431982800000,0.001
1431986400000,0.001
1431990000000,0.001
1431993600000,0.001
1431997200000,0.001
1432000800000,0.001
1432004400000,0.004
1432008000000,0.009
1432011600000,0.016
1432015200000,0.021
1432018800000,0.019
1432022400000,0.014
1432026000000,0.009
1432029600000,0.008
1432033200000,0.007
1432036800000,0.008
1432040400000,0.009
1432044000000,0.007
1432047600000,0.004
1432051200000,0.002
1432054800000,0.001
1432058400000,0.004
1432062000000,0.001
1432065600000,0.001
1432069200000,0.002
1432072800000,0.002
1432076400000,0.003
1432080000000,0.006
1432083600000,0.004
1432087200000,0.003
1432090800000,0.007
1432094400000,0.019
1432098000000,0.031
1432101600000,0.039
1432105200000,0.042
1432108800000,0.036
1432112400000,0.032
1432116000000,0.038
1432119600000,0.044
1432123200000,0.048
1432126800000,0.05
1432130400000,0.049
1432134000000,0.043
1432137600000,0.034
1432141200000,0.025
1432144800000,0.017
1432148400000,0.012
1432152000000,0.009
1432155600000,0.01
1432159200000,0.019
1432162800000,0.022
1432166400000,0.021
1432170000000,0.022
1432173600000,0.018
1432177200000,0.012
1432180800000,0.007
1432184400000,0.006
1432188000000,0.006
1432191600000,0.007
1432195200000,0.009
1432198800000,0.015
1432202400000,0.029
1432206000000,0.028
1432209600000,0.019
1432213200000,0.012
1432216800000,0.006
1432220400000,0.002
1432224000000,0.001
1432227600000,0.001
1432231200000,0.001
1432234800000,0.002
1432238400000,0.006
1432242000000,0.008
1432245600000,0.005
1432249200000,0.005
1432252800000,0.005
1432256400000,0.006
1432260000000,0.005
1432263600000,0.005
1432267200000,0.006
1432270800000,0.006
1432274400000,0.005
1432278000000,0.003
1432281600000,0.002
1432285200000,0.002
1432288800000,0.004
1432292400000,0.008
1432296000000,0.014
1432299600000,0.02
1432303200000,0.026
1432306800000,0.027
1432310400000,0.027
1432314000000,0.025
1432317600000,0.022
1432321200000,0.019
1432324800000,0.017
1432328400000,0.019
1432332000000,0.017
1432335600000,0.012
1432339200000,0.013
1432342800000,0.027
1432346400000,0.048
1432350000000,0.041
1432353600000,0.019
1432357200000,0.007
1432360800000,0.006
1432364400000,0.005
1432368000000,0.003
1432371600000,0.003
1432375200000,0.006
1432378800000,0.006
1432382400000,0.006
1432386000000,0.005
1432389600000,0.006
1432393200000,0.006
1432396800000,0.006
1432400400000,0.005
1432404000000,0.003
1432407600000,0.001
1432411200000,0.0
1432414800000,0.0
1432418400000,0.0
1432422000000,0.0
1432425600000,0.0
1432429200000,0.0
1432432800000,0.0
1432436400000,0.0
1432440000000,0.002
1432443600000,0.009
1432447200000,0.021
1432450800000,0.038
1432454400000,0.054
1432458000000,0.054
1432461600000,0.035
1432465200000,0.017
1432468800000,0.014
1432472400000,0.016
1432476000000,0.022
1432479600000,0.028
1432483200000,0.033
1432486800000,0.034
1432490400000,0.034
1432494000000,0.037
1432497600000,0.04
1432501200000,0.029
1432504800000,0.011
1432508400000,0.008
1432512000000,0.02
1432515600000,0.045
1432519200000,0.066
1432522800000,0.077
1432526400000,0.078
1432530000000,0.074
1432533600000,0.068
1432537200000,0.06
1432540800000,0.053
1432544400000,0.046
1432548000000,0.047
1432551600000,0.039
1432555200000,0.029
1432558800000,0.02
1432562400000,0.012
1432566000000,0.011
1432569600000,0.012
1432573200000,0.012
1432576800000,0.011
1432580400000,0.011
1432584000000,0.012
1432587600000,0.013
1432591200000,0.01
1432594800000,0.008
1432598400000,0.024
1432602000000,0.056
1432605600000,0.063
1432609200000,0.045
1432612800000,0.026
1432616400000,0.011
1432620000000,0.005
1432623600000,0.004
1432627200000,0.003
1432630800000,0.005
1432634400000,0.009
1432638000000,0.01
1432641600000,0.008
1432645200000,0.007
1432648800000,0.005
1432652400000,0.005
1432656000000,0.005
1432659600000,0.006
1432663200000,0.008
1432666800000,0.009
1432670400000,0.015
1432674000000,0.008
1432677600000,0.004
1432681200000,0.002
1432684800000,0.001
1432688400000,0.0
1432692000000,0.001
1432695600000,0.005
1432699200000,0.016
1432702800000,0.029
1432706400000,0.036
1432710000000,0.039
1432713600000,0.037
1432717200000,0.037
1432720800000,0.047
1432724400000,0.054
1432728000000,0.06
1432731600000,0.065
1432735200000,0.059
1432738800000,0.037
1432742400000,0.02
1432746000000,0.015
1432749600000,0.012
1432753200000,0.008
1432756800000,0.003
1432760400000,0.001
1432764000000,0.001
1432767600000,0.001
1432771200000,0.002
1432774800000,0.005
1432778400000,0.006
1432782000000,0.008
1432785600000,0.007
1432789200000,0.007
1432792800000,0.007
1432796400000,0.008
1432800000000,0.011
1432803600000,0.016
1432807200000,0.028
1432810800000,0.025
1432814400000,0.016
1432818000000,0.008
1432821600000,0.003
1432825200000,0.001
1432828800000,0.001
1432832400000,0.0
1432836000000,0.0
1432839600000,0.0
1432843200000,0.0
1432846800000,0.0
1432850400000,0.0
1432854000000,0.0
1432857600000,0.0
1432861200000,0.0
1432864800000,0.001
1432868400000,0.001
1432872000000,0.001
1432875600000,0.002
1432879200000,0.003
1432882800000,0.004
1432886400000,0.004
1432890000000,0.003
1432893600000,0.003
1432897200000,0.002
1432900800000,0.001
1432904400000,0.0
1432908000000,0.0
1432911600000,0.0
1432915200000,0.0
1432918800000,0.001
1432922400000,0.002
1432926000000,0.002
1432929600000,0.002
1432933200000,0.001
1432936800000,0.0
1432940400000,0.0
1432944000000,0.0
1432947600000,0.0
1432951200000,0.0
1432954800000,0.0
1432958400000,0.001
1432962000000,0.009
1432965600000,0.017
1432969200000,0.024
1432972800000,0.025
1432976400000,0.023
1432980000000,0.024
1432983600000,0.022
1432987200000,0.024
1432990800000,0.031
1432994400000,0.041
1432998000000,0.043
1433001600000,0.033
1433005200000,0.015
1433008800000,0.009
1433012400000,0.008
1433016000000,0.01
1433019600000,0.019
1433023200000,0.019
1433026800000,0.005
1433030400000,0.0
1433034000000,0.0
1433037600000,0.0
1433041200000,0.0
1433044800000,0.0
1433048400000,0.0
1433052000000,0.0
1433055600000,0.001
1433059200000,0.003
1433062800000,0.005
1433066400000,0.004
1433070000000,0.001
1433073600000,0.0
1433077200000,0.0
1433080800000,0.0
1433084400000,0.0
1433088000000,0.0
1433091600000,0.0
1433095200000,0.0
1433098800000,0.0
1433102400000,0.0
1433106000000,0.0
1433109600000,0.0
1433113200000,0.0
1433116800000,0.0
1433120400000,0.0
1433124000000,0.001
1433127600000,0.001
1433131200000,0.002
1433134800000,0.002
1433138400000,0.002
1433142000000,0.001
1433145600000,0.001
1433149200000,0.0
1433152800000,0.0
1433156400000,0.0
1433160000000,0.0
1433163600000,0.0
1433167200000,0.0
1433170800000,0.0
1433174400000,0.0
1433178000000,0.0
1433181600000,0.0
1433185200000,0.0
1433188800000,0.0
1433192400000,0.0
1433196000000,0.0
1433199600000,0.0
1433203200000,0.0
1433206800000,0.0
1433210400000,0.0
1433214000000,0.0
1433217600000,0.002
1433221200000,0.011
1433224800000,0.032
1433228400000,0.051
1433232000000,0.052
1433235600000,0.037
1433239200000,0.021
1433242800000,0.018
1433246400000,0.025
1433250000000,0.037
1433253600000,0.038
1433257200000,0.029
1433260800000,0.02
1433264400000,0.014
1433268000000,0.01
1433271600000,0.007
1433275200000,0.005
1433278800000,0.002
1433282400000,0.0
1433286000000,0.0
1433289600000,0.0
1433293200000,0.0
1433296800000,0.0
1433300400000,0.0
1433304000000,0.0
1433307600000,0.001
1433311200000,0.002
1433314800000,0.005
1433318400000,0.008
1433322000000,0.023
1433325600000,0.046
1433329200000,0.048
1433332800000,0.038
1433336400000,0.035
1433340000000,0.037
1433343600000,0.031
1433347200000,0.022
1433350800000,0.016
1433354400000,0.012
1433358000000,0.009
1433361600000,0.008
1433365200000,0.007
1433368800000,0.004
1433372400000,0.003
1433376000000,0.002
1433379600000,0.001
1433383200000,0.0
1433386800000,0.0
1433390400000,0.001
1433394000000,0.002
1433397600000,0.004
1433401200000,0.008
1433404800000,0.011
1433408400000,0.012
1433412000000,0.015
1433415600000,0.009
1433419200000,0.004
1433422800000,0.002
1433426400000,0.001
1433430000000,0.001
1433433600000,0.001
1433437200000,0.002
1433440800000,0.001
1433444400000,0.001
1433448000000,0.001
1433451600000,0.0
1433455200000,0.001
1433458800000,0.004
1433462400000,0.003
1433466000000,0.002
1433469600000,0.002
1433473200000,0.002
1433476800000,0.001
1433480400000,0.001
1433484000000,0.0
1433487600000,0.0
1433491200000,0.0
1433494800000,0.0
1433498400000,0.0
1433502000000,0.001
1433505600000,0.006
1433509200000,0.02
1433512800000,0.035
1433516400000,0.038
1433520000000,0.034
1433523600000,0.028
1433527200000,0.023
1433530800000,0.02
1433534400000,0.02
1433538000000,0.025
1433541600000,0.029
1433545200000,0.033
1433548800000,0.032
1433552400000,0.031
1433556000000,0.028
1433559600000,0.026
1433563200000,0.025
1433566800000,0.022
1433570400000,0.018
1433574000000,0.014
1433577600000,0.012
1433581200000,0.012
1433584800000,0.015
1433588400000,0.013
1433592000000,0.01
1433595600000,0.005
1433599200000,0.002
1433602800000,0.001
1433606400000,0.0
1433610000000,0.0
1433613600000,0.0
1433617200000,0.001
1433620800000,0.001
1433624400000,0.002
1433628000000,0.003
1433631600000,0.006
1433635200000,0.005
1433638800000,0.005
1433642400000,0.005
1433646000000,0.005
1433649600000,0.006
1433653200000,0.008
1433656800000,0.009
1433660400000,0.009
1433664000000,0.007
1433667600000,0.008
1433671200000,0.009
1433674800000,0.008
1433678400000,0.005
1433682000000,0.003
1433685600000,0.001
1433689200000,0.001
1433692800000,0.001
1433696400000,0.001
1433700000000,0.002
1433703600000,0.004
1433707200000,0.006
1433710800000,0.01
1433714400000,0.011
1433718000000,0.015
1433721600000,0.025
1433725200000,0.034
1433728800000,0.041
1433732400000,0.037
1433736000000,0.024
1433739600000,0.015
1433743200000,0.013
1433746800000,0.015
1433750400000,0.019
1433754000000,0.037
1433757600000,0.068
1433761200000,0.1
1433764800000,0.112
1433768400000,0.096
1433772000000,0.064
1433775600000,0.053
1433779200000,0.069
1433782800000,0.08
1433786400000,0.061
1433790000000,0.049
1433793600000,0.053
1433797200000,0.068
1433800800000,0.091
1433804400000,0.111
1433808000000,0.156
1433811600000,0.245
1433815200000,0.334
1433818800000,0.37
1433822400000,0.337
1433826000000,0.211
1433829600000,0.111
1433833200000,0.062
1433836800000,0.047
1433840400000,0.042
1433844000000,0.041
1433847600000,0.036
1433851200000,0.03
1433854800000,0.026
1433858400000,0.024
1433862000000,0.014
1433865600000,0.005
1433869200000,0.001
1433872800000,0.0
1433876400000,0.0
1433880000000,0.0
1433883600000,0.0
1433887200000,0.001
1433890800000,0.0
1433894400000,0.0
1433898000000,0.0
1433901600000,0.0
1433905200000,0.0
1433908800000,0.0
1433912400000,0.0
1433916000000,0.0
1433919600000,0.0
1433923200000,0.0
1433926800000,0.0
1433930400000,0.0
1433934000000,0.0
1433937600000,0.0
1433941200000,0.001
1433944800000,0.002
1433948400000,0.005
1433952000000,0.014
1433955600000,0.025
1433959200000,0.025
1433962800000,0.018
1433966400000,0.009
1433970000000,0.003
1433973600000,0.001
1433977200000,0.0
1433980800000,0.0
1433984400000,0.001
1433988000000,0.002
1433991600000,0.004
1433995200000,0.006
1433998800000,0.011
1434002400000,0.019
1434006000000,0.023
1434009600000,0.021
1434013200000,0.018
1434016800000,0.017
1434020400000,0.014
1434024000000,0.011
1434027600000,0.008
1434031200000,0.007
1434034800000,0.005
1434038400000,0.002
1434042000000,0.001
1434045600000,0.001
1434049200000,0.001
1434052800000,0.001
1434056400000,0.001
1434060000000,0.003
1434063600000,0.008
1434067200000,0.013
1434070800000,0.013
1434074400000,0.009
1434078000000,0.005
1434081600000,0.003
1434085200000,0.002
1434088800000,0.002
1434092400000,0.006
1434096000000,0.011
1434099600000,0.022
1434103200000,0.041
1434106800000,0.05
1434110400000,0.058
1434114000000,0.065
1434117600000,0.071
1434121200000,0.069
1434124800000,0.064
1434128400000,0.061
1434132000000,0.06
1434135600000,0.061
1434139200000,0.071
1434142800000,0.093
1434146400000,0.115
1434150000000,0.136
1434153600000,0.118
1434157200000,0.089
1434160800000,0.086
1434164400000,0.093
1434168000000,0.093
1434171600000,0.072
1434175200000,0.041
1434178800000,0.02
1434182400000,0.012
1434186000000,0.01
1434189600000,0.01
1434193200000,0.007
1434196800000,0.004
1434200400000,0.002
1434204000000,0.0
1434207600000,0.0
1434211200000,0.0
1434214800000,0.0
1434218400000,0.0
1434222000000,0.0
1434225600000,0.0
1434229200000,0.0
1434232800000,0.0
1434236400000,0.0
1434240000000,0.0
1434243600000,0.001
1434247200000,0.001
1434250800000,0.0
1434254400000,0.001
1434258000000,0.005
1434261600000,0.013
1434265200000,0.014
1434268800000,0.014
1434272400000,0.015
1434276000000,0.021
1434279600000,0.027
1434283200000,0.036
1434286800000,0.048
1434290400000,0.067
1434294000000,0.089
1434297600000,0.107
1434301200000,0.133
1434304800000,0.175
1434308400000,0.193
1434312000000,0.189
1434315600000,0.176
1434319200000,0.142
1434322800000,0.098
1434326400000,0.082
1434330000000,0.061
1434333600000,0.045
1434337200000,0.038
1434340800000,0.036
1434344400000,0.038
1434348000000,0.047
1434351600000,0.061
1434355200000,0.078
1434358800000,0.082
1434362400000,0.077
1434366000000,0.044
1434369600000,0.037
1434373200000,0.046
1434376800000,0.047
1434380400000,0.051
1434384000000,0.057
1434387600000,0.057
1434391200000,0.064
1434394800000,0.069
1434398400000,0.063
1434402000000,0.047
1434405600000,0.04
1434409200000,0.03
1434412800000,0.022
1434416400000,0.027
1434420000000,0.051
1434423600000,0.071
1434427200000,0.086
1434430800000,0.104
1434434400000,0.121
1434438000000,0.13
1434441600000,0.124
1434445200000,0.105
1434448800000,0.096
1434452400000,0.089
1434456000000,0.084
1434459600000,0.079
1434463200000,0.069
1434466800000,0.068
1434470400000,0.068
1434474000000,0.061
1434477600000,0.054
1434481200000,0.05
1434484800000,0.049
1434488400000,0.055
1434492000000,0.054
1434495600000,0.066
1434499200000,0.083
1434502800000,0.1
1434506400000,0.106
1434510000000,0.111
1434513600000,0.117
1434517200000,0.117
1434520800000,0.117
1434524400000,0.114
1434528000000,0.107
1434531600000,0.079
1434535200000,0.066
1434538800000,0.057
1434542400000,0.054
1434546000000,0.051
1434549600000,0.051
1434553200000,0.058
1434556800000,0.069
1434560400000,0.071
1434564000000,0.064
1434567600000,0.058
1434571200000,0.056
1434574800000,0.044
1434578400000,0.026
1434582000000,0.018
1434585600000,0.014
1434589200000,0.011
1434592800000,0.009
1434596400000,0.013
1434600000000,0.026
1434603600000,0.05
1434607200000,0.076
1434610800000,0.086
1434614400000,0.079
1434618000000,0.053
1434621600000,0.027
1434625200000,0.011
1434628800000,0.004
1434632400000,0.003
1434636000000,0.006
1434639600000,0.018
1434643200000,0.035
1434646800000,0.049
1434650400000,0.06
1434654000000,0.058
1434657600000,0.05
1434661200000,0.033
1434664800000,0.02
1434668400000,0.025
1434672000000,0.039
1434675600000,0.053
1434679200000,0.063
1434682800000,0.082
1434686400000,0.112
1434690000000,0.142
1434693600000,0.158
1434697200000,0.162
1434700800000,0.146
1434704400000,0.11
1434708000000,0.102
1434711600000,0.096
1434715200000,0.096
1434718800000,0.107
1434722400000,0.13
1434726000000,0.168
1434729600000,0.192
1434733200000,0.195
1434736800000,0.198
1434740400000,0.216
1434744000000,0.212
1434747600000,0.198
1434751200000,0.162
1434754800000,0.179
1434758400000,0.187
1434762000000,0.192
1434765600000,0.187
1434769200000,0.19
1434772800000,0.194
1434776400000,0.194
1434780000000,0.201
1434783600000,0.201
1434787200000,0.182
1434790800000,0.115
1434794400000,0.071
1434798000000,0.041
1434801600000,0.02
1434805200000,0.009
1434808800000,0.008
1434812400000,0.023
1434816000000,0.061
1434819600000,0.09
1434823200000,0.094
1434826800000,0.081
1434830400000,0.06
1434834000000,0.054
1434837600000,0.067
1434841200000,0.072
1434844800000,0.059
1434848400000,0.038
1434852000000,0.028
1434855600000,0.031
1434859200000,0.043
1434862800000,0.067
1434866400000,0.084
1434870000000,0.084
1434873600000,0.075
1434877200000,0.068
1434880800000,0.069
1434884400000,0.058
1434888000000,0.05
1434891600000,0.045
1434895200000,0.039
1434898800000,0.03
1434902400000,0.018
1434906000000,0.011
1434909600000,0.007
1434913200000,0.007
1434916800000,0.008
1434920400000,0.01
1434924000000,0.008
1434927600000,0.004
1434931200000,0.002
1434934800000,0.001
1434938400000,0.0
1434942000000,0.0
1434945600000,0.0
1434949200000,0.001
1434952800000,0.004
1434956400000,0.01
1434960000000,0.016
1434963600000,0.025
1434967200000,0.041
1434970800000,0.051
1434974400000,0.051
1434978000000,0.043
1434981600000,0.036
1434985200000,0.03
1434988800000,0.024
1434992400000,0.019
1434996000000,0.013
1434999600000,0.008
1435003200000,0.005
1435006800000,0.003
1435010400000,0.001
1435014000000,0.001
1435017600000,0.0
1435021200000,0.0
1435024800000,0.001
1435028400000,0.003
1435032000000,0.017
1435035600000,0.046
1435039200000,0.084
1435042800000,0.109
1435046400000,0.1
1435050000000,0.07
1435053600000,0.049
1435057200000,0.041
1435060800000,0.035
1435064400000,0.034
1435068000000,0.036
1435071600000,0.046
1435075200000,0.061
1435078800000,0.074
1435082400000,0.088
1435086000000,0.089
1435089600000,0.086
1435093200000,0.087
1435096800000,0.079
1435100400000,0.073
1435104000000,0.068
1435107600000,0.066
1435111200000,0.066
1435114800000,0.06
1435118400000,0.058
1435122000000,0.064
1435125600000,0.076
1435129200000,0.095
1435132800000,0.107
1435136400000,0.111
1435140000000,0.118
1435143600000,0.118
1435147200000,0.115
1435150800000,0.103
1435154400000,0.1
1435158000000,0.117
1435161600000,0.171
1435165200000,0.249
1435168800000,0.313
1435172400000,0.347
1435176000000,0.341
1435179600000,0.317
1435183200000,0.254
1435186800000,0.237
1435190400000,0.22
1435194000000,0.209
1435197600000,0.213
1435201200000,0.225
1435204800000,0.235
1435208400000,0.249
1435212000000,0.269
1435215600000,0.272
1435219200000,0.249
1435222800000,0.202
1435226400000,0.185
1435230000000,0.176
1435233600000,0.17
1435237200000,0.163
1435240800000,0.15
1435244400000,0.133
1435248000000,0.125
1435251600000,0.138
1435255200000,0.147
1435258800000,0.142
1435262400000,0.133
1435266000000,0.129
1435269600000,0.101
1435273200000,0.084
1435276800000,0.076
1435280400000,0.07
1435284000000,0.071
1435287600000,0.084
1435291200000,0.101
1435294800000,0.122
1435298400000,0.136
1435302000000,0.142
1435305600000,0.128
1435309200000,0.111
1435312800000,0.107
1435316400000,0.097
1435320000000,0.08
1435323600000,0.061
1435327200000,0.045
1435330800000,0.035
1435334400000,0.03
1435338000000,0.027
1435341600000,0.021
1435345200000,0.015
1435348800000,0.011
1435352400000,0.01
1435356000000,0.01
1435359600000,0.018
1435363200000,0.024
1435366800000,0.029
1435370400000,0.032
1435374000000,0.031
1435377600000,0.03
1435381200000,0.035
1435384800000,0.047
1435388400000,0.063
1435392000000,0.077
1435395600000,0.076
1435399200000,0.062
1435402800000,0.031
1435406400000,0.01
1435410000000,0.005
1435413600000,0.004
1435417200000,0.004
1435420800000,0.002
1435424400000,0.0
1435428000000,0.0
1435431600000,0.0
1435435200000,0.0
1435438800000,0.0
1435442400000,0.0
1435446000000,0.0
1435449600000,0.001
1435453200000,0.003
1435456800000,0.01
1435460400000,0.029
1435464000000,0.062
1435467600000,0.096
1435471200000,0.119
1435474800000,0.132
1435478400000,0.135
1435482000000,0.119
1435485600000,0.104
1435489200000,0.088
1435492800000,0.071
1435496400000,0.054
1435500000000,0.042
1435503600000,0.041
1435507200000,0.048
1435510800000,0.054
1435514400000,0.06
1435518000000,0.064
1435521600000,0.067
1435525200000,0.053
1435528800000,0.029
1435532400000,0.017
1435536000000,0.014
1435539600000,0.013
1435543200000,0.021
1435546800000,0.046
1435550400000,0.084
1435554000000,0.117
1435557600000,0.139
1435561200000,0.145
1435564800000,0.132
1435568400000,0.105
1435572000000,0.086
1435575600000,0.065
1435579200000,0.045
1435582800000,0.034
1435586400000,0.033
1435590000000,0.049
1435593600000,0.076
1435597200000,0.098
1435600800000,0.112
1435604400000,0.117
1435608000000,0.114
1435611600000,0.095
1435615200000,0.074
1435618800000,0.11
1435622400000,0.135
1435626000000,0.156
1435629600000,0.182
1435633200000,0.231
1435636800000,0.295
1435640400000,0.336
1435644000000,0.345
1435647600000,0.323
1435651200000,0.255
1435654800000,0.168
1435658400000,0.103
1435662000000,0.06
1435665600000,0.035
1435669200000,0.02
1435672800000,0.011
1435676400000,0.01
1435680000000,0.018
1435683600000,0.035
1435687200000,0.057
1435690800000,0.071
1435694400000,0.071
1435698000000,0.062
1435701600000,0.058
1435705200000,0.084
1435708800000,0.13
1435712400000,0.167
1435716000000,0.213
1435719600000,0.261
1435723200000,0.303
1435726800000,0.321
1435730400000,0.301
1435734000000,0.234
1435737600000,0.156
1435741200000,0.106
1435744800000,0.1
1435748400000,0.101
1435752000000,0.066
1435755600000,0.065
1435759200000,0.113
1435762800000,0.16
1435766400000,0.187
1435770000000,0.207
1435773600000,0.227
1435777200000,0.245
1435780800000,0.259
1435784400000,0.276
1435788000000,0.283
1435791600000,0.299
1435795200000,0.384
1435798800000,0.425
1435802400000,0.436
1435806000000,0.445
1435809600000,0.459
1435813200000,0.475
1435816800000,0.437
1435820400000,0.285
1435824000000,0.146
1435827600000,0.086
1435831200000,0.062
1435834800000,0.057
1435838400000,0.08
1435842000000,0.121
1435845600000,0.175
1435849200000,0.205
1435852800000,0.231
1435856400000,0.27
1435860000000,0.287
1435863600000,0.294
1435867200000,0.294
1435870800000,0.272
1435874400000,0.221
1435878000000,0.176
1435881600000,0.214
1435885200000,0.274
1435888800000,0.346
1435892400000,0.476
1435896000000,0.597
1435899600000,0.67
1435903200000,0.679
1435906800000,0.625
1435910400000,0.445
1435914000000,0.238
1435917600000,0.167
1435921200000,0.182
1435924800000,0.243
1435928400000,0.312
1435932000000,0.395
1435935600000,0.47
1435939200000,0.516
1435942800000,0.519
1435946400000,0.501
1435950000000,0.518
1435953600000,0.504
1435957200000,0.481
1435960800000,0.467
1435964400000,0.421
1435968000000,0.469
1435971600000,0.59
1435975200000,0.652
1435978800000,0.674
1435982400000,0.668
1435986000000,0.655
1435989600000,0.637
1435993200000,0.571
1435996800000,0.466
1436000400000,0.388
1436004000000,0.381
1436007600000,0.402
1436011200000,0.457
1436014800000,0.488
1436018400000,0.464
1436022000000,0.478
1436025600000,0.526
1436029200000,0.552
1436032800000,0.546
1436036400000,0.523
1436040000000,0.516
1436043600000,0.538
1436047200000,0.519
1436050800000,0.525
1436054400000,0.638
1436058000000,0.72
1436061600000,0.801
1436065200000,0.864
1436068800000,0.886
1436072400000,0.873
1436076000000,0.841
1436079600000,0.753
1436083200000,0.607
1436086800000,0.479
1436090400000,0.46
1436094000000,0.447
1436097600000,0.484
1436101200000,0.506
1436104800000,0.511
1436108400000,0.49
1436112000000,0.471
1436115600000,0.443
1436119200000,0.443
1436122800000,0.447
1436126400000,0.449
1436130000000,0.469
1436133600000,0.42
1436137200000,0.467
1436140800000,0.578
1436144400000,0.597
1436148000000,0.582
1436151600000,0.561
1436155200000,0.525
1436158800000,0.476
1436162400000,0.411
1436166000000,0.319
1436169600000,0.194
1436173200000,0.113
1436176800000,0.103
1436180400000,0.121
1436184000000,0.159
1436187600000,0.201
1436191200000,0.239
1436194800000,0.256
1436198400000,0.27
1436202000000,0.278
1436205600000,0.284
1436209200000,0.291
1436212800000,0.309
1436216400000,0.294
1436220000000,0.255
1436223600000,0.354
1436227200000,0.41
1436230800000,0.409
1436234400000,0.368
1436238000000,0.343
1436241600000,0.333
1436245200000,0.341
1436248800000,0.355
1436252400000,0.341
1436256000000,0.274
1436259600000,0.167
1436263200000,0.149
1436266800000,0.148
1436270400000,0.153
1436274000000,0.177
1436277600000,0.201
1436281200000,0.207
1436284800000,0.216
1436288400000,0.225
1436292000000,0.233
1436295600000,0.227
1436299200000,0.216
1436302800000,0.225
1436306400000,0.223
1436310000000,0.255
1436313600000,0.332
1436317200000,0.398
1436320800000,0.438
1436324400000,0.465
1436328000000,0.479
1436331600000,0.484
1436335200000,0.469
1436338800000,0.432
1436342400000,0.332
1436346000000,0.221
1436349600000,0.197
1436353200000,0.206
1436356800000,0.215
1436360400000,0.208
1436364000000,0.21
1436367600000,0.218
1436371200000,0.234
1436374800000,0.247
1436378400000,0.261
1436382000000,0.274
1436385600000,0.292
1436389200000,0.343
1436392800000,0.401
1436396400000,0.44
1436400000000,0.575
1436403600000,0.623
1436407200000,0.62
1436410800000,0.633
1436414400000,0.672
1436418000000,0.703
1436421600000,0.688
1436425200000,0.618
1436428800000,0.488
1436432400000,0.398
1436436000000,0.374
1436439600000,0.432
1436443200000,0.407
1436446800000,0.4
1436450400000,0.399
1436454000000,0.398
1436457600000,0.407
1436461200000,0.42
1436464800000,0.448
1436468400000,0.45
1436472000000,0.456
1436475600000,0.434
1436479200000,0.395
1436482800000,0.391
1436486400000,0.494
1436490000000,0.592
1436493600000,0.624
1436497200000,0.667
1436500800000,0.711
1436504400000,0.746
1436508000000,0.754
1436511600000,0.731
1436515200000,0.626
1436518800000,0.524
1436522400000,0.407
1436526000000,0.311
1436529600000,0.277
1436533200000,0.284
1436536800000,0.302
1436540400000,0.325
1436544000000,0.344
1436547600000,0.362
1436551200000,0.372
1436554800000,0.368
1436558400000,0.371
1436562000000,0.376
1436565600000,0.334
1436569200000,0.267
1436572800000,0.296
1436576400000,0.329
1436580000000,0.335
1436583600000,0.334
1436587200000,0.336
1436590800000,0.319
1436594400000,0.292
1436598000000,0.245
1436601600000,0.199
1436605200000,0.191
1436608800000,0.227
1436612400000,0.264
1436616000000,0.278
1436619600000,0.276
1436623200000,0.284
1436626800000,0.299
1436630400000,0.312
1436634000000,0.322
1436637600000,0.329
1436641200000,0.337
1436644800000,0.362
1436648400000,0.382
1436652000000,0.37
1436655600000,0.392
1436659200000,0.459
1436662800000,0.503
1436666400000,0.503
1436670000000,0.471
1436673600000,0.444
1436677200000,0.431
1436680800000,0.407
1436684400000,0.374
1436688000000,0.32
1436691600000,0.259
1436695200000,0.278
1436698800000,0.309
1436702400000,0.32
1436706000000,0.314
1436709600000,0.309
1436713200000,0.299
1436716800000,0.268
1436720400000,0.254
1436724000000,0.254
1436727600000,0.256
1436731200000,0.243
1436734800000,0.241
1436738400000,0.215
1436742000000,0.231
1436745600000,0.267
1436749200000,0.283
1436752800000,0.285
1436756400000,0.274
1436760000000,0.261
1436763600000,0.243
1436767200000,0.21
1436770800000,0.193
1436774400000,0.181
1436778000000,0.166
1436781600000,0.194
1436785200000,0.211
1436788800000,0.225
1436792400000,0.249
1436796000000,0.268
1436799600000,0.278
1436803200000,0.282
1436806800000,0.257
1436810400000,0.228
1436814000000,0.227
1436817600000,0.259
1436821200000,0.279
1436824800000,0.252
1436828400000,0.286
1436832000000,0.325
1436835600000,0.325
1436839200000,0.308
1436842800000,0.284
1436846400000,0.272
1436850000000,0.263
1436853600000,0.262
1436857200000,0.274
1436860800000,0.291
1436864400000,0.294
1436868000000,0.314
1436871600000,0.312
1436875200000,0.298
1436878800000,0.304
1436882400000,0.309
1436886000000,0.289
1436889600000,0.279
1436893200000,0.297
1436896800000,0.328
1436900400000,0.356
1436904000000,0.39
1436907600000,0.398
1436911200000,0.345
1436914800000,0.401
1436918400000,0.388
1436922000000,0.329
1436925600000,0.27
1436929200000,0.231
1436932800000,0.204
1436936400000,0.185
1436940000000,0.165
1436943600000,0.143
1436947200000,0.131
1436950800000,0.135
1436954400000,0.146
1436958000000,0.144
1436961600000,0.142
1436965200000,0.134
1436968800000,0.136
1436972400000,0.154
1436976000000,0.174
1436979600000,0.185
1436983200000,0.19
1436986800000,0.181
1436990400000,0.183
1436994000000,0.208
1436997600000,0.217
1437001200000,0.231
1437004800000,0.256
1437008400000,0.27
1437012000000,0.274
1437015600000,0.265
1437019200000,0.237
1437022800000,0.206
1437026400000,0.182
1437030000000,0.171
1437033600000,0.167
1437037200000,0.181
1437040800000,0.244
1437044400000,0.314
1437048000000,0.358
1437051600000,0.355
1437055200000,0.328
1437058800000,0.277
1437062400000,0.241
1437066000000,0.212
1437069600000,0.202
1437073200000,0.209
1437076800000,0.234
1437080400000,0.245
1437084000000,0.197
1437087600000,0.203
1437091200000,0.235
1437094800000,0.238
1437098400000,0.248
1437102000000,0.27
1437105600000,0.297
1437109200000,0.323
1437112800000,0.341
1437116400000,0.352
1437120000000,0.352
1437123600000,0.317
1437127200000,0.31
1437130800000,0.31
1437134400000,0.305
1437138000000,0.291
1437141600000,0.289
1437145200000,0.318
1437148800000,0.339
1437152400000,0.313
1437156000000,0.315
1437159600000,0.332
1437163200000,0.341
1437166800000,0.341
1437170400000,0.295
1437174000000,0.355
1437177600000,0.389
1437181200000,0.376
1437184800000,0.334
1437188400000,0.279
1437192000000,0.243
1437195600000,0.223
1437199200000,0.201
1437202800000,0.19
1437206400000,0.188
1437210000000,0.167
1437213600000,0.185
1437217200000,0.207
1437220800000,0.215
1437224400000,0.223
1437228000000,0.235
1437231600000,0.249
1437235200000,0.256
1437238800000,0.263
1437242400000,0.268
1437246000000,0.251
1437249600000,0.245
1437253200000,0.244
1437256800000,0.188
1437260400000,0.169
1437264000000,0.17
1437267600000,0.162
1437271200000,0.136
1437274800000,0.111
1437278400000,0.09
1437282000000,0.074
1437285600000,0.057
1437289200000,0.039
1437292800000,0.031
1437296400000,0.029
1437300000000,0.029
1437303600000,0.021
1437307200000,0.016
1437310800000,0.014
1437314400000,0.012
1437318000000,0.01
1437321600000,0.008
1437325200000,0.006
1437328800000,0.006
1437332400000,0.008
1437336000000,0.012
1437339600000,0.011
1437343200000,0.005
1437346800000,0.001
1437350400000,0.0
1437354000000,0.0
1437357600000,0.0
1437361200000,0.0
1437364800000,0.003
1437368400000,0.009
1437372000000,0.02
1437375600000,0.028
1437379200000,0.034
1437382800000,0.038
1437386400000,0.045
1437390000000,0.05
1437393600000,0.062
1437397200000,0.072
1437400800000,0.072
1437404400000,0.067
1437408000000,0.074
1437411600000,0.111
1437415200000,0.148
1437418800000,0.168
1437422400000,0.183
1437426000000,0.196
1437429600000,0.179
1437433200000,0.172
1437436800000,0.151
1437440400000,0.1
1437444000000,0.051
1437447600000,0.044
1437451200000,0.042
1437454800000,0.031
1437458400000,0.025
1437462000000,0.024
1437465600000,0.026
1437469200000,0.028
1437472800000,0.02
1437476400000,0.005
1437480000000,0.0
1437483600000,0.002
1437487200000,0.037
1437490800000,0.061
1437494400000,0.059
1437498000000,0.072
1437501600000,0.063
1437505200000,0.057
1437508800000,0.052
1437512400000,0.041
1437516000000,0.027
1437519600000,0.014
1437523200000,0.013
1437526800000,0.02
1437530400000,0.028
1437534000000,0.03
1437537600000,0.028
1437541200000,0.03
1437544800000,0.036
1437548400000,0.046
1437552000000,0.056
1437555600000,0.054
1437559200000,0.042
1437562800000,0.028
1437566400000,0.017
1437570000000,0.01
1437573600000,0.005
1437577200000,0.005
1437580800000,0.006
1437584400000,0.007
1437588000000,0.008
1437591600000,0.008
1437595200000,0.006
1437598800000,0.005
1437602400000,0.006
1437606000000,0.012
1437609600000,0.026
1437613200000,0.047
1437616800000,0.068
1437620400000,0.084
1437624000000,0.094
1437627600000,0.102
1437631200000,0.097
1437634800000,0.083
1437638400000,0.068
1437642000000,0.064
1437645600000,0.068
1437649200000,0.069
1437652800000,0.069
1437656400000,0.07
1437660000000,0.072
1437663600000,0.069
1437667200000,0.062
1437670800000,0.061
1437674400000,0.061
1437678000000,0.066
1437681600000,0.069
1437685200000,0.069
1437688800000,0.058
1437692400000,0.049
1437696000000,0.04
1437699600000,0.033
1437703200000,0.025
1437706800000,0.02
1437710400000,0.014
1437714000000,0.008
1437717600000,0.004
1437721200000,0.002
1437724800000,0.002
1437728400000,0.003
1437732000000,0.007
1437735600000,0.013
1437739200000,0.022
1437742800000,0.027
1437746400000,0.025
1437750000000,0.018
1437753600000,0.01
1437757200000,0.006
1437760800000,0.006
1437764400000,0.009
1437768000000,0.013
1437771600000,0.017
1437775200000,0.014
1437778800000,0.011
1437782400000,0.01
1437786000000,0.01
1437789600000,0.01
1437793200000,0.01
1437796800000,0.009
1437800400000,0.007
1437804000000,0.006
1437807600000,0.006
1437811200000,0.006
1437814800000,0.007
1437818400000,0.01
1437822000000,0.01
1437825600000,0.011
1437829200000,0.01
1437832800000,0.01
1437836400000,0.008
1437840000000,0.005
1437843600000,0.002
1437847200000,0.001
1437850800000,0.001
1437854400000,0.001
1437858000000,0.002
1437861600000,0.003
1437865200000,0.004
1437868800000,0.009
1437872400000,0.009
1437876000000,0.006
1437879600000,0.003
1437883200000,0.002
1437886800000,0.002
1437890400000,0.003
1437894000000,0.002
1437897600000,0.002
1437901200000,0.001
1437904800000,0.0
1437908400000,0.0
1437912000000,0.0
1437915600000,0.0
1437919200000,0.0
1437922800000,0.0
1437926400000,0.0
1437930000000,0.0
1437933600000,0.0
1437937200000,0.0
1437940800000,0.0
1437944400000,0.0
1437948000000,0.0
1437951600000,0.0
1437955200000,0.0
1437958800000,0.0
1437962400000,0.0
1437966000000,0.0
1437969600000,0.001
1437973200000,0.002
1437976800000,0.003
1437980400000,0.004
1437984000000,0.003
1437987600000,0.002
1437991200000,0.001
1437994800000,0.003
1437998400000,0.018
1438002000000,0.035
1438005600000,0.009
1438009200000,0.001
1438012800000,0.001
1438016400000,0.0
1438020000000,0.0
1438023600000,0.0
1438027200000,0.0
1438030800000,0.0
1438034400000,0.0
1438038000000,0.0
1438041600000,0.0
1438045200000,0.0
1438048800000,0.0
1438052400000,0.0
1438056000000,0.0
1438059600000,0.0
1438063200000,0.001
1438066800000,0.001
1438070400000,0.003
1438074000000,0.008
1438077600000,0.017
1438081200000,0.024
1438084800000,0.025
1438088400000,0.018
1438092000000,0.011
1438095600000,0.008
1438099200000,0.005
1438102800000,0.002
1438106400000,0.001
1438110000000,0.0
1438113600000,0.0
1438117200000,0.0
1438120800000,0.0
1438124400000,0.0
1438128000000,0.0
1438131600000,0.0
1438135200000,0.0
1438138800000,0.001
1438142400000,0.002
1438146000000,0.004
1438149600000,0.008
1438153200000,0.014
1438156800000,0.02
1438160400000,0.025
1438164000000,0.034
1438167600000,0.035
1438171200000,0.032
1438174800000,0.031
1438178400000,0.038
1438182000000,0.048
1438185600000,0.062
1438189200000,0.064
1438192800000,0.038
1438196400000,0.012
1438200000000,0.003
1438203600000,0.003
1438207200000,0.004
1438210800000,0.001
1438214400000,0.001
1438218000000,0.002
1438221600000,0.006
1438225200000,0.011
1438228800000,0.016
1438232400000,0.026
1438236000000,0.046
1438239600000,0.066
1438243200000,0.078
1438246800000,0.084
1438250400000,0.086
1438254000000,0.082
1438257600000,0.073
1438261200000,0.063
1438264800000,0.054
1438268400000,0.046
1438272000000,0.035
1438275600000,0.026
1438279200000,0.027
1438282800000,0.036
1438286400000,0.044
1438290000000,0.04
1438293600000,0.025
1438297200000,0.017
1438300800000,0.01
1438304400000,0.007
1438308000000,0.009
1438311600000,0.022
1438315200000,0.052
1438318800000,0.083
1438322400000,0.103
1438326000000,0.104
1438329600000,0.084
1438333200000,0.065
1438336800000,0.053
1438340400000,0.034
1438344000000,0.008
1438347600000,0.002
1438351200000,0.001
1438354800000,0.005
1438358400000,0.027
1438362000000,0.063
1438365600000,0.088
1438369200000,0.107
1438372800000,0.121
1438376400000,0.137
1438380000000,0.136
1438383600000,0.149
1438387200000,0.164
1438390800000,0.163
1438394400000,0.166
1438398000000,0.168
1438401600000,0.174
1438405200000,0.172
1438408800000,0.164
1438412400000,0.144
1438416000000,0.116
1438419600000,0.089
1438423200000,0.078
1438426800000,0.068
1438430400000,0.06
1438434000000,0.057
1438437600000,0.059
1438441200000,0.057
1438444800000,0.054
1438448400000,0.063
1438452000000,0.088
1438455600000,0.118
1438459200000,0.134
1438462800000,0.137
1438466400000,0.138
1438470000000,0.164
1438473600000,0.191
1438477200000,0.187
1438480800000,0.185
1438484400000,0.2
1438488000000,0.221
1438491600000,0.234
1438495200000,0.235
1438498800000,0.207
1438502400000,0.158
1438506000000,0.124
1438509600000,0.131
1438513200000,0.136
1438516800000,0.144
1438520400000,0.154
1438524000000,0.167
1438527600000,0.194
1438531200000,0.219
1438534800000,0.225
1438538400000,0.218
1438542000000,0.206
1438545600000,0.183
1438549200000,0.152
1438552800000,0.11
1438556400000,0.093
1438560000000,0.089
1438563600000,0.084
1438567200000,0.095
1438570800000,0.14
1438574400000,0.184
1438578000000,0.199
1438581600000,0.201
1438585200000,0.192
1438588800000,0.155
1438592400000,0.106
1438596000000,0.087
1438599600000,0.079
1438603200000,0.071
1438606800000,0.066
1438610400000,0.07
1438614000000,0.09
1438617600000,0.107
1438621200000,0.136
1438624800000,0.159
1438628400000,0.151
1438632000000,0.12
1438635600000,0.071
1438639200000,0.043
1438642800000,0.064
1438646400000,0.106
1438650000000,0.158
1438653600000,0.203
1438657200000,0.261
1438660800000,0.344
1438664400000,0.433
1438668000000,0.514
1438671600000,0.524
1438675200000,0.414
1438678800000,0.291
1438682400000,0.241
1438686000000,0.219
1438689600000,0.207
1438693200000,0.212
1438696800000,0.22
1438700400000,0.255
1438704000000,0.291
1438707600000,0.324
1438711200000,0.329
1438714800000,0.291
1438718400000,0.266
1438722000000,0.278
1438725600000,0.252
1438729200000,0.294
1438732800000,0.384
1438736400000,0.391
1438740000000,0.362
1438743600000,0.395
1438747200000,0.453
1438750800000,0.463
1438754400000,0.434
1438758000000,0.388
1438761600000,0.305
1438765200000,0.205
1438768800000,0.194
1438772400000,0.22
1438776000000,0.262
1438779600000,0.27
1438783200000,0.253
1438786800000,0.26
1438790400000,0.348
1438794000000,0.434
1438797600000,0.446
1438801200000,0.45
1438804800000,0.462
1438808400000,0.467
1438812000000,0.381
1438815600000,0.407
1438819200000,0.552
1438822800000,0.649
1438826400000,0.702
1438830000000,0.744
1438833600000,0.772
1438837200000,0.781
1438840800000,0.788
1438844400000,0.766
1438848000000,0.656
1438851600000,0.526
1438855200000,0.472
1438858800000,0.395
1438862400000,0.426
1438866000000,0.529
1438869600000,0.559
1438873200000,0.558
1438876800000,0.536
1438880400000,0.54
1438884000000,0.546
1438887600000,0.527
1438891200000,0.522
1438894800000,0.525
1438898400000,0.495
1438902000000,0.574
1438905600000,0.674
1438909200000,0.739
1438912800000,0.788
1438916400000,0.832
1438920000000,0.866
1438923600000,0.887
1438927200000,0.893
1438930800000,0.862
1438934400000,0.768
1438938000000,0.6
1438941600000,0.538
1438945200000,0.487
1438948800000,0.43
1438952400000,0.383
1438956000000,0.388
1438959600000,0.367
1438963200000,0.372
1438966800000,0.381
1438970400000,0.416
1438974000000,0.422
1438977600000,0.396
1438981200000,0.386
1438984800000,0.364
1438988400000,0.436
1438992000000,0.563
1438995600000,0.594
1438999200000,0.593
1439002800000,0.613
1439006400000,0.626
1439010000000,0.629
1439013600000,0.601
1439017200000,0.538
1439020800000,0.417
1439024400000,0.33
1439028000000,0.305
1439031600000,0.279
1439035200000,0.291
1439038800000,0.296
1439042400000,0.283
1439046000000,0.263
1439049600000,0.245
1439053200000,0.238
1439056800000,0.243
1439060400000,0.257
1439064000000,0.272
1439067600000,0.317
1439071200000,0.314
1439074800000,0.332
1439078400000,0.413
1439082000000,0.44
1439085600000,0.432
1439089200000,0.413
1439092800000,0.395
1439096400000,0.381
1439100000000,0.368
1439103600000,0.346
1439107200000,0.323
1439110800000,0.304
1439114400000,0.309
1439118000000,0.314
1439121600000,0.337
1439125200000,0.343
1439128800000,0.347
1439132400000,0.348
1439136000000,0.334
1439139600000,0.325
1439143200000,0.32
1439146800000,0.324
1439150400000,0.33
1439154000000,0.325
1439157600000,0.267
1439161200000,0.248
1439164800000,0.263
1439168400000,0.245
1439172000000,0.225
1439175600000,0.203
1439179200000,0.168
1439182800000,0.126
1439186400000,0.093
1439190000000,0.072
1439193600000,0.06
1439197200000,0.057
1439200800000,0.061
1439204400000,0.068
1439208000000,0.076
1439211600000,0.077
1439215200000,0.077
1439218800000,0.078
1439222400000,0.08
1439226000000,0.086
1439229600000,0.087
1439233200000,0.09
1439236800000,0.102
1439240400000,0.106
1439244000000,0.094
1439247600000,0.067
1439251200000,0.047
1439254800000,0.035
1439258400000,0.027
1439262000000,0.025
1439265600000,0.019
1439269200000,0.011
1439272800000,0.005
1439276400000,0.005
1439280000000,0.007
1439283600000,0.011
1439287200000,0.026
1439290800000,0.036
1439294400000,0.046
1439298000000,0.059
1439301600000,0.069
1439305200000,0.053
1439308800000,0.031
1439312400000,0.015
1439316000000,0.009
1439319600000,0.003
1439323200000,0.002
1439326800000,0.002
1439330400000,0.005
1439334000000,0.007
1439337600000,0.008
1439341200000,0.008
1439344800000,0.009
1439348400000,0.011
1439352000000,0.013
1439355600000,0.015
1439359200000,0.015
1439362800000,0.013
1439366400000,0.011
1439370000000,0.008
1439373600000,0.005
1439377200000,0.005
1439380800000,0.006
1439384400000,0.01
1439388000000,0.017
1439391600000,0.031
1439395200000,0.049
1439398800000,0.064
1439402400000,0.073
1439406000000,0.079
1439409600000,0.084
1439413200000,0.09
1439416800000,0.09
1439420400000,0.092
1439424000000,0.133
1439427600000,0.155
1439431200000,0.155
1439434800000,0.124
1439438400000,0.085
1439442000000,0.055
1439445600000,0.035
1439449200000,0.021
1439452800000,0.016
1439456400000,0.022
1439460000000,0.035
1439463600000,0.046
1439467200000,0.068
1439470800000,0.056
1439474400000,0.024
1439478000000,0.016
1439481600000,0.019
1439485200000,0.017
1439488800000,0.013
1439492400000,0.006
1439496000000,0.001
1439499600000,0.0
1439503200000,0.0
1439506800000,0.0
1439510400000,0.001
1439514000000,0.001
1439517600000,0.002
1439521200000,0.004
1439524800000,0.007
1439528400000,0.01
1439532000000,0.015
1439535600000,0.02
1439539200000,0.03
1439542800000,0.047
1439546400000,0.073
1439550000000,0.094
1439553600000,0.115
1439557200000,0.132
1439560800000,0.133
1439564400000,0.125
1439568000000,0.112
1439571600000,0.096
1439575200000,0.076
1439578800000,0.059
1439582400000,0.048
1439586000000,0.036
1439589600000,0.022
1439593200000,0.016
1439596800000,0.013
1439600400000,0.011
1439604000000,0.008
1439607600000,0.008
1439611200000,0.013
1439614800000,0.02
1439618400000,0.029
1439622000000,0.036
1439625600000,0.042
1439629200000,0.046
1439632800000,0.051
1439636400000,0.059
1439640000000,0.069
1439643600000,0.076
1439647200000,0.083
1439650800000,0.097
1439654400000,0.114
1439658000000,0.119
1439661600000,0.108
1439665200000,0.087
1439668800000,0.066
1439672400000,0.046
1439676000000,0.027
1439679600000,0.017
1439683200000,0.012
1439686800000,0.009
1439690400000,0.008
1439694000000,0.015
1439697600000,0.023
1439701200000,0.025
1439704800000,0.02
1439708400000,0.012
1439712000000,0.008
1439715600000,0.008
1439719200000,0.012
1439722800000,0.018
1439726400000,0.028
1439730000000,0.04
1439733600000,0.054
1439737200000,0.07
1439740800000,0.084
1439744400000,0.098
1439748000000,0.105
1439751600000,0.105
1439755200000,0.104
1439758800000,0.103
1439762400000,0.086
1439766000000,0.08
1439769600000,0.073
1439773200000,0.071
1439776800000,0.076
1439780400000,0.083
1439784000000,0.084
1439787600000,0.076
1439791200000,0.071
1439794800000,0.077
1439798400000,0.077
1439802000000,0.067
1439805600000,0.064
1439809200000,0.068
1439812800000,0.07
1439816400000,0.073
1439820000000,0.076
1439823600000,0.084
1439827200000,0.088
1439830800000,0.085
1439834400000,0.077
1439838000000,0.064
1439841600000,0.055
1439845200000,0.04
1439848800000,0.029
1439852400000,0.033
1439856000000,0.04
1439859600000,0.05
1439863200000,0.063
1439866800000,0.084
1439870400000,0.104
1439874000000,0.111
1439877600000,0.111
1439881200000,0.107
1439884800000,0.101
1439888400000,0.101
1439892000000,0.104
1439895600000,0.098
1439899200000,0.087
1439902800000,0.072
1439906400000,0.063
1439910000000,0.071
1439913600000,0.09
1439917200000,0.099
1439920800000,0.098
1439924400000,0.107
1439928000000,0.127
1439931600000,0.126
1439935200000,0.1
1439938800000,0.096
1439942400000,0.101
1439946000000,0.097
1439949600000,0.086
1439953200000,0.096
1439956800000,0.117
1439960400000,0.12
1439964000000,0.114
1439967600000,0.13
1439971200000,0.149
1439974800000,0.122
1439978400000,0.101
1439982000000,0.091
1439985600000,0.093
1439989200000,0.104
1439992800000,0.131
1439996400000,0.167
1440000000000,0.2
1440003600000,0.207
1440007200000,0.201
1440010800000,0.193
1440014400000,0.192
1440018000000,0.19
1440021600000,0.159
1440025200000,0.144
1440028800000,0.138
1440032400000,0.115
1440036000000,0.107
1440039600000,0.139
1440043200000,0.217
1440046800000,0.294
1440050400000,0.347
1440054000000,0.358
1440057600000,0.294
1440061200000,0.186
1440064800000,0.13
1440068400000,0.101
1440072000000,0.11
1440075600000,0.155
1440079200000,0.22
1440082800000,0.278
1440086400000,0.314
1440090000000,0.341
1440093600000,0.354
1440097200000,0.376
1440100800000,0.391
1440104400000,0.411
1440108000000,0.379
1440111600000,0.379
1440115200000,0.476
1440118800000,0.538
1440122400000,0.556
1440126000000,0.574
1440129600000,0.592
1440133200000,0.59
1440136800000,0.578
1440140400000,0.54
1440144000000,0.436
1440147600000,0.328
1440151200000,0.311
1440154800000,0.309
1440158400000,0.333
1440162000000,0.361
1440165600000,0.361
1440169200000,0.366
1440172800000,0.374
1440176400000,0.388
1440180000000,0.396
1440183600000,0.425
1440187200000,0.461
1440190800000,0.484
1440194400000,0.47
1440198000000,0.544
1440201600000,0.635
1440205200000,0.662
1440208800000,0.672
1440212400000,0.657
1440216000000,0.638
1440219600000,0.615
1440223200000,0.582
1440226800000,0.538
1440230400000,0.465
1440234000000,0.367
1440237600000,0.352
1440241200000,0.355
1440244800000,0.372
1440248400000,0.396
1440252000000,0.42
1440255600000,0.417
1440259200000,0.422
1440262800000,0.413
1440266400000,0.414
1440270000000,0.425
1440273600000,0.432
1440277200000,0.454
1440280800000,0.443
1440284400000,0.473
1440288000000,0.535
1440291600000,0.557
1440295200000,0.572
1440298800000,0.59
1440302400000,0.6
1440306000000,0.601
1440309600000,0.606
1440313200000,0.61
1440316800000,0.591
1440320400000,0.535
1440324000000,0.504
1440327600000,0.481
1440331200000,0.466
1440334800000,0.45
1440338400000,0.442
1440342000000,0.442
1440345600000,0.427
1440349200000,0.403
1440352800000,0.374
1440356400000,0.358
1440360000000,0.354
1440363600000,0.357
1440367200000,0.323
1440370800000,0.33
1440374400000,0.347
1440378000000,0.341
1440381600000,0.344
1440385200000,0.385
1440388800000,0.434
1440392400000,0.47
1440396000000,0.479
1440399600000,0.451
1440403200000,0.407
1440406800000,0.348
1440410400000,0.325
1440414000000,0.3
1440417600000,0.29
1440421200000,0.295
1440424800000,0.309
1440428400000,0.338
1440432000000,0.349
1440435600000,0.348
1440439200000,0.337
1440442800000,0.325
1440446400000,0.302
1440450000000,0.285
1440453600000,0.241
1440457200000,0.272
1440460800000,0.321
1440464400000,0.361
1440468000000,0.376
1440471600000,0.365
1440475200000,0.341
1440478800000,0.302
1440482400000,0.257
1440486000000,0.214
1440489600000,0.169
1440493200000,0.134
1440496800000,0.123
1440500400000,0.119
1440504000000,0.124
1440507600000,0.133
1440511200000,0.149
1440514800000,0.167
1440518400000,0.17
1440522000000,0.163
1440525600000,0.162
1440529200000,0.17
1440532800000,0.168
1440536400000,0.149
1440540000000,0.108
1440543600000,0.085
1440547200000,0.074
1440550800000,0.061
1440554400000,0.045
1440558000000,0.029
1440561600000,0.018
1440565200000,0.008
1440568800000,0.003
1440572400000,0.001
1440576000000,0.001
1440579600000,0.003
1440583200000,0.008
1440586800000,0.011
1440590400000,0.012
1440594000000,0.013
1440597600000,0.017
1440601200000,0.019
1440604800000,0.023
1440608400000,0.031
1440612000000,0.041
1440615600000,0.049
1440619200000,0.057
1440622800000,0.064
1440626400000,0.062
1440630000000,0.056
1440633600000,0.068
1440637200000,0.081
1440640800000,0.094
1440644400000,0.103
1440648000000,0.107
1440651600000,0.104
1440655200000,0.093
1440658800000,0.077
1440662400000,0.068
1440666000000,0.067
1440669600000,0.071
1440673200000,0.068
1440676800000,0.065
1440680400000,0.063
1440684000000,0.06
1440687600000,0.058
1440691200000,0.059
1440694800000,0.063
1440698400000,0.075
1440702000000,0.089
1440705600000,0.088
1440709200000,0.061
1440712800000,0.027
1440716400000,0.016
1440720000000,0.004
1440723600000,0.0
1440727200000,0.0
1440730800000,0.0
1440734400000,0.003
1440738000000,0.01
1440741600000,0.017
1440745200000,0.026
1440748800000,0.039
1440752400000,0.048
1440756000000,0.048
1440759600000,0.046
1440763200000,0.047
1440766800000,0.054
1440770400000,0.066
1440774000000,0.078
1440777600000,0.084
1440781200000,0.082
1440784800000,0.073
1440788400000,0.057
1440792000000,0.035
1440795600000,0.016
1440799200000,0.007
1440802800000,0.005
1440806400000,0.005
1440810000000,0.011
1440813600000,0.018
1440817200000,0.025
1440820800000,0.033
1440824400000,0.041
1440828000000,0.047
1440831600000,0.051
1440835200000,0.054
1440838800000,0.053
1440842400000,0.046
1440846000000,0.033
1440849600000,0.015
1440853200000,0.006
1440856800000,0.004
1440860400000,0.002
1440864000000,0.001
1440867600000,0.001
1440871200000,0.0
1440874800000,0.0
1440878400000,0.0
1440882000000,0.0
1440885600000,0.0
1440889200000,0.0
1440892800000,0.0
1440896400000,0.0
1440900000000,0.001
1440903600000,0.002
1440907200000,0.008
1440910800000,0.021
1440914400000,0.036
1440918000000,0.045
1440921600000,0.05
1440925200000,0.053
1440928800000,0.053
1440932400000,0.047
1440936000000,0.048
1440939600000,0.051
1440943200000,0.05
1440946800000,0.051
1440950400000,0.055
1440954000000,0.059
1440957600000,0.062
1440961200000,0.055
1440964800000,0.045
1440968400000,0.025
1440972000000,0.009
1440975600000,0.005
1440979200000,0.002
1440982800000,0.001
1440986400000,0.001
1440990000000,0.002
1440993600000,0.007
1440997200000,0.014
1441000800000,0.022
1441004400000,0.034
1441008000000,0.043
1441011600000,0.046
1441015200000,0.045
1441018800000,0.04
1441022400000,0.037
1441026000000,0.035
1441029600000,0.033
1441033200000,0.031
1441036800000,0.027
1441040400000,0.023
1441044000000,0.019
1441047600000,0.016
1441051200000,0.013
1441054800000,0.008
1441058400000,0.003
1441062000000,0.001
1441065600000,0.0
1441069200000,0.0
1441072800000,0.0
1441076400000,0.0
1441080000000,0.001
1441083600000,0.002
1441087200000,0.004
1441090800000,0.005
1441094400000,0.005
1441098000000,0.003
1441101600000,0.001
1441105200000,0.001
1441108800000,0.0
1441112400000,0.001
1441116000000,0.002
1441119600000,0.003
1441123200000,0.004
1441126800000,0.005
1441130400000,0.006
1441134000000,0.006
1441137600000,0.005
1441141200000,0.003
1441144800000,0.001
1441148400000,0.0
1441152000000,0.0
1441155600000,0.0
1441159200000,0.0
1441162800000,0.0
1441166400000,0.0
1441170000000,0.001
1441173600000,0.003
1441177200000,0.005
1441180800000,0.006
1441184400000,0.008
1441188000000,0.01
1441191600000,0.01
1441195200000,0.013
1441198800000,0.017
1441202400000,0.02
1441206000000,0.026
1441209600000,0.031
1441213200000,0.035
1441216800000,0.035
1441220400000,0.036
1441224000000,0.036
1441227600000,0.04
1441231200000,0.044
1441234800000,0.043
1441238400000,0.045
1441242000000,0.026
1441245600000,0.017
1441249200000,0.019
1441252800000,0.017
1441256400000,0.015
1441260000000,0.013
1441263600000,0.009
1441267200000,0.004
1441270800000,0.005
1441274400000,0.014
1441278000000,0.021
1441281600000,0.003
1441285200000,0.0
1441288800000,0.0
1441292400000,0.003
1441296000000,0.006
1441299600000,0.003
1441303200000,0.001
1441306800000,0.002
1441310400000,0.012
1441314000000,0.023
1441317600000,0.024
1441321200000,0.027
1441324800000,0.029
1441328400000,0.03
1441332000000,0.026
1441335600000,0.021
1441339200000,0.019
1441342800000,0.017
1441346400000,0.019
1441350000000,0.021
1441353600000,0.025
1441357200000,0.031
1441360800000,0.037
1441364400000,0.038
1441368000000,0.04
1441371600000,0.043
1441375200000,0.025
1441378800000,0.008
1441382400000,0.013
1441386000000,0.018
1441389600000,0.032
1441393200000,0.049
1441396800000,0.071
1441400400000,0.076
1441404000000,0.074
1441407600000,0.066
1441411200000,0.074
1441414800000,0.083
1441418400000,0.092
1441422000000,0.08
1441425600000,0.054
1441429200000,0.045
1441432800000,0.046
1441436400000,0.047
1441440000000,0.041
1441443600000,0.025
1441447200000,0.011
1441450800000,0.006
1441454400000,0.006
1441458000000,0.008
1441461600000,0.02
1441465200000,0.048
1441468800000,0.077
1441472400000,0.092
1441476000000,0.095
1441479600000,0.088
1441483200000,0.078
1441486800000,0.077
1441490400000,0.083
1441494000000,0.087
1441497600000,0.077
1441501200000,0.065
1441504800000,0.064
1441508400000,0.076
1441512000000,0.096
1441515600000,0.118
1441519200000,0.136
1441522800000,0.154
1441526400000,0.154
1441530000000,0.141
1441533600000,0.156
1441537200000,0.164
1441540800000,0.17
1441544400000,0.169
1441548000000,0.167
1441551600000,0.171
1441555200000,0.171
1441558800000,0.179
1441562400000,0.187
1441566000000,0.194
1441569600000,0.196
1441573200000,0.171
1441576800000,0.137
1441580400000,0.127
1441584000000,0.155
1441587600000,0.191
1441591200000,0.225
1441594800000,0.272
1441598400000,0.32
1441602000000,0.352
1441605600000,0.376
1441609200000,0.366
1441612800000,0.302
1441616400000,0.22
1441620000000,0.204
1441623600000,0.199
1441627200000,0.189
1441630800000,0.193
1441634400000,0.199
1441638000000,0.202
1441641600000,0.191
1441645200000,0.176
1441648800000,0.179
1441652400000,0.173
1441656000000,0.176
1441659600000,0.175
1441663200000,0.167
1441666800000,0.163
1441670400000,0.173
1441674000000,0.16
1441677600000,0.156
1441681200000,0.167
1441684800000,0.191
1441688400000,0.211
1441692000000,0.241
1441695600000,0.268
1441699200000,0.251
1441702800000,0.211
1441706400000,0.192
1441710000000,0.156
1441713600000,0.111
1441717200000,0.089
1441720800000,0.087
1441724400000,0.074
1441728000000,0.066
1441731600000,0.071
1441735200000,0.083
1441738800000,0.105
1441742400000,0.133
1441746000000,0.147
1441749600000,0.139
1441753200000,0.153
1441756800000,0.17
1441760400000,0.178
1441764000000,0.171
1441767600000,0.158
1441771200000,0.135
1441774800000,0.102
1441778400000,0.071
1441782000000,0.045
1441785600000,0.029
1441789200000,0.021
1441792800000,0.02
1441796400000,0.022
1441800000000,0.027
1441803600000,0.035
1441807200000,0.045
1441810800000,0.055
1441814400000,0.07
1441818000000,0.084
1441821600000,0.097
1441825200000,0.114
1441828800000,0.136
1441832400000,0.154
1441836000000,0.137
1441839600000,0.119
1441843200000,0.099
1441846800000,0.078
1441850400000,0.062
1441854000000,0.056
1441857600000,0.058
1441861200000,0.065
1441864800000,0.074
1441868400000,0.079
1441872000000,0.081
1441875600000,0.069
1441879200000,0.057
1441882800000,0.058
1441886400000,0.071
1441890000000,0.079
1441893600000,0.065
1441897200000,0.057
1441900800000,0.068
1441904400000,0.091
1441908000000,0.113
1441911600000,0.121
1441915200000,0.122
1441918800000,0.101
1441922400000,0.062
1441926000000,0.048
1441929600000,0.038
1441933200000,0.032
1441936800000,0.029
1441940400000,0.042
1441944000000,0.073
1441947600000,0.112
1441951200000,0.146
1441954800000,0.159
1441958400000,0.149
1441962000000,0.14
1441965600000,0.162
1441969200000,0.179
1441972800000,0.207
1441976400000,0.169
1441980000000,0.096
1441983600000,0.081
1441987200000,0.09
1441990800000,0.084
1441994400000,0.069
1441998000000,0.05
1442001600000,0.033
1442005200000,0.02
1442008800000,0.011
1442012400000,0.005
1442016000000,0.002
1442019600000,0.001
1442023200000,0.001
1442026800000,0.003
1442030400000,0.009
1442034000000,0.016
1442037600000,0.019
1442041200000,0.019
1442044800000,0.02
1442048400000,0.025
1442052000000,0.037
1442055600000,0.054
1442059200000,0.069
1442062800000,0.086
1442066400000,0.101
1442070000000,0.105
1442073600000,0.099
1442077200000,0.086
1442080800000,0.066
1442084400000,0.046
1442088000000,0.027
1442091600000,0.014
1442095200000,0.008
1442098800000,0.004
1442102400000,0.003
1442106000000,0.003
1442109600000,0.003
1442113200000,0.003
1442116800000,0.004
1442120400000,0.006
1442124000000,0.01
1442127600000,0.013
1442131200000,0.018
1442134800000,0.021
1442138400000,0.021
1442142000000,0.013
1442145600000,0.006
1442149200000,0.002
1442152800000,0.001
1442156400000,0.001
1442160000000,0.001
1442163600000,0.001
1442167200000,0.0
1442170800000,0.0
1442174400000,0.0
1442178000000,0.0
1442181600000,0.0
1442185200000,0.0
1442188800000,0.001
1442192400000,0.001
1442196000000,0.001
1442199600000,0.004
1442203200000,0.006
1442206800000,0.011
1442210400000,0.018
1442214000000,0.023
1442217600000,0.028
1442221200000,0.035
1442224800000,0.042
1442228400000,0.048
1442232000000,0.059
1442235600000,0.074
1442239200000,0.095
1442242800000,0.112
1442246400000,0.126
1442250000000,0.136
1442253600000,0.133
1442257200000,0.121
1442260800000,0.101
1442264400000,0.073
1442268000000,0.048
1442271600000,0.026
1442275200000,0.013
1442278800000,0.005
1442282400000,0.003
1442286000000,0.003
1442289600000,0.005
1442293200000,0.008
1442296800000,0.012
1442300400000,0.021
1442304000000,0.038
1442307600000,0.065
1442311200000,0.093
1442314800000,0.106
1442318400000,0.117
1442322000000,0.13
1442325600000,0.154
1442329200000,0.183
1442332800000,0.204
1442336400000,0.204
1442340000000,0.189
1442343600000,0.165
1442347200000,0.14
1442350800000,0.12
1442354400000,0.09
1442358000000,0.073
1442361600000,0.057
1442365200000,0.043
1442368800000,0.036
1442372400000,0.039
1442376000000,0.051
1442379600000,0.066
1442383200000,0.076
1442386800000,0.084
1442390400000,0.086
1442394000000,0.079
1442397600000,0.07
1442401200000,0.059
1442404800000,0.047
1442408400000,0.032
1442412000000,0.018
1442415600000,0.018
1442419200000,0.027
1442422800000,0.027
1442426400000,0.015
1442430000000,0.004
1442433600000,0.001
1442437200000,0.003
1442440800000,0.008
1442444400000,0.009
1442448000000,0.012
1442451600000,0.018
1442455200000,0.026
1442458800000,0.036
1442462400000,0.05
1442466000000,0.063
1442469600000,0.068
1442473200000,0.068
1442476800000,0.062
1442480400000,0.058
1442484000000,0.054
1442487600000,0.045
1442491200000,0.038
1442494800000,0.035
1442498400000,0.022
1442502000000,0.011
1442505600000,0.009
1442509200000,0.009
1442512800000,0.014
1442516400000,0.02
1442520000000,0.02
1442523600000,0.018
1442527200000,0.014
1442530800000,0.008
1442534400000,0.004
1442538000000,0.003
1442541600000,0.002
1442545200000,0.004
1442548800000,0.007
1442552400000,0.016
1442556000000,0.027
1442559600000,0.039
1442563200000,0.054
1442566800000,0.069
1442570400000,0.076
1442574000000,0.076
1442577600000,0.075
1442581200000,0.071
1442584800000,0.067
1442588400000,0.067
1442592000000,0.068
1442595600000,0.067
1442599200000,0.059
1442602800000,0.054
1442606400000,0.058
1442610000000,0.051
1442613600000,0.038
1442617200000,0.034
1442620800000,0.037
1442624400000,0.05
1442628000000,0.077
1442631600000,0.091
1442635200000,0.067
1442638800000,0.047
1442642400000,0.051
1442646000000,0.075
1442649600000,0.08
1442653200000,0.045
1442656800000,0.02
1442660400000,0.01
1442664000000,0.008
1442667600000,0.01
1442671200000,0.011
1442674800000,0.017
1442678400000,0.026
1442682000000,0.028
1442685600000,0.023
1442689200000,0.017
1442692800000,0.017
1442696400000,0.019
1442700000000,0.024
1442703600000,0.025
1442707200000,0.027
1442710800000,0.03
1442714400000,0.03
1442718000000,0.033
1442721600000,0.043
1442725200000,0.049
1442728800000,0.047
1442732400000,0.041
1442736000000,0.039
1442739600000,0.035
1442743200000,0.026
1442746800000,0.016
1442750400000,0.007
1442754000000,0.004
1442757600000,0.006
1442761200000,0.02
1442764800000,0.043
1442768400000,0.043
1442772000000,0.025
1442775600000,0.02
1442779200000,0.03
1442782800000,0.045
1442786400000,0.054
1442790000000,0.054
1442793600000,0.059
1442797200000,0.05
1442800800000,0.04
1442804400000,0.038
1442808000000,0.053
1442811600000,0.081
1442815200000,0.118
1442818800000,0.148
1442822400000,0.151
1442826000000,0.121
1442829600000,0.087
1442833200000,0.059
1442836800000,0.046
1442840400000,0.036
1442844000000,0.014
1442847600000,0.008
1442851200000,0.007
1442854800000,0.007
1442858400000,0.01
1442862000000,0.024
1442865600000,0.053
1442869200000,0.051
1442872800000,0.035
1442876400000,0.025
1442880000000,0.031
1442883600000,0.04
1442887200000,0.048
1442890800000,0.065
1442894400000,0.09
1442898000000,0.116
1442901600000,0.13
1442905200000,0.133
1442908800000,0.131
1442912400000,0.13
1442916000000,0.13
1442919600000,0.124
1442923200000,0.116
1442926800000,0.11
1442930400000,0.112
1442934000000,0.139
1442937600000,0.178
1442941200000,0.192
1442944800000,0.175
1442948400000,0.158
1442952000000,0.163
1442955600000,0.148
1442959200000,0.104
1442962800000,0.07
1442966400000,0.056
1442970000000,0.048
1442973600000,0.051
1442977200000,0.074
1442980800000,0.107
1442984400000,0.129
1442988000000,0.136
1442991600000,0.134
1442995200000,0.143
1442998800000,0.135
1443002400000,0.107
1443006000000,0.07
1443009600000,0.047
1443013200000,0.047
1443016800000,0.049
1443020400000,0.058
1443024000000,0.072
1443027600000,0.08
1443031200000,0.073
1443034800000,0.056
1443038400000,0.047
1443042000000,0.026
1443045600000,0.01
1443049200000,0.01
1443052800000,0.012
1443056400000,0.014
1443060000000,0.02
1443063600000,0.05
1443067200000,0.108
1443070800000,0.169
1443074400000,0.227
1443078000000,0.287
1443081600000,0.367
1443085200000,0.457
1443088800000,0.479
1443092400000,0.433
1443096000000,0.394
1443099600000,0.356
1443103200000,0.315
1443106800000,0.311
1443110400000,0.315
1443114000000,0.31
1443117600000,0.291
1443121200000,0.264
1443124800000,0.23
1443128400000,0.162
1443132000000,0.095
1443135600000,0.085
1443139200000,0.093
1443142800000,0.1
1443146400000,0.122
1443150000000,0.164
1443153600000,0.211
1443157200000,0.238
1443160800000,0.251
1443164400000,0.237
1443168000000,0.208
1443171600000,0.204
1443175200000,0.243
1443178800000,0.25
1443182400000,0.251
1443186000000,0.251
1443189600000,0.25
1443193200000,0.227
1443196800000,0.199
1443200400000,0.171
1443204000000,0.156
1443207600000,0.137
1443211200000,0.124
1443214800000,0.107
1443218400000,0.085
1443222000000,0.074
1443225600000,0.088
1443229200000,0.107
1443232800000,0.125
1443236400000,0.155
1443240000000,0.182
1443243600000,0.203
1443247200000,0.22
1443250800000,0.216
1443254400000,0.184
1443258000000,0.135
1443261600000,0.102
1443265200000,0.076
1443268800000,0.062
1443272400000,0.06
1443276000000,0.065
1443279600000,0.068
1443283200000,0.069
1443286800000,0.085
1443290400000,0.095
1443294000000,0.099
1443297600000,0.109
1443301200000,0.117
1443304800000,0.1
1443308400000,0.084
1443312000000,0.081
1443315600000,0.084
1443319200000,0.094
1443322800000,0.101
1443326400000,0.101
1443330000000,0.096
1443333600000,0.085
1443337200000,0.071
1443340800000,0.059
1443344400000,0.065
1443348000000,0.096
1443351600000,0.124
1443355200000,0.133
1443358800000,0.128
1443362400000,0.13
1443366000000,0.145
1443369600000,0.173
1443373200000,0.187
1443376800000,0.191
1443380400000,0.192
1443384000000,0.194
1443387600000,0.192
1443391200000,0.18
1443394800000,0.167
1443398400000,0.18
1443402000000,0.184
1443405600000,0.191
1443409200000,0.196
1443412800000,0.188
1443416400000,0.164
1443420000000,0.141
1443423600000,0.13
1443427200000,0.131
1443430800000,0.144
1443434400000,0.167
1443438000000,0.172
1443441600000,0.164
1443445200000,0.169
1443448800000,0.19
1443452400000,0.213
1443456000000,0.24
1443459600000,0.245
1443463200000,0.244
1443466800000,0.243
1443470400000,0.243
1443474000000,0.239
1443477600000,0.207
1443481200000,0.171
1443484800000,0.152
1443488400000,0.12
1443492000000,0.087
1443495600000,0.062
1443499200000,0.04
1443502800000,0.021
1443506400000,0.011
1443510000000,0.005
1443513600000,0.002
1443517200000,0.002
1443520800000,0.004
1443524400000,0.006
1443528000000,0.008
1443531600000,0.017
1443535200000,0.03
1443538800000,0.014
1443542400000,0.001
1443546000000,0.001
1443549600000,0.007
1443553200000,0.004
1443556800000,0.001
1443560400000,0.001
1443564000000,0.002
1443567600000,0.001
1443571200000,0.001
1443574800000,0.004
1443578400000,0.003
1443582000000,0.002
1443585600000,0.001
1443589200000,0.001
1443592800000,0.001
1443596400000,0.0
1443600000000,0.0
1443603600000,0.0
1443607200000,0.0
1443610800000,0.002
1443614400000,0.006
1443618000000,0.019
1443621600000,0.035
1443625200000,0.03
1443628800000,0.013
1443632400000,0.003
1443636000000,0.0
1443639600000,0.0
1443643200000,0.0
1443646800000,0.0
1443650400000,0.001
1443654000000,0.002
1443657600000,0.002
1443661200000,0.004
1443664800000,0.009
1443668400000,0.013
1443672000000,0.018
1443675600000,0.025
1443679200000,0.026
1443682800000,0.023
1443686400000,0.021
1443690000000,0.016
1443693600000,0.012
1443697200000,0.01
1443700800000,0.01
1443704400000,0.012
1443708000000,0.02
1443711600000,0.027
1443715200000,0.039
1443718800000,0.058
1443722400000,0.076
1443726000000,0.109
1443729600000,0.152
1443733200000,0.21
1443736800000,0.245
1443740400000,0.237
1443744000000,0.302
1443747600000,0.341
1443751200000,0.379
1443754800000,0.407
1443758400000,0.415
1443762000000,0.398
1443765600000,0.36
1443769200000,0.294
1443772800000,0.217
1443776400000,0.149
1443780000000,0.118
1443783600000,0.094
1443787200000,0.079
1443790800000,0.072
1443794400000,0.074
1443798000000,0.077
1443801600000,0.078
1443805200000,0.078
1443808800000,0.076
1443812400000,0.07
1443816000000,0.071
1443819600000,0.083
1443823200000,0.086
1443826800000,0.076
1443830400000,0.07
1443834000000,0.058
1443837600000,0.04
1443841200000,0.021
1443844800000,0.009
1443848400000,0.003
1443852000000,0.002
1443855600000,0.002
1443859200000,0.003
1443862800000,0.004
1443866400000,0.002
1443870000000,0.001
1443873600000,0.0
1443877200000,0.0
1443880800000,0.0
1443884400000,0.001
1443888000000,0.001
1443891600000,0.001
1443895200000,0.001
1443898800000,0.001
1443902400000,0.001
1443906000000,0.001
1443909600000,0.001
1443913200000,0.006
1443916800000,0.019
1443920400000,0.023
1443924000000,0.025
1443927600000,0.026
1443931200000,0.029
1443934800000,0.034
1443938400000,0.037
1443942000000,0.051
1443945600000,0.058
1443949200000,0.066
1443952800000,0.077
1443956400000,0.095
1443960000000,0.119
1443963600000,0.139
1443967200000,0.159
1443970800000,0.205
1443974400000,0.275
1443978000000,0.355
1443981600000,0.374
1443985200000,0.379
1443988800000,0.362
1443992400000,0.337
1443996000000,0.325
1443999600000,0.266
1444003200000,0.238
1444006800000,0.305
1444010400000,0.374
1444014000000,0.361
1444017600000,0.328
1444021200000,0.29
1444024800000,0.228
1444028400000,0.17
1444032000000,0.13
1444035600000,0.114
1444039200000,0.102
1444042800000,0.094
1444046400000,0.088
1444050000000,0.082
1444053600000,0.071
1444057200000,0.063
1444060800000,0.063
1444064400000,0.057
1444068000000,0.052
1444071600000,0.049
1444075200000,0.047
1444078800000,0.05
1444082400000,0.048
1444086000000,0.041
1444089600000,0.038
1444093200000,0.038
1444096800000,0.036
1444100400000,0.038
1444104000000,0.042
1444107600000,0.045
1444111200000,0.042
1444114800000,0.034
1444118400000,0.025
1444122000000,0.019
1444125600000,0.018
1444129200000,0.02
1444132800000,0.028
1444136400000,0.04
1444140000000,0.055
1444143600000,0.063
1444147200000,0.057
1444150800000,0.039
1444154400000,0.024
1444158000000,0.015
1444161600000,0.01
1444165200000,0.009
1444168800000,0.014
1444172400000,0.019
1444176000000,0.026
1444179600000,0.031
1444183200000,0.037
1444186800000,0.058
1444190400000,0.087
1444194000000,0.106
1444197600000,0.109
1444201200000,0.102
1444204800000,0.09
1444208400000,0.072
1444212000000,0.059
1444215600000,0.043
1444219200000,0.022
1444222800000,0.004
1444226400000,0.0
1444230000000,0.001
1444233600000,0.003
1444237200000,0.008
1444240800000,0.012
1444244400000,0.015
1444248000000,0.017
1444251600000,0.017
1444255200000,0.017
1444258800000,0.016
1444262400000,0.014
1444266000000,0.01
1444269600000,0.008
1444273200000,0.007
1444276800000,0.007
1444280400000,0.008
1444284000000,0.01
1444287600000,0.009
1444291200000,0.007
1444294800000,0.002
1444298400000,0.0
1444302000000,0.0
1444305600000,0.002
1444309200000,0.018
1444312800000,0.036
1444316400000,0.038
1444320000000,0.031
1444323600000,0.022
1444327200000,0.011
1444330800000,0.004
1444334400000,0.001
1444338000000,0.001
1444341600000,0.0
1444345200000,0.0
1444348800000,0.0
1444352400000,0.0
1444356000000,0.0
1444359600000,0.0
1444363200000,0.0
1444366800000,0.001
1444370400000,0.004
1444374000000,0.01
1444377600000,0.02
1444381200000,0.029
1444384800000,0.031
1444388400000,0.027
1444392000000,0.025
1444395600000,0.029
1444399200000,0.037
1444402800000,0.042
1444406400000,0.013
1444410000000,0.002
1444413600000,0.002
1444417200000,0.002
1444420800000,0.002
1444424400000,0.002
1444428000000,0.0
1444431600000,0.0
1444435200000,0.0
1444438800000,0.0
1444442400000,0.0
1444446000000,0.0
1444449600000,0.0
1444453200000,0.0
1444456800000,0.0
1444460400000,0.001
1444464000000,0.007
1444467600000,0.014
1444471200000,0.022
1444474800000,0.023
1444478400000,0.02
1444482000000,0.017
1444485600000,0.017
1444489200000,0.022
1444492800000,0.034
1444496400000,0.048
1444500000000,0.066
1444503600000,0.083
1444507200000,0.082
1444510800000,0.042
1444514400000,0.008
1444518000000,0.001
1444521600000,0.0
1444525200000,0.0
1444528800000,0.0
1444532400000,0.0
1444536000000,0.0
1444539600000,0.001
1444543200000,0.002
1444546800000,0.006
1444550400000,0.011
1444554000000,0.019
1444557600000,0.028
1444561200000,0.031
1444564800000,0.031
1444568400000,0.026
1444572000000,0.022
1444575600000,0.02
1444579200000,0.016
1444582800000,0.018
1444586400000,0.019
1444590000000,0.011
1444593600000,0.005
1444597200000,0.004
1444600800000,0.003
1444604400000,0.002
1444608000000,0.001
1444611600000,0.0
1444615200000,0.0
1444618800000,0.0
1444622400000,0.0
1444626000000,0.001
1444629600000,0.003
1444633200000,0.01
1444636800000,0.018
1444640400000,0.028
1444644000000,0.036
1444647600000,0.035
1444651200000,0.034
1444654800000,0.034
1444658400000,0.037
1444662000000,0.037
1444665600000,0.034
1444669200000,0.028
1444672800000,0.02
1444676400000,0.006
1444680000000,0.001
1444683600000,0.001
1444687200000,0.003
1444690800000,0.001
1444694400000,0.001
1444698000000,0.003
1444701600000,0.005
1444705200000,0.01
1444708800000,0.018
1444712400000,0.027
1444716000000,0.035
1444719600000,0.048
1444723200000,0.067
1444726800000,0.078
1444730400000,0.093
1444734000000,0.094
1444737600000,0.083
1444741200000,0.068
1444744800000,0.058
1444748400000,0.054
1444752000000,0.055
1444755600000,0.049
1444759200000,0.039
1444762800000,0.03
1444766400000,0.013
1444770000000,0.003
1444773600000,0.0
1444777200000,0.0
1444780800000,0.0
1444784400000,0.001
1444788000000,0.006
1444791600000,0.024
1444795200000,0.06
1444798800000,0.099
1444802400000,0.128
1444806000000,0.133
1444809600000,0.12
1444813200000,0.107
1444816800000,0.09
1444820400000,0.073
1444824000000,0.062
1444827600000,0.05
1444831200000,0.051
1444834800000,0.069
1444838400000,0.105
1444842000000,0.145
1444845600000,0.168
1444849200000,0.185
1444852800000,0.207
1444856400000,0.208
1444860000000,0.171
1444863600000,0.107
1444867200000,0.08
1444870800000,0.059
1444874400000,0.039
1444878000000,0.038
1444881600000,0.045
1444885200000,0.068
1444888800000,0.101
1444892400000,0.131
1444896000000,0.146
1444899600000,0.163
1444903200000,0.164
1444906800000,0.141
1444910400000,0.119
1444914000000,0.106
1444917600000,0.093
1444921200000,0.088
1444924800000,0.099
1444928400000,0.123
1444932000000,0.155
1444935600000,0.184
1444939200000,0.193
1444942800000,0.17
1444946400000,0.122
1444950000000,0.115
1444953600000,0.159
1444957200000,0.192
1444960800000,0.201
1444964400000,0.266
1444968000000,0.398
1444971600000,0.488
1444975200000,0.538
1444978800000,0.526
1444982400000,0.434
1444986000000,0.391
1444989600000,0.386
1444993200000,0.367
1444996800000,0.346
1445000400000,0.317
1445004000000,0.315
1445007600000,0.348
1445011200000,0.385
1445014800000,0.422
1445018400000,0.447
1445022000000,0.47
1445025600000,0.48
1445029200000,0.424
1445032800000,0.334
1445036400000,0.27
1445040000000,0.367
1445043600000,0.488
1445047200000,0.544
1445050800000,0.606
1445054400000,0.659
1445058000000,0.7
1445061600000,0.708
1445065200000,0.666
1445068800000,0.57
1445072400000,0.513
1445076000000,0.429
1445079600000,0.363
1445083200000,0.341
1445086800000,0.337
1445090400000,0.372
1445094000000,0.429
1445097600000,0.444
1445101200000,0.466
1445104800000,0.479
1445108400000,0.462
1445112000000,0.485
1445115600000,0.507
1445119200000,0.479
1445122800000,0.441
1445126400000,0.529
1445130000000,0.615
1445133600000,0.643
1445137200000,0.674
1445140800000,0.706
1445144400000,0.748
1445148000000,0.74
1445151600000,0.697
1445155200000,0.581
1445158800000,0.502
1445162400000,0.445
1445166000000,0.367
1445169600000,0.336
1445173200000,0.344
1445176800000,0.368
1445180400000,0.4
1445184000000,0.398
1445187600000,0.376
1445191200000,0.339
1445194800000,0.341
1445198400000,0.347
1445202000000,0.37
1445205600000,0.346
1445209200000,0.311
1445212800000,0.364
1445216400000,0.395
1445220000000,0.42
1445223600000,0.449
1445227200000,0.464
1445230800000,0.444
1445234400000,0.413
1445238000000,0.366
1445241600000,0.273
1445245200000,0.205
1445248800000,0.201
1445252400000,0.203
1445256000000,0.214
1445259600000,0.239
1445263200000,0.272
1445266800000,0.291
1445270400000,0.268
1445274000000,0.228
1445277600000,0.217
1445281200000,0.233
1445284800000,0.27
1445288400000,0.321
1445292000000,0.326
1445295600000,0.328
1445299200000,0.352
1445302800000,0.331
1445306400000,0.307
1445310000000,0.295
1445313600000,0.287
1445317200000,0.275
1445320800000,0.248
1445324400000,0.194
1445328000000,0.144
1445331600000,0.123
1445335200000,0.157
1445338800000,0.201
1445342400000,0.238
1445346000000,0.264
1445349600000,0.28
1445353200000,0.289
1445356800000,0.296
1445360400000,0.313
1445364000000,0.316
1445367600000,0.328
1445371200000,0.346
1445374800000,0.372
1445378400000,0.339
1445382000000,0.325
1445385600000,0.348
1445389200000,0.325
1445392800000,0.286
1445396400000,0.275
1445400000000,0.282
1445403600000,0.277
1445407200000,0.253
1445410800000,0.201
1445414400000,0.14
1445418000000,0.099
1445421600000,0.079
1445425200000,0.079
1445428800000,0.099
1445432400000,0.132
1445436000000,0.154
1445439600000,0.157
1445443200000,0.165
1445446800000,0.155
1445450400000,0.141
1445454000000,0.135
1445457600000,0.137
1445461200000,0.143
1445464800000,0.141
1445468400000,0.142
1445472000000,0.157
1445475600000,0.17
1445479200000,0.179
1445482800000,0.192
1445486400000,0.193
1445490000000,0.18
1445493600000,0.163
1445497200000,0.149
1445500800000,0.136
1445504400000,0.139
1445508000000,0.163
1445511600000,0.19
1445515200000,0.219
1445518800000,0.241
1445522400000,0.242
1445526000000,0.235
1445529600000,0.224
1445533200000,0.202
1445536800000,0.213
1445540400000,0.227
1445544000000,0.243
1445547600000,0.251
1445551200000,0.231
1445554800000,0.195
1445558400000,0.199
1445562000000,0.175
1445565600000,0.143
1445569200000,0.122
1445572800000,0.109
1445576400000,0.097
1445580000000,0.086
1445583600000,0.08
1445587200000,0.079
1445590800000,0.081
1445594400000,0.081
1445598000000,0.071
1445601600000,0.057
1445605200000,0.045
1445608800000,0.036
1445612400000,0.03
1445616000000,0.023
1445619600000,0.017
1445623200000,0.015
1445626800000,0.021
1445630400000,0.038
1445634000000,0.063
1445637600000,0.086
1445641200000,0.086
1445644800000,0.119
1445648400000,0.138
1445652000000,0.129
1445655600000,0.108
1445659200000,0.084
1445662800000,0.057
1445666400000,0.03
1445670000000,0.014
1445673600000,0.012
1445677200000,0.008
1445680800000,0.003
1445684400000,0.003
1445688000000,0.004
1445691600000,0.008
1445695200000,0.011
1445698800000,0.009
1445702400000,0.005
1445706000000,0.003
1445709600000,0.004
1445713200000,0.007
1445716800000,0.017
1445720400000,0.029
1445724000000,0.035
1445727600000,0.028
1445731200000,0.017
1445734800000,0.007
1445738400000,0.002
1445742000000,0.001
1445745600000,0.001
1445749200000,0.002
1445752800000,0.003
1445756400000,0.005
1445760000000,0.009
1445763600000,0.011
1445767200000,0.011
1445770800000,0.012
1445774400000,0.012
1445778000000,0.01
1445781600000,0.006
1445785200000,0.005
1445788800000,0.004
1445792400000,0.003
1445796000000,0.003
1445799600000,0.005
1445803200000,0.012
1445806800000,0.017
1445810400000,0.018
1445814000000,0.017
1445817600000,0.015
1445821200000,0.008
1445824800000,0.002
1445828400000,0.0
1445832000000,0.0
1445835600000,0.0
1445839200000,0.0
1445842800000,0.0
1445846400000,0.001
1445850000000,0.002
1445853600000,0.002
1445857200000,0.005
1445860800000,0.014
1445864400000,0.021
1445868000000,0.025
1445871600000,0.03
1445875200000,0.037
1445878800000,0.041
1445882400000,0.046
1445886000000,0.051
1445889600000,0.058
1445893200000,0.05
1445896800000,0.032
1445900400000,0.019
1445904000000,0.013
1445907600000,0.007
1445911200000,0.003
1445914800000,0.002
1445918400000,0.003
1445922000000,0.003
1445925600000,0.003
1445929200000,0.003
1445932800000,0.005
1445936400000,0.005
1445940000000,0.007
1445943600000,0.008
1445947200000,0.01
1445950800000,0.02
1445954400000,0.035
1445958000000,0.048
1445961600000,0.056
1445965200000,0.067
1445968800000,0.077
1445972400000,0.09
1445976000000,0.1
1445979600000,0.109
1445983200000,0.101
1445986800000,0.1
1445990400000,0.121
1445994000000,0.109
1445997600000,0.081
1446001200000,0.063
1446004800000,0.061
1446008400000,0.066
1446012000000,0.076
1446015600000,0.086
1446019200000,0.101
1446022800000,0.114
1446026400000,0.113
1446030000000,0.12
1446033600000,0.136
1446037200000,0.131
1446040800000,0.123
1446044400000,0.148
1446048000000,0.19
1446051600000,0.235
1446055200000,0.261
1446058800000,0.269
1446062400000,0.256
1446066000000,0.206
1446069600000,0.142
1446073200000,0.096
1446076800000,0.096
1446080400000,0.082
1446084000000,0.067
1446087600000,0.059
1446091200000,0.063
1446094800000,0.069
1446098400000,0.069
1446102000000,0.068
1446105600000,0.069
1446109200000,0.067
1446112800000,0.081
1446116400000,0.113
1446120000000,0.154
1446123600000,0.183
1446127200000,0.209
1446130800000,0.235
1446134400000,0.274
1446138000000,0.312
1446141600000,0.342
1446145200000,0.352
1446148800000,0.332
1446152400000,0.289
1446156000000,0.219
1446159600000,0.162
1446163200000,0.161
1446166800000,0.124
1446170400000,0.075
1446174000000,0.049
1446177600000,0.038
1446181200000,0.031
1446184800000,0.029
1446188400000,0.025
1446192000000,0.028
1446195600000,0.035
1446199200000,0.044
1446202800000,0.063
1446206400000,0.086
1446210000000,0.101
1446213600000,0.116
1446217200000,0.136
1446220800000,0.177
1446224400000,0.232
1446228000000,0.285
1446231600000,0.323
1446235200000,0.328
1446238800000,0.307
1446242400000,0.235
1446246000000,0.188
1446249600000,0.231
1446253200000,0.238
1446256800000,0.217
1446260400000,0.194
1446264000000,0.178
1446267600000,0.159
1446271200000,0.14
1446274800000,0.115
1446278400000,0.102
1446282000000,0.088
1446285600000,0.095
1446289200000,0.127
1446292800000,0.185
1446296400000,0.204
1446300000000,0.231
1446303600000,0.251
1446307200000,0.259
1446310800000,0.255
1446314400000,0.249
1446318000000,0.225
1446321600000,0.185
1446325200000,0.141
1446328800000,0.099
1446332400000,0.068
1446336000000,0.083
1446339600000,0.086
1446343200000,0.096
1446346800000,0.092
1446350400000,0.058
1446354000000,0.045
1446357600000,0.053
1446361200000,0.068
1446364800000,0.092
1446368400000,0.103
1446372000000,0.133
1446375600000,0.16
1446379200000,0.192
1446382800000,0.207
1446386400000,0.214
1446390000000,0.246
1446393600000,0.249
1446397200000,0.251
1446400800000,0.207
1446404400000,0.167
1446408000000,0.133
1446411600000,0.093
1446415200000,0.061
1446418800000,0.041
1446422400000,0.037
1446426000000,0.026
1446429600000,0.015
1446433200000,0.012
1446436800000,0.016
1446440400000,0.021
1446444000000,0.028
1446447600000,0.036
1446451200000,0.056
1446454800000,0.065
1446458400000,0.062
1446462000000,0.057
1446465600000,0.048
1446469200000,0.041
1446472800000,0.039
1446476400000,0.048
1446480000000,0.05
1446483600000,0.039
1446487200000,0.027
1446490800000,0.019
1446494400000,0.015
1446498000000,0.009
1446501600000,0.003
1446505200000,0.005
1446508800000,0.007
1446512400000,0.002
1446516000000,0.0
1446519600000,0.0
1446523200000,0.0
1446526800000,0.0
1446530400000,0.0
1446534000000,0.0
1446537600000,0.0
1446541200000,0.001
1446544800000,0.004
1446548400000,0.013
1446552000000,0.035
1446555600000,0.059
1446559200000,0.086
1446562800000,0.118
1446566400000,0.156
1446570000000,0.196
1446573600000,0.241
1446577200000,0.274
1446580800000,0.302
1446584400000,0.321
1446588000000,0.289
1446591600000,0.28
1446595200000,0.331
1446598800000,0.305
1446602400000,0.251
1446606000000,0.198
1446609600000,0.159
1446613200000,0.127
1446616800000,0.101
1446620400000,0.082
1446624000000,0.068
1446627600000,0.046
1446631200000,0.037
1446634800000,0.038
1446638400000,0.041
1446642000000,0.047
1446645600000,0.05
1446649200000,0.054
1446652800000,0.062
1446656400000,0.065
1446660000000,0.065
1446663600000,0.075
1446667200000,0.093
1446670800000,0.084
1446674400000,0.059
1446678000000,0.043
1446681600000,0.036
1446685200000,0.025
1446688800000,0.013
1446692400000,0.008
1446696000000,0.008
1446699600000,0.005
1446703200000,0.001
1446706800000,0.0
1446710400000,0.001
1446714000000,0.013
1446717600000,0.027
1446721200000,0.016
1446724800000,0.012
1446728400000,0.017
1446732000000,0.027
1446735600000,0.038
1446739200000,0.063
1446742800000,0.093
1446746400000,0.123
1446750000000,0.16
1446753600000,0.187
1446757200000,0.203
1446760800000,0.231
1446764400000,0.223
1446768000000,0.22
1446771600000,0.206
1446775200000,0.164
1446778800000,0.131
1446782400000,0.105
1446786000000,0.086
1446789600000,0.071
1446793200000,0.056
1446796800000,0.043
1446800400000,0.031
1446804000000,0.016
1446807600000,0.005
1446811200000,0.004
1446814800000,0.008
1446818400000,0.013
1446822000000,0.011
1446825600000,0.008
1446829200000,0.005
1446832800000,0.007
1446836400000,0.015
1446840000000,0.018
1446843600000,0.011
1446847200000,0.002
1446850800000,0.0
1446854400000,0.0
1446858000000,0.001
1446861600000,0.007
1446865200000,0.014
1446868800000,0.022
1446872400000,0.03
1446876000000,0.036
1446879600000,0.036
1446883200000,0.036
1446886800000,0.033
1446890400000,0.031
1446894000000,0.04
1446897600000,0.051
1446901200000,0.059
1446904800000,0.06
1446908400000,0.055
1446912000000,0.054
1446915600000,0.061
1446919200000,0.073
1446922800000,0.075
1446926400000,0.061
1446930000000,0.046
1446933600000,0.035
1446937200000,0.027
1446940800000,0.033
1446944400000,0.031
1446948000000,0.025
1446951600000,0.018
1446955200000,0.012
1446958800000,0.009
1446962400000,0.008
1446966000000,0.006
1446969600000,0.006
1446973200000,0.005
1446976800000,0.005
1446980400000,0.004
1446984000000,0.003
1446987600000,0.002
1446991200000,0.002
1446994800000,0.003
1446998400000,0.001
1447002000000,0.0
1447005600000,0.0
1447009200000,0.0
1447012800000,0.001
1447016400000,0.003
1447020000000,0.005
1447023600000,0.006
1447027200000,0.018
1447030800000,0.02
1447034400000,0.012
1447038000000,0.007
1447041600000,0.004
1447045200000,0.002
1447048800000,0.002
1447052400000,0.003
1447056000000,0.005
1447059600000,0.007
1447063200000,0.011
1447066800000,0.014
1447070400000,0.016
1447074000000,0.013
1447077600000,0.013
1447081200000,0.02
1447084800000,0.037
1447088400000,0.059
1447092000000,0.093
1447095600000,0.132
1447099200000,0.171
1447102800000,0.202
1447106400000,0.205
1447110000000,0.174
1447113600000,0.196
1447117200000,0.191
1447120800000,0.154
1447124400000,0.115
1447128000000,0.082
1447131600000,0.055
1447135200000,0.034
1447138800000,0.021
1447142400000,0.018
1447146000000,0.015
1447149600000,0.014
1447153200000,0.026
1447156800000,0.045
1447160400000,0.064
1447164000000,0.084
1447167600000,0.1
1447171200000,0.114
1447174800000,0.134
1447178400000,0.153
1447182000000,0.17
1447185600000,0.188
1447189200000,0.19
1447192800000,0.171
1447196400000,0.152
1447200000000,0.152
1447203600000,0.121
1447207200000,0.08
1447210800000,0.06
1447214400000,0.05
1447218000000,0.038
1447221600000,0.03
1447225200000,0.025
1447228800000,0.024
1447232400000,0.02
1447236000000,0.017
1447239600000,0.016
1447243200000,0.013
1447246800000,0.01
1447250400000,0.007
1447254000000,0.008
1447257600000,0.012
1447261200000,0.02
1447264800000,0.046
1447268400000,0.058
1447272000000,0.067
1447275600000,0.068
1447279200000,0.055
1447282800000,0.037
1447286400000,0.041
1447290000000,0.035
1447293600000,0.02
1447297200000,0.014
1447300800000,0.013
1447304400000,0.011
1447308000000,0.01
1447311600000,0.008
1447315200000,0.008
1447318800000,0.01
1447322400000,0.017
1447326000000,0.027
1447329600000,0.041
1447333200000,0.058
1447336800000,0.068
1447340400000,0.087
1447344000000,0.114
1447347600000,0.158
1447351200000,0.202
1447354800000,0.237
1447358400000,0.259
1447362000000,0.249
1447365600000,0.194
1447369200000,0.17
1447372800000,0.164
1447376400000,0.123
1447380000000,0.074
1447383600000,0.045
1447387200000,0.03
1447390800000,0.023
1447394400000,0.022
1447398000000,0.022
1447401600000,0.026
1447405200000,0.029
1447408800000,0.026
1447412400000,0.018
1447416000000,0.015
1447419600000,0.015
1447423200000,0.022
1447426800000,0.028
1447430400000,0.034
1447434000000,0.043
1447437600000,0.068
1447441200000,0.101
1447444800000,0.122
1447448400000,0.131
1447452000000,0.119
1447455600000,0.087
1447459200000,0.094
1447462800000,0.088
1447466400000,0.06
1447470000000,0.031
1447473600000,0.016
1447477200000,0.017
1447480800000,0.027
1447484400000,0.04
1447488000000,0.049
1447491600000,0.044
1447495200000,0.031
1447498800000,0.03
1447502400000,0.042
1447506000000,0.053
1447509600000,0.055
1447513200000,0.048
1447516800000,0.038
1447520400000,0.032
1447524000000,0.031
1447527600000,0.036
1447531200000,0.045
1447534800000,0.055
1447538400000,0.057
1447542000000,0.054
1447545600000,0.063
1447549200000,0.055
1447552800000,0.041
1447556400000,0.028
1447560000000,0.021
1447563600000,0.02
1447567200000,0.022
1447570800000,0.027
1447574400000,0.042
1447578000000,0.069
1447581600000,0.107
1447585200000,0.149
1447588800000,0.192
1447592400000,0.225
1447596000000,0.22
1447599600000,0.231
1447603200000,0.25
1447606800000,0.283
1447610400000,0.311
1447614000000,0.3
1447617600000,0.284
1447621200000,0.261
1447624800000,0.204
1447628400000,0.158
1447632000000,0.13
1447635600000,0.081
1447639200000,0.043
1447642800000,0.028
1447646400000,0.023
1447650000000,0.019
1447653600000,0.014
1447657200000,0.009
1447660800000,0.009
1447664400000,0.013
1447668000000,0.019
1447671600000,0.025
1447675200000,0.03
1447678800000,0.037
1447682400000,0.044
1447686000000,0.044
1447689600000,0.039
1447693200000,0.037
1447696800000,0.043
1447700400000,0.048
1447704000000,0.053
1447707600000,0.048
1447711200000,0.038
1447714800000,0.029
1447718400000,0.038
1447722000000,0.041
1447725600000,0.056
1447729200000,0.095
1447732800000,0.131
1447736400000,0.13
1447740000000,0.1
1447743600000,0.075
1447747200000,0.068
1447750800000,0.072
1447754400000,0.087
1447758000000,0.109
1447761600000,0.126
1447765200000,0.133
1447768800000,0.138
1447772400000,0.144
1447776000000,0.147
1447779600000,0.144
1447783200000,0.14
1447786800000,0.137
1447790400000,0.137
1447794000000,0.124
1447797600000,0.097
1447801200000,0.059
1447804800000,0.045
1447808400000,0.028
1447812000000,0.011
1447815600000,0.003
1447819200000,0.001
1447822800000,0.0
1447826400000,0.0
1447830000000,0.0
1447833600000,0.002
1447837200000,0.014
1447840800000,0.037
1447844400000,0.043
1447848000000,0.044
1447851600000,0.056
1447855200000,0.093
1447858800000,0.149
1447862400000,0.217
1447866000000,0.291
1447869600000,0.343
1447873200000,0.357
1447876800000,0.331
1447880400000,0.337
1447884000000,0.32
1447887600000,0.25
1447891200000,0.213
1447894800000,0.203
1447898400000,0.163
1447902000000,0.125
1447905600000,0.1
1447909200000,0.081
1447912800000,0.066
1447916400000,0.052
1447920000000,0.046
1447923600000,0.036
1447927200000,0.03
1447930800000,0.037
1447934400000,0.058
1447938000000,0.089
1447941600000,0.114
1447945200000,0.154
1447948800000,0.177
1447952400000,0.201
1447956000000,0.222
1447959600000,0.232
1447963200000,0.233
1447966800000,0.199
1447970400000,0.14
1447974000000,0.103
1447977600000,0.128
1447981200000,0.113
1447984800000,0.09
1447988400000,0.09
1447992000000,0.1
1447995600000,0.109
1447999200000,0.12
1448002800000,0.129
1448006400000,0.135
1448010000000,0.137
1448013600000,0.152
1448017200000,0.179
1448020800000,0.192
1448024400000,0.196
1448028000000,0.236
1448031600000,0.29
1448035200000,0.286
1448038800000,0.286
1448042400000,0.284
1448046000000,0.291
1448049600000,0.281
1448053200000,0.243
1448056800000,0.18
1448060400000,0.133
1448064000000,0.16
1448067600000,0.203
1448071200000,0.256
1448074800000,0.293
1448078400000,0.31
1448082000000,0.315
1448085600000,0.317
1448089200000,0.309
1448092800000,0.252
1448096400000,0.234
1448100000000,0.233
1448103600000,0.225
1448107200000,0.22
1448110800000,0.235
1448114400000,0.244
1448118000000,0.256
1448121600000,0.282
1448125200000,0.268
1448128800000,0.253
1448132400000,0.3
1448136000000,0.367
1448139600000,0.36
1448143200000,0.256
1448146800000,0.157
1448150400000,0.133
1448154000000,0.09
1448157600000,0.049
1448161200000,0.027
1448164800000,0.021
1448168400000,0.025
1448172000000,0.038
1448175600000,0.056
1448179200000,0.083
1448182800000,0.12
1448186400000,0.165
1448190000000,0.205
1448193600000,0.227
1448197200000,0.225
1448200800000,0.223
1448204400000,0.217
1448208000000,0.204
1448211600000,0.203
1448215200000,0.199
1448218800000,0.186
1448222400000,0.176
1448226000000,0.162
1448229600000,0.138
1448233200000,0.14
1448236800000,0.135
1448240400000,0.094
1448244000000,0.054
1448247600000,0.032
1448251200000,0.023
1448254800000,0.021
1448258400000,0.023
1448262000000,0.028
1448265600000,0.032
1448269200000,0.035
1448272800000,0.033
1448276400000,0.029
1448280000000,0.029
1448283600000,0.03
1448287200000,0.031
1448290800000,0.033
1448294400000,0.035
1448298000000,0.041
1448301600000,0.046
1448305200000,0.048
1448308800000,0.054
1448312400000,0.058
1448316000000,0.053
1448319600000,0.031
1448323200000,0.02
1448326800000,0.007
1448330400000,0.001
1448334000000,0.0
1448337600000,0.0
1448341200000,0.0
1448344800000,0.0
1448348400000,0.0
1448352000000,0.0
1448355600000,0.0
1448359200000,0.0
1448362800000,0.0
1448366400000,0.0
1448370000000,0.0
1448373600000,0.0
1448377200000,0.0
1448380800000,0.0
1448384400000,0.0
1448388000000,0.0
1448391600000,0.0
1448395200000,0.0
1448398800000,0.0
1448402400000,0.0
1448406000000,0.0
1448409600000,0.0
1448413200000,0.0
1448416800000,0.0
1448420400000,0.0
1448424000000,0.0
1448427600000,0.001
1448431200000,0.009
1448434800000,0.021
1448438400000,0.026
1448442000000,0.034
1448445600000,0.041
1448449200000,0.035
1448452800000,0.031
1448456400000,0.037
1448460000000,0.02
1448463600000,0.022
1448467200000,0.033
1448470800000,0.031
1448474400000,0.028
1448478000000,0.033
1448481600000,0.03
1448485200000,0.022
1448488800000,0.02
1448492400000,0.02
1448496000000,0.038
1448499600000,0.066
1448503200000,0.1
1448506800000,0.114
1448510400000,0.111
1448514000000,0.101
1448517600000,0.085
1448521200000,0.066
1448524800000,0.048
1448528400000,0.034
1448532000000,0.034
1448535600000,0.04
1448539200000,0.059
1448542800000,0.066
1448546400000,0.042
1448550000000,0.041
1448553600000,0.041
1448557200000,0.041
1448560800000,0.052
1448564400000,0.071
1448568000000,0.074
1448571600000,0.078
1448575200000,0.106
1448578800000,0.137
1448582400000,0.155
1448586000000,0.169
1448589600000,0.162
1448593200000,0.134
1448596800000,0.101
1448600400000,0.071
1448604000000,0.069
1448607600000,0.086
1448611200000,0.093
1448614800000,0.099
1448618400000,0.102
1448622000000,0.11
1448625600000,0.118
1448629200000,0.142
1448632800000,0.194
1448636400000,0.268
1448640000000,0.296
1448643600000,0.32
1448647200000,0.314
1448650800000,0.304
1448654400000,0.289
1448658000000,0.268
1448661600000,0.22
1448665200000,0.214
1448668800000,0.261
1448672400000,0.264
1448676000000,0.233
1448679600000,0.21
1448683200000,0.201
1448686800000,0.194
1448690400000,0.178
1448694000000,0.156
1448697600000,0.135
1448701200000,0.16
1448704800000,0.191
1448708400000,0.227
1448712000000,0.262
1448715600000,0.248
1448719200000,0.239
1448722800000,0.235
1448726400000,0.209
1448730000000,0.183
1448733600000,0.146
1448737200000,0.112
1448740800000,0.084
1448744400000,0.059
1448748000000,0.047
1448751600000,0.049
1448755200000,0.086
1448758800000,0.122
1448762400000,0.143
1448766000000,0.154
1448769600000,0.168
1448773200000,0.184
1448776800000,0.192
1448780400000,0.178
1448784000000,0.135
1448787600000,0.112
1448791200000,0.128
1448794800000,0.185
1448798400000,0.281
1448802000000,0.355
1448805600000,0.367
1448809200000,0.354
1448812800000,0.379
1448816400000,0.388
1448820000000,0.37
1448823600000,0.36
1448827200000,0.346
1448830800000,0.32
1448834400000,0.269
1448838000000,0.206
1448841600000,0.198
1448845200000,0.151
1448848800000,0.094
1448852400000,0.061
1448856000000,0.042
1448859600000,0.033
1448863200000,0.031
1448866800000,0.039
1448870400000,0.063
1448874000000,0.104
1448877600000,0.144
1448881200000,0.171
1448884800000,0.176
1448888400000,0.168
1448892000000,0.155
1448895600000,0.137
1448899200000,0.137
1448902800000,0.144
1448906400000,0.144
1448910000000,0.156
1448913600000,0.19
1448917200000,0.227
1448920800000,0.239
1448924400000,0.289
1448928000000,0.318
1448931600000,0.266
1448935200000,0.201
1448938800000,0.16
1448942400000,0.144
1448946000000,0.123
1448949600000,0.119
1448953200000,0.125
1448956800000,0.105
1448960400000,0.104
1448964000000,0.124
1448967600000,0.108
1448971200000,0.099
1448974800000,0.132
1448978400000,0.191
1448982000000,0.226
1448985600000,0.238
1448989200000,0.253
1448992800000,0.256
1448996400000,0.258
1449000000000,0.248
1449003600000,0.234
1449007200000,0.202
1449010800000,0.174
1449014400000,0.174
1449018000000,0.154
1449021600000,0.125
1449025200000,0.109
1449028800000,0.102
1449032400000,0.1
1449036000000,0.099
1449039600000,0.089
1449043200000,0.083
1449046800000,0.085
1449050400000,0.106
1449054000000,0.134
1449057600000,0.151
1449061200000,0.168
1449064800000,0.186
1449068400000,0.181
1449072000000,0.186
1449075600000,0.235
1449079200000,0.27
1449082800000,0.259
1449086400000,0.225
1449090000000,0.183
1449093600000,0.149
1449097200000,0.112
1449100800000,0.09
1449104400000,0.063
1449108000000,0.034
1449111600000,0.018
1449115200000,0.011
1449118800000,0.009
1449122400000,0.01
1449126000000,0.019
1449129600000,0.041
1449133200000,0.061
1449136800000,0.093
1449140400000,0.13
1449144000000,0.169
1449147600000,0.205
1449151200000,0.26
1449154800000,0.323
1449158400000,0.378
1449162000000,0.395
1449165600000,0.395
1449169200000,0.379
1449172800000,0.361
1449176400000,0.325
1449180000000,0.257
1449183600000,0.24
1449187200000,0.309
1449190800000,0.299
1449194400000,0.264
1449198000000,0.238
1449201600000,0.228
1449205200000,0.232
1449208800000,0.248
1449212400000,0.27
1449216000000,0.272
1449219600000,0.274
1449223200000,0.32
1449226800000,0.336
1449230400000,0.334
1449234000000,0.322
1449237600000,0.316
1449241200000,0.311
1449244800000,0.286
1449248400000,0.244
1449252000000,0.201
1449255600000,0.161
1449259200000,0.134
1449262800000,0.102
1449266400000,0.068
1449270000000,0.053
1449273600000,0.048
1449277200000,0.028
1449280800000,0.01
1449284400000,0.004
1449288000000,0.002
1449291600000,0.001
1449295200000,0.001
1449298800000,0.001
1449302400000,0.002
1449306000000,0.002
1449309600000,0.003
1449313200000,0.005
1449316800000,0.012
1449320400000,0.02
1449324000000,0.027
1449327600000,0.025
1449331200000,0.02
1449334800000,0.016
1449338400000,0.016
1449342000000,0.02
1449345600000,0.029
1449349200000,0.035
1449352800000,0.035
1449356400000,0.027
1449360000000,0.021
1449363600000,0.012
1449367200000,0.007
1449370800000,0.007
1449374400000,0.011
1449378000000,0.011
1449381600000,0.011
1449385200000,0.012
1449388800000,0.015
1449392400000,0.019
1449396000000,0.033
1449399600000,0.059
1449403200000,0.087
1449406800000,0.106
1449410400000,0.115
1449414000000,0.133
1449417600000,0.13
1449421200000,0.12
1449424800000,0.118
1449428400000,0.117
1449432000000,0.114
1449435600000,0.118
1449439200000,0.112
1449442800000,0.094
1449446400000,0.108
1449450000000,0.102
1449453600000,0.086
1449457200000,0.065
1449460800000,0.048
1449464400000,0.042
1449468000000,0.04
1449471600000,0.043
1449475200000,0.048
1449478800000,0.053
1449482400000,0.068
1449486000000,0.085
1449489600000,0.101
1449493200000,0.115
1449496800000,0.13
1449500400000,0.15
1449504000000,0.175
1449507600000,0.202
1449511200000,0.229
1449514800000,0.251
1449518400000,0.251
1449522000000,0.271
1449525600000,0.283
1449529200000,0.295
1449532800000,0.408
1449536400000,0.405
1449540000000,0.316
1449543600000,0.234
1449547200000,0.179
1449550800000,0.128
1449554400000,0.092
1449558000000,0.069
1449561600000,0.056
1449565200000,0.045
1449568800000,0.04
1449572400000,0.053
1449576000000,0.083
1449579600000,0.132
1449583200000,0.185
1449586800000,0.237
1449590400000,0.251
1449594000000,0.272
1449597600000,0.294
1449601200000,0.314
1449604800000,0.311
1449608400000,0.284
1449612000000,0.238
1449615600000,0.238
1449619200000,0.23
1449622800000,0.16
1449626400000,0.094
1449630000000,0.057
1449633600000,0.035
1449637200000,0.019
1449640800000,0.011
1449644400000,0.008
1449648000000,0.006
1449651600000,0.004
1449655200000,0.01
1449658800000,0.021
1449662400000,0.042
1449666000000,0.072
1449669600000,0.101
1449673200000,0.121
1449676800000,0.131
1449680400000,0.139
1449684000000,0.153
1449687600000,0.178
1449691200000,0.197
1449694800000,0.194
1449698400000,0.162
1449702000000,0.141
1449705600000,0.12
1449709200000,0.084
1449712800000,0.053
1449716400000,0.031
1449720000000,0.016
1449723600000,0.009
1449727200000,0.005
1449730800000,0.004
1449734400000,0.005
1449738000000,0.006
1449741600000,0.005
1449745200000,0.007
1449748800000,0.013
1449752400000,0.028
1449756000000,0.059
1449759600000,0.108
1449763200000,0.159
1449766800000,0.186
1449770400000,0.194
1449774000000,0.214
1449777600000,0.227
1449781200000,0.248
1449784800000,0.223
1449788400000,0.193
1449792000000,0.179
1449795600000,0.146
1449799200000,0.114
1449802800000,0.095
1449806400000,0.088
1449810000000,0.087
1449813600000,0.089
1449817200000,0.093
1449820800000,0.096
1449824400000,0.109
1449828000000,0.128
1449831600000,0.149
1449835200000,0.165
1449838800000,0.165
1449842400000,0.158
1449846000000,0.155
1449849600000,0.167
1449853200000,0.198
1449856800000,0.234
1449860400000,0.254
1449864000000,0.259
1449867600000,0.258
1449871200000,0.212
1449874800000,0.195
1449878400000,0.219
1449882000000,0.228
1449885600000,0.264
1449889200000,0.316
1449892800000,0.328
1449896400000,0.274
1449900000000,0.19
1449903600000,0.135
1449907200000,0.114
1449910800000,0.114
1449914400000,0.143
1449918000000,0.188
1449921600000,0.22
1449925200000,0.227
1449928800000,0.223
1449932400000,0.225
1449936000000,0.239
1449939600000,0.249
1449943200000,0.238
1449946800000,0.22
1449950400000,0.21
1449954000000,0.206
1449957600000,0.185
1449961200000,0.167
1449964800000,0.158
1449968400000,0.105
1449972000000,0.059
1449975600000,0.038
1449979200000,0.039
1449982800000,0.046
1449986400000,0.054
1449990000000,0.071
1449993600000,0.102
1449997200000,0.133
1450000800000,0.138
1450004400000,0.123
1450008000000,0.118
1450011600000,0.119
1450015200000,0.116
1450018800000,0.107
1450022400000,0.108
1450026000000,0.114
1450029600000,0.118
1450033200000,0.113
1450036800000,0.097
1450040400000,0.085
1450044000000,0.07
1450047600000,0.046
1450051200000,0.038
1450054800000,0.034
1450058400000,0.036
1450062000000,0.038
1450065600000,0.038
1450069200000,0.039
1450072800000,0.04
1450076400000,0.04
1450080000000,0.037
1450083600000,0.039
1450087200000,0.039
1450090800000,0.038
1450094400000,0.042
1450098000000,0.037
1450101600000,0.017
1450105200000,0.012
1450108800000,0.023
1450112400000,0.027
1450116000000,0.012
1450119600000,0.002
1450123200000,0.0
1450126800000,0.0
1450130400000,0.001
1450134000000,0.002
1450137600000,0.004
1450141200000,0.01
1450144800000,0.017
1450148400000,0.021
1450152000000,0.026
1450155600000,0.031
1450159200000,0.034
1450162800000,0.034
1450166400000,0.033
1450170000000,0.036
1450173600000,0.039
1450177200000,0.036
1450180800000,0.03
1450184400000,0.026
1450188000000,0.025
1450191600000,0.027
1450195200000,0.031
1450198800000,0.029
1450202400000,0.014
1450206000000,0.004
1450209600000,0.002
1450213200000,0.005
1450216800000,0.008
1450220400000,0.012
1450224000000,0.016
1450227600000,0.019
1450231200000,0.018
1450234800000,0.014
1450238400000,0.012
1450242000000,0.011
1450245600000,0.01
1450249200000,0.008
1450252800000,0.005
1450256400000,0.006
1450260000000,0.01
1450263600000,0.014
1450267200000,0.018
1450270800000,0.018
1450274400000,0.017
1450278000000,0.008
1450281600000,0.001
1450285200000,0.001
1450288800000,0.001
1450292400000,0.001
1450296000000,0.001
1450299600000,0.002
1450303200000,0.001
1450306800000,0.0
1450310400000,0.0
1450314000000,0.0
1450317600000,0.0
1450321200000,0.0
1450324800000,0.0
1450328400000,0.0
1450332000000,0.0
1450335600000,0.0
1450339200000,0.0
1450342800000,0.002
1450346400000,0.008
1450350000000,0.014
1450353600000,0.017
1450357200000,0.024
1450360800000,0.038
1450364400000,0.064
1450368000000,0.109
1450371600000,0.155
1450375200000,0.194
1450378800000,0.217
1450382400000,0.225
1450386000000,0.209
1450389600000,0.163
1450393200000,0.102
1450396800000,0.065
1450400400000,0.032
1450404000000,0.014
1450407600000,0.009
1450411200000,0.011
1450414800000,0.017
1450418400000,0.023
1450422000000,0.022
1450425600000,0.02
1450429200000,0.042
1450432800000,0.088
1450436400000,0.097
1450440000000,0.074
1450443600000,0.066
1450447200000,0.05
1450450800000,0.034
1450454400000,0.041
1450458000000,0.034
1450461600000,0.016
1450465200000,0.018
1450468800000,0.037
1450472400000,0.043
1450476000000,0.025
1450479600000,0.027
1450483200000,0.036
1450486800000,0.031
1450490400000,0.039
1450494000000,0.06
1450497600000,0.029
1450501200000,0.003
1450504800000,0.006
1450508400000,0.006
1450512000000,0.03
1450515600000,0.025
1450519200000,0.032
1450522800000,0.062
1450526400000,0.14
1450530000000,0.233
1450533600000,0.27
1450537200000,0.313
1450540800000,0.415
1450544400000,0.447
1450548000000,0.441
1450551600000,0.427
1450555200000,0.407
1450558800000,0.358
1450562400000,0.302
1450566000000,0.224
1450569600000,0.259
1450573200000,0.299
1450576800000,0.259
1450580400000,0.184
1450584000000,0.118
1450587600000,0.074
1450591200000,0.054
1450594800000,0.039
1450598400000,0.03
1450602000000,0.025
1450605600000,0.032
1450609200000,0.054
1450612800000,0.084
1450616400000,0.122
1450620000000,0.16
1450623600000,0.181
1450627200000,0.203
1450630800000,0.233
1450634400000,0.27
1450638000000,0.309
1450641600000,0.343
1450645200000,0.368
1450648800000,0.318
1450652400000,0.283
1450656000000,0.296
1450659600000,0.249
1450663200000,0.192
1450666800000,0.165
1450670400000,0.161
1450674000000,0.164
1450677600000,0.17
1450681200000,0.17
1450684800000,0.165
1450688400000,0.195
1450692000000,0.29
1450695600000,0.414
1450699200000,0.455
1450702800000,0.442
1450706400000,0.447
1450710000000,0.464
1450713600000,0.469
1450717200000,0.465
1450720800000,0.429
1450724400000,0.383
1450728000000,0.364
1450731600000,0.342
1450735200000,0.278
1450738800000,0.215
1450742400000,0.259
1450746000000,0.254
1450749600000,0.257
1450753200000,0.279
1450756800000,0.31
1450760400000,0.337
1450764000000,0.342
1450767600000,0.337
1450771200000,0.304
1450774800000,0.264
1450778400000,0.251
1450782000000,0.26
1450785600000,0.288
1450789200000,0.313
1450792800000,0.376
1450796400000,0.399
1450800000000,0.376
1450803600000,0.401
1450807200000,0.422
1450810800000,0.39
1450814400000,0.376
1450818000000,0.321
1450821600000,0.251
1450825200000,0.292
1450828800000,0.32
1450832400000,0.268
1450836000000,0.2
1450839600000,0.152
1450843200000,0.121
1450846800000,0.112
1450850400000,0.112
1450854000000,0.114
1450857600000,0.124
1450861200000,0.144
1450864800000,0.149
1450868400000,0.122
1450872000000,0.1
1450875600000,0.104
1450879200000,0.141
1450882800000,0.196
1450886400000,0.217
1450890000000,0.195
1450893600000,0.137
1450897200000,0.077
1450900800000,0.042
1450904400000,0.032
1450908000000,0.025
1450911600000,0.03
1450915200000,0.046
1450918800000,0.043
1450922400000,0.027
1450926000000,0.013
1450929600000,0.004
1450933200000,0.001
1450936800000,0.0
1450940400000,0.001
1450944000000,0.007
1450947600000,0.017
1450951200000,0.024
1450954800000,0.023
1450958400000,0.035
1450962000000,0.055
1450965600000,0.079
1450969200000,0.114
1450972800000,0.148
1450976400000,0.167
1450980000000,0.201
1450983600000,0.285
1450987200000,0.352
1450990800000,0.398
1450994400000,0.408
1450998000000,0.451
1451001600000,0.541
1451005200000,0.568
1451008800000,0.559
1451012400000,0.545
1451016000000,0.538
1451019600000,0.529
1451023200000,0.541
1451026800000,0.561
1451030400000,0.509
1451034000000,0.463
1451037600000,0.481
1451041200000,0.51
1451044800000,0.55
1451048400000,0.578
1451052000000,0.61
1451055600000,0.573
1451059200000,0.523
1451062800000,0.466
1451066400000,0.374
1451070000000,0.334
1451073600000,0.32
1451077200000,0.308
1451080800000,0.272
1451084400000,0.32
1451088000000,0.488
1451091600000,0.523
1451095200000,0.513
1451098800000,0.505
1451102400000,0.502
1451106000000,0.495
1451109600000,0.485
1451113200000,0.472
1451116800000,0.417
1451120400000,0.403
1451124000000,0.418
1451127600000,0.429
1451131200000,0.507
1451134800000,0.577
1451138400000,0.622
1451142000000,0.604
1451145600000,0.559
1451149200000,0.512
1451152800000,0.467
1451156400000,0.429
1451160000000,0.419
1451163600000,0.382
1451167200000,0.316
1451170800000,0.327
1451174400000,0.395
1451178000000,0.357
1451181600000,0.286
1451185200000,0.246
1451188800000,0.233
1451192400000,0.229
1451196000000,0.235
1451199600000,0.248
1451203200000,0.233
1451206800000,0.231
1451210400000,0.267
1451214000000,0.27
1451217600000,0.344
1451221200000,0.42
1451224800000,0.395
1451228400000,0.384
1451232000000,0.426
1451235600000,0.502
1451239200000,0.519
1451242800000,0.522
1451246400000,0.513
1451250000000,0.498
1451253600000,0.447
1451257200000,0.531
1451260800000,0.701
1451264400000,0.751
1451268000000,0.763
1451271600000,0.756
1451275200000,0.742
1451278800000,0.727
1451282400000,0.71
1451286000000,0.698
1451289600000,0.65
1451293200000,0.554
1451296800000,0.513
1451300400000,0.546
1451304000000,0.604
1451307600000,0.637
1451311200000,0.622
1451314800000,0.556
1451318400000,0.481
1451322000000,0.433
1451325600000,0.419
1451329200000,0.407
1451332800000,0.398
1451336400000,0.4
1451340000000,0.42
1451343600000,0.602
1451347200000,0.706
1451350800000,0.693
1451354400000,0.667
1451358000000,0.642
1451361600000,0.615
1451365200000,0.587
1451368800000,0.552
1451372400000,0.515
1451376000000,0.448
1451379600000,0.361
1451383200000,0.318
1451386800000,0.289
1451390400000,0.28
1451394000000,0.308
1451397600000,0.376
1451401200000,0.444
1451404800000,0.451
1451408400000,0.444
1451412000000,0.404
1451415600000,0.387
1451419200000,0.352
1451422800000,0.339
1451426400000,0.297
1451430000000,0.343
1451433600000,0.481
1451437200000,0.491
1451440800000,0.461
1451444400000,0.415
1451448000000,0.379
1451451600000,0.355
1451455200000,0.352
1451458800000,0.355
1451462400000,0.314
1451466000000,0.262
1451469600000,0.231
1451473200000,0.199
1451476800000,0.181
1451480400000,0.192
1451484000000,0.243
1451487600000,0.27
1451491200000,0.245
1451494800000,0.22
1451498400000,0.204
1451502000000,0.212
1451505600000,0.223
1451509200000,0.234
1451512800000,0.215
1451516400000,0.201
1451520000000,0.206
1451523600000,0.17
1451527200000,0.132
1451530800000,0.102
1451534400000,0.083
1451538000000,0.063
1451541600000,0.051
1451545200000,0.054
1451548800000,0.077
1451552400000,0.1
1451556000000,0.109
1451559600000,0.103
1451563200000,0.104
1451566800000,0.076
1451570400000,0.069
1451574000000,0.083
1451577600000,0.147
1451581200000,0.208
1451584800000,0.219
1451588400000,0.201
1451592000000,0.179
1451595600000,0.142
1451599200000,0.096
1451602800000,0.09
