,N1
1451606400000,0.493
1451610000000,0.584
1451613600000,0.626
1451617200000,0.65
1451620800000,0.675
1451624400000,0.698
1451628000000,0.711
1451631600000,0.7
1451635200000,0.625
1451638800000,0.539
1451642400000,0.515
1451646000000,0.488
1451649600000,0.468
1451653200000,0.472
1451656800000,0.459
1451660400000,0.476
1451664000000,0.479
1451667600000,0.461
1451671200000,0.445
1451674800000,0.43
1451678400000,0.422
1451682000000,0.398
1451685600000,0.348
1451689200000,0.396
1451692800000,0.481
1451696400000,0.529
1451700000000,0.553
1451703600000,0.574
1451707200000,0.578
1451710800000,0.576
1451714400000,0.572
1451718000000,0.568
1451721600000,0.508
1451725200000,0.447
1451728800000,0.476
1451732400000,0.495
1451736000000,0.466
1451739600000,0.386
1451743200000,0.367
1451746800000,0.391
1451750400000,0.427
1451754000000,0.444
1451757600000,0.447
1451761200000,0.433
1451764800000,0.41
1451768400000,0.38
1451772000000,0.332
1451775600000,0.434
1451779200000,0.548
1451782800000,0.586
1451786400000,0.609
1451790000000,0.623
1451793600000,0.623
1451797200000,0.618
1451800800000,0.605
1451804400000,0.591
1451808000000,0.523
1451811600000,0.407
1451815200000,0.41
1451818800000,0.466
1451822400000,0.462
1451826000000,0.444
1451829600000,0.451
1451833200000,0.459
1451836800000,0.466
1451840400000,0.482
1451844000000,0.509
1451847600000,0.535
1451851200000,0.539
1451854800000,0.552
1451858400000,0.535
1451862000000,0.578
1451865600000,0.638
1451869200000,0.633
1451872800000,0.59
1451876400000,0.538
1451880000000,0.489
1451883600000,0.442
1451887200000,0.4
1451890800000,0.359
1451894400000,0.306
1451898000000,0.257
1451901600000,0.25
1451905200000,0.251
1451908800000,0.251
1451912400000,0.248
1451916000000,0.251
1451919600000,0.258
1451923200000,0.259
1451926800000,0.277
1451930400000,0.298
1451934000000,0.32
1451937600000,0.364
1451941200000,0.373
1451944800000,0.353
1451948400000,0.315
1451952000000,0.375
1451955600000,0.376
1451959200000,0.346
1451962800000,0.332
1451966400000,0.314
1451970000000,0.278
1451973600000,0.243
1451977200000,0.214
1451980800000,0.192
1451984400000,0.171
1451988000000,0.167
1451991600000,0.167
1451995200000,0.186
1451998800000,0.233
1452002400000,0.257
1452006000000,0.264
1452009600000,0.294
1452013200000,0.285
1452016800000,0.277
1452020400000,0.285
1452024000000,0.309
1452027600000,0.318
1452031200000,0.287
1452034800000,0.292
1452038400000,0.276
1452042000000,0.234
1452045600000,0.204
1452049200000,0.206
1452052800000,0.223
1452056400000,0.225
1452060000000,0.213
1452063600000,0.188
1452067200000,0.153
1452070800000,0.114
1452074400000,0.096
1452078000000,0.09
1452081600000,0.095
1452085200000,0.112
1452088800000,0.151
1452092400000,0.204
1452096000000,0.233
1452099600000,0.26
1452103200000,0.241
1452106800000,0.243
1452110400000,0.243
1452114000000,0.249
1452117600000,0.233
1452121200000,0.24
1452124800000,0.253
1452128400000,0.258
1452132000000,0.259
1452135600000,0.259
1452139200000,0.244
1452142800000,0.218
1452146400000,0.192
1452150000000,0.177
1452153600000,0.17
1452157200000,0.17
1452160800000,0.179
1452164400000,0.162
1452168000000,0.169
1452171600000,0.199
1452175200000,0.241
1452178800000,0.264
1452182400000,0.272
1452186000000,0.25
1452189600000,0.236
1452193200000,0.228
1452196800000,0.231
1452200400000,0.241
1452204000000,0.243
1452207600000,0.256
1452211200000,0.272
1452214800000,0.279
1452218400000,0.294
1452222000000,0.312
1452225600000,0.32
1452229200000,0.311
1452232800000,0.298
1452236400000,0.282
1452240000000,0.251
1452243600000,0.178
1452247200000,0.119
1452250800000,0.092
1452254400000,0.087
1452258000000,0.099
1452261600000,0.126
1452265200000,0.17
1452268800000,0.188
1452272400000,0.18
1452276000000,0.176
1452279600000,0.187
1452283200000,0.22
1452286800000,0.252
1452290400000,0.264
1452294000000,0.293
1452297600000,0.314
1452301200000,0.334
1452304800000,0.355
1452308400000,0.408
1452312000000,0.459
1452315600000,0.444
1452319200000,0.422
1452322800000,0.425
1452326400000,0.415
1452330000000,0.334
1452333600000,0.317
1452337200000,0.305
1452340800000,0.362
1452344400000,0.451
1452348000000,0.482
1452351600000,0.497
1452355200000,0.506
1452358800000,0.47
1452362400000,0.454
1452366000000,0.46
1452369600000,0.464
1452373200000,0.459
1452376800000,0.453
1452380400000,0.615
1452384000000,0.682
1452387600000,0.718
1452391200000,0.743
1452394800000,0.74
1452398400000,0.712
1452402000000,0.674
1452405600000,0.635
1452409200000,0.597
1452412800000,0.536
1452416400000,0.376
1452420000000,0.331
1452423600000,0.357
1452427200000,0.422
1452430800000,0.492
1452434400000,0.491
1452438000000,0.463
1452441600000,0.419
1452445200000,0.381
1452448800000,0.342
1452452400000,0.308
1452456000000,0.265
1452459600000,0.233
1452463200000,0.196
1452466800000,0.22
1452470400000,0.251
1452474000000,0.241
1452477600000,0.212
1452481200000,0.2
1452484800000,0.192
1452488400000,0.175
1452492000000,0.151
1452495600000,0.124
1452499200000,0.098
1452502800000,0.083
1452506400000,0.073
1452510000000,0.064
1452513600000,0.056
1452517200000,0.049
1452520800000,0.046
1452524400000,0.046
1452528000000,0.049
1452531600000,0.056
1452535200000,0.067
1452538800000,0.087
1452542400000,0.117
1452546000000,0.118
1452549600000,0.098
1452553200000,0.089
1452556800000,0.095
1452560400000,0.091
1452564000000,0.095
1452567600000,0.115
1452571200000,0.144
1452574800000,0.168
1452578400000,0.19
1452582000000,0.202
1452585600000,0.197
1452589200000,0.169
1452592800000,0.156
1452596400000,0.141
1452600000000,0.153
1452603600000,0.207
1452607200000,0.274
1452610800000,0.298
1452614400000,0.287
1452618000000,0.27
1452621600000,0.251
1452625200000,0.243
1452628800000,0.245
1452632400000,0.235
1452636000000,0.179
1452639600000,0.191
1452643200000,0.231
1452646800000,0.255
1452650400000,0.264
1452654000000,0.273
1452657600000,0.284
1452661200000,0.284
1452664800000,0.279
1452668400000,0.272
1452672000000,0.253
1452675600000,0.192
1452679200000,0.167
1452682800000,0.152
1452686400000,0.142
1452690000000,0.148
1452693600000,0.163
1452697200000,0.196
1452700800000,0.23
1452704400000,0.251
1452708000000,0.269
1452711600000,0.306
1452715200000,0.341
1452718800000,0.337
1452722400000,0.291
1452726000000,0.31
1452729600000,0.314
1452733200000,0.332
1452736800000,0.355
1452740400000,0.374
1452744000000,0.366
1452747600000,0.334
1452751200000,0.311
1452754800000,0.297
1452758400000,0.284
1452762000000,0.251
1452765600000,0.217
1452769200000,0.2
1452772800000,0.245
1452776400000,0.302
1452780000000,0.367
1452783600000,0.388
1452787200000,0.392
1452790800000,0.405
1452794400000,0.41
1452798000000,0.407
1452801600000,0.416
1452805200000,0.404
1452808800000,0.336
1452812400000,0.414
1452816000000,0.414
1452819600000,0.383
1452823200000,0.343
1452826800000,0.334
1452830400000,0.338
1452834000000,0.337
1452837600000,0.337
1452841200000,0.333
1452844800000,0.317
1452848400000,0.272
1452852000000,0.254
1452855600000,0.252
1452859200000,0.272
1452862800000,0.278
1452866400000,0.247
1452870000000,0.209
1452873600000,0.175
1452877200000,0.153
1452880800000,0.145
1452884400000,0.145
1452888000000,0.152
1452891600000,0.149
1452895200000,0.145
1452898800000,0.145
1452902400000,0.155
1452906000000,0.163
1452909600000,0.171
1452913200000,0.182
1452916800000,0.183
1452920400000,0.185
1452924000000,0.2
1452927600000,0.209
1452931200000,0.22
1452934800000,0.224
1452938400000,0.203
1452942000000,0.173
1452945600000,0.156
1452949200000,0.185
1452952800000,0.227
1452956400000,0.271
1452960000000,0.317
1452963600000,0.338
1452967200000,0.343
1452970800000,0.334
1452974400000,0.309
1452978000000,0.249
1452981600000,0.184
1452985200000,0.176
1452988800000,0.18
1452992400000,0.179
1452996000000,0.179
1452999600000,0.185
1453003200000,0.183
1453006800000,0.152
1453010400000,0.11
1453014000000,0.08
1453017600000,0.067
1453021200000,0.083
1453024800000,0.095
1453028400000,0.097
1453032000000,0.094
1453035600000,0.085
1453039200000,0.076
1453042800000,0.068
1453046400000,0.058
1453050000000,0.051
1453053600000,0.054
1453057200000,0.07
1453060800000,0.095
1453064400000,0.108
1453068000000,0.11
1453071600000,0.104
1453075200000,0.102
1453078800000,0.099
1453082400000,0.096
1453086000000,0.102
1453089600000,0.107
1453093200000,0.112
1453096800000,0.121
1453100400000,0.136
1453104000000,0.16
1453107600000,0.204
1453111200000,0.251
1453114800000,0.241
1453118400000,0.221
1453122000000,0.22
1453125600000,0.259
1453129200000,0.328
1453132800000,0.391
1453136400000,0.45
1453140000000,0.502
1453143600000,0.519
1453147200000,0.519
1453150800000,0.493
1453154400000,0.442
1453158000000,0.478
1453161600000,0.538
1453165200000,0.588
1453168800000,0.625
1453172400000,0.655
1453176000000,0.665
1453179600000,0.646
1453183200000,0.616
1453186800000,0.581
1453190400000,0.519
1453194000000,0.384
1453197600000,0.363
1453201200000,0.401
1453204800000,0.464
1453208400000,0.517
1453212000000,0.567
1453215600000,0.57
1453219200000,0.558
1453222800000,0.568
1453226400000,0.598
1453230000000,0.639
1453233600000,0.669
1453237200000,0.676
1453240800000,0.666
1453244400000,0.785
1453248000000,0.827
1453251600000,0.831
1453255200000,0.82
1453258800000,0.814
1453262400000,0.806
1453266000000,0.791
1453269600000,0.779
1453273200000,0.77
1453276800000,0.74
1453280400000,0.63
1453284000000,0.576
1453287600000,0.566
1453291200000,0.558
1453294800000,0.544
1453298400000,0.507
1453302000000,0.491
1453305600000,0.491
1453309200000,0.457
1453312800000,0.467
1453316400000,0.444
1453320000000,0.436
1453323600000,0.42
1453327200000,0.413
1453330800000,0.519
1453334400000,0.68
1453338000000,0.754
1453341600000,0.774
1453345200000,0.795
1453348800000,0.814
1453352400000,0.821
1453356000000,0.816
1453359600000,0.797
1453363200000,0.731
1453366800000,0.544
1453370400000,0.444
1453374000000,0.42
1453377600000,0.388
1453381200000,0.355
1453384800000,0.309
1453388400000,0.262
1453392000000,0.243
1453395600000,0.261
1453399200000,0.272
1453402800000,0.278
1453406400000,0.297
1453410000000,0.301
1453413600000,0.308
1453417200000,0.426
1453420800000,0.51
1453424400000,0.526
1453428000000,0.525
1453431600000,0.542
1453435200000,0.561
1453438800000,0.566
1453442400000,0.566
1453446000000,0.559
1453449600000,0.532
1453453200000,0.415
1453456800000,0.35
1453460400000,0.337
1453464000000,0.364
1453467600000,0.391
1453471200000,0.38
1453474800000,0.376
1453478400000,0.355
1453482000000,0.338
1453485600000,0.32
1453489200000,0.305
1453492800000,0.3
1453496400000,0.296
1453500000000,0.286
1453503600000,0.337
1453507200000,0.395
1453510800000,0.42
1453514400000,0.427
1453518000000,0.447
1453521600000,0.462
1453525200000,0.459
1453528800000,0.454
1453532400000,0.45
1453536000000,0.435
1453539600000,0.355
1453543200000,0.266
1453546800000,0.245
1453550400000,0.291
1453554000000,0.349
1453557600000,0.369
1453561200000,0.395
1453564800000,0.436
1453568400000,0.467
1453572000000,0.481
1453575600000,0.494
1453579200000,0.522
1453582800000,0.514
1453586400000,0.473
1453590000000,0.501
1453593600000,0.505
1453597200000,0.5
1453600800000,0.495
1453604400000,0.51
1453608000000,0.532
1453611600000,0.535
1453615200000,0.516
1453618800000,0.485
1453622400000,0.432
1453626000000,0.291
1453629600000,0.246
1453633200000,0.264
1453636800000,0.294
1453640400000,0.334
1453644000000,0.358
1453647600000,0.376
1453651200000,0.383
1453654800000,0.379
1453658400000,0.41
1453662000000,0.451
1453665600000,0.535
1453669200000,0.624
1453672800000,0.702
1453676400000,0.821
1453680000000,0.918
1453683600000,0.957
1453687200000,0.968
1453690800000,0.974
1453694400000,0.975
1453698000000,0.976
1453701600000,0.976
1453705200000,0.967
1453708800000,0.93
1453712400000,0.891
1453716000000,0.872
1453719600000,0.861
1453723200000,0.859
1453726800000,0.875
1453730400000,0.884
1453734000000,0.886
1453737600000,0.873
1453741200000,0.865
1453744800000,0.867
1453748400000,0.879
1453752000000,0.888
1453755600000,0.886
1453759200000,0.882
1453762800000,0.922
1453766400000,0.959
1453770000000,0.969
1453773600000,0.967
1453777200000,0.964
1453780800000,0.964
1453784400000,0.964
1453788000000,0.959
1453791600000,0.946
1453795200000,0.894
1453798800000,0.804
1453802400000,0.766
1453806000000,0.762
1453809600000,0.75
1453813200000,0.731
1453816800000,0.701
1453820400000,0.684
1453824000000,0.675
1453827600000,0.663
1453831200000,0.655
1453834800000,0.683
1453838400000,0.726
1453842000000,0.738
1453845600000,0.727
1453849200000,0.77
1453852800000,0.86
1453856400000,0.897
1453860000000,0.906
1453863600000,0.915
1453867200000,0.921
1453870800000,0.919
1453874400000,0.908
1453878000000,0.885
1453881600000,0.783
1453885200000,0.635
1453888800000,0.616
1453892400000,0.662
1453896000000,0.703
1453899600000,0.706
1453903200000,0.713
1453906800000,0.706
1453910400000,0.676
1453914000000,0.65
1453917600000,0.635
1453921200000,0.648
1453924800000,0.666
1453928400000,0.657
1453932000000,0.633
1453935600000,0.61
1453939200000,0.765
1453942800000,0.852
1453946400000,0.876
1453950000000,0.897
1453953600000,0.907
1453957200000,0.897
1453960800000,0.88
1453964400000,0.862
1453968000000,0.777
1453971600000,0.634
1453975200000,0.513
1453978800000,0.556
1453982400000,0.541
1453986000000,0.485
1453989600000,0.381
1453993200000,0.346
1453996800000,0.325
1454000400000,0.291
1454004000000,0.258
1454007600000,0.214
1454011200000,0.18
1454014800000,0.155
1454018400000,0.111
1454022000000,0.085
1454025600000,0.134
1454029200000,0.192
1454032800000,0.202
1454036400000,0.212
1454040000000,0.219
1454043600000,0.223
1454047200000,0.234
1454050800000,0.251
1454054400000,0.244
1454058000000,0.198
1454061600000,0.192
1454065200000,0.196
1454068800000,0.223
1454072400000,0.235
1454076000000,0.219
1454079600000,0.224
1454083200000,0.199
1454086800000,0.185
1454090400000,0.173
1454094000000,0.162
1454097600000,0.147
1454101200000,0.131
1454104800000,0.117
1454108400000,0.157
1454112000000,0.264
1454115600000,0.374
1454119200000,0.432
1454122800000,0.491
1454126400000,0.532
1454130000000,0.538
1454133600000,0.535
1454137200000,0.522
1454140800000,0.449
1454144400000,0.287
1454148000000,0.249
1454151600000,0.263
1454155200000,0.273
1454158800000,0.265
1454162400000,0.233
1454166000000,0.201
1454169600000,0.208
1454173200000,0.245
1454176800000,0.267
1454180400000,0.258
1454184000000,0.267
1454187600000,0.278
1454191200000,0.278
1454194800000,0.433
1454198400000,0.594
1454202000000,0.694
1454205600000,0.751
1454209200000,0.781
1454212800000,0.795
1454216400000,0.809
1454220000000,0.816
1454223600000,0.812
1454227200000,0.741
1454230800000,0.628
1454234400000,0.629
1454238000000,0.657
1454241600000,0.638
1454245200000,0.547
1454248800000,0.485
1454252400000,0.43
1454256000000,0.398
1454259600000,0.41
1454263200000,0.45
1454266800000,0.481
1454270400000,0.519
1454274000000,0.552
1454277600000,0.561
1454281200000,0.627
1454284800000,0.756
1454288400000,0.826
1454292000000,0.858
1454295600000,0.867
1454299200000,0.875
1454302800000,0.873
1454306400000,0.861
1454310000000,0.838
1454313600000,0.735
1454317200000,0.588
1454320800000,0.547
1454324400000,0.513
1454328000000,0.448
1454331600000,0.436
1454335200000,0.43
1454338800000,0.436
1454342400000,0.481
1454346000000,0.484
1454349600000,0.487
1454353200000,0.49
1454356800000,0.501
1454360400000,0.491
1454364000000,0.476
1454367600000,0.571
1454371200000,0.71
1454374800000,0.765
1454378400000,0.771
1454382000000,0.777
1454385600000,0.77
1454389200000,0.752
1454392800000,0.73
1454396400000,0.69
1454400000000,0.613
1454403600000,0.492
1454407200000,0.513
1454410800000,0.55
1454414400000,0.54
1454418000000,0.479
1454421600000,0.432
1454425200000,0.413
1454428800000,0.398
1454432400000,0.376
1454436000000,0.369
1454439600000,0.352
1454443200000,0.379
1454446800000,0.391
1454450400000,0.35
1454454000000,0.432
1454457600000,0.524
1454461200000,0.529
1454464800000,0.488
1454468400000,0.47
1454472000000,0.464
1454475600000,0.457
1454479200000,0.453
1454482800000,0.444
1454486400000,0.41
1454490000000,0.3
1454493600000,0.278
1454497200000,0.291
1454500800000,0.305
1454504400000,0.331
1454508000000,0.28
1454511600000,0.274
1454515200000,0.311
1454518800000,0.336
1454522400000,0.328
1454526000000,0.337
1454529600000,0.343
1454533200000,0.323
1454536800000,0.284
1454540400000,0.362
1454544000000,0.379
1454547600000,0.361
1454551200000,0.341
1454554800000,0.358
1454558400000,0.381
1454562000000,0.39
1454565600000,0.386
1454569200000,0.374
1454572800000,0.35
1454576400000,0.235
1454580000000,0.167
1454583600000,0.147
1454587200000,0.164
1454590800000,0.167
1454594400000,0.182
1454598000000,0.17
1454601600000,0.147
1454605200000,0.157
1454608800000,0.154
1454612400000,0.156
1454616000000,0.161
1454619600000,0.14
1454623200000,0.099
1454626800000,0.106
1454630400000,0.124
1454634000000,0.126
1454637600000,0.117
1454641200000,0.133
1454644800000,0.158
1454648400000,0.178
1454652000000,0.194
1454655600000,0.207
1454659200000,0.209
1454662800000,0.172
1454666400000,0.162
1454670000000,0.152
1454673600000,0.145
1454677200000,0.161
1454680800000,0.192
1454684400000,0.228
1454688000000,0.21
1454691600000,0.205
1454695200000,0.226
1454698800000,0.211
1454702400000,0.185
1454706000000,0.129
1454709600000,0.058
1454713200000,0.02
1454716800000,0.012
1454720400000,0.013
1454724000000,0.017
1454727600000,0.024
1454731200000,0.03
1454734800000,0.033
1454738400000,0.039
1454742000000,0.06
1454745600000,0.103
1454749200000,0.167
1454752800000,0.199
1454756400000,0.18
1454760000000,0.15
1454763600000,0.14
1454767200000,0.181
1454770800000,0.246
1454774400000,0.283
1454778000000,0.341
1454781600000,0.425
1454785200000,0.454
1454788800000,0.476
1454792400000,0.464
1454796000000,0.418
1454799600000,0.45
1454803200000,0.484
1454806800000,0.461
1454810400000,0.403
1454814000000,0.375
1454817600000,0.364
1454821200000,0.347
1454824800000,0.337
1454828400000,0.346
1454832000000,0.358
1454835600000,0.32
1454839200000,0.349
1454842800000,0.454
1454846400000,0.555
1454850000000,0.634
1454853600000,0.645
1454857200000,0.648
1454860800000,0.617
1454864400000,0.568
1454868000000,0.546
1454871600000,0.538
1454875200000,0.541
1454878800000,0.539
1454882400000,0.523
1454886000000,0.625
1454889600000,0.754
1454893200000,0.797
1454896800000,0.805
1454900400000,0.817
1454904000000,0.826
1454907600000,0.831
1454911200000,0.841
1454914800000,0.842
1454918400000,0.796
1454922000000,0.665
1454925600000,0.65
1454929200000,0.655
1454932800000,0.625
1454936400000,0.596
1454940000000,0.583
1454943600000,0.571
1454947200000,0.546
1454950800000,0.51
1454954400000,0.494
1454958000000,0.491
1454961600000,0.503
1454965200000,0.501
1454968800000,0.464
1454972400000,0.522
1454976000000,0.613
1454979600000,0.61
1454983200000,0.57
1454986800000,0.561
1454990400000,0.568
1454994000000,0.572
1454997600000,0.583
1455001200000,0.591
1455004800000,0.581
1455008400000,0.515
1455012000000,0.491
1455015600000,0.516
1455019200000,0.541
1455022800000,0.454
1455026400000,0.447
1455030000000,0.451
1455033600000,0.472
1455037200000,0.491
1455040800000,0.514
1455044400000,0.55
1455048000000,0.586
1455051600000,0.572
1455055200000,0.551
1455058800000,0.638
1455062400000,0.73
1455066000000,0.756
1455069600000,0.75
1455073200000,0.754
1455076800000,0.751
1455080400000,0.746
1455084000000,0.738
1455087600000,0.728
1455091200000,0.699
1455094800000,0.543
1455098400000,0.494
1455102000000,0.516
1455105600000,0.5
1455109200000,0.491
1455112800000,0.49
1455116400000,0.496
1455120000000,0.506
1455123600000,0.513
1455127200000,0.516
1455130800000,0.515
1455134400000,0.526
1455138000000,0.552
1455141600000,0.562
1455145200000,0.717
1455148800000,0.786
1455152400000,0.799
1455156000000,0.783
1455159600000,0.789
1455163200000,0.809
1455166800000,0.824
1455170400000,0.835
1455174000000,0.834
1455177600000,0.806
1455181200000,0.669
1455184800000,0.599
1455188400000,0.568
1455192000000,0.526
1455195600000,0.505
1455199200000,0.5
1455202800000,0.477
1455206400000,0.492
1455210000000,0.508
1455213600000,0.504
1455217200000,0.505
1455220800000,0.519
1455224400000,0.523
1455228000000,0.509
1455231600000,0.601
1455235200000,0.606
1455238800000,0.58
1455242400000,0.555
1455246000000,0.54
1455249600000,0.538
1455253200000,0.544
1455256800000,0.547
1455260400000,0.532
1455264000000,0.491
1455267600000,0.373
1455271200000,0.297
1455274800000,0.294
1455278400000,0.346
1455282000000,0.398
1455285600000,0.403
1455289200000,0.379
1455292800000,0.377
1455296400000,0.377
1455300000000,0.348
1455303600000,0.348
1455307200000,0.341
1455310800000,0.322
1455314400000,0.307
1455318000000,0.376
1455321600000,0.394
1455325200000,0.388
1455328800000,0.37
1455332400000,0.367
1455336000000,0.367
1455339600000,0.358
1455343200000,0.354
1455346800000,0.361
1455350400000,0.358
1455354000000,0.292
1455357600000,0.264
1455361200000,0.261
1455364800000,0.277
1455368400000,0.296
1455372000000,0.311
1455375600000,0.31
1455379200000,0.315
1455382800000,0.339
1455386400000,0.357
1455390000000,0.367
1455393600000,0.354
1455397200000,0.314
1455400800000,0.231
1455404400000,0.265
1455408000000,0.289
1455411600000,0.282
1455415200000,0.27
1455418800000,0.266
1455422400000,0.27
1455426000000,0.265
1455429600000,0.26
1455433200000,0.252
1455436800000,0.234
1455440400000,0.194
1455444000000,0.192
1455447600000,0.188
1455451200000,0.207
1455454800000,0.228
1455458400000,0.227
1455462000000,0.228
1455465600000,0.248
1455469200000,0.253
1455472800000,0.266
1455476400000,0.278
1455480000000,0.272
1455483600000,0.242
1455487200000,0.212
1455490800000,0.278
1455494400000,0.334
1455498000000,0.345
1455501600000,0.323
1455505200000,0.323
1455508800000,0.337
1455512400000,0.337
1455516000000,0.332
1455519600000,0.332
1455523200000,0.343
1455526800000,0.311
1455530400000,0.288
1455534000000,0.298
1455537600000,0.34
1455541200000,0.383
1455544800000,0.425
1455548400000,0.416
1455552000000,0.444
1455555600000,0.463
1455559200000,0.494
1455562800000,0.548
1455566400000,0.566
1455570000000,0.557
1455573600000,0.501
1455577200000,0.599
1455580800000,0.645
1455584400000,0.663
1455588000000,0.672
1455591600000,0.674
1455595200000,0.668
1455598800000,0.638
1455602400000,0.604
1455606000000,0.579
1455609600000,0.556
1455613200000,0.442
1455616800000,0.367
1455620400000,0.466
1455624000000,0.528
1455627600000,0.57
1455631200000,0.574
1455634800000,0.531
1455638400000,0.486
1455642000000,0.464
1455645600000,0.447
1455649200000,0.425
1455652800000,0.402
1455656400000,0.415
1455660000000,0.406
1455663600000,0.546
1455667200000,0.687
1455670800000,0.759
1455674400000,0.799
1455678000000,0.819
1455681600000,0.813
1455685200000,0.796
1455688800000,0.777
1455692400000,0.755
1455696000000,0.703
1455699600000,0.545
1455703200000,0.479
1455706800000,0.498
1455710400000,0.505
1455714000000,0.453
1455717600000,0.429
1455721200000,0.369
1455724800000,0.349
1455728400000,0.354
1455732000000,0.353
1455735600000,0.344
1455739200000,0.342
1455742800000,0.337
1455746400000,0.328
1455750000000,0.51
1455753600000,0.644
1455757200000,0.718
1455760800000,0.76
1455764400000,0.765
1455768000000,0.756
1455771600000,0.767
1455775200000,0.763
1455778800000,0.706
1455782400000,0.574
1455786000000,0.401
1455789600000,0.42
1455793200000,0.489
1455796800000,0.547
1455800400000,0.614
1455804000000,0.62
1455807600000,0.566
1455811200000,0.58
1455814800000,0.609
1455818400000,0.504
1455822000000,0.41
1455825600000,0.389
1455829200000,0.374
1455832800000,0.343
1455836400000,0.48
1455840000000,0.583
1455843600000,0.663
1455847200000,0.705
1455850800000,0.702
1455854400000,0.659
1455858000000,0.568
1455861600000,0.459
1455865200000,0.359
1455868800000,0.327
1455872400000,0.305
1455876000000,0.256
1455879600000,0.186
1455883200000,0.184
1455886800000,0.2
1455890400000,0.251
1455894000000,0.293
1455897600000,0.311
1455901200000,0.361
1455904800000,0.379
1455908400000,0.376
1455912000000,0.386
1455915600000,0.388
1455919200000,0.367
1455922800000,0.423
1455926400000,0.452
1455930000000,0.451
1455933600000,0.462
1455937200000,0.481
1455940800000,0.49
1455944400000,0.484
1455948000000,0.466
1455951600000,0.447
1455955200000,0.423
1455958800000,0.334
1455962400000,0.272
1455966000000,0.281
1455969600000,0.328
1455973200000,0.368
1455976800000,0.356
1455980400000,0.311
1455984000000,0.311
1455987600000,0.35
1455991200000,0.368
1455994800000,0.386
1455998400000,0.422
1456002000000,0.462
1456005600000,0.43
1456009200000,0.53
1456012800000,0.571
1456016400000,0.559
1456020000000,0.535
1456023600000,0.517
1456027200000,0.506
1456030800000,0.498
1456034400000,0.484
1456038000000,0.479
1456041600000,0.476
1456045200000,0.415
1456048800000,0.379
1456052400000,0.408
1456056000000,0.476
1456059600000,0.492
1456063200000,0.518
1456066800000,0.502
1456070400000,0.494
1456074000000,0.484
1456077600000,0.461
1456081200000,0.457
1456084800000,0.464
1456088400000,0.444
1456092000000,0.401
1456095600000,0.432
1456099200000,0.413
1456102800000,0.395
1456106400000,0.368
1456110000000,0.367
1456113600000,0.367
1456117200000,0.352
1456120800000,0.335
1456124400000,0.329
1456128000000,0.328
1456131600000,0.284
1456135200000,0.246
1456138800000,0.251
1456142400000,0.28
1456146000000,0.321
1456149600000,0.349
1456153200000,0.337
1456156800000,0.344
1456160400000,0.365
1456164000000,0.355
1456167600000,0.369
1456171200000,0.376
1456174800000,0.364
1456178400000,0.362
1456182000000,0.454
1456185600000,0.468
1456189200000,0.45
1456192800000,0.424
1456196400000,0.41
1456200000000,0.395
1456203600000,0.368
1456207200000,0.343
1456210800000,0.331
1456214400000,0.332
1456218000000,0.305
1456221600000,0.291
1456225200000,0.305
1456228800000,0.36
1456232400000,0.403
1456236000000,0.42
1456239600000,0.42
1456243200000,0.447
1456246800000,0.485
1456250400000,0.501
1456254000000,0.503
1456257600000,0.496
1456261200000,0.495
1456264800000,0.522
1456268400000,0.628
1456272000000,0.687
1456275600000,0.718
1456279200000,0.73
1456282800000,0.731
1456286400000,0.728
1456290000000,0.725
1456293600000,0.725
1456297200000,0.727
1456300800000,0.715
1456304400000,0.601
1456308000000,0.511
1456311600000,0.511
1456315200000,0.499
1456318800000,0.485
1456322400000,0.474
1456326000000,0.447
1456329600000,0.371
1456333200000,0.31
1456336800000,0.343
1456340400000,0.476
1456344000000,0.642
1456347600000,0.665
1456351200000,0.565
1456354800000,0.571
1456358400000,0.601
1456362000000,0.648
1456365600000,0.701
1456369200000,0.762
1456372800000,0.808
1456376400000,0.832
1456380000000,0.841
1456383600000,0.834
1456387200000,0.795
1456390800000,0.618
1456394400000,0.542
1456398000000,0.55
1456401600000,0.481
1456405200000,0.491
1456408800000,0.525
1456412400000,0.543
1456416000000,0.552
1456419600000,0.571
1456423200000,0.59
1456426800000,0.599
1456430400000,0.615
1456434000000,0.61
1456437600000,0.574
1456441200000,0.726
1456444800000,0.815
1456448400000,0.845
1456452000000,0.85
1456455600000,0.858
1456459200000,0.866
1456462800000,0.875
1456466400000,0.883
1456470000000,0.875
1456473600000,0.832
1456477200000,0.696
1456480800000,0.624
1456484400000,0.609
1456488000000,0.613
1456491600000,0.625
1456495200000,0.624
1456498800000,0.625
1456502400000,0.642
1456506000000,0.662
1456509600000,0.674
1456513200000,0.677
1456516800000,0.679
1456520400000,0.654
1456524000000,0.6
1456527600000,0.624
1456531200000,0.705
1456534800000,0.737
1456538400000,0.72
1456542000000,0.71
1456545600000,0.71
1456549200000,0.701
1456552800000,0.691
1456556400000,0.674
1456560000000,0.627
1456563600000,0.436
1456567200000,0.317
1456570800000,0.302
1456574400000,0.304
1456578000000,0.274
1456581600000,0.271
1456585200000,0.272
1456588800000,0.273
1456592400000,0.274
1456596000000,0.275
1456599600000,0.279
1456603200000,0.272
1456606800000,0.27
1456610400000,0.24
1456614000000,0.301
1456617600000,0.416
1456621200000,0.488
1456624800000,0.513
1456628400000,0.512
1456632000000,0.501
1456635600000,0.485
1456639200000,0.463
1456642800000,0.432
1456646400000,0.4
1456650000000,0.317
1456653600000,0.305
1456657200000,0.31
1456660800000,0.334
1456664400000,0.341
1456668000000,0.321
1456671600000,0.267
1456675200000,0.265
1456678800000,0.275
1456682400000,0.309
1456686000000,0.343
1456689600000,0.343
1456693200000,0.35
1456696800000,0.289
1456700400000,0.354
1456704000000,0.414
1456707600000,0.435
1456711200000,0.432
1456714800000,0.42
1456718400000,0.395
1456722000000,0.361
1456725600000,0.327
1456729200000,0.309
1456732800000,0.296
1456736400000,0.231
1456740000000,0.186
1456743600000,0.186
1456747200000,0.25
1456750800000,0.328
1456754400000,0.35
1456758000000,0.352
1456761600000,0.388
1456765200000,0.403
1456768800000,0.414
1456772400000,0.424
1456776000000,0.447
1456779600000,0.411
1456783200000,0.323
1456786800000,0.395
1456790400000,0.427
1456794000000,0.416
1456797600000,0.41
1456801200000,0.43
1456804800000,0.45
1456808400000,0.463
1456812000000,0.459
1456815600000,0.435
1456819200000,0.404
1456822800000,0.309
1456826400000,0.263
1456830000000,0.28
1456833600000,0.336
1456837200000,0.39
1456840800000,0.391
1456844400000,0.386
1456848000000,0.379
1456851600000,0.342
1456855200000,0.31
1456858800000,0.27
1456862400000,0.264
1456866000000,0.255
1456869600000,0.272
1456873200000,0.414
1456876800000,0.518
1456880400000,0.537
1456884000000,0.511
1456887600000,0.488
1456891200000,0.476
1456894800000,0.463
1456898400000,0.459
1456902000000,0.479
1456905600000,0.488
1456909200000,0.39
1456912800000,0.332
1456916400000,0.32
1456920000000,0.322
1456923600000,0.275
1456927200000,0.243
1456930800000,0.245
1456934400000,0.27
1456938000000,0.278
1456941600000,0.294
1456945200000,0.243
1456948800000,0.223
1456952400000,0.188
1456956000000,0.171
1456959600000,0.231
1456963200000,0.271
1456966800000,0.282
1456970400000,0.282
1456974000000,0.287
1456977600000,0.284
1456981200000,0.27
1456984800000,0.25
1456988400000,0.232
1456992000000,0.212
1456995600000,0.174
1456999200000,0.178
1457002800000,0.192
1457006400000,0.205
1457010000000,0.207
1457013600000,0.189
1457017200000,0.19
1457020800000,0.199
1457024400000,0.217
1457028000000,0.217
1457031600000,0.227
1457035200000,0.215
1457038800000,0.161
1457042400000,0.132
1457046000000,0.158
1457049600000,0.144
1457053200000,0.119
1457056800000,0.1
1457060400000,0.097
1457064000000,0.104
1457067600000,0.109
1457071200000,0.114
1457074800000,0.124
1457078400000,0.158
1457082000000,0.18
1457085600000,0.194
1457089200000,0.195
1457092800000,0.194
1457096400000,0.196
1457100000000,0.206
1457103600000,0.203
1457107200000,0.227
1457110800000,0.201
1457114400000,0.18
1457118000000,0.175
1457121600000,0.182
1457125200000,0.178
1457128800000,0.161
1457132400000,0.183
1457136000000,0.162
1457139600000,0.139
1457143200000,0.132
1457146800000,0.142
1457150400000,0.157
1457154000000,0.167
1457157600000,0.183
1457161200000,0.2
1457164800000,0.219
1457168400000,0.211
1457172000000,0.207
1457175600000,0.185
1457179200000,0.167
1457182800000,0.19
1457186400000,0.191
1457190000000,0.192
1457193600000,0.217
1457197200000,0.217
1457200800000,0.183
1457204400000,0.17
1457208000000,0.152
1457211600000,0.135
1457215200000,0.124
1457218800000,0.144
1457222400000,0.157
1457226000000,0.169
1457229600000,0.174
1457233200000,0.177
1457236800000,0.179
1457240400000,0.19
1457244000000,0.207
1457247600000,0.217
1457251200000,0.218
1457254800000,0.196
1457258400000,0.213
1457262000000,0.237
1457265600000,0.248
1457269200000,0.267
1457272800000,0.272
1457276400000,0.283
1457280000000,0.287
1457283600000,0.245
1457287200000,0.231
1457290800000,0.296
1457294400000,0.334
1457298000000,0.286
1457301600000,0.251
1457305200000,0.278
1457308800000,0.249
1457312400000,0.214
1457316000000,0.201
1457319600000,0.231
1457323200000,0.28
1457326800000,0.309
1457330400000,0.308
1457334000000,0.291
1457337600000,0.281
1457341200000,0.254
1457344800000,0.231
1457348400000,0.192
1457352000000,0.184
1457355600000,0.192
1457359200000,0.213
1457362800000,0.236
1457366400000,0.243
1457370000000,0.236
1457373600000,0.219
1457377200000,0.207
1457380800000,0.2
1457384400000,0.178
1457388000000,0.168
1457391600000,0.235
1457395200000,0.314
1457398800000,0.379
1457402400000,0.41
1457406000000,0.432
1457409600000,0.451
1457413200000,0.465
1457416800000,0.468
1457420400000,0.471
1457424000000,0.473
1457427600000,0.407
1457431200000,0.345
1457434800000,0.347
1457438400000,0.368
1457442000000,0.388
1457445600000,0.364
1457449200000,0.352
1457452800000,0.385
1457456400000,0.345
1457460000000,0.39
1457463600000,0.372
1457467200000,0.351
1457470800000,0.302
1457474400000,0.284
1457478000000,0.332
1457481600000,0.329
1457485200000,0.311
1457488800000,0.291
1457492400000,0.284
1457496000000,0.277
1457499600000,0.264
1457503200000,0.254
1457506800000,0.253
1457510400000,0.265
1457514000000,0.249
1457517600000,0.242
1457521200000,0.243
1457524800000,0.256
1457528400000,0.284
1457532000000,0.287
1457535600000,0.268
1457539200000,0.269
1457542800000,0.295
1457546400000,0.32
1457550000000,0.352
1457553600000,0.352
1457557200000,0.354
1457560800000,0.341
1457564400000,0.343
1457568000000,0.332
1457571600000,0.321
1457575200000,0.293
1457578800000,0.271
1457582400000,0.254
1457586000000,0.238
1457589600000,0.227
1457593200000,0.227
1457596800000,0.241
1457600400000,0.245
1457604000000,0.245
1457607600000,0.21
1457611200000,0.184
1457614800000,0.183
1457618400000,0.206
1457622000000,0.248
1457625600000,0.264
1457629200000,0.264
1457632800000,0.268
1457636400000,0.271
1457640000000,0.249
1457643600000,0.22
1457647200000,0.182
1457650800000,0.161
1457654400000,0.147
1457658000000,0.134
1457661600000,0.129
1457665200000,0.15
1457668800000,0.185
1457672400000,0.22
1457676000000,0.249
1457679600000,0.272
1457683200000,0.287
1457686800000,0.264
1457690400000,0.22
1457694000000,0.208
1457697600000,0.234
1457701200000,0.291
1457704800000,0.341
1457708400000,0.362
1457712000000,0.342
1457715600000,0.324
1457719200000,0.325
1457722800000,0.332
1457726400000,0.344
1457730000000,0.345
1457733600000,0.36
1457737200000,0.427
1457740800000,0.459
1457744400000,0.471
1457748000000,0.484
1457751600000,0.501
1457755200000,0.515
1457758800000,0.52
1457762400000,0.52
1457766000000,0.519
1457769600000,0.51
1457773200000,0.437
1457776800000,0.358
1457780400000,0.392
1457784000000,0.469
1457787600000,0.489
1457791200000,0.5
1457794800000,0.532
1457798400000,0.557
1457802000000,0.547
1457805600000,0.532
1457809200000,0.494
1457812800000,0.441
1457816400000,0.391
1457820000000,0.391
1457823600000,0.462
1457827200000,0.466
1457830800000,0.448
1457834400000,0.43
1457838000000,0.418
1457841600000,0.403
1457845200000,0.396
1457848800000,0.398
1457852400000,0.404
1457856000000,0.408
1457859600000,0.358
1457863200000,0.312
1457866800000,0.302
1457870400000,0.323
1457874000000,0.331
1457877600000,0.287
1457881200000,0.249
1457884800000,0.214
1457888400000,0.191
1457892000000,0.2
1457895600000,0.21
1457899200000,0.212
1457902800000,0.197
1457906400000,0.162
1457910000000,0.147
1457913600000,0.118
1457917200000,0.1
1457920800000,0.094
1457924400000,0.111
1457928000000,0.137
1457931600000,0.157
1457935200000,0.169
1457938800000,0.176
1457942400000,0.182
1457946000000,0.192
1457949600000,0.181
1457953200000,0.14
1457956800000,0.104
1457960400000,0.08
1457964000000,0.063
1457967600000,0.059
1457971200000,0.074
1457974800000,0.102
1457978400000,0.133
1457982000000,0.167
1457985600000,0.204
1457989200000,0.208
1457992800000,0.179
1457996400000,0.168
1458000000000,0.16
1458003600000,0.171
1458007200000,0.192
1458010800000,0.219
1458014400000,0.236
1458018000000,0.237
1458021600000,0.234
1458025200000,0.225
1458028800000,0.213
1458032400000,0.194
1458036000000,0.175
1458039600000,0.175
1458043200000,0.205
1458046800000,0.245
1458050400000,0.255
1458054000000,0.237
1458057600000,0.211
1458061200000,0.204
1458064800000,0.2
1458068400000,0.19
1458072000000,0.181
1458075600000,0.179
1458079200000,0.17
1458082800000,0.181
1458086400000,0.167
1458090000000,0.153
1458093600000,0.14
1458097200000,0.127
1458100800000,0.119
1458104400000,0.113
1458108000000,0.106
1458111600000,0.112
1458115200000,0.136
1458118800000,0.163
1458122400000,0.172
1458126000000,0.158
1458129600000,0.142
1458133200000,0.13
1458136800000,0.134
1458140400000,0.167
1458144000000,0.222
1458147600000,0.255
1458151200000,0.265
1458154800000,0.264
1458158400000,0.245
1458162000000,0.243
1458165600000,0.237
1458169200000,0.225
1458172800000,0.201
1458176400000,0.186
1458180000000,0.187
1458183600000,0.205
1458187200000,0.233
1458190800000,0.258
1458194400000,0.278
1458198000000,0.295
1458201600000,0.303
1458205200000,0.278
1458208800000,0.233
1458212400000,0.237
1458216000000,0.264
1458219600000,0.264
1458223200000,0.252
1458226800000,0.238
1458230400000,0.239
1458234000000,0.223
1458237600000,0.224
1458241200000,0.228
1458244800000,0.231
1458248400000,0.215
1458252000000,0.202
1458255600000,0.225
1458259200000,0.227
1458262800000,0.244
1458266400000,0.261
1458270000000,0.281
1458273600000,0.298
1458277200000,0.312
1458280800000,0.323
1458284400000,0.328
1458288000000,0.319
1458291600000,0.277
1458295200000,0.192
1458298800000,0.134
1458302400000,0.134
1458306000000,0.201
1458309600000,0.259
1458313200000,0.266
1458316800000,0.27
1458320400000,0.277
1458324000000,0.281
1458327600000,0.279
1458331200000,0.28
1458334800000,0.278
1458338400000,0.272
1458342000000,0.259
1458345600000,0.214
1458349200000,0.192
1458352800000,0.192
1458356400000,0.208
1458360000000,0.225
1458363600000,0.234
1458367200000,0.233
1458370800000,0.223
1458374400000,0.207
1458378000000,0.186
1458381600000,0.144
1458385200000,0.112
1458388800000,0.101
1458392400000,0.11
1458396000000,0.135
1458399600000,0.175
1458403200000,0.197
1458406800000,0.201
1458410400000,0.199
1458414000000,0.207
1458417600000,0.236
1458421200000,0.25
1458424800000,0.249
1458428400000,0.291
1458432000000,0.328
1458435600000,0.352
1458439200000,0.371
1458442800000,0.393
1458446400000,0.409
1458450000000,0.415
1458453600000,0.401
1458457200000,0.374
1458460800000,0.339
1458464400000,0.285
1458468000000,0.218
1458471600000,0.174
1458475200000,0.181
1458478800000,0.229
1458482400000,0.259
1458486000000,0.282
1458489600000,0.314
1458493200000,0.323
1458496800000,0.31
1458500400000,0.305
1458504000000,0.3
1458507600000,0.297
1458511200000,0.309
1458514800000,0.316
1458518400000,0.307
1458522000000,0.309
1458525600000,0.307
1458529200000,0.302
1458532800000,0.295
1458536400000,0.289
1458540000000,0.289
1458543600000,0.295
1458547200000,0.293
1458550800000,0.256
1458554400000,0.195
1458558000000,0.156
1458561600000,0.155
1458565200000,0.197
1458568800000,0.265
1458572400000,0.286
1458576000000,0.317
1458579600000,0.373
1458583200000,0.364
1458586800000,0.355
1458590400000,0.343
1458594000000,0.343
1458597600000,0.346
1458601200000,0.371
1458604800000,0.368
1458608400000,0.362
1458612000000,0.35
1458615600000,0.344
1458619200000,0.332
1458622800000,0.309
1458626400000,0.278
1458630000000,0.254
1458633600000,0.238
1458637200000,0.227
1458640800000,0.223
1458644400000,0.221
1458648000000,0.225
1458651600000,0.253
1458655200000,0.275
1458658800000,0.303
1458662400000,0.313
1458666000000,0.332
1458669600000,0.348
1458673200000,0.363
1458676800000,0.377
1458680400000,0.363
1458684000000,0.33
1458687600000,0.32
1458691200000,0.297
1458694800000,0.273
1458698400000,0.248
1458702000000,0.227
1458705600000,0.209
1458709200000,0.192
1458712800000,0.179
1458716400000,0.175
1458720000000,0.169
1458723600000,0.166
1458727200000,0.164
1458730800000,0.149
1458734400000,0.14
1458738000000,0.138
1458741600000,0.139
1458745200000,0.146
1458748800000,0.157
1458752400000,0.17
1458756000000,0.167
1458759600000,0.161
1458763200000,0.161
1458766800000,0.153
1458770400000,0.129
1458774000000,0.121
1458777600000,0.122
1458781200000,0.121
1458784800000,0.12
1458788400000,0.123
1458792000000,0.128
1458795600000,0.135
1458799200000,0.139
1458802800000,0.14
1458806400000,0.146
1458810000000,0.155
1458813600000,0.141
1458817200000,0.112
1458820800000,0.1
1458824400000,0.101
1458828000000,0.111
1458831600000,0.135
1458835200000,0.174
1458838800000,0.184
1458842400000,0.17
1458846000000,0.164
1458849600000,0.167
1458853200000,0.159
1458856800000,0.119
1458860400000,0.094
1458864000000,0.084
1458867600000,0.078
1458871200000,0.077
1458874800000,0.087
1458878400000,0.103
1458882000000,0.112
1458885600000,0.114
1458889200000,0.123
1458892800000,0.135
1458896400000,0.148
1458900000000,0.141
1458903600000,0.114
1458907200000,0.099
1458910800000,0.09
1458914400000,0.092
1458918000000,0.104
1458921600000,0.123
1458925200000,0.151
1458928800000,0.176
1458932400000,0.184
1458936000000,0.18
1458939600000,0.161
1458943200000,0.114
1458946800000,0.064
1458950400000,0.035
1458954000000,0.025
1458957600000,0.03
1458961200000,0.054
1458964800000,0.092
1458968400000,0.126
1458972000000,0.153
1458975600000,0.169
1458979200000,0.177
1458982800000,0.171
1458986400000,0.155
1458990000000,0.126
1458993600000,0.101
1458997200000,0.086
1459000800000,0.085
1459004400000,0.095
1459008000000,0.109
1459011600000,0.122
1459015200000,0.115
1459018800000,0.102
1459022400000,0.097
1459026000000,0.09
1459029600000,0.073
1459033200000,0.07
1459036800000,0.077
1459040400000,0.089
1459044000000,0.102
1459047600000,0.113
1459051200000,0.119
1459054800000,0.123
1459058400000,0.13
1459062000000,0.136
1459065600000,0.145
1459069200000,0.154
1459072800000,0.157
1459076400000,0.143
1459080000000,0.131
1459083600000,0.118
1459087200000,0.115
1459090800000,0.13
1459094400000,0.152
1459098000000,0.176
1459101600000,0.201
1459105200000,0.217
1459108800000,0.228
1459112400000,0.241
1459116000000,0.243
1459119600000,0.274
1459123200000,0.308
1459126800000,0.337
1459130400000,0.353
1459134000000,0.369
1459137600000,0.38
1459141200000,0.388
1459144800000,0.391
1459148400000,0.396
1459152000000,0.404
1459155600000,0.388
1459159200000,0.307
1459162800000,0.286
1459166400000,0.379
1459170000000,0.449
1459173600000,0.49
1459177200000,0.532
1459180800000,0.543
1459184400000,0.519
1459188000000,0.457
1459191600000,0.425
1459195200000,0.432
1459198800000,0.431
1459202400000,0.525
1459206000000,0.672
1459209600000,0.711
1459213200000,0.7
1459216800000,0.672
1459220400000,0.649
1459224000000,0.635
1459227600000,0.625
1459231200000,0.631
1459234800000,0.648
1459238400000,0.661
1459242000000,0.629
1459245600000,0.515
1459249200000,0.463
1459252800000,0.469
1459256400000,0.49
1459260000000,0.495
1459263600000,0.516
1459267200000,0.512
1459270800000,0.487
1459274400000,0.469
1459278000000,0.455
1459281600000,0.472
1459285200000,0.454
1459288800000,0.459
1459292400000,0.47
1459296000000,0.459
1459299600000,0.459
1459303200000,0.472
1459306800000,0.519
1459310400000,0.571
1459314000000,0.604
1459317600000,0.621
1459321200000,0.62
1459324800000,0.604
1459328400000,0.525
1459332000000,0.377
1459335600000,0.304
1459339200000,0.291
1459342800000,0.294
1459346400000,0.27
1459350000000,0.245
1459353600000,0.247
1459357200000,0.264
1459360800000,0.264
1459364400000,0.268
1459368000000,0.274
1459371600000,0.254
1459375200000,0.252
1459378800000,0.284
1459382400000,0.321
1459386000000,0.352
1459389600000,0.379
1459393200000,0.41
1459396800000,0.432
1459400400000,0.442
1459404000000,0.44
1459407600000,0.436
1459411200000,0.432
1459414800000,0.403
1459418400000,0.349
1459422000000,0.337
1459425600000,0.328
1459429200000,0.325
1459432800000,0.304
1459436400000,0.282
1459440000000,0.329
1459443600000,0.343
1459447200000,0.348
1459450800000,0.378
1459454400000,0.43
1459458000000,0.445
1459461600000,0.413
1459465200000,0.439
1459468800000,0.417
1459472400000,0.399
1459476000000,0.384
1459479600000,0.391
1459483200000,0.402
1459486800000,0.416
1459490400000,0.436
1459494000000,0.461
1459497600000,0.479
1459501200000,0.45
1459504800000,0.388
1459508400000,0.35
1459512000000,0.342
1459515600000,0.343
1459519200000,0.371
1459522800000,0.395
1459526400000,0.392
1459530000000,0.402
1459533600000,0.419
1459537200000,0.431
1459540800000,0.425
1459544400000,0.444
1459548000000,0.468
1459551600000,0.507
1459555200000,0.508
1459558800000,0.505
1459562400000,0.507
1459566000000,0.528
1459569600000,0.554
1459573200000,0.576
1459576800000,0.601
1459580400000,0.62
1459584000000,0.618
1459587600000,0.552
1459591200000,0.447
1459594800000,0.399
1459598400000,0.39
1459602000000,0.352
1459605600000,0.405
1459609200000,0.42
1459612800000,0.398
1459616400000,0.374
1459620000000,0.362
1459623600000,0.374
1459627200000,0.401
1459630800000,0.442
1459634400000,0.5
1459638000000,0.55
1459641600000,0.576
1459645200000,0.578
1459648800000,0.552
1459652400000,0.501
1459656000000,0.444
1459659600000,0.381
1459663200000,0.332
1459666800000,0.305
1459670400000,0.296
1459674000000,0.302
1459677600000,0.3
1459681200000,0.329
1459684800000,0.352
1459688400000,0.294
1459692000000,0.258
1459695600000,0.235
1459699200000,0.236
1459702800000,0.291
1459706400000,0.319
1459710000000,0.361
1459713600000,0.37
1459717200000,0.372
1459720800000,0.396
1459724400000,0.394
1459728000000,0.358
1459731600000,0.316
1459735200000,0.289
1459738800000,0.28
1459742400000,0.265
1459746000000,0.234
1459749600000,0.209
1459753200000,0.205
1459756800000,0.205
1459760400000,0.204
1459764000000,0.192
1459767600000,0.185
1459771200000,0.203
1459774800000,0.221
1459778400000,0.251
1459782000000,0.306
1459785600000,0.336
1459789200000,0.327
1459792800000,0.3
1459796400000,0.266
1459800000000,0.251
1459803600000,0.236
1459807200000,0.272
1459810800000,0.312
1459814400000,0.314
1459818000000,0.285
1459821600000,0.246
1459825200000,0.227
1459828800000,0.22
1459832400000,0.225
1459836000000,0.233
1459839600000,0.243
1459843200000,0.266
1459846800000,0.304
1459850400000,0.311
1459854000000,0.37
1459857600000,0.441
1459861200000,0.498
1459864800000,0.513
1459868400000,0.511
1459872000000,0.498
1459875600000,0.489
1459879200000,0.49
1459882800000,0.488
1459886400000,0.498
1459890000000,0.495
1459893600000,0.552
1459897200000,0.601
1459900800000,0.624
1459904400000,0.624
1459908000000,0.605
1459911600000,0.588
1459915200000,0.578
1459918800000,0.571
1459922400000,0.573
1459926000000,0.578
1459929600000,0.579
1459933200000,0.555
1459936800000,0.503
1459940400000,0.507
1459944000000,0.472
1459947600000,0.449
1459951200000,0.435
1459954800000,0.4
1459958400000,0.415
1459962000000,0.444
1459965600000,0.479
1459969200000,0.51
1459972800000,0.526
1459976400000,0.488
1459980000000,0.462
1459983600000,0.432
1459987200000,0.386
1459990800000,0.347
1459994400000,0.325
1459998000000,0.335
1460001600000,0.358
1460005200000,0.369
1460008800000,0.38
1460012400000,0.398
1460016000000,0.436
1460019600000,0.469
1460023200000,0.468
1460026800000,0.471
1460030400000,0.423
1460034000000,0.358
1460037600000,0.318
1460041200000,0.283
1460044800000,0.279
1460048400000,0.314
1460052000000,0.341
1460055600000,0.376
1460059200000,0.411
1460062800000,0.408
1460066400000,0.454
1460070000000,0.528
1460073600000,0.558
1460077200000,0.553
1460080800000,0.556
1460084400000,0.571
1460088000000,0.576
1460091600000,0.56
1460095200000,0.535
1460098800000,0.506
1460102400000,0.481
1460106000000,0.436
1460109600000,0.36
1460113200000,0.358
1460116800000,0.406
1460120400000,0.454
1460124000000,0.473
1460127600000,0.434
1460131200000,0.409
1460134800000,0.372
1460138400000,0.34
1460142000000,0.337
1460145600000,0.31
1460149200000,0.289
1460152800000,0.328
1460156400000,0.383
1460160000000,0.398
1460163600000,0.404
1460167200000,0.395
1460170800000,0.365
1460174400000,0.323
1460178000000,0.285
1460181600000,0.264
1460185200000,0.258
1460188800000,0.258
1460192400000,0.252
1460196000000,0.225
1460199600000,0.187
1460203200000,0.168
1460206800000,0.181
1460210400000,0.209
1460214000000,0.202
1460217600000,0.186
1460221200000,0.186
1460224800000,0.193
1460228400000,0.183
1460232000000,0.179
1460235600000,0.158
1460239200000,0.134
1460242800000,0.121
1460246400000,0.101
1460250000000,0.085
1460253600000,0.079
1460257200000,0.08
1460260800000,0.081
1460264400000,0.082
1460268000000,0.084
1460271600000,0.092
1460275200000,0.089
1460278800000,0.092
1460282400000,0.097
1460286000000,0.09
1460289600000,0.08
1460293200000,0.071
1460296800000,0.062
1460300400000,0.062
1460304000000,0.067
1460307600000,0.069
1460311200000,0.071
1460314800000,0.079
1460318400000,0.076
1460322000000,0.053
1460325600000,0.031
1460329200000,0.017
1460332800000,0.005
1460336400000,0.004
1460340000000,0.012
1460343600000,0.035
1460347200000,0.076
1460350800000,0.118
1460354400000,0.148
1460358000000,0.158
1460361600000,0.155
1460365200000,0.147
1460368800000,0.13
1460372400000,0.102
1460376000000,0.076
1460379600000,0.079
1460383200000,0.08
1460386800000,0.076
1460390400000,0.1
1460394000000,0.114
1460397600000,0.134
1460401200000,0.139
1460404800000,0.138
1460408400000,0.131
1460412000000,0.14
1460415600000,0.144
1460419200000,0.12
1460422800000,0.09
1460426400000,0.072
1460430000000,0.074
1460433600000,0.077
1460437200000,0.069
1460440800000,0.059
1460444400000,0.05
1460448000000,0.044
1460451600000,0.041
1460455200000,0.069
1460458800000,0.068
1460462400000,0.053
1460466000000,0.042
1460469600000,0.036
1460473200000,0.038
1460476800000,0.05
1460480400000,0.062
1460484000000,0.066
1460487600000,0.054
1460491200000,0.039
1460494800000,0.024
1460498400000,0.015
1460502000000,0.021
1460505600000,0.033
1460509200000,0.044
1460512800000,0.047
1460516400000,0.045
1460520000000,0.037
1460523600000,0.022
1460527200000,0.009
1460530800000,0.002
1460534400000,0.001
1460538000000,0.005
1460541600000,0.034
1460545200000,0.048
1460548800000,0.044
1460552400000,0.039
1460556000000,0.041
1460559600000,0.042
1460563200000,0.049
1460566800000,0.056
1460570400000,0.061
1460574000000,0.071
1460577600000,0.076
1460581200000,0.067
1460584800000,0.049
1460588400000,0.046
1460592000000,0.053
1460595600000,0.066
1460599200000,0.084
1460602800000,0.108
1460606400000,0.134
1460610000000,0.156
1460613600000,0.169
1460617200000,0.167
1460620800000,0.156
1460624400000,0.146
1460628000000,0.118
1460631600000,0.092
1460635200000,0.072
1460638800000,0.062
1460642400000,0.058
1460646000000,0.058
1460649600000,0.06
1460653200000,0.063
1460656800000,0.076
1460660400000,0.096
1460664000000,0.108
1460667600000,0.113
1460671200000,0.113
1460674800000,0.124
1460678400000,0.138
1460682000000,0.152
1460685600000,0.169
1460689200000,0.183
1460692800000,0.187
1460696400000,0.18
1460700000000,0.169
1460703600000,0.157
1460707200000,0.148
1460710800000,0.15
1460714400000,0.141
1460718000000,0.135
1460721600000,0.137
1460725200000,0.169
1460728800000,0.231
1460732400000,0.3
1460736000000,0.343
1460739600000,0.352
1460743200000,0.337
1460746800000,0.328
1460750400000,0.328
1460754000000,0.304
1460757600000,0.325
1460761200000,0.34
1460764800000,0.339
1460768400000,0.352
1460772000000,0.37
1460775600000,0.391
1460779200000,0.407
1460782800000,0.402
1460786400000,0.377
1460790000000,0.339
1460793600000,0.302
1460797200000,0.275
1460800800000,0.223
1460804400000,0.219
1460808000000,0.234
1460811600000,0.261
1460815200000,0.281
1460818800000,0.321
1460822400000,0.413
1460826000000,0.406
1460829600000,0.405
1460833200000,0.407
1460836800000,0.401
1460840400000,0.415
1460844000000,0.471
1460847600000,0.501
1460851200000,0.505
1460854800000,0.507
1460858400000,0.507
1460862000000,0.522
1460865600000,0.528
1460869200000,0.519
1460872800000,0.506
1460876400000,0.484
1460880000000,0.448
1460883600000,0.379
1460887200000,0.294
1460890800000,0.265
1460894400000,0.268
1460898000000,0.307
1460901600000,0.379
1460905200000,0.391
1460908800000,0.366
1460912400000,0.334
1460916000000,0.315
1460919600000,0.3
1460923200000,0.289
1460926800000,0.256
1460930400000,0.219
1460934000000,0.208
1460937600000,0.206
1460941200000,0.209
1460944800000,0.223
1460948400000,0.266
1460952000000,0.322
1460955600000,0.372
1460959200000,0.413
1460962800000,0.434
1460966400000,0.437
1460970000000,0.409
1460973600000,0.305
1460977200000,0.24
1460980800000,0.232
1460984400000,0.259
1460988000000,0.291
1460991600000,0.326
1460995200000,0.429
1460998800000,0.439
1461002400000,0.41
1461006000000,0.391
1461009600000,0.382
1461013200000,0.37
1461016800000,0.422
1461020400000,0.473
1461024000000,0.516
1461027600000,0.543
1461031200000,0.561
1461034800000,0.594
1461038400000,0.619
1461042000000,0.627
1461045600000,0.635
1461049200000,0.638
1461052800000,0.625
1461056400000,0.561
1461060000000,0.454
1461063600000,0.416
1461067200000,0.415
1461070800000,0.446
1461074400000,0.535
1461078000000,0.556
1461081600000,0.556
1461085200000,0.546
1461088800000,0.519
1461092400000,0.474
1461096000000,0.457
1461099600000,0.43
1461103200000,0.459
1461106800000,0.541
1461110400000,0.561
1461114000000,0.559
1461117600000,0.554
1461121200000,0.562
1461124800000,0.566
1461128400000,0.556
1461132000000,0.548
1461135600000,0.55
1461139200000,0.55
1461142800000,0.503
1461146400000,0.381
1461150000000,0.346
1461153600000,0.389
1461157200000,0.476
1461160800000,0.54
1461164400000,0.525
1461168000000,0.472
1461171600000,0.431
1461175200000,0.398
1461178800000,0.376
1461182400000,0.38
1461186000000,0.362
1461189600000,0.343
1461193200000,0.371
1461196800000,0.39
1461200400000,0.414
1461204000000,0.437
1461207600000,0.462
1461211200000,0.457
1461214800000,0.417
1461218400000,0.368
1461222000000,0.328
1461225600000,0.295
1461229200000,0.282
1461232800000,0.251
1461236400000,0.256
1461240000000,0.272
1461243600000,0.291
1461247200000,0.295
1461250800000,0.284
1461254400000,0.274
1461258000000,0.274
1461261600000,0.264
1461265200000,0.256
1461268800000,0.266
1461272400000,0.265
1461276000000,0.265
1461279600000,0.259
1461283200000,0.249
1461286800000,0.225
1461290400000,0.194
1461294000000,0.17
1461297600000,0.155
1461301200000,0.149
1461304800000,0.149
1461308400000,0.167
1461312000000,0.178
1461315600000,0.171
1461319200000,0.144
1461322800000,0.12
1461326400000,0.106
1461330000000,0.112
1461333600000,0.132
1461337200000,0.159
1461340800000,0.187
1461344400000,0.214
1461348000000,0.2
1461351600000,0.178
1461355200000,0.167
1461358800000,0.157
1461362400000,0.147
1461366000000,0.131
1461369600000,0.117
1461373200000,0.107
1461376800000,0.104
1461380400000,0.118
1461384000000,0.139
1461387600000,0.154
1461391200000,0.159
1461394800000,0.163
1461398400000,0.164
1461402000000,0.159
1461405600000,0.138
1461409200000,0.114
1461412800000,0.096
1461416400000,0.094
1461420000000,0.099
1461423600000,0.115
1461427200000,0.127
1461430800000,0.139
1461434400000,0.164
1461438000000,0.186
1461441600000,0.197
1461445200000,0.196
1461448800000,0.188
1461452400000,0.169
1461456000000,0.161
1461459600000,0.167
1461463200000,0.168
1461466800000,0.164
1461470400000,0.152
1461474000000,0.139
1461477600000,0.138
1461481200000,0.139
1461484800000,0.137
1461488400000,0.134
1461492000000,0.126
1461495600000,0.105
1461499200000,0.09
1461502800000,0.091
1461506400000,0.104
1461510000000,0.13
1461513600000,0.16
1461517200000,0.18
1461520800000,0.201
1461524400000,0.22
1461528000000,0.234
1461531600000,0.228
1461535200000,0.23
1461538800000,0.212
1461542400000,0.171
1461546000000,0.142
1461549600000,0.123
1461553200000,0.133
1461556800000,0.158
1461560400000,0.182
1461564000000,0.203
1461567600000,0.22
1461571200000,0.233
1461574800000,0.237
1461578400000,0.203
1461582000000,0.171
1461585600000,0.161
1461589200000,0.191
1461592800000,0.268
1461596400000,0.353
1461600000000,0.414
1461603600000,0.391
1461607200000,0.362
1461610800000,0.329
1461614400000,0.296
1461618000000,0.266
1461621600000,0.243
1461625200000,0.233
1461628800000,0.233
1461632400000,0.245
1461636000000,0.251
1461639600000,0.249
1461643200000,0.243
1461646800000,0.236
1461650400000,0.235
1461654000000,0.231
1461657600000,0.213
1461661200000,0.19
1461664800000,0.145
1461668400000,0.102
1461672000000,0.093
1461675600000,0.124
1461679200000,0.167
1461682800000,0.174
1461686400000,0.164
1461690000000,0.147
1461693600000,0.123
1461697200000,0.105
1461700800000,0.097
1461704400000,0.084
1461708000000,0.069
1461711600000,0.071
1461715200000,0.069
1461718800000,0.058
1461722400000,0.051
1461726000000,0.07
1461729600000,0.089
1461733200000,0.085
1461736800000,0.067
1461740400000,0.041
1461744000000,0.02
1461747600000,0.009
1461751200000,0.006
1461754800000,0.003
1461758400000,0.001
1461762000000,0.0
1461765600000,0.0
1461769200000,0.001
1461772800000,0.001
1461776400000,0.002
1461780000000,0.003
1461783600000,0.004
1461787200000,0.005
1461790800000,0.004
1461794400000,0.001
1461798000000,0.0
1461801600000,0.0
1461805200000,0.001
1461808800000,0.003
1461812400000,0.01
1461816000000,0.02
1461819600000,0.025
1461823200000,0.024
1461826800000,0.021
1461830400000,0.018
1461834000000,0.018
1461837600000,0.02
1461841200000,0.015
1461844800000,0.008
1461848400000,0.004
1461852000000,0.003
1461855600000,0.002
1461859200000,0.003
1461862800000,0.003
1461866400000,0.005
1461870000000,0.009
1461873600000,0.013
1461877200000,0.012
1461880800000,0.006
1461884400000,0.003
1461888000000,0.002
1461891600000,0.002
1461895200000,0.002
1461898800000,0.006
1461902400000,0.012
1461906000000,0.018
1461909600000,0.026
1461913200000,0.025
1461916800000,0.017
1461920400000,0.016
1461924000000,0.021
1461927600000,0.014
1461931200000,0.007
1461934800000,0.004
1461938400000,0.003
1461942000000,0.004
1461945600000,0.007
1461949200000,0.012
1461952800000,0.017
1461956400000,0.022
1461960000000,0.035
1461963600000,0.054
1461967200000,0.06
1461970800000,0.067
1461974400000,0.062
1461978000000,0.06
1461981600000,0.059
1461985200000,0.063
1461988800000,0.07
1461992400000,0.078
1461996000000,0.086
1461999600000,0.089
1462003200000,0.089
1462006800000,0.102
1462010400000,0.141
1462014000000,0.149
1462017600000,0.129
1462021200000,0.114
1462024800000,0.112
1462028400000,0.131
1462032000000,0.135
1462035600000,0.134
1462039200000,0.155
1462042800000,0.17
1462046400000,0.17
1462050000000,0.158
1462053600000,0.127
1462057200000,0.112
1462060800000,0.112
1462064400000,0.119
1462068000000,0.144
1462071600000,0.197
1462075200000,0.256
1462078800000,0.283
1462082400000,0.282
1462086000000,0.27
1462089600000,0.245
1462093200000,0.193
1462096800000,0.155
1462100400000,0.156
1462104000000,0.176
1462107600000,0.198
1462111200000,0.189
1462114800000,0.177
1462118400000,0.192
1462122000000,0.17
1462125600000,0.146
1462129200000,0.129
1462132800000,0.119
1462136400000,0.113
1462140000000,0.112
1462143600000,0.118
1462147200000,0.138
1462150800000,0.162
1462154400000,0.182
1462158000000,0.202
1462161600000,0.211
1462165200000,0.217
1462168800000,0.22
1462172400000,0.22
1462176000000,0.213
1462179600000,0.192
1462183200000,0.17
1462186800000,0.151
1462190400000,0.151
1462194000000,0.167
1462197600000,0.179
1462201200000,0.18
1462204800000,0.185
1462208400000,0.211
1462212000000,0.245
1462215600000,0.231
1462219200000,0.228
1462222800000,0.22
1462226400000,0.227
1462230000000,0.249
1462233600000,0.251
1462237200000,0.243
1462240800000,0.232
1462244400000,0.227
1462248000000,0.215
1462251600000,0.198
1462255200000,0.179
1462258800000,0.158
1462262400000,0.127
1462266000000,0.087
1462269600000,0.066
1462273200000,0.058
1462276800000,0.069
1462280400000,0.106
1462284000000,0.164
1462287600000,0.217
1462291200000,0.234
1462294800000,0.236
1462298400000,0.248
1462302000000,0.277
1462305600000,0.3
1462309200000,0.302
1462312800000,0.245
1462316400000,0.218
1462320000000,0.192
1462323600000,0.181
1462327200000,0.182
1462330800000,0.208
1462334400000,0.248
1462338000000,0.291
1462341600000,0.323
1462345200000,0.334
1462348800000,0.315
1462352400000,0.249
1462356000000,0.2
1462359600000,0.206
1462363200000,0.294
1462366800000,0.388
1462370400000,0.449
1462374000000,0.49
1462377600000,0.486
1462381200000,0.447
1462384800000,0.382
1462388400000,0.341
1462392000000,0.315
1462395600000,0.259
1462399200000,0.227
1462402800000,0.235
1462406400000,0.229
1462410000000,0.241
1462413600000,0.257
1462417200000,0.296
1462420800000,0.337
1462424400000,0.355
1462428000000,0.358
1462431600000,0.359
1462435200000,0.358
1462438800000,0.301
1462442400000,0.279
1462446000000,0.297
1462449600000,0.341
1462453200000,0.355
1462456800000,0.331
1462460400000,0.341
1462464000000,0.323
1462467600000,0.355
1462471200000,0.354
1462474800000,0.344
1462478400000,0.334
1462482000000,0.332
1462485600000,0.367
1462489200000,0.423
1462492800000,0.448
1462496400000,0.438
1462500000000,0.407
1462503600000,0.374
1462507200000,0.338
1462510800000,0.32
1462514400000,0.315
1462518000000,0.314
1462521600000,0.31
1462525200000,0.265
1462528800000,0.227
1462532400000,0.236
1462536000000,0.272
1462539600000,0.314
1462543200000,0.339
1462546800000,0.323
1462550400000,0.316
1462554000000,0.296
1462557600000,0.323
1462561200000,0.32
1462564800000,0.422
1462568400000,0.548
1462572000000,0.636
1462575600000,0.628
1462579200000,0.535
1462582800000,0.427
1462586400000,0.352
1462590000000,0.311
1462593600000,0.286
1462597200000,0.254
1462600800000,0.219
1462604400000,0.192
1462608000000,0.177
1462611600000,0.138
1462615200000,0.138
1462618800000,0.165
1462622400000,0.248
1462626000000,0.305
1462629600000,0.31
1462633200000,0.337
1462636800000,0.362
1462640400000,0.362
1462644000000,0.388
1462647600000,0.435
1462651200000,0.456
1462654800000,0.436
1462658400000,0.415
1462662000000,0.425
1462665600000,0.383
1462669200000,0.344
1462672800000,0.312
1462676400000,0.293
1462680000000,0.28
1462683600000,0.274
1462687200000,0.273
1462690800000,0.272
1462694400000,0.264
1462698000000,0.21
1462701600000,0.175
1462705200000,0.167
1462708800000,0.2
1462712400000,0.256
1462716000000,0.316
1462719600000,0.351
1462723200000,0.305
1462726800000,0.286
1462730400000,0.28
1462734000000,0.289
1462737600000,0.325
1462741200000,0.308
1462744800000,0.278
1462748400000,0.291
1462752000000,0.308
1462755600000,0.321
1462759200000,0.32
1462762800000,0.317
1462766400000,0.314
1462770000000,0.31
1462773600000,0.313
1462777200000,0.321
1462780800000,0.319
1462784400000,0.264
1462788000000,0.227
1462791600000,0.22
1462795200000,0.241
1462798800000,0.279
1462802400000,0.265
1462806000000,0.251
1462809600000,0.265
1462813200000,0.264
1462816800000,0.26
1462820400000,0.261
1462824000000,0.245
1462827600000,0.201
1462831200000,0.179
1462834800000,0.174
1462838400000,0.155
1462842000000,0.135
1462845600000,0.118
1462849200000,0.111
1462852800000,0.104
1462856400000,0.1
1462860000000,0.094
1462863600000,0.091
1462867200000,0.091
1462870800000,0.096
1462874400000,0.108
1462878000000,0.093
1462881600000,0.076
1462885200000,0.063
1462888800000,0.061
1462892400000,0.067
1462896000000,0.073
1462899600000,0.084
1462903200000,0.099
1462906800000,0.12
1462910400000,0.144
1462914000000,0.14
1462917600000,0.104
1462921200000,0.081
1462924800000,0.067
1462928400000,0.057
1462932000000,0.05
1462935600000,0.05
1462939200000,0.054
1462942800000,0.056
1462946400000,0.059
1462950000000,0.067
1462953600000,0.084
1462957200000,0.103
1462960800000,0.129
1462964400000,0.132
1462968000000,0.132
1462971600000,0.143
1462975200000,0.164
1462978800000,0.16
1462982400000,0.158
1462986000000,0.145
1462989600000,0.164
1462993200000,0.162
1462996800000,0.159
1463000400000,0.155
1463004000000,0.135
1463007600000,0.132
1463011200000,0.128
1463014800000,0.125
1463018400000,0.135
1463022000000,0.167
1463025600000,0.193
1463029200000,0.205
1463032800000,0.21
1463036400000,0.204
1463040000000,0.191
1463043600000,0.165
1463047200000,0.141
1463050800000,0.133
1463054400000,0.155
1463058000000,0.207
1463061600000,0.246
1463065200000,0.249
1463068800000,0.225
1463072400000,0.227
1463076000000,0.241
1463079600000,0.239
1463083200000,0.249
1463086800000,0.247
1463090400000,0.252
1463094000000,0.253
1463097600000,0.239
1463101200000,0.213
1463104800000,0.192
1463108400000,0.189
1463112000000,0.193
1463115600000,0.201
1463119200000,0.207
1463122800000,0.208
1463126400000,0.201
1463130000000,0.169
1463133600000,0.148
1463137200000,0.122
1463140800000,0.118
1463144400000,0.149
1463148000000,0.201
1463151600000,0.216
1463155200000,0.208
1463158800000,0.206
1463162400000,0.211
1463166000000,0.225
1463169600000,0.233
1463173200000,0.23
1463176800000,0.282
1463180400000,0.297
1463184000000,0.294
1463187600000,0.289
1463191200000,0.289
1463194800000,0.304
1463198400000,0.325
1463202000000,0.341
1463205600000,0.346
1463209200000,0.342
1463212800000,0.329
1463216400000,0.303
1463220000000,0.296
1463223600000,0.317
1463227200000,0.346
1463230800000,0.412
1463234400000,0.46
1463238000000,0.443
1463241600000,0.455
1463245200000,0.407
1463248800000,0.363
1463252400000,0.328
1463256000000,0.305
1463259600000,0.284
1463263200000,0.295
1463266800000,0.291
1463270400000,0.27
1463274000000,0.249
1463277600000,0.233
1463281200000,0.227
1463284800000,0.214
1463288400000,0.202
1463292000000,0.192
1463295600000,0.185
1463299200000,0.167
1463302800000,0.144
1463306400000,0.123
1463310000000,0.111
1463313600000,0.108
1463317200000,0.137
1463320800000,0.213
1463324400000,0.307
1463328000000,0.316
1463331600000,0.279
1463335200000,0.278
1463338800000,0.254
1463342400000,0.252
1463346000000,0.204
1463349600000,0.143
1463353200000,0.108
1463356800000,0.094
1463360400000,0.081
1463364000000,0.077
1463367600000,0.088
1463371200000,0.104
1463374800000,0.112
1463378400000,0.12
1463382000000,0.127
1463385600000,0.125
1463389200000,0.125
1463392800000,0.121
1463396400000,0.093
1463400000000,0.066
1463403600000,0.055
1463407200000,0.049
1463410800000,0.045
1463414400000,0.047
1463418000000,0.064
1463421600000,0.092
1463425200000,0.118
1463428800000,0.142
1463432400000,0.129
1463436000000,0.089
1463439600000,0.05
1463443200000,0.018
1463446800000,0.004
1463450400000,0.001
1463454000000,0.002
1463457600000,0.01
1463461200000,0.021
1463464800000,0.027
1463468400000,0.031
1463472000000,0.03
1463475600000,0.034
1463479200000,0.046
1463482800000,0.037
1463486400000,0.024
1463490000000,0.019
1463493600000,0.027
1463497200000,0.038
1463500800000,0.045
1463504400000,0.051
1463508000000,0.059
1463511600000,0.071
1463515200000,0.086
1463518800000,0.095
1463522400000,0.086
1463526000000,0.074
1463529600000,0.051
1463533200000,0.031
1463536800000,0.016
1463540400000,0.009
1463544000000,0.006
1463547600000,0.006
1463551200000,0.008
1463554800000,0.009
1463558400000,0.01
1463562000000,0.015
1463565600000,0.029
1463569200000,0.041
1463572800000,0.043
1463576400000,0.041
1463580000000,0.043
1463583600000,0.053
1463587200000,0.072
1463590800000,0.101
1463594400000,0.122
1463598000000,0.137
1463601600000,0.151
1463605200000,0.149
1463608800000,0.113
1463612400000,0.076
1463616000000,0.047
1463619600000,0.032
1463623200000,0.024
1463626800000,0.022
1463630400000,0.021
1463634000000,0.018
1463637600000,0.013
1463641200000,0.009
1463644800000,0.008
1463648400000,0.008
1463652000000,0.009
1463655600000,0.011
1463659200000,0.015
1463662800000,0.023
1463666400000,0.035
1463670000000,0.051
1463673600000,0.065
1463677200000,0.071
1463680800000,0.097
1463684400000,0.132
1463688000000,0.133
1463691600000,0.083
1463695200000,0.033
1463698800000,0.014
1463702400000,0.009
1463706000000,0.006
1463709600000,0.003
1463713200000,0.001
1463716800000,0.0
1463720400000,0.0
1463724000000,0.001
1463727600000,0.002
1463731200000,0.007
1463734800000,0.021
1463738400000,0.04
1463742000000,0.048
1463745600000,0.055
1463749200000,0.079
1463752800000,0.105
1463756400000,0.124
1463760000000,0.132
1463763600000,0.129
1463767200000,0.138
1463770800000,0.161
1463774400000,0.161
1463778000000,0.141
1463781600000,0.107
1463785200000,0.097
1463788800000,0.09
1463792400000,0.082
1463796000000,0.078
1463799600000,0.09
1463803200000,0.099
1463806800000,0.097
1463810400000,0.091
1463814000000,0.087
1463817600000,0.087
1463821200000,0.079
1463824800000,0.09
1463828400000,0.093
1463832000000,0.082
1463835600000,0.067
1463839200000,0.055
1463842800000,0.045
1463846400000,0.042
1463850000000,0.059
1463853600000,0.094
1463857200000,0.107
1463860800000,0.101
1463864400000,0.084
1463868000000,0.049
1463871600000,0.027
1463875200000,0.012
1463878800000,0.006
1463882400000,0.003
1463886000000,0.003
1463889600000,0.002
1463893200000,0.001
1463896800000,0.001
1463900400000,0.001
1463904000000,0.003
1463907600000,0.008
1463911200000,0.01
1463914800000,0.01
1463918400000,0.009
1463922000000,0.009
1463925600000,0.015
1463929200000,0.036
1463932800000,0.065
1463936400000,0.087
1463940000000,0.125
1463943600000,0.155
1463947200000,0.139
1463950800000,0.078
1463954400000,0.022
1463958000000,0.009
1463961600000,0.012
1463965200000,0.011
1463968800000,0.008
1463972400000,0.012
1463976000000,0.019
1463979600000,0.02
1463983200000,0.017
1463986800000,0.014
1463990400000,0.013
1463994000000,0.016
1463997600000,0.026
1464001200000,0.046
1464004800000,0.061
1464008400000,0.061
1464012000000,0.054
1464015600000,0.05
1464019200000,0.048
1464022800000,0.048
1464026400000,0.053
1464030000000,0.053
1464033600000,0.046
1464037200000,0.039
1464040800000,0.027
1464044400000,0.023
1464048000000,0.023
1464051600000,0.023
1464055200000,0.02
1464058800000,0.013
1464062400000,0.006
1464066000000,0.002
1464069600000,0.001
1464073200000,0.002
1464076800000,0.002
1464080400000,0.003
1464084000000,0.003
1464087600000,0.003
1464091200000,0.003
1464094800000,0.006
1464098400000,0.011
1464102000000,0.016
1464105600000,0.024
1464109200000,0.042
1464112800000,0.062
1464116400000,0.076
1464120000000,0.077
1464123600000,0.066
1464127200000,0.042
1464130800000,0.033
1464134400000,0.031
1464138000000,0.027
1464141600000,0.03
1464145200000,0.036
1464148800000,0.048
1464152400000,0.061
1464156000000,0.067
1464159600000,0.068
1464163200000,0.074
1464166800000,0.085
1464170400000,0.107
1464174000000,0.118
1464177600000,0.113
1464181200000,0.107
1464184800000,0.099
1464188400000,0.096
1464192000000,0.093
1464195600000,0.093
1464199200000,0.093
1464202800000,0.069
1464206400000,0.025
1464210000000,0.005
1464213600000,0.008
1464217200000,0.025
1464220800000,0.043
1464224400000,0.051
1464228000000,0.048
1464231600000,0.032
1464235200000,0.021
1464238800000,0.02
1464242400000,0.025
1464246000000,0.023
1464249600000,0.02
1464253200000,0.022
1464256800000,0.036
1464260400000,0.05
1464264000000,0.059
1464267600000,0.067
1464271200000,0.073
1464274800000,0.072
1464278400000,0.067
1464282000000,0.064
1464285600000,0.065
1464289200000,0.065
1464292800000,0.072
1464296400000,0.068
1464300000000,0.049
1464303600000,0.049
1464307200000,0.038
1464310800000,0.025
1464314400000,0.012
1464318000000,0.006
1464321600000,0.003
1464325200000,0.001
1464328800000,0.0
1464332400000,0.0
1464336000000,0.0
1464339600000,0.0
1464343200000,0.0
1464346800000,0.0
1464350400000,0.001
1464354000000,0.002
1464357600000,0.004
1464361200000,0.007
1464364800000,0.011
1464368400000,0.014
1464372000000,0.012
1464375600000,0.016
1464379200000,0.025
1464382800000,0.029
1464386400000,0.023
1464390000000,0.018
1464393600000,0.013
1464397200000,0.007
1464400800000,0.002
1464404400000,0.001
1464408000000,0.0
1464411600000,0.0
1464415200000,0.0
1464418800000,0.0
1464422400000,0.0
1464426000000,0.0
1464429600000,0.0
1464433200000,0.0
1464436800000,0.0
1464440400000,0.0
1464444000000,0.0
1464447600000,0.0
1464451200000,0.0
1464454800000,0.001
1464458400000,0.001
1464462000000,0.0
1464465600000,0.0
1464469200000,0.0
1464472800000,0.0
1464476400000,0.0
1464480000000,0.0
1464483600000,0.0
1464487200000,0.0
1464490800000,0.0
1464494400000,0.001
1464498000000,0.002
1464501600000,0.003
1464505200000,0.003
1464508800000,0.003
1464512400000,0.003
1464516000000,0.002
1464519600000,0.001
1464523200000,0.0
1464526800000,0.0
1464530400000,0.0
1464534000000,0.0
1464537600000,0.0
1464541200000,0.0
1464544800000,0.0
1464548400000,0.001
1464552000000,0.003
1464555600000,0.006
1464559200000,0.011
1464562800000,0.018
1464566400000,0.019
1464570000000,0.015
1464573600000,0.009
1464577200000,0.006
1464580800000,0.005
1464584400000,0.004
1464588000000,0.002
1464591600000,0.001
1464595200000,0.001
1464598800000,0.001
1464602400000,0.001
1464606000000,0.0
1464609600000,0.0
1464613200000,0.0
1464616800000,0.0
1464620400000,0.0
1464624000000,0.0
1464627600000,0.0
1464631200000,0.002
1464634800000,0.008
1464638400000,0.023
1464642000000,0.03
1464645600000,0.017
1464649200000,0.005
1464652800000,0.0
1464656400000,0.0
1464660000000,0.0
1464663600000,0.0
1464667200000,0.0
1464670800000,0.0
1464674400000,0.0
1464678000000,0.0
1464681600000,0.0
1464685200000,0.0
1464688800000,0.0
1464692400000,0.0
1464696000000,0.0
1464699600000,0.001
1464703200000,0.002
1464706800000,0.002
1464710400000,0.002
1464714000000,0.001
1464717600000,0.0
1464721200000,0.0
1464724800000,0.0
1464728400000,0.0
1464732000000,0.0
1464735600000,0.0
1464739200000,0.0
1464742800000,0.0
1464746400000,0.0
1464750000000,0.0
1464753600000,0.0
1464757200000,0.0
1464760800000,0.001
1464764400000,0.002
1464768000000,0.006
1464771600000,0.004
1464775200000,0.001
1464778800000,0.0
1464782400000,0.0
1464786000000,0.0
1464789600000,0.0
1464793200000,0.001
1464796800000,0.009
1464800400000,0.028
1464804000000,0.046
1464807600000,0.057
1464811200000,0.059
1464814800000,0.059
1464818400000,0.051
1464822000000,0.051
1464825600000,0.063
1464829200000,0.09
1464832800000,0.127
1464836400000,0.189
1464840000000,0.272
1464843600000,0.357
1464847200000,0.422
1464850800000,0.466
1464854400000,0.479
1464858000000,0.38
1464861600000,0.342
1464865200000,0.34
1464868800000,0.342
1464872400000,0.332
1464876000000,0.323
1464879600000,0.305
1464883200000,0.286
1464886800000,0.27
1464890400000,0.249
1464894000000,0.229
1464897600000,0.211
1464901200000,0.192
1464904800000,0.137
1464908400000,0.102
1464912000000,0.077
1464915600000,0.049
1464919200000,0.027
1464922800000,0.021
1464926400000,0.023
1464930000000,0.024
1464933600000,0.022
1464937200000,0.02
1464940800000,0.02
1464944400000,0.024
1464948000000,0.037
1464951600000,0.05
1464955200000,0.058
1464958800000,0.063
1464962400000,0.064
1464966000000,0.057
1464969600000,0.048
1464973200000,0.041
1464976800000,0.033
1464980400000,0.021
1464984000000,0.012
1464987600000,0.006
1464991200000,0.002
1464994800000,0.001
1464998400000,0.002
1465002000000,0.004
1465005600000,0.007
1465009200000,0.014
1465012800000,0.024
1465016400000,0.034
1465020000000,0.041
1465023600000,0.049
1465027200000,0.06
1465030800000,0.074
1465034400000,0.084
1465038000000,0.084
1465041600000,0.083
1465045200000,0.076
1465048800000,0.069
1465052400000,0.058
1465056000000,0.046
1465059600000,0.035
1465063200000,0.021
1465066800000,0.013
1465070400000,0.008
1465074000000,0.007
1465077600000,0.005
1465081200000,0.001
1465084800000,0.0
1465088400000,0.0
1465092000000,0.0
1465095600000,0.0
1465099200000,0.0
1465102800000,0.0
1465106400000,0.0
1465110000000,0.0
1465113600000,0.001
1465117200000,0.001
1465120800000,0.004
1465124400000,0.01
1465128000000,0.017
1465131600000,0.024
1465135200000,0.034
1465138800000,0.063
1465142400000,0.108
1465146000000,0.11
1465149600000,0.068
1465153200000,0.047
1465156800000,0.055
1465160400000,0.054
1465164000000,0.043
1465167600000,0.02
1465171200000,0.011
1465174800000,0.01
1465178400000,0.01
1465182000000,0.014
1465185600000,0.02
1465189200000,0.022
1465192800000,0.02
1465196400000,0.018
1465200000000,0.02
1465203600000,0.022
1465207200000,0.031
1465210800000,0.042
1465214400000,0.055
1465218000000,0.068
1465221600000,0.083
1465225200000,0.097
1465228800000,0.096
1465232400000,0.076
1465236000000,0.057
1465239600000,0.05
1465243200000,0.052
1465246800000,0.054
1465250400000,0.04
1465254000000,0.034
1465257600000,0.027
1465261200000,0.022
1465264800000,0.017
1465268400000,0.014
1465272000000,0.015
1465275600000,0.021
1465279200000,0.03
1465282800000,0.041
1465286400000,0.049
1465290000000,0.055
1465293600000,0.068
1465297200000,0.077
1465300800000,0.084
1465304400000,0.089
1465308000000,0.096
1465311600000,0.104
1465315200000,0.105
1465318800000,0.097
1465322400000,0.083
1465326000000,0.074
1465329600000,0.073
1465333200000,0.08
1465336800000,0.073
1465340400000,0.069
1465344000000,0.062
1465347600000,0.055
1465351200000,0.055
1465354800000,0.06
1465358400000,0.069
1465362000000,0.075
1465365600000,0.074
1465369200000,0.068
1465372800000,0.054
1465376400000,0.042
1465380000000,0.037
1465383600000,0.033
1465387200000,0.028
1465390800000,0.02
1465394400000,0.012
1465398000000,0.01
1465401600000,0.013
1465405200000,0.02
1465408800000,0.028
1465412400000,0.032
1465416000000,0.035
1465419600000,0.034
1465423200000,0.027
1465426800000,0.024
1465430400000,0.022
1465434000000,0.02
1465437600000,0.02
1465441200000,0.021
1465444800000,0.024
1465448400000,0.024
1465452000000,0.023
1465455600000,0.022
1465459200000,0.026
1465462800000,0.042
1465466400000,0.067
1465470000000,0.093
1465473600000,0.113
1465477200000,0.119
1465480800000,0.113
1465484400000,0.089
1465488000000,0.067
1465491600000,0.053
1465495200000,0.041
1465498800000,0.03
1465502400000,0.024
1465506000000,0.02
1465509600000,0.014
1465513200000,0.006
1465516800000,0.001
1465520400000,0.0
1465524000000,0.0
1465527600000,0.0
1465531200000,0.0
1465534800000,0.0
1465538400000,0.0
1465542000000,0.001
1465545600000,0.001
1465549200000,0.001
1465552800000,0.001
1465556400000,0.0
1465560000000,0.0
1465563600000,0.0
1465567200000,0.001
1465570800000,0.0
1465574400000,0.0
1465578000000,0.0
1465581600000,0.0
1465585200000,0.003
1465588800000,0.018
1465592400000,0.025
1465596000000,0.024
1465599600000,0.03
1465603200000,0.032
1465606800000,0.024
1465610400000,0.017
1465614000000,0.015
1465617600000,0.015
1465621200000,0.014
1465624800000,0.014
1465628400000,0.014
1465632000000,0.016
1465635600000,0.016
1465639200000,0.012
1465642800000,0.009
1465646400000,0.008
1465650000000,0.011
1465653600000,0.013
1465657200000,0.014
1465660800000,0.014
1465664400000,0.014
1465668000000,0.018
1465671600000,0.021
1465675200000,0.028
1465678800000,0.03
1465682400000,0.027
1465686000000,0.023
1465689600000,0.015
1465693200000,0.009
1465696800000,0.005
1465700400000,0.007
1465704000000,0.01
1465707600000,0.015
1465711200000,0.023
1465714800000,0.035
1465718400000,0.063
1465722000000,0.092
1465725600000,0.106
1465729200000,0.094
1465732800000,0.069
1465736400000,0.049
1465740000000,0.034
1465743600000,0.025
1465747200000,0.02
1465750800000,0.018
1465754400000,0.02
1465758000000,0.022
1465761600000,0.022
1465765200000,0.02
1465768800000,0.012
1465772400000,0.006
1465776000000,0.002
1465779600000,0.002
1465783200000,0.003
1465786800000,0.004
1465790400000,0.004
1465794000000,0.004
1465797600000,0.004
1465801200000,0.006
1465804800000,0.011
1465808400000,0.024
1465812000000,0.054
1465815600000,0.085
1465819200000,0.112
1465822800000,0.119
1465826400000,0.108
1465830000000,0.09
1465833600000,0.071
1465837200000,0.055
1465840800000,0.043
1465844400000,0.035
1465848000000,0.031
1465851600000,0.03
1465855200000,0.025
1465858800000,0.02
1465862400000,0.016
1465866000000,0.021
1465869600000,0.034
1465873200000,0.028
1465876800000,0.012
1465880400000,0.005
1465884000000,0.002
1465887600000,0.001
1465891200000,0.001
1465894800000,0.0
1465898400000,0.001
1465902000000,0.001
1465905600000,0.001
1465909200000,0.001
1465912800000,0.002
1465916400000,0.002
1465920000000,0.003
1465923600000,0.003
1465927200000,0.003
1465930800000,0.003
1465934400000,0.002
1465938000000,0.002
1465941600000,0.002
1465945200000,0.003
1465948800000,0.004
1465952400000,0.003
1465956000000,0.002
1465959600000,0.001
1465963200000,0.001
1465966800000,0.001
1465970400000,0.001
1465974000000,0.001
1465977600000,0.001
1465981200000,0.002
1465984800000,0.002
1465988400000,0.002
1465992000000,0.001
1465995600000,0.001
1465999200000,0.0
1466002800000,0.0
1466006400000,0.0
1466010000000,0.001
1466013600000,0.001
1466017200000,0.001
1466020800000,0.002
1466024400000,0.003
1466028000000,0.004
1466031600000,0.006
1466035200000,0.004
1466038800000,0.002
1466042400000,0.002
1466046000000,0.002
1466049600000,0.003
1466053200000,0.004
1466056800000,0.006
1466060400000,0.011
1466064000000,0.021
1466067600000,0.032
1466071200000,0.042
1466074800000,0.047
1466078400000,0.05
1466082000000,0.057
1466085600000,0.065
1466089200000,0.082
1466092800000,0.118
1466096400000,0.165
1466100000000,0.213
1466103600000,0.261
1466107200000,0.297
1466110800000,0.3
1466114400000,0.253
1466118000000,0.225
1466121600000,0.24
1466125200000,0.205
1466128800000,0.176
1466132400000,0.161
1466136000000,0.158
1466139600000,0.149
1466143200000,0.136
1466146800000,0.127
1466150400000,0.118
1466154000000,0.112
1466157600000,0.116
1466161200000,0.126
1466164800000,0.144
1466168400000,0.179
1466172000000,0.227
1466175600000,0.259
1466179200000,0.269
1466182800000,0.261
1466186400000,0.254
1466190000000,0.251
1466193600000,0.22
1466197200000,0.215
1466200800000,0.22
1466204400000,0.22
1466208000000,0.236
1466211600000,0.255
1466215200000,0.279
1466218800000,0.32
1466222400000,0.349
1466226000000,0.348
1466229600000,0.315
1466233200000,0.284
1466236800000,0.225
1466240400000,0.22
1466244000000,0.267
1466247600000,0.248
1466251200000,0.264
1466254800000,0.333
1466258400000,0.391
1466262000000,0.406
1466265600000,0.358
1466269200000,0.325
1466272800000,0.314
1466276400000,0.295
1466280000000,0.285
1466283600000,0.26
1466287200000,0.195
1466290800000,0.172
1466294400000,0.15
1466298000000,0.113
1466301600000,0.084
1466305200000,0.068
1466308800000,0.066
1466312400000,0.067
1466316000000,0.063
1466319600000,0.055
1466323200000,0.048
1466326800000,0.037
1466330400000,0.028
1466334000000,0.016
1466337600000,0.007
1466341200000,0.002
1466344800000,0.002
1466348400000,0.002
1466352000000,0.005
1466355600000,0.004
1466359200000,0.0
1466362800000,0.0
1466366400000,0.0
1466370000000,0.0
1466373600000,0.0
1466377200000,0.0
1466380800000,0.0
1466384400000,0.0
1466388000000,0.0
1466391600000,0.0
1466395200000,0.001
1466398800000,0.003
1466402400000,0.004
1466406000000,0.001
1466409600000,0.0
1466413200000,0.0
1466416800000,0.0
1466420400000,0.0
1466424000000,0.001
1466427600000,0.005
1466431200000,0.011
1466434800000,0.018
1466438400000,0.031
1466442000000,0.048
1466445600000,0.071
1466449200000,0.088
1466452800000,0.086
1466456400000,0.052
1466460000000,0.02
1466463600000,0.009
1466467200000,0.003
1466470800000,0.001
1466474400000,0.002
1466478000000,0.003
1466481600000,0.003
1466485200000,0.004
1466488800000,0.008
1466492400000,0.018
1466496000000,0.047
1466499600000,0.075
1466503200000,0.075
1466506800000,0.059
1466510400000,0.049
1466514000000,0.046
1466517600000,0.04
1466521200000,0.03
1466524800000,0.019
1466528400000,0.012
1466532000000,0.008
1466535600000,0.007
1466539200000,0.007
1466542800000,0.011
1466546400000,0.019
1466550000000,0.022
1466553600000,0.028
1466557200000,0.033
1466560800000,0.03
1466564400000,0.016
1466568000000,0.006
1466571600000,0.003
1466575200000,0.003
1466578800000,0.005
1466582400000,0.007
1466586000000,0.012
1466589600000,0.021
1466593200000,0.031
1466596800000,0.042
1466600400000,0.058
1466604000000,0.079
1466607600000,0.125
1466611200000,0.209
1466614800000,0.32
1466618400000,0.364
1466622000000,0.364
1466625600000,0.313
1466629200000,0.274
1466632800000,0.248
1466636400000,0.259
1466640000000,0.3
1466643600000,0.307
1466647200000,0.291
1466650800000,0.272
1466654400000,0.249
1466658000000,0.21
1466661600000,0.164
1466665200000,0.116
1466668800000,0.087
1466672400000,0.071
1466676000000,0.061
1466679600000,0.045
1466683200000,0.028
1466686800000,0.015
1466690400000,0.006
1466694000000,0.005
1466697600000,0.006
1466701200000,0.007
1466704800000,0.009
1466708400000,0.008
1466712000000,0.005
1466715600000,0.004
1466719200000,0.003
1466722800000,0.003
1466726400000,0.004
1466730000000,0.005
1466733600000,0.007
1466737200000,0.008
1466740800000,0.006
1466744400000,0.003
1466748000000,0.001
1466751600000,0.0
1466755200000,0.0
1466758800000,0.0
1466762400000,0.0
1466766000000,0.0
1466769600000,0.001
1466773200000,0.005
1466776800000,0.01
1466780400000,0.013
1466784000000,0.013
1466787600000,0.012
1466791200000,0.011
1466794800000,0.011
1466798400000,0.013
1466802000000,0.015
1466805600000,0.01
1466809200000,0.004
1466812800000,0.001
1466816400000,0.0
1466820000000,0.0
1466823600000,0.0
1466827200000,0.0
1466830800000,0.001
1466834400000,0.002
1466838000000,0.001
1466841600000,0.001
1466845200000,0.001
1466848800000,0.002
1466852400000,0.003
1466856000000,0.003
1466859600000,0.005
1466863200000,0.008
1466866800000,0.008
1466870400000,0.003
1466874000000,0.001
1466877600000,0.0
1466881200000,0.001
1466884800000,0.004
1466888400000,0.007
1466892000000,0.007
1466895600000,0.005
1466899200000,0.002
1466902800000,0.001
1466906400000,0.001
1466910000000,0.002
1466913600000,0.002
1466917200000,0.002
1466920800000,0.002
1466924400000,0.003
1466928000000,0.003
1466931600000,0.004
1466935200000,0.013
1466938800000,0.025
1466942400000,0.031
1466946000000,0.039
1466949600000,0.054
1466953200000,0.074
1466956800000,0.094
1466960400000,0.102
1466964000000,0.112
1466967600000,0.12
1466971200000,0.129
1466974800000,0.123
1466978400000,0.087
1466982000000,0.068
1466985600000,0.054
1466989200000,0.037
1466992800000,0.029
1466996400000,0.031
1467000000000,0.037
1467003600000,0.046
1467007200000,0.043
1467010800000,0.032
1467014400000,0.026
1467018000000,0.027
1467021600000,0.037
1467025200000,0.036
1467028800000,0.02
1467032400000,0.007
1467036000000,0.003
1467039600000,0.002
1467043200000,0.001
1467046800000,0.001
1467050400000,0.0
1467054000000,0.0
1467057600000,0.0
1467061200000,0.001
1467064800000,0.008
1467068400000,0.02
1467072000000,0.038
1467075600000,0.046
1467079200000,0.053
1467082800000,0.063
1467086400000,0.069
1467090000000,0.068
1467093600000,0.061
1467097200000,0.056
1467100800000,0.048
1467104400000,0.041
1467108000000,0.03
1467111600000,0.022
1467115200000,0.017
1467118800000,0.016
1467122400000,0.016
1467126000000,0.015
1467129600000,0.018
1467133200000,0.026
1467136800000,0.039
1467140400000,0.059
1467144000000,0.084
1467147600000,0.11
1467151200000,0.112
1467154800000,0.114
1467158400000,0.114
1467162000000,0.102
1467165600000,0.092
1467169200000,0.085
1467172800000,0.084
1467176400000,0.086
1467180000000,0.086
1467183600000,0.087
1467187200000,0.093
1467190800000,0.102
1467194400000,0.115
1467198000000,0.121
1467201600000,0.123
1467205200000,0.121
1467208800000,0.113
1467212400000,0.104
1467216000000,0.101
1467219600000,0.098
1467223200000,0.072
1467226800000,0.056
1467230400000,0.072
1467234000000,0.088
1467237600000,0.084
1467241200000,0.069
1467244800000,0.061
1467248400000,0.058
1467252000000,0.057
1467255600000,0.061
1467259200000,0.068
1467262800000,0.076
1467266400000,0.08
1467270000000,0.076
1467273600000,0.068
1467277200000,0.059
1467280800000,0.046
1467284400000,0.027
1467288000000,0.022
1467291600000,0.027
1467295200000,0.032
1467298800000,0.036
1467302400000,0.055
1467306000000,0.079
1467309600000,0.111
1467313200000,0.142
1467316800000,0.161
1467320400000,0.167
1467324000000,0.147
1467327600000,0.113
1467331200000,0.096
1467334800000,0.084
1467338400000,0.074
1467342000000,0.06
1467345600000,0.046
1467349200000,0.038
1467352800000,0.028
1467356400000,0.017
1467360000000,0.011
1467363600000,0.005
1467367200000,0.001
1467370800000,0.0
1467374400000,0.0
1467378000000,0.0
1467381600000,0.0
1467385200000,0.0
1467388800000,0.0
1467392400000,0.0
1467396000000,0.0
1467399600000,0.0
1467403200000,0.0
1467406800000,0.0
1467410400000,0.0
1467414000000,0.0
1467417600000,0.0
1467421200000,0.001
1467424800000,0.003
1467428400000,0.01
1467432000000,0.022
1467435600000,0.038
1467439200000,0.058
1467442800000,0.075
1467446400000,0.087
1467450000000,0.085
1467453600000,0.093
1467457200000,0.1
1467460800000,0.097
1467464400000,0.097
1467468000000,0.094
1467471600000,0.101
1467475200000,0.117
1467478800000,0.124
1467482400000,0.118
1467486000000,0.109
1467489600000,0.113
1467493200000,0.111
1467496800000,0.076
1467500400000,0.047
1467504000000,0.029
1467507600000,0.026
1467511200000,0.028
1467514800000,0.035
1467518400000,0.044
1467522000000,0.047
1467525600000,0.042
1467529200000,0.037
1467532800000,0.039
1467536400000,0.042
1467540000000,0.052
1467543600000,0.058
1467547200000,0.054
1467550800000,0.033
1467554400000,0.015
1467558000000,0.008
1467561600000,0.006
1467565200000,0.008
1467568800000,0.012
1467572400000,0.017
1467576000000,0.019
1467579600000,0.021
1467583200000,0.021
1467586800000,0.029
1467590400000,0.042
1467594000000,0.068
1467597600000,0.095
1467601200000,0.104
1467604800000,0.097
1467608400000,0.091
1467612000000,0.078
1467615600000,0.062
1467619200000,0.051
1467622800000,0.041
1467626400000,0.035
1467630000000,0.034
1467633600000,0.044
1467637200000,0.07
1467640800000,0.112
1467644400000,0.17
1467648000000,0.222
1467651600000,0.248
1467655200000,0.243
1467658800000,0.227
1467662400000,0.21
1467666000000,0.184
1467669600000,0.145
1467673200000,0.134
1467676800000,0.158
1467680400000,0.187
1467684000000,0.214
1467687600000,0.251
1467691200000,0.289
1467694800000,0.317
1467698400000,0.337
1467702000000,0.341
1467705600000,0.3
1467709200000,0.243
1467712800000,0.236
1467716400000,0.227
1467720000000,0.227
1467723600000,0.229
1467727200000,0.227
1467730800000,0.233
1467734400000,0.241
1467738000000,0.268
1467741600000,0.311
1467745200000,0.341
1467748800000,0.334
1467752400000,0.311
1467756000000,0.272
1467759600000,0.252
1467763200000,0.318
1467766800000,0.381
1467770400000,0.433
1467774000000,0.466
1467777600000,0.484
1467781200000,0.496
1467784800000,0.484
1467788400000,0.422
1467792000000,0.337
1467795600000,0.302
1467799200000,0.31
1467802800000,0.324
1467806400000,0.328
1467810000000,0.311
1467813600000,0.31
1467817200000,0.31
1467820800000,0.315
1467824400000,0.336
1467828000000,0.376
1467831600000,0.37
1467835200000,0.374
1467838800000,0.366
1467842400000,0.322
1467846000000,0.3
1467849600000,0.334
1467853200000,0.377
1467856800000,0.406
1467860400000,0.451
1467864000000,0.495
1467867600000,0.498
1467871200000,0.476
1467874800000,0.434
1467878400000,0.365
1467882000000,0.309
1467885600000,0.291
1467889200000,0.272
1467892800000,0.261
1467896400000,0.256
1467900000000,0.268
1467903600000,0.305
1467907200000,0.339
1467910800000,0.345
1467914400000,0.333
1467918000000,0.337
1467921600000,0.355
1467925200000,0.388
1467928800000,0.357
1467932400000,0.298
1467936000000,0.382
1467939600000,0.46
1467943200000,0.501
1467946800000,0.523
1467950400000,0.548
1467954000000,0.563
1467957600000,0.513
1467961200000,0.391
1467964800000,0.317
1467968400000,0.277
1467972000000,0.294
1467975600000,0.345
1467979200000,0.388
1467982800000,0.422
1467986400000,0.434
1467990000000,0.516
1467993600000,0.574
1467997200000,0.598
1468000800000,0.587
1468004400000,0.575
1468008000000,0.56
1468011600000,0.504
1468015200000,0.404
1468018800000,0.315
1468022400000,0.33
1468026000000,0.371
1468029600000,0.4
1468033200000,0.436
1468036800000,0.481
1468040400000,0.525
1468044000000,0.552
1468047600000,0.51
1468051200000,0.408
1468054800000,0.286
1468058400000,0.242
1468062000000,0.223
1468065600000,0.216
1468069200000,0.213
1468072800000,0.198
1468076400000,0.192
1468080000000,0.191
1468083600000,0.179
1468087200000,0.171
1468090800000,0.179
1468094400000,0.181
1468098000000,0.16
1468101600000,0.144
1468105200000,0.119
1468108800000,0.103
1468112400000,0.113
1468116000000,0.113
1468119600000,0.112
1468123200000,0.103
1468126800000,0.082
1468130400000,0.058
1468134000000,0.046
1468137600000,0.043
1468141200000,0.036
1468144800000,0.021
1468148400000,0.009
1468152000000,0.003
1468155600000,0.002
1468159200000,0.001
1468162800000,0.001
1468166400000,0.0
1468170000000,0.0
1468173600000,0.0
1468177200000,0.0
1468180800000,0.0
1468184400000,0.0
1468188000000,0.0
1468191600000,0.0
1468195200000,0.0
1468198800000,0.0
1468202400000,0.0
1468206000000,0.0
1468209600000,0.0
1468213200000,0.0
1468216800000,0.0
1468220400000,0.0
1468224000000,0.001
1468227600000,0.0
1468231200000,0.0
1468234800000,0.0
1468238400000,0.0
1468242000000,0.0
1468245600000,0.0
1468249200000,0.001
1468252800000,0.002
1468256400000,0.001
1468260000000,0.0
1468263600000,0.0
1468267200000,0.0
1468270800000,0.0
1468274400000,0.0
1468278000000,0.0
1468281600000,0.0
1468285200000,0.0
1468288800000,0.0
1468292400000,0.0
1468296000000,0.0
1468299600000,0.0
1468303200000,0.001
1468306800000,0.002
1468310400000,0.006
1468314000000,0.008
1468317600000,0.011
1468321200000,0.012
1468324800000,0.011
1468328400000,0.009
1468332000000,0.009
1468335600000,0.006
1468339200000,0.002
1468342800000,0.0
1468346400000,0.0
1468350000000,0.0
1468353600000,0.0
1468357200000,0.0
1468360800000,0.0
1468364400000,0.0
1468368000000,0.0
1468371600000,0.0
1468375200000,0.0
1468378800000,0.0
1468382400000,0.0
1468386000000,0.0
1468389600000,0.0
1468393200000,0.0
1468396800000,0.0
1468400400000,0.0
1468404000000,0.001
1468407600000,0.001
1468411200000,0.001
1468414800000,0.001
1468418400000,0.001
1468422000000,0.002
1468425600000,0.001
1468429200000,0.0
1468432800000,0.0
1468436400000,0.0
1468440000000,0.0
1468443600000,0.0
1468447200000,0.0
1468450800000,0.0
1468454400000,0.0
1468458000000,0.0
1468461600000,0.0
1468465200000,0.0
1468468800000,0.0
1468472400000,0.0
1468476000000,0.0
1468479600000,0.001
1468483200000,0.001
1468486800000,0.001
1468490400000,0.001
1468494000000,0.0
1468497600000,0.0
1468501200000,0.0
1468504800000,0.0
1468508400000,0.0
1468512000000,0.0
1468515600000,0.0
1468519200000,0.001
1468522800000,0.002
1468526400000,0.003
1468530000000,0.002
1468533600000,0.0
1468537200000,0.0
1468540800000,0.0
1468544400000,0.0
1468548000000,0.0
1468551600000,0.0
1468555200000,0.0
1468558800000,0.0
1468562400000,0.0
1468566000000,0.0
1468569600000,0.0
1468573200000,0.0
1468576800000,0.002
1468580400000,0.006
1468584000000,0.01
1468587600000,0.012
1468591200000,0.01
1468594800000,0.006
1468598400000,0.004
1468602000000,0.007
1468605600000,0.012
1468609200000,0.009
1468612800000,0.006
1468616400000,0.003
1468620000000,0.002
1468623600000,0.001
1468627200000,0.0
1468630800000,0.0
1468634400000,0.0
1468638000000,0.0
1468641600000,0.001
1468645200000,0.003
1468648800000,0.006
1468652400000,0.011
1468656000000,0.012
1468659600000,0.01
1468663200000,0.006
1468666800000,0.003
1468670400000,0.002
1468674000000,0.002
1468677600000,0.003
1468681200000,0.005
1468684800000,0.009
1468688400000,0.014
1468692000000,0.02
1468695600000,0.028
1468699200000,0.041
1468702800000,0.049
1468706400000,0.043
1468710000000,0.034
1468713600000,0.018
1468717200000,0.008
1468720800000,0.004
1468724400000,0.003
1468728000000,0.004
1468731600000,0.008
1468735200000,0.012
1468738800000,0.015
1468742400000,0.019
1468746000000,0.025
1468749600000,0.031
1468753200000,0.028
1468756800000,0.022
1468760400000,0.014
1468764000000,0.011
1468767600000,0.008
1468771200000,0.008
1468774800000,0.008
1468778400000,0.01
1468782000000,0.012
1468785600000,0.015
1468789200000,0.012
1468792800000,0.009
1468796400000,0.009
1468800000000,0.007
1468803600000,0.007
1468807200000,0.008
1468810800000,0.008
1468814400000,0.008
1468818000000,0.008
1468821600000,0.009
1468825200000,0.011
1468828800000,0.017
1468832400000,0.022
1468836000000,0.029
1468839600000,0.032
1468843200000,0.032
1468846800000,0.03
1468850400000,0.028
1468854000000,0.028
1468857600000,0.03
1468861200000,0.038
1468864800000,0.058
1468868400000,0.079
1468872000000,0.093
1468875600000,0.08
1468879200000,0.064
1468882800000,0.067
1468886400000,0.072
1468890000000,0.069
1468893600000,0.059
1468897200000,0.064
1468900800000,0.092
1468904400000,0.174
1468908000000,0.33
1468911600000,0.416
1468915200000,0.363
1468918800000,0.242
1468922400000,0.124
1468926000000,0.053
1468929600000,0.022
1468933200000,0.006
1468936800000,0.001
1468940400000,0.001
1468944000000,0.005
1468947600000,0.018
1468951200000,0.048
1468954800000,0.093
1468958400000,0.138
1468962000000,0.175
1468965600000,0.168
1468969200000,0.179
1468972800000,0.174
1468976400000,0.167
1468980000000,0.161
1468983600000,0.144
1468987200000,0.113
1468990800000,0.082
1468994400000,0.051
1468998000000,0.033
1469001600000,0.026
1469005200000,0.023
1469008800000,0.021
1469012400000,0.022
1469016000000,0.038
1469019600000,0.057
1469023200000,0.061
1469026800000,0.062
1469030400000,0.062
1469034000000,0.058
1469037600000,0.055
1469041200000,0.058
1469044800000,0.061
1469048400000,0.056
1469052000000,0.038
1469055600000,0.025
1469059200000,0.011
1469062800000,0.003
1469066400000,0.001
1469070000000,0.001
1469073600000,0.003
1469077200000,0.008
1469080800000,0.019
1469084400000,0.03
1469088000000,0.038
1469091600000,0.046
1469095200000,0.054
1469098800000,0.051
1469102400000,0.044
1469106000000,0.039
1469109600000,0.036
1469113200000,0.028
1469116800000,0.02
1469120400000,0.02
1469124000000,0.023
1469127600000,0.025
1469131200000,0.028
1469134800000,0.038
1469138400000,0.043
1469142000000,0.041
1469145600000,0.041
1469149200000,0.034
1469152800000,0.028
1469156400000,0.02
1469160000000,0.013
1469163600000,0.011
1469167200000,0.012
1469170800000,0.015
1469174400000,0.019
1469178000000,0.028
1469181600000,0.053
1469185200000,0.092
1469188800000,0.128
1469192400000,0.106
1469196000000,0.048
1469199600000,0.018
1469203200000,0.011
1469206800000,0.008
1469210400000,0.005
1469214000000,0.003
1469217600000,0.003
1469221200000,0.003
1469224800000,0.005
1469228400000,0.007
1469232000000,0.006
1469235600000,0.003
1469239200000,0.001
1469242800000,0.0
1469246400000,0.0
1469250000000,0.0
1469253600000,0.0
1469257200000,0.0
1469260800000,0.0
1469264400000,0.0
1469268000000,0.001
1469271600000,0.003
1469275200000,0.004
1469278800000,0.004
1469282400000,0.002
1469286000000,0.001
1469289600000,0.0
1469293200000,0.0
1469296800000,0.0
1469300400000,0.001
1469304000000,0.001
1469307600000,0.002
1469311200000,0.003
1469314800000,0.004
1469318400000,0.003
1469322000000,0.002
1469325600000,0.001
1469329200000,0.001
1469332800000,0.002
1469336400000,0.003
1469340000000,0.006
1469343600000,0.011
1469347200000,0.02
1469350800000,0.025
1469354400000,0.026
1469358000000,0.024
1469361600000,0.024
1469365200000,0.024
1469368800000,0.022
1469372400000,0.018
1469376000000,0.011
1469379600000,0.009
1469383200000,0.016
1469386800000,0.025
1469390400000,0.03
1469394000000,0.03
1469397600000,0.023
1469401200000,0.022
1469404800000,0.024
1469408400000,0.024
1469412000000,0.02
1469415600000,0.019
1469419200000,0.019
1469422800000,0.017
1469426400000,0.014
1469430000000,0.013
1469433600000,0.014
1469437200000,0.013
1469440800000,0.014
1469444400000,0.013
1469448000000,0.012
1469451600000,0.011
1469455200000,0.013
1469458800000,0.014
1469462400000,0.01
1469466000000,0.005
1469469600000,0.001
1469473200000,0.0
1469476800000,0.0
1469480400000,0.0
1469484000000,0.0
1469487600000,0.005
1469491200000,0.013
1469494800000,0.015
1469498400000,0.017
1469502000000,0.015
1469505600000,0.012
1469509200000,0.009
1469512800000,0.007
1469516400000,0.007
1469520000000,0.009
1469523600000,0.012
1469527200000,0.014
1469530800000,0.012
1469534400000,0.008
1469538000000,0.004
1469541600000,0.002
1469545200000,0.001
1469548800000,0.0
1469552400000,0.0
1469556000000,0.0
1469559600000,0.0
1469563200000,0.0
1469566800000,0.0
1469570400000,0.0
1469574000000,0.004
1469577600000,0.006
1469581200000,0.009
1469584800000,0.015
1469588400000,0.02
1469592000000,0.025
1469595600000,0.029
1469599200000,0.031
1469602800000,0.03
1469606400000,0.028
1469610000000,0.03
1469613600000,0.049
1469617200000,0.073
1469620800000,0.108
1469624400000,0.138
1469628000000,0.145
1469631600000,0.141
1469635200000,0.141
1469638800000,0.153
1469642400000,0.167
1469646000000,0.179
1469649600000,0.174
1469653200000,0.167
1469656800000,0.146
1469660400000,0.112
1469664000000,0.089
1469667600000,0.068
1469671200000,0.06
1469674800000,0.058
1469678400000,0.045
1469682000000,0.029
1469685600000,0.016
1469689200000,0.009
1469692800000,0.005
1469696400000,0.002
1469700000000,0.0
1469703600000,0.0
1469707200000,0.0
1469710800000,0.0
1469714400000,0.0
1469718000000,0.002
1469721600000,0.007
1469725200000,0.014
1469728800000,0.019
1469732400000,0.022
1469736000000,0.027
1469739600000,0.029
1469743200000,0.023
1469746800000,0.014
1469750400000,0.005
1469754000000,0.002
1469757600000,0.001
1469761200000,0.001
1469764800000,0.0
1469768400000,0.0
1469772000000,0.001
1469775600000,0.001
1469779200000,0.001
1469782800000,0.001
1469786400000,0.001
1469790000000,0.005
1469793600000,0.033
1469797200000,0.068
1469800800000,0.094
1469804400000,0.124
1469808000000,0.144
1469811600000,0.193
1469815200000,0.259
1469818800000,0.303
1469822400000,0.312
1469826000000,0.324
1469829600000,0.311
1469833200000,0.322
1469836800000,0.395
1469840400000,0.468
1469844000000,0.501
1469847600000,0.507
1469851200000,0.515
1469854800000,0.522
1469858400000,0.519
1469862000000,0.502
1469865600000,0.445
1469869200000,0.425
1469872800000,0.444
1469876400000,0.434
1469880000000,0.444
1469883600000,0.429
1469887200000,0.454
1469890800000,0.476
1469894400000,0.479
1469898000000,0.466
1469901600000,0.463
1469905200000,0.46
1469908800000,0.476
1469912400000,0.481
1469916000000,0.436
1469919600000,0.435
1469923200000,0.562
1469926800000,0.612
1469930400000,0.631
1469934000000,0.642
1469937600000,0.643
1469941200000,0.644
1469944800000,0.627
1469948400000,0.581
1469952000000,0.462
1469955600000,0.337
1469959200000,0.27
1469962800000,0.266
1469966400000,0.28
1469970000000,0.276
1469973600000,0.29
1469977200000,0.336
1469980800000,0.401
1469984400000,0.451
1469988000000,0.47
1469991600000,0.454
1469995200000,0.38
1469998800000,0.301
1470002400000,0.233
1470006000000,0.21
1470009600000,0.285
1470013200000,0.45
1470016800000,0.568
1470020400000,0.616
1470024000000,0.622
1470027600000,0.579
1470031200000,0.531
1470034800000,0.446
1470038400000,0.341
1470042000000,0.258
1470045600000,0.218
1470049200000,0.201
1470052800000,0.192
1470056400000,0.178
1470060000000,0.169
1470063600000,0.171
1470067200000,0.165
1470070800000,0.144
1470074400000,0.134
1470078000000,0.151
1470081600000,0.176
1470085200000,0.193
1470088800000,0.188
1470092400000,0.182
1470096000000,0.262
1470099600000,0.353
1470103200000,0.376
1470106800000,0.367
1470110400000,0.332
1470114000000,0.261
1470117600000,0.192
1470121200000,0.137
1470124800000,0.108
1470128400000,0.084
1470132000000,0.063
1470135600000,0.046
1470139200000,0.039
1470142800000,0.041
1470146400000,0.048
1470150000000,0.06
1470153600000,0.074
1470157200000,0.078
1470160800000,0.074
1470164400000,0.058
1470168000000,0.035
1470171600000,0.014
1470175200000,0.004
1470178800000,0.001
1470182400000,0.0
1470186000000,0.0
1470189600000,0.0
1470193200000,0.0
1470196800000,0.001
1470200400000,0.005
1470204000000,0.012
1470207600000,0.019
1470211200000,0.035
1470214800000,0.05
1470218400000,0.064
1470222000000,0.072
1470225600000,0.076
1470229200000,0.077
1470232800000,0.078
1470236400000,0.079
1470240000000,0.079
1470243600000,0.075
1470247200000,0.061
1470250800000,0.042
1470254400000,0.025
1470258000000,0.01
1470261600000,0.002
1470265200000,0.0
1470268800000,0.0
1470272400000,0.0
1470276000000,0.0
1470279600000,0.0
1470283200000,0.0
1470286800000,0.0
1470290400000,0.001
1470294000000,0.004
1470297600000,0.011
1470301200000,0.019
1470304800000,0.028
1470308400000,0.042
1470312000000,0.053
1470315600000,0.057
1470319200000,0.063
1470322800000,0.072
1470326400000,0.082
1470330000000,0.089
1470333600000,0.087
1470337200000,0.081
1470340800000,0.072
1470344400000,0.061
1470348000000,0.046
1470351600000,0.042
1470355200000,0.054
1470358800000,0.062
1470362400000,0.076
1470366000000,0.106
1470369600000,0.145
1470373200000,0.18
1470376800000,0.203
1470380400000,0.22
1470384000000,0.223
1470387600000,0.186
1470391200000,0.209
1470394800000,0.229
1470398400000,0.22
1470402000000,0.221
1470405600000,0.233
1470409200000,0.264
1470412800000,0.297
1470416400000,0.317
1470420000000,0.323
1470423600000,0.346
1470427200000,0.369
1470430800000,0.376
1470434400000,0.384
1470438000000,0.352
1470441600000,0.409
1470445200000,0.474
1470448800000,0.525
1470452400000,0.567
1470456000000,0.6
1470459600000,0.604
1470463200000,0.57
1470466800000,0.502
1470470400000,0.432
1470474000000,0.414
1470477600000,0.439
1470481200000,0.422
1470484800000,0.379
1470488400000,0.413
1470492000000,0.376
1470495600000,0.399
1470499200000,0.427
1470502800000,0.448
1470506400000,0.464
1470510000000,0.464
1470513600000,0.485
1470517200000,0.51
1470520800000,0.494
1470524400000,0.54
1470528000000,0.692
1470531600000,0.806
1470535200000,0.858
1470538800000,0.889
1470542400000,0.899
1470546000000,0.895
1470549600000,0.878
1470553200000,0.833
1470556800000,0.736
1470560400000,0.642
1470564000000,0.574
1470567600000,0.547
1470571200000,0.518
1470574800000,0.505
1470578400000,0.498
1470582000000,0.519
1470585600000,0.542
1470589200000,0.568
1470592800000,0.592
1470596400000,0.613
1470600000000,0.618
1470603600000,0.604
1470607200000,0.557
1470610800000,0.506
1470614400000,0.589
1470618000000,0.689
1470621600000,0.729
1470625200000,0.764
1470628800000,0.791
1470632400000,0.806
1470636000000,0.793
1470639600000,0.72
1470643200000,0.651
1470646800000,0.637
1470650400000,0.565
1470654000000,0.522
1470657600000,0.552
1470661200000,0.583
1470664800000,0.609
1470668400000,0.633
1470672000000,0.605
1470675600000,0.574
1470679200000,0.559
1470682800000,0.532
1470686400000,0.529
1470690000000,0.519
1470693600000,0.506
1470697200000,0.413
1470700800000,0.5
1470704400000,0.626
1470708000000,0.695
1470711600000,0.751
1470715200000,0.774
1470718800000,0.761
1470722400000,0.726
1470726000000,0.692
1470729600000,0.624
1470733200000,0.618
1470736800000,0.601
1470740400000,0.604
1470744000000,0.626
1470747600000,0.638
1470751200000,0.641
1470754800000,0.648
1470758400000,0.656
1470762000000,0.655
1470765600000,0.651
1470769200000,0.645
1470772800000,0.637
1470776400000,0.61
1470780000000,0.549
1470783600000,0.532
1470787200000,0.688
1470790800000,0.779
1470794400000,0.812
1470798000000,0.831
1470801600000,0.841
1470805200000,0.837
1470808800000,0.822
1470812400000,0.787
1470816000000,0.69
1470819600000,0.59
1470823200000,0.525
1470826800000,0.469
1470830400000,0.464
1470834000000,0.482
1470837600000,0.517
1470841200000,0.546
1470844800000,0.558
1470848400000,0.58
1470852000000,0.599
1470855600000,0.569
1470859200000,0.573
1470862800000,0.574
1470866400000,0.557
1470870000000,0.532
1470873600000,0.683
1470877200000,0.796
1470880800000,0.834
1470884400000,0.842
1470888000000,0.839
1470891600000,0.819
1470895200000,0.77
1470898800000,0.682
1470902400000,0.55
1470906000000,0.443
1470909600000,0.432
1470913200000,0.407
1470916800000,0.406
1470920400000,0.411
1470924000000,0.432
1470927600000,0.438
1470931200000,0.406
1470934800000,0.391
1470938400000,0.4
1470942000000,0.419
1470945600000,0.413
1470949200000,0.416
1470952800000,0.387
1470956400000,0.364
1470960000000,0.501
1470963600000,0.628
1470967200000,0.689
1470970800000,0.724
1470974400000,0.74
1470978000000,0.734
1470981600000,0.707
1470985200000,0.651
1470988800000,0.501
1470992400000,0.379
1470996000000,0.337
1470999600000,0.342
1471003200000,0.337
1471006800000,0.337
1471010400000,0.33
1471014000000,0.329
1471017600000,0.338
1471021200000,0.332
1471024800000,0.332
1471028400000,0.341
1471032000000,0.341
1471035600000,0.364
1471039200000,0.351
1471042800000,0.301
1471046400000,0.417
1471050000000,0.557
1471053600000,0.649
1471057200000,0.695
1471060800000,0.73
1471064400000,0.729
1471068000000,0.705
1471071600000,0.652
1471075200000,0.537
1471078800000,0.395
1471082400000,0.328
1471086000000,0.333
1471089600000,0.305
1471093200000,0.285
1471096800000,0.278
1471100400000,0.316
1471104000000,0.334
1471107600000,0.35
1471111200000,0.349
1471114800000,0.356
1471118400000,0.365
1471122000000,0.41
1471125600000,0.436
1471129200000,0.429
1471132800000,0.607
1471136400000,0.668
1471140000000,0.666
1471143600000,0.647
1471147200000,0.646
1471150800000,0.635
1471154400000,0.621
1471158000000,0.575
1471161600000,0.522
1471165200000,0.488
1471168800000,0.457
1471172400000,0.436
1471176000000,0.428
1471179600000,0.429
1471183200000,0.411
1471186800000,0.413
1471190400000,0.41
1471194000000,0.409
1471197600000,0.398
1471201200000,0.381
1471204800000,0.388
1471208400000,0.391
1471212000000,0.369
1471215600000,0.343
1471219200000,0.446
1471222800000,0.556
1471226400000,0.618
1471230000000,0.66
1471233600000,0.657
1471237200000,0.639
1471240800000,0.578
1471244400000,0.48
1471248000000,0.403
1471251600000,0.366
1471255200000,0.333
1471258800000,0.291
1471262400000,0.248
1471266000000,0.228
1471269600000,0.236
1471273200000,0.28
1471276800000,0.302
1471280400000,0.305
1471284000000,0.305
1471287600000,0.316
1471291200000,0.328
1471294800000,0.348
1471298400000,0.344
1471302000000,0.32
1471305600000,0.325
1471309200000,0.414
1471312800000,0.489
1471316400000,0.55
1471320000000,0.583
1471323600000,0.59
1471327200000,0.567
1471330800000,0.479
1471334400000,0.355
1471338000000,0.3
1471341600000,0.28
1471345200000,0.246
1471348800000,0.222
1471352400000,0.208
1471356000000,0.21
1471359600000,0.232
1471363200000,0.278
1471366800000,0.305
1471370400000,0.314
1471374000000,0.318
1471377600000,0.328
1471381200000,0.343
1471384800000,0.325
1471388400000,0.287
1471392000000,0.392
1471395600000,0.476
1471399200000,0.53
1471402800000,0.583
1471406400000,0.615
1471410000000,0.613
1471413600000,0.58
1471417200000,0.504
1471420800000,0.349
1471424400000,0.251
1471428000000,0.27
1471431600000,0.272
1471435200000,0.279
1471438800000,0.294
1471442400000,0.302
1471446000000,0.302
1471449600000,0.294
1471453200000,0.278
1471456800000,0.251
1471460400000,0.22
1471464000000,0.192
1471467600000,0.179
1471471200000,0.166
1471474800000,0.136
1471478400000,0.189
1471482000000,0.261
1471485600000,0.343
1471489200000,0.42
1471492800000,0.488
1471496400000,0.528
1471500000000,0.516
1471503600000,0.459
1471507200000,0.325
1471510800000,0.223
1471514400000,0.206
1471518000000,0.204
1471521600000,0.202
1471525200000,0.191
1471528800000,0.184
1471532400000,0.193
1471536000000,0.217
1471539600000,0.249
1471543200000,0.251
1471546800000,0.243
1471550400000,0.233
1471554000000,0.236
1471557600000,0.204
1471561200000,0.158
1471564800000,0.208
1471568400000,0.221
1471572000000,0.231
1471575600000,0.241
1471579200000,0.251
1471582800000,0.249
1471586400000,0.238
1471590000000,0.207
1471593600000,0.165
1471597200000,0.139
1471600800000,0.133
1471604400000,0.117
1471608000000,0.102
1471611600000,0.096
1471615200000,0.114
1471618800000,0.152
1471622400000,0.173
1471626000000,0.176
1471629600000,0.182
1471633200000,0.193
1471636800000,0.201
1471640400000,0.223
1471644000000,0.215
1471647600000,0.179
1471651200000,0.239
1471654800000,0.332
1471658400000,0.43
1471662000000,0.524
1471665600000,0.59
1471669200000,0.573
1471672800000,0.461
1471676400000,0.359
1471680000000,0.316
1471683600000,0.325
1471687200000,0.347
1471690800000,0.381
1471694400000,0.429
1471698000000,0.459
1471701600000,0.467
1471705200000,0.457
1471708800000,0.499
1471712400000,0.544
1471716000000,0.591
1471719600000,0.635
1471723200000,0.623
1471726800000,0.593
1471730400000,0.523
1471734000000,0.457
1471737600000,0.525
1471741200000,0.514
1471744800000,0.538
1471748400000,0.553
1471752000000,0.564
1471755600000,0.549
1471759200000,0.485
1471762800000,0.45
1471766400000,0.487
1471770000000,0.491
1471773600000,0.478
1471777200000,0.521
1471780800000,0.625
1471784400000,0.743
1471788000000,0.806
1471791600000,0.874
1471795200000,0.831
1471798800000,0.668
1471802400000,0.599
1471806000000,0.565
1471809600000,0.567
1471813200000,0.58
1471816800000,0.599
1471820400000,0.522
1471824000000,0.566
1471827600000,0.701
1471831200000,0.786
1471834800000,0.815
1471838400000,0.84
1471842000000,0.873
1471845600000,0.882
1471849200000,0.851
1471852800000,0.727
1471856400000,0.574
1471860000000,0.488
1471863600000,0.432
1471867200000,0.432
1471870800000,0.447
1471874400000,0.441
1471878000000,0.423
1471881600000,0.43
1471885200000,0.464
1471888800000,0.498
1471892400000,0.498
1471896000000,0.425
1471899600000,0.425
1471903200000,0.358
1471906800000,0.381
1471910400000,0.574
1471914000000,0.672
1471917600000,0.73
1471921200000,0.78
1471924800000,0.804
1471928400000,0.794
1471932000000,0.758
1471935600000,0.694
1471939200000,0.544
1471942800000,0.447
1471946400000,0.408
1471950000000,0.358
1471953600000,0.315
1471957200000,0.324
1471960800000,0.378
1471964400000,0.422
1471968000000,0.442
1471971600000,0.437
1471975200000,0.418
1471978800000,0.403
1471982400000,0.403
1471986000000,0.386
1471989600000,0.328
1471993200000,0.347
1471996800000,0.51
1472000400000,0.583
1472004000000,0.61
1472007600000,0.62
1472011200000,0.6
1472014800000,0.586
1472018400000,0.544
1472022000000,0.435
1472025600000,0.289
1472029200000,0.201
1472032800000,0.233
1472036400000,0.265
1472040000000,0.298
1472043600000,0.323
1472047200000,0.307
1472050800000,0.294
1472054400000,0.308
1472058000000,0.323
1472061600000,0.319
1472065200000,0.315
1472068800000,0.306
1472072400000,0.278
1472076000000,0.219
1472079600000,0.22
1472083200000,0.341
1472086800000,0.419
1472090400000,0.474
1472094000000,0.513
1472097600000,0.488
1472101200000,0.46
1472104800000,0.41
1472108400000,0.317
1472112000000,0.211
1472115600000,0.156
1472119200000,0.168
1472122800000,0.191
1472126400000,0.207
1472130000000,0.22
1472133600000,0.223
1472137200000,0.225
1472140800000,0.241
1472144400000,0.264
1472148000000,0.265
1472151600000,0.238
1472155200000,0.212
1472158800000,0.197
1472162400000,0.167
1472166000000,0.144
1472169600000,0.187
1472173200000,0.228
1472176800000,0.264
1472180400000,0.302
1472184000000,0.332
1472187600000,0.334
1472191200000,0.332
1472194800000,0.325
1472198400000,0.259
1472202000000,0.206
1472205600000,0.227
1472209200000,0.235
1472212800000,0.23
1472216400000,0.245
1472220000000,0.252
1472223600000,0.262
1472227200000,0.267
1472230800000,0.278
1472234400000,0.272
1472238000000,0.297
1472241600000,0.316
1472245200000,0.33
1472248800000,0.316
1472252400000,0.272
1472256000000,0.338
1472259600000,0.4
1472263200000,0.416
1472266800000,0.453
1472270400000,0.478
1472274000000,0.484
1472277600000,0.455
1472281200000,0.362
1472284800000,0.243
1472288400000,0.182
1472292000000,0.195
1472295600000,0.194
1472299200000,0.188
1472302800000,0.191
1472306400000,0.187
1472310000000,0.164
1472313600000,0.134
1472317200000,0.12
1472320800000,0.119
1472324400000,0.13
1472328000000,0.137
1472331600000,0.15
1472335200000,0.146
1472338800000,0.154
1472342400000,0.196
1472346000000,0.246
1472349600000,0.291
1472353200000,0.306
1472356800000,0.3
1472360400000,0.272
1472364000000,0.242
1472367600000,0.198
1472371200000,0.151
1472374800000,0.132
1472378400000,0.145
1472382000000,0.163
1472385600000,0.173
1472389200000,0.174
1472392800000,0.179
1472396400000,0.197
1472400000000,0.208
1472403600000,0.212
1472407200000,0.201
1472410800000,0.2
1472414400000,0.197
1472418000000,0.186
1472421600000,0.152
1472425200000,0.137
1472428800000,0.144
1472432400000,0.141
1472436000000,0.141
1472439600000,0.148
1472443200000,0.157
1472446800000,0.156
1472450400000,0.146
1472454000000,0.128
1472457600000,0.108
1472461200000,0.094
1472464800000,0.084
1472468400000,0.068
1472472000000,0.054
1472475600000,0.043
1472479200000,0.035
1472482800000,0.036
1472486400000,0.036
1472490000000,0.035
1472493600000,0.038
1472497200000,0.049
1472500800000,0.063
1472504400000,0.067
1472508000000,0.053
1472511600000,0.035
1472515200000,0.034
1472518800000,0.04
1472522400000,0.044
1472526000000,0.045
1472529600000,0.045
1472533200000,0.038
1472536800000,0.035
1472540400000,0.044
1472544000000,0.056
1472547600000,0.068
1472551200000,0.07
1472554800000,0.061
1472558400000,0.054
1472562000000,0.051
1472565600000,0.047
1472569200000,0.043
1472572800000,0.039
1472576400000,0.036
1472580000000,0.036
1472583600000,0.038
1472587200000,0.046
1472590800000,0.045
1472594400000,0.029
1472598000000,0.01
1472601600000,0.009
1472605200000,0.015
1472608800000,0.027
1472612400000,0.05
1472616000000,0.064
1472619600000,0.067
1472623200000,0.067
1472626800000,0.065
1472630400000,0.068
1472634000000,0.076
1472637600000,0.093
1472641200000,0.106
1472644800000,0.11
1472648400000,0.103
1472652000000,0.094
1472655600000,0.078
1472659200000,0.052
1472662800000,0.033
1472666400000,0.025
1472670000000,0.02
1472673600000,0.019
1472677200000,0.021
1472680800000,0.03
1472684400000,0.036
1472688000000,0.042
1472691600000,0.035
1472695200000,0.024
1472698800000,0.018
1472702400000,0.019
1472706000000,0.029
1472709600000,0.035
1472713200000,0.041
1472716800000,0.059
1472720400000,0.066
1472724000000,0.07
1472727600000,0.074
1472731200000,0.072
1472734800000,0.06
1472738400000,0.054
1472742000000,0.05
1472745600000,0.055
1472749200000,0.076
1472752800000,0.09
1472756400000,0.093
1472760000000,0.096
1472763600000,0.102
1472767200000,0.088
1472770800000,0.059
1472774400000,0.051
1472778000000,0.047
1472781600000,0.045
1472785200000,0.045
1472788800000,0.056
1472792400000,0.072
1472796000000,0.078
1472799600000,0.075
1472803200000,0.072
1472806800000,0.079
1472810400000,0.088
1472814000000,0.093
1472817600000,0.09
1472821200000,0.093
1472824800000,0.105
1472828400000,0.104
1472832000000,0.102
1472835600000,0.106
1472839200000,0.108
1472842800000,0.11
1472846400000,0.117
1472850000000,0.123
1472853600000,0.119
1472857200000,0.099
1472860800000,0.123
1472864400000,0.144
1472868000000,0.161
1472871600000,0.186
1472875200000,0.216
1472878800000,0.233
1472882400000,0.206
1472886000000,0.15
1472889600000,0.101
1472893200000,0.073
1472896800000,0.058
1472900400000,0.041
1472904000000,0.032
1472907600000,0.012
1472911200000,0.002
1472914800000,0.003
1472918400000,0.013
1472922000000,0.028
1472925600000,0.044
1472929200000,0.067
1472932800000,0.094
1472936400000,0.126
1472940000000,0.133
1472943600000,0.112
1472947200000,0.117
1472950800000,0.118
1472954400000,0.114
1472958000000,0.115
1472961600000,0.119
1472965200000,0.128
1472968800000,0.144
1472972400000,0.172
1472976000000,0.189
1472979600000,0.19
1472983200000,0.194
1472986800000,0.178
1472990400000,0.152
1472994000000,0.135
1472997600000,0.128
1473001200000,0.126
1473004800000,0.132
1473008400000,0.137
1473012000000,0.135
1473015600000,0.125
1473019200000,0.117
1473022800000,0.101
1473026400000,0.068
1473030000000,0.039
1473033600000,0.025
1473037200000,0.015
1473040800000,0.007
1473044400000,0.004
1473048000000,0.002
1473051600000,0.001
1473055200000,0.001
1473058800000,0.001
1473062400000,0.0
1473066000000,0.001
1473069600000,0.002
1473073200000,0.005
1473076800000,0.008
1473080400000,0.011
1473084000000,0.018
1473087600000,0.026
1473091200000,0.033
1473094800000,0.034
1473098400000,0.029
1473102000000,0.02
1473105600000,0.014
1473109200000,0.014
1473112800000,0.011
1473116400000,0.004
1473120000000,0.0
1473123600000,0.0
1473127200000,0.0
1473130800000,0.0
1473134400000,0.0
1473138000000,0.0
1473141600000,0.0
1473145200000,0.0
1473148800000,0.0
1473152400000,0.0
1473156000000,0.0
1473159600000,0.0
1473163200000,0.0
1473166800000,0.0
1473170400000,0.0
1473174000000,0.002
1473177600000,0.006
1473181200000,0.015
1473184800000,0.031
1473188400000,0.046
1473192000000,0.059
1473195600000,0.058
1473199200000,0.045
1473202800000,0.026
1473206400000,0.008
1473210000000,0.002
1473213600000,0.0
1473217200000,0.0
1473220800000,0.0
1473224400000,0.001
1473228000000,0.002
1473231600000,0.005
1473235200000,0.012
1473238800000,0.015
1473242400000,0.019
1473246000000,0.024
1473249600000,0.027
1473253200000,0.033
1473256800000,0.046
1473260400000,0.067
1473264000000,0.096
1473267600000,0.129
1473271200000,0.146
1473274800000,0.156
1473278400000,0.173
1473282000000,0.163
1473285600000,0.135
1473289200000,0.078
1473292800000,0.053
1473296400000,0.027
1473300000000,0.014
1473303600000,0.013
1473307200000,0.013
1473310800000,0.008
1473314400000,0.009
1473318000000,0.019
1473321600000,0.031
1473325200000,0.024
1473328800000,0.015
1473332400000,0.007
1473336000000,0.003
1473339600000,0.002
1473343200000,0.001
1473346800000,0.003
1473350400000,0.009
1473354000000,0.019
1473357600000,0.031
1473361200000,0.042
1473364800000,0.05
1473368400000,0.039
1473372000000,0.022
1473375600000,0.008
1473379200000,0.002
1473382800000,0.0
1473386400000,0.002
1473390000000,0.01
1473393600000,0.02
1473397200000,0.037
1473400800000,0.062
1473404400000,0.089
1473408000000,0.104
1473411600000,0.118
1473415200000,0.134
1473418800000,0.144
1473422400000,0.156
1473426000000,0.172
1473429600000,0.192
1473433200000,0.2
1473436800000,0.184
1473440400000,0.166
1473444000000,0.16
1473447600000,0.17
1473451200000,0.168
1473454800000,0.148
1473458400000,0.132
1473462000000,0.127
1473465600000,0.148
1473469200000,0.167
1473472800000,0.165
1473476400000,0.162
1473480000000,0.156
1473483600000,0.142
1473487200000,0.133
1473490800000,0.119
1473494400000,0.113
1473498000000,0.103
1473501600000,0.099
1473505200000,0.087
1473508800000,0.085
1473512400000,0.101
1473516000000,0.133
1473519600000,0.16
1473523200000,0.172
1473526800000,0.169
1473530400000,0.146
1473534000000,0.133
1473537600000,0.135
1473541200000,0.142
1473544800000,0.132
1473548400000,0.119
1473552000000,0.118
1473555600000,0.125
1473559200000,0.147
1473562800000,0.169
1473566400000,0.167
1473570000000,0.162
1473573600000,0.163
1473577200000,0.165
1473580800000,0.162
1473584400000,0.153
1473588000000,0.17
1473591600000,0.182
1473595200000,0.183
1473598800000,0.192
1473602400000,0.195
1473606000000,0.188
1473609600000,0.172
1473613200000,0.157
1473616800000,0.135
1473620400000,0.124
1473624000000,0.115
1473627600000,0.109
1473631200000,0.103
1473634800000,0.082
1473638400000,0.064
1473642000000,0.042
1473645600000,0.028
1473649200000,0.025
1473652800000,0.03
1473656400000,0.04
1473660000000,0.054
1473663600000,0.067
1473667200000,0.079
1473670800000,0.091
1473674400000,0.102
1473678000000,0.111
1473681600000,0.115
1473685200000,0.104
1473688800000,0.095
1473692400000,0.101
1473696000000,0.119
1473699600000,0.151
1473703200000,0.184
1473706800000,0.217
1473710400000,0.241
1473714000000,0.233
1473717600000,0.193
1473721200000,0.157
1473724800000,0.174
1473728400000,0.183
1473732000000,0.186
1473735600000,0.201
1473739200000,0.21
1473742800000,0.22
1473746400000,0.236
1473750000000,0.227
1473753600000,0.181
1473757200000,0.123
1473760800000,0.107
1473764400000,0.092
1473768000000,0.086
1473771600000,0.082
1473775200000,0.093
1473778800000,0.144
1473782400000,0.232
1473786000000,0.292
1473789600000,0.292
1473793200000,0.298
1473796800000,0.274
1473800400000,0.232
1473804000000,0.246
1473807600000,0.218
1473811200000,0.223
1473814800000,0.277
1473818400000,0.321
1473822000000,0.365
1473825600000,0.395
1473829200000,0.376
1473832800000,0.304
1473836400000,0.211
1473840000000,0.151
1473843600000,0.121
1473847200000,0.093
1473850800000,0.067
1473854400000,0.049
1473858000000,0.034
1473861600000,0.028
1473865200000,0.035
1473868800000,0.052
1473872400000,0.076
1473876000000,0.101
1473879600000,0.127
1473883200000,0.155
1473886800000,0.175
1473890400000,0.168
1473894000000,0.138
1473897600000,0.178
1473901200000,0.223
1473904800000,0.28
1473908400000,0.347
1473912000000,0.419
1473915600000,0.472
1473919200000,0.484
1473922800000,0.441
1473926400000,0.341
1473930000000,0.28
1473933600000,0.274
1473937200000,0.263
1473940800000,0.278
1473944400000,0.326
1473948000000,0.341
1473951600000,0.341
1473955200000,0.351
1473958800000,0.351
1473962400000,0.343
1473966000000,0.346
1473969600000,0.342
1473973200000,0.328
1473976800000,0.295
1473980400000,0.324
1473984000000,0.476
1473987600000,0.558
1473991200000,0.583
1473994800000,0.612
1473998400000,0.642
1474002000000,0.644
1474005600000,0.603
1474009200000,0.512
1474012800000,0.387
1474016400000,0.325
1474020000000,0.295
1474023600000,0.295
1474027200000,0.306
1474030800000,0.323
1474034400000,0.345
1474038000000,0.35
1474041600000,0.336
1474045200000,0.334
1474048800000,0.341
1474052400000,0.347
1474056000000,0.338
1474059600000,0.337
1474063200000,0.282
1474066800000,0.315
1474070400000,0.434
1474074000000,0.489
1474077600000,0.513
1474081200000,0.54
1474084800000,0.565
1474088400000,0.562
1474092000000,0.521
1474095600000,0.425
1474099200000,0.286
1474102800000,0.196
1474106400000,0.181
1474110000000,0.174
1474113600000,0.173
1474117200000,0.188
1474120800000,0.205
1474124400000,0.183
1474128000000,0.144
1474131600000,0.119
1474135200000,0.107
1474138800000,0.105
1474142400000,0.11
1474146000000,0.115
1474149600000,0.111
1474153200000,0.093
1474156800000,0.102
1474160400000,0.13
1474164000000,0.155
1474167600000,0.181
1474171200000,0.209
1474174800000,0.225
1474178400000,0.231
1474182000000,0.219
1474185600000,0.185
1474189200000,0.148
1474192800000,0.139
1474196400000,0.133
1474200000000,0.127
1474203600000,0.124
1474207200000,0.129
1474210800000,0.135
1474214400000,0.138
1474218000000,0.137
1474221600000,0.125
1474225200000,0.113
1474228800000,0.11
1474232400000,0.111
1474236000000,0.104
1474239600000,0.082
1474243200000,0.085
1474246800000,0.1
1474250400000,0.118
1474254000000,0.139
1474257600000,0.152
1474261200000,0.137
1474264800000,0.12
1474268400000,0.115
1474272000000,0.121
1474275600000,0.12
1474279200000,0.123
1474282800000,0.11
1474286400000,0.091
1474290000000,0.074
1474293600000,0.062
1474297200000,0.059
1474300800000,0.059
1474304400000,0.057
1474308000000,0.049
1474311600000,0.04
1474315200000,0.03
1474318800000,0.015
1474322400000,0.008
1474326000000,0.005
1474329600000,0.006
1474333200000,0.015
1474336800000,0.031
1474340400000,0.03
1474344000000,0.016
1474347600000,0.006
1474351200000,0.002
1474354800000,0.001
1474358400000,0.001
1474362000000,0.001
1474365600000,0.0
1474369200000,0.0
1474372800000,0.0
1474376400000,0.0
1474380000000,0.0
1474383600000,0.001
1474387200000,0.001
1474390800000,0.001
1474394400000,0.0
1474398000000,0.0
1474401600000,0.0
1474405200000,0.0
1474408800000,0.0
1474412400000,0.0
1474416000000,0.0
1474419600000,0.002
1474423200000,0.003
1474426800000,0.006
1474430400000,0.01
1474434000000,0.014
1474437600000,0.017
1474441200000,0.018
1474444800000,0.02
1474448400000,0.02
1474452000000,0.017
1474455600000,0.014
1474459200000,0.012
1474462800000,0.01
1474466400000,0.006
1474470000000,0.004
1474473600000,0.004
1474477200000,0.005
1474480800000,0.007
1474484400000,0.02
1474488000000,0.04
1474491600000,0.042
1474495200000,0.03
1474498800000,0.02
1474502400000,0.009
1474506000000,0.002
1474509600000,0.0
1474513200000,0.0
1474516800000,0.0
1474520400000,0.001
1474524000000,0.006
1474527600000,0.015
1474531200000,0.022
1474534800000,0.026
1474538400000,0.029
1474542000000,0.032
1474545600000,0.033
1474549200000,0.025
1474552800000,0.019
1474556400000,0.014
1474560000000,0.01
1474563600000,0.007
1474567200000,0.007
1474570800000,0.007
1474574400000,0.013
1474578000000,0.02
1474581600000,0.015
1474585200000,0.007
1474588800000,0.002
1474592400000,0.0
1474596000000,0.0
1474599600000,0.001
1474603200000,0.008
1474606800000,0.025
1474610400000,0.045
1474614000000,0.061
1474617600000,0.075
1474621200000,0.084
1474624800000,0.077
1474628400000,0.067
1474632000000,0.063
1474635600000,0.072
1474639200000,0.084
1474642800000,0.074
1474646400000,0.043
1474650000000,0.035
1474653600000,0.06
1474657200000,0.106
1474660800000,0.133
1474664400000,0.103
1474668000000,0.057
1474671600000,0.03
1474675200000,0.031
1474678800000,0.031
1474682400000,0.032
1474686000000,0.041
1474689600000,0.057
1474693200000,0.073
1474696800000,0.075
1474700400000,0.062
1474704000000,0.054
1474707600000,0.042
1474711200000,0.036
1474714800000,0.034
1474718400000,0.035
1474722000000,0.037
1474725600000,0.043
1474729200000,0.058
1474732800000,0.078
1474736400000,0.101
1474740000000,0.112
1474743600000,0.124
1474747200000,0.127
1474750800000,0.115
1474754400000,0.096
1474758000000,0.076
1474761600000,0.076
1474765200000,0.066
1474768800000,0.063
1474772400000,0.077
1474776000000,0.119
1474779600000,0.158
1474783200000,0.191
1474786800000,0.204
1474790400000,0.191
1474794000000,0.201
1474797600000,0.245
1474801200000,0.267
1474804800000,0.288
1474808400000,0.3
1474812000000,0.325
1474815600000,0.355
1474819200000,0.371
1474822800000,0.361
1474826400000,0.325
1474830000000,0.278
1474833600000,0.241
1474837200000,0.235
1474840800000,0.22
1474844400000,0.218
1474848000000,0.271
1474851600000,0.325
1474855200000,0.388
1474858800000,0.483
1474862400000,0.571
1474866000000,0.63
1474869600000,0.639
1474873200000,0.601
1474876800000,0.506
1474880400000,0.44
1474884000000,0.463
1474887600000,0.486
1474891200000,0.498
1474894800000,0.514
1474898400000,0.537
1474902000000,0.559
1474905600000,0.569
1474909200000,0.556
1474912800000,0.538
1474916400000,0.538
1474920000000,0.547
1474923600000,0.525
1474927200000,0.49
1474930800000,0.494
1474934400000,0.579
1474938000000,0.601
1474941600000,0.606
1474945200000,0.613
1474948800000,0.618
1474952400000,0.587
1474956000000,0.535
1474959600000,0.438
1474963200000,0.338
1474966800000,0.306
1474970400000,0.317
1474974000000,0.292
1474977600000,0.266
1474981200000,0.251
1474984800000,0.243
1474988400000,0.23
1474992000000,0.219
1474995600000,0.195
1474999200000,0.18
1475002800000,0.179
1475006400000,0.175
1475010000000,0.165
1475013600000,0.155
1475017200000,0.117
1475020800000,0.098
1475024400000,0.079
1475028000000,0.068
1475031600000,0.071
1475035200000,0.087
1475038800000,0.112
1475042400000,0.13
1475046000000,0.122
1475049600000,0.112
1475053200000,0.121
1475056800000,0.148
1475060400000,0.169
1475064000000,0.203
1475067600000,0.207
1475071200000,0.186
1475074800000,0.169
1475078400000,0.155
1475082000000,0.141
1475085600000,0.125
1475089200000,0.115
1475092800000,0.101
1475096400000,0.089
1475100000000,0.071
1475103600000,0.055
1475107200000,0.055
1475110800000,0.053
1475114400000,0.051
1475118000000,0.048
1475121600000,0.041
1475125200000,0.037
1475128800000,0.039
1475132400000,0.037
1475136000000,0.036
1475139600000,0.045
1475143200000,0.062
1475146800000,0.084
1475150400000,0.105
1475154000000,0.117
1475157600000,0.118
1475161200000,0.11
1475164800000,0.103
1475168400000,0.093
1475172000000,0.082
1475175600000,0.072
1475179200000,0.065
1475182800000,0.049
1475186400000,0.03
1475190000000,0.013
1475193600000,0.005
1475197200000,0.005
1475200800000,0.013
1475204400000,0.031
1475208000000,0.054
1475211600000,0.068
1475215200000,0.069
1475218800000,0.063
1475222400000,0.06
1475226000000,0.056
1475229600000,0.051
1475233200000,0.049
1475236800000,0.052
1475240400000,0.055
1475244000000,0.062
1475247600000,0.073
1475251200000,0.084
1475254800000,0.084
1475258400000,0.08
1475262000000,0.075
1475265600000,0.068
1475269200000,0.058
1475272800000,0.039
1475276400000,0.022
1475280000000,0.014
1475283600000,0.008
1475287200000,0.006
1475290800000,0.008
1475294400000,0.014
1475298000000,0.02
1475301600000,0.022
1475305200000,0.021
1475308800000,0.024
1475312400000,0.028
1475316000000,0.04
1475319600000,0.045
1475323200000,0.041
1475326800000,0.039
1475330400000,0.05
1475334000000,0.074
1475337600000,0.101
1475341200000,0.117
1475344800000,0.12
1475348400000,0.111
1475352000000,0.094
1475355600000,0.071
1475359200000,0.053
1475362800000,0.037
1475366400000,0.033
1475370000000,0.019
1475373600000,0.012
1475377200000,0.014
1475380800000,0.021
1475384400000,0.028
1475388000000,0.032
1475391600000,0.041
1475395200000,0.048
1475398800000,0.054
1475402400000,0.055
1475406000000,0.053
1475409600000,0.052
1475413200000,0.054
1475416800000,0.061
1475420400000,0.073
1475424000000,0.082
1475427600000,0.088
1475431200000,0.097
1475434800000,0.108
1475438400000,0.114
1475442000000,0.119
1475445600000,0.121
1475449200000,0.117
1475452800000,0.135
1475456400000,0.153
1475460000000,0.17
1475463600000,0.181
1475467200000,0.195
1475470800000,0.204
1475474400000,0.192
1475478000000,0.148
1475481600000,0.113
1475485200000,0.088
1475488800000,0.086
1475492400000,0.087
1475496000000,0.093
1475499600000,0.112
1475503200000,0.144
1475506800000,0.186
1475510400000,0.211
1475514000000,0.201
1475517600000,0.17
1475521200000,0.131
1475524800000,0.114
1475528400000,0.114
1475532000000,0.111
1475535600000,0.094
1475539200000,0.108
1475542800000,0.122
1475546400000,0.138
1475550000000,0.168
1475553600000,0.203
1475557200000,0.215
1475560800000,0.202
1475564400000,0.179
1475568000000,0.15
1475571600000,0.14
1475575200000,0.171
1475578800000,0.21
1475582400000,0.226
1475586000000,0.235
1475589600000,0.241
1475593200000,0.241
1475596800000,0.255
1475600400000,0.266
1475604000000,0.291
1475607600000,0.249
1475611200000,0.227
1475614800000,0.236
1475618400000,0.205
1475622000000,0.147
1475625600000,0.144
1475629200000,0.144
1475632800000,0.138
1475636400000,0.132
1475640000000,0.128
1475643600000,0.13
1475647200000,0.127
1475650800000,0.115
1475654400000,0.101
1475658000000,0.098
1475661600000,0.108
1475665200000,0.103
1475668800000,0.091
1475672400000,0.087
1475676000000,0.093
1475679600000,0.1
1475683200000,0.126
1475686800000,0.14
1475690400000,0.146
1475694000000,0.147
1475697600000,0.16
1475701200000,0.178
1475704800000,0.191
1475708400000,0.167
1475712000000,0.172
1475715600000,0.195
1475719200000,0.216
1475722800000,0.234
1475726400000,0.234
1475730000000,0.211
1475733600000,0.177
1475737200000,0.136
1475740800000,0.104
1475744400000,0.078
1475748000000,0.064
1475751600000,0.052
1475755200000,0.037
1475758800000,0.027
1475762400000,0.027
1475766000000,0.045
1475769600000,0.076
1475773200000,0.111
1475776800000,0.135
1475780400000,0.144
1475784000000,0.146
1475787600000,0.124
1475791200000,0.087
1475794800000,0.047
1475798400000,0.028
1475802000000,0.012
1475805600000,0.006
1475809200000,0.006
1475812800000,0.009
1475816400000,0.013
1475820000000,0.018
1475823600000,0.022
1475827200000,0.024
1475830800000,0.018
1475834400000,0.013
1475838000000,0.009
1475841600000,0.009
1475845200000,0.01
1475848800000,0.012
1475852400000,0.018
1475856000000,0.022
1475859600000,0.022
1475863200000,0.018
1475866800000,0.013
1475870400000,0.008
1475874000000,0.005
1475877600000,0.003
1475881200000,0.001
1475884800000,0.0
1475888400000,0.0
1475892000000,0.0
1475895600000,0.001
1475899200000,0.001
1475902800000,0.002
1475906400000,0.003
1475910000000,0.004
1475913600000,0.005
1475917200000,0.006
1475920800000,0.005
1475924400000,0.005
1475928000000,0.005
1475931600000,0.005
1475935200000,0.006
1475938800000,0.009
1475942400000,0.014
1475946000000,0.021
1475949600000,0.026
1475953200000,0.024
1475956800000,0.018
1475960400000,0.016
1475964000000,0.017
1475967600000,0.015
1475971200000,0.01
1475974800000,0.005
1475978400000,0.005
1475982000000,0.008
1475985600000,0.011
1475989200000,0.012
1475992800000,0.015
1475996400000,0.017
1476000000000,0.024
1476003600000,0.035
1476007200000,0.045
1476010800000,0.058
1476014400000,0.068
1476018000000,0.076
1476021600000,0.08
1476025200000,0.078
1476028800000,0.076
1476032400000,0.084
1476036000000,0.095
1476039600000,0.103
1476043200000,0.092
1476046800000,0.061
1476050400000,0.032
1476054000000,0.017
1476057600000,0.013
1476061200000,0.012
1476064800000,0.016
1476068400000,0.025
1476072000000,0.037
1476075600000,0.046
1476079200000,0.057
1476082800000,0.066
1476086400000,0.077
1476090000000,0.082
1476093600000,0.079
1476097200000,0.07
1476100800000,0.061
1476104400000,0.057
1476108000000,0.058
1476111600000,0.073
1476115200000,0.095
1476118800000,0.105
1476122400000,0.106
1476126000000,0.101
1476129600000,0.091
1476133200000,0.061
1476136800000,0.022
1476140400000,0.007
1476144000000,0.004
1476147600000,0.0
1476151200000,0.0
1476154800000,0.0
1476158400000,0.0
1476162000000,0.0
1476165600000,0.001
1476169200000,0.001
1476172800000,0.002
1476176400000,0.002
1476180000000,0.001
1476183600000,0.001
1476187200000,0.002
1476190800000,0.004
1476194400000,0.006
1476198000000,0.012
1476201600000,0.019
1476205200000,0.022
1476208800000,0.027
1476212400000,0.036
1476216000000,0.045
1476219600000,0.048
1476223200000,0.043
1476226800000,0.031
1476230400000,0.027
1476234000000,0.025
1476237600000,0.029
1476241200000,0.041
1476244800000,0.058
1476248400000,0.076
1476252000000,0.087
1476255600000,0.094
1476259200000,0.1
1476262800000,0.106
1476266400000,0.122
1476270000000,0.133
1476273600000,0.129
1476277200000,0.103
1476280800000,0.063
1476284400000,0.043
1476288000000,0.042
1476291600000,0.05
1476295200000,0.054
1476298800000,0.055
1476302400000,0.054
1476306000000,0.043
1476309600000,0.026
1476313200000,0.011
1476316800000,0.006
1476320400000,0.004
1476324000000,0.004
1476327600000,0.008
1476331200000,0.014
1476334800000,0.012
1476338400000,0.011
1476342000000,0.014
1476345600000,0.024
1476349200000,0.031
1476352800000,0.036
1476356400000,0.042
1476360000000,0.052
1476363600000,0.061
1476367200000,0.068
1476370800000,0.088
1476374400000,0.112
1476378000000,0.133
1476381600000,0.148
1476385200000,0.152
1476388800000,0.142
1476392400000,0.115
1476396000000,0.102
1476399600000,0.103
1476403200000,0.124
1476406800000,0.096
1476410400000,0.105
1476414000000,0.137
1476417600000,0.159
1476421200000,0.187
1476424800000,0.229
1476428400000,0.254
1476432000000,0.303
1476435600000,0.445
1476439200000,0.533
1476442800000,0.519
1476446400000,0.484
1476450000000,0.494
1476453600000,0.501
1476457200000,0.522
1476460800000,0.521
1476464400000,0.501
1476468000000,0.528
1476471600000,0.594
1476475200000,0.552
1476478800000,0.556
1476482400000,0.571
1476486000000,0.601
1476489600000,0.635
1476493200000,0.713
1476496800000,0.723
1476500400000,0.763
1476504000000,0.786
1476507600000,0.775
1476511200000,0.732
1476514800000,0.656
1476518400000,0.584
1476522000000,0.544
1476525600000,0.513
1476529200000,0.503
1476532800000,0.481
1476536400000,0.513
1476540000000,0.53
1476543600000,0.547
1476547200000,0.574
1476550800000,0.581
1476554400000,0.563
1476558000000,0.535
1476561600000,0.484
1476565200000,0.413
1476568800000,0.395
1476572400000,0.317
1476576000000,0.307
1476579600000,0.403
1476583200000,0.464
1476586800000,0.501
1476590400000,0.513
1476594000000,0.51
1476597600000,0.476
1476601200000,0.374
1476604800000,0.227
1476608400000,0.155
1476612000000,0.131
1476615600000,0.116
1476619200000,0.111
1476622800000,0.116
1476626400000,0.119
1476630000000,0.112
1476633600000,0.086
1476637200000,0.061
1476640800000,0.045
1476644400000,0.035
1476648000000,0.029
1476651600000,0.029
1476655200000,0.029
1476658800000,0.026
1476662400000,0.029
1476666000000,0.029
1476669600000,0.034
1476673200000,0.044
1476676800000,0.057
1476680400000,0.072
1476684000000,0.086
1476687600000,0.099
1476691200000,0.093
1476694800000,0.074
1476698400000,0.061
1476702000000,0.046
1476705600000,0.028
1476709200000,0.021
1476712800000,0.021
1476716400000,0.022
1476720000000,0.025
1476723600000,0.027
1476727200000,0.028
1476730800000,0.024
1476734400000,0.02
1476738000000,0.016
1476741600000,0.016
1476745200000,0.018
1476748800000,0.028
1476752400000,0.035
1476756000000,0.039
1476759600000,0.049
1476763200000,0.068
1476766800000,0.095
1476770400000,0.118
1476774000000,0.132
1476777600000,0.124
1476781200000,0.095
1476784800000,0.095
1476788400000,0.086
1476792000000,0.083
1476795600000,0.084
1476799200000,0.065
1476802800000,0.046
1476806400000,0.052
1476810000000,0.093
1476813600000,0.155
1476817200000,0.211
1476820800000,0.251
1476824400000,0.284
1476828000000,0.243
1476831600000,0.2
1476835200000,0.289
1476838800000,0.433
1476842400000,0.551
1476846000000,0.638
1476849600000,0.674
1476853200000,0.633
1476856800000,0.574
1476860400000,0.487
1476864000000,0.42
1476867600000,0.431
1476871200000,0.464
1476874800000,0.464
1476878400000,0.488
1476882000000,0.524
1476885600000,0.541
1476889200000,0.528
1476892800000,0.532
1476896400000,0.568
1476900000000,0.558
1476903600000,0.518
1476907200000,0.459
1476910800000,0.395
1476914400000,0.359
1476918000000,0.289
1476921600000,0.316
1476925200000,0.422
1476928800000,0.464
1476932400000,0.484
1476936000000,0.481
1476939600000,0.478
1476943200000,0.443
1476946800000,0.364
1476950400000,0.251
1476954000000,0.187
1476957600000,0.176
1476961200000,0.166
1476964800000,0.135
1476968400000,0.11
1476972000000,0.085
1476975600000,0.07
1476979200000,0.056
1476982800000,0.045
1476986400000,0.043
1476990000000,0.035
1476993600000,0.025
1476997200000,0.021
1477000800000,0.023
1477004400000,0.02
1477008000000,0.021
1477011600000,0.018
1477015200000,0.016
1477018800000,0.018
1477022400000,0.019
1477026000000,0.018
1477029600000,0.014
1477033200000,0.01
1477036800000,0.006
1477040400000,0.004
1477044000000,0.002
1477047600000,0.001
1477051200000,0.001
1477054800000,0.001
1477058400000,0.001
1477062000000,0.001
1477065600000,0.002
1477069200000,0.001
1477072800000,0.001
1477076400000,0.0
1477080000000,0.0
1477083600000,0.0
1477087200000,0.0
1477090800000,0.001
1477094400000,0.007
1477098000000,0.008
1477101600000,0.006
1477105200000,0.005
1477108800000,0.005
1477112400000,0.006
1477116000000,0.009
1477119600000,0.013
1477123200000,0.017
1477126800000,0.016
1477130400000,0.01
1477134000000,0.005
1477137600000,0.002
1477141200000,0.001
1477144800000,0.001
1477148400000,0.0
1477152000000,0.001
1477155600000,0.006
1477159200000,0.034
1477162800000,0.067
1477166400000,0.068
1477170000000,0.055
1477173600000,0.05
1477177200000,0.048
1477180800000,0.058
1477184400000,0.057
1477188000000,0.049
1477191600000,0.035
1477195200000,0.017
1477198800000,0.006
1477202400000,0.002
1477206000000,0.0
1477209600000,0.0
1477213200000,0.002
1477216800000,0.014
1477220400000,0.033
1477224000000,0.045
1477227600000,0.053
1477231200000,0.066
1477234800000,0.092
1477238400000,0.11
1477242000000,0.125
1477245600000,0.162
1477249200000,0.203
1477252800000,0.235
1477256400000,0.237
1477260000000,0.22
1477263600000,0.167
1477267200000,0.13
1477270800000,0.086
1477274400000,0.049
1477278000000,0.039
1477281600000,0.045
1477285200000,0.059
1477288800000,0.082
1477292400000,0.103
1477296000000,0.121
1477299600000,0.131
1477303200000,0.133
1477306800000,0.135
1477310400000,0.142
1477314000000,0.156
1477317600000,0.192
1477321200000,0.236
1477324800000,0.267
1477328400000,0.286
1477332000000,0.314
1477335600000,0.326
1477339200000,0.324
1477342800000,0.314
1477346400000,0.277
1477350000000,0.227
1477353600000,0.239
1477357200000,0.236
1477360800000,0.233
1477364400000,0.227
1477368000000,0.222
1477371600000,0.217
1477375200000,0.206
1477378800000,0.185
1477382400000,0.157
1477386000000,0.163
1477389600000,0.188
1477393200000,0.217
1477396800000,0.252
1477400400000,0.287
1477404000000,0.314
1477407600000,0.323
1477411200000,0.334
1477414800000,0.343
1477418400000,0.33
1477422000000,0.31
1477425600000,0.291
1477429200000,0.264
1477432800000,0.221
1477436400000,0.155
1477440000000,0.147
1477443600000,0.141
1477447200000,0.149
1477450800000,0.162
1477454400000,0.164
1477458000000,0.149
1477461600000,0.128
1477465200000,0.099
1477468800000,0.078
1477472400000,0.057
1477476000000,0.053
1477479600000,0.06
1477483200000,0.066
1477486800000,0.058
1477490400000,0.063
1477494000000,0.084
1477497600000,0.102
1477501200000,0.11
1477504800000,0.123
1477508400000,0.141
1477512000000,0.156
1477515600000,0.156
1477519200000,0.146
1477522800000,0.135
1477526400000,0.158
1477530000000,0.17
1477533600000,0.179
1477537200000,0.194
1477540800000,0.208
1477544400000,0.22
1477548000000,0.233
1477551600000,0.23
1477555200000,0.179
1477558800000,0.117
1477562400000,0.094
1477566000000,0.187
1477569600000,0.302
1477573200000,0.281
1477576800000,0.274
1477580400000,0.271
1477584000000,0.245
1477587600000,0.235
1477591200000,0.233
1477594800000,0.234
1477598400000,0.297
1477602000000,0.349
1477605600000,0.37
1477609200000,0.345
1477612800000,0.369
1477616400000,0.377
1477620000000,0.308
1477623600000,0.257
1477627200000,0.241
1477630800000,0.225
1477634400000,0.215
1477638000000,0.183
1477641600000,0.158
1477645200000,0.175
1477648800000,0.171
1477652400000,0.182
1477656000000,0.223
1477659600000,0.253
1477663200000,0.293
1477666800000,0.339
1477670400000,0.351
1477674000000,0.347
1477677600000,0.33
1477681200000,0.303
1477684800000,0.285
1477688400000,0.271
1477692000000,0.245
1477695600000,0.206
1477699200000,0.221
1477702800000,0.231
1477706400000,0.225
1477710000000,0.217
1477713600000,0.209
1477717200000,0.2
1477720800000,0.183
1477724400000,0.158
1477728000000,0.142
1477731600000,0.162
1477735200000,0.191
1477738800000,0.206
1477742400000,0.249
1477746000000,0.266
1477749600000,0.297
1477753200000,0.32
1477756800000,0.294
1477760400000,0.262
1477764000000,0.233
1477767600000,0.234
1477771200000,0.235
1477774800000,0.213
1477778400000,0.204
1477782000000,0.187
1477785600000,0.217
1477789200000,0.265
1477792800000,0.293
1477796400000,0.312
1477800000000,0.31
1477803600000,0.28
1477807200000,0.235
1477810800000,0.176
1477814400000,0.132
1477818000000,0.127
1477821600000,0.125
1477825200000,0.121
1477828800000,0.124
1477832400000,0.133
1477836000000,0.146
1477839600000,0.18
1477843200000,0.204
1477846800000,0.21
1477850400000,0.218
1477854000000,0.217
1477857600000,0.196
1477861200000,0.148
1477864800000,0.138
1477868400000,0.144
1477872000000,0.18
1477875600000,0.249
1477879200000,0.337
1477882800000,0.42
1477886400000,0.47
1477890000000,0.494
1477893600000,0.472
1477897200000,0.386
1477900800000,0.266
1477904400000,0.22
1477908000000,0.224
1477911600000,0.259
1477915200000,0.311
1477918800000,0.35
1477922400000,0.386
1477926000000,0.421
1477929600000,0.444
1477933200000,0.469
1477936800000,0.466
1477940400000,0.467
1477944000000,0.473
1477947600000,0.484
1477951200000,0.468
1477954800000,0.422
1477958400000,0.508
1477962000000,0.506
1477965600000,0.484
1477969200000,0.491
1477972800000,0.503
1477976400000,0.505
1477980000000,0.489
1477983600000,0.436
1477987200000,0.337
1477990800000,0.261
1477994400000,0.231
1477998000000,0.223
1478001600000,0.228
1478005200000,0.234
1478008800000,0.223
1478012400000,0.205
1478016000000,0.192
1478019600000,0.181
1478023200000,0.172
1478026800000,0.166
1478030400000,0.148
1478034000000,0.127
1478037600000,0.105
1478041200000,0.09
1478044800000,0.109
1478048400000,0.109
1478052000000,0.117
1478055600000,0.126
1478059200000,0.145
1478062800000,0.178
1478066400000,0.196
1478070000000,0.194
1478073600000,0.192
1478077200000,0.225
1478080800000,0.234
1478084400000,0.236
1478088000000,0.216
1478091600000,0.137
1478095200000,0.082
1478098800000,0.056
1478102400000,0.054
1478106000000,0.06
1478109600000,0.063
1478113200000,0.063
1478116800000,0.064
1478120400000,0.07
1478124000000,0.069
1478127600000,0.067
1478131200000,0.087
1478134800000,0.12
1478138400000,0.133
1478142000000,0.117
1478145600000,0.097
1478149200000,0.075
1478152800000,0.055
1478156400000,0.035
1478160000000,0.027
1478163600000,0.028
1478167200000,0.021
1478170800000,0.011
1478174400000,0.006
1478178000000,0.004
1478181600000,0.005
1478185200000,0.01
1478188800000,0.021
1478192400000,0.031
1478196000000,0.035
1478199600000,0.03
1478203200000,0.022
1478206800000,0.012
1478210400000,0.015
1478214000000,0.022
1478217600000,0.035
1478221200000,0.063
1478224800000,0.119
1478228400000,0.167
1478232000000,0.201
1478235600000,0.208
1478239200000,0.18
1478242800000,0.143
1478246400000,0.115
1478250000000,0.094
1478253600000,0.085
1478257200000,0.088
1478260800000,0.105
1478264400000,0.118
1478268000000,0.144
1478271600000,0.187
1478275200000,0.245
1478278800000,0.297
1478282400000,0.324
1478286000000,0.274
1478289600000,0.22
1478293200000,0.189
1478296800000,0.158
1478300400000,0.127
1478304000000,0.119
1478307600000,0.13
1478311200000,0.171
1478314800000,0.202
1478318400000,0.2
1478322000000,0.179
1478325600000,0.149
1478329200000,0.117
1478332800000,0.088
1478336400000,0.085
1478340000000,0.093
1478343600000,0.107
1478347200000,0.123
1478350800000,0.154
1478354400000,0.201
1478358000000,0.231
1478361600000,0.236
1478365200000,0.213
1478368800000,0.204
1478372400000,0.204
1478376000000,0.225
1478379600000,0.243
1478383200000,0.236
1478386800000,0.221
1478390400000,0.255
1478394000000,0.241
1478397600000,0.203
1478401200000,0.192
1478404800000,0.192
1478408400000,0.199
1478412000000,0.183
1478415600000,0.158
1478419200000,0.133
1478422800000,0.105
1478426400000,0.09
1478430000000,0.09
1478433600000,0.119
1478437200000,0.18
1478440800000,0.249
1478444400000,0.292
1478448000000,0.313
1478451600000,0.361
1478455200000,0.401
1478458800000,0.432
1478462400000,0.442
1478466000000,0.437
1478469600000,0.41
1478473200000,0.341
1478476800000,0.368
1478480400000,0.386
1478484000000,0.378
1478487600000,0.348
1478491200000,0.315
1478494800000,0.294
1478498400000,0.282
1478502000000,0.273
1478505600000,0.235
1478509200000,0.231
1478512800000,0.284
1478516400000,0.36
1478520000000,0.422
1478523600000,0.488
1478527200000,0.494
1478530800000,0.489
1478534400000,0.516
1478538000000,0.541
1478541600000,0.574
1478545200000,0.601
1478548800000,0.612
1478552400000,0.607
1478556000000,0.574
1478559600000,0.5
1478563200000,0.58
1478566800000,0.622
1478570400000,0.635
1478574000000,0.629
1478577600000,0.599
1478581200000,0.565
1478584800000,0.527
1478588400000,0.481
1478592000000,0.395
1478595600000,0.391
1478599200000,0.454
1478602800000,0.523
1478606400000,0.559
1478610000000,0.583
1478613600000,0.61
1478617200000,0.625
1478620800000,0.642
1478624400000,0.685
1478628000000,0.693
1478631600000,0.685
1478635200000,0.666
1478638800000,0.644
1478642400000,0.639
1478646000000,0.585
1478649600000,0.606
1478653200000,0.635
1478656800000,0.59
1478660400000,0.522
1478664000000,0.462
1478667600000,0.413
1478671200000,0.363
1478674800000,0.31
1478678400000,0.245
1478682000000,0.204
1478685600000,0.217
1478689200000,0.258
1478692800000,0.306
1478696400000,0.361
1478700000000,0.378
1478703600000,0.381
1478707200000,0.39
1478710800000,0.379
1478714400000,0.361
1478718000000,0.345
1478721600000,0.342
1478725200000,0.325
1478728800000,0.294
1478732400000,0.238
1478736000000,0.249
1478739600000,0.231
1478743200000,0.201
1478746800000,0.164
1478750400000,0.134
1478754000000,0.113
1478757600000,0.095
1478761200000,0.076
1478764800000,0.057
1478768400000,0.035
1478772000000,0.018
1478775600000,0.01
1478779200000,0.006
1478782800000,0.005
1478786400000,0.005
1478790000000,0.009
1478793600000,0.01
1478797200000,0.005
1478800800000,0.001
1478804400000,0.003
1478808000000,0.02
1478811600000,0.057
1478815200000,0.1
1478818800000,0.117
1478822400000,0.155
1478826000000,0.177
1478829600000,0.175
1478833200000,0.163
1478836800000,0.159
1478840400000,0.155
1478844000000,0.152
1478847600000,0.15
1478851200000,0.147
1478854800000,0.155
1478858400000,0.159
1478862000000,0.161
1478865600000,0.158
1478869200000,0.165
1478872800000,0.208
1478876400000,0.27
1478880000000,0.305
1478883600000,0.339
1478887200000,0.343
1478890800000,0.362
1478894400000,0.391
1478898000000,0.376
1478901600000,0.332
1478905200000,0.337
1478908800000,0.442
1478912400000,0.471
1478916000000,0.433
1478919600000,0.407
1478923200000,0.398
1478926800000,0.387
1478930400000,0.386
1478934000000,0.36
1478937600000,0.285
1478941200000,0.278
1478944800000,0.371
1478948400000,0.458
1478952000000,0.486
1478955600000,0.527
1478959200000,0.57
1478962800000,0.56
1478966400000,0.552
1478970000000,0.541
1478973600000,0.54
1478977200000,0.532
1478980800000,0.515
1478984400000,0.498
1478988000000,0.463
1478991600000,0.412
1478995200000,0.471
1478998800000,0.477
1479002400000,0.437
1479006000000,0.415
1479009600000,0.382
1479013200000,0.337
1479016800000,0.291
1479020400000,0.249
1479024000000,0.186
1479027600000,0.153
1479031200000,0.184
1479034800000,0.232
1479038400000,0.294
1479042000000,0.332
1479045600000,0.338
1479049200000,0.354
1479052800000,0.391
1479056400000,0.385
1479060000000,0.337
1479063600000,0.274
1479067200000,0.211
1479070800000,0.16
1479074400000,0.121
1479078000000,0.114
1479081600000,0.157
1479085200000,0.163
1479088800000,0.153
1479092400000,0.146
1479096000000,0.141
1479099600000,0.132
1479103200000,0.121
1479106800000,0.112
1479110400000,0.094
1479114000000,0.08
1479117600000,0.069
1479121200000,0.068
1479124800000,0.079
1479128400000,0.111
1479132000000,0.155
1479135600000,0.179
1479139200000,0.175
1479142800000,0.168
1479146400000,0.153
1479150000000,0.142
1479153600000,0.144
1479157200000,0.142
1479160800000,0.13
1479164400000,0.097
1479168000000,0.084
1479171600000,0.064
1479175200000,0.045
1479178800000,0.036
1479182400000,0.038
1479186000000,0.051
1479189600000,0.068
1479193200000,0.08
1479196800000,0.086
1479200400000,0.093
1479204000000,0.089
1479207600000,0.076
1479211200000,0.062
1479214800000,0.058
1479218400000,0.069
1479222000000,0.087
1479225600000,0.112
1479229200000,0.141
1479232800000,0.161
1479236400000,0.172
1479240000000,0.191
1479243600000,0.197
1479247200000,0.172
1479250800000,0.132
1479254400000,0.11
1479258000000,0.083
1479261600000,0.068
1479265200000,0.067
1479268800000,0.08
1479272400000,0.096
1479276000000,0.112
1479279600000,0.123
1479283200000,0.129
1479286800000,0.138
1479290400000,0.152
1479294000000,0.169
1479297600000,0.195
1479301200000,0.225
1479304800000,0.267
1479308400000,0.287
1479312000000,0.277
1479315600000,0.278
1479319200000,0.303
1479322800000,0.264
1479326400000,0.232
1479330000000,0.216
1479333600000,0.22
1479337200000,0.22
1479340800000,0.277
1479344400000,0.378
1479348000000,0.423
1479351600000,0.411
1479355200000,0.388
1479358800000,0.352
1479362400000,0.291
1479366000000,0.231
1479369600000,0.207
1479373200000,0.245
1479376800000,0.271
1479380400000,0.268
1479384000000,0.245
1479387600000,0.235
1479391200000,0.227
1479394800000,0.227
1479398400000,0.235
1479402000000,0.256
1479405600000,0.298
1479409200000,0.338
1479412800000,0.381
1479416400000,0.403
1479420000000,0.37
1479423600000,0.355
1479427200000,0.341
1479430800000,0.406
1479434400000,0.451
1479438000000,0.466
1479441600000,0.466
1479445200000,0.452
1479448800000,0.422
1479452400000,0.318
1479456000000,0.277
1479459600000,0.256
1479463200000,0.22
1479466800000,0.232
1479470400000,0.248
1479474000000,0.233
1479477600000,0.188
1479481200000,0.137
1479484800000,0.095
1479488400000,0.074
1479492000000,0.099
1479495600000,0.176
1479499200000,0.264
1479502800000,0.315
1479506400000,0.296
1479510000000,0.239
1479513600000,0.205
1479517200000,0.27
1479520800000,0.3
1479524400000,0.31
1479528000000,0.308
1479531600000,0.305
1479535200000,0.275
1479538800000,0.23
1479542400000,0.223
1479546000000,0.253
1479549600000,0.254
1479553200000,0.238
1479556800000,0.241
1479560400000,0.244
1479564000000,0.245
1479567600000,0.249
1479571200000,0.256
1479574800000,0.266
1479578400000,0.273
1479582000000,0.274
1479585600000,0.286
1479589200000,0.312
1479592800000,0.337
1479596400000,0.32
1479600000000,0.374
1479603600000,0.47
1479607200000,0.484
1479610800000,0.47
1479614400000,0.433
1479618000000,0.375
1479621600000,0.311
1479625200000,0.243
1479628800000,0.158
1479632400000,0.133
1479636000000,0.148
1479639600000,0.193
1479643200000,0.214
1479646800000,0.222
1479650400000,0.252
1479654000000,0.323
1479657600000,0.402
1479661200000,0.434
1479664800000,0.438
1479668400000,0.473
1479672000000,0.494
1479675600000,0.497
1479679200000,0.491
1479682800000,0.459
1479686400000,0.525
1479690000000,0.538
1479693600000,0.538
1479697200000,0.534
1479700800000,0.522
1479704400000,0.51
1479708000000,0.494
1479711600000,0.444
1479715200000,0.305
1479718800000,0.223
1479722400000,0.231
1479726000000,0.25
1479729600000,0.291
1479733200000,0.344
1479736800000,0.369
1479740400000,0.382
1479744000000,0.374
1479747600000,0.364
1479751200000,0.354
1479754800000,0.345
1479758400000,0.337
1479762000000,0.329
1479765600000,0.295
1479769200000,0.26
1479772800000,0.311
1479776400000,0.322
1479780000000,0.331
1479783600000,0.341
1479787200000,0.364
1479790800000,0.376
1479794400000,0.37
1479798000000,0.347
1479801600000,0.264
1479805200000,0.219
1479808800000,0.194
1479812400000,0.17
1479816000000,0.175
1479819600000,0.219
1479823200000,0.303
1479826800000,0.394
1479830400000,0.415
1479834000000,0.383
1479837600000,0.366
1479841200000,0.365
1479844800000,0.4
1479848400000,0.431
1479852000000,0.442
1479855600000,0.352
1479859200000,0.447
1479862800000,0.541
1479866400000,0.556
1479870000000,0.566
1479873600000,0.564
1479877200000,0.546
1479880800000,0.523
1479884400000,0.462
1479888000000,0.325
1479891600000,0.259
1479895200000,0.3
1479898800000,0.376
1479902400000,0.453
1479906000000,0.503
1479909600000,0.513
1479913200000,0.494
1479916800000,0.488
1479920400000,0.484
1479924000000,0.491
1479927600000,0.506
1479931200000,0.503
1479934800000,0.513
1479938400000,0.471
1479942000000,0.349
1479945600000,0.483
1479949200000,0.578
1479952800000,0.61
1479956400000,0.61
1479960000000,0.59
1479963600000,0.568
1479967200000,0.519
1479970800000,0.431
1479974400000,0.411
1479978000000,0.41
1479981600000,0.361
1479985200000,0.286
1479988800000,0.243
1479992400000,0.251
1479996000000,0.274
1479999600000,0.338
1480003200000,0.407
1480006800000,0.416
1480010400000,0.43
1480014000000,0.51
1480017600000,0.56
1480021200000,0.46
1480024800000,0.263
1480028400000,0.102
1480032000000,0.035
1480035600000,0.113
1480039200000,0.354
1480042800000,0.377
1480046400000,0.252
1480050000000,0.22
1480053600000,0.244
1480057200000,0.302
1480060800000,0.422
1480064400000,0.488
1480068000000,0.474
1480071600000,0.43
1480075200000,0.379
1480078800000,0.3
1480082400000,0.261
1480086000000,0.246
1480089600000,0.225
1480093200000,0.212
1480096800000,0.202
1480100400000,0.207
1480104000000,0.233
1480107600000,0.242
1480111200000,0.211
1480114800000,0.147
1480118400000,0.116
1480122000000,0.118
1480125600000,0.1
1480129200000,0.095
1480132800000,0.103
1480136400000,0.118
1480140000000,0.127
1480143600000,0.132
1480147200000,0.123
1480150800000,0.088
1480154400000,0.054
1480158000000,0.025
1480161600000,0.008
1480165200000,0.001
1480168800000,0.0
1480172400000,0.0
1480176000000,0.002
1480179600000,0.008
1480183200000,0.01
1480186800000,0.011
1480190400000,0.015
1480194000000,0.022
1480197600000,0.027
1480201200000,0.025
1480204800000,0.028
1480208400000,0.022
1480212000000,0.016
1480215600000,0.014
1480219200000,0.014
1480222800000,0.017
1480226400000,0.025
1480230000000,0.038
1480233600000,0.056
1480237200000,0.066
1480240800000,0.066
1480244400000,0.055
1480248000000,0.042
1480251600000,0.03
1480255200000,0.022
1480258800000,0.021
1480262400000,0.022
1480266000000,0.024
1480269600000,0.032
1480273200000,0.05
1480276800000,0.071
1480280400000,0.079
1480284000000,0.076
1480287600000,0.059
1480291200000,0.069
1480294800000,0.078
1480298400000,0.097
1480302000000,0.122
1480305600000,0.153
1480309200000,0.185
1480312800000,0.217
1480316400000,0.236
1480320000000,0.22
1480323600000,0.225
1480327200000,0.294
1480330800000,0.42
1480334400000,0.469
1480338000000,0.452
1480341600000,0.426
1480345200000,0.451
1480348800000,0.456
1480352400000,0.454
1480356000000,0.439
1480359600000,0.401
1480363200000,0.355
1480366800000,0.305
1480370400000,0.284
1480374000000,0.289
1480377600000,0.404
1480381200000,0.471
1480384800000,0.489
1480388400000,0.46
1480392000000,0.414
1480395600000,0.36
1480399200000,0.287
1480402800000,0.212
1480406400000,0.183
1480410000000,0.238
1480413600000,0.323
1480417200000,0.414
1480420800000,0.425
1480424400000,0.389
1480428000000,0.362
1480431600000,0.367
1480435200000,0.379
1480438800000,0.39
1480442400000,0.365
1480446000000,0.357
1480449600000,0.368
1480453200000,0.359
1480456800000,0.325
1480460400000,0.281
1480464000000,0.395
1480467600000,0.504
1480471200000,0.589
1480474800000,0.615
1480478400000,0.574
1480482000000,0.484
1480485600000,0.387
1480489200000,0.263
1480492800000,0.207
1480496400000,0.254
1480500000000,0.273
1480503600000,0.36
1480507200000,0.41
1480510800000,0.427
1480514400000,0.45
1480518000000,0.452
1480521600000,0.447
1480525200000,0.449
1480528800000,0.491
1480532400000,0.504
1480536000000,0.487
1480539600000,0.506
1480543200000,0.518
1480546800000,0.5
1480550400000,0.599
1480554000000,0.683
1480557600000,0.721
1480561200000,0.728
1480564800000,0.705
1480568400000,0.665
1480572000000,0.63
1480575600000,0.552
1480579200000,0.456
1480582800000,0.478
1480586400000,0.481
1480590000000,0.535
1480593600000,0.561
1480597200000,0.561
1480600800000,0.527
1480604400000,0.519
1480608000000,0.581
1480611600000,0.644
1480615200000,0.669
1480618800000,0.629
1480622400000,0.573
1480626000000,0.494
1480629600000,0.381
1480633200000,0.268
1480636800000,0.325
1480640400000,0.422
1480644000000,0.531
1480647600000,0.605
1480651200000,0.642
1480654800000,0.646
1480658400000,0.638
1480662000000,0.592
1480665600000,0.526
1480669200000,0.503
1480672800000,0.566
1480676400000,0.615
1480680000000,0.613
1480683600000,0.611
1480687200000,0.606
1480690800000,0.615
1480694400000,0.611
1480698000000,0.636
1480701600000,0.644
1480705200000,0.628
1480708800000,0.608
1480712400000,0.57
1480716000000,0.494
1480719600000,0.395
1480723200000,0.414
1480726800000,0.369
1480730400000,0.34
1480734000000,0.4
1480737600000,0.468
1480741200000,0.457
1480744800000,0.401
1480748400000,0.325
1480752000000,0.313
1480755600000,0.344
1480759200000,0.334
1480762800000,0.305
1480766400000,0.337
1480770000000,0.413
1480773600000,0.481
1480777200000,0.491
1480780800000,0.432
1480784400000,0.355
1480788000000,0.302
1480791600000,0.256
1480795200000,0.21
1480798800000,0.191
1480802400000,0.193
1480806000000,0.156
1480809600000,0.149
1480813200000,0.099
1480816800000,0.056
1480820400000,0.045
1480824000000,0.054
1480827600000,0.061
1480831200000,0.06
1480834800000,0.05
1480838400000,0.041
1480842000000,0.032
1480845600000,0.032
1480849200000,0.047
1480852800000,0.07
1480856400000,0.086
1480860000000,0.086
1480863600000,0.076
1480867200000,0.076
1480870800000,0.099
1480874400000,0.138
1480878000000,0.171
1480881600000,0.212
1480885200000,0.247
1480888800000,0.278
1480892400000,0.248
1480896000000,0.24
1480899600000,0.298
1480903200000,0.313
1480906800000,0.306
1480910400000,0.283
1480914000000,0.249
1480917600000,0.21
1480921200000,0.164
1480924800000,0.118
1480928400000,0.088
1480932000000,0.069
1480935600000,0.064
1480939200000,0.082
1480942800000,0.13
1480946400000,0.204
1480950000000,0.272
1480953600000,0.306
1480957200000,0.317
1480960800000,0.323
1480964400000,0.376
1480968000000,0.448
1480971600000,0.425
1480975200000,0.391
1480978800000,0.337
1480982400000,0.345
1480986000000,0.358
1480989600000,0.328
1480993200000,0.305
1480996800000,0.308
1481000400000,0.343
1481004000000,0.372
1481007600000,0.327
1481011200000,0.212
1481014800000,0.186
1481018400000,0.2
1481022000000,0.222
1481025600000,0.255
1481029200000,0.279
1481032800000,0.282
1481036400000,0.284
1481040000000,0.284
1481043600000,0.255
1481047200000,0.228
1481050800000,0.214
1481054400000,0.216
1481058000000,0.211
1481061600000,0.214
1481065200000,0.185
1481068800000,0.195
1481072400000,0.177
1481076000000,0.137
1481079600000,0.109
1481083200000,0.095
1481086800000,0.089
1481090400000,0.093
1481094000000,0.112
1481097600000,0.121
1481101200000,0.118
1481104800000,0.122
1481108400000,0.145
1481112000000,0.179
1481115600000,0.201
1481119200000,0.229
1481122800000,0.227
1481126400000,0.205
1481130000000,0.199
1481133600000,0.207
1481137200000,0.22
1481140800000,0.236
1481144400000,0.219
1481148000000,0.173
1481151600000,0.126
1481155200000,0.1
1481158800000,0.075
1481162400000,0.055
1481166000000,0.057
1481169600000,0.065
1481173200000,0.072
1481176800000,0.084
1481180400000,0.098
1481184000000,0.111
1481187600000,0.122
1481191200000,0.109
1481194800000,0.076
1481198400000,0.043
1481202000000,0.028
1481205600000,0.025
1481209200000,0.026
1481212800000,0.028
1481216400000,0.028
1481220000000,0.031
1481223600000,0.036
1481227200000,0.04
1481230800000,0.041
1481234400000,0.037
1481238000000,0.025
1481241600000,0.02
1481245200000,0.007
1481248800000,0.001
1481252400000,0.0
1481256000000,0.0
1481259600000,0.0
1481263200000,0.0
1481266800000,0.001
1481270400000,0.002
1481274000000,0.003
1481277600000,0.002
1481281200000,0.001
1481284800000,0.0
1481288400000,0.0
1481292000000,0.0
1481295600000,0.0
1481299200000,0.0
1481302800000,0.0
1481306400000,0.0
1481310000000,0.0
1481313600000,0.0
1481317200000,0.0
1481320800000,0.0
1481324400000,0.0
1481328000000,0.001
1481331600000,0.004
1481335200000,0.008
1481338800000,0.007
1481342400000,0.008
1481346000000,0.01
1481349600000,0.012
1481353200000,0.011
1481356800000,0.01
1481360400000,0.012
1481364000000,0.017
1481367600000,0.017
1481371200000,0.013
1481374800000,0.009
1481378400000,0.005
1481382000000,0.002
1481385600000,0.001
1481389200000,0.001
1481392800000,0.002
1481396400000,0.002
1481400000000,0.002
1481403600000,0.001
1481407200000,0.001
1481410800000,0.001
1481414400000,0.003
1481418000000,0.006
1481421600000,0.01
1481425200000,0.013
1481428800000,0.018
1481432400000,0.022
1481436000000,0.028
1481439600000,0.039
1481443200000,0.059
1481446800000,0.089
1481450400000,0.127
1481454000000,0.159
1481457600000,0.162
1481461200000,0.149
1481464800000,0.118
1481468400000,0.084
1481472000000,0.051
1481475600000,0.039
1481479200000,0.046
1481482800000,0.061
1481486400000,0.069
1481490000000,0.058
1481493600000,0.037
1481497200000,0.017
1481500800000,0.012
1481504400000,0.006
1481508000000,0.002
1481511600000,0.001
1481515200000,0.002
1481518800000,0.004
1481522400000,0.005
1481526000000,0.007
1481529600000,0.006
1481533200000,0.004
1481536800000,0.003
1481540400000,0.003
1481544000000,0.005
1481547600000,0.007
1481551200000,0.011
1481554800000,0.018
1481558400000,0.028
1481562000000,0.047
1481565600000,0.073
1481569200000,0.095
1481572800000,0.114
1481576400000,0.109
1481580000000,0.082
1481583600000,0.04
1481587200000,0.025
1481590800000,0.016
1481594400000,0.012
1481598000000,0.02
1481601600000,0.034
1481605200000,0.037
1481608800000,0.03
1481612400000,0.017
1481616000000,0.01
1481619600000,0.005
1481623200000,0.003
1481626800000,0.003
1481630400000,0.003
1481634000000,0.001
1481637600000,0.0
1481641200000,0.0
1481644800000,0.0
1481648400000,0.0
1481652000000,0.0
1481655600000,0.0
1481659200000,0.0
1481662800000,0.0
1481666400000,0.002
1481670000000,0.007
1481673600000,0.015
1481677200000,0.023
1481680800000,0.032
1481684400000,0.036
1481688000000,0.035
1481691600000,0.029
1481695200000,0.025
1481698800000,0.022
1481702400000,0.026
1481706000000,0.029
1481709600000,0.031
1481713200000,0.028
1481716800000,0.021
1481720400000,0.014
1481724000000,0.007
1481727600000,0.003
1481731200000,0.003
1481734800000,0.002
1481738400000,0.004
1481742000000,0.008
1481745600000,0.02
1481749200000,0.039
1481752800000,0.061
1481756400000,0.069
1481760000000,0.082
1481763600000,0.092
1481767200000,0.112
1481770800000,0.144
1481774400000,0.179
1481778000000,0.218
1481781600000,0.255
1481785200000,0.285
1481788800000,0.264
1481792400000,0.269
1481796000000,0.282
1481799600000,0.295
1481803200000,0.33
1481806800000,0.363
1481810400000,0.368
1481814000000,0.334
1481817600000,0.278
1481821200000,0.208
1481824800000,0.22
1481828400000,0.311
1481832000000,0.328
1481835600000,0.264
1481839200000,0.204
1481842800000,0.13
1481846400000,0.115
1481850000000,0.129
1481853600000,0.149
1481857200000,0.186
1481860800000,0.23
1481864400000,0.282
1481868000000,0.361
1481871600000,0.423
1481875200000,0.46
1481878800000,0.516
1481882400000,0.567
1481886000000,0.637
1481889600000,0.602
1481893200000,0.501
1481896800000,0.432
1481900400000,0.479
1481904000000,0.556
1481907600000,0.638
1481911200000,0.737
1481914800000,0.786
1481918400000,0.802
1481922000000,0.812
1481925600000,0.819
1481929200000,0.845
1481932800000,0.85
1481936400000,0.826
1481940000000,0.8
1481943600000,0.805
1481947200000,0.834
1481950800000,0.854
1481954400000,0.823
1481958000000,0.724
1481961600000,0.673
1481965200000,0.651
1481968800000,0.646
1481972400000,0.609
1481976000000,0.61
1481979600000,0.58
1481983200000,0.551
1481986800000,0.541
1481990400000,0.531
1481994000000,0.51
1481997600000,0.503
1482001200000,0.481
1482004800000,0.449
1482008400000,0.442
1482012000000,0.428
1482015600000,0.464
1482019200000,0.59
1482022800000,0.625
1482026400000,0.615
1482030000000,0.594
1482033600000,0.574
1482037200000,0.544
1482040800000,0.52
1482044400000,0.459
1482048000000,0.362
1482051600000,0.374
1482055200000,0.386
1482058800000,0.422
1482062400000,0.456
1482066000000,0.476
1482069600000,0.479
1482073200000,0.521
1482076800000,0.507
1482080400000,0.494
1482084000000,0.474
1482087600000,0.494
1482091200000,0.472
1482094800000,0.404
1482098400000,0.339
1482102000000,0.3
1482105600000,0.358
1482109200000,0.39
1482112800000,0.396
1482116400000,0.414
1482120000000,0.413
1482123600000,0.403
1482127200000,0.374
1482130800000,0.328
1482134400000,0.213
1482138000000,0.191
1482141600000,0.257
1482145200000,0.3
1482148800000,0.341
1482152400000,0.368
1482156000000,0.379
1482159600000,0.385
1482163200000,0.388
1482166800000,0.415
1482170400000,0.473
1482174000000,0.507
1482177600000,0.513
1482181200000,0.51
1482184800000,0.505
1482188400000,0.465
1482192000000,0.531
1482195600000,0.538
1482199200000,0.502
1482202800000,0.479
1482206400000,0.466
1482210000000,0.459
1482213600000,0.465
1482217200000,0.44
1482220800000,0.333
1482224400000,0.308
1482228000000,0.289
1482231600000,0.266
1482235200000,0.264
1482238800000,0.263
1482242400000,0.251
1482246000000,0.229
1482249600000,0.21
1482253200000,0.214
1482256800000,0.207
1482260400000,0.205
1482264000000,0.207
1482267600000,0.205
1482271200000,0.202
1482274800000,0.215
1482278400000,0.376
1482282000000,0.506
1482285600000,0.532
1482289200000,0.505
1482292800000,0.469
1482296400000,0.437
1482300000000,0.413
1482303600000,0.367
1482307200000,0.248
1482310800000,0.23
1482314400000,0.27
1482318000000,0.277
1482321600000,0.278
1482325200000,0.311
1482328800000,0.367
1482332400000,0.4
1482336000000,0.438
1482339600000,0.493
1482343200000,0.532
1482346800000,0.54
1482350400000,0.568
1482354000000,0.536
1482357600000,0.516
1482361200000,0.501
1482364800000,0.575
1482368400000,0.562
1482372000000,0.525
1482375600000,0.477
1482379200000,0.414
1482382800000,0.348
1482386400000,0.289
1482390000000,0.24
1482393600000,0.175
1482397200000,0.149
1482400800000,0.157
1482404400000,0.162
1482408000000,0.185
1482411600000,0.214
1482415200000,0.243
1482418800000,0.267
1482422400000,0.302
1482426000000,0.355
1482429600000,0.42
1482433200000,0.477
1482436800000,0.51
1482440400000,0.522
1482444000000,0.525
1482447600000,0.523
1482451200000,0.608
1482454800000,0.704
1482458400000,0.746
1482462000000,0.753
1482465600000,0.726
1482469200000,0.667
1482472800000,0.585
1482476400000,0.504
1482480000000,0.434
1482483600000,0.466
1482487200000,0.54
1482490800000,0.591
1482494400000,0.645
1482498000000,0.654
1482501600000,0.633
1482505200000,0.638
1482508800000,0.636
1482512400000,0.615
1482516000000,0.592
1482519600000,0.566
1482523200000,0.529
1482526800000,0.467
1482530400000,0.404
1482534000000,0.41
1482537600000,0.513
1482541200000,0.557
1482544800000,0.552
1482548400000,0.54
1482552000000,0.509
1482555600000,0.494
1482559200000,0.464
1482562800000,0.37
1482566400000,0.233
1482570000000,0.243
1482573600000,0.314
1482577200000,0.328
1482580800000,0.321
1482584400000,0.338
1482588000000,0.343
1482591600000,0.311
1482595200000,0.338
1482598800000,0.343
1482602400000,0.349
1482606000000,0.331
1482609600000,0.332
1482613200000,0.315
1482616800000,0.272
1482620400000,0.215
1482624000000,0.218
1482627600000,0.256
1482631200000,0.305
1482634800000,0.368
1482638400000,0.427
1482642000000,0.459
1482645600000,0.445
1482649200000,0.391
1482652800000,0.311
1482656400000,0.2
1482660000000,0.121
1482663600000,0.106
1482667200000,0.129
1482670800000,0.157
1482674400000,0.177
1482678000000,0.217
1482681600000,0.261
1482685200000,0.28
1482688800000,0.297
1482692400000,0.294
1482696000000,0.264
1482699600000,0.239
1482703200000,0.22
1482706800000,0.161
1482710400000,0.141
1482714000000,0.132
1482717600000,0.101
1482721200000,0.079
1482724800000,0.061
1482728400000,0.042
1482732000000,0.025
1482735600000,0.013
1482739200000,0.01
1482742800000,0.005
1482746400000,0.001
1482750000000,0.0
1482753600000,0.0
1482757200000,0.0
1482760800000,0.0
1482764400000,0.0
1482768000000,0.0
1482771600000,0.0
1482775200000,0.0
1482778800000,0.0
1482782400000,0.0
1482786000000,0.0
1482789600000,0.001
1482793200000,0.002
1482796800000,0.006
1482800400000,0.008
1482804000000,0.009
1482807600000,0.013
1482811200000,0.018
1482814800000,0.02
1482818400000,0.025
1482822000000,0.03
1482825600000,0.044
1482829200000,0.054
1482832800000,0.06
1482836400000,0.065
1482840000000,0.073
1482843600000,0.083
1482847200000,0.092
1482850800000,0.106
1482854400000,0.124
1482858000000,0.145
1482861600000,0.169
1482865200000,0.184
1482868800000,0.201
1482872400000,0.22
1482876000000,0.216
1482879600000,0.201
1482883200000,0.211
1482886800000,0.207
1482890400000,0.194
1482894000000,0.183
1482897600000,0.172
1482901200000,0.161
1482904800000,0.144
1482908400000,0.123
1482912000000,0.106
1482915600000,0.101
1482919200000,0.117
1482922800000,0.136
1482926400000,0.18
1482930000000,0.245
1482933600000,0.296
1482937200000,0.317
1482940800000,0.316
1482944400000,0.325
1482948000000,0.334
1482951600000,0.323
1482955200000,0.308
1482958800000,0.278
1482962400000,0.27
1482966000000,0.289
1482969600000,0.349
1482973200000,0.345
1482976800000,0.315
1482980400000,0.308
1482984000000,0.32
1482987600000,0.325
1482991200000,0.323
1482994800000,0.311
1482998400000,0.236
1483002000000,0.219
1483005600000,0.259
1483009200000,0.349
1483012800000,0.42
1483016400000,0.464
1483020000000,0.469
1483023600000,0.527
1483027200000,0.539
1483030800000,0.562
1483034400000,0.586
1483038000000,0.593
1483041600000,0.647
1483045200000,0.67
1483048800000,0.652
1483052400000,0.656
1483056000000,0.726
1483059600000,0.742
1483063200000,0.748
1483066800000,0.754
1483070400000,0.748
1483074000000,0.725
1483077600000,0.697
1483081200000,0.623
1483084800000,0.486
1483088400000,0.459
1483092000000,0.498
1483095600000,0.561
1483099200000,0.604
1483102800000,0.619
1483106400000,0.612
1483110000000,0.609
1483113600000,0.618
1483117200000,0.642
1483120800000,0.669
1483124400000,0.701
1483128000000,0.78
1483131600000,0.788
1483135200000,0.759
1483138800000,0.747
1483142400000,0.78
1483146000000,0.766
1483149600000,0.751
1483153200000,0.759
1483156800000,0.777
1483160400000,0.78
1483164000000,0.741
1483167600000,0.657
1483171200000,0.591
1483174800000,0.607
1483178400000,0.61
1483182000000,0.628
1483185600000,0.63
1483189200000,0.622
1483192800000,0.622
1483196400000,0.655
1483200000000,0.692
1483203600000,0.713
1483207200000,0.722
1483210800000,0.714
1483214400000,0.717
1483218000000,0.724
1483221600000,0.726
1483225200000,0.768
