,L7
1672531200000,0.425
1672534800000,0.51
1672538400000,0.54
1672542000000,0.528
1672545600000,0.501
1672549200000,0.454
1672552800000,0.399
1672556400000,0.391
1672560000000,0.393
1672563600000,0.355
1672567200000,0.294
1672570800000,0.252
1672574400000,0.234
1672578000000,0.219
1672581600000,0.201
1672585200000,0.227
1672588800000,0.247
1672592400000,0.259
1672596000000,0.267
1672599600000,0.282
1672603200000,0.293
1672606800000,0.257
1672610400000,0.235
1672614000000,0.161
1672617600000,0.157
1672621200000,0.219
1672624800000,0.287
1672628400000,0.383
1672632000000,0.454
1672635600000,0.491
1672639200000,0.499
1672642800000,0.443
1672646400000,0.45
1672650000000,0.46
1672653600000,0.428
1672657200000,0.432
1672660800000,0.444
1672664400000,0.464
1672668000000,0.449
1672671600000,0.469
1672675200000,0.502
1672678800000,0.532
1672682400000,0.556
1672686000000,0.574
1672689600000,0.59
1672693200000,0.566
1672696800000,0.517
1672700400000,0.466
1672704000000,0.466
1672707600000,0.63
1672711200000,0.69
1672714800000,0.725
1672718400000,0.768
1672722000000,0.787
1672725600000,0.786
1672729200000,0.729
1672732800000,0.626
1672736400000,0.55
1672740000000,0.454
1672743600000,0.384
1672747200000,0.322
1672750800000,0.315
1672754400000,0.312
1672758000000,0.352
1672761600000,0.391
1672765200000,0.435
1672768800000,0.491
1672772400000,0.516
1672776000000,0.549
1672779600000,0.527
1672783200000,0.575
1672786800000,0.532
1672790400000,0.591
1672794000000,0.77
1672797600000,0.824
1672801200000,0.85
1672804800000,0.862
1672808400000,0.853
1672812000000,0.826
1672815600000,0.746
1672819200000,0.671
1672822800000,0.618
1672826400000,0.535
1672830000000,0.457
1672833600000,0.444
1672837200000,0.433
1672840800000,0.415
1672844400000,0.45
1672848000000,0.488
1672851600000,0.504
1672855200000,0.511
1672858800000,0.525
1672862400000,0.556
1672866000000,0.519
1672869600000,0.476
1672873200000,0.397
1672876800000,0.51
1672880400000,0.685
1672884000000,0.712
1672887600000,0.772
1672891200000,0.82
1672894800000,0.834
1672898400000,0.823
1672902000000,0.763
1672905600000,0.708
1672909200000,0.722
1672912800000,0.729
1672916400000,0.726
1672920000000,0.71
1672923600000,0.682
1672927200000,0.658
1672930800000,0.652
1672934400000,0.659
1672938000000,0.653
1672941600000,0.63
1672945200000,0.613
1672948800000,0.586
1672952400000,0.501
1672956000000,0.42
1672959600000,0.294
1672963200000,0.357
1672966800000,0.566
1672970400000,0.571
1672974000000,0.56
1672977600000,0.55
1672981200000,0.521
1672984800000,0.481
1672988400000,0.395
1672992000000,0.315
1672995600000,0.323
1672999200000,0.311
1673002800000,0.294
1673006400000,0.272
1673010000000,0.248
1673013600000,0.225
1673017200000,0.256
1673020800000,0.291
1673024400000,0.296
1673028000000,0.311
1673031600000,0.343
1673035200000,0.365
1673038800000,0.324
1673042400000,0.301
1673046000000,0.219
1673049600000,0.203
1673053200000,0.241
1673056800000,0.218
1673060400000,0.243
1673064000000,0.303
1673067600000,0.352
1673071200000,0.38
1673074800000,0.374
1673078400000,0.31
1673082000000,0.323
1673085600000,0.325
1673089200000,0.312
1673092800000,0.359
1673096400000,0.358
1673100000000,0.339
1673103600000,0.334
1673107200000,0.355
1673110800000,0.38
1673114400000,0.386
1673118000000,0.407
1673121600000,0.391
1673125200000,0.381
1673128800000,0.376
1673132400000,0.295
1673136000000,0.414
1673139600000,0.484
1673143200000,0.476
1673146800000,0.495
1673150400000,0.519
1673154000000,0.529
1673157600000,0.539
1673161200000,0.487
1673164800000,0.398
1673168400000,0.447
1673172000000,0.45
1673175600000,0.438
1673179200000,0.459
1673182800000,0.451
1673186400000,0.434
1673190000000,0.447
1673193600000,0.478
1673197200000,0.498
1673200800000,0.504
1673204400000,0.483
1673208000000,0.476
1673211600000,0.412
1673215200000,0.4
1673218800000,0.264
1673222400000,0.292
1673226000000,0.313
1673229600000,0.257
1673233200000,0.233
1673236800000,0.23
1673240400000,0.227
1673244000000,0.241
1673247600000,0.259
1673251200000,0.259
1673254800000,0.29
1673258400000,0.277
1673262000000,0.236
1673265600000,0.21
1673269200000,0.185
1673272800000,0.184
1673276400000,0.216
1673280000000,0.235
1673283600000,0.236
1673287200000,0.22
1673290800000,0.201
1673294400000,0.196
1673298000000,0.167
1673301600000,0.133
1673305200000,0.085
1673308800000,0.14
1673312400000,0.16
1673316000000,0.164
1673319600000,0.201
1673323200000,0.25
1673326800000,0.294
1673330400000,0.341
1673334000000,0.354
1673337600000,0.291
1673341200000,0.306
1673344800000,0.297
1673348400000,0.283
1673352000000,0.264
1673355600000,0.233
1673359200000,0.212
1673362800000,0.231
1673366400000,0.263
1673370000000,0.274
1673373600000,0.269
1673377200000,0.265
1673380800000,0.269
1673384400000,0.248
1673388000000,0.233
1673391600000,0.166
1673395200000,0.192
1673398800000,0.248
1673402400000,0.255
1673406000000,0.284
1673409600000,0.323
1673413200000,0.348
1673416800000,0.368
1673420400000,0.358
1673424000000,0.309
1673427600000,0.339
1673431200000,0.337
1673434800000,0.326
1673438400000,0.334
1673442000000,0.311
1673445600000,0.291
1673449200000,0.335
1673452800000,0.382
1673456400000,0.383
1673460000000,0.361
1673463600000,0.311
1673467200000,0.277
1673470800000,0.22
1673474400000,0.178
1673478000000,0.134
1673481600000,0.229
1673485200000,0.312
1673488800000,0.291
1673492400000,0.254
1673496000000,0.217
1673499600000,0.2
1673503200000,0.193
1673506800000,0.185
1673510400000,0.185
1673514000000,0.265
1673517600000,0.28
1673521200000,0.241
1673524800000,0.212
1673528400000,0.194
1673532000000,0.183
1673535600000,0.19
1673539200000,0.197
1673542800000,0.196
1673546400000,0.188
1673550000000,0.17
1673553600000,0.156
1673557200000,0.148
1673560800000,0.146
1673564400000,0.102
1673568000000,0.188
1673571600000,0.233
1673575200000,0.198
1673578800000,0.195
1673582400000,0.21
1673586000000,0.221
1673589600000,0.231
1673593200000,0.212
1673596800000,0.16
1673600400000,0.175
1673604000000,0.176
1673607600000,0.141
1673611200000,0.103
1673614800000,0.072
1673618400000,0.049
1673622000000,0.043
1673625600000,0.045
1673629200000,0.058
1673632800000,0.091
1673636400000,0.118
1673640000000,0.114
1673643600000,0.095
1673647200000,0.086
1673650800000,0.032
1673654400000,0.051
1673658000000,0.094
1673661600000,0.108
1673665200000,0.093
1673668800000,0.068
1673672400000,0.042
1673676000000,0.027
1673679600000,0.034
1673683200000,0.072
1673686800000,0.138
1673690400000,0.155
1673694000000,0.14
1673697600000,0.118
1673701200000,0.094
1673704800000,0.076
1673708400000,0.074
1673712000000,0.078
1673715600000,0.074
1673719200000,0.061
1673722800000,0.042
1673726400000,0.028
1673730000000,0.013
1673733600000,0.005
1673737200000,0.006
1673740800000,0.014
1673744400000,0.035
1673748000000,0.068
1673751600000,0.105
1673755200000,0.131
1673758800000,0.144
1673762400000,0.158
1673766000000,0.164
1673769600000,0.146
1673773200000,0.176
1673776800000,0.201
1673780400000,0.213
1673784000000,0.225
1673787600000,0.228
1673791200000,0.227
1673794800000,0.22
1673798400000,0.243
1673802000000,0.265
1673805600000,0.31
1673809200000,0.337
1673812800000,0.372
1673816400000,0.415
1673820000000,0.447
1673823600000,0.377
1673827200000,0.401
1673830800000,0.676
1673834400000,0.795
1673838000000,0.847
1673841600000,0.866
1673845200000,0.866
1673848800000,0.842
1673852400000,0.774
1673856000000,0.686
1673859600000,0.615
1673863200000,0.566
1673866800000,0.553
1673870400000,0.474
1673874000000,0.431
1673877600000,0.405
1673881200000,0.4
1673884800000,0.413
1673888400000,0.447
1673892000000,0.449
1673895600000,0.447
1673899200000,0.454
1673902800000,0.454
1673906400000,0.451
1673910000000,0.404
1673913600000,0.513
1673917200000,0.749
1673920800000,0.785
1673924400000,0.795
1673928000000,0.798
1673931600000,0.792
1673935200000,0.765
1673938800000,0.678
1673942400000,0.578
1673946000000,0.466
1673949600000,0.352
1673953200000,0.302
1673956800000,0.296
1673960400000,0.291
1673964000000,0.308
1673967600000,0.403
1673971200000,0.416
1673974800000,0.427
1673978400000,0.413
1673982000000,0.407
1673985600000,0.381
1673989200000,0.302
1673992800000,0.26
1673996400000,0.204
1674000000000,0.338
1674003600000,0.463
1674007200000,0.467
1674010800000,0.484
1674014400000,0.501
1674018000000,0.512
1674021600000,0.519
1674025200000,0.476
1674028800000,0.386
1674032400000,0.345
1674036000000,0.301
1674039600000,0.31
1674043200000,0.329
1674046800000,0.322
1674050400000,0.302
1674054000000,0.32
1674057600000,0.362
1674061200000,0.347
1674064800000,0.317
1674068400000,0.313
1674072000000,0.359
1674075600000,0.392
1674079200000,0.373
1674082800000,0.238
1674086400000,0.361
1674090000000,0.418
1674093600000,0.396
1674097200000,0.433
1674100800000,0.498
1674104400000,0.538
1674108000000,0.557
1674111600000,0.525
1674115200000,0.429
1674118800000,0.348
1674122400000,0.32
1674126000000,0.315
1674129600000,0.31
1674133200000,0.305
1674136800000,0.308
1674140400000,0.33
1674144000000,0.355
1674147600000,0.358
1674151200000,0.364
1674154800000,0.37
1674158400000,0.386
1674162000000,0.395
1674165600000,0.395
1674169200000,0.3
1674172800000,0.432
1674176400000,0.613
1674180000000,0.63
1674183600000,0.692
1674187200000,0.748
1674190800000,0.774
1674194400000,0.785
1674198000000,0.729
1674201600000,0.63
1674205200000,0.519
1674208800000,0.433
1674212400000,0.452
1674216000000,0.431
1674219600000,0.412
1674223200000,0.39
1674226800000,0.414
1674230400000,0.444
1674234000000,0.433
1674237600000,0.402
1674241200000,0.407
1674244800000,0.38
1674248400000,0.343
1674252000000,0.341
1674255600000,0.301
1674259200000,0.322
1674262800000,0.457
1674266400000,0.473
1674270000000,0.494
1674273600000,0.541
1674277200000,0.575
1674280800000,0.597
1674284400000,0.575
1674288000000,0.473
1674291600000,0.368
1674295200000,0.284
1674298800000,0.255
1674302400000,0.231
1674306000000,0.203
1674309600000,0.181
1674313200000,0.211
1674316800000,0.253
1674320400000,0.281
1674324000000,0.299
1674327600000,0.301
1674331200000,0.3
1674334800000,0.251
1674338400000,0.199
1674342000000,0.121
1674345600000,0.206
1674349200000,0.273
1674352800000,0.251
1674356400000,0.261
1674360000000,0.274
1674363600000,0.272
1674367200000,0.268
1674370800000,0.259
1674374400000,0.198
1674378000000,0.233
1674381600000,0.258
1674385200000,0.258
1674388800000,0.283
1674392400000,0.252
1674396000000,0.207
1674399600000,0.201
1674403200000,0.22
1674406800000,0.198
1674410400000,0.173
1674414000000,0.138
1674417600000,0.118
1674421200000,0.099
1674424800000,0.083
1674428400000,0.031
1674432000000,0.032
1674435600000,0.035
1674439200000,0.034
1674442800000,0.037
1674446400000,0.042
1674450000000,0.045
1674453600000,0.052
1674457200000,0.073
1674460800000,0.103
1674464400000,0.178
1674468000000,0.221
1674471600000,0.192
1674475200000,0.151
1674478800000,0.116
1674482400000,0.074
1674486000000,0.047
1674489600000,0.029
1674493200000,0.022
1674496800000,0.029
1674500400000,0.046
1674504000000,0.082
1674507600000,0.145
1674511200000,0.222
1674514800000,0.172
1674518400000,0.306
1674522000000,0.491
1674525600000,0.666
1674529200000,0.781
1674532800000,0.84
1674536400000,0.891
1674540000000,0.911
1674543600000,0.903
1674547200000,0.872
1674550800000,0.89
1674554400000,0.926
1674558000000,0.933
1674561600000,0.922
1674565200000,0.905
1674568800000,0.875
1674572400000,0.857
1674576000000,0.851
1674579600000,0.84
1674583200000,0.832
1674586800000,0.827
1674590400000,0.819
1674594000000,0.813
1674597600000,0.804
1674601200000,0.799
1674604800000,0.849
1674608400000,0.868
1674612000000,0.839
1674615600000,0.823
1674619200000,0.796
1674622800000,0.761
1674626400000,0.715
1674630000000,0.633
1674633600000,0.538
1674637200000,0.431
1674640800000,0.362
1674644400000,0.343
1674648000000,0.333
1674651600000,0.265
1674655200000,0.238
1674658800000,0.264
1674662400000,0.273
1674666000000,0.283
1674669600000,0.291
1674673200000,0.298
1674676800000,0.344
1674680400000,0.323
1674684000000,0.288
1674687600000,0.183
1674691200000,0.223
1674694800000,0.218
1674698400000,0.178
1674702000000,0.177
1674705600000,0.18
1674709200000,0.179
1674712800000,0.189
1674716400000,0.203
1674720000000,0.188
1674723600000,0.208
1674727200000,0.205
1674730800000,0.17
1674734400000,0.12
1674738000000,0.081
1674741600000,0.048
1674745200000,0.041
1674748800000,0.047
1674752400000,0.057
1674756000000,0.069
1674759600000,0.082
1674763200000,0.094
1674766800000,0.123
1674770400000,0.171
1674774000000,0.144
1674777600000,0.249
1674781200000,0.32
1674784800000,0.36
1674788400000,0.407
1674792000000,0.459
1674795600000,0.501
1674799200000,0.538
1674802800000,0.541
1674806400000,0.494
1674810000000,0.501
1674813600000,0.563
1674817200000,0.647
1674820800000,0.679
1674824400000,0.757
1674828000000,0.777
1674831600000,0.799
1674835200000,0.809
1674838800000,0.791
1674842400000,0.765
1674846000000,0.739
1674849600000,0.74
1674853200000,0.75
1674856800000,0.729
1674860400000,0.708
1674864000000,0.765
1674867600000,0.782
1674871200000,0.748
1674874800000,0.723
1674878400000,0.724
1674882000000,0.717
1674885600000,0.694
1674889200000,0.643
1674892800000,0.605
1674896400000,0.538
1674900000000,0.44
1674903600000,0.432
1674907200000,0.453
1674910800000,0.433
1674914400000,0.408
1674918000000,0.415
1674921600000,0.424
1674925200000,0.405
1674928800000,0.398
1674932400000,0.401
1674936000000,0.408
1674939600000,0.369
1674943200000,0.334
1674946800000,0.241
1674950400000,0.261
1674954000000,0.306
1674957600000,0.277
1674961200000,0.294
1674964800000,0.348
1674968400000,0.388
1674972000000,0.418
1674975600000,0.393
1674979200000,0.322
1674982800000,0.295
1674986400000,0.317
1674990000000,0.325
1674993600000,0.317
1674997200000,0.319
1675000800000,0.354
1675004400000,0.386
1675008000000,0.376
1675011600000,0.407
1675015200000,0.425
1675018800000,0.476
1675022400000,0.52
1675026000000,0.505
1675029600000,0.505
1675033200000,0.427
1675036800000,0.506
1675040400000,0.614
1675044000000,0.636
1675047600000,0.682
1675051200000,0.731
1675054800000,0.755
1675058400000,0.761
1675062000000,0.735
1675065600000,0.646
1675069200000,0.551
1675072800000,0.457
1675076400000,0.439
1675080000000,0.454
1675083600000,0.459
1675087200000,0.454
1675090800000,0.478
1675094400000,0.491
1675098000000,0.479
1675101600000,0.466
1675105200000,0.454
1675108800000,0.454
1675112400000,0.434
1675116000000,0.425
1675119600000,0.333
1675123200000,0.481
1675126800000,0.504
1675130400000,0.493
1675134000000,0.503
1675137600000,0.51
1675141200000,0.501
1675144800000,0.488
1675148400000,0.464
1675152000000,0.384
1675155600000,0.311
1675159200000,0.3
1675162800000,0.294
1675166400000,0.294
1675170000000,0.287
1675173600000,0.282
1675177200000,0.299
1675180800000,0.297
1675184400000,0.274
1675188000000,0.252
1675191600000,0.233
1675195200000,0.223
1675198800000,0.202
1675202400000,0.175
1675206000000,0.069
1675209600000,0.131
1675213200000,0.13
1675216800000,0.092
1675220400000,0.063
1675224000000,0.043
1675227600000,0.031
1675231200000,0.032
1675234800000,0.06
1675238400000,0.134
1675242000000,0.245
1675245600000,0.264
1675249200000,0.23
1675252800000,0.197
1675256400000,0.169
1675260000000,0.158
1675263600000,0.164
1675267200000,0.176
1675270800000,0.175
1675274400000,0.163
1675278000000,0.148
1675281600000,0.146
1675285200000,0.136
1675288800000,0.117
1675292400000,0.071
1675296000000,0.102
1675299600000,0.097
1675303200000,0.113
1675306800000,0.162
1675310400000,0.225
1675314000000,0.291
1675317600000,0.344
1675321200000,0.362
1675324800000,0.285
1675328400000,0.219
1675332000000,0.222
1675335600000,0.227
1675339200000,0.238
1675342800000,0.241
1675346400000,0.249
1675350000000,0.278
1675353600000,0.283
1675357200000,0.272
1675360800000,0.265
1675364400000,0.261
1675368000000,0.267
1675371600000,0.278
1675375200000,0.245
1675378800000,0.162
1675382400000,0.203
1675386000000,0.186
1675389600000,0.18
1675393200000,0.219
1675396800000,0.267
1675400400000,0.309
1675404000000,0.352
1675407600000,0.388
1675411200000,0.347
1675414800000,0.271
1675418400000,0.282
1675422000000,0.309
1675425600000,0.311
1675429200000,0.31
1675432800000,0.334
1675436400000,0.394
1675440000000,0.388
1675443600000,0.383
1675447200000,0.388
1675450800000,0.413
1675454400000,0.423
1675458000000,0.413
1675461600000,0.378
1675465200000,0.243
1675468800000,0.294
1675472400000,0.251
1675476000000,0.212
1675479600000,0.217
1675483200000,0.237
1675486800000,0.254
1675490400000,0.279
1675494000000,0.308
1675497600000,0.272
1675501200000,0.265
1675504800000,0.274
1675508400000,0.268
1675512000000,0.236
1675515600000,0.224
1675519200000,0.214
1675522800000,0.249
1675526400000,0.278
1675530000000,0.278
1675533600000,0.312
1675537200000,0.337
1675540800000,0.369
1675544400000,0.355
1675548000000,0.333
1675551600000,0.21
1675555200000,0.323
1675558800000,0.355
1675562400000,0.328
1675566000000,0.338
1675569600000,0.355
1675573200000,0.362
1675576800000,0.362
1675580400000,0.352
1675584000000,0.294
1675587600000,0.279
1675591200000,0.289
1675594800000,0.251
1675598400000,0.21
1675602000000,0.183
1675605600000,0.161
1675609200000,0.152
1675612800000,0.139
1675616400000,0.123
1675620000000,0.111
1675623600000,0.108
1675627200000,0.135
1675630800000,0.134
1675634400000,0.127
1675638000000,0.072
1675641600000,0.122
1675645200000,0.133
1675648800000,0.114
1675652400000,0.098
1675656000000,0.085
1675659600000,0.071
1675663200000,0.07
1675666800000,0.102
1675670400000,0.141
1675674000000,0.202
1675677600000,0.223
1675681200000,0.186
1675684800000,0.168
1675688400000,0.168
1675692000000,0.177
1675695600000,0.181
1675699200000,0.173
1675702800000,0.159
1675706400000,0.148
1675710000000,0.139
1675713600000,0.141
1675717200000,0.147
1675720800000,0.133
1675724400000,0.059
1675728000000,0.08
1675731600000,0.07
1675735200000,0.063
1675738800000,0.076
1675742400000,0.093
1675746000000,0.102
1675749600000,0.111
1675753200000,0.133
1675756800000,0.153
1675760400000,0.223
1675764000000,0.252
1675767600000,0.223
1675771200000,0.193
1675774800000,0.179
1675778400000,0.17
1675782000000,0.172
1675785600000,0.176
1675789200000,0.176
1675792800000,0.186
1675796400000,0.218
1675800000000,0.28
1675803600000,0.328
1675807200000,0.334
1675810800000,0.212
1675814400000,0.296
1675818000000,0.355
1675821600000,0.381
1675825200000,0.431
1675828800000,0.466
1675832400000,0.471
1675836000000,0.469
1675839600000,0.461
1675843200000,0.414
1675846800000,0.364
1675850400000,0.337
1675854000000,0.312
1675857600000,0.282
1675861200000,0.278
1675864800000,0.27
1675868400000,0.315
1675872000000,0.364
1675875600000,0.381
1675879200000,0.394
1675882800000,0.383
1675886400000,0.378
1675890000000,0.337
1675893600000,0.283
1675897200000,0.207
1675900800000,0.326
1675904400000,0.376
1675908000000,0.352
1675911600000,0.355
1675915200000,0.367
1675918800000,0.355
1675922400000,0.343
1675926000000,0.338
1675929600000,0.3
1675933200000,0.27
1675936800000,0.258
1675940400000,0.224
1675944000000,0.199
1675947600000,0.179
1675951200000,0.16
1675954800000,0.165
1675958400000,0.173
1675962000000,0.164
1675965600000,0.156
1675969200000,0.16
1675972800000,0.161
1675976400000,0.146
1675980000000,0.132
1675983600000,0.092
1675987200000,0.187
1675990800000,0.181
1675994400000,0.138
1675998000000,0.103
1676001600000,0.079
1676005200000,0.071
1676008800000,0.082
1676012400000,0.112
1676016000000,0.142
1676019600000,0.201
1676023200000,0.248
1676026800000,0.233
1676030400000,0.22
1676034000000,0.212
1676037600000,0.195
1676041200000,0.193
1676044800000,0.218
1676048400000,0.214
1676052000000,0.22
1676055600000,0.249
1676059200000,0.246
1676062800000,0.244
1676066400000,0.221
1676070000000,0.146
1676073600000,0.235
1676077200000,0.231
1676080800000,0.214
1676084400000,0.22
1676088000000,0.232
1676091600000,0.233
1676095200000,0.232
1676098800000,0.233
1676102400000,0.214
1676106000000,0.249
1676109600000,0.305
1676113200000,0.294
1676116800000,0.271
1676120400000,0.256
1676124000000,0.241
1676127600000,0.22
1676131200000,0.195
1676134800000,0.167
1676138400000,0.132
1676142000000,0.102
1676145600000,0.088
1676149200000,0.084
1676152800000,0.099
1676156400000,0.083
1676160000000,0.202
1676163600000,0.275
1676167200000,0.318
1676170800000,0.368
1676174400000,0.419
1676178000000,0.449
1676181600000,0.469
1676185200000,0.471
1676188800000,0.409
1676192400000,0.317
1676196000000,0.283
1676199600000,0.248
1676203200000,0.227
1676206800000,0.231
1676210400000,0.238
1676214000000,0.264
1676217600000,0.272
1676221200000,0.261
1676224800000,0.241
1676228400000,0.214
1676232000000,0.189
1676235600000,0.181
1676239200000,0.155
1676242800000,0.063
1676246400000,0.088
1676250000000,0.06
1676253600000,0.027
1676257200000,0.011
1676260800000,0.01
1676264400000,0.017
1676268000000,0.034
1676271600000,0.063
1676275200000,0.101
1676278800000,0.178
1676282400000,0.236
1676286000000,0.223
1676289600000,0.191
1676293200000,0.158
1676296800000,0.122
1676300400000,0.089
1676304000000,0.058
1676307600000,0.039
1676311200000,0.025
1676314800000,0.014
1676318400000,0.007
1676322000000,0.004
1676325600000,0.005
1676329200000,0.021
1676332800000,0.071
1676336400000,0.12
1676340000000,0.175
1676343600000,0.231
1676347200000,0.278
1676350800000,0.305
1676354400000,0.319
1676358000000,0.329
1676361600000,0.309
1676365200000,0.306
1676368800000,0.338
1676372400000,0.329
1676376000000,0.317
1676379600000,0.32
1676383200000,0.328
1676386800000,0.337
1676390400000,0.346
1676394000000,0.357
1676397600000,0.375
1676401200000,0.413
1676404800000,0.442
1676408400000,0.459
1676412000000,0.443
1676415600000,0.391
1676419200000,0.475
1676422800000,0.653
1676426400000,0.724
1676430000000,0.795
1676433600000,0.844
1676437200000,0.87
1676440800000,0.876
1676444400000,0.854
1676448000000,0.8
1676451600000,0.766
1676455200000,0.778
1676458800000,0.765
1676462400000,0.765
1676466000000,0.789
1676469600000,0.787
1676473200000,0.792
1676476800000,0.804
1676480400000,0.808
1676484000000,0.798
1676487600000,0.79
1676491200000,0.785
1676494800000,0.747
1676498400000,0.684
1676502000000,0.626
1676505600000,0.777
1676509200000,0.812
1676512800000,0.791
1676516400000,0.798
1676520000000,0.807
1676523600000,0.803
1676527200000,0.786
1676530800000,0.749
1676534400000,0.661
1676538000000,0.547
1676541600000,0.482
1676545200000,0.454
1676548800000,0.448
1676552400000,0.432
1676556000000,0.41
1676559600000,0.417
1676563200000,0.42
1676566800000,0.441
1676570400000,0.459
1676574000000,0.479
1676577600000,0.486
1676581200000,0.481
1676584800000,0.456
1676588400000,0.328
1676592000000,0.413
1676595600000,0.519
1676599200000,0.547
1676602800000,0.613
1676606400000,0.691
1676610000000,0.72
1676613600000,0.734
1676617200000,0.754
1676620800000,0.729
1676624400000,0.641
1676628000000,0.552
1676631600000,0.516
1676635200000,0.49
1676638800000,0.447
1676642400000,0.418
1676646000000,0.437
1676649600000,0.459
1676653200000,0.434
1676656800000,0.447
1676660400000,0.51
1676664000000,0.488
1676667600000,0.425
1676671200000,0.375
1676674800000,0.323
1676678400000,0.504
1676682000000,0.484
1676685600000,0.442
1676689200000,0.449
1676692800000,0.479
1676696400000,0.507
1676700000000,0.526
1676703600000,0.51
1676707200000,0.413
1676710800000,0.298
1676714400000,0.289
1676718000000,0.274
1676721600000,0.239
1676725200000,0.203
1676728800000,0.181
1676732400000,0.224
1676736000000,0.266
1676739600000,0.272
1676743200000,0.259
1676746800000,0.295
1676750400000,0.341
1676754000000,0.311
1676757600000,0.302
1676761200000,0.233
1676764800000,0.305
1676768400000,0.488
1676772000000,0.559
1676775600000,0.624
1676779200000,0.655
1676782800000,0.649
1676786400000,0.59
1676790000000,0.49
1676793600000,0.466
1676797200000,0.507
1676800800000,0.513
1676804400000,0.522
1676808000000,0.533
1676811600000,0.516
1676815200000,0.498
1676818800000,0.569
1676822400000,0.618
1676826000000,0.628
1676829600000,0.627
1676833200000,0.644
1676836800000,0.674
1676840400000,0.695
1676844000000,0.71
1676847600000,0.718
1676851200000,0.787
1676854800000,0.905
1676858400000,0.934
1676862000000,0.951
1676865600000,0.966
1676869200000,0.974
1676872800000,0.975
1676876400000,0.97
1676880000000,0.953
1676883600000,0.946
1676887200000,0.944
1676890800000,0.942
1676894400000,0.939
1676898000000,0.935
1676901600000,0.93
1676905200000,0.926
1676908800000,0.93
1676912400000,0.933
1676916000000,0.934
1676919600000,0.933
1676923200000,0.933
1676926800000,0.927
1676930400000,0.922
1676934000000,0.921
1676937600000,0.957
1676941200000,0.973
1676944800000,0.975
1676948400000,0.978
1676952000000,0.981
1676955600000,0.98
1676959200000,0.976
1676962800000,0.963
1676966400000,0.917
1676970000000,0.875
1676973600000,0.852
1676977200000,0.835
1676980800000,0.827
1676984400000,0.812
1676988000000,0.788
1676991600000,0.783
1676995200000,0.785
1676998800000,0.789
1677002400000,0.792
1677006000000,0.789
1677009600000,0.782
1677013200000,0.767
1677016800000,0.731
1677020400000,0.685
1677024000000,0.768
1677027600000,0.814
1677031200000,0.807
1677034800000,0.812
1677038400000,0.826
1677042000000,0.832
1677045600000,0.831
1677049200000,0.807
1677052800000,0.681
1677056400000,0.568
1677060000000,0.556
1677063600000,0.544
1677067200000,0.517
1677070800000,0.502
1677074400000,0.466
1677078000000,0.471
1677081600000,0.469
1677085200000,0.46
1677088800000,0.444
1677092400000,0.443
1677096000000,0.452
1677099600000,0.438
1677103200000,0.4
1677106800000,0.273
1677110400000,0.386
1677114000000,0.452
1677117600000,0.457
1677121200000,0.464
1677124800000,0.466
1677128400000,0.466
1677132000000,0.457
1677135600000,0.42
1677139200000,0.297
1677142800000,0.171
1677146400000,0.146
1677150000000,0.105
1677153600000,0.074
1677157200000,0.038
1677160800000,0.014
1677164400000,0.007
1677168000000,0.008
1677171600000,0.013
1677175200000,0.015
1677178800000,0.013
1677182400000,0.01
1677186000000,0.007
1677189600000,0.005
1677193200000,0.004
1677196800000,0.004
1677200400000,0.003
1677204000000,0.003
1677207600000,0.006
1677211200000,0.014
1677214800000,0.037
1677218400000,0.098
1677222000000,0.175
1677225600000,0.183
1677229200000,0.191
1677232800000,0.215
1677236400000,0.201
1677240000000,0.194
1677243600000,0.211
1677247200000,0.233
1677250800000,0.264
1677254400000,0.331
1677258000000,0.343
1677261600000,0.409
1677265200000,0.437
1677268800000,0.485
1677272400000,0.512
1677276000000,0.55
1677279600000,0.621
1677283200000,0.853
1677286800000,0.914
1677290400000,0.924
1677294000000,0.924
1677297600000,0.925
1677301200000,0.923
1677304800000,0.92
1677308400000,0.908
1677312000000,0.86
1677315600000,0.82
1677319200000,0.815
1677322800000,0.799
1677326400000,0.767
1677330000000,0.746
1677333600000,0.729
1677337200000,0.75
1677340800000,0.778
1677344400000,0.803
1677348000000,0.824
1677351600000,0.839
1677355200000,0.854
1677358800000,0.849
1677362400000,0.835
1677366000000,0.852
1677369600000,0.92
1677373200000,0.943
1677376800000,0.938
1677380400000,0.945
1677384000000,0.954
1677387600000,0.957
1677391200000,0.954
1677394800000,0.943
1677398400000,0.901
1677402000000,0.84
1677405600000,0.791
1677409200000,0.736
1677412800000,0.708
1677416400000,0.674
1677420000000,0.635
1677423600000,0.644
1677427200000,0.668
1677430800000,0.674
1677434400000,0.673
1677438000000,0.687
1677441600000,0.706
1677445200000,0.701
1677448800000,0.663
1677452400000,0.681
1677456000000,0.811
1677459600000,0.816
1677463200000,0.795
1677466800000,0.791
1677470400000,0.784
1677474000000,0.773
1677477600000,0.765
1677481200000,0.75
1677484800000,0.686
1677488400000,0.566
1677492000000,0.534
1677495600000,0.547
1677499200000,0.555
1677502800000,0.54
1677506400000,0.537
1677510000000,0.533
1677513600000,0.505
1677517200000,0.476
1677520800000,0.451
1677524400000,0.407
1677528000000,0.398
1677531600000,0.374
1677535200000,0.323
1677538800000,0.282
1677542400000,0.311
1677546000000,0.285
1677549600000,0.261
1677553200000,0.278
1677556800000,0.308
1677560400000,0.32
1677564000000,0.318
1677567600000,0.315
1677571200000,0.284
1677574800000,0.233
1677578400000,0.214
1677582000000,0.209
1677585600000,0.202
1677589200000,0.185
1677592800000,0.178
1677596400000,0.195
1677600000000,0.211
1677603600000,0.21
1677607200000,0.261
1677610800000,0.279
1677614400000,0.307
1677618000000,0.31
1677621600000,0.265
1677625200000,0.195
1677628800000,0.262
1677632400000,0.284
1677636000000,0.268
1677639600000,0.264
1677643200000,0.27
1677646800000,0.281
1677650400000,0.314
1677654000000,0.348
1677657600000,0.35
1677661200000,0.27
1677664800000,0.242
1677668400000,0.248
1677672000000,0.264
1677675600000,0.272
1677679200000,0.27
1677682800000,0.29
1677686400000,0.296
1677690000000,0.278
1677693600000,0.278
1677697200000,0.309
1677700800000,0.337
1677704400000,0.336
1677708000000,0.3
1677711600000,0.327
1677715200000,0.4
1677718800000,0.415
1677722400000,0.422
1677726000000,0.461
1677729600000,0.513
1677733200000,0.548
1677736800000,0.566
1677740400000,0.571
1677744000000,0.551
1677747600000,0.491
1677751200000,0.461
1677754800000,0.459
1677758400000,0.442
1677762000000,0.43
1677765600000,0.433
1677769200000,0.45
1677772800000,0.469
1677776400000,0.494
1677780000000,0.523
1677783600000,0.544
1677787200000,0.578
1677790800000,0.578
1677794400000,0.541
1677798000000,0.468
1677801600000,0.645
1677805200000,0.645
1677808800000,0.59
1677812400000,0.58
1677816000000,0.602
1677819600000,0.622
1677823200000,0.642
1677826800000,0.638
1677830400000,0.556
1677834000000,0.456
1677837600000,0.406
1677841200000,0.383
1677844800000,0.379
1677848400000,0.358
1677852000000,0.325
1677855600000,0.348
1677859200000,0.374
1677862800000,0.401
1677866400000,0.4
1677870000000,0.389
1677873600000,0.37
1677877200000,0.386
1677880800000,0.328
1677884400000,0.254
1677888000000,0.341
1677891600000,0.294
1677895200000,0.267
1677898800000,0.281
1677902400000,0.328
1677906000000,0.386
1677909600000,0.437
1677913200000,0.485
1677916800000,0.498
1677920400000,0.479
1677924000000,0.47
1677927600000,0.488
1677931200000,0.488
1677934800000,0.455
1677938400000,0.449
1677942000000,0.448
1677945600000,0.425
1677949200000,0.431
1677952800000,0.435
1677956400000,0.449
1677960000000,0.476
1677963600000,0.461
1677967200000,0.413
1677970800000,0.388
1677974400000,0.477
1677978000000,0.463
1677981600000,0.426
1677985200000,0.425
1677988800000,0.447
1677992400000,0.459
1677996000000,0.484
1677999600000,0.53
1678003200000,0.507
1678006800000,0.469
1678010400000,0.485
1678014000000,0.46
1678017600000,0.444
1678021200000,0.435
1678024800000,0.385
1678028400000,0.367
1678032000000,0.381
1678035600000,0.369
1678039200000,0.364
1678042800000,0.379
1678046400000,0.368
1678050000000,0.351
1678053600000,0.302
1678057200000,0.231
1678060800000,0.304
1678064400000,0.319
1678068000000,0.307
1678071600000,0.32
1678075200000,0.357
1678078800000,0.381
1678082400000,0.397
1678086000000,0.415
1678089600000,0.433
1678093200000,0.414
1678096800000,0.422
1678100400000,0.402
1678104000000,0.402
1678107600000,0.405
1678111200000,0.401
1678114800000,0.421
1678118400000,0.42
1678122000000,0.379
1678125600000,0.339
1678129200000,0.352
1678132800000,0.349
1678136400000,0.311
1678140000000,0.246
1678143600000,0.197
1678147200000,0.158
1678150800000,0.103
1678154400000,0.078
1678158000000,0.087
1678161600000,0.118
1678165200000,0.155
1678168800000,0.208
1678172400000,0.289
1678176000000,0.362
1678179600000,0.329
1678183200000,0.328
1678186800000,0.302
1678190400000,0.275
1678194000000,0.253
1678197600000,0.221
1678201200000,0.227
1678204800000,0.225
1678208400000,0.217
1678212000000,0.207
1678215600000,0.188
1678219200000,0.167
1678222800000,0.135
1678226400000,0.101
1678230000000,0.079
1678233600000,0.063
1678237200000,0.044
1678240800000,0.035
1678244400000,0.042
1678248000000,0.062
1678251600000,0.086
1678255200000,0.152
1678258800000,0.274
1678262400000,0.366
1678266000000,0.306
1678269600000,0.263
1678273200000,0.245
1678276800000,0.225
1678280400000,0.198
1678284000000,0.152
1678287600000,0.142
1678291200000,0.15
1678294800000,0.163
1678298400000,0.167
1678302000000,0.176
1678305600000,0.186
1678309200000,0.17
1678312800000,0.122
1678316400000,0.076
1678320000000,0.045
1678323600000,0.023
1678327200000,0.015
1678330800000,0.021
1678334400000,0.039
1678338000000,0.068
1678341600000,0.116
1678345200000,0.201
1678348800000,0.29
1678352400000,0.278
1678356000000,0.283
1678359600000,0.255
1678363200000,0.238
1678366800000,0.245
1678370400000,0.239
1678374000000,0.245
1678377600000,0.248
1678381200000,0.251
1678384800000,0.268
1678388400000,0.28
1678392000000,0.288
1678395600000,0.285
1678399200000,0.243
1678402800000,0.254
1678406400000,0.315
1678410000000,0.337
1678413600000,0.364
1678417200000,0.399
1678420800000,0.424
1678424400000,0.438
1678428000000,0.449
1678431600000,0.454
1678435200000,0.444
1678438800000,0.357
1678442400000,0.32
1678446000000,0.316
1678449600000,0.302
1678453200000,0.279
1678456800000,0.245
1678460400000,0.243
1678464000000,0.251
1678467600000,0.266
1678471200000,0.261
1678474800000,0.267
1678478400000,0.268
1678482000000,0.268
1678485600000,0.227
1678489200000,0.207
1678492800000,0.193
1678496400000,0.171
1678500000000,0.155
1678503600000,0.16
1678507200000,0.185
1678510800000,0.2
1678514400000,0.223
1678518000000,0.279
1678521600000,0.31
1678525200000,0.272
1678528800000,0.294
1678532400000,0.278
1678536000000,0.235
1678539600000,0.178
1678543200000,0.135
1678546800000,0.128
1678550400000,0.102
1678554000000,0.087
1678557600000,0.082
1678561200000,0.107
1678564800000,0.125
1678568400000,0.11
1678572000000,0.093
1678575600000,0.088
1678579200000,0.064
1678582800000,0.051
1678586400000,0.062
1678590000000,0.108
1678593600000,0.164
1678597200000,0.224
1678600800000,0.285
1678604400000,0.376
1678608000000,0.438
1678611600000,0.367
1678615200000,0.334
1678618800000,0.367
1678622400000,0.432
1678626000000,0.444
1678629600000,0.444
1678633200000,0.398
1678636800000,0.352
1678640400000,0.403
1678644000000,0.415
1678647600000,0.395
1678651200000,0.401
1678654800000,0.404
1678658400000,0.332
1678662000000,0.388
1678665600000,0.5
1678669200000,0.486
1678672800000,0.467
1678676400000,0.461
1678680000000,0.464
1678683600000,0.456
1678687200000,0.442
1678690800000,0.454
1678694400000,0.457
1678698000000,0.376
1678701600000,0.379
1678705200000,0.402
1678708800000,0.379
1678712400000,0.338
1678716000000,0.327
1678719600000,0.302
1678723200000,0.29
1678726800000,0.285
1678730400000,0.251
1678734000000,0.22
1678737600000,0.208
1678741200000,0.176
1678744800000,0.126
1678748400000,0.107
1678752000000,0.105
1678755600000,0.091
1678759200000,0.089
1678762800000,0.12
1678766400000,0.181
1678770000000,0.249
1678773600000,0.295
1678777200000,0.322
1678780800000,0.334
1678784400000,0.234
1678788000000,0.206
1678791600000,0.212
1678795200000,0.186
1678798800000,0.15
1678802400000,0.118
1678806000000,0.112
1678809600000,0.107
1678813200000,0.102
1678816800000,0.108
1678820400000,0.123
1678824000000,0.137
1678827600000,0.121
1678831200000,0.068
1678834800000,0.08
1678838400000,0.073
1678842000000,0.049
1678845600000,0.035
1678849200000,0.044
1678852800000,0.076
1678856400000,0.14
1678860000000,0.257
1678863600000,0.355
1678867200000,0.398
1678870800000,0.295
1678874400000,0.239
1678878000000,0.22
1678881600000,0.198
1678885200000,0.185
1678888800000,0.165
1678892400000,0.184
1678896000000,0.202
1678899600000,0.219
1678903200000,0.225
1678906800000,0.237
1678910400000,0.248
1678914000000,0.235
1678917600000,0.185
1678921200000,0.199
1678924800000,0.21
1678928400000,0.208
1678932000000,0.212
1678935600000,0.257
1678939200000,0.341
1678942800000,0.413
1678946400000,0.47
1678950000000,0.511
1678953600000,0.51
1678957200000,0.355
1678960800000,0.249
1678964400000,0.218
1678968000000,0.202
1678971600000,0.193
1678975200000,0.193
1678978800000,0.225
1678982400000,0.244
1678986000000,0.241
1678989600000,0.227
1678993200000,0.223
1678996800000,0.229
1679000400000,0.201
1679004000000,0.137
1679007600000,0.145
1679011200000,0.131
1679014800000,0.099
1679018400000,0.103
1679022000000,0.135
1679025600000,0.159
1679029200000,0.177
1679032800000,0.202
1679036400000,0.228
1679040000000,0.27
1679043600000,0.245
1679047200000,0.234
1679050800000,0.202
1679054400000,0.176
1679058000000,0.146
1679061600000,0.11
1679065200000,0.085
1679068800000,0.074
1679072400000,0.069
1679076000000,0.064
1679079600000,0.049
1679083200000,0.035
1679086800000,0.029
1679090400000,0.025
1679094000000,0.03
1679097600000,0.03
1679101200000,0.028
1679104800000,0.043
1679108400000,0.069
1679112000000,0.1
1679115600000,0.134
1679119200000,0.194
1679122800000,0.28
1679126400000,0.37
1679130000000,0.326
1679133600000,0.28
1679137200000,0.245
1679140800000,0.21
1679144400000,0.214
1679148000000,0.175
1679151600000,0.147
1679155200000,0.132
1679158800000,0.111
1679162400000,0.092
1679166000000,0.098
1679169600000,0.112
1679173200000,0.096
1679176800000,0.063
1679180400000,0.063
1679184000000,0.048
1679187600000,0.038
1679191200000,0.039
1679194800000,0.056
1679198400000,0.088
1679202000000,0.125
1679205600000,0.162
1679209200000,0.194
1679212800000,0.249
1679216400000,0.233
1679220000000,0.238
1679223600000,0.201
1679227200000,0.175
1679230800000,0.149
1679234400000,0.135
1679238000000,0.141
1679241600000,0.153
1679245200000,0.159
1679248800000,0.156
1679252400000,0.169
1679256000000,0.179
1679259600000,0.147
1679263200000,0.082
1679266800000,0.091
1679270400000,0.104
1679274000000,0.119
1679277600000,0.153
1679281200000,0.163
1679284800000,0.128
1679288400000,0.077
1679292000000,0.064
1679295600000,0.089
1679299200000,0.163
1679302800000,0.245
1679306400000,0.255
1679310000000,0.163
1679313600000,0.113
1679317200000,0.101
1679320800000,0.109
1679324400000,0.125
1679328000000,0.139
1679331600000,0.145
1679335200000,0.144
1679338800000,0.147
1679342400000,0.175
1679346000000,0.194
1679349600000,0.123
1679353200000,0.138
1679356800000,0.135
1679360400000,0.098
1679364000000,0.063
1679367600000,0.034
1679371200000,0.021
1679374800000,0.019
1679378400000,0.025
1679382000000,0.041
1679385600000,0.078
1679389200000,0.147
1679392800000,0.154
1679396400000,0.084
1679400000000,0.03
1679403600000,0.007
1679407200000,0.001
1679410800000,0.0
1679414400000,0.0
1679418000000,0.005
1679421600000,0.069
1679425200000,0.203
1679428800000,0.209
1679432400000,0.197
1679436000000,0.138
1679439600000,0.178
1679443200000,0.129
1679446800000,0.079
1679450400000,0.045
1679454000000,0.028
1679457600000,0.025
1679461200000,0.03
1679464800000,0.038
1679468400000,0.047
1679472000000,0.072
1679475600000,0.132
1679479200000,0.117
1679482800000,0.029
1679486400000,0.004
1679490000000,0.001
1679493600000,0.005
1679497200000,0.022
1679500800000,0.066
1679504400000,0.121
1679508000000,0.181
1679511600000,0.243
1679515200000,0.277
1679518800000,0.276
1679522400000,0.204
1679526000000,0.282
1679529600000,0.297
1679533200000,0.227
1679536800000,0.154
1679540400000,0.118
1679544000000,0.122
1679547600000,0.14
1679551200000,0.142
1679554800000,0.117
1679558400000,0.087
1679562000000,0.112
1679565600000,0.153
1679569200000,0.073
1679572800000,0.02
1679576400000,0.01
1679580000000,0.015
1679583600000,0.041
1679587200000,0.072
1679590800000,0.064
1679594400000,0.046
1679598000000,0.05
1679601600000,0.098
1679605200000,0.201
1679608800000,0.161
1679612400000,0.214
1679616000000,0.249
1679619600000,0.22
1679623200000,0.182
1679626800000,0.189
1679630400000,0.212
1679634000000,0.232
1679637600000,0.248
1679641200000,0.247
1679644800000,0.32
1679648400000,0.353
1679652000000,0.314
1679655600000,0.261
1679659200000,0.229
1679662800000,0.179
1679666400000,0.155
1679670000000,0.153
1679673600000,0.166
1679677200000,0.156
1679680800000,0.185
1679684400000,0.211
1679688000000,0.234
1679691600000,0.238
1679695200000,0.187
1679698800000,0.272
1679702400000,0.289
1679706000000,0.294
1679709600000,0.325
1679713200000,0.361
1679716800000,0.374
1679720400000,0.386
1679724000000,0.41
1679727600000,0.421
1679731200000,0.411
1679734800000,0.31
1679738400000,0.291
1679742000000,0.241
1679745600000,0.231
1679749200000,0.245
1679752800000,0.252
1679756400000,0.238
1679760000000,0.22
1679763600000,0.208
1679767200000,0.188
1679770800000,0.175
1679774400000,0.187
1679778000000,0.18
1679781600000,0.101
1679785200000,0.108
1679788800000,0.07
1679792400000,0.038
1679796000000,0.021
1679799600000,0.018
1679803200000,0.028
1679806800000,0.054
1679810400000,0.112
1679814000000,0.19
1679817600000,0.252
1679821200000,0.209
1679824800000,0.188
1679828400000,0.149
1679832000000,0.107
1679835600000,0.084
1679839200000,0.074
1679842800000,0.091
1679846400000,0.081
1679850000000,0.047
1679853600000,0.026
1679857200000,0.025
1679860800000,0.03
1679864400000,0.037
1679868000000,0.053
1679871600000,0.076
1679875200000,0.083
1679878800000,0.082
1679882400000,0.074
1679886000000,0.083
1679889600000,0.111
1679893200000,0.161
1679896800000,0.243
1679900400000,0.337
1679904000000,0.379
1679907600000,0.3
1679911200000,0.192
1679914800000,0.166
1679918400000,0.163
1679922000000,0.17
1679925600000,0.156
1679929200000,0.157
1679932800000,0.162
1679936400000,0.159
1679940000000,0.149
1679943600000,0.131
1679947200000,0.111
1679950800000,0.095
1679954400000,0.076
1679958000000,0.073
1679961600000,0.068
1679965200000,0.081
1679968800000,0.118
1679972400000,0.176
1679976000000,0.232
1679979600000,0.274
1679983200000,0.303
1679986800000,0.322
1679990400000,0.328
1679994000000,0.263
1679997600000,0.188
1680001200000,0.175
1680004800000,0.168
1680008400000,0.156
1680012000000,0.155
1680015600000,0.159
1680019200000,0.162
1680022800000,0.165
1680026400000,0.16
1680030000000,0.164
1680033600000,0.177
1680037200000,0.166
1680040800000,0.106
1680044400000,0.107
1680048000000,0.106
1680051600000,0.107
1680055200000,0.102
1680058800000,0.115
1680062400000,0.134
1680066000000,0.153
1680069600000,0.183
1680073200000,0.225
1680076800000,0.264
1680080400000,0.236
1680084000000,0.199
1680087600000,0.167
1680091200000,0.156
1680094800000,0.163
1680098400000,0.173
1680102000000,0.164
1680105600000,0.156
1680109200000,0.146
1680112800000,0.153
1680116400000,0.158
1680120000000,0.157
1680123600000,0.157
1680127200000,0.095
1680130800000,0.106
1680134400000,0.073
1680138000000,0.032
1680141600000,0.01
1680145200000,0.007
1680148800000,0.012
1680152400000,0.023
1680156000000,0.053
1680159600000,0.1
1680163200000,0.152
1680166800000,0.167
1680170400000,0.149
1680174000000,0.088
1680177600000,0.062
1680181200000,0.055
1680184800000,0.046
1680188400000,0.045
1680192000000,0.045
1680195600000,0.041
1680199200000,0.038
1680202800000,0.036
1680206400000,0.03
1680210000000,0.025
1680213600000,0.013
1680217200000,0.011
1680220800000,0.006
1680224400000,0.005
1680228000000,0.011
1680231600000,0.03
1680235200000,0.059
1680238800000,0.09
1680242400000,0.116
1680246000000,0.139
1680249600000,0.152
1680253200000,0.107
1680256800000,0.086
1680260400000,0.068
1680264000000,0.056
1680267600000,0.054
1680271200000,0.057
1680274800000,0.076
1680278400000,0.084
1680282000000,0.078
1680285600000,0.068
1680289200000,0.053
1680292800000,0.05
1680296400000,0.055
1680300000000,0.053
1680303600000,0.068
1680307200000,0.065
1680310800000,0.058
1680314400000,0.047
1680318000000,0.032
1680321600000,0.022
1680325200000,0.038
1680328800000,0.116
1680332400000,0.207
1680336000000,0.274
1680339600000,0.256
1680343200000,0.196
1680346800000,0.151
1680350400000,0.115
1680354000000,0.084
1680357600000,0.069
1680361200000,0.055
1680364800000,0.041
1680368400000,0.026
1680372000000,0.011
1680375600000,0.005
1680379200000,0.004
1680382800000,0.004
1680386400000,0.004
1680390000000,0.004
1680393600000,0.004
1680397200000,0.006
1680400800000,0.014
1680404400000,0.031
1680408000000,0.069
1680411600000,0.134
1680415200000,0.23
1680418800000,0.307
1680422400000,0.314
1680426000000,0.267
1680429600000,0.191
1680433200000,0.172
1680436800000,0.161
1680440400000,0.168
1680444000000,0.176
1680447600000,0.169
1680451200000,0.152
1680454800000,0.13
1680458400000,0.117
1680462000000,0.122
1680465600000,0.133
1680469200000,0.138
1680472800000,0.116
1680476400000,0.118
1680480000000,0.112
1680483600000,0.124
1680487200000,0.158
1680490800000,0.208
1680494400000,0.264
1680498000000,0.343
1680501600000,0.424
1680505200000,0.479
1680508800000,0.501
1680512400000,0.444
1680516000000,0.317
1680519600000,0.249
1680523200000,0.21
1680526800000,0.182
1680530400000,0.164
1680534000000,0.16
1680537600000,0.162
1680541200000,0.167
1680544800000,0.177
1680548400000,0.192
1680552000000,0.207
1680555600000,0.213
1680559200000,0.186
1680562800000,0.194
1680566400000,0.154
1680570000000,0.121
1680573600000,0.103
1680577200000,0.121
1680580800000,0.155
1680584400000,0.195
1680588000000,0.243
1680591600000,0.302
1680595200000,0.364
1680598800000,0.364
1680602400000,0.282
1680606000000,0.228
1680609600000,0.194
1680613200000,0.195
1680616800000,0.194
1680620400000,0.2
1680624000000,0.198
1680627600000,0.188
1680631200000,0.181
1680634800000,0.171
1680638400000,0.161
1680642000000,0.14
1680645600000,0.087
1680649200000,0.083
1680652800000,0.052
1680656400000,0.038
1680660000000,0.049
1680663600000,0.076
1680667200000,0.112
1680670800000,0.155
1680674400000,0.202
1680678000000,0.251
1680681600000,0.291
1680685200000,0.295
1680688800000,0.233
1680692400000,0.181
1680696000000,0.152
1680699600000,0.145
1680703200000,0.144
1680706800000,0.155
1680710400000,0.156
1680714000000,0.155
1680717600000,0.153
1680721200000,0.148
1680724800000,0.139
1680728400000,0.114
1680732000000,0.067
1680735600000,0.083
1680739200000,0.068
1680742800000,0.056
1680746400000,0.054
1680750000000,0.062
1680753600000,0.082
1680757200000,0.103
1680760800000,0.13
1680764400000,0.159
1680768000000,0.199
1680771600000,0.207
1680775200000,0.223
1680778800000,0.196
1680782400000,0.161
1680786000000,0.133
1680789600000,0.107
1680793200000,0.088
1680796800000,0.075
1680800400000,0.073
1680804000000,0.077
1680807600000,0.078
1680811200000,0.071
1680814800000,0.049
1680818400000,0.021
1680822000000,0.013
1680825600000,0.002
1680829200000,0.001
1680832800000,0.01
1680836400000,0.045
1680840000000,0.099
1680843600000,0.163
1680847200000,0.221
1680850800000,0.254
1680854400000,0.255
1680858000000,0.193
1680861600000,0.213
1680865200000,0.201
1680868800000,0.179
1680872400000,0.157
1680876000000,0.129
1680879600000,0.11
1680883200000,0.113
1680886800000,0.113
1680890400000,0.12
1680894000000,0.14
1680897600000,0.186
1680901200000,0.256
1680904800000,0.259
1680908400000,0.3
1680912000000,0.552
1680915600000,0.677
1680919200000,0.744
1680922800000,0.773
1680926400000,0.788
1680930000000,0.791
1680933600000,0.791
1680937200000,0.785
1680940800000,0.768
1680944400000,0.683
1680948000000,0.566
1680951600000,0.55
1680955200000,0.544
1680958800000,0.545
1680962400000,0.525
1680966000000,0.485
1680969600000,0.444
1680973200000,0.411
1680976800000,0.396
1680980400000,0.382
1680984000000,0.358
1680987600000,0.302
1680991200000,0.272
1680994800000,0.418
1680998400000,0.402
1681002000000,0.379
1681005600000,0.358
1681009200000,0.374
1681012800000,0.407
1681016400000,0.422
1681020000000,0.442
1681023600000,0.473
1681027200000,0.514
1681030800000,0.451
1681034400000,0.305
1681038000000,0.253
1681041600000,0.217
1681045200000,0.183
1681048800000,0.175
1681052400000,0.185
1681056000000,0.182
1681059600000,0.186
1681063200000,0.194
1681066800000,0.192
1681070400000,0.193
1681074000000,0.178
1681077600000,0.127
1681081200000,0.101
1681084800000,0.068
1681088400000,0.058
1681092000000,0.067
1681095600000,0.104
1681099200000,0.155
1681102800000,0.209
1681106400000,0.278
1681110000000,0.361
1681113600000,0.432
1681117200000,0.397
1681120800000,0.253
1681124400000,0.195
1681128000000,0.155
1681131600000,0.141
1681135200000,0.128
1681138800000,0.154
1681142400000,0.194
1681146000000,0.205
1681149600000,0.187
1681153200000,0.161
1681156800000,0.132
1681160400000,0.093
1681164000000,0.06
1681167600000,0.035
1681171200000,0.012
1681174800000,0.011
1681178400000,0.024
1681182000000,0.059
1681185600000,0.11
1681189200000,0.159
1681192800000,0.201
1681196400000,0.244
1681200000000,0.294
1681203600000,0.272
1681207200000,0.191
1681210800000,0.159
1681214400000,0.127
1681218000000,0.083
1681221600000,0.047
1681225200000,0.051
1681228800000,0.065
1681232400000,0.055
1681236000000,0.028
1681239600000,0.009
1681243200000,0.005
1681246800000,0.006
1681250400000,0.017
1681254000000,0.08
1681257600000,0.166
1681261200000,0.268
1681264800000,0.374
1681268400000,0.447
1681272000000,0.481
1681275600000,0.488
1681279200000,0.486
1681282800000,0.484
1681286400000,0.466
1681290000000,0.325
1681293600000,0.163
1681297200000,0.117
1681300800000,0.106
1681304400000,0.118
1681308000000,0.124
1681311600000,0.156
1681315200000,0.205
1681318800000,0.257
1681322400000,0.374
1681326000000,0.456
1681329600000,0.484
1681333200000,0.333
1681336800000,0.237
1681340400000,0.391
1681344000000,0.444
1681347600000,0.391
1681351200000,0.336
1681354800000,0.322
1681358400000,0.334
1681362000000,0.35
1681365600000,0.37
1681369200000,0.394
1681372800000,0.406
1681376400000,0.305
1681380000000,0.224
1681383600000,0.175
1681387200000,0.137
1681390800000,0.113
1681394400000,0.088
1681398000000,0.087
1681401600000,0.102
1681405200000,0.117
1681408800000,0.127
1681412400000,0.138
1681416000000,0.155
1681419600000,0.162
1681423200000,0.119
1681426800000,0.172
1681430400000,0.289
1681434000000,0.313
1681437600000,0.304
1681441200000,0.288
1681444800000,0.266
1681448400000,0.233
1681452000000,0.213
1681455600000,0.224
1681459200000,0.233
1681462800000,0.205
1681466400000,0.204
1681470000000,0.168
1681473600000,0.137
1681477200000,0.117
1681480800000,0.101
1681484400000,0.085
1681488000000,0.058
1681491600000,0.025
1681495200000,0.009
1681498800000,0.004
1681502400000,0.003
1681506000000,0.006
1681509600000,0.01
1681513200000,0.003
1681516800000,0.012
1681520400000,0.016
1681524000000,0.008
1681527600000,0.003
1681531200000,0.001
1681534800000,0.0
1681538400000,0.001
1681542000000,0.018
1681545600000,0.053
1681549200000,0.074
1681552800000,0.094
1681556400000,0.086
1681560000000,0.073
1681563600000,0.084
1681567200000,0.076
1681570800000,0.058
1681574400000,0.051
1681578000000,0.053
1681581600000,0.058
1681585200000,0.062
1681588800000,0.062
1681592400000,0.054
1681596000000,0.012
1681599600000,0.002
1681603200000,0.0
1681606800000,0.0
1681610400000,0.0
1681614000000,0.004
1681617600000,0.038
1681621200000,0.139
1681624800000,0.253
1681628400000,0.31
1681632000000,0.324
1681635600000,0.291
1681639200000,0.179
1681642800000,0.129
1681646400000,0.093
1681650000000,0.076
1681653600000,0.066
1681657200000,0.063
1681660800000,0.058
1681664400000,0.051
1681668000000,0.043
1681671600000,0.076
1681675200000,0.119
1681678800000,0.105
1681682400000,0.063
1681686000000,0.096
1681689600000,0.127
1681693200000,0.144
1681696800000,0.152
1681700400000,0.166
1681704000000,0.186
1681707600000,0.218
1681711200000,0.266
1681714800000,0.325
1681718400000,0.369
1681722000000,0.327
1681725600000,0.24
1681729200000,0.178
1681732800000,0.127
1681736400000,0.105
1681740000000,0.094
1681743600000,0.11
1681747200000,0.127
1681750800000,0.137
1681754400000,0.153
1681758000000,0.162
1681761600000,0.161
1681765200000,0.149
1681768800000,0.097
1681772400000,0.144
1681776000000,0.136
1681779600000,0.118
1681783200000,0.09
1681786800000,0.074
1681790400000,0.085
1681794000000,0.118
1681797600000,0.167
1681801200000,0.22
1681804800000,0.27
1681808400000,0.253
1681812000000,0.199
1681815600000,0.183
1681819200000,0.188
1681822800000,0.199
1681826400000,0.191
1681830000000,0.176
1681833600000,0.154
1681837200000,0.142
1681840800000,0.13
1681844400000,0.12
1681848000000,0.119
1681851600000,0.113
1681855200000,0.083
1681858800000,0.124
1681862400000,0.11
1681866000000,0.087
1681869600000,0.054
1681873200000,0.026
1681876800000,0.008
1681880400000,0.002
1681884000000,0.002
1681887600000,0.008
1681891200000,0.039
1681894800000,0.078
1681898400000,0.101
1681902000000,0.073
1681905600000,0.054
1681909200000,0.045
1681912800000,0.041
1681916400000,0.038
1681920000000,0.04
1681923600000,0.043
1681927200000,0.044
1681930800000,0.045
1681934400000,0.043
1681938000000,0.043
1681941600000,0.037
1681945200000,0.046
1681948800000,0.041
1681952400000,0.031
1681956000000,0.02
1681959600000,0.013
1681963200000,0.008
1681966800000,0.008
1681970400000,0.014
1681974000000,0.02
1681977600000,0.037
1681981200000,0.059
1681984800000,0.068
1681988400000,0.064
1681992000000,0.048
1681995600000,0.037
1681999200000,0.035
1682002800000,0.022
1682006400000,0.011
1682010000000,0.006
1682013600000,0.002
1682017200000,0.0
1682020800000,0.0
1682024400000,0.0
1682028000000,0.0
1682031600000,0.0
1682035200000,0.0
1682038800000,0.0
1682042400000,0.001
1682046000000,0.004
1682049600000,0.011
1682053200000,0.027
1682056800000,0.065
1682060400000,0.127
1682064000000,0.131
1682067600000,0.084
1682071200000,0.081
1682074800000,0.064
1682078400000,0.053
1682082000000,0.043
1682085600000,0.039
1682089200000,0.047
1682092800000,0.054
1682096400000,0.051
1682100000000,0.04
1682103600000,0.029
1682107200000,0.021
1682110800000,0.011
1682114400000,0.011
1682118000000,0.013
1682121600000,0.015
1682125200000,0.017
1682128800000,0.024
1682132400000,0.043
1682136000000,0.073
1682139600000,0.105
1682143200000,0.151
1682146800000,0.247
1682150400000,0.283
1682154000000,0.172
1682157600000,0.063
1682161200000,0.044
1682164800000,0.055
1682168400000,0.083
1682172000000,0.097
1682175600000,0.112
1682179200000,0.114
1682182800000,0.114
1682186400000,0.113
1682190000000,0.112
1682193600000,0.104
1682197200000,0.091
1682200800000,0.048
1682204400000,0.026
1682208000000,0.013
1682211600000,0.008
1682215200000,0.017
1682218800000,0.053
1682222400000,0.118
1682226000000,0.201
1682229600000,0.283
1682233200000,0.327
1682236800000,0.329
1682240400000,0.291
1682244000000,0.207
1682247600000,0.174
1682251200000,0.16
1682254800000,0.158
1682258400000,0.149
1682262000000,0.137
1682265600000,0.126
1682269200000,0.119
1682272800000,0.127
1682276400000,0.144
1682280000000,0.159
1682283600000,0.144
1682287200000,0.101
1682290800000,0.103
1682294400000,0.096
1682298000000,0.096
1682301600000,0.102
1682305200000,0.137
1682308800000,0.192
1682312400000,0.244
1682316000000,0.284
1682319600000,0.313
1682323200000,0.326
1682326800000,0.291
1682330400000,0.213
1682334000000,0.179
1682337600000,0.159
1682341200000,0.156
1682344800000,0.14
1682348400000,0.138
1682352000000,0.144
1682355600000,0.162
1682359200000,0.172
1682362800000,0.178
1682366400000,0.174
1682370000000,0.152
1682373600000,0.114
1682377200000,0.134
1682380800000,0.129
1682384400000,0.129
1682388000000,0.136
1682391600000,0.148
1682395200000,0.155
1682398800000,0.16
1682402400000,0.172
1682406000000,0.201
1682409600000,0.231
1682413200000,0.217
1682416800000,0.163
1682420400000,0.143
1682424000000,0.131
1682427600000,0.126
1682431200000,0.112
1682434800000,0.112
1682438400000,0.12
1682442000000,0.126
1682445600000,0.141
1682449200000,0.155
1682452800000,0.163
1682456400000,0.141
1682460000000,0.092
1682463600000,0.078
1682467200000,0.061
1682470800000,0.061
1682474400000,0.069
1682478000000,0.094
1682481600000,0.136
1682485200000,0.192
1682488800000,0.267
1682492400000,0.344
1682496000000,0.386
1682499600000,0.358
1682503200000,0.254
1682506800000,0.206
1682510400000,0.196
1682514000000,0.201
1682517600000,0.22
1682521200000,0.233
1682524800000,0.205
1682528400000,0.194
1682532000000,0.195
1682535600000,0.188
1682539200000,0.176
1682542800000,0.155
1682546400000,0.119
1682550000000,0.139
1682553600000,0.142
1682557200000,0.138
1682560800000,0.14
1682564400000,0.168
1682568000000,0.204
1682571600000,0.238
1682575200000,0.272
1682578800000,0.314
1682582400000,0.355
1682586000000,0.332
1682589600000,0.225
1682593200000,0.181
1682596800000,0.171
1682600400000,0.165
1682604000000,0.148
1682607600000,0.136
1682611200000,0.118
1682614800000,0.099
1682618400000,0.076
1682622000000,0.064
1682625600000,0.063
1682629200000,0.067
1682632800000,0.067
1682636400000,0.087
1682640000000,0.092
1682643600000,0.089
1682647200000,0.086
1682650800000,0.108
1682654400000,0.146
1682658000000,0.181
1682661600000,0.208
1682665200000,0.245
1682668800000,0.302
1682672400000,0.314
1682676000000,0.231
1682679600000,0.202
1682683200000,0.162
1682686800000,0.136
1682690400000,0.126
1682694000000,0.125
1682697600000,0.128
1682701200000,0.133
1682704800000,0.139
1682708400000,0.141
1682712000000,0.145
1682715600000,0.146
1682719200000,0.121
1682722800000,0.143
1682726400000,0.144
1682730000000,0.141
1682733600000,0.13
1682737200000,0.106
1682740800000,0.085
1682744400000,0.088
1682748000000,0.131
1682751600000,0.201
1682755200000,0.27
1682758800000,0.272
1682762400000,0.201
1682766000000,0.118
1682769600000,0.071
1682773200000,0.049
1682776800000,0.041
1682780400000,0.046
1682784000000,0.06
1682787600000,0.076
1682791200000,0.082
1682794800000,0.085
1682798400000,0.09
1682802000000,0.083
1682805600000,0.048
1682809200000,0.044
1682812800000,0.019
1682816400000,0.008
1682820000000,0.013
1682823600000,0.038
1682827200000,0.081
1682830800000,0.134
1682834400000,0.19
1682838000000,0.223
1682841600000,0.233
1682845200000,0.186
1682848800000,0.144
1682852400000,0.103
1682856000000,0.076
1682859600000,0.06
1682863200000,0.034
1682866800000,0.012
1682870400000,0.011
1682874000000,0.022
1682877600000,0.039
1682881200000,0.04
1682884800000,0.04
1682888400000,0.035
1682892000000,0.029
1682895600000,0.031
1682899200000,0.038
1682902800000,0.053
1682906400000,0.07
1682910000000,0.103
1682913600000,0.16
1682917200000,0.229
1682920800000,0.3
1682924400000,0.366
1682928000000,0.413
1682931600000,0.399
1682935200000,0.294
1682938800000,0.219
1682942400000,0.197
1682946000000,0.174
1682949600000,0.158
1682953200000,0.179
1682956800000,0.185
1682960400000,0.182
1682964000000,0.195
1682967600000,0.213
1682971200000,0.231
1682974800000,0.205
1682978400000,0.206
1682982000000,0.331
1682985600000,0.324
1682989200000,0.305
1682992800000,0.31
1682996400000,0.328
1683000000000,0.353
1683003600000,0.391
1683007200000,0.432
1683010800000,0.484
1683014400000,0.552
1683018000000,0.541
1683021600000,0.397
1683025200000,0.3
1683028800000,0.272
1683032400000,0.272
1683036000000,0.238
1683039600000,0.213
1683043200000,0.213
1683046800000,0.193
1683050400000,0.191
1683054000000,0.225
1683057600000,0.251
1683061200000,0.274
1683064800000,0.305
1683068400000,0.483
1683072000000,0.513
1683075600000,0.504
1683079200000,0.467
1683082800000,0.441
1683086400000,0.43
1683090000000,0.444
1683093600000,0.497
1683097200000,0.537
1683100800000,0.549
1683104400000,0.497
1683108000000,0.361
1683111600000,0.277
1683115200000,0.234
1683118800000,0.205
1683122400000,0.177
1683126000000,0.17
1683129600000,0.167
1683133200000,0.164
1683136800000,0.17
1683140400000,0.167
1683144000000,0.186
1683147600000,0.179
1683151200000,0.183
1683154800000,0.245
1683158400000,0.236
1683162000000,0.228
1683165600000,0.227
1683169200000,0.264
1683172800000,0.324
1683176400000,0.394
1683180000000,0.464
1683183600000,0.516
1683187200000,0.543
1683190800000,0.491
1683194400000,0.362
1683198000000,0.305
1683201600000,0.265
1683205200000,0.254
1683208800000,0.272
1683212400000,0.256
1683216000000,0.252
1683219600000,0.258
1683223200000,0.253
1683226800000,0.249
1683230400000,0.233
1683234000000,0.208
1683237600000,0.127
1683241200000,0.196
1683244800000,0.182
1683248400000,0.136
1683252000000,0.102
1683255600000,0.093
1683259200000,0.105
1683262800000,0.135
1683266400000,0.178
1683270000000,0.239
1683273600000,0.317
1683277200000,0.355
1683280800000,0.282
1683284400000,0.255
1683288000000,0.231
1683291600000,0.201
1683295200000,0.184
1683298800000,0.18
1683302400000,0.179
1683306000000,0.167
1683309600000,0.165
1683313200000,0.167
1683316800000,0.164
1683320400000,0.165
1683324000000,0.167
1683327600000,0.251
1683331200000,0.233
1683334800000,0.201
1683338400000,0.174
1683342000000,0.16
1683345600000,0.16
1683349200000,0.163
1683352800000,0.161
1683356400000,0.172
1683360000000,0.227
1683363600000,0.233
1683367200000,0.251
1683370800000,0.202
1683374400000,0.145
1683378000000,0.103
1683381600000,0.081
1683385200000,0.082
1683388800000,0.104
1683392400000,0.118
1683396000000,0.127
1683399600000,0.131
1683403200000,0.132
1683406800000,0.118
1683410400000,0.133
1683414000000,0.137
1683417600000,0.092
1683421200000,0.045
1683424800000,0.022
1683428400000,0.018
1683432000000,0.02
1683435600000,0.032
1683439200000,0.06
1683442800000,0.106
1683446400000,0.133
1683450000000,0.112
1683453600000,0.078
1683457200000,0.058
1683460800000,0.05
1683464400000,0.026
1683468000000,0.003
1683471600000,0.0
1683475200000,0.0
1683478800000,0.0
1683482400000,0.0
1683486000000,0.002
1683489600000,0.005
1683493200000,0.005
1683496800000,0.002
1683500400000,0.001
1683504000000,0.001
1683507600000,0.001
1683511200000,0.004
1683514800000,0.011
1683518400000,0.025
1683522000000,0.055
1683525600000,0.093
1683529200000,0.129
1683532800000,0.142
1683536400000,0.103
1683540000000,0.067
1683543600000,0.034
1683547200000,0.026
1683550800000,0.042
1683554400000,0.079
1683558000000,0.102
1683561600000,0.118
1683565200000,0.132
1683568800000,0.151
1683572400000,0.168
1683576000000,0.177
1683579600000,0.14
1683583200000,0.093
1683586800000,0.081
1683590400000,0.067
1683594000000,0.063
1683597600000,0.081
1683601200000,0.129
1683604800000,0.202
1683608400000,0.308
1683612000000,0.407
1683615600000,0.457
1683619200000,0.466
1683622800000,0.401
1683626400000,0.254
1683630000000,0.174
1683633600000,0.14
1683637200000,0.136
1683640800000,0.133
1683644400000,0.144
1683648000000,0.137
1683651600000,0.134
1683655200000,0.148
1683658800000,0.146
1683662400000,0.142
1683666000000,0.135
1683669600000,0.145
1683673200000,0.14
1683676800000,0.121
1683680400000,0.117
1683684000000,0.121
1683687600000,0.133
1683691200000,0.148
1683694800000,0.173
1683698400000,0.213
1683702000000,0.251
1683705600000,0.257
1683709200000,0.247
1683712800000,0.2
1683716400000,0.167
1683720000000,0.141
1683723600000,0.13
1683727200000,0.122
1683730800000,0.113
1683734400000,0.108
1683738000000,0.106
1683741600000,0.096
1683745200000,0.092
1683748800000,0.092
1683752400000,0.082
1683756000000,0.059
1683759600000,0.034
1683763200000,0.022
1683766800000,0.022
1683770400000,0.034
1683774000000,0.063
1683777600000,0.117
1683781200000,0.188
1683784800000,0.274
1683788400000,0.337
1683792000000,0.355
1683795600000,0.32
1683799200000,0.221
1683802800000,0.16
1683806400000,0.145
1683810000000,0.143
1683813600000,0.161
1683817200000,0.176
1683820800000,0.155
1683824400000,0.151
1683828000000,0.161
1683831600000,0.169
1683835200000,0.18
1683838800000,0.165
1683842400000,0.112
1683846000000,0.08
1683849600000,0.045
1683853200000,0.021
1683856800000,0.015
1683860400000,0.033
1683864000000,0.084
1683867600000,0.176
1683871200000,0.278
1683874800000,0.343
1683878400000,0.355
1683882000000,0.305
1683885600000,0.192
1683889200000,0.135
1683892800000,0.119
1683896400000,0.108
1683900000000,0.088
1683903600000,0.065
1683907200000,0.051
1683910800000,0.045
1683914400000,0.039
1683918000000,0.035
1683921600000,0.032
1683925200000,0.028
1683928800000,0.017
1683932400000,0.006
1683936000000,0.001
1683939600000,0.0
1683943200000,0.0
1683946800000,0.009
1683950400000,0.065
1683954000000,0.161
1683957600000,0.237
1683961200000,0.238
1683964800000,0.204
1683968400000,0.161
1683972000000,0.104
1683975600000,0.077
1683979200000,0.06
1683982800000,0.045
1683986400000,0.029
1683990000000,0.018
1683993600000,0.011
1683997200000,0.007
1684000800000,0.005
1684004400000,0.004
1684008000000,0.004
1684011600000,0.004
1684015200000,0.004
1684018800000,0.001
1684022400000,0.0
1684026000000,0.0
1684029600000,0.0
1684033200000,0.001
1684036800000,0.012
1684040400000,0.042
1684044000000,0.109
1684047600000,0.208
1684051200000,0.268
1684054800000,0.243
1684058400000,0.146
1684062000000,0.087
1684065600000,0.061
1684069200000,0.047
1684072800000,0.038
1684076400000,0.024
1684080000000,0.014
1684083600000,0.007
1684087200000,0.005
1684090800000,0.005
1684094400000,0.005
1684098000000,0.007
1684101600000,0.004
1684105200000,0.002
1684108800000,0.002
1684112400000,0.003
1684116000000,0.006
1684119600000,0.015
1684123200000,0.035
1684126800000,0.059
1684130400000,0.09
1684134000000,0.128
1684137600000,0.146
1684141200000,0.112
1684144800000,0.048
1684148400000,0.025
1684152000000,0.012
1684155600000,0.01
1684159200000,0.013
1684162800000,0.022
1684166400000,0.039
1684170000000,0.06
1684173600000,0.076
1684177200000,0.093
1684180800000,0.1
1684184400000,0.105
1684188000000,0.078
1684191600000,0.084
1684195200000,0.066
1684198800000,0.05
1684202400000,0.045
1684206000000,0.054
1684209600000,0.084
1684213200000,0.113
1684216800000,0.126
1684220400000,0.126
1684224000000,0.12
1684227600000,0.11
1684231200000,0.122
1684234800000,0.1
1684238400000,0.066
1684242000000,0.047
1684245600000,0.037
1684249200000,0.03
1684252800000,0.024
1684256400000,0.016
1684260000000,0.008
1684263600000,0.003
1684267200000,0.001
1684270800000,0.001
1684274400000,0.0
1684278000000,0.0
1684281600000,0.0
1684285200000,0.0
1684288800000,0.0
1684292400000,0.001
1684296000000,0.003
1684299600000,0.01
1684303200000,0.028
1684306800000,0.092
1684310400000,0.195
1684314000000,0.246
1684317600000,0.184
1684321200000,0.122
1684324800000,0.072
1684328400000,0.037
1684332000000,0.018
1684335600000,0.009
1684339200000,0.007
1684342800000,0.005
1684346400000,0.004
1684350000000,0.004
1684353600000,0.006
1684357200000,0.008
1684360800000,0.003
1684364400000,0.0
1684368000000,0.0
1684371600000,0.0
1684375200000,0.001
1684378800000,0.009
1684382400000,0.026
1684386000000,0.041
1684389600000,0.053
1684393200000,0.055
1684396800000,0.049
1684400400000,0.035
1684404000000,0.019
1684407600000,0.009
1684411200000,0.004
1684414800000,0.002
1684418400000,0.002
1684422000000,0.004
1684425600000,0.01
1684429200000,0.02
1684432800000,0.031
1684436400000,0.035
1684440000000,0.035
1684443600000,0.031
1684447200000,0.012
1684450800000,0.006
1684454400000,0.003
1684458000000,0.003
1684461600000,0.007
1684465200000,0.017
1684468800000,0.032
1684472400000,0.054
1684476000000,0.074
1684479600000,0.089
1684483200000,0.097
1684486800000,0.1
1684490400000,0.084
1684494000000,0.082
1684497600000,0.083
1684501200000,0.093
1684504800000,0.086
1684508400000,0.065
1684512000000,0.051
1684515600000,0.05
1684519200000,0.046
1684522800000,0.041
1684526400000,0.048
1684530000000,0.048
1684533600000,0.034
1684537200000,0.034
1684540800000,0.036
1684544400000,0.042
1684548000000,0.046
1684551600000,0.059
1684555200000,0.088
1684558800000,0.106
1684562400000,0.113
1684566000000,0.133
1684569600000,0.149
1684573200000,0.135
1684576800000,0.141
1684580400000,0.133
1684584000000,0.115
1684587600000,0.108
1684591200000,0.094
1684594800000,0.078
1684598400000,0.064
1684602000000,0.058
1684605600000,0.041
1684609200000,0.039
1684612800000,0.048
1684616400000,0.046
1684620000000,0.027
1684623600000,0.028
1684627200000,0.025
1684630800000,0.02
1684634400000,0.013
1684638000000,0.006
1684641600000,0.001
1684645200000,0.0
1684648800000,0.0
1684652400000,0.002
1684656000000,0.019
1684659600000,0.058
1684663200000,0.072
1684666800000,0.042
1684670400000,0.018
1684674000000,0.009
1684677600000,0.005
1684681200000,0.004
1684684800000,0.003
1684688400000,0.004
1684692000000,0.007
1684695600000,0.012
1684699200000,0.02
1684702800000,0.031
1684706400000,0.027
1684710000000,0.025
1684713600000,0.012
1684717200000,0.005
1684720800000,0.002
1684724400000,0.001
1684728000000,0.001
1684731600000,0.005
1684735200000,0.02
1684738800000,0.046
1684742400000,0.063
1684746000000,0.069
1684749600000,0.083
1684753200000,0.079
1684756800000,0.077
1684760400000,0.067
1684764000000,0.035
1684767600000,0.044
1684771200000,0.046
1684774800000,0.059
1684778400000,0.093
1684782000000,0.075
1684785600000,0.018
1684789200000,0.005
1684792800000,0.006
1684796400000,0.002
1684800000000,0.001
1684803600000,0.002
1684807200000,0.002
1684810800000,0.007
1684814400000,0.045
1684818000000,0.144
1684821600000,0.269
1684825200000,0.328
1684828800000,0.283
1684832400000,0.187
1684836000000,0.151
1684839600000,0.154
1684843200000,0.105
1684846800000,0.066
1684850400000,0.051
1684854000000,0.038
1684857600000,0.025
1684861200000,0.014
1684864800000,0.01
1684868400000,0.006
1684872000000,0.004
1684875600000,0.003
1684879200000,0.002
1684882800000,0.0
1684886400000,0.0
1684890000000,0.0
1684893600000,0.0
1684897200000,0.002
1684900800000,0.005
1684904400000,0.004
1684908000000,0.013
1684911600000,0.026
1684915200000,0.04
1684918800000,0.046
1684922400000,0.046
1684926000000,0.037
1684929600000,0.034
1684933200000,0.032
1684936800000,0.028
1684940400000,0.022
1684944000000,0.025
1684947600000,0.049
1684951200000,0.072
1684954800000,0.078
1684958400000,0.071
1684962000000,0.041
1684965600000,0.008
1684969200000,0.0
1684972800000,0.0
1684976400000,0.0
1684980000000,0.006
1684983600000,0.025
1684987200000,0.066
1684990800000,0.125
1684994400000,0.179
1684998000000,0.216
1685001600000,0.233
1685005200000,0.22
1685008800000,0.171
1685012400000,0.152
1685016000000,0.119
1685019600000,0.09
1685023200000,0.07
1685026800000,0.067
1685030400000,0.071
1685034000000,0.085
1685037600000,0.106
1685041200000,0.126
1685044800000,0.147
1685048400000,0.133
1685052000000,0.128
1685055600000,0.128
1685059200000,0.101
1685062800000,0.098
1685066400000,0.12
1685070000000,0.182
1685073600000,0.264
1685077200000,0.337
1685080800000,0.38
1685084400000,0.399
1685088000000,0.404
1685091600000,0.371
1685095200000,0.291
1685098800000,0.239
1685102400000,0.225
1685106000000,0.231
1685109600000,0.236
1685113200000,0.24
1685116800000,0.238
1685120400000,0.223
1685124000000,0.201
1685127600000,0.163
1685131200000,0.143
1685134800000,0.137
1685138400000,0.119
1685142000000,0.112
1685145600000,0.099
1685149200000,0.089
1685152800000,0.093
1685156400000,0.15
1685160000000,0.287
1685163600000,0.467
1685167200000,0.564
1685170800000,0.547
1685174400000,0.448
1685178000000,0.352
1685181600000,0.295
1685185200000,0.251
1685188800000,0.173
1685192400000,0.115
1685196000000,0.088
1685199600000,0.087
1685203200000,0.124
1685206800000,0.164
1685210400000,0.211
1685214000000,0.237
1685217600000,0.265
1685221200000,0.264
1685224800000,0.22
1685228400000,0.348
1685232000000,0.484
1685235600000,0.599
1685239200000,0.698
1685242800000,0.706
1685246400000,0.715
1685250000000,0.756
1685253600000,0.791
1685257200000,0.808
1685260800000,0.798
1685264400000,0.693
1685268000000,0.552
1685271600000,0.54
1685275200000,0.542
1685278800000,0.543
1685282400000,0.574
1685286000000,0.614
1685289600000,0.653
1685293200000,0.685
1685296800000,0.72
1685300400000,0.734
1685304000000,0.754
1685307600000,0.772
1685311200000,0.777
1685314800000,0.804
1685318400000,0.884
1685322000000,0.925
1685325600000,0.946
1685329200000,0.962
1685332800000,0.973
1685336400000,0.98
1685340000000,0.985
1685343600000,0.987
1685347200000,0.984
1685350800000,0.971
1685354400000,0.938
1685358000000,0.923
1685361600000,0.924
1685365200000,0.923
1685368800000,0.926
1685372400000,0.932
1685376000000,0.935
1685379600000,0.932
1685383200000,0.912
1685386800000,0.882
1685390400000,0.868
1685394000000,0.857
1685397600000,0.854
1685401200000,0.86
1685404800000,0.898
1685408400000,0.948
1685412000000,0.963
1685415600000,0.978
1685419200000,0.984
1685422800000,0.986
1685426400000,0.985
1685430000000,0.979
1685433600000,0.954
1685437200000,0.891
1685440800000,0.839
1685444400000,0.814
1685448000000,0.793
1685451600000,0.761
1685455200000,0.739
1685458800000,0.772
1685462400000,0.809
1685466000000,0.82
1685469600000,0.815
1685473200000,0.806
1685476800000,0.799
1685480400000,0.783
1685484000000,0.75
1685487600000,0.796
1685491200000,0.894
1685494800000,0.934
1685498400000,0.945
1685502000000,0.953
1685505600000,0.961
1685509200000,0.968
1685512800000,0.971
1685516400000,0.971
1685520000000,0.959
1685523600000,0.903
1685527200000,0.753
1685530800000,0.636
1685534400000,0.554
1685538000000,0.522
1685541600000,0.524
1685545200000,0.552
1685548800000,0.586
1685552400000,0.612
1685556000000,0.635
1685559600000,0.668
1685563200000,0.688
1685566800000,0.682
1685570400000,0.634
1685574000000,0.687
1685577600000,0.821
1685581200000,0.873
1685584800000,0.885
1685588400000,0.892
1685592000000,0.894
1685595600000,0.884
1685599200000,0.868
1685602800000,0.845
1685606400000,0.791
1685610000000,0.601
1685613600000,0.364
1685617200000,0.247
1685620800000,0.184
1685624400000,0.146
1685628000000,0.127
1685631600000,0.132
1685635200000,0.12
1685638800000,0.105
1685642400000,0.087
1685646000000,0.079
1685649600000,0.066
1685653200000,0.054
1685656800000,0.029
1685660400000,0.04
1685664000000,0.019
1685667600000,0.005
1685671200000,0.001
1685674800000,0.002
1685678400000,0.017
1685682000000,0.062
1685685600000,0.14
1685689200000,0.204
1685692800000,0.179
1685696400000,0.104
1685700000000,0.084
1685703600000,0.071
1685707200000,0.045
1685710800000,0.034
1685714400000,0.025
1685718000000,0.026
1685721600000,0.029
1685725200000,0.035
1685728800000,0.043
1685732400000,0.048
1685736000000,0.05
1685739600000,0.047
1685743200000,0.045
1685746800000,0.048
1685750400000,0.045
1685754000000,0.058
1685757600000,0.076
1685761200000,0.11
1685764800000,0.147
1685768400000,0.178
1685772000000,0.198
1685775600000,0.192
1685779200000,0.177
1685782800000,0.155
1685786400000,0.202
1685790000000,0.224
1685793600000,0.196
1685797200000,0.169
1685800800000,0.148
1685804400000,0.131
1685808000000,0.12
1685811600000,0.108
1685815200000,0.084
1685818800000,0.05
1685822400000,0.026
1685826000000,0.016
1685829600000,0.018
1685833200000,0.036
1685836800000,0.032
1685840400000,0.042
1685844000000,0.061
1685847600000,0.094
1685851200000,0.13
1685854800000,0.152
1685858400000,0.167
1685862000000,0.183
1685865600000,0.209
1685869200000,0.209
1685872800000,0.207
1685876400000,0.209
1685880000000,0.187
1685883600000,0.183
1685887200000,0.192
1685890800000,0.179
1685894400000,0.164
1685898000000,0.164
1685901600000,0.161
1685905200000,0.155
1685908800000,0.14
1685912400000,0.113
1685916000000,0.07
1685919600000,0.115
1685923200000,0.161
1685926800000,0.206
1685930400000,0.252
1685934000000,0.306
1685937600000,0.334
1685941200000,0.328
1685944800000,0.294
1685948400000,0.246
1685952000000,0.207
1685955600000,0.183
1685959200000,0.238
1685962800000,0.251
1685966400000,0.201
1685970000000,0.169
1685973600000,0.151
1685977200000,0.132
1685980800000,0.147
1685984400000,0.146
1685988000000,0.109
1685991600000,0.099
1685995200000,0.111
1685998800000,0.112
1686002400000,0.091
1686006000000,0.111
1686009600000,0.112
1686013200000,0.102
1686016800000,0.087
1686020400000,0.062
1686024000000,0.042
1686027600000,0.038
1686031200000,0.029
1686034800000,0.041
1686038400000,0.057
1686042000000,0.083
1686045600000,0.106
1686049200000,0.118
1686052800000,0.133
1686056400000,0.156
1686060000000,0.172
1686063600000,0.186
1686067200000,0.146
1686070800000,0.119
1686074400000,0.12
1686078000000,0.12
1686081600000,0.105
1686085200000,0.108
1686088800000,0.118
1686092400000,0.15
1686096000000,0.133
1686099600000,0.123
1686103200000,0.127
1686106800000,0.151
1686110400000,0.201
1686114000000,0.26
1686117600000,0.324
1686121200000,0.379
1686124800000,0.401
1686128400000,0.342
1686132000000,0.268
1686135600000,0.211
1686139200000,0.178
1686142800000,0.157
1686146400000,0.139
1686150000000,0.131
1686153600000,0.118
1686157200000,0.097
1686160800000,0.072
1686164400000,0.055
1686168000000,0.043
1686171600000,0.037
1686175200000,0.024
1686178800000,0.01
1686182400000,0.005
1686186000000,0.004
1686189600000,0.006
1686193200000,0.009
1686196800000,0.019
1686200400000,0.045
1686204000000,0.086
1686207600000,0.113
1686211200000,0.118
1686214800000,0.123
1686218400000,0.122
1686222000000,0.103
1686225600000,0.088
1686229200000,0.088
1686232800000,0.088
1686236400000,0.054
1686240000000,0.005
1686243600000,0.0
1686247200000,0.0
1686250800000,0.0
1686254400000,0.0
1686258000000,0.0
1686261600000,0.0
1686265200000,0.0
1686268800000,0.0
1686272400000,0.0
1686276000000,0.0
1686279600000,0.0
1686283200000,0.005
1686286800000,0.057
1686290400000,0.176
1686294000000,0.289
1686297600000,0.303
1686301200000,0.195
1686304800000,0.113
1686308400000,0.061
1686312000000,0.025
1686315600000,0.016
1686319200000,0.012
1686322800000,0.016
1686326400000,0.026
1686330000000,0.038
1686333600000,0.053
1686337200000,0.058
1686340800000,0.048
1686344400000,0.027
1686348000000,0.008
1686351600000,0.0
1686355200000,0.0
1686358800000,0.001
1686362400000,0.013
1686366000000,0.025
1686369600000,0.02
1686373200000,0.013
1686376800000,0.008
1686380400000,0.023
1686384000000,0.058
1686387600000,0.076
1686391200000,0.067
1686394800000,0.043
1686398400000,0.027
1686402000000,0.03
1686405600000,0.036
1686409200000,0.031
1686412800000,0.021
1686416400000,0.017
1686420000000,0.013
1686423600000,0.013
1686427200000,0.026
1686430800000,0.045
1686434400000,0.058
1686438000000,0.125
1686441600000,0.118
1686445200000,0.101
1686448800000,0.087
1686452400000,0.064
1686456000000,0.04
1686459600000,0.017
1686463200000,0.005
1686466800000,0.002
1686470400000,0.002
1686474000000,0.001
1686477600000,0.0
1686481200000,0.001
1686484800000,0.003
1686488400000,0.006
1686492000000,0.007
1686495600000,0.007
1686499200000,0.017
1686502800000,0.036
1686506400000,0.051
1686510000000,0.074
1686513600000,0.1
1686517200000,0.126
1686520800000,0.124
1686524400000,0.163
1686528000000,0.207
1686531600000,0.286
1686535200000,0.323
1686538800000,0.284
1686542400000,0.245
1686546000000,0.23
1686549600000,0.213
1686553200000,0.141
1686556800000,0.077
1686560400000,0.036
1686564000000,0.038
1686567600000,0.093
1686571200000,0.136
1686574800000,0.135
1686578400000,0.126
1686582000000,0.112
1686585600000,0.098
1686589200000,0.084
1686592800000,0.072
1686596400000,0.073
1686600000000,0.091
1686603600000,0.115
1686607200000,0.118
1686610800000,0.145
1686614400000,0.17
1686618000000,0.22
1686621600000,0.264
1686625200000,0.274
1686628800000,0.261
1686632400000,0.244
1686636000000,0.218
1686639600000,0.176
1686643200000,0.133
1686646800000,0.091
1686650400000,0.05
1686654000000,0.019
1686657600000,0.004
1686661200000,0.001
1686664800000,0.001
1686668400000,0.003
1686672000000,0.009
1686675600000,0.027
1686679200000,0.057
1686682800000,0.089
1686686400000,0.115
1686690000000,0.121
1686693600000,0.097
1686697200000,0.096
1686700800000,0.095
1686704400000,0.09
1686708000000,0.068
1686711600000,0.046
1686715200000,0.037
1686718800000,0.038
1686722400000,0.062
1686726000000,0.093
1686729600000,0.107
1686733200000,0.076
1686736800000,0.047
1686740400000,0.018
1686744000000,0.035
1686747600000,0.087
1686751200000,0.036
1686754800000,0.015
1686758400000,0.025
1686762000000,0.039
1686765600000,0.039
1686769200000,0.042
1686772800000,0.032
1686776400000,0.019
1686780000000,0.021
1686783600000,0.026
1686787200000,0.025
1686790800000,0.028
1686794400000,0.03
1686798000000,0.02
1686801600000,0.007
1686805200000,0.002
1686808800000,0.002
1686812400000,0.005
1686816000000,0.014
1686819600000,0.028
1686823200000,0.051
1686826800000,0.068
1686830400000,0.088
1686834000000,0.118
1686837600000,0.144
1686841200000,0.14
1686844800000,0.119
1686848400000,0.112
1686852000000,0.125
1686855600000,0.147
1686859200000,0.171
1686862800000,0.17
1686866400000,0.101
1686870000000,0.131
1686873600000,0.148
1686877200000,0.141
1686880800000,0.124
1686884400000,0.14
1686888000000,0.176
1686891600000,0.208
1686895200000,0.237
1686898800000,0.259
1686902400000,0.274
1686906000000,0.238
1686909600000,0.243
1686913200000,0.238
1686916800000,0.211
1686920400000,0.192
1686924000000,0.181
1686927600000,0.167
1686931200000,0.147
1686934800000,0.134
1686938400000,0.132
1686942000000,0.137
1686945600000,0.144
1686949200000,0.137
1686952800000,0.078
1686956400000,0.137
1686960000000,0.194
1686963600000,0.207
1686967200000,0.196
1686970800000,0.199
1686974400000,0.201
1686978000000,0.193
1686981600000,0.193
1686985200000,0.211
1686988800000,0.256
1686992400000,0.265
1686996000000,0.282
1686999600000,0.323
1687003200000,0.297
1687006800000,0.274
1687010400000,0.254
1687014000000,0.227
1687017600000,0.212
1687021200000,0.192
1687024800000,0.18
1687028400000,0.18
1687032000000,0.203
1687035600000,0.194
1687039200000,0.154
1687042800000,0.209
1687046400000,0.188
1687050000000,0.164
1687053600000,0.139
1687057200000,0.109
1687060800000,0.089
1687064400000,0.086
1687068000000,0.09
1687071600000,0.101
1687075200000,0.119
1687078800000,0.13
1687082400000,0.137
1687086000000,0.115
1687089600000,0.078
1687093200000,0.053
1687096800000,0.04
1687100400000,0.037
1687104000000,0.038
1687107600000,0.037
1687111200000,0.041
1687114800000,0.055
1687118400000,0.071
1687122000000,0.072
1687125600000,0.038
1687129200000,0.03
1687132800000,0.015
1687136400000,0.005
1687140000000,0.0
1687143600000,0.0
1687147200000,0.001
1687150800000,0.035
1687154400000,0.134
1687158000000,0.221
1687161600000,0.22
1687165200000,0.171
1687168800000,0.097
1687172400000,0.06
1687176000000,0.035
1687179600000,0.017
1687183200000,0.007
1687186800000,0.001
1687190400000,0.0
1687194000000,0.0
1687197600000,0.0
1687201200000,0.001
1687204800000,0.002
1687208400000,0.006
1687212000000,0.005
1687215600000,0.002
1687219200000,0.0
1687222800000,0.0
1687226400000,0.0
1687230000000,0.002
1687233600000,0.01
1687237200000,0.029
1687240800000,0.05
1687244400000,0.068
1687248000000,0.08
1687251600000,0.087
1687255200000,0.076
1687258800000,0.058
1687262400000,0.041
1687266000000,0.023
1687269600000,0.011
1687273200000,0.001
1687276800000,0.0
1687280400000,0.0
1687284000000,0.0
1687287600000,0.001
1687291200000,0.004
1687294800000,0.009
1687298400000,0.006
1687302000000,0.007
1687305600000,0.006
1687309200000,0.003
1687312800000,0.001
1687316400000,0.001
1687320000000,0.001
1687323600000,0.009
1687327200000,0.035
1687330800000,0.088
1687334400000,0.146
1687338000000,0.14
1687341600000,0.096
1687345200000,0.084
1687348800000,0.081
1687352400000,0.087
1687356000000,0.066
1687359600000,0.013
1687363200000,0.0
1687366800000,0.0
1687370400000,0.001
1687374000000,0.003
1687377600000,0.011
1687381200000,0.029
1687384800000,0.045
1687388400000,0.069
1687392000000,0.058
1687395600000,0.047
1687399200000,0.035
1687402800000,0.024
1687406400000,0.013
1687410000000,0.009
1687413600000,0.01
1687417200000,0.015
1687420800000,0.03
1687424400000,0.061
1687428000000,0.07
1687431600000,0.049
1687435200000,0.029
1687438800000,0.022
1687442400000,0.014
1687446000000,0.009
1687449600000,0.006
1687453200000,0.007
1687456800000,0.022
1687460400000,0.064
1687464000000,0.112
1687467600000,0.126
1687471200000,0.155
1687474800000,0.2
1687478400000,0.164
1687482000000,0.118
1687485600000,0.083
1687489200000,0.085
1687492800000,0.112
1687496400000,0.153
1687500000000,0.206
1687503600000,0.275
1687507200000,0.346
1687510800000,0.366
1687514400000,0.302
1687518000000,0.221
1687521600000,0.171
1687525200000,0.149
1687528800000,0.148
1687532400000,0.153
1687536000000,0.153
1687539600000,0.152
1687543200000,0.15
1687546800000,0.15
1687550400000,0.155
1687554000000,0.149
1687557600000,0.117
1687561200000,0.156
1687564800000,0.173
1687568400000,0.201
1687572000000,0.234
1687575600000,0.28
1687579200000,0.325
1687582800000,0.347
1687586400000,0.348
1687590000000,0.334
1687593600000,0.305
1687597200000,0.244
1687600800000,0.207
1687604400000,0.21
1687608000000,0.195
1687611600000,0.185
1687615200000,0.183
1687618800000,0.204
1687622400000,0.184
1687626000000,0.189
1687629600000,0.206
1687633200000,0.206
1687636800000,0.228
1687640400000,0.222
1687644000000,0.17
1687647600000,0.259
1687651200000,0.311
1687654800000,0.337
1687658400000,0.364
1687662000000,0.428
1687665600000,0.493
1687669200000,0.535
1687672800000,0.551
1687676400000,0.558
1687680000000,0.561
1687683600000,0.485
1687687200000,0.313
1687690800000,0.211
1687694400000,0.179
1687698000000,0.161
1687701600000,0.141
1687705200000,0.138
1687708800000,0.155
1687712400000,0.186
1687716000000,0.209
1687719600000,0.224
1687723200000,0.238
1687726800000,0.233
1687730400000,0.227
1687734000000,0.28
1687737600000,0.245
1687741200000,0.225
1687744800000,0.219
1687748400000,0.264
1687752000000,0.345
1687755600000,0.43
1687759200000,0.484
1687762800000,0.475
1687766400000,0.422
1687770000000,0.302
1687773600000,0.207
1687777200000,0.158
1687780800000,0.118
1687784400000,0.093
1687788000000,0.068
1687791600000,0.044
1687795200000,0.026
1687798800000,0.017
1687802400000,0.019
1687806000000,0.036
1687809600000,0.055
1687813200000,0.062
1687816800000,0.097
1687820400000,0.146
1687824000000,0.155
1687827600000,0.186
1687831200000,0.261
1687834800000,0.407
1687838400000,0.459
1687842000000,0.417
1687845600000,0.429
1687849200000,0.422
1687852800000,0.335
1687856400000,0.22
1687860000000,0.18
1687863600000,0.149
1687867200000,0.126
1687870800000,0.114
1687874400000,0.112
1687878000000,0.134
1687881600000,0.175
1687885200000,0.232
1687888800000,0.254
1687892400000,0.291
1687896000000,0.339
1687899600000,0.332
1687903200000,0.261
1687906800000,0.156
1687910400000,0.206
1687914000000,0.241
1687917600000,0.247
1687921200000,0.257
1687924800000,0.264
1687928400000,0.282
1687932000000,0.33
1687935600000,0.337
1687939200000,0.261
1687942800000,0.164
1687946400000,0.157
1687950000000,0.19
1687953600000,0.18
1687957200000,0.149
1687960800000,0.144
1687964400000,0.158
1687968000000,0.155
1687971600000,0.141
1687975200000,0.123
1687978800000,0.111
1687982400000,0.105
1687986000000,0.093
1687989600000,0.073
1687993200000,0.117
1687996800000,0.148
1688000400000,0.133
1688004000000,0.137
1688007600000,0.144
1688011200000,0.142
1688014800000,0.129
1688018400000,0.122
1688022000000,0.115
1688025600000,0.089
1688029200000,0.092
1688032800000,0.133
1688036400000,0.142
1688040000000,0.13
1688043600000,0.142
1688047200000,0.154
1688050800000,0.131
1688054400000,0.101
1688058000000,0.083
1688061600000,0.063
1688065200000,0.033
1688068800000,0.009
1688072400000,0.011
1688076000000,0.025
1688079600000,0.073
1688083200000,0.101
1688086800000,0.104
1688090400000,0.103
1688094000000,0.078
1688097600000,0.054
1688101200000,0.031
1688104800000,0.01
1688108400000,0.003
1688112000000,0.001
1688115600000,0.0
1688119200000,0.004
1688122800000,0.028
1688126400000,0.089
1688130000000,0.202
1688133600000,0.341
1688137200000,0.354
1688140800000,0.176
1688144400000,0.127
1688148000000,0.076
1688151600000,0.064
1688155200000,0.04
1688158800000,0.026
1688162400000,0.026
1688166000000,0.031
1688169600000,0.027
1688173200000,0.015
1688176800000,0.01
1688180400000,0.007
1688184000000,0.004
1688187600000,0.002
1688191200000,0.002
1688194800000,0.002
1688198400000,0.001
1688202000000,0.002
1688205600000,0.016
1688209200000,0.037
1688212800000,0.043
1688216400000,0.044
1688220000000,0.038
1688223600000,0.037
1688227200000,0.04
1688230800000,0.052
1688234400000,0.072
1688238000000,0.103
1688241600000,0.146
1688245200000,0.168
1688248800000,0.113
1688252400000,0.068
1688256000000,0.086
1688259600000,0.068
1688263200000,0.051
1688266800000,0.036
1688270400000,0.025
1688274000000,0.016
1688277600000,0.011
1688281200000,0.009
1688284800000,0.009
1688288400000,0.017
1688292000000,0.034
1688295600000,0.045
1688299200000,0.058
1688302800000,0.074
1688306400000,0.09
1688310000000,0.091
1688313600000,0.076
1688317200000,0.06
1688320800000,0.052
1688324400000,0.044
1688328000000,0.035
1688331600000,0.029
1688335200000,0.018
1688338800000,0.019
1688342400000,0.036
1688346000000,0.058
1688349600000,0.089
1688353200000,0.117
1688356800000,0.128
1688360400000,0.132
1688364000000,0.133
1688367600000,0.138
1688371200000,0.154
1688374800000,0.157
1688378400000,0.2
1688382000000,0.22
1688385600000,0.21
1688389200000,0.201
1688392800000,0.189
1688396400000,0.19
1688400000000,0.185
1688403600000,0.167
1688407200000,0.154
1688410800000,0.154
1688414400000,0.152
1688418000000,0.128
1688421600000,0.046
1688425200000,0.02
1688428800000,0.006
1688432400000,0.001
1688436000000,0.0
1688439600000,0.0
1688443200000,0.0
1688446800000,0.006
1688450400000,0.021
1688454000000,0.037
1688457600000,0.058
1688461200000,0.07
1688464800000,0.085
1688468400000,0.084
1688472000000,0.068
1688475600000,0.054
1688479200000,0.037
1688482800000,0.013
1688486400000,0.003
1688490000000,0.001
1688493600000,0.002
1688497200000,0.01
1688500800000,0.031
1688504400000,0.059
1688508000000,0.045
1688511600000,0.061
1688515200000,0.076
1688518800000,0.072
1688522400000,0.058
1688526000000,0.037
1688529600000,0.021
1688533200000,0.008
1688536800000,0.003
1688540400000,0.002
1688544000000,0.005
1688547600000,0.011
1688551200000,0.055
1688554800000,0.101
1688558400000,0.085
1688562000000,0.042
1688565600000,0.02
1688569200000,0.014
1688572800000,0.008
1688576400000,0.009
1688580000000,0.027
1688583600000,0.059
1688587200000,0.095
1688590800000,0.11
1688594400000,0.072
1688598000000,0.11
1688601600000,0.119
1688605200000,0.12
1688608800000,0.112
1688612400000,0.076
1688616000000,0.037
1688619600000,0.013
1688623200000,0.008
1688626800000,0.008
1688630400000,0.011
1688634000000,0.025
1688637600000,0.076
1688641200000,0.088
1688644800000,0.056
1688648400000,0.02
1688652000000,0.003
1688655600000,0.0
1688659200000,0.0
1688662800000,0.006
1688666400000,0.036
1688670000000,0.08
1688673600000,0.095
1688677200000,0.097
1688680800000,0.067
1688684400000,0.068
1688688000000,0.05
1688691600000,0.025
1688695200000,0.008
1688698800000,0.001
1688702400000,0.0
1688706000000,0.0
1688709600000,0.0
1688713200000,0.0
1688716800000,0.0
1688720400000,0.001
1688724000000,0.003
1688727600000,0.015
1688731200000,0.025
1688734800000,0.035
1688738400000,0.047
1688742000000,0.044
1688745600000,0.054
1688749200000,0.078
1688752800000,0.105
1688756400000,0.128
1688760000000,0.136
1688763600000,0.118
1688767200000,0.045
1688770800000,0.041
1688774400000,0.031
1688778000000,0.017
1688781600000,0.004
1688785200000,0.0
1688788800000,0.0
1688792400000,0.003
1688796000000,0.026
1688799600000,0.077
1688803200000,0.141
1688806800000,0.162
1688810400000,0.15
1688814000000,0.114
1688817600000,0.076
1688821200000,0.046
1688824800000,0.026
1688828400000,0.018
1688832000000,0.02
1688835600000,0.031
1688839200000,0.049
1688842800000,0.063
1688846400000,0.074
1688850000000,0.076
1688853600000,0.033
1688857200000,0.039
1688860800000,0.041
1688864400000,0.034
1688868000000,0.026
1688871600000,0.031
1688875200000,0.043
1688878800000,0.056
1688882400000,0.07
1688886000000,0.081
1688889600000,0.099
1688893200000,0.115
1688896800000,0.145
1688900400000,0.158
1688904000000,0.122
1688907600000,0.093
1688911200000,0.073
1688914800000,0.06
1688918400000,0.05
1688922000000,0.046
1688925600000,0.045
1688929200000,0.038
1688932800000,0.026
1688936400000,0.017
1688940000000,0.011
1688943600000,0.007
1688947200000,0.005
1688950800000,0.006
1688954400000,0.011
1688958000000,0.026
1688961600000,0.055
1688965200000,0.101
1688968800000,0.155
1688972400000,0.204
1688976000000,0.236
1688979600000,0.202
1688983200000,0.184
1688986800000,0.183
1688990400000,0.138
1688994000000,0.099
1688997600000,0.065
1689001200000,0.048
1689004800000,0.046
1689008400000,0.053
1689012000000,0.059
1689015600000,0.062
1689019200000,0.063
1689022800000,0.053
1689026400000,0.034
1689030000000,0.037
1689033600000,0.029
1689037200000,0.023
1689040800000,0.022
1689044400000,0.031
1689048000000,0.048
1689051600000,0.064
1689055200000,0.074
1689058800000,0.078
1689062400000,0.084
1689066000000,0.082
1689069600000,0.1
1689073200000,0.115
1689076800000,0.106
1689080400000,0.096
1689084000000,0.088
1689087600000,0.093
1689091200000,0.105
1689094800000,0.113
1689098400000,0.103
1689102000000,0.072
1689105600000,0.042
1689109200000,0.028
1689112800000,0.045
1689116400000,0.084
1689120000000,0.089
1689123600000,0.069
1689127200000,0.041
1689130800000,0.039
1689134400000,0.072
1689138000000,0.138
1689141600000,0.225
1689145200000,0.346
1689148800000,0.416
1689152400000,0.281
1689156000000,0.177
1689159600000,0.136
1689163200000,0.12
1689166800000,0.13
1689170400000,0.121
1689174000000,0.133
1689177600000,0.147
1689181200000,0.192
1689184800000,0.264
1689188400000,0.311
1689192000000,0.3
1689195600000,0.269
1689199200000,0.177
1689202800000,0.182
1689206400000,0.178
1689210000000,0.121
1689213600000,0.098
1689217200000,0.121
1689220800000,0.17
1689224400000,0.227
1689228000000,0.258
1689231600000,0.283
1689235200000,0.289
1689238800000,0.226
1689242400000,0.206
1689246000000,0.217
1689249600000,0.219
1689253200000,0.278
1689256800000,0.293
1689260400000,0.24
1689264000000,0.218
1689267600000,0.234
1689271200000,0.27
1689274800000,0.27
1689278400000,0.227
1689282000000,0.22
1689285600000,0.291
1689289200000,0.415
1689292800000,0.539
1689296400000,0.469
1689300000000,0.57
1689303600000,0.661
1689307200000,0.633
1689310800000,0.6
1689314400000,0.589
1689318000000,0.484
1689321600000,0.417
1689325200000,0.391
1689328800000,0.442
1689332400000,0.568
1689336000000,0.661
1689339600000,0.66
1689343200000,0.599
1689346800000,0.6
1689350400000,0.622
1689354000000,0.715
1689357600000,0.739
1689361200000,0.708
1689364800000,0.592
1689368400000,0.454
1689372000000,0.356
1689375600000,0.348
1689379200000,0.536
1689382800000,0.568
1689386400000,0.523
1689390000000,0.47
1689393600000,0.431
1689397200000,0.352
1689400800000,0.226
1689404400000,0.126
1689408000000,0.096
1689411600000,0.095
1689415200000,0.101
1689418800000,0.115
1689422400000,0.131
1689426000000,0.195
1689429600000,0.271
1689433200000,0.231
1689436800000,0.112
1689440400000,0.081
1689444000000,0.093
1689447600000,0.114
1689451200000,0.146
1689454800000,0.167
1689458400000,0.145
1689462000000,0.148
1689465600000,0.139
1689469200000,0.146
1689472800000,0.161
1689476400000,0.191
1689480000000,0.236
1689483600000,0.275
1689487200000,0.192
1689490800000,0.04
1689494400000,0.012
1689498000000,0.008
1689501600000,0.01
1689505200000,0.036
1689508800000,0.12
1689512400000,0.191
1689516000000,0.211
1689519600000,0.226
1689523200000,0.223
1689526800000,0.224
1689530400000,0.23
1689534000000,0.24
1689537600000,0.248
1689541200000,0.246
1689544800000,0.185
1689548400000,0.285
1689552000000,0.368
1689555600000,0.348
1689559200000,0.273
1689562800000,0.168
1689566400000,0.071
1689570000000,0.019
1689573600000,0.018
1689577200000,0.046
1689580800000,0.093
1689584400000,0.118
1689588000000,0.161
1689591600000,0.187
1689595200000,0.184
1689598800000,0.16
1689602400000,0.137
1689606000000,0.118
1689609600000,0.101
1689613200000,0.115
1689616800000,0.118
1689620400000,0.112
1689624000000,0.104
1689627600000,0.096
1689631200000,0.066
1689634800000,0.039
1689638400000,0.032
1689642000000,0.022
1689645600000,0.014
1689649200000,0.01
1689652800000,0.008
1689656400000,0.008
1689660000000,0.017
1689663600000,0.032
1689667200000,0.049
1689670800000,0.063
1689674400000,0.089
1689678000000,0.113
1689681600000,0.13
1689685200000,0.139
1689688800000,0.134
1689692400000,0.124
1689696000000,0.119
1689699600000,0.107
1689703200000,0.096
1689706800000,0.086
1689710400000,0.079
1689714000000,0.077
1689717600000,0.046
1689721200000,0.035
1689724800000,0.02
1689728400000,0.017
1689732000000,0.027
1689735600000,0.055
1689739200000,0.104
1689742800000,0.155
1689746400000,0.194
1689750000000,0.219
1689753600000,0.227
1689757200000,0.191
1689760800000,0.198
1689764400000,0.203
1689768000000,0.179
1689771600000,0.157
1689775200000,0.163
1689778800000,0.154
1689782400000,0.112
1689786000000,0.063
1689789600000,0.029
1689793200000,0.01
1689796800000,0.003
1689800400000,0.001
1689804000000,0.002
1689807600000,0.005
1689811200000,0.007
1689814800000,0.013
1689818400000,0.027
1689822000000,0.054
1689825600000,0.089
1689829200000,0.125
1689832800000,0.157
1689836400000,0.181
1689840000000,0.182
1689843600000,0.148
1689847200000,0.145
1689850800000,0.147
1689854400000,0.126
1689858000000,0.108
1689861600000,0.092
1689865200000,0.076
1689868800000,0.058
1689872400000,0.041
1689876000000,0.037
1689879600000,0.039
1689883200000,0.043
1689886800000,0.042
1689890400000,0.019
1689894000000,0.018
1689897600000,0.017
1689901200000,0.013
1689904800000,0.01
1689908400000,0.011
1689912000000,0.021
1689915600000,0.041
1689919200000,0.068
1689922800000,0.094
1689926400000,0.117
1689930000000,0.126
1689933600000,0.168
1689937200000,0.179
1689940800000,0.156
1689944400000,0.138
1689948000000,0.111
1689951600000,0.09
1689955200000,0.077
1689958800000,0.057
1689962400000,0.031
1689966000000,0.014
1689969600000,0.005
1689973200000,0.002
1689976800000,0.0
1689980400000,0.0
1689984000000,0.0
1689987600000,0.0
1689991200000,0.001
1689994800000,0.009
1689998400000,0.044
1690002000000,0.104
1690005600000,0.161
1690009200000,0.191
1690012800000,0.179
1690016400000,0.16
1690020000000,0.171
1690023600000,0.169
1690027200000,0.145
1690030800000,0.123
1690034400000,0.093
1690038000000,0.083
1690041600000,0.079
1690045200000,0.084
1690048800000,0.095
1690052400000,0.114
1690056000000,0.137
1690059600000,0.142
1690063200000,0.123
1690066800000,0.152
1690070400000,0.152
1690074000000,0.162
1690077600000,0.167
1690081200000,0.191
1690084800000,0.231
1690088400000,0.28
1690092000000,0.323
1690095600000,0.346
1690099200000,0.337
1690102800000,0.243
1690106400000,0.228
1690110000000,0.254
1690113600000,0.254
1690117200000,0.27
1690120800000,0.244
1690124400000,0.259
1690128000000,0.313
1690131600000,0.305
1690135200000,0.254
1690138800000,0.251
1690142400000,0.283
1690146000000,0.288
1690149600000,0.225
1690153200000,0.194
1690156800000,0.266
1690160400000,0.325
1690164000000,0.373
1690167600000,0.466
1690171200000,0.579
1690174800000,0.659
1690178400000,0.7
1690182000000,0.663
1690185600000,0.575
1690189200000,0.517
1690192800000,0.525
1690196400000,0.556
1690200000000,0.601
1690203600000,0.639
1690207200000,0.647
1690210800000,0.696
1690214400000,0.756
1690218000000,0.803
1690221600000,0.857
1690225200000,0.899
1690228800000,0.929
1690232400000,0.951
1690236000000,0.97
1690239600000,0.986
1690243200000,0.991
1690246800000,0.991
1690250400000,0.989
1690254000000,0.983
1690257600000,0.973
1690261200000,0.945
1690264800000,0.862
1690268400000,0.717
1690272000000,0.568
1690275600000,0.537
1690279200000,0.487
1690282800000,0.427
1690286400000,0.328
1690290000000,0.218
1690293600000,0.157
1690297200000,0.099
1690300800000,0.066
1690304400000,0.006
1690308000000,0.002
1690311600000,0.001
1690315200000,0.001
1690318800000,0.001
1690322400000,0.003
1690326000000,0.007
1690329600000,0.015
1690333200000,0.029
1690336800000,0.058
1690340400000,0.143
1690344000000,0.27
1690347600000,0.479
1690351200000,0.639
1690354800000,0.703
1690358400000,0.685
1690362000000,0.706
1690365600000,0.786
1690369200000,0.878
1690372800000,0.941
1690376400000,0.978
1690380000000,0.99
1690383600000,0.99
1690387200000,0.986
1690390800000,0.975
1690394400000,0.951
1690398000000,0.92
1690401600000,0.885
1690405200000,0.844
1690408800000,0.744
1690412400000,0.668
1690416000000,0.668
1690419600000,0.724
1690423200000,0.757
1690426800000,0.776
1690430400000,0.765
1690434000000,0.727
1690437600000,0.628
1690441200000,0.538
1690444800000,0.522
1690448400000,0.53
1690452000000,0.509
1690455600000,0.466
1690459200000,0.391
1690462800000,0.298
1690466400000,0.236
1690470000000,0.179
1690473600000,0.155
1690477200000,0.149
1690480800000,0.141
1690484400000,0.128
1690488000000,0.118
1690491600000,0.166
1690495200000,0.184
1690498800000,0.201
1690502400000,0.201
1690506000000,0.194
1690509600000,0.167
1690513200000,0.141
1690516800000,0.121
1690520400000,0.084
1690524000000,0.037
1690527600000,0.011
1690531200000,0.004
1690534800000,0.008
1690538400000,0.034
1690542000000,0.035
1690545600000,0.018
1690549200000,0.01
1690552800000,0.015
1690556400000,0.042
1690560000000,0.08
1690563600000,0.112
1690567200000,0.113
1690570800000,0.108
1690574400000,0.126
1690578000000,0.136
1690581600000,0.127
1690585200000,0.106
1690588800000,0.105
1690592400000,0.121
1690596000000,0.156
1690599600000,0.163
1690603200000,0.161
1690606800000,0.155
1690610400000,0.145
1690614000000,0.12
1690617600000,0.087
1690621200000,0.079
1690624800000,0.114
1690628400000,0.147
1690632000000,0.167
1690635600000,0.126
1690639200000,0.09
1690642800000,0.079
1690646400000,0.083
1690650000000,0.077
1690653600000,0.084
1690657200000,0.102
1690660800000,0.126
1690664400000,0.133
1690668000000,0.101
1690671600000,0.054
1690675200000,0.043
1690678800000,0.032
1690682400000,0.017
1690686000000,0.018
1690689600000,0.029
1690693200000,0.04
1690696800000,0.048
1690700400000,0.05
1690704000000,0.042
1690707600000,0.036
1690711200000,0.03
1690714800000,0.021
1690718400000,0.014
1690722000000,0.005
1690725600000,0.001
1690729200000,0.003
1690732800000,0.003
1690736400000,0.001
1690740000000,0.0
1690743600000,0.0
1690747200000,0.0
1690750800000,0.001
1690754400000,0.003
1690758000000,0.004
1690761600000,0.003
1690765200000,0.001
1690768800000,0.0
1690772400000,0.0
1690776000000,0.002
1690779600000,0.01
1690783200000,0.025
1690786800000,0.037
1690790400000,0.033
1690794000000,0.018
1690797600000,0.009
1690801200000,0.003
1690804800000,0.002
1690808400000,0.008
1690812000000,0.027
1690815600000,0.039
1690819200000,0.029
1690822800000,0.021
1690826400000,0.01
1690830000000,0.005
1690833600000,0.004
1690837200000,0.005
1690840800000,0.004
1690844400000,0.002
1690848000000,0.006
1690851600000,0.01
1690855200000,0.007
1690858800000,0.003
1690862400000,0.004
1690866000000,0.02
1690869600000,0.039
1690873200000,0.055
1690876800000,0.077
1690880400000,0.044
1690884000000,0.013
1690887600000,0.006
1690891200000,0.005
1690894800000,0.009
1690898400000,0.009
1690902000000,0.007
1690905600000,0.012
1690909200000,0.029
1690912800000,0.055
1690916400000,0.078
1690920000000,0.093
1690923600000,0.111
1690927200000,0.101
1690930800000,0.112
1690934400000,0.104
1690938000000,0.109
1690941600000,0.118
1690945200000,0.085
1690948800000,0.04
1690952400000,0.014
1690956000000,0.013
1690959600000,0.019
1690963200000,0.045
1690966800000,0.044
1690970400000,0.017
1690974000000,0.017
1690977600000,0.03
1690981200000,0.075
1690984800000,0.133
1690988400000,0.183
1690992000000,0.247
1690995600000,0.296
1690999200000,0.315
1691002800000,0.313
1691006400000,0.311
1691010000000,0.316
1691013600000,0.329
1691017200000,0.301
1691020800000,0.236
1691024400000,0.338
1691028000000,0.451
1691031600000,0.454
1691035200000,0.4
1691038800000,0.369
1691042400000,0.406
1691046000000,0.411
1691049600000,0.394
1691053200000,0.371
1691056800000,0.376
1691060400000,0.42
1691064000000,0.447
1691067600000,0.427
1691071200000,0.396
1691074800000,0.39
1691078400000,0.391
1691082000000,0.403
1691085600000,0.426
1691089200000,0.436
1691092800000,0.442
1691096400000,0.409
1691100000000,0.323
1691103600000,0.238
1691107200000,0.255
1691110800000,0.379
1691114400000,0.464
1691118000000,0.547
1691121600000,0.637
1691125200000,0.694
1691128800000,0.703
1691132400000,0.663
1691136000000,0.601
1691139600000,0.521
1691143200000,0.46
1691146800000,0.395
1691150400000,0.407
1691154000000,0.433
1691157600000,0.476
1691161200000,0.532
1691164800000,0.522
1691168400000,0.467
1691172000000,0.413
1691175600000,0.386
1691179200000,0.386
1691182800000,0.371
1691186400000,0.258
1691190000000,0.208
1691193600000,0.311
1691197200000,0.434
1691200800000,0.55
1691204400000,0.661
1691208000000,0.731
1691211600000,0.772
1691215200000,0.785
1691218800000,0.752
1691222400000,0.663
1691226000000,0.532
1691229600000,0.428
1691233200000,0.343
1691236800000,0.305
1691240400000,0.278
1691244000000,0.272
1691247600000,0.288
1691251200000,0.285
1691254800000,0.245
1691258400000,0.19
1691262000000,0.167
1691265600000,0.157
1691269200000,0.167
1691272800000,0.184
1691276400000,0.256
1691280000000,0.254
1691283600000,0.338
1691287200000,0.434
1691290800000,0.524
1691294400000,0.589
1691298000000,0.625
1691301600000,0.628
1691305200000,0.586
1691308800000,0.494
1691312400000,0.406
1691316000000,0.347
1691319600000,0.28
1691323200000,0.251
1691326800000,0.231
1691330400000,0.221
1691334000000,0.221
1691337600000,0.231
1691341200000,0.249
1691344800000,0.249
1691348400000,0.202
1691352000000,0.167
1691355600000,0.15
1691359200000,0.112
1691362800000,0.144
1691366400000,0.247
1691370000000,0.323
1691373600000,0.395
1691377200000,0.445
1691380800000,0.466
1691384400000,0.465
1691388000000,0.45
1691391600000,0.416
1691395200000,0.339
1691398800000,0.248
1691402400000,0.194
1691406000000,0.148
1691409600000,0.114
1691413200000,0.087
1691416800000,0.09
1691420400000,0.118
1691424000000,0.155
1691427600000,0.182
1691431200000,0.199
1691434800000,0.205
1691438400000,0.203
1691442000000,0.195
1691445600000,0.148
1691449200000,0.131
1691452800000,0.146
1691456400000,0.145
1691460000000,0.147
1691463600000,0.184
1691467200000,0.219
1691470800000,0.177
1691474400000,0.098
1691478000000,0.039
1691481600000,0.011
1691485200000,0.005
1691488800000,0.005
1691492400000,0.007
1691496000000,0.022
1691499600000,0.058
1691503200000,0.108
1691506800000,0.119
1691510400000,0.097
1691514000000,0.088
1691517600000,0.093
1691521200000,0.101
1691524800000,0.104
1691528400000,0.115
1691532000000,0.073
1691535600000,0.08
1691539200000,0.174
1691542800000,0.217
1691546400000,0.241
1691550000000,0.252
1691553600000,0.267
1691557200000,0.307
1691560800000,0.347
1691564400000,0.338
1691568000000,0.305
1691571600000,0.27
1691575200000,0.268
1691578800000,0.191
1691582400000,0.133
1691586000000,0.104
1691589600000,0.091
1691593200000,0.091
1691596800000,0.089
1691600400000,0.084
1691604000000,0.088
1691607600000,0.099
1691611200000,0.101
1691614800000,0.097
1691618400000,0.054
1691622000000,0.06
1691625600000,0.092
1691629200000,0.084
1691632800000,0.066
1691636400000,0.049
1691640000000,0.039
1691643600000,0.035
1691647200000,0.049
1691650800000,0.072
1691654400000,0.076
1691658000000,0.053
1691661600000,0.039
1691665200000,0.028
1691668800000,0.032
1691672400000,0.064
1691676000000,0.096
1691679600000,0.101
1691683200000,0.087
1691686800000,0.078
1691690400000,0.074
1691694000000,0.065
1691697600000,0.058
1691701200000,0.057
1691704800000,0.042
1691708400000,0.017
1691712000000,0.019
1691715600000,0.016
1691719200000,0.009
1691722800000,0.004
1691726400000,0.003
1691730000000,0.005
1691733600000,0.007
1691737200000,0.012
1691740800000,0.012
1691744400000,0.014
1691748000000,0.03
1691751600000,0.037
1691755200000,0.029
1691758800000,0.015
1691762400000,0.007
1691766000000,0.01
1691769600000,0.034
1691773200000,0.061
1691776800000,0.072
1691780400000,0.073
1691784000000,0.076
1691787600000,0.079
1691791200000,0.043
1691794800000,0.022
1691798400000,0.033
1691802000000,0.034
1691805600000,0.027
1691809200000,0.02
1691812800000,0.011
1691816400000,0.005
1691820000000,0.001
1691823600000,0.02
1691827200000,0.057
1691830800000,0.102
1691834400000,0.145
1691838000000,0.107
1691841600000,0.063
1691845200000,0.036
1691848800000,0.02
1691852400000,0.021
1691856000000,0.022
1691859600000,0.024
1691863200000,0.03
1691866800000,0.043
1691870400000,0.058
1691874000000,0.071
1691877600000,0.045
1691881200000,0.034
1691884800000,0.042
1691888400000,0.045
1691892000000,0.043
1691895600000,0.038
1691899200000,0.03
1691902800000,0.026
1691906400000,0.03
1691910000000,0.039
1691913600000,0.053
1691917200000,0.074
1691920800000,0.088
1691924400000,0.058
1691928000000,0.031
1691931600000,0.02
1691935200000,0.019
1691938800000,0.019
1691942400000,0.017
1691946000000,0.016
1691949600000,0.015
1691953200000,0.015
1691956800000,0.015
1691960400000,0.017
1691964000000,0.014
1691967600000,0.006
1691971200000,0.003
1691974800000,0.001
1691978400000,0.001
1691982000000,0.001
1691985600000,0.001
1691989200000,0.005
1691992800000,0.017
1691996400000,0.041
1692000000000,0.068
1692003600000,0.084
1692007200000,0.1
1692010800000,0.082
1692014400000,0.058
1692018000000,0.036
1692021600000,0.02
1692025200000,0.01
1692028800000,0.005
1692032400000,0.003
1692036000000,0.002
1692039600000,0.002
1692043200000,0.003
1692046800000,0.004
1692050400000,0.003
1692054000000,0.003
1692057600000,0.006
1692061200000,0.005
1692064800000,0.004
1692068400000,0.003
1692072000000,0.002
1692075600000,0.001
1692079200000,0.001
1692082800000,0.001
1692086400000,0.008
1692090000000,0.019
1692093600000,0.04
1692097200000,0.053
1692100800000,0.039
1692104400000,0.02
1692108000000,0.009
1692111600000,0.004
1692115200000,0.006
1692118800000,0.016
1692122400000,0.026
1692126000000,0.037
1692129600000,0.05
1692133200000,0.068
1692136800000,0.041
1692140400000,0.017
1692144000000,0.023
1692147600000,0.024
1692151200000,0.022
1692154800000,0.02
1692158400000,0.024
1692162000000,0.037
1692165600000,0.064
1692169200000,0.091
1692172800000,0.095
1692176400000,0.093
1692180000000,0.102
1692183600000,0.083
1692187200000,0.054
1692190800000,0.034
1692194400000,0.025
1692198000000,0.023
1692201600000,0.032
1692205200000,0.051
1692208800000,0.077
1692212400000,0.102
1692216000000,0.115
1692219600000,0.118
1692223200000,0.061
1692226800000,0.03
1692230400000,0.037
1692234000000,0.028
1692237600000,0.019
1692241200000,0.011
1692244800000,0.005
1692248400000,0.002
1692252000000,0.002
1692255600000,0.011
1692259200000,0.038
1692262800000,0.106
1692266400000,0.165
1692270000000,0.131
1692273600000,0.088
1692277200000,0.055
1692280800000,0.031
1692284400000,0.018
1692288000000,0.013
1692291600000,0.011
1692295200000,0.01
1692298800000,0.022
1692302400000,0.048
1692306000000,0.048
1692309600000,0.019
1692313200000,0.003
1692316800000,0.0
1692320400000,0.001
1692324000000,0.002
1692327600000,0.001
1692331200000,0.002
1692334800000,0.003
1692338400000,0.004
1692342000000,0.005
1692345600000,0.01
1692349200000,0.018
1692352800000,0.043
1692356400000,0.048
1692360000000,0.037
1692363600000,0.022
1692367200000,0.013
1692370800000,0.011
1692374400000,0.009
1692378000000,0.011
1692381600000,0.014
1692385200000,0.018
1692388800000,0.036
1692392400000,0.054
1692396000000,0.045
1692399600000,0.031
1692403200000,0.031
1692406800000,0.022
1692410400000,0.01
1692414000000,0.003
1692417600000,0.0
1692421200000,0.0
1692424800000,0.0
1692428400000,0.0
1692432000000,0.001
1692435600000,0.008
1692439200000,0.051
1692442800000,0.081
1692446400000,0.078
1692450000000,0.067
1692453600000,0.051
1692457200000,0.03
1692460800000,0.011
1692464400000,0.003
1692468000000,0.0
1692471600000,0.0
1692475200000,0.0
1692478800000,0.0
1692482400000,0.0
1692486000000,0.0
1692489600000,0.0
1692493200000,0.0
1692496800000,0.0
1692500400000,0.0
1692504000000,0.0
1692507600000,0.003
1692511200000,0.029
1692514800000,0.065
1692518400000,0.069
1692522000000,0.083
1692525600000,0.101
1692529200000,0.106
1692532800000,0.109
1692536400000,0.106
1692540000000,0.108
1692543600000,0.077
1692547200000,0.022
1692550800000,0.005
1692554400000,0.005
1692558000000,0.004
1692561600000,0.003
1692565200000,0.001
1692568800000,0.0
1692572400000,0.0
1692576000000,0.0
1692579600000,0.001
1692583200000,0.004
1692586800000,0.009
1692590400000,0.016
1692594000000,0.025
1692597600000,0.033
1692601200000,0.037
1692604800000,0.036
1692608400000,0.028
1692612000000,0.019
1692615600000,0.008
1692619200000,0.003
1692622800000,0.002
1692626400000,0.001
1692630000000,0.0
1692633600000,0.002
1692637200000,0.011
1692640800000,0.017
1692644400000,0.018
1692648000000,0.019
1692651600000,0.015
1692655200000,0.006
1692658800000,0.001
1692662400000,0.0
1692666000000,0.0
1692669600000,0.001
1692673200000,0.005
1692676800000,0.018
1692680400000,0.035
1692684000000,0.046
1692687600000,0.049
1692691200000,0.051
1692694800000,0.05
1692698400000,0.059
1692702000000,0.067
1692705600000,0.06
1692709200000,0.028
1692712800000,0.005
1692716400000,0.0
1692720000000,0.0
1692723600000,0.0
1692727200000,0.001
1692730800000,0.005
1692734400000,0.014
1692738000000,0.021
1692741600000,0.011
1692745200000,0.004
1692748800000,0.002
1692752400000,0.001
1692756000000,0.001
1692759600000,0.001
1692763200000,0.001
1692766800000,0.001
1692770400000,0.001
1692774000000,0.001
1692777600000,0.002
1692781200000,0.012
1692784800000,0.022
1692788400000,0.021
1692792000000,0.017
1692795600000,0.016
1692799200000,0.016
1692802800000,0.02
1692806400000,0.031
1692810000000,0.038
1692813600000,0.054
1692817200000,0.075
1692820800000,0.076
1692824400000,0.075
1692828000000,0.054
1692831600000,0.038
1692835200000,0.045
1692838800000,0.037
1692842400000,0.024
1692846000000,0.022
1692849600000,0.031
1692853200000,0.058
1692856800000,0.086
1692860400000,0.096
1692864000000,0.083
1692867600000,0.057
1692871200000,0.057
1692874800000,0.084
1692878400000,0.085
1692882000000,0.07
1692885600000,0.067
1692889200000,0.096
1692892800000,0.137
1692896400000,0.166
1692900000000,0.175
1692903600000,0.176
1692907200000,0.178
1692910800000,0.152
1692914400000,0.107
1692918000000,0.078
1692921600000,0.111
1692925200000,0.089
1692928800000,0.087
1692932400000,0.083
1692936000000,0.069
1692939600000,0.053
1692943200000,0.059
1692946800000,0.075
1692950400000,0.086
1692954000000,0.088
1692957600000,0.13
1692961200000,0.158
1692964800000,0.161
1692968400000,0.15
1692972000000,0.144
1692975600000,0.151
1692979200000,0.162
1692982800000,0.171
1692986400000,0.213
1692990000000,0.222
1692993600000,0.254
1692997200000,0.284
1693000800000,0.302
1693004400000,0.264
1693008000000,0.266
1693011600000,0.322
1693015200000,0.437
1693018800000,0.528
1693022400000,0.618
1693026000000,0.682
1693029600000,0.747
1693033200000,0.781
1693036800000,0.809
1693040400000,0.837
1693044000000,0.845
1693047600000,0.772
1693051200000,0.718
1693054800000,0.713
1693058400000,0.709
1693062000000,0.709
1693065600000,0.716
1693069200000,0.71
1693072800000,0.731
1693076400000,0.78
1693080000000,0.813
1693083600000,0.801
1693087200000,0.758
1693090800000,0.669
1693094400000,0.614
1693098000000,0.635
1693101600000,0.672
1693105200000,0.715
1693108800000,0.723
1693112400000,0.682
1693116000000,0.579
1693119600000,0.492
1693123200000,0.468
1693126800000,0.459
1693130400000,0.433
1693134000000,0.396
1693137600000,0.414
1693141200000,0.402
1693144800000,0.37
1693148400000,0.305
1693152000000,0.282
1693155600000,0.279
1693159200000,0.259
1693162800000,0.231
1693166400000,0.202
1693170000000,0.207
1693173600000,0.206
1693177200000,0.18
1693180800000,0.22
1693184400000,0.297
1693188000000,0.38
1693191600000,0.411
1693195200000,0.41
1693198800000,0.445
1693202400000,0.477
1693206000000,0.492
1693209600000,0.535
1693213200000,0.6
1693216800000,0.683
1693220400000,0.687
1693224000000,0.706
1693227600000,0.733
1693231200000,0.755
1693234800000,0.788
1693238400000,0.801
1693242000000,0.811
1693245600000,0.816
1693249200000,0.836
1693252800000,0.837
1693256400000,0.878
1693260000000,0.912
1693263600000,0.931
1693267200000,0.949
1693270800000,0.961
1693274400000,0.966
1693278000000,0.972
1693281600000,0.972
1693285200000,0.968
1693288800000,0.964
1693292400000,0.961
1693296000000,0.965
1693299600000,0.959
1693303200000,0.951
1693306800000,0.949
1693310400000,0.953
1693314000000,0.954
1693317600000,0.949
1693321200000,0.945
1693324800000,0.938
1693328400000,0.913
1693332000000,0.901
1693335600000,0.903
1693339200000,0.894
1693342800000,0.867
1693346400000,0.84
1693350000000,0.782
1693353600000,0.678
1693357200000,0.586
1693360800000,0.542
1693364400000,0.529
1693368000000,0.479
1693371600000,0.404
1693375200000,0.325
1693378800000,0.225
1693382400000,0.177
1693386000000,0.068
1693389600000,0.049
1693393200000,0.136
1693396800000,0.155
1693400400000,0.16
1693404000000,0.165
1693407600000,0.154
1693411200000,0.155
1693414800000,0.149
1693418400000,0.149
1693422000000,0.145
1693425600000,0.115
1693429200000,0.108
1693432800000,0.094
1693436400000,0.089
1693440000000,0.123
1693443600000,0.099
1693447200000,0.091
1693450800000,0.095
1693454400000,0.112
1693458000000,0.107
1693461600000,0.084
1693465200000,0.048
1693468800000,0.043
1693472400000,0.008
1693476000000,0.001
1693479600000,0.03
1693483200000,0.069
1693486800000,0.071
1693490400000,0.052
1693494000000,0.034
1693497600000,0.029
1693501200000,0.027
1693504800000,0.02
1693508400000,0.014
1693512000000,0.016
1693515600000,0.027
1693519200000,0.032
1693522800000,0.039
1693526400000,0.049
1693530000000,0.024
1693533600000,0.015
1693537200000,0.019
1693540800000,0.022
1693544400000,0.023
1693548000000,0.021
1693551600000,0.025
1693555200000,0.014
1693558800000,0.009
1693562400000,0.021
1693566000000,0.058
1693569600000,0.094
1693573200000,0.102
1693576800000,0.101
1693580400000,0.067
1693584000000,0.044
1693587600000,0.033
1693591200000,0.044
1693594800000,0.03
1693598400000,0.017
1693602000000,0.017
1693605600000,0.027
1693609200000,0.07
1693612800000,0.118
1693616400000,0.065
1693620000000,0.037
1693623600000,0.038
1693627200000,0.039
1693630800000,0.019
1693634400000,0.017
1693638000000,0.032
1693641600000,0.027
1693645200000,0.007
1693648800000,0.001
1693652400000,0.002
1693656000000,0.006
1693659600000,0.007
1693663200000,0.011
1693666800000,0.036
1693670400000,0.079
1693674000000,0.114
1693677600000,0.15
1693681200000,0.172
1693684800000,0.179
1693688400000,0.18
1693692000000,0.183
1693695600000,0.115
1693699200000,0.099
1693702800000,0.247
1693706400000,0.188
1693710000000,0.126
1693713600000,0.108
1693717200000,0.119
1693720800000,0.163
1693724400000,0.152
1693728000000,0.111
1693731600000,0.082
1693735200000,0.073
1693738800000,0.045
1693742400000,0.042
1693746000000,0.058
1693749600000,0.088
1693753200000,0.136
1693756800000,0.168
1693760400000,0.192
1693764000000,0.223
1693767600000,0.251
1693771200000,0.27
1693774800000,0.249
1693778400000,0.193
1693782000000,0.156
1693785600000,0.146
1693789200000,0.128
1693792800000,0.107
1693796400000,0.075
1693800000000,0.043
1693803600000,0.021
1693807200000,0.012
1693810800000,0.008
1693814400000,0.008
1693818000000,0.006
1693821600000,0.015
1693825200000,0.036
1693828800000,0.046
1693832400000,0.057
1693836000000,0.063
1693839600000,0.059
1693843200000,0.05
1693846800000,0.041
1693850400000,0.036
1693854000000,0.037
1693857600000,0.041
1693861200000,0.056
1693864800000,0.063
1693868400000,0.057
1693872000000,0.055
1693875600000,0.046
1693879200000,0.039
1693882800000,0.034
1693886400000,0.032
1693890000000,0.03
1693893600000,0.028
1693897200000,0.029
1693900800000,0.031
1693904400000,0.04
1693908000000,0.05
1693911600000,0.059
1693915200000,0.063
1693918800000,0.062
1693922400000,0.064
1693926000000,0.054
1693929600000,0.041
1693933200000,0.028
1693936800000,0.015
1693940400000,0.005
1693944000000,0.002
1693947600000,0.002
1693951200000,0.003
1693954800000,0.001
1693958400000,0.0
1693962000000,0.0
1693965600000,0.0
1693969200000,0.0
1693972800000,0.0
1693976400000,0.0
1693980000000,0.0
1693983600000,0.0
1693987200000,0.0
1693990800000,0.0
1693994400000,0.001
1693998000000,0.008
1694001600000,0.014
1694005200000,0.018
1694008800000,0.019
1694012400000,0.011
1694016000000,0.005
1694019600000,0.004
1694023200000,0.006
1694026800000,0.016
1694030400000,0.063
1694034000000,0.113
1694037600000,0.117
1694041200000,0.088
1694044800000,0.09
1694048400000,0.093
1694052000000,0.103
1694055600000,0.09
1694059200000,0.061
1694062800000,0.031
1694066400000,0.01
1694070000000,0.002
1694073600000,0.001
1694077200000,0.002
1694080800000,0.019
1694084400000,0.053
1694088000000,0.065
1694091600000,0.059
1694095200000,0.05
1694098800000,0.048
1694102400000,0.045
1694106000000,0.041
1694109600000,0.035
1694113200000,0.03
1694116800000,0.027
1694120400000,0.013
1694124000000,0.004
1694127600000,0.002
1694131200000,0.001
1694134800000,0.0
1694138400000,0.0
1694142000000,0.0
1694145600000,0.0
1694149200000,0.001
1694152800000,0.005
1694156400000,0.011
1694160000000,0.018
1694163600000,0.027
1694167200000,0.045
1694170800000,0.045
1694174400000,0.041
1694178000000,0.037
1694181600000,0.032
1694185200000,0.024
1694188800000,0.017
1694192400000,0.012
1694196000000,0.005
1694199600000,0.008
1694203200000,0.017
1694206800000,0.028
1694210400000,0.033
1694214000000,0.019
1694217600000,0.015
1694221200000,0.007
1694224800000,0.003
1694228400000,0.001
1694232000000,0.0
1694235600000,0.0
1694239200000,0.0
1694242800000,0.009
1694246400000,0.024
1694250000000,0.05
1694253600000,0.055
1694257200000,0.044
1694260800000,0.047
1694264400000,0.05
1694268000000,0.048
1694271600000,0.045
1694275200000,0.035
1694278800000,0.014
1694282400000,0.002
1694286000000,0.001
1694289600000,0.001
1694293200000,0.001
1694296800000,0.003
1694300400000,0.001
1694304000000,0.002
1694307600000,0.003
1694311200000,0.004
1694314800000,0.003
1694318400000,0.001
1694322000000,0.0
1694325600000,0.007
1694329200000,0.055
1694332800000,0.123
1694336400000,0.138
1694340000000,0.127
1694343600000,0.084
1694347200000,0.057
1694350800000,0.048
1694354400000,0.037
1694358000000,0.038
1694361600000,0.057
1694365200000,0.069
1694368800000,0.043
1694372400000,0.011
1694376000000,0.005
1694379600000,0.009
1694383200000,0.021
1694386800000,0.036
1694390400000,0.061
1694394000000,0.038
1694397600000,0.024
1694401200000,0.011
1694404800000,0.014
1694408400000,0.046
1694412000000,0.103
1694415600000,0.141
1694419200000,0.136
1694422800000,0.126
1694426400000,0.137
1694430000000,0.125
1694433600000,0.099
1694437200000,0.069
1694440800000,0.046
1694444400000,0.044
1694448000000,0.057
1694451600000,0.076
1694455200000,0.083
1694458800000,0.08
1694462400000,0.069
1694466000000,0.047
1694469600000,0.016
1694473200000,0.021
1694476800000,0.023
1694480400000,0.012
1694484000000,0.021
1694487600000,0.045
1694491200000,0.074
1694494800000,0.103
1694498400000,0.133
1694502000000,0.141
1694505600000,0.129
1694509200000,0.12
1694512800000,0.123
1694516400000,0.132
1694520000000,0.124
1694523600000,0.107
1694527200000,0.114
1694530800000,0.1
1694534400000,0.095
1694538000000,0.096
1694541600000,0.086
1694545200000,0.065
1694548800000,0.03
1694552400000,0.006
1694556000000,0.001
1694559600000,0.001
1694563200000,0.001
1694566800000,0.001
1694570400000,0.001
1694574000000,0.001
1694577600000,0.001
1694581200000,0.003
1694584800000,0.006
1694588400000,0.015
1694592000000,0.041
1694595600000,0.073
1694599200000,0.103
1694602800000,0.097
1694606400000,0.081
1694610000000,0.07
1694613600000,0.055
1694617200000,0.045
1694620800000,0.046
1694624400000,0.054
1694628000000,0.059
1694631600000,0.054
1694635200000,0.026
1694638800000,0.023
1694642400000,0.022
1694646000000,0.014
1694649600000,0.006
1694653200000,0.005
1694656800000,0.004
1694660400000,0.006
1694664000000,0.013
1694667600000,0.022
1694671200000,0.037
1694674800000,0.077
1694678400000,0.104
1694682000000,0.116
1694685600000,0.149
1694689200000,0.134
1694692800000,0.108
1694696400000,0.08
1694700000000,0.062
1694703600000,0.06
1694707200000,0.073
1694710800000,0.097
1694714400000,0.115
1694718000000,0.121
1694721600000,0.118
1694725200000,0.101
1694728800000,0.072
1694732400000,0.058
1694736000000,0.036
1694739600000,0.019
1694743200000,0.007
1694746800000,0.005
1694750400000,0.006
1694754000000,0.008
1694757600000,0.013
1694761200000,0.028
1694764800000,0.072
1694768400000,0.071
1694772000000,0.03
1694775600000,0.006
1694779200000,0.005
1694782800000,0.007
1694786400000,0.006
1694790000000,0.006
1694793600000,0.005
1694797200000,0.004
1694800800000,0.003
1694804400000,0.002
1694808000000,0.002
1694811600000,0.003
1694815200000,0.003
1694818800000,0.002
1694822400000,0.001
1694826000000,0.0
1694829600000,0.0
1694833200000,0.0
1694836800000,0.001
1694840400000,0.003
1694844000000,0.009
1694847600000,0.022
1694851200000,0.038
1694854800000,0.05
1694858400000,0.061
1694862000000,0.051
1694865600000,0.036
1694869200000,0.025
1694872800000,0.015
1694876400000,0.015
1694880000000,0.018
1694883600000,0.015
1694887200000,0.014
1694890800000,0.014
1694894400000,0.005
1694898000000,0.003
1694901600000,0.003
1694905200000,0.001
1694908800000,0.0
1694912400000,0.0
1694916000000,0.0
1694919600000,0.0
1694923200000,0.0
1694926800000,0.012
1694930400000,0.056
1694934000000,0.106
1694937600000,0.125
1694941200000,0.119
1694944800000,0.124
1694948400000,0.118
1694952000000,0.118
1694955600000,0.108
1694959200000,0.094
1694962800000,0.089
1694966400000,0.092
1694970000000,0.087
1694973600000,0.084
1694977200000,0.082
1694980800000,0.078
1694984400000,0.047
1694988000000,0.013
1694991600000,0.002
1694995200000,0.0
1694998800000,0.0
1695002400000,0.0
1695006000000,0.005
1695009600000,0.035
1695013200000,0.085
1695016800000,0.137
1695020400000,0.168
1695024000000,0.154
1695027600000,0.142
1695031200000,0.159
1695034800000,0.155
1695038400000,0.155
1695042000000,0.139
1695045600000,0.123
1695049200000,0.113
1695052800000,0.098
1695056400000,0.081
1695060000000,0.072
1695063600000,0.062
1695067200000,0.048
1695070800000,0.029
1695074400000,0.014
1695078000000,0.007
1695081600000,0.002
1695085200000,0.001
1695088800000,0.001
1695092400000,0.004
1695096000000,0.014
1695099600000,0.034
1695103200000,0.058
1695106800000,0.073
1695110400000,0.067
1695114000000,0.066
1695117600000,0.057
1695121200000,0.029
1695124800000,0.008
1695128400000,0.002
1695132000000,0.001
1695135600000,0.004
1695139200000,0.015
1695142800000,0.034
1695146400000,0.069
1695150000000,0.137
1695153600000,0.157
1695157200000,0.124
1695160800000,0.084
1695164400000,0.066
1695168000000,0.058
1695171600000,0.029
1695175200000,0.009
1695178800000,0.002
1695182400000,0.002
1695186000000,0.012
1695189600000,0.051
1695193200000,0.098
1695196800000,0.125
1695200400000,0.169
1695204000000,0.214
1695207600000,0.205
1695211200000,0.186
1695214800000,0.196
1695218400000,0.214
1695222000000,0.225
1695225600000,0.141
1695229200000,0.125
1695232800000,0.142
1695236400000,0.132
1695240000000,0.121
1695243600000,0.101
1695247200000,0.071
1695250800000,0.042
1695254400000,0.044
1695258000000,0.031
1695261600000,0.022
1695265200000,0.021
1695268800000,0.025
1695272400000,0.036
1695276000000,0.057
1695279600000,0.066
1695283200000,0.053
1695286800000,0.051
1695290400000,0.066
1695294000000,0.076
1695297600000,0.088
1695301200000,0.099
1695304800000,0.118
1695308400000,0.136
1695312000000,0.137
1695315600000,0.103
1695319200000,0.061
1695322800000,0.033
1695326400000,0.022
1695330000000,0.018
1695333600000,0.018
1695337200000,0.046
1695340800000,0.056
1695344400000,0.042
1695348000000,0.047
1695351600000,0.063
1695355200000,0.073
1695358800000,0.077
1695362400000,0.08
1695366000000,0.104
1695369600000,0.123
1695373200000,0.103
1695376800000,0.114
1695380400000,0.114
1695384000000,0.084
1695387600000,0.047
1695391200000,0.026
1695394800000,0.023
1695398400000,0.019
1695402000000,0.015
1695405600000,0.035
1695409200000,0.086
1695412800000,0.153
1695416400000,0.207
1695420000000,0.22
1695423600000,0.157
1695427200000,0.137
1695430800000,0.156
1695434400000,0.138
1695438000000,0.128
1695441600000,0.132
1695445200000,0.113
1695448800000,0.086
1695452400000,0.067
1695456000000,0.089
1695459600000,0.138
1695463200000,0.17
1695466800000,0.167
1695470400000,0.155
1695474000000,0.138
1695477600000,0.118
1695481200000,0.111
1695484800000,0.106
1695488400000,0.105
1695492000000,0.115
1695495600000,0.147
1695499200000,0.199
1695502800000,0.215
1695506400000,0.186
1695510000000,0.126
1695513600000,0.142
1695517200000,0.156
1695520800000,0.16
1695524400000,0.177
1695528000000,0.186
1695531600000,0.192
1695535200000,0.201
1695538800000,0.2
1695542400000,0.167
1695546000000,0.152
1695549600000,0.174
1695553200000,0.19
1695556800000,0.225
1695560400000,0.241
1695564000000,0.094
1695567600000,0.02
1695571200000,0.009
1695574800000,0.009
1695578400000,0.015
1695582000000,0.014
1695585600000,0.006
1695589200000,0.0
1695592800000,0.0
1695596400000,0.0
1695600000000,0.0
1695603600000,0.001
1695607200000,0.003
1695610800000,0.017
1695614400000,0.047
1695618000000,0.086
1695621600000,0.125
1695625200000,0.155
1695628800000,0.133
1695632400000,0.114
1695636000000,0.136
1695639600000,0.14
1695643200000,0.141
1695646800000,0.157
1695650400000,0.169
1695654000000,0.145
1695657600000,0.082
1695661200000,0.023
1695664800000,0.005
1695668400000,0.002
1695672000000,0.002
1695675600000,0.001
1695679200000,0.001
1695682800000,0.002
1695686400000,0.002
1695690000000,0.002
1695693600000,0.006
1695697200000,0.021
1695700800000,0.06
1695704400000,0.117
1695708000000,0.176
1695711600000,0.214
1695715200000,0.196
1695718800000,0.168
1695722400000,0.173
1695726000000,0.148
1695729600000,0.125
1695733200000,0.101
1695736800000,0.08
1695740400000,0.068
1695744000000,0.062
1695747600000,0.062
1695751200000,0.069
1695754800000,0.074
1695758400000,0.076
1695762000000,0.062
1695765600000,0.041
1695769200000,0.043
1695772800000,0.035
1695776400000,0.026
1695780000000,0.026
1695783600000,0.037
1695787200000,0.06
1695790800000,0.089
1695794400000,0.125
1695798000000,0.161
1695801600000,0.168
1695805200000,0.161
1695808800000,0.182
1695812400000,0.176
1695816000000,0.181
1695819600000,0.214
1695823200000,0.243
1695826800000,0.099
1695830400000,0.104
1695834000000,0.09
1695837600000,0.052
1695841200000,0.041
1695844800000,0.026
1695848400000,0.013
1695852000000,0.007
1695855600000,0.02
1695859200000,0.021
1695862800000,0.02
1695866400000,0.024
1695870000000,0.037
1695873600000,0.051
1695877200000,0.064
1695880800000,0.084
1695884400000,0.102
1695888000000,0.104
1695891600000,0.105
1695895200000,0.125
1695898800000,0.126
1695902400000,0.123
1695906000000,0.121
1695909600000,0.101
1695913200000,0.032
1695916800000,0.01
1695920400000,0.008
1695924000000,0.003
1695927600000,0.001
1695931200000,0.001
1695934800000,0.002
1695938400000,0.005
1695942000000,0.017
1695945600000,0.013
1695949200000,0.012
1695952800000,0.019
1695956400000,0.031
1695960000000,0.045
1695963600000,0.058
1695967200000,0.073
1695970800000,0.091
1695974400000,0.089
1695978000000,0.095
1695981600000,0.104
1695985200000,0.073
1695988800000,0.03
1695992400000,0.001
1695996000000,0.0
1695999600000,0.0
1696003200000,0.001
1696006800000,0.003
1696010400000,0.005
1696014000000,0.008
1696017600000,0.012
1696021200000,0.014
1696024800000,0.01
1696028400000,0.002
1696032000000,0.003
1696035600000,0.006
1696039200000,0.009
1696042800000,0.018
1696046400000,0.037
1696050000000,0.064
1696053600000,0.094
1696057200000,0.106
1696060800000,0.095
1696064400000,0.1
1696068000000,0.125
1696071600000,0.124
1696075200000,0.105
1696078800000,0.088
1696082400000,0.071
1696086000000,0.048
1696089600000,0.028
1696093200000,0.021
1696096800000,0.018
1696100400000,0.012
1696104000000,0.009
1696107600000,0.018
1696111200000,0.036
1696114800000,0.033
1696118400000,0.05
1696122000000,0.056
1696125600000,0.056
1696129200000,0.068
1696132800000,0.094
1696136400000,0.132
1696140000000,0.165
1696143600000,0.156
1696147200000,0.128
1696150800000,0.155
1696154400000,0.179
1696158000000,0.167
1696161600000,0.15
1696165200000,0.128
1696168800000,0.097
1696172400000,0.09
1696176000000,0.107
1696179600000,0.129
1696183200000,0.153
1696186800000,0.179
1696190400000,0.206
1696194000000,0.22
1696197600000,0.193
1696201200000,0.136
1696204800000,0.153
1696208400000,0.161
1696212000000,0.195
1696215600000,0.217
1696219200000,0.218
1696222800000,0.228
1696226400000,0.233
1696230000000,0.204
1696233600000,0.189
1696237200000,0.223
1696240800000,0.272
1696244400000,0.291
1696248000000,0.289
1696251600000,0.293
1696255200000,0.277
1696258800000,0.306
1696262400000,0.347
1696266000000,0.368
1696269600000,0.386
1696273200000,0.377
1696276800000,0.374
1696280400000,0.325
1696284000000,0.233
1696287600000,0.135
1696291200000,0.308
1696294800000,0.291
1696298400000,0.326
1696302000000,0.46
1696305600000,0.601
1696309200000,0.64
1696312800000,0.593
1696316400000,0.472
1696320000000,0.361
1696323600000,0.3
1696327200000,0.231
1696330800000,0.168
1696334400000,0.138
1696338000000,0.157
1696341600000,0.193
1696345200000,0.221
1696348800000,0.241
1696352400000,0.24
1696356000000,0.24
1696359600000,0.24
1696363200000,0.243
1696366800000,0.233
1696370400000,0.204
1696374000000,0.13
1696377600000,0.106
1696381200000,0.211
1696384800000,0.171
1696388400000,0.156
1696392000000,0.16
1696395600000,0.159
1696399200000,0.177
1696402800000,0.201
1696406400000,0.131
1696410000000,0.132
1696413600000,0.223
1696417200000,0.278
1696420800000,0.251
1696424400000,0.207
1696428000000,0.185
1696431600000,0.173
1696435200000,0.177
1696438800000,0.202
1696442400000,0.249
1696446000000,0.284
1696449600000,0.294
1696453200000,0.3
1696456800000,0.279
1696460400000,0.174
1696464000000,0.152
1696467600000,0.187
1696471200000,0.18
1696474800000,0.127
1696478400000,0.071
1696482000000,0.033
1696485600000,0.017
1696489200000,0.019
1696492800000,0.008
1696496400000,0.002
1696500000000,0.018
1696503600000,0.035
1696507200000,0.029
1696510800000,0.026
1696514400000,0.033
1696518000000,0.039
1696521600000,0.043
1696525200000,0.045
1696528800000,0.034
1696532400000,0.019
1696536000000,0.009
1696539600000,0.008
1696543200000,0.017
1696546800000,0.018
1696550400000,0.021
1696554000000,0.033
1696557600000,0.032
1696561200000,0.015
1696564800000,0.005
1696568400000,0.001
1696572000000,0.0
1696575600000,0.0
1696579200000,0.0
1696582800000,0.001
1696586400000,0.016
1696590000000,0.037
1696593600000,0.047
1696597200000,0.049
1696600800000,0.047
1696604400000,0.041
1696608000000,0.041
1696611600000,0.044
1696615200000,0.056
1696618800000,0.076
1696622400000,0.104
1696626000000,0.117
1696629600000,0.115
1696633200000,0.077
1696636800000,0.078
1696640400000,0.083
1696644000000,0.074
1696647600000,0.055
1696651200000,0.044
1696654800000,0.043
1696658400000,0.047
1696662000000,0.051
1696665600000,0.057
1696669200000,0.09
1696672800000,0.135
1696676400000,0.156
1696680000000,0.17
1696683600000,0.182
1696687200000,0.195
1696690800000,0.196
1696694400000,0.183
1696698000000,0.168
1696701600000,0.157
1696705200000,0.144
1696708800000,0.123
1696712400000,0.094
1696716000000,0.058
1696719600000,0.029
1696723200000,0.03
1696726800000,0.024
1696730400000,0.018
1696734000000,0.018
1696737600000,0.025
1696741200000,0.039
1696744800000,0.062
1696748400000,0.094
1696752000000,0.111
1696755600000,0.138
1696759200000,0.167
1696762800000,0.16
1696766400000,0.155
1696770000000,0.152
1696773600000,0.144
1696777200000,0.139
1696780800000,0.154
1696784400000,0.156
1696788000000,0.144
1696791600000,0.127
1696795200000,0.111
1696798800000,0.082
1696802400000,0.059
1696806000000,0.089
1696809600000,0.128
1696813200000,0.175
1696816800000,0.213
1696820400000,0.244
1696824000000,0.245
1696827600000,0.223
1696831200000,0.209
1696834800000,0.187
1696838400000,0.148
1696842000000,0.133
1696845600000,0.146
1696849200000,0.137
1696852800000,0.123
1696856400000,0.112
1696860000000,0.107
1696863600000,0.131
1696867200000,0.162
1696870800000,0.185
1696874400000,0.231
1696878000000,0.259
1696881600000,0.278
1696885200000,0.256
1696888800000,0.225
1696892400000,0.156
1696896000000,0.207
1696899600000,0.236
1696903200000,0.261
1696906800000,0.337
1696910400000,0.419
1696914000000,0.454
1696917600000,0.435
1696921200000,0.374
1696924800000,0.251
1696928400000,0.196
1696932000000,0.185
1696935600000,0.162
1696939200000,0.138
1696942800000,0.116
1696946400000,0.108
1696950000000,0.126
1696953600000,0.138
1696957200000,0.15
1696960800000,0.164
1696964400000,0.176
1696968000000,0.202
1696971600000,0.21
1696975200000,0.201
1696978800000,0.191
1696982400000,0.167
1696986000000,0.156
1696989600000,0.144
1696993200000,0.157
1696996800000,0.178
1697000400000,0.186
1697004000000,0.2
1697007600000,0.213
1697011200000,0.196
1697014800000,0.186
1697018400000,0.203
1697022000000,0.195
1697025600000,0.186
1697029200000,0.184
1697032800000,0.179
1697036400000,0.166
1697040000000,0.179
1697043600000,0.194
1697047200000,0.217
1697050800000,0.264
1697054400000,0.348
1697058000000,0.388
1697061600000,0.381
1697065200000,0.332
1697068800000,0.318
1697072400000,0.35
1697076000000,0.395
1697079600000,0.435
1697083200000,0.453
1697086800000,0.445
1697090400000,0.425
1697094000000,0.381
1697097600000,0.28
1697101200000,0.274
1697104800000,0.32
1697108400000,0.32
1697112000000,0.308
1697115600000,0.291
1697119200000,0.278
1697122800000,0.284
1697126400000,0.287
1697130000000,0.278
1697133600000,0.272
1697137200000,0.265
1697140800000,0.259
1697144400000,0.241
1697148000000,0.191
1697151600000,0.141
1697155200000,0.138
1697158800000,0.121
1697162400000,0.101
1697166000000,0.101
1697169600000,0.111
1697173200000,0.123
1697176800000,0.138
1697180400000,0.165
1697184000000,0.179
1697187600000,0.176
1697191200000,0.194
1697194800000,0.178
1697198400000,0.156
1697202000000,0.128
1697205600000,0.104
1697209200000,0.106
1697212800000,0.123
1697216400000,0.139
1697220000000,0.139
1697223600000,0.126
1697227200000,0.11
1697230800000,0.1
1697234400000,0.094
1697238000000,0.07
1697241600000,0.063
1697245200000,0.041
1697248800000,0.024
1697252400000,0.028
1697256000000,0.057
1697259600000,0.101
1697263200000,0.148
1697266800000,0.192
1697270400000,0.21
1697274000000,0.217
1697277600000,0.225
1697281200000,0.201
1697284800000,0.199
1697288400000,0.198
1697292000000,0.173
1697295600000,0.127
1697299200000,0.105
1697302800000,0.101
1697306400000,0.091
1697310000000,0.076
1697313600000,0.075
1697317200000,0.086
1697320800000,0.069
1697324400000,0.034
1697328000000,0.021
1697331600000,0.011
1697335200000,0.006
1697338800000,0.01
1697342400000,0.026
1697346000000,0.052
1697349600000,0.083
1697353200000,0.12
1697356800000,0.148
1697360400000,0.218
1697364000000,0.291
1697367600000,0.32
1697371200000,0.337
1697374800000,0.278
1697378400000,0.19
1697382000000,0.143
1697385600000,0.12
1697389200000,0.094
1697392800000,0.068
1697396400000,0.058
1697400000000,0.07
1697403600000,0.081
1697407200000,0.087
1697410800000,0.112
1697414400000,0.124
1697418000000,0.109
1697421600000,0.082
1697425200000,0.076
1697428800000,0.09
1697432400000,0.104
1697436000000,0.118
1697439600000,0.142
1697443200000,0.158
1697446800000,0.187
1697450400000,0.241
1697454000000,0.238
1697457600000,0.233
1697461200000,0.227
1697464800000,0.203
1697468400000,0.185
1697472000000,0.177
1697475600000,0.173
1697479200000,0.182
1697482800000,0.192
1697486400000,0.214
1697490000000,0.21
1697493600000,0.179
1697497200000,0.138
1697500800000,0.131
1697504400000,0.122
1697508000000,0.122
1697511600000,0.155
1697515200000,0.219
1697518800000,0.3
1697522400000,0.371
1697526000000,0.391
1697529600000,0.331
1697533200000,0.311
1697536800000,0.346
1697540400000,0.345
1697544000000,0.372
1697547600000,0.375
1697551200000,0.37
1697554800000,0.379
1697558400000,0.405
1697562000000,0.393
1697565600000,0.354
1697569200000,0.38
1697572800000,0.39
1697576400000,0.386
1697580000000,0.37
1697583600000,0.267
1697587200000,0.325
1697590800000,0.401
1697594400000,0.37
1697598000000,0.364
1697601600000,0.37
1697605200000,0.376
1697608800000,0.38
1697612400000,0.376
1697616000000,0.323
1697619600000,0.314
1697623200000,0.352
1697626800000,0.346
1697630400000,0.337
1697634000000,0.298
1697637600000,0.27
1697641200000,0.27
1697644800000,0.264
1697648400000,0.251
1697652000000,0.232
1697655600000,0.225
1697659200000,0.238
1697662800000,0.261
1697666400000,0.251
1697670000000,0.223
1697673600000,0.241
1697677200000,0.245
1697680800000,0.238
1697684400000,0.253
1697688000000,0.277
1697691600000,0.282
1697695200000,0.274
1697698800000,0.256
1697702400000,0.2
1697706000000,0.158
1697709600000,0.144
1697713200000,0.116
1697716800000,0.089
1697720400000,0.065
1697724000000,0.042
1697727600000,0.051
1697731200000,0.078
1697734800000,0.073
1697738400000,0.034
1697742000000,0.011
1697745600000,0.005
1697749200000,0.003
1697752800000,0.005
1697756400000,0.03
1697760000000,0.042
1697763600000,0.044
1697767200000,0.05
1697770800000,0.062
1697774400000,0.073
1697778000000,0.084
1697781600000,0.097
1697785200000,0.118
1697788800000,0.118
1697792400000,0.137
1697796000000,0.159
1697799600000,0.165
1697803200000,0.18
1697806800000,0.185
1697810400000,0.199
1697814000000,0.235
1697817600000,0.216
1697821200000,0.213
1697824800000,0.22
1697828400000,0.227
1697832000000,0.238
1697835600000,0.251
1697839200000,0.27
1697842800000,0.257
1697846400000,0.231
1697850000000,0.207
1697853600000,0.223
1697857200000,0.265
1697860800000,0.291
1697864400000,0.314
1697868000000,0.343
1697871600000,0.316
1697875200000,0.297
1697878800000,0.3
1697882400000,0.335
1697886000000,0.379
1697889600000,0.457
1697893200000,0.495
1697896800000,0.496
1697900400000,0.479
1697904000000,0.394
1697907600000,0.371
1697911200000,0.377
1697914800000,0.366
1697918400000,0.325
1697922000000,0.259
1697925600000,0.226
1697929200000,0.175
1697932800000,0.194
1697936400000,0.242
1697940000000,0.254
1697943600000,0.289
1697947200000,0.313
1697950800000,0.296
1697954400000,0.253
1697958000000,0.212
1697961600000,0.227
1697965200000,0.233
1697968800000,0.255
1697972400000,0.262
1697976000000,0.251
1697979600000,0.216
1697983200000,0.183
1697986800000,0.173
1697990400000,0.179
1697994000000,0.2
1697997600000,0.256
1698001200000,0.367
1698004800000,0.378
1698008400000,0.401
1698012000000,0.448
1698015600000,0.407
1698019200000,0.292
1698022800000,0.42
1698026400000,0.502
1698030000000,0.55
1698033600000,0.595
1698037200000,0.622
1698040800000,0.618
1698044400000,0.544
1698048000000,0.42
1698051600000,0.374
1698055200000,0.325
1698058800000,0.318
1698062400000,0.289
1698066000000,0.278
1698069600000,0.249
1698073200000,0.25
1698076800000,0.265
1698080400000,0.267
1698084000000,0.253
1698087600000,0.235
1698091200000,0.21
1698094800000,0.186
1698098400000,0.179
1698102000000,0.144
1698105600000,0.225
1698109200000,0.252
1698112800000,0.249
1698116400000,0.278
1698120000000,0.327
1698123600000,0.376
1698127200000,0.408
1698130800000,0.389
1698134400000,0.271
1698138000000,0.209
1698141600000,0.196
1698145200000,0.181
1698148800000,0.179
1698152400000,0.164
1698156000000,0.133
1698159600000,0.125
1698163200000,0.114
1698166800000,0.094
1698170400000,0.07
1698174000000,0.05
1698177600000,0.046
1698181200000,0.047
1698184800000,0.045
1698188400000,0.03
1698192000000,0.032
1698195600000,0.027
1698199200000,0.025
1698202800000,0.03
1698206400000,0.048
1698210000000,0.07
1698213600000,0.095
1698217200000,0.129
1698220800000,0.127
1698224400000,0.143
1698228000000,0.159
1698231600000,0.151
1698235200000,0.141
1698238800000,0.146
1698242400000,0.155
1698246000000,0.179
1698249600000,0.202
1698253200000,0.216
1698256800000,0.131
1698260400000,0.038
1698264000000,0.022
1698267600000,0.012
1698271200000,0.004
1698274800000,0.006
1698278400000,0.009
1698282000000,0.016
1698285600000,0.02
1698289200000,0.025
1698292800000,0.035
1698296400000,0.054
1698300000000,0.093
1698303600000,0.15
1698307200000,0.17
1698310800000,0.184
1698314400000,0.186
1698318000000,0.184
1698321600000,0.179
1698325200000,0.172
1698328800000,0.17
1698332400000,0.174
1698336000000,0.167
1698339600000,0.16
1698343200000,0.154
1698346800000,0.154
1698350400000,0.155
1698354000000,0.147
1698357600000,0.133
1698361200000,0.09
1698364800000,0.076
1698368400000,0.056
1698372000000,0.048
1698375600000,0.058
1698379200000,0.077
1698382800000,0.104
1698386400000,0.138
1698390000000,0.175
1698393600000,0.182
1698397200000,0.197
1698400800000,0.233
1698404400000,0.246
1698408000000,0.238
1698411600000,0.225
1698415200000,0.147
1698418800000,0.117
1698422400000,0.115
1698426000000,0.111
1698429600000,0.108
1698433200000,0.117
1698436800000,0.129
1698440400000,0.126
1698444000000,0.11
1698447600000,0.07
1698451200000,0.061
1698454800000,0.048
1698458400000,0.038
1698462000000,0.038
1698465600000,0.046
1698469200000,0.057
1698472800000,0.079
1698476400000,0.119
1698480000000,0.145
1698483600000,0.185
1698487200000,0.22
1698490800000,0.214
1698494400000,0.217
1698498000000,0.213
1698501600000,0.213
1698505200000,0.221
1698508800000,0.239
1698512400000,0.25
1698516000000,0.251
1698519600000,0.248
1698523200000,0.242
1698526800000,0.216
1698530400000,0.175
1698534000000,0.102
1698537600000,0.11
1698541200000,0.106
1698544800000,0.099
1698548400000,0.115
1698552000000,0.155
1698555600000,0.201
1698559200000,0.251
1698562800000,0.294
1698566400000,0.27
1698570000000,0.282
1698573600000,0.313
1698577200000,0.307
1698580800000,0.295
1698584400000,0.277
1698588000000,0.258
1698591600000,0.272
1698595200000,0.28
1698598800000,0.274
1698602400000,0.241
1698606000000,0.239
1698609600000,0.251
1698613200000,0.273
1698616800000,0.28
1698620400000,0.208
1698624000000,0.235
1698627600000,0.272
1698631200000,0.265
1698634800000,0.279
1698638400000,0.312
1698642000000,0.337
1698645600000,0.36
1698649200000,0.364
1698652800000,0.305
1698656400000,0.297
1698660000000,0.313
1698663600000,0.3
1698667200000,0.28
1698670800000,0.243
1698674400000,0.193
1698678000000,0.172
1698681600000,0.167
1698685200000,0.164
1698688800000,0.179
1698692400000,0.22
1698696000000,0.265
1698699600000,0.274
1698703200000,0.283
1698706800000,0.235
1698710400000,0.29
1698714000000,0.417
1698717600000,0.494
1698721200000,0.568
1698724800000,0.615
1698728400000,0.638
1698732000000,0.645
1698735600000,0.59
1698739200000,0.469
1698742800000,0.454
1698746400000,0.458
1698750000000,0.423
1698753600000,0.4
1698757200000,0.369
1698760800000,0.332
1698764400000,0.345
1698768000000,0.328
1698771600000,0.358
1698775200000,0.379
1698778800000,0.343
1698782400000,0.352
1698786000000,0.307
1698789600000,0.257
1698793200000,0.218
1698796800000,0.306
1698800400000,0.454
1698804000000,0.501
1698807600000,0.544
1698811200000,0.584
1698814800000,0.605
1698818400000,0.578
1698822000000,0.498
1698825600000,0.41
1698829200000,0.376
1698832800000,0.367
1698836400000,0.34
1698840000000,0.282
1698843600000,0.259
1698847200000,0.251
1698850800000,0.264
1698854400000,0.277
1698858000000,0.272
1698861600000,0.25
1698865200000,0.233
1698868800000,0.217
1698872400000,0.185
1698876000000,0.136
1698879600000,0.1
1698883200000,0.101
1698886800000,0.094
1698890400000,0.074
1698894000000,0.072
1698897600000,0.085
1698901200000,0.099
1698904800000,0.107
1698908400000,0.11
1698912000000,0.128
1698915600000,0.162
1698919200000,0.189
1698922800000,0.195
1698926400000,0.208
1698930000000,0.147
1698933600000,0.089
1698937200000,0.1
1698940800000,0.107
1698944400000,0.092
1698948000000,0.088
1698951600000,0.093
1698955200000,0.102
1698958800000,0.093
1698962400000,0.071
1698966000000,0.047
1698969600000,0.047
1698973200000,0.047
1698976800000,0.048
1698980400000,0.072
1698984000000,0.109
1698987600000,0.135
1698991200000,0.155
1698994800000,0.165
1698998400000,0.146
1699002000000,0.145
1699005600000,0.169
1699009200000,0.179
1699012800000,0.192
1699016400000,0.191
1699020000000,0.168
1699023600000,0.158
1699027200000,0.141
1699030800000,0.118
1699034400000,0.093
1699038000000,0.068
1699041600000,0.045
1699045200000,0.026
1699048800000,0.015
1699052400000,0.021
1699056000000,0.03
1699059600000,0.028
1699063200000,0.032
1699066800000,0.045
1699070400000,0.065
1699074000000,0.087
1699077600000,0.112
1699081200000,0.136
1699084800000,0.131
1699088400000,0.148
1699092000000,0.168
1699095600000,0.176
1699099200000,0.167
1699102800000,0.15
1699106400000,0.122
1699110000000,0.101
1699113600000,0.103
1699117200000,0.102
1699120800000,0.106
1699124400000,0.121
1699128000000,0.146
1699131600000,0.164
1699135200000,0.168
1699138800000,0.117
1699142400000,0.123
1699146000000,0.177
1699149600000,0.191
1699153200000,0.194
1699156800000,0.193
1699160400000,0.179
1699164000000,0.159
1699167600000,0.136
1699171200000,0.112
1699174800000,0.139
1699178400000,0.164
1699182000000,0.153
1699185600000,0.135
1699189200000,0.127
1699192800000,0.126
1699196400000,0.133
1699200000000,0.148
1699203600000,0.152
1699207200000,0.154
1699210800000,0.153
1699214400000,0.149
1699218000000,0.121
1699221600000,0.1
1699225200000,0.067
1699228800000,0.093
1699232400000,0.102
1699236000000,0.1
1699239600000,0.117
1699243200000,0.145
1699246800000,0.169
1699250400000,0.182
1699254000000,0.196
1699257600000,0.2
1699261200000,0.24
1699264800000,0.254
1699268400000,0.222
1699272000000,0.203
1699275600000,0.175
1699279200000,0.145
1699282800000,0.12
1699286400000,0.109
1699290000000,0.131
1699293600000,0.168
1699297200000,0.201
1699300800000,0.238
1699304400000,0.253
1699308000000,0.251
1699311600000,0.18
1699315200000,0.267
1699318800000,0.315
1699322400000,0.331
1699326000000,0.345
1699329600000,0.346
1699333200000,0.337
1699336800000,0.332
1699340400000,0.32
1699344000000,0.272
1699347600000,0.306
1699351200000,0.328
1699354800000,0.328
1699358400000,0.319
1699362000000,0.318
1699365600000,0.327
1699369200000,0.347
1699372800000,0.389
1699376400000,0.429
1699380000000,0.419
1699383600000,0.418
1699387200000,0.403
1699390800000,0.374
1699394400000,0.327
1699398000000,0.203
1699401600000,0.305
1699405200000,0.398
1699408800000,0.407
1699412400000,0.429
1699416000000,0.437
1699419600000,0.425
1699423200000,0.403
1699426800000,0.334
1699430400000,0.228
1699434000000,0.2
1699437600000,0.223
1699441200000,0.199
1699444800000,0.16
1699448400000,0.132
1699452000000,0.099
1699455600000,0.098
1699459200000,0.119
1699462800000,0.14
1699466400000,0.149
1699470000000,0.157
1699473600000,0.162
1699477200000,0.146
1699480800000,0.164
1699484400000,0.175
1699488000000,0.179
1699491600000,0.209
1699495200000,0.289
1699498800000,0.295
1699502400000,0.274
1699506000000,0.259
1699509600000,0.249
1699513200000,0.212
1699516800000,0.154
1699520400000,0.156
1699524000000,0.174
1699527600000,0.158
1699531200000,0.139
1699534800000,0.117
1699538400000,0.101
1699542000000,0.096
1699545600000,0.102
1699549200000,0.099
1699552800000,0.092
1699556400000,0.095
1699560000000,0.117
1699563600000,0.121
1699567200000,0.118
1699570800000,0.1
1699574400000,0.138
1699578000000,0.169
1699581600000,0.155
1699585200000,0.157
1699588800000,0.171
1699592400000,0.194
1699596000000,0.223
1699599600000,0.245
1699603200000,0.202
1699606800000,0.208
1699610400000,0.237
1699614000000,0.241
1699617600000,0.227
1699621200000,0.212
1699624800000,0.202
1699628400000,0.208
1699632000000,0.227
1699635600000,0.227
1699639200000,0.245
1699642800000,0.249
1699646400000,0.25
1699650000000,0.233
1699653600000,0.199
1699657200000,0.139
1699660800000,0.148
1699664400000,0.172
1699668000000,0.178
1699671600000,0.208
1699675200000,0.254
1699678800000,0.294
1699682400000,0.328
1699686000000,0.349
1699689600000,0.292
1699693200000,0.243
1699696800000,0.256
1699700400000,0.274
1699704000000,0.264
1699707600000,0.245
1699711200000,0.24
1699714800000,0.26
1699718400000,0.265
1699722000000,0.254
1699725600000,0.252
1699729200000,0.245
1699732800000,0.22
1699736400000,0.186
1699740000000,0.158
1699743600000,0.124
1699747200000,0.11
1699750800000,0.103
1699754400000,0.107
1699758000000,0.126
1699761600000,0.155
1699765200000,0.188
1699768800000,0.225
1699772400000,0.249
1699776000000,0.232
1699779600000,0.266
1699783200000,0.274
1699786800000,0.293
1699790400000,0.294
1699794000000,0.297
1699797600000,0.276
1699801200000,0.273
1699804800000,0.295
1699808400000,0.318
1699812000000,0.343
1699815600000,0.373
1699819200000,0.398
1699822800000,0.402
1699826400000,0.398
1699830000000,0.348
1699833600000,0.464
1699837200000,0.63
1699840800000,0.685
1699844400000,0.733
1699848000000,0.763
1699851600000,0.773
1699855200000,0.765
1699858800000,0.674
1699862400000,0.528
1699866000000,0.523
1699869600000,0.568
1699873200000,0.593
1699876800000,0.674
1699880400000,0.696
1699884000000,0.668
1699887600000,0.674
1699891200000,0.694
1699894800000,0.728
1699898400000,0.732
1699902000000,0.732
1699905600000,0.721
1699909200000,0.683
1699912800000,0.646
1699916400000,0.59
1699920000000,0.642
1699923600000,0.782
1699927200000,0.786
1699930800000,0.798
1699934400000,0.817
1699938000000,0.809
1699941600000,0.775
1699945200000,0.693
1699948800000,0.543
1699952400000,0.487
1699956000000,0.451
1699959600000,0.417
1699963200000,0.41
1699966800000,0.395
1699970400000,0.38
1699974000000,0.414
1699977600000,0.448
1699981200000,0.46
1699984800000,0.445
1699988400000,0.435
1699992000000,0.435
1699995600000,0.447
1699999200000,0.429
1700002800000,0.313
1700006400000,0.334
1700010000000,0.521
1700013600000,0.574
1700017200000,0.615
1700020800000,0.661
1700024400000,0.693
1700028000000,0.705
1700031600000,0.644
1700035200000,0.561
1700038800000,0.568
1700042400000,0.535
1700046000000,0.476
1700049600000,0.459
1700053200000,0.457
1700056800000,0.507
1700060400000,0.501
1700064000000,0.494
1700067600000,0.498
1700071200000,0.476
1700074800000,0.45
1700078400000,0.43
1700082000000,0.381
1700085600000,0.328
1700089200000,0.267
1700092800000,0.323
1700096400000,0.445
1700100000000,0.444
1700103600000,0.444
1700107200000,0.454
1700110800000,0.45
1700114400000,0.455
1700118000000,0.431
1700121600000,0.328
1700125200000,0.296
1700128800000,0.314
1700132400000,0.304
1700136000000,0.277
1700139600000,0.243
1700143200000,0.24
1700146800000,0.243
1700150400000,0.274
1700154000000,0.313
1700157600000,0.347
1700161200000,0.341
1700164800000,0.337
1700168400000,0.345
1700172000000,0.364
1700175600000,0.28
1700179200000,0.368
1700182800000,0.485
1700186400000,0.507
1700190000000,0.516
1700193600000,0.539
1700197200000,0.566
1700200800000,0.592
1700204400000,0.547
1700208000000,0.469
1700211600000,0.481
1700215200000,0.509
1700218800000,0.523
1700222400000,0.525
1700226000000,0.497
1700229600000,0.476
1700233200000,0.471
1700236800000,0.502
1700240400000,0.542
1700244000000,0.538
1700247600000,0.538
1700251200000,0.563
1700254800000,0.561
1700258400000,0.567
1700262000000,0.501
1700265600000,0.532
1700269200000,0.702
1700272800000,0.739
1700276400000,0.769
1700280000000,0.786
1700283600000,0.778
1700287200000,0.774
1700290800000,0.744
1700294400000,0.672
1700298000000,0.575
1700301600000,0.498
1700305200000,0.448
1700308800000,0.415
1700312400000,0.379
1700316000000,0.367
1700319600000,0.407
1700323200000,0.43
1700326800000,0.43
1700330400000,0.407
1700334000000,0.41
1700337600000,0.413
1700341200000,0.383
1700344800000,0.367
1700348400000,0.286
1700352000000,0.346
1700355600000,0.368
1700359200000,0.323
1700362800000,0.3
1700366400000,0.305
1700370000000,0.328
1700373600000,0.364
1700377200000,0.38
1700380800000,0.343
1700384400000,0.374
1700388000000,0.382
1700391600000,0.374
1700395200000,0.345
1700398800000,0.313
1700402400000,0.291
1700406000000,0.311
1700409600000,0.352
1700413200000,0.357
1700416800000,0.341
1700420400000,0.323
1700424000000,0.287
1700427600000,0.249
1700431200000,0.265
1700434800000,0.196
1700438400000,0.277
1700442000000,0.347
1700445600000,0.362
1700449200000,0.402
1700452800000,0.447
1700456400000,0.466
1700460000000,0.467
1700463600000,0.425
1700467200000,0.337
1700470800000,0.311
1700474400000,0.328
1700478000000,0.302
1700481600000,0.3
1700485200000,0.294
1700488800000,0.285
1700492400000,0.295
1700496000000,0.308
1700499600000,0.302
1700503200000,0.304
1700506800000,0.312
1700510400000,0.323
1700514000000,0.302
1700517600000,0.277
1700521200000,0.207
1700524800000,0.251
1700528400000,0.267
1700532000000,0.235
1700535600000,0.235
1700539200000,0.263
1700542800000,0.3
1700546400000,0.338
1700550000000,0.341
1700553600000,0.269
1700557200000,0.272
1700560800000,0.274
1700564400000,0.266
1700568000000,0.251
1700571600000,0.22
1700575200000,0.186
1700578800000,0.17
1700582400000,0.143
1700586000000,0.11
1700589600000,0.088
1700593200000,0.1
1700596800000,0.123
1700600400000,0.122
1700604000000,0.114
1700607600000,0.074
1700611200000,0.076
1700614800000,0.088
1700618400000,0.092
1700622000000,0.114
1700625600000,0.143
1700629200000,0.168
1700632800000,0.192
1700636400000,0.202
1700640000000,0.168
1700643600000,0.19
1700647200000,0.192
1700650800000,0.175
1700654400000,0.152
1700658000000,0.134
1700661600000,0.136
1700665200000,0.142
1700668800000,0.162
1700672400000,0.194
1700676000000,0.223
1700679600000,0.231
1700683200000,0.236
1700686800000,0.24
1700690400000,0.228
1700694000000,0.143
1700697600000,0.152
1700701200000,0.201
1700704800000,0.212
1700708400000,0.267
1700712000000,0.347
1700715600000,0.42
1700719200000,0.464
1700722800000,0.447
1700726400000,0.343
1700730000000,0.282
1700733600000,0.278
1700737200000,0.27
1700740800000,0.24
1700744400000,0.251
1700748000000,0.265
1700751600000,0.294
1700755200000,0.316
1700758800000,0.325
1700762400000,0.314
1700766000000,0.312
1700769600000,0.328
1700773200000,0.325
1700776800000,0.332
1700780400000,0.297
1700784000000,0.568
1700787600000,0.642
1700791200000,0.646
1700794800000,0.672
1700798400000,0.705
1700802000000,0.737
1700805600000,0.762
1700809200000,0.761
1700812800000,0.7
1700816400000,0.633
1700820000000,0.622
1700823600000,0.606
1700827200000,0.557
1700830800000,0.523
1700834400000,0.474
1700838000000,0.45
1700841600000,0.459
1700845200000,0.465
1700848800000,0.468
1700852400000,0.491
1700856000000,0.55
1700859600000,0.554
1700863200000,0.513
1700866800000,0.464
1700870400000,0.666
1700874000000,0.735
1700877600000,0.732
1700881200000,0.762
1700884800000,0.78
1700888400000,0.783
1700892000000,0.772
1700895600000,0.725
1700899200000,0.592
1700902800000,0.484
1700906400000,0.444
1700910000000,0.439
1700913600000,0.444
1700917200000,0.379
1700920800000,0.277
1700924400000,0.276
1700928000000,0.282
1700931600000,0.283
1700935200000,0.282
1700938800000,0.285
1700942400000,0.296
1700946000000,0.278
1700949600000,0.261
1700953200000,0.18
1700956800000,0.311
1700960400000,0.428
1700964000000,0.481
1700967600000,0.552
1700971200000,0.601
1700974800000,0.62
1700978400000,0.611
1700982000000,0.548
1700985600000,0.411
1700989200000,0.374
1700992800000,0.334
1700996400000,0.317
1701000000000,0.301
1701003600000,0.284
1701007200000,0.265
1701010800000,0.279
1701014400000,0.282
1701018000000,0.272
1701021600000,0.26
1701025200000,0.277
1701028800000,0.271
1701032400000,0.233
1701036000000,0.233
1701039600000,0.134
1701043200000,0.12
1701046800000,0.14
1701050400000,0.125
1701054000000,0.118
1701057600000,0.12
1701061200000,0.13
1701064800000,0.147
1701068400000,0.171
1701072000000,0.154
1701075600000,0.196
1701079200000,0.226
1701082800000,0.241
1701086400000,0.245
1701090000000,0.248
1701093600000,0.247
1701097200000,0.251
1701100800000,0.251
1701104400000,0.252
1701108000000,0.267
1701111600000,0.281
1701115200000,0.297
1701118800000,0.314
1701122400000,0.302
1701126000000,0.233
1701129600000,0.312
1701133200000,0.417
1701136800000,0.434
1701140400000,0.463
1701144000000,0.483
1701147600000,0.527
1701151200000,0.592
1701154800000,0.621
1701158400000,0.568
1701162000000,0.513
1701165600000,0.481
1701169200000,0.447
1701172800000,0.457
1701176400000,0.425
1701180000000,0.425
1701183600000,0.425
1701187200000,0.434
1701190800000,0.386
1701194400000,0.42
1701198000000,0.415
1701201600000,0.423
1701205200000,0.385
1701208800000,0.357
1701212400000,0.239
1701216000000,0.299
1701219600000,0.488
1701223200000,0.507
1701226800000,0.517
1701230400000,0.543
1701234000000,0.53
1701237600000,0.476
1701241200000,0.337
1701244800000,0.27
1701248400000,0.233
1701252000000,0.241
1701255600000,0.265
1701259200000,0.243
1701262800000,0.222
1701266400000,0.22
1701270000000,0.24
1701273600000,0.286
1701277200000,0.277
1701280800000,0.27
1701284400000,0.272
1701288000000,0.279
1701291600000,0.259
1701295200000,0.233
1701298800000,0.173
1701302400000,0.167
1701306000000,0.197
1701309600000,0.241
1701313200000,0.357
1701316800000,0.458
1701320400000,0.516
1701324000000,0.498
1701327600000,0.457
1701331200000,0.476
1701334800000,0.483
1701338400000,0.466
1701342000000,0.438
1701345600000,0.379
1701349200000,0.36
1701352800000,0.332
1701356400000,0.341
1701360000000,0.362
1701363600000,0.374
1701367200000,0.379
1701370800000,0.37
1701374400000,0.364
1701378000000,0.341
1701381600000,0.341
1701385200000,0.243
1701388800000,0.277
1701392400000,0.352
1701396000000,0.457
1701399600000,0.541
1701403200000,0.603
1701406800000,0.619
1701410400000,0.569
1701414000000,0.489
1701417600000,0.454
1701421200000,0.397
1701424800000,0.402
1701428400000,0.415
1701432000000,0.366
1701435600000,0.376
1701439200000,0.368
1701442800000,0.401
1701446400000,0.429
1701450000000,0.47
1701453600000,0.488
1701457200000,0.488
1701460800000,0.535
1701464400000,0.495
1701468000000,0.453
1701471600000,0.386
1701475200000,0.426
1701478800000,0.605
1701482400000,0.64
1701486000000,0.686
1701489600000,0.733
1701493200000,0.75
1701496800000,0.737
1701500400000,0.666
1701504000000,0.596
1701507600000,0.557
1701511200000,0.533
1701514800000,0.493
1701518400000,0.461
1701522000000,0.401
1701525600000,0.313
1701529200000,0.282
1701532800000,0.325
1701536400000,0.371
1701540000000,0.379
1701543600000,0.369
1701547200000,0.404
1701550800000,0.425
1701554400000,0.458
1701558000000,0.326
1701561600000,0.286
1701565200000,0.465
1701568800000,0.516
1701572400000,0.556
1701576000000,0.622
1701579600000,0.672
1701583200000,0.688
1701586800000,0.604
1701590400000,0.556
1701594000000,0.473
1701597600000,0.349
1701601200000,0.272
1701604800000,0.235
1701608400000,0.222
1701612000000,0.162
1701615600000,0.175
1701619200000,0.213
1701622800000,0.251
1701626400000,0.261
1701630000000,0.259
1701633600000,0.259
1701637200000,0.243
1701640800000,0.207
1701644400000,0.148
1701648000000,0.167
1701651600000,0.175
1701655200000,0.153
1701658800000,0.149
1701662400000,0.149
1701666000000,0.156
1701669600000,0.164
1701673200000,0.163
1701676800000,0.14
1701680400000,0.187
1701684000000,0.206
1701687600000,0.176
1701691200000,0.152
1701694800000,0.139
1701698400000,0.116
1701702000000,0.089
1701705600000,0.076
1701709200000,0.071
1701712800000,0.065
1701716400000,0.05
1701720000000,0.03
1701723600000,0.015
1701727200000,0.008
1701730800000,0.001
1701734400000,0.001
1701738000000,0.0
1701741600000,0.0
1701745200000,0.0
1701748800000,0.005
1701752400000,0.039
1701756000000,0.102
1701759600000,0.146
1701763200000,0.128
1701766800000,0.133
1701770400000,0.13
1701774000000,0.108
1701777600000,0.091
1701781200000,0.084
1701784800000,0.069
1701788400000,0.059
1701792000000,0.054
1701795600000,0.042
1701799200000,0.029
1701802800000,0.025
1701806400000,0.025
1701810000000,0.014
1701813600000,0.003
1701817200000,0.001
1701820800000,0.0
1701824400000,0.0
1701828000000,0.0
1701831600000,0.0
1701835200000,0.009
1701838800000,0.033
1701842400000,0.054
1701846000000,0.084
1701849600000,0.097
1701853200000,0.16
1701856800000,0.184
1701860400000,0.163
1701864000000,0.12
1701867600000,0.11
1701871200000,0.141
1701874800000,0.155
1701878400000,0.159
1701882000000,0.162
1701885600000,0.169
1701889200000,0.21
1701892800000,0.191
1701896400000,0.211
1701900000000,0.206
1701903600000,0.139
1701907200000,0.275
1701910800000,0.367
1701914400000,0.367
1701918000000,0.367
1701921600000,0.381
1701925200000,0.418
1701928800000,0.461
1701932400000,0.473
1701936000000,0.383
1701939600000,0.337
1701943200000,0.416
1701946800000,0.398
1701950400000,0.4
1701954000000,0.365
1701957600000,0.294
1701961200000,0.274
1701964800000,0.273
1701968400000,0.267
1701972000000,0.243
1701975600000,0.23
1701979200000,0.231
1701982800000,0.197
1701986400000,0.149
1701990000000,0.068
1701993600000,0.064
1701997200000,0.051
1702000800000,0.03
1702004400000,0.031
1702008000000,0.045
1702011600000,0.063
1702015200000,0.093
1702018800000,0.126
1702022400000,0.133
1702026000000,0.184
1702029600000,0.22
1702033200000,0.226
1702036800000,0.22
1702040400000,0.203
1702044000000,0.184
1702047600000,0.179
1702051200000,0.167
1702054800000,0.151
1702058400000,0.134
1702062000000,0.124
1702065600000,0.125
1702069200000,0.118
1702072800000,0.095
1702076400000,0.058
1702080000000,0.053
1702083600000,0.037
1702087200000,0.02
1702090800000,0.014
1702094400000,0.015
1702098000000,0.026
1702101600000,0.058
1702105200000,0.111
1702108800000,0.139
1702112400000,0.207
1702116000000,0.21
1702119600000,0.185
1702123200000,0.18
1702126800000,0.188
1702130400000,0.202
1702134000000,0.207
1702137600000,0.208
1702141200000,0.193
1702144800000,0.192
1702148400000,0.193
1702152000000,0.173
1702155600000,0.134
1702159200000,0.101
1702162800000,0.046
1702166400000,0.063
1702170000000,0.069
1702173600000,0.059
1702177200000,0.054
1702180800000,0.054
1702184400000,0.058
1702188000000,0.073
1702191600000,0.101
1702195200000,0.131
1702198800000,0.203
1702202400000,0.211
1702206000000,0.174
1702209600000,0.148
1702213200000,0.133
1702216800000,0.124
1702220400000,0.118
1702224000000,0.106
1702227600000,0.097
1702231200000,0.084
1702234800000,0.073
1702238400000,0.07
1702242000000,0.065
1702245600000,0.061
1702249200000,0.049
1702252800000,0.079
1702256400000,0.095
1702260000000,0.095
1702263600000,0.097
1702267200000,0.095
1702270800000,0.09
1702274400000,0.088
1702278000000,0.093
1702281600000,0.105
1702285200000,0.171
1702288800000,0.199
1702292400000,0.177
1702296000000,0.164
1702299600000,0.152
1702303200000,0.134
1702306800000,0.118
1702310400000,0.109
1702314000000,0.099
1702317600000,0.101
1702321200000,0.112
1702324800000,0.116
1702328400000,0.102
1702332000000,0.084
1702335600000,0.073
1702339200000,0.074
1702342800000,0.069
1702346400000,0.073
1702350000000,0.101
1702353600000,0.143
1702357200000,0.193
1702360800000,0.245
1702364400000,0.27
1702368000000,0.211
1702371600000,0.212
1702375200000,0.212
1702378800000,0.212
1702382400000,0.232
1702386000000,0.258
1702389600000,0.258
1702393200000,0.281
1702396800000,0.294
1702400400000,0.331
1702404000000,0.361
1702407600000,0.388
1702411200000,0.395
1702414800000,0.355
1702418400000,0.391
1702422000000,0.395
1702425600000,0.389
1702429200000,0.557
1702432800000,0.684
1702436400000,0.724
1702440000000,0.714
1702443600000,0.7
1702447200000,0.676
1702450800000,0.594
1702454400000,0.473
1702458000000,0.476
1702461600000,0.469
1702465200000,0.422
1702468800000,0.401
1702472400000,0.367
1702476000000,0.356
1702479600000,0.386
1702483200000,0.391
1702486800000,0.407
1702490400000,0.431
1702494000000,0.434
1702497600000,0.457
1702501200000,0.444
1702504800000,0.442
1702508400000,0.338
1702512000000,0.313
1702515600000,0.507
1702519200000,0.548
1702522800000,0.552
1702526400000,0.56
1702530000000,0.566
1702533600000,0.557
1702537200000,0.503
1702540800000,0.354
1702544400000,0.328
1702548000000,0.304
1702551600000,0.278
1702555200000,0.281
1702558800000,0.272
1702562400000,0.261
1702566000000,0.261
1702569600000,0.288
1702573200000,0.282
1702576800000,0.288
1702580400000,0.289
1702584000000,0.325
1702587600000,0.328
1702591200000,0.297
1702594800000,0.182
1702598400000,0.146
1702602000000,0.177
1702605600000,0.15
1702609200000,0.142
1702612800000,0.145
1702616400000,0.15
1702620000000,0.156
1702623600000,0.154
1702627200000,0.153
1702630800000,0.219
1702634400000,0.264
1702638000000,0.247
1702641600000,0.209
1702645200000,0.185
1702648800000,0.157
1702652400000,0.147
1702656000000,0.146
1702659600000,0.148
1702663200000,0.146
1702666800000,0.161
1702670400000,0.192
1702674000000,0.212
1702677600000,0.193
1702681200000,0.102
1702684800000,0.133
1702688400000,0.167
1702692000000,0.172
1702695600000,0.213
1702699200000,0.265
1702702800000,0.314
1702706400000,0.348
1702710000000,0.331
1702713600000,0.251
1702717200000,0.325
1702720800000,0.343
1702724400000,0.374
1702728000000,0.401
1702731600000,0.436
1702735200000,0.476
1702738800000,0.516
1702742400000,0.569
1702746000000,0.592
1702749600000,0.633
1702753200000,0.647
1702756800000,0.646
1702760400000,0.681
1702764000000,0.658
1702767600000,0.595
1702771200000,0.666
1702774800000,0.837
1702778400000,0.873
1702782000000,0.896
1702785600000,0.911
1702789200000,0.913
1702792800000,0.893
1702796400000,0.837
1702800000000,0.77
1702803600000,0.731
1702807200000,0.728
1702810800000,0.712
1702814400000,0.703
1702818000000,0.69
1702821600000,0.674
1702825200000,0.695
1702828800000,0.711
1702832400000,0.731
1702836000000,0.746
1702839600000,0.744
1702843200000,0.737
1702846800000,0.716
1702850400000,0.695
1702854000000,0.665
1702857600000,0.695
1702861200000,0.823
1702864800000,0.871
1702868400000,0.898
1702872000000,0.912
1702875600000,0.908
1702879200000,0.877
1702882800000,0.794
1702886400000,0.687
1702890000000,0.639
1702893600000,0.562
1702897200000,0.531
1702900800000,0.527
1702904400000,0.525
1702908000000,0.516
1702911600000,0.52
1702915200000,0.502
1702918800000,0.46
1702922400000,0.442
1702926000000,0.406
1702929600000,0.378
1702933200000,0.328
1702936800000,0.305
1702940400000,0.223
1702944000000,0.282
1702947600000,0.415
1702951200000,0.447
1702954800000,0.488
1702958400000,0.519
1702962000000,0.517
1702965600000,0.498
1702969200000,0.42
1702972800000,0.297
1702976400000,0.251
1702980000000,0.221
1702983600000,0.196
1702987200000,0.185
1702990800000,0.16
1702994400000,0.137
1702998000000,0.139
1703001600000,0.151
1703005200000,0.136
1703008800000,0.121
1703012400000,0.113
1703016000000,0.106
1703019600000,0.084
1703023200000,0.058
1703026800000,0.04
1703030400000,0.05
1703034000000,0.041
1703037600000,0.025
1703041200000,0.026
1703044800000,0.031
1703048400000,0.036
1703052000000,0.046
1703055600000,0.061
1703059200000,0.077
1703062800000,0.148
1703066400000,0.201
1703070000000,0.211
1703073600000,0.231
1703077200000,0.256
1703080800000,0.312
1703084400000,0.355
1703088000000,0.374
1703091600000,0.386
1703095200000,0.428
1703098800000,0.446
1703102400000,0.416
1703106000000,0.383
1703109600000,0.385
1703113200000,0.351
1703116800000,0.414
1703120400000,0.641
1703124000000,0.758
1703127600000,0.801
1703131200000,0.827
1703134800000,0.839
1703138400000,0.821
1703142000000,0.796
1703145600000,0.801
1703149200000,0.805
1703152800000,0.801
1703156400000,0.801
1703160000000,0.793
1703163600000,0.78
1703167200000,0.766
1703170800000,0.764
1703174400000,0.77
1703178000000,0.77
1703181600000,0.775
1703185200000,0.786
1703188800000,0.808
1703192400000,0.816
1703196000000,0.82
1703199600000,0.823
1703203200000,0.852
1703206800000,0.919
1703210400000,0.955
1703214000000,0.965
1703217600000,0.961
1703221200000,0.953
1703224800000,0.937
1703228400000,0.924
1703232000000,0.918
1703235600000,0.898
1703239200000,0.884
1703242800000,0.872
1703246400000,0.849
1703250000000,0.815
1703253600000,0.769
1703257200000,0.779
1703260800000,0.788
1703264400000,0.804
1703268000000,0.808
1703271600000,0.802
1703275200000,0.794
1703278800000,0.75
1703282400000,0.692
1703286000000,0.622
1703289600000,0.608
1703293200000,0.714
1703296800000,0.741
1703300400000,0.749
1703304000000,0.739
1703307600000,0.718
1703311200000,0.674
1703314800000,0.566
1703318400000,0.454
1703322000000,0.447
1703325600000,0.398
1703329200000,0.464
1703332800000,0.432
1703336400000,0.4
1703340000000,0.333
1703343600000,0.345
1703347200000,0.389
1703350800000,0.403
1703354400000,0.4
1703358000000,0.422
1703361600000,0.434
1703365200000,0.444
1703368800000,0.422
1703372400000,0.338
1703376000000,0.431
1703379600000,0.624
1703383200000,0.668
1703386800000,0.707
1703390400000,0.749
1703394000000,0.78
1703397600000,0.796
1703401200000,0.777
1703404800000,0.714
1703408400000,0.707
1703412000000,0.697
1703415600000,0.676
1703419200000,0.642
1703422800000,0.601
1703426400000,0.566
1703430000000,0.566
1703433600000,0.556
1703437200000,0.55
1703440800000,0.56
1703444400000,0.576
1703448000000,0.589
1703451600000,0.615
1703455200000,0.618
1703458800000,0.556
1703462400000,0.649
1703466000000,0.833
1703469600000,0.868
1703473200000,0.879
1703476800000,0.888
1703480400000,0.891
1703484000000,0.886
1703487600000,0.849
1703491200000,0.814
1703494800000,0.796
1703498400000,0.772
1703502000000,0.767
1703505600000,0.74
1703509200000,0.713
1703512800000,0.685
1703516400000,0.697
1703520000000,0.706
1703523600000,0.71
1703527200000,0.711
1703530800000,0.705
1703534400000,0.697
1703538000000,0.655
1703541600000,0.605
1703545200000,0.547
1703548800000,0.595
1703552400000,0.754
1703556000000,0.77
1703559600000,0.788
1703563200000,0.804
1703566800000,0.814
1703570400000,0.813
1703574000000,0.758
1703577600000,0.643
1703581200000,0.583
1703584800000,0.549
1703588400000,0.505
1703592000000,0.479
1703595600000,0.448
1703599200000,0.36
1703602800000,0.369
1703606400000,0.401
1703610000000,0.328
1703613600000,0.319
1703617200000,0.32
1703620800000,0.404
1703624400000,0.403
1703628000000,0.444
1703631600000,0.383
1703635200000,0.379
1703638800000,0.523
1703642400000,0.565
1703646000000,0.57
1703649600000,0.574
1703653200000,0.571
1703656800000,0.542
1703660400000,0.464
1703664000000,0.352
1703667600000,0.325
1703671200000,0.322
1703674800000,0.311
1703678400000,0.3
1703682000000,0.28
1703685600000,0.237
1703689200000,0.252
1703692800000,0.283
1703696400000,0.255
1703700000000,0.234
1703703600000,0.227
1703707200000,0.233
1703710800000,0.217
1703714400000,0.188
1703718000000,0.12
1703721600000,0.099
1703725200000,0.103
1703728800000,0.092
1703732400000,0.105
1703736000000,0.134
1703739600000,0.165
1703743200000,0.194
1703746800000,0.21
1703750400000,0.174
1703754000000,0.188
1703757600000,0.205
1703761200000,0.22
1703764800000,0.233
1703768400000,0.225
1703772000000,0.204
1703775600000,0.22
1703779200000,0.243
1703782800000,0.255
1703786400000,0.259
1703790000000,0.26
1703793600000,0.276
1703797200000,0.28
1703800800000,0.285
1703804400000,0.18
1703808000000,0.31
1703811600000,0.428
1703815200000,0.484
1703818800000,0.55
1703822400000,0.592
1703826000000,0.611
1703829600000,0.615
1703833200000,0.563
1703836800000,0.4
1703840400000,0.341
1703844000000,0.302
1703847600000,0.291
1703851200000,0.28
1703854800000,0.261
1703858400000,0.225
1703862000000,0.279
1703865600000,0.328
1703869200000,0.386
1703872800000,0.362
1703876400000,0.329
1703880000000,0.323
1703883600000,0.28
1703887200000,0.237
1703890800000,0.148
1703894400000,0.187
1703898000000,0.204
1703901600000,0.163
1703905200000,0.167
1703908800000,0.186
1703912400000,0.207
1703916000000,0.238
1703919600000,0.245
1703923200000,0.188
1703926800000,0.172
1703930400000,0.167
1703934000000,0.132
1703937600000,0.114
1703941200000,0.125
1703944800000,0.126
1703948400000,0.129
1703952000000,0.135
1703955600000,0.117
1703959200000,0.087
1703962800000,0.061
1703966400000,0.048
1703970000000,0.039
1703973600000,0.039
1703977200000,0.031
1703980800000,0.028
1703984400000,0.015
1703988000000,0.004
1703991600000,0.003
1703995200000,0.013
1703998800000,0.041
1704002400000,0.087
1704006000000,0.127
1704009600000,0.124
1704013200000,0.149
1704016800000,0.166
1704020400000,0.16
1704024000000,0.157
1704027600000,0.17
1704031200000,0.177
1704034800000,0.195
1704038400000,0.211
1704042000000,0.233
1704045600000,0.249
1704049200000,0.277
1704052800000,0.328
1704056400000,0.362
1704060000000,0.362
1704063600000,0.283
