,Mn2
1199145600000,0.262
1199149200000,0.259
1199152800000,0.233
1199156400000,0.183
1199160000000,0.137
1199163600000,0.112
1199167200000,0.096
1199170800000,0.09
1199174400000,0.083
1199178000000,0.061
1199181600000,0.054
1199185200000,0.048
1199188800000,0.046
1199192400000,0.049
1199196000000,0.054
1199199600000,0.051
1199203200000,0.044
1199206800000,0.035
1199210400000,0.033
1199214000000,0.042
1199217600000,0.055
1199221200000,0.076
1199224800000,0.087
1199228400000,0.083
1199232000000,0.092
1199235600000,0.117
1199239200000,0.153
1199242800000,0.176
1199246400000,0.177
1199250000000,0.159
1199253600000,0.134
1199257200000,0.114
1199260800000,0.108
1199264400000,0.098
1199268000000,0.094
1199271600000,0.119
1199275200000,0.152
1199278800000,0.196
1199282400000,0.249
1199286000000,0.291
1199289600000,0.323
1199293200000,0.384
1199296800000,0.447
1199300400000,0.491
1199304000000,0.526
1199307600000,0.507
1199311200000,0.491
1199314800000,0.503
1199318400000,0.683
1199322000000,0.831
1199325600000,0.913
1199329200000,0.926
1199332800000,0.836
1199336400000,0.576
1199340000000,0.286
1199343600000,0.13
1199347200000,0.082
1199350800000,0.062
1199354400000,0.072
1199358000000,0.158
1199361600000,0.28
1199365200000,0.4
1199368800000,0.395
1199372400000,0.315
1199376000000,0.243
1199379600000,0.208
1199383200000,0.219
1199386800000,0.259
1199390400000,0.411
1199394000000,0.46
1199397600000,0.464
1199401200000,0.509
1199404800000,0.576
1199408400000,0.663
1199412000000,0.666
1199415600000,0.605
1199419200000,0.568
1199422800000,0.575
1199426400000,0.586
1199430000000,0.58
1199433600000,0.528
1199437200000,0.547
1199440800000,0.586
1199444400000,0.635
1199448000000,0.683
1199451600000,0.716
1199455200000,0.72
1199458800000,0.712
1199462400000,0.687
1199466000000,0.637
1199469600000,0.558
1199473200000,0.474
1199476800000,0.443
1199480400000,0.413
1199484000000,0.398
1199487600000,0.502
1199491200000,0.607
1199494800000,0.601
1199498400000,0.554
1199502000000,0.491
1199505600000,0.444
1199509200000,0.434
1199512800000,0.455
1199516400000,0.476
1199520000000,0.429
1199523600000,0.383
1199527200000,0.365
1199530800000,0.343
1199534400000,0.323
1199538000000,0.311
1199541600000,0.287
1199545200000,0.283
1199548800000,0.323
1199552400000,0.363
1199556000000,0.357
1199559600000,0.31
1199563200000,0.232
1199566800000,0.147
1199570400000,0.087
1199574000000,0.079
1199577600000,0.1
1199581200000,0.077
1199584800000,0.049
1199588400000,0.024
1199592000000,0.011
1199595600000,0.012
1199599200000,0.027
1199602800000,0.055
1199606400000,0.08
1199610000000,0.078
1199613600000,0.072
1199617200000,0.064
1199620800000,0.043
1199624400000,0.027
1199628000000,0.016
1199631600000,0.011
1199635200000,0.012
1199638800000,0.019
1199642400000,0.027
1199646000000,0.037
1199649600000,0.034
1199653200000,0.023
1199656800000,0.013
1199660400000,0.011
1199664000000,0.016
1199667600000,0.02
1199671200000,0.027
1199674800000,0.028
1199678400000,0.031
1199682000000,0.046
1199685600000,0.075
1199689200000,0.096
1199692800000,0.109
1199696400000,0.125
1199700000000,0.161
1199703600000,0.215
1199707200000,0.319
1199710800000,0.36
1199714400000,0.363
1199718000000,0.296
1199721600000,0.192
1199725200000,0.131
1199728800000,0.096
1199732400000,0.082
1199736000000,0.079
1199739600000,0.073
1199743200000,0.071
1199746800000,0.068
1199750400000,0.096
1199754000000,0.13
1199757600000,0.139
1199761200000,0.128
1199764800000,0.107
1199768400000,0.089
1199772000000,0.075
1199775600000,0.059
1199779200000,0.049
1199782800000,0.045
1199786400000,0.041
1199790000000,0.041
1199793600000,0.041
1199797200000,0.037
1199800800000,0.036
1199804400000,0.03
1199808000000,0.022
1199811600000,0.017
1199815200000,0.014
1199818800000,0.014
1199822400000,0.017
1199826000000,0.03
1199829600000,0.053
1199833200000,0.061
1199836800000,0.108
1199840400000,0.171
1199844000000,0.264
1199847600000,0.332
1199851200000,0.368
1199854800000,0.393
1199858400000,0.413
1199862000000,0.429
1199865600000,0.402
1199869200000,0.403
1199872800000,0.343
1199876400000,0.267
1199880000000,0.202
1199883600000,0.155
1199887200000,0.117
1199890800000,0.097
1199894400000,0.098
1199898000000,0.096
1199901600000,0.106
1199905200000,0.127
1199908800000,0.117
1199912400000,0.106
1199916000000,0.112
1199919600000,0.184
1199923200000,0.282
1199926800000,0.33
1199930400000,0.272
1199934000000,0.179
1199937600000,0.118
1199941200000,0.093
1199944800000,0.093
1199948400000,0.109
1199952000000,0.117
1199955600000,0.123
1199959200000,0.127
1199962800000,0.123
1199966400000,0.112
1199970000000,0.101
1199973600000,0.094
1199977200000,0.107
1199980800000,0.122
1199984400000,0.138
1199988000000,0.152
1199991600000,0.164
1199995200000,0.173
1199998800000,0.18
1200002400000,0.169
1200006000000,0.142
1200009600000,0.197
1200013200000,0.248
1200016800000,0.236
1200020400000,0.203
1200024000000,0.187
1200027600000,0.186
1200031200000,0.186
1200034800000,0.183
1200038400000,0.175
1200042000000,0.185
1200045600000,0.207
1200049200000,0.209
1200052800000,0.214
1200056400000,0.22
1200060000000,0.209
1200063600000,0.198
1200067200000,0.188
1200070800000,0.163
1200074400000,0.14
1200078000000,0.112
1200081600000,0.089
1200085200000,0.073
1200088800000,0.053
1200092400000,0.026
1200096000000,0.009
1200099600000,0.001
1200103200000,0.0
1200106800000,0.0
1200110400000,0.003
1200114000000,0.008
1200117600000,0.015
1200121200000,0.021
1200124800000,0.025
1200128400000,0.024
1200132000000,0.022
1200135600000,0.021
1200139200000,0.03
1200142800000,0.048
1200146400000,0.067
1200150000000,0.076
1200153600000,0.084
1200157200000,0.082
1200160800000,0.071
1200164400000,0.068
1200168000000,0.067
1200171600000,0.068
1200175200000,0.064
1200178800000,0.046
1200182400000,0.035
1200186000000,0.032
1200189600000,0.025
1200193200000,0.007
1200196800000,0.0
1200200400000,0.001
1200204000000,0.002
1200207600000,0.002
1200211200000,0.003
1200214800000,0.01
1200218400000,0.023
1200222000000,0.027
1200225600000,0.021
1200229200000,0.015
1200232800000,0.012
1200236400000,0.007
1200240000000,0.003
1200243600000,0.001
1200247200000,0.001
1200250800000,0.0
1200254400000,0.001
1200258000000,0.002
1200261600000,0.007
1200265200000,0.007
1200268800000,0.014
1200272400000,0.017
1200276000000,0.014
1200279600000,0.01
1200283200000,0.005
1200286800000,0.001
1200290400000,0.0
1200294000000,0.0
1200297600000,0.0
1200301200000,0.0
1200304800000,0.001
1200308400000,0.007
1200312000000,0.037
1200315600000,0.088
1200319200000,0.1
1200322800000,0.095
1200326400000,0.154
1200330000000,0.202
1200333600000,0.213
1200337200000,0.182
1200340800000,0.171
1200344400000,0.163
1200348000000,0.16
1200351600000,0.154
1200355200000,0.166
1200358800000,0.166
1200362400000,0.159
1200366000000,0.133
1200369600000,0.086
1200373200000,0.045
1200376800000,0.022
1200380400000,0.013
1200384000000,0.012
1200387600000,0.016
1200391200000,0.024
1200394800000,0.036
1200398400000,0.063
1200402000000,0.074
1200405600000,0.095
1200409200000,0.096
1200412800000,0.111
1200416400000,0.139
1200420000000,0.178
1200423600000,0.209
1200427200000,0.245
1200430800000,0.289
1200434400000,0.325
1200438000000,0.337
1200441600000,0.422
1200445200000,0.494
1200448800000,0.517
1200452400000,0.519
1200456000000,0.484
1200459600000,0.424
1200463200000,0.364
1200466800000,0.267
1200470400000,0.22
1200474000000,0.274
1200477600000,0.362
1200481200000,0.398
1200484800000,0.426
1200488400000,0.457
1200492000000,0.503
1200495600000,0.485
1200499200000,0.45
1200502800000,0.372
1200506400000,0.302
1200510000000,0.241
1200513600000,0.196
1200517200000,0.203
1200520800000,0.21
1200524400000,0.212
1200528000000,0.355
1200531600000,0.519
1200535200000,0.6
1200538800000,0.556
1200542400000,0.439
1200546000000,0.332
1200549600000,0.246
1200553200000,0.215
1200556800000,0.217
1200560400000,0.241
1200564000000,0.273
1200567600000,0.306
1200571200000,0.317
1200574800000,0.275
1200578400000,0.22
1200582000000,0.166
1200585600000,0.126
1200589200000,0.118
1200592800000,0.124
1200596400000,0.126
1200600000000,0.12
1200603600000,0.114
1200607200000,0.096
1200610800000,0.097
1200614400000,0.132
1200618000000,0.137
1200621600000,0.112
1200625200000,0.076
1200628800000,0.056
1200632400000,0.045
1200636000000,0.045
1200639600000,0.053
1200643200000,0.056
1200646800000,0.052
1200650400000,0.069
1200654000000,0.086
1200657600000,0.097
1200661200000,0.118
1200664800000,0.158
1200668400000,0.189
1200672000000,0.206
1200675600000,0.185
1200679200000,0.155
1200682800000,0.136
1200686400000,0.121
1200690000000,0.122
1200693600000,0.135
1200697200000,0.134
1200700800000,0.12
1200704400000,0.089
1200708000000,0.058
1200711600000,0.031
1200715200000,0.013
1200718800000,0.005
1200722400000,0.005
1200726000000,0.008
1200729600000,0.015
1200733200000,0.017
1200736800000,0.013
1200740400000,0.008
1200744000000,0.006
1200747600000,0.005
1200751200000,0.008
1200754800000,0.016
1200758400000,0.026
1200762000000,0.03
1200765600000,0.027
1200769200000,0.022
1200772800000,0.015
1200776400000,0.009
1200780000000,0.004
1200783600000,0.001
1200787200000,0.0
1200790800000,0.0
1200794400000,0.001
1200798000000,0.006
1200801600000,0.018
1200805200000,0.028
1200808800000,0.034
1200812400000,0.039
1200816000000,0.045
1200819600000,0.054
1200823200000,0.064
1200826800000,0.07
1200830400000,0.079
1200834000000,0.089
1200837600000,0.039
1200841200000,0.011
1200844800000,0.015
1200848400000,0.022
1200852000000,0.02
1200855600000,0.013
1200859200000,0.008
1200862800000,0.003
1200866400000,0.002
1200870000000,0.001
1200873600000,0.003
1200877200000,0.006
1200880800000,0.011
1200884400000,0.018
1200888000000,0.026
1200891600000,0.033
1200895200000,0.04
1200898800000,0.044
1200902400000,0.048
1200906000000,0.051
1200909600000,0.051
1200913200000,0.055
1200916800000,0.062
1200920400000,0.058
1200924000000,0.054
1200927600000,0.07
1200931200000,0.082
1200934800000,0.07
1200938400000,0.049
1200942000000,0.03
1200945600000,0.022
1200949200000,0.032
1200952800000,0.051
1200956400000,0.058
1200960000000,0.071
1200963600000,0.071
1200967200000,0.052
1200970800000,0.034
1200974400000,0.023
1200978000000,0.02
1200981600000,0.021
1200985200000,0.02
1200988800000,0.021
1200992400000,0.021
1200996000000,0.021
1200999600000,0.03
1201003200000,0.045
1201006800000,0.064
1201010400000,0.088
1201014000000,0.102
1201017600000,0.118
1201021200000,0.146
1201024800000,0.171
1201028400000,0.185
1201032000000,0.211
1201035600000,0.267
1201039200000,0.242
1201042800000,0.218
1201046400000,0.274
1201050000000,0.277
1201053600000,0.232
1201057200000,0.196
1201060800000,0.181
1201064400000,0.177
1201068000000,0.177
1201071600000,0.177
1201075200000,0.18
1201078800000,0.178
1201082400000,0.204
1201086000000,0.255
1201089600000,0.294
1201093200000,0.319
1201096800000,0.332
1201100400000,0.322
1201104000000,0.29
1201107600000,0.256
1201111200000,0.245
1201114800000,0.27
1201118400000,0.291
1201122000000,0.312
1201125600000,0.308
1201129200000,0.332
1201132800000,0.492
1201136400000,0.574
1201140000000,0.593
1201143600000,0.576
1201147200000,0.544
1201150800000,0.51
1201154400000,0.488
1201158000000,0.445
1201161600000,0.37
1201165200000,0.377
1201168800000,0.41
1201172400000,0.425
1201176000000,0.448
1201179600000,0.466
1201183200000,0.465
1201186800000,0.444
1201190400000,0.421
1201194000000,0.419
1201197600000,0.414
1201201200000,0.418
1201204800000,0.465
1201208400000,0.462
1201212000000,0.416
1201215600000,0.459
1201219200000,0.646
1201222800000,0.675
1201226400000,0.643
1201230000000,0.586
1201233600000,0.525
1201237200000,0.475
1201240800000,0.448
1201244400000,0.432
1201248000000,0.4
1201251600000,0.425
1201255200000,0.494
1201258800000,0.504
1201262400000,0.454
1201266000000,0.466
1201269600000,0.447
1201273200000,0.399
1201276800000,0.367
1201280400000,0.35
1201284000000,0.344
1201287600000,0.349
1201291200000,0.36
1201294800000,0.355
1201298400000,0.317
1201302000000,0.299
1201305600000,0.493
1201309200000,0.568
1201312800000,0.547
1201316400000,0.483
1201320000000,0.422
1201323600000,0.374
1201327200000,0.334
1201330800000,0.3
1201334400000,0.281
1201338000000,0.319
1201341600000,0.425
1201345200000,0.522
1201348800000,0.576
1201352400000,0.526
1201356000000,0.501
1201359600000,0.445
1201363200000,0.398
1201366800000,0.395
1201370400000,0.411
1201374000000,0.415
1201377600000,0.411
1201381200000,0.374
1201384800000,0.3
1201388400000,0.26
1201392000000,0.361
1201395600000,0.317
1201399200000,0.218
1201402800000,0.159
1201406400000,0.145
1201410000000,0.142
1201413600000,0.142
1201417200000,0.144
1201420800000,0.148
1201424400000,0.146
1201428000000,0.183
1201431600000,0.25
1201435200000,0.311
1201438800000,0.332
1201442400000,0.32
1201446000000,0.272
1201449600000,0.236
1201453200000,0.22
1201456800000,0.251
1201460400000,0.264
1201464000000,0.259
1201467600000,0.28
1201471200000,0.282
1201474800000,0.311
1201478400000,0.398
1201482000000,0.395
1201485600000,0.348
1201489200000,0.286
1201492800000,0.225
1201496400000,0.17
1201500000000,0.139
1201503600000,0.125
1201507200000,0.124
1201510800000,0.124
1201514400000,0.163
1201518000000,0.213
1201521600000,0.248
1201525200000,0.248
1201528800000,0.27
1201532400000,0.303
1201536000000,0.338
1201539600000,0.367
1201543200000,0.376
1201546800000,0.385
1201550400000,0.379
1201554000000,0.368
1201557600000,0.352
1201561200000,0.37
1201564800000,0.404
1201568400000,0.334
1201572000000,0.241
1201575600000,0.177
1201579200000,0.149
1201582800000,0.136
1201586400000,0.138
1201590000000,0.166
1201593600000,0.22
1201597200000,0.281
1201600800000,0.321
1201604400000,0.314
1201608000000,0.314
1201611600000,0.391
1201615200000,0.435
1201618800000,0.428
1201622400000,0.413
1201626000000,0.402
1201629600000,0.391
1201633200000,0.398
1201636800000,0.416
1201640400000,0.462
1201644000000,0.441
1201647600000,0.553
1201651200000,0.669
1201654800000,0.672
1201658400000,0.65
1201662000000,0.614
1201665600000,0.537
1201669200000,0.449
1201672800000,0.385
1201676400000,0.323
1201680000000,0.244
1201683600000,0.199
1201687200000,0.227
1201690800000,0.231
1201694400000,0.243
1201698000000,0.265
1201701600000,0.271
1201705200000,0.243
1201708800000,0.205
1201712400000,0.209
1201716000000,0.248
1201719600000,0.3
1201723200000,0.315
1201726800000,0.307
1201730400000,0.266
1201734000000,0.328
1201737600000,0.519
1201741200000,0.61
1201744800000,0.644
1201748400000,0.653
1201752000000,0.667
1201755600000,0.7
1201759200000,0.732
1201762800000,0.758
1201766400000,0.786
1201770000000,0.806
1201773600000,0.761
1201777200000,0.682
1201780800000,0.603
1201784400000,0.534
1201788000000,0.454
1201791600000,0.347
1201795200000,0.289
1201798800000,0.264
1201802400000,0.257
1201806000000,0.27
1201809600000,0.278
1201813200000,0.277
1201816800000,0.251
1201820400000,0.225
1201824000000,0.404
1201827600000,0.484
1201831200000,0.472
1201834800000,0.429
1201838400000,0.388
1201842000000,0.364
1201845600000,0.364
1201849200000,0.358
1201852800000,0.323
1201856400000,0.332
1201860000000,0.345
1201863600000,0.327
1201867200000,0.343
1201870800000,0.358
1201874400000,0.397
1201878000000,0.436
1201881600000,0.426
1201885200000,0.384
1201888800000,0.34
1201892400000,0.319
1201896000000,0.3
1201899600000,0.285
1201903200000,0.231
1201906800000,0.245
1201910400000,0.357
1201914000000,0.38
1201917600000,0.358
1201921200000,0.305
1201924800000,0.242
1201928400000,0.188
1201932000000,0.145
1201935600000,0.109
1201939200000,0.073
1201942800000,0.054
1201946400000,0.064
1201950000000,0.101
1201953600000,0.135
1201957200000,0.145
1201960800000,0.141
1201964400000,0.129
1201968000000,0.133
1201971600000,0.183
1201975200000,0.27
1201978800000,0.336
1201982400000,0.374
1201986000000,0.341
1201989600000,0.265
1201993200000,0.233
1201996800000,0.259
1202000400000,0.233
1202004000000,0.187
1202007600000,0.148
1202011200000,0.123
1202014800000,0.107
1202018400000,0.101
1202022000000,0.095
1202025600000,0.093
1202029200000,0.118
1202032800000,0.165
1202036400000,0.195
1202040000000,0.231
1202043600000,0.261
1202047200000,0.279
1202050800000,0.341
1202054400000,0.434
1202058000000,0.45
1202061600000,0.381
1202065200000,0.308
1202068800000,0.261
1202072400000,0.232
1202076000000,0.199
1202079600000,0.201
1202083200000,0.27
1202086800000,0.293
1202090400000,0.296
1202094000000,0.307
1202097600000,0.328
1202101200000,0.346
1202104800000,0.358
1202108400000,0.344
1202112000000,0.284
1202115600000,0.251
1202119200000,0.258
1202122800000,0.27
1202126400000,0.291
1202130000000,0.308
1202133600000,0.264
1202137200000,0.231
1202140800000,0.208
1202144400000,0.195
1202148000000,0.188
1202151600000,0.188
1202155200000,0.186
1202158800000,0.185
1202162400000,0.161
1202166000000,0.155
1202169600000,0.181
1202173200000,0.159
1202176800000,0.108
1202180400000,0.062
1202184000000,0.034
1202187600000,0.02
1202191200000,0.015
1202194800000,0.016
1202198400000,0.022
1202202000000,0.04
1202205600000,0.067
1202209200000,0.095
1202212800000,0.116
1202216400000,0.118
1202220000000,0.111
1202223600000,0.103
1202227200000,0.098
1202230800000,0.105
1202234400000,0.13
1202238000000,0.16
1202241600000,0.17
1202245200000,0.179
1202248800000,0.153
1202252400000,0.141
1202256000000,0.127
1202259600000,0.087
1202263200000,0.049
1202266800000,0.028
1202270400000,0.021
1202274000000,0.022
1202277600000,0.028
1202281200000,0.04
1202284800000,0.053
1202288400000,0.059
1202292000000,0.061
1202295600000,0.067
1202299200000,0.078
1202302800000,0.093
1202306400000,0.109
1202310000000,0.127
1202313600000,0.142
1202317200000,0.154
1202320800000,0.167
1202324400000,0.182
1202328000000,0.209
1202331600000,0.246
1202335200000,0.239
1202338800000,0.305
1202342400000,0.348
1202346000000,0.32
1202349600000,0.278
1202353200000,0.247
1202356800000,0.247
1202360400000,0.267
1202364000000,0.299
1202367600000,0.32
1202371200000,0.3
1202374800000,0.264
1202378400000,0.232
1202382000000,0.198
1202385600000,0.189
1202389200000,0.21
1202392800000,0.252
1202396400000,0.251
1202400000000,0.275
1202403600000,0.291
1202407200000,0.283
1202410800000,0.264
1202414400000,0.261
1202418000000,0.277
1202421600000,0.263
1202425200000,0.309
1202428800000,0.388
1202432400000,0.347
1202436000000,0.279
1202439600000,0.217
1202443200000,0.169
1202446800000,0.14
1202450400000,0.133
1202454000000,0.154
1202457600000,0.171
1202461200000,0.175
1202464800000,0.194
1202468400000,0.198
1202472000000,0.192
1202475600000,0.177
1202479200000,0.16
1202482800000,0.155
1202486400000,0.172
1202490000000,0.208
1202493600000,0.256
1202497200000,0.295
1202500800000,0.328
1202504400000,0.341
1202508000000,0.312
1202511600000,0.334
1202515200000,0.391
1202518800000,0.411
1202522400000,0.346
1202526000000,0.265
1202529600000,0.286
1202533200000,0.354
1202536800000,0.382
1202540400000,0.341
1202544000000,0.28
1202547600000,0.253
1202551200000,0.245
1202554800000,0.234
1202558400000,0.22
1202562000000,0.213
1202565600000,0.21
1202569200000,0.195
1202572800000,0.231
1202576400000,0.267
1202580000000,0.279
1202583600000,0.249
1202587200000,0.234
1202590800000,0.239
1202594400000,0.22
1202598000000,0.222
1202601600000,0.246
1202605200000,0.236
1202608800000,0.209
1202612400000,0.166
1202616000000,0.133
1202619600000,0.13
1202623200000,0.154
1202626800000,0.185
1202630400000,0.2
1202634000000,0.185
1202637600000,0.175
1202641200000,0.17
1202644800000,0.191
1202648400000,0.235
1202652000000,0.274
1202655600000,0.304
1202659200000,0.337
1202662800000,0.338
1202666400000,0.317
1202670000000,0.315
1202673600000,0.328
1202677200000,0.346
1202680800000,0.355
1202684400000,0.314
1202688000000,0.444
1202691600000,0.552
1202695200000,0.597
1202698800000,0.618
1202702400000,0.633
1202706000000,0.615
1202709600000,0.59
1202713200000,0.55
1202716800000,0.431
1202720400000,0.367
1202724000000,0.381
1202727600000,0.412
1202731200000,0.458
1202734800000,0.497
1202738400000,0.496
1202742000000,0.495
1202745600000,0.514
1202749200000,0.547
1202752800000,0.575
1202756400000,0.599
1202760000000,0.608
1202763600000,0.627
1202767200000,0.625
1202770800000,0.624
1202774400000,0.683
1202778000000,0.735
1202781600000,0.725
1202785200000,0.701
1202788800000,0.695
1202792400000,0.7
1202796000000,0.678
1202799600000,0.631
1202803200000,0.601
1202806800000,0.613
1202810400000,0.623
1202814000000,0.628
1202817600000,0.663
1202821200000,0.706
1202824800000,0.744
1202828400000,0.756
1202832000000,0.762
1202835600000,0.783
1202839200000,0.783
1202842800000,0.801
1202846400000,0.824
1202850000000,0.846
1202853600000,0.857
1202857200000,0.871
1202860800000,0.87
1202864400000,0.83
1202868000000,0.786
1202871600000,0.754
1202875200000,0.772
1202878800000,0.799
1202882400000,0.815
1202886000000,0.862
1202889600000,0.926
1202893200000,0.937
1202896800000,0.92
1202900400000,0.883
1202904000000,0.849
1202907600000,0.827
1202911200000,0.813
1202914800000,0.763
1202918400000,0.679
1202922000000,0.618
1202925600000,0.587
1202929200000,0.642
1202932800000,0.666
1202936400000,0.638
1202940000000,0.571
1202943600000,0.561
1202947200000,0.642
1202950800000,0.674
1202954400000,0.704
1202958000000,0.752
1202961600000,0.788
1202965200000,0.801
1202968800000,0.782
1202972400000,0.702
1202976000000,0.606
1202979600000,0.512
1202983200000,0.431
1202986800000,0.379
1202990400000,0.309
1202994000000,0.218
1202997600000,0.149
1203001200000,0.132
1203004800000,0.14
1203008400000,0.133
1203012000000,0.121
1203015600000,0.13
1203019200000,0.164
1203022800000,0.205
1203026400000,0.217
1203030000000,0.201
1203033600000,0.249
1203037200000,0.273
1203040800000,0.254
1203044400000,0.222
1203048000000,0.18
1203051600000,0.133
1203055200000,0.105
1203058800000,0.099
1203062400000,0.086
1203066000000,0.069
1203069600000,0.061
1203073200000,0.061
1203076800000,0.096
1203080400000,0.207
1203084000000,0.328
1203087600000,0.297
1203091200000,0.284
1203094800000,0.259
1203098400000,0.233
1203102000000,0.162
1203105600000,0.147
1203109200000,0.151
1203112800000,0.116
1203116400000,0.112
1203120000000,0.166
1203123600000,0.201
1203127200000,0.208
1203130800000,0.215
1203134400000,0.227
1203138000000,0.218
1203141600000,0.191
1203145200000,0.177
1203148800000,0.175
1203152400000,0.21
1203156000000,0.293
1203159600000,0.382
1203163200000,0.401
1203166800000,0.355
1203170400000,0.271
1203174000000,0.206
1203177600000,0.199
1203181200000,0.163
1203184800000,0.143
1203188400000,0.134
1203192000000,0.119
1203195600000,0.1
1203199200000,0.079
1203202800000,0.062
1203206400000,0.083
1203210000000,0.102
1203213600000,0.114
1203217200000,0.119
1203220800000,0.103
1203224400000,0.083
1203228000000,0.059
1203231600000,0.037
1203235200000,0.023
1203238800000,0.017
1203242400000,0.013
1203246000000,0.011
1203249600000,0.011
1203253200000,0.009
1203256800000,0.01
1203260400000,0.015
1203264000000,0.027
1203267600000,0.047
1203271200000,0.069
1203274800000,0.093
1203278400000,0.114
1203282000000,0.132
1203285600000,0.129
1203289200000,0.139
1203292800000,0.201
1203296400000,0.215
1203300000000,0.186
1203303600000,0.148
1203307200000,0.113
1203310800000,0.085
1203314400000,0.062
1203318000000,0.049
1203321600000,0.047
1203325200000,0.035
1203328800000,0.025
1203332400000,0.021
1203336000000,0.02
1203339600000,0.025
1203343200000,0.026
1203346800000,0.028
1203350400000,0.035
1203354000000,0.046
1203357600000,0.056
1203361200000,0.095
1203364800000,0.152
1203368400000,0.208
1203372000000,0.208
1203375600000,0.177
1203379200000,0.22
1203382800000,0.23
1203386400000,0.227
1203390000000,0.212
1203393600000,0.151
1203397200000,0.092
1203400800000,0.051
1203404400000,0.026
1203408000000,0.013
1203411600000,0.006
1203415200000,0.002
1203418800000,0.002
1203422400000,0.006
1203426000000,0.012
1203429600000,0.014
1203433200000,0.016
1203436800000,0.013
1203440400000,0.017
1203444000000,0.035
1203447600000,0.06
1203451200000,0.093
1203454800000,0.097
1203458400000,0.088
1203462000000,0.078
1203465600000,0.08
1203469200000,0.072
1203472800000,0.059
1203476400000,0.047
1203480000000,0.045
1203483600000,0.05
1203487200000,0.054
1203490800000,0.053
1203494400000,0.053
1203498000000,0.06
1203501600000,0.063
1203505200000,0.059
1203508800000,0.055
1203512400000,0.059
1203516000000,0.068
1203519600000,0.074
1203523200000,0.067
1203526800000,0.054
1203530400000,0.038
1203534000000,0.03
1203537600000,0.033
1203541200000,0.041
1203544800000,0.047
1203548400000,0.05
1203552000000,0.064
1203555600000,0.076
1203559200000,0.07
1203562800000,0.047
1203566400000,0.027
1203570000000,0.014
1203573600000,0.006
1203577200000,0.004
1203580800000,0.005
1203584400000,0.01
1203588000000,0.012
1203591600000,0.009
1203595200000,0.007
1203598800000,0.009
1203602400000,0.007
1203606000000,0.004
1203609600000,0.002
1203613200000,0.002
1203616800000,0.003
1203620400000,0.006
1203624000000,0.007
1203627600000,0.005
1203631200000,0.003
1203634800000,0.004
1203638400000,0.011
1203642000000,0.016
1203645600000,0.015
1203649200000,0.013
1203652800000,0.009
1203656400000,0.006
1203660000000,0.005
1203663600000,0.004
1203667200000,0.006
1203670800000,0.02
1203674400000,0.064
1203678000000,0.126
1203681600000,0.163
1203685200000,0.147
1203688800000,0.123
1203692400000,0.114
1203696000000,0.123
1203699600000,0.127
1203703200000,0.125
1203706800000,0.125
1203710400000,0.133
1203714000000,0.131
1203717600000,0.111
1203721200000,0.112
1203724800000,0.121
1203728400000,0.086
1203732000000,0.044
1203735600000,0.027
1203739200000,0.025
1203742800000,0.022
1203746400000,0.019
1203750000000,0.022
1203753600000,0.03
1203757200000,0.032
1203760800000,0.037
1203764400000,0.045
1203768000000,0.055
1203771600000,0.054
1203775200000,0.046
1203778800000,0.039
1203782400000,0.038
1203786000000,0.049
1203789600000,0.059
1203793200000,0.064
1203796800000,0.07
1203800400000,0.086
1203804000000,0.102
1203807600000,0.115
1203811200000,0.162
1203814800000,0.194
1203818400000,0.184
1203822000000,0.136
1203825600000,0.092
1203829200000,0.064
1203832800000,0.048
1203836400000,0.049
1203840000000,0.068
1203843600000,0.086
1203847200000,0.123
1203850800000,0.189
1203854400000,0.217
1203858000000,0.213
1203861600000,0.209
1203865200000,0.183
1203868800000,0.162
1203872400000,0.164
1203876000000,0.166
1203879600000,0.175
1203883200000,0.192
1203886800000,0.205
1203890400000,0.191
1203894000000,0.183
1203897600000,0.194
1203901200000,0.167
1203904800000,0.132
1203908400000,0.118
1203912000000,0.115
1203915600000,0.106
1203919200000,0.086
1203922800000,0.055
1203926400000,0.035
1203930000000,0.025
1203933600000,0.033
1203937200000,0.045
1203940800000,0.045
1203944400000,0.044
1203948000000,0.041
1203951600000,0.029
1203955200000,0.026
1203958800000,0.036
1203962400000,0.062
1203966000000,0.093
1203969600000,0.1
1203973200000,0.099
1203976800000,0.094
1203980400000,0.069
1203984000000,0.078
1203987600000,0.083
1203991200000,0.085
1203994800000,0.084
1203998400000,0.074
1204002000000,0.057
1204005600000,0.036
1204009200000,0.02
1204012800000,0.017
1204016400000,0.012
1204020000000,0.012
1204023600000,0.015
1204027200000,0.019
1204030800000,0.025
1204034400000,0.029
1204038000000,0.019
1204041600000,0.009
1204045200000,0.002
1204048800000,0.0
1204052400000,0.003
1204056000000,0.046
1204059600000,0.104
1204063200000,0.137
1204066800000,0.155
1204070400000,0.183
1204074000000,0.156
1204077600000,0.124
1204081200000,0.094
1204084800000,0.066
1204088400000,0.047
1204092000000,0.035
1204095600000,0.027
1204099200000,0.022
1204102800000,0.02
1204106400000,0.021
1204110000000,0.027
1204113600000,0.052
1204117200000,0.077
1204120800000,0.073
1204124400000,0.078
1204128000000,0.076
1204131600000,0.076
1204135200000,0.085
1204138800000,0.111
1204142400000,0.149
1204146000000,0.161
1204149600000,0.142
1204153200000,0.12
1204156800000,0.119
1204160400000,0.107
1204164000000,0.087
1204167600000,0.057
1204171200000,0.028
1204174800000,0.011
1204178400000,0.004
1204182000000,0.001
1204185600000,0.0
1204189200000,0.0
1204192800000,0.0
1204196400000,0.0
1204200000000,0.0
1204203600000,0.0
1204207200000,0.002
1204210800000,0.005
1204214400000,0.014
1204218000000,0.028
1204221600000,0.036
1204225200000,0.04
1204228800000,0.042
1204232400000,0.052
1204236000000,0.05
1204239600000,0.037
1204243200000,0.025
1204246800000,0.011
1204250400000,0.002
1204254000000,0.0
1204257600000,0.0
1204261200000,0.0
1204264800000,0.0
1204268400000,0.0
1204272000000,0.002
1204275600000,0.002
1204279200000,0.002
1204282800000,0.001
1204286400000,0.001
1204290000000,0.002
1204293600000,0.003
1204297200000,0.002
1204300800000,0.001
1204304400000,0.0
1204308000000,0.0
1204311600000,0.0
1204315200000,0.0
1204318800000,0.0
1204322400000,0.0
1204326000000,0.0
1204329600000,0.0
1204333200000,0.0
1204336800000,0.0
1204340400000,0.0
1204344000000,0.0
1204347600000,0.0
1204351200000,0.0
1204354800000,0.001
1204358400000,0.002
1204362000000,0.003
1204365600000,0.006
1204369200000,0.009
1204372800000,0.015
1204376400000,0.027
1204380000000,0.045
1204383600000,0.067
1204387200000,0.089
1204390800000,0.093
1204394400000,0.076
1204398000000,0.052
1204401600000,0.03
1204405200000,0.013
1204408800000,0.004
1204412400000,0.002
1204416000000,0.003
1204419600000,0.005
1204423200000,0.006
1204426800000,0.005
1204430400000,0.006
1204434000000,0.009
1204437600000,0.015
1204441200000,0.028
1204444800000,0.058
1204448400000,0.088
1204452000000,0.097
1204455600000,0.064
1204459200000,0.048
1204462800000,0.029
1204466400000,0.009
1204470000000,0.003
1204473600000,0.002
1204477200000,0.001
1204480800000,0.0
1204484400000,0.0
1204488000000,0.0
1204491600000,0.0
1204495200000,0.002
1204498800000,0.004
1204502400000,0.011
1204506000000,0.014
1204509600000,0.012
1204513200000,0.008
1204516800000,0.006
1204520400000,0.005
1204524000000,0.004
1204527600000,0.004
1204531200000,0.006
1204534800000,0.009
1204538400000,0.013
1204542000000,0.013
1204545600000,0.012
1204549200000,0.011
1204552800000,0.011
1204556400000,0.014
1204560000000,0.014
1204563600000,0.014
1204567200000,0.012
1204570800000,0.012
1204574400000,0.009
1204578000000,0.004
1204581600000,0.003
1204585200000,0.002
1204588800000,0.001
1204592400000,0.002
1204596000000,0.005
1204599600000,0.009
1204603200000,0.016
1204606800000,0.026
1204610400000,0.045
1204614000000,0.07
1204617600000,0.096
1204621200000,0.126
1204624800000,0.177
1204628400000,0.217
1204632000000,0.233
1204635600000,0.235
1204639200000,0.219
1204642800000,0.213
1204646400000,0.234
1204650000000,0.249
1204653600000,0.249
1204657200000,0.273
1204660800000,0.297
1204664400000,0.294
1204668000000,0.275
1204671600000,0.259
1204675200000,0.289
1204678800000,0.311
1204682400000,0.32
1204686000000,0.312
1204689600000,0.305
1204693200000,0.316
1204696800000,0.331
1204700400000,0.328
1204704000000,0.278
1204707600000,0.296
1204711200000,0.376
1204714800000,0.398
1204718400000,0.441
1204722000000,0.474
1204725600000,0.463
1204729200000,0.413
1204732800000,0.355
1204736400000,0.308
1204740000000,0.267
1204743600000,0.249
1204747200000,0.249
1204750800000,0.271
1204754400000,0.28
1204758000000,0.325
1204761600000,0.532
1204765200000,0.633
1204768800000,0.64
1204772400000,0.578
1204776000000,0.459
1204779600000,0.33
1204783200000,0.221
1204786800000,0.176
1204790400000,0.206
1204794000000,0.269
1204797600000,0.368
1204801200000,0.46
1204804800000,0.46
1204808400000,0.459
1204812000000,0.457
1204815600000,0.455
1204819200000,0.466
1204822800000,0.54
1204826400000,0.604
1204830000000,0.596
1204833600000,0.535
1204837200000,0.484
1204840800000,0.407
1204844400000,0.274
1204848000000,0.21
1204851600000,0.224
1204855200000,0.264
1204858800000,0.259
1204862400000,0.236
1204866000000,0.223
1204869600000,0.223
1204873200000,0.225
1204876800000,0.231
1204880400000,0.304
1204884000000,0.407
1204887600000,0.471
1204891200000,0.459
1204894800000,0.395
1204898400000,0.337
1204902000000,0.264
1204905600000,0.221
1204909200000,0.192
1204912800000,0.171
1204916400000,0.158
1204920000000,0.149
1204923600000,0.163
1204927200000,0.157
1204930800000,0.201
1204934400000,0.278
1204938000000,0.316
1204941600000,0.311
1204945200000,0.272
1204948800000,0.235
1204952400000,0.215
1204956000000,0.196
1204959600000,0.175
1204963200000,0.168
1204966800000,0.149
1204970400000,0.136
1204974000000,0.11
1204977600000,0.091
1204981200000,0.083
1204984800000,0.073
1204988400000,0.097
1204992000000,0.178
1204995600000,0.263
1204999200000,0.305
1205002800000,0.308
1205006400000,0.326
1205010000000,0.355
1205013600000,0.316
1205017200000,0.279
1205020800000,0.344
1205024400000,0.367
1205028000000,0.323
1205031600000,0.251
1205035200000,0.178
1205038800000,0.12
1205042400000,0.079
1205046000000,0.059
1205049600000,0.045
1205053200000,0.041
1205056800000,0.049
1205060400000,0.072
1205064000000,0.126
1205067600000,0.188
1205071200000,0.284
1205074800000,0.273
1205078400000,0.208
1205082000000,0.169
1205085600000,0.161
1205089200000,0.172
1205092800000,0.192
1205096400000,0.215
1205100000000,0.201
1205103600000,0.18
1205107200000,0.167
1205110800000,0.15
1205114400000,0.106
1205118000000,0.058
1205121600000,0.023
1205125200000,0.007
1205128800000,0.002
1205132400000,0.001
1205136000000,0.001
1205139600000,0.0
1205143200000,0.0
1205146800000,0.0
1205150400000,0.0
1205154000000,0.002
1205157600000,0.006
1205161200000,0.01
1205164800000,0.014
1205168400000,0.017
1205172000000,0.017
1205175600000,0.014
1205179200000,0.012
1205182800000,0.018
1205186400000,0.026
1205190000000,0.025
1205193600000,0.029
1205197200000,0.026
1205200800000,0.017
1205204400000,0.012
1205208000000,0.008
1205211600000,0.003
1205215200000,0.001
1205218800000,0.0
1205222400000,0.0
1205226000000,0.0
1205229600000,0.0
1205233200000,0.001
1205236800000,0.002
1205240400000,0.009
1205244000000,0.021
1205247600000,0.022
1205251200000,0.015
1205254800000,0.01
1205258400000,0.007
1205262000000,0.005
1205265600000,0.004
1205269200000,0.006
1205272800000,0.01
1205276400000,0.011
1205280000000,0.012
1205283600000,0.011
1205287200000,0.009
1205290800000,0.009
1205294400000,0.008
1205298000000,0.008
1205301600000,0.009
1205305200000,0.008
1205308800000,0.009
1205312400000,0.025
1205316000000,0.058
1205319600000,0.103
1205323200000,0.148
1205326800000,0.179
1205330400000,0.188
1205334000000,0.182
1205337600000,0.164
1205341200000,0.148
1205344800000,0.134
1205348400000,0.119
1205352000000,0.111
1205355600000,0.112
1205359200000,0.104
1205362800000,0.096
1205366400000,0.103
1205370000000,0.088
1205373600000,0.062
1205377200000,0.036
1205380800000,0.021
1205384400000,0.013
1205388000000,0.009
1205391600000,0.007
1205395200000,0.007
1205398800000,0.01
1205402400000,0.012
1205406000000,0.015
1205409600000,0.018
1205413200000,0.035
1205416800000,0.101
1205420400000,0.158
1205424000000,0.184
1205427600000,0.218
1205431200000,0.24
1205434800000,0.233
1205438400000,0.221
1205442000000,0.211
1205445600000,0.179
1205449200000,0.15
1205452800000,0.148
1205456400000,0.127
1205460000000,0.098
1205463600000,0.071
1205467200000,0.047
1205470800000,0.03
1205474400000,0.018
1205478000000,0.014
1205481600000,0.015
1205485200000,0.017
1205488800000,0.016
1205492400000,0.015
1205496000000,0.016
1205499600000,0.015
1205503200000,0.015
1205506800000,0.02
1205510400000,0.031
1205514000000,0.047
1205517600000,0.061
1205521200000,0.073
1205524800000,0.083
1205528400000,0.078
1205532000000,0.065
1205535600000,0.053
1205539200000,0.049
1205542800000,0.041
1205546400000,0.021
1205550000000,0.008
1205553600000,0.002
1205557200000,0.001
1205560800000,0.0
1205564400000,0.0
1205568000000,0.0
1205571600000,0.0
1205575200000,0.0
1205578800000,0.005
1205582400000,0.018
1205586000000,0.034
1205589600000,0.046
1205593200000,0.056
1205596800000,0.05
1205600400000,0.036
1205604000000,0.014
1205607600000,0.002
1205611200000,0.0
1205614800000,0.001
1205618400000,0.003
1205622000000,0.003
1205625600000,0.001
1205629200000,0.0
1205632800000,0.0
1205636400000,0.0
1205640000000,0.0
1205643600000,0.0
1205647200000,0.001
1205650800000,0.002
1205654400000,0.003
1205658000000,0.003
1205661600000,0.002
1205665200000,0.001
1205668800000,0.001
1205672400000,0.001
1205676000000,0.005
1205679600000,0.016
1205683200000,0.031
1205686800000,0.038
1205690400000,0.037
1205694000000,0.029
1205697600000,0.02
1205701200000,0.018
1205704800000,0.024
1205708400000,0.034
1205712000000,0.052
1205715600000,0.064
1205719200000,0.067
1205722800000,0.068
1205726400000,0.065
1205730000000,0.055
1205733600000,0.038
1205737200000,0.021
1205740800000,0.016
1205744400000,0.019
1205748000000,0.024
1205751600000,0.027
1205755200000,0.019
1205758800000,0.01
1205762400000,0.013
1205766000000,0.021
1205769600000,0.022
1205773200000,0.011
1205776800000,0.003
1205780400000,0.002
1205784000000,0.007
1205787600000,0.021
1205791200000,0.041
1205794800000,0.072
1205798400000,0.131
1205802000000,0.188
1205805600000,0.22
1205809200000,0.187
1205812800000,0.14
1205816400000,0.1
1205820000000,0.068
1205823600000,0.046
1205827200000,0.036
1205830800000,0.029
1205834400000,0.025
1205838000000,0.026
1205841600000,0.032
1205845200000,0.038
1205848800000,0.043
1205852400000,0.047
1205856000000,0.058
1205859600000,0.068
1205863200000,0.073
1205866800000,0.077
1205870400000,0.081
1205874000000,0.103
1205877600000,0.122
1205881200000,0.148
1205884800000,0.178
1205888400000,0.153
1205892000000,0.105
1205895600000,0.061
1205899200000,0.035
1205902800000,0.019
1205906400000,0.009
1205910000000,0.007
1205913600000,0.019
1205917200000,0.039
1205920800000,0.054
1205924400000,0.045
1205928000000,0.063
1205931600000,0.12
1205935200000,0.154
1205938800000,0.196
1205942400000,0.206
1205946000000,0.206
1205949600000,0.22
1205953200000,0.175
1205956800000,0.137
1205960400000,0.108
1205964000000,0.078
1205967600000,0.056
1205971200000,0.063
1205974800000,0.069
1205978400000,0.078
1205982000000,0.078
1205985600000,0.069
1205989200000,0.058
1205992800000,0.055
1205996400000,0.058
1206000000000,0.072
1206003600000,0.092
1206007200000,0.125
1206010800000,0.155
1206014400000,0.192
1206018000000,0.223
1206021600000,0.245
1206025200000,0.261
1206028800000,0.251
1206032400000,0.243
1206036000000,0.238
1206039600000,0.225
1206043200000,0.203
1206046800000,0.192
1206050400000,0.161
1206054000000,0.134
1206057600000,0.117
1206061200000,0.084
1206064800000,0.051
1206068400000,0.027
1206072000000,0.017
1206075600000,0.016
1206079200000,0.024
1206082800000,0.039
1206086400000,0.065
1206090000000,0.089
1206093600000,0.111
1206097200000,0.124
1206100800000,0.137
1206104400000,0.154
1206108000000,0.18
1206111600000,0.24
1206115200000,0.321
1206118800000,0.367
1206122400000,0.337
1206126000000,0.278
1206129600000,0.237
1206133200000,0.201
1206136800000,0.148
1206140400000,0.111
1206144000000,0.119
1206147600000,0.095
1206151200000,0.063
1206154800000,0.039
1206158400000,0.024
1206162000000,0.014
1206165600000,0.007
1206169200000,0.004
1206172800000,0.003
1206176400000,0.002
1206180000000,0.0
1206183600000,0.0
1206187200000,0.0
1206190800000,0.001
1206194400000,0.005
1206198000000,0.006
1206201600000,0.005
1206205200000,0.006
1206208800000,0.009
1206212400000,0.011
1206216000000,0.009
1206219600000,0.011
1206223200000,0.013
1206226800000,0.015
1206230400000,0.017
1206234000000,0.015
1206237600000,0.01
1206241200000,0.003
1206244800000,0.001
1206248400000,0.0
1206252000000,0.0
1206255600000,0.001
1206259200000,0.005
1206262800000,0.011
1206266400000,0.029
1206270000000,0.069
1206273600000,0.12
1206277200000,0.171
1206280800000,0.197
1206284400000,0.201
1206288000000,0.201
1206291600000,0.21
1206295200000,0.223
1206298800000,0.242
1206302400000,0.255
1206306000000,0.254
1206309600000,0.212
1206313200000,0.176
1206316800000,0.158
1206320400000,0.121
1206324000000,0.083
1206327600000,0.056
1206331200000,0.039
1206334800000,0.026
1206338400000,0.017
1206342000000,0.011
1206345600000,0.008
1206349200000,0.005
1206352800000,0.004
1206356400000,0.004
1206360000000,0.003
1206363600000,0.002
1206367200000,0.001
1206370800000,0.0
1206374400000,0.0
1206378000000,0.0
1206381600000,0.0
1206385200000,0.0
1206388800000,0.0
1206392400000,0.0
1206396000000,0.001
1206399600000,0.001
1206403200000,0.001
1206406800000,0.001
1206410400000,0.001
1206414000000,0.001
1206417600000,0.002
1206421200000,0.005
1206424800000,0.011
1206428400000,0.025
1206432000000,0.045
1206435600000,0.062
1206439200000,0.095
1206442800000,0.127
1206446400000,0.146
1206450000000,0.136
1206453600000,0.121
1206457200000,0.117
1206460800000,0.14
1206464400000,0.158
1206468000000,0.167
1206471600000,0.167
1206475200000,0.169
1206478800000,0.182
1206482400000,0.19
1206486000000,0.191
1206489600000,0.224
1206493200000,0.203
1206496800000,0.156
1206500400000,0.103
1206504000000,0.053
1206507600000,0.02
1206511200000,0.008
1206514800000,0.012
1206518400000,0.023
1206522000000,0.045
1206525600000,0.087
1206529200000,0.125
1206532800000,0.134
1206536400000,0.124
1206540000000,0.115
1206543600000,0.104
1206547200000,0.1
1206550800000,0.078
1206554400000,0.047
1206558000000,0.037
1206561600000,0.042
1206565200000,0.049
1206568800000,0.048
1206572400000,0.032
1206576000000,0.028
1206579600000,0.017
1206583200000,0.006
1206586800000,0.002
1206590400000,0.0
1206594000000,0.0
1206597600000,0.0
1206601200000,0.0
1206604800000,0.0
1206608400000,0.0
1206612000000,0.0
1206615600000,0.0
1206619200000,0.0
1206622800000,0.0
1206626400000,0.0
1206630000000,0.003
1206633600000,0.011
1206637200000,0.022
1206640800000,0.031
1206644400000,0.035
1206648000000,0.033
1206651600000,0.028
1206655200000,0.022
1206658800000,0.016
1206662400000,0.013
1206666000000,0.016
1206669600000,0.017
1206673200000,0.01
1206676800000,0.003
1206680400000,0.001
1206684000000,0.0
1206687600000,0.0
1206691200000,0.0
1206694800000,0.0
1206698400000,0.0
1206702000000,0.0
1206705600000,0.0
1206709200000,0.007
1206712800000,0.028
1206716400000,0.045
1206720000000,0.049
1206723600000,0.056
1206727200000,0.068
1206730800000,0.079
1206734400000,0.093
1206738000000,0.101
1206741600000,0.08
1206745200000,0.063
1206748800000,0.051
1206752400000,0.03
1206756000000,0.014
1206759600000,0.005
1206763200000,0.003
1206766800000,0.003
1206770400000,0.005
1206774000000,0.014
1206777600000,0.032
1206781200000,0.06
1206784800000,0.096
1206788400000,0.113
1206792000000,0.114
1206795600000,0.104
1206799200000,0.072
1206802800000,0.051
1206806400000,0.067
1206810000000,0.088
1206813600000,0.118
1206817200000,0.143
1206820800000,0.152
1206824400000,0.158
1206828000000,0.143
1206831600000,0.142
1206835200000,0.134
1206838800000,0.106
1206842400000,0.076
1206846000000,0.054
1206849600000,0.036
1206853200000,0.022
1206856800000,0.012
1206860400000,0.005
1206864000000,0.002
1206867600000,0.001
1206871200000,0.0
1206874800000,0.0
1206878400000,0.001
1206882000000,0.003
1206885600000,0.006
1206889200000,0.008
1206892800000,0.008
1206896400000,0.012
1206900000000,0.02
1206903600000,0.028
1206907200000,0.033
1206910800000,0.035
1206914400000,0.033
1206918000000,0.032
1206921600000,0.033
1206925200000,0.027
1206928800000,0.022
1206932400000,0.019
1206936000000,0.017
1206939600000,0.017
1206943200000,0.02
1206946800000,0.03
1206950400000,0.042
1206954000000,0.049
1206957600000,0.059
1206961200000,0.073
1206964800000,0.086
1206968400000,0.095
1206972000000,0.096
1206975600000,0.089
1206979200000,0.083
1206982800000,0.086
1206986400000,0.095
1206990000000,0.106
1206993600000,0.123
1206997200000,0.144
1207000800000,0.14
1207004400000,0.166
1207008000000,0.171
1207011600000,0.157
1207015200000,0.135
1207018800000,0.128
1207022400000,0.13
1207026000000,0.134
1207029600000,0.145
1207033200000,0.167
1207036800000,0.179
1207040400000,0.171
1207044000000,0.167
1207047600000,0.155
1207051200000,0.133
1207054800000,0.139
1207058400000,0.156
1207062000000,0.156
1207065600000,0.144
1207069200000,0.122
1207072800000,0.107
1207076400000,0.107
1207080000000,0.112
1207083600000,0.12
1207087200000,0.104
1207090800000,0.099
1207094400000,0.101
1207098000000,0.084
1207101600000,0.061
1207105200000,0.041
1207108800000,0.026
1207112400000,0.019
1207116000000,0.018
1207119600000,0.022
1207123200000,0.034
1207126800000,0.057
1207130400000,0.084
1207134000000,0.112
1207137600000,0.122
1207141200000,0.112
1207144800000,0.095
1207148400000,0.076
1207152000000,0.065
1207155600000,0.064
1207159200000,0.076
1207162800000,0.096
1207166400000,0.114
1207170000000,0.125
1207173600000,0.108
1207177200000,0.117
1207180800000,0.131
1207184400000,0.15
1207188000000,0.161
1207191600000,0.152
1207195200000,0.134
1207198800000,0.12
1207202400000,0.104
1207206000000,0.093
1207209600000,0.083
1207213200000,0.067
1207216800000,0.063
1207220400000,0.048
1207224000000,0.028
1207227600000,0.016
1207231200000,0.014
1207234800000,0.019
1207238400000,0.024
1207242000000,0.03
1207245600000,0.036
1207249200000,0.043
1207252800000,0.049
1207256400000,0.058
1207260000000,0.055
1207263600000,0.057
1207267200000,0.074
1207270800000,0.078
1207274400000,0.068
1207278000000,0.054
1207281600000,0.043
1207285200000,0.037
1207288800000,0.03
1207292400000,0.024
1207296000000,0.021
1207299600000,0.02
1207303200000,0.02
1207306800000,0.024
1207310400000,0.032
1207314000000,0.047
1207317600000,0.051
1207321200000,0.039
1207324800000,0.032
1207328400000,0.038
1207332000000,0.049
1207335600000,0.069
1207339200000,0.087
1207342800000,0.088
1207346400000,0.069
1207350000000,0.057
1207353600000,0.067
1207357200000,0.065
1207360800000,0.05
1207364400000,0.038
1207368000000,0.037
1207371600000,0.042
1207375200000,0.052
1207378800000,0.06
1207382400000,0.072
1207386000000,0.087
1207389600000,0.101
1207393200000,0.112
1207396800000,0.121
1207400400000,0.133
1207404000000,0.148
1207407600000,0.171
1207411200000,0.21
1207414800000,0.239
1207418400000,0.256
1207422000000,0.294
1207425600000,0.288
1207429200000,0.241
1207432800000,0.155
1207436400000,0.165
1207440000000,0.192
1207443600000,0.166
1207447200000,0.12
1207450800000,0.097
1207454400000,0.089
1207458000000,0.083
1207461600000,0.072
1207465200000,0.064
1207468800000,0.064
1207472400000,0.076
1207476000000,0.088
1207479600000,0.095
1207483200000,0.103
1207486800000,0.099
1207490400000,0.085
1207494000000,0.057
1207497600000,0.047
1207501200000,0.041
1207504800000,0.038
1207508400000,0.041
1207512000000,0.049
1207515600000,0.067
1207519200000,0.072
1207522800000,0.086
1207526400000,0.093
1207530000000,0.082
1207533600000,0.062
1207537200000,0.035
1207540800000,0.015
1207544400000,0.007
1207548000000,0.004
1207551600000,0.003
1207555200000,0.004
1207558800000,0.006
1207562400000,0.009
1207566000000,0.009
1207569600000,0.007
1207573200000,0.008
1207576800000,0.011
1207580400000,0.016
1207584000000,0.019
1207587600000,0.023
1207591200000,0.025
1207594800000,0.029
1207598400000,0.036
1207602000000,0.042
1207605600000,0.036
1207609200000,0.043
1207612800000,0.047
1207616400000,0.043
1207620000000,0.037
1207623600000,0.028
1207627200000,0.017
1207630800000,0.008
1207634400000,0.003
1207638000000,0.001
1207641600000,0.0
1207645200000,0.0
1207648800000,0.0
1207652400000,0.0
1207656000000,0.0
1207659600000,0.0
1207663200000,0.001
1207666800000,0.001
1207670400000,0.002
1207674000000,0.009
1207677600000,0.026
1207681200000,0.053
1207684800000,0.079
1207688400000,0.106
1207692000000,0.113
1207695600000,0.103
1207699200000,0.096
1207702800000,0.05
1207706400000,0.019
1207710000000,0.006
1207713600000,0.001
1207717200000,0.0
1207720800000,0.001
1207724400000,0.003
1207728000000,0.01
1207731600000,0.018
1207735200000,0.032
1207738800000,0.042
1207742400000,0.069
1207746000000,0.112
1207749600000,0.146
1207753200000,0.161
1207756800000,0.167
1207760400000,0.177
1207764000000,0.17
1207767600000,0.154
1207771200000,0.14
1207774800000,0.126
1207778400000,0.098
1207782000000,0.11
1207785600000,0.107
1207789200000,0.092
1207792800000,0.077
1207796400000,0.068
1207800000000,0.061
1207803600000,0.055
1207807200000,0.049
1207810800000,0.045
1207814400000,0.046
1207818000000,0.05
1207821600000,0.054
1207825200000,0.053
1207828800000,0.053
1207832400000,0.06
1207836000000,0.071
1207839600000,0.078
1207843200000,0.083
1207846800000,0.088
1207850400000,0.1
1207854000000,0.118
1207857600000,0.135
1207861200000,0.14
1207864800000,0.114
1207868400000,0.119
1207872000000,0.103
1207875600000,0.069
1207879200000,0.042
1207882800000,0.024
1207886400000,0.011
1207890000000,0.006
1207893600000,0.003
1207897200000,0.004
1207900800000,0.009
1207904400000,0.016
1207908000000,0.027
1207911600000,0.046
1207915200000,0.054
1207918800000,0.082
1207922400000,0.101
1207926000000,0.105
1207929600000,0.101
1207933200000,0.09
1207936800000,0.079
1207940400000,0.073
1207944000000,0.078
1207947600000,0.087
1207951200000,0.08
1207954800000,0.079
1207958400000,0.071
1207962000000,0.058
1207965600000,0.055
1207969200000,0.063
1207972800000,0.082
1207976400000,0.104
1207980000000,0.132
1207983600000,0.164
1207987200000,0.18
1207990800000,0.171
1207994400000,0.166
1207998000000,0.157
1208001600000,0.139
1208005200000,0.123
1208008800000,0.107
1208012400000,0.101
1208016000000,0.11
1208019600000,0.132
1208023200000,0.151
1208026800000,0.171
1208030400000,0.175
1208034000000,0.154
1208037600000,0.103
1208041200000,0.088
1208044800000,0.07
1208048400000,0.043
1208052000000,0.026
1208055600000,0.025
1208059200000,0.033
1208062800000,0.052
1208066400000,0.098
1208070000000,0.129
1208073600000,0.126
1208077200000,0.115
1208080800000,0.118
1208084400000,0.136
1208088000000,0.175
1208091600000,0.188
1208095200000,0.176
1208098800000,0.164
1208102400000,0.158
1208106000000,0.155
1208109600000,0.159
1208113200000,0.157
1208116800000,0.143
1208120400000,0.123
1208124000000,0.112
1208127600000,0.079
1208131200000,0.044
1208134800000,0.029
1208138400000,0.048
1208142000000,0.108
1208145600000,0.168
1208149200000,0.205
1208152800000,0.225
1208156400000,0.228
1208160000000,0.211
1208163600000,0.209
1208167200000,0.256
1208170800000,0.298
1208174400000,0.337
1208178000000,0.359
1208181600000,0.385
1208185200000,0.358
1208188800000,0.283
1208192400000,0.243
1208196000000,0.22
1208199600000,0.199
1208203200000,0.168
1208206800000,0.154
1208210400000,0.147
1208214000000,0.152
1208217600000,0.186
1208221200000,0.178
1208224800000,0.133
1208228400000,0.077
1208232000000,0.037
1208235600000,0.016
1208239200000,0.008
1208242800000,0.006
1208246400000,0.006
1208250000000,0.007
1208253600000,0.006
1208257200000,0.003
1208260800000,0.002
1208264400000,0.001
1208268000000,0.001
1208271600000,0.0
1208275200000,0.0
1208278800000,0.0
1208282400000,0.0
1208286000000,0.0
1208289600000,0.0
1208293200000,0.001
1208296800000,0.001
1208300400000,0.004
1208304000000,0.008
1208307600000,0.012
1208311200000,0.013
1208314800000,0.008
1208318400000,0.003
1208322000000,0.001
1208325600000,0.0
1208329200000,0.0
1208332800000,0.0
1208336400000,0.001
1208340000000,0.005
1208343600000,0.01
1208347200000,0.013
1208350800000,0.016
1208354400000,0.022
1208358000000,0.032
1208361600000,0.048
1208365200000,0.06
1208368800000,0.072
1208372400000,0.093
1208376000000,0.131
1208379600000,0.201
1208383200000,0.223
1208386800000,0.272
1208390400000,0.284
1208394000000,0.243
1208397600000,0.183
1208401200000,0.131
1208404800000,0.085
1208408400000,0.047
1208412000000,0.027
1208415600000,0.02
1208419200000,0.019
1208422800000,0.025
1208426400000,0.03
1208430000000,0.028
1208433600000,0.021
1208437200000,0.014
1208440800000,0.009
1208444400000,0.007
1208448000000,0.004
1208451600000,0.003
1208455200000,0.003
1208458800000,0.004
1208462400000,0.008
1208466000000,0.022
1208469600000,0.034
1208473200000,0.056
1208476800000,0.076
1208480400000,0.077
1208484000000,0.063
1208487600000,0.05
1208491200000,0.045
1208494800000,0.044
1208498400000,0.044
1208502000000,0.037
1208505600000,0.026
1208509200000,0.018
1208512800000,0.018
1208516400000,0.023
1208520000000,0.027
1208523600000,0.034
1208527200000,0.049
1208530800000,0.065
1208534400000,0.078
1208538000000,0.088
1208541600000,0.089
1208545200000,0.087
1208548800000,0.083
1208552400000,0.072
1208556000000,0.044
1208559600000,0.025
1208563200000,0.014
1208566800000,0.012
1208570400000,0.013
1208574000000,0.013
1208577600000,0.007
1208581200000,0.002
1208584800000,0.002
1208588400000,0.004
1208592000000,0.007
1208595600000,0.014
1208599200000,0.034
1208602800000,0.058
1208606400000,0.084
1208610000000,0.095
1208613600000,0.102
1208617200000,0.093
1208620800000,0.076
1208624400000,0.069
1208628000000,0.078
1208631600000,0.097
1208635200000,0.119
1208638800000,0.133
1208642400000,0.12
1208646000000,0.101
1208649600000,0.061
1208653200000,0.022
1208656800000,0.007
1208660400000,0.006
1208664000000,0.008
1208667600000,0.009
1208671200000,0.011
1208674800000,0.014
1208678400000,0.019
1208682000000,0.029
1208685600000,0.046
1208689200000,0.051
1208692800000,0.045
1208696400000,0.048
1208700000000,0.051
1208703600000,0.048
1208707200000,0.046
1208710800000,0.058
1208714400000,0.072
1208718000000,0.083
1208721600000,0.088
1208725200000,0.084
1208728800000,0.064
1208732400000,0.062
1208736000000,0.058
1208739600000,0.043
1208743200000,0.026
1208746800000,0.013
1208750400000,0.006
1208754000000,0.004
1208757600000,0.006
1208761200000,0.009
1208764800000,0.013
1208768400000,0.016
1208772000000,0.021
1208775600000,0.02
1208779200000,0.017
1208782800000,0.015
1208786400000,0.018
1208790000000,0.021
1208793600000,0.025
1208797200000,0.035
1208800800000,0.048
1208804400000,0.061
1208808000000,0.073
1208811600000,0.079
1208815200000,0.065
1208818800000,0.067
1208822400000,0.059
1208826000000,0.039
1208829600000,0.021
1208833200000,0.008
1208836800000,0.002
1208840400000,0.001
1208844000000,0.001
1208847600000,0.001
1208851200000,0.003
1208854800000,0.005
1208858400000,0.013
1208862000000,0.02
1208865600000,0.029
1208869200000,0.045
1208872800000,0.067
1208876400000,0.082
1208880000000,0.101
1208883600000,0.117
1208887200000,0.135
1208890800000,0.16
1208894400000,0.191
1208898000000,0.225
1208901600000,0.195
1208905200000,0.191
1208908800000,0.152
1208912400000,0.105
1208916000000,0.067
1208919600000,0.039
1208923200000,0.023
1208926800000,0.014
1208930400000,0.009
1208934000000,0.006
1208937600000,0.006
1208941200000,0.01
1208944800000,0.027
1208948400000,0.036
1208952000000,0.045
1208955600000,0.079
1208959200000,0.13
1208962800000,0.219
1208966400000,0.311
1208970000000,0.323
1208973600000,0.289
1208977200000,0.243
1208980800000,0.188
1208984400000,0.151
1208988000000,0.095
1208991600000,0.07
1208995200000,0.103
1208998800000,0.129
1209002400000,0.147
1209006000000,0.164
1209009600000,0.185
1209013200000,0.185
1209016800000,0.16
1209020400000,0.113
1209024000000,0.085
1209027600000,0.07
1209031200000,0.055
1209034800000,0.037
1209038400000,0.022
1209042000000,0.009
1209045600000,0.003
1209049200000,0.001
1209052800000,0.001
1209056400000,0.0
1209060000000,0.0
1209063600000,0.0
1209067200000,0.0
1209070800000,0.0
1209074400000,0.0
1209078000000,0.0
1209081600000,0.001
1209085200000,0.001
1209088800000,0.001
1209092400000,0.0
1209096000000,0.0
1209099600000,0.0
1209103200000,0.002
1209106800000,0.014
1209110400000,0.036
1209114000000,0.057
1209117600000,0.081
1209121200000,0.109
1209124800000,0.132
1209128400000,0.12
1209132000000,0.102
1209135600000,0.083
1209139200000,0.055
1209142800000,0.077
1209146400000,0.108
1209150000000,0.126
1209153600000,0.142
1209157200000,0.12
1209160800000,0.07
1209164400000,0.041
1209168000000,0.076
1209171600000,0.101
1209175200000,0.095
1209178800000,0.076
1209182400000,0.05
1209186000000,0.026
1209189600000,0.012
1209193200000,0.007
1209196800000,0.007
1209200400000,0.01
1209204000000,0.014
1209207600000,0.015
1209211200000,0.013
1209214800000,0.009
1209218400000,0.004
1209222000000,0.002
1209225600000,0.001
1209229200000,0.002
1209232800000,0.002
1209236400000,0.005
1209240000000,0.011
1209243600000,0.024
1209247200000,0.033
1209250800000,0.03
1209254400000,0.028
1209258000000,0.026
1209261600000,0.028
1209265200000,0.026
1209268800000,0.022
1209272400000,0.019
1209276000000,0.017
1209279600000,0.012
1209283200000,0.007
1209286800000,0.006
1209290400000,0.005
1209294000000,0.005
1209297600000,0.005
1209301200000,0.004
1209304800000,0.002
1209308400000,0.001
1209312000000,0.0
1209315600000,0.0
1209319200000,0.0
1209322800000,0.001
1209326400000,0.0
1209330000000,0.0
1209333600000,0.0
1209337200000,0.0
1209340800000,0.0
1209344400000,0.0
1209348000000,0.001
1209351600000,0.002
1209355200000,0.007
1209358800000,0.009
1209362400000,0.008
1209366000000,0.006
1209369600000,0.004
1209373200000,0.002
1209376800000,0.004
1209380400000,0.015
1209384000000,0.033
1209387600000,0.042
1209391200000,0.039
1209394800000,0.034
1209398400000,0.023
1209402000000,0.017
1209405600000,0.015
1209409200000,0.015
1209412800000,0.017
1209416400000,0.02
1209420000000,0.025
1209423600000,0.019
1209427200000,0.017
1209430800000,0.014
1209434400000,0.011
1209438000000,0.006
1209441600000,0.002
1209445200000,0.0
1209448800000,0.0
1209452400000,0.0
1209456000000,0.0
1209459600000,0.0
1209463200000,0.0
1209466800000,0.0
1209470400000,0.0
1209474000000,0.0
1209477600000,0.0
1209481200000,0.0
1209484800000,0.0
1209488400000,0.0
1209492000000,0.0
1209495600000,0.0
1209499200000,0.0
1209502800000,0.0
1209506400000,0.0
1209510000000,0.0
1209513600000,0.0
1209517200000,0.0
1209520800000,0.001
1209524400000,0.002
1209528000000,0.004
1209531600000,0.008
1209535200000,0.016
1209538800000,0.027
1209542400000,0.037
1209546000000,0.051
1209549600000,0.07
1209553200000,0.08
1209556800000,0.076
1209560400000,0.067
1209564000000,0.054
1209567600000,0.054
1209571200000,0.069
1209574800000,0.062
1209578400000,0.044
1209582000000,0.031
1209585600000,0.023
1209589200000,0.015
1209592800000,0.01
1209596400000,0.005
1209600000000,0.004
1209603600000,0.004
1209607200000,0.007
1209610800000,0.016
1209614400000,0.031
1209618000000,0.042
1209621600000,0.051
1209625200000,0.061
1209628800000,0.058
1209632400000,0.047
1209636000000,0.04
1209639600000,0.035
1209643200000,0.035
1209646800000,0.029
1209650400000,0.019
1209654000000,0.012
1209657600000,0.007
1209661200000,0.002
1209664800000,0.0
1209668400000,0.0
1209672000000,0.0
1209675600000,0.0
1209679200000,0.0
1209682800000,0.0
1209686400000,0.0
1209690000000,0.0
1209693600000,0.001
1209697200000,0.003
1209700800000,0.011
1209704400000,0.023
1209708000000,0.037
1209711600000,0.051
1209715200000,0.073
1209718800000,0.11
1209722400000,0.151
1209726000000,0.134
1209729600000,0.109
1209733200000,0.11
1209736800000,0.123
1209740400000,0.125
1209744000000,0.119
1209747600000,0.109
1209751200000,0.111
1209754800000,0.136
1209758400000,0.175
1209762000000,0.153
1209765600000,0.093
1209769200000,0.067
1209772800000,0.087
1209776400000,0.115
1209780000000,0.157
1209783600000,0.179
1209787200000,0.168
1209790800000,0.149
1209794400000,0.127
1209798000000,0.084
1209801600000,0.035
1209805200000,0.025
1209808800000,0.078
1209812400000,0.185
1209816000000,0.268
1209819600000,0.31
1209823200000,0.307
1209826800000,0.27
1209830400000,0.251
1209834000000,0.207
1209837600000,0.155
1209841200000,0.112
1209844800000,0.113
1209848400000,0.146
1209852000000,0.156
1209855600000,0.158
1209859200000,0.171
1209862800000,0.159
1209866400000,0.137
1209870000000,0.122
1209873600000,0.112
1209877200000,0.111
1209880800000,0.115
1209884400000,0.121
1209888000000,0.118
1209891600000,0.122
1209895200000,0.139
1209898800000,0.141
1209902400000,0.139
1209906000000,0.135
1209909600000,0.131
1209913200000,0.115
1209916800000,0.101
1209920400000,0.1
1209924000000,0.103
1209927600000,0.111
1209931200000,0.11
1209934800000,0.087
1209938400000,0.045
1209942000000,0.016
1209945600000,0.006
1209949200000,0.003
1209952800000,0.003
1209956400000,0.002
1209960000000,0.001
1209963600000,0.001
1209967200000,0.0
1209970800000,0.0
1209974400000,0.0
1209978000000,0.0
1209981600000,0.002
1209985200000,0.008
1209988800000,0.017
1209992400000,0.022
1209996000000,0.023
1209999600000,0.02
1210003200000,0.016
1210006800000,0.015
1210010400000,0.015
1210014000000,0.014
1210017600000,0.011
1210021200000,0.006
1210024800000,0.002
1210028400000,0.0
1210032000000,0.0
1210035600000,0.0
1210039200000,0.0
1210042800000,0.0
1210046400000,0.0
1210050000000,0.001
1210053600000,0.004
1210057200000,0.012
1210060800000,0.016
1210064400000,0.015
1210068000000,0.014
1210071600000,0.009
1210075200000,0.007
1210078800000,0.012
1210082400000,0.025
1210086000000,0.041
1210089600000,0.046
1210093200000,0.048
1210096800000,0.061
1210100400000,0.073
1210104000000,0.07
1210107600000,0.05
1210111200000,0.028
1210114800000,0.013
1210118400000,0.006
1210122000000,0.002
1210125600000,0.001
1210129200000,0.001
1210132800000,0.002
1210136400000,0.004
1210140000000,0.013
1210143600000,0.033
1210147200000,0.065
1210150800000,0.095
1210154400000,0.123
1210158000000,0.122
1210161600000,0.099
1210165200000,0.067
1210168800000,0.046
1210172400000,0.045
1210176000000,0.064
1210179600000,0.093
1210183200000,0.126
1210186800000,0.152
1210190400000,0.175
1210194000000,0.201
1210197600000,0.186
1210201200000,0.182
1210204800000,0.178
1210208400000,0.179
1210212000000,0.202
1210215600000,0.253
1210219200000,0.311
1210222800000,0.343
1210226400000,0.341
1210230000000,0.306
1210233600000,0.248
1210237200000,0.204
1210240800000,0.199
1210244400000,0.207
1210248000000,0.23
1210251600000,0.248
1210255200000,0.241
1210258800000,0.243
1210262400000,0.27
1210266000000,0.302
1210269600000,0.323
1210273200000,0.349
1210276800000,0.369
1210280400000,0.327
1210284000000,0.258
1210287600000,0.201
1210291200000,0.229
1210294800000,0.278
1210298400000,0.329
1210302000000,0.379
1210305600000,0.415
1210309200000,0.413
1210312800000,0.386
1210316400000,0.326
1210320000000,0.266
1210323600000,0.243
1210327200000,0.213
1210330800000,0.182
1210334400000,0.167
1210338000000,0.161
1210341600000,0.167
1210345200000,0.185
1210348800000,0.194
1210352400000,0.196
1210356000000,0.201
1210359600000,0.21
1210363200000,0.225
1210366800000,0.236
1210370400000,0.22
1210374000000,0.214
1210377600000,0.275
1210381200000,0.334
1210384800000,0.395
1210388400000,0.456
1210392000000,0.479
1210395600000,0.47
1210399200000,0.429
1210402800000,0.343
1210406400000,0.226
1210410000000,0.163
1210413600000,0.178
1210417200000,0.23
1210420800000,0.266
1210424400000,0.243
1210428000000,0.212
1210431600000,0.206
1210435200000,0.22
1210438800000,0.248
1210442400000,0.269
1210446000000,0.294
1210449600000,0.317
1210453200000,0.333
1210456800000,0.293
1210460400000,0.238
1210464000000,0.264
1210467600000,0.324
1210471200000,0.363
1210474800000,0.398
1210478400000,0.42
1210482000000,0.438
1210485600000,0.43
1210489200000,0.362
1210492800000,0.264
1210496400000,0.225
1210500000000,0.225
1210503600000,0.225
1210507200000,0.245
1210510800000,0.252
1210514400000,0.252
1210518000000,0.27
1210521600000,0.292
1210525200000,0.312
1210528800000,0.337
1210532400000,0.328
1210536000000,0.318
1210539600000,0.323
1210543200000,0.305
1210546800000,0.276
1210550400000,0.364
1210554000000,0.476
1210557600000,0.532
1210561200000,0.57
1210564800000,0.586
1210568400000,0.559
1210572000000,0.488
1210575600000,0.382
1210579200000,0.261
1210582800000,0.2
1210586400000,0.177
1210590000000,0.171
1210593600000,0.176
1210597200000,0.172
1210600800000,0.17
1210604400000,0.186
1210608000000,0.231
1210611600000,0.267
1210615200000,0.289
1210618800000,0.32
1210622400000,0.325
1210626000000,0.332
1210629600000,0.317
1210633200000,0.283
1210636800000,0.328
1210640400000,0.391
1210644000000,0.464
1210647600000,0.507
1210651200000,0.525
1210654800000,0.503
1210658400000,0.442
1210662000000,0.353
1210665600000,0.253
1210669200000,0.186
1210672800000,0.163
1210676400000,0.138
1210680000000,0.121
1210683600000,0.118
1210687200000,0.124
1210690800000,0.137
1210694400000,0.157
1210698000000,0.193
1210701600000,0.241
1210705200000,0.279
1210708800000,0.3
1210712400000,0.313
1210716000000,0.314
1210719600000,0.391
1210723200000,0.525
1210726800000,0.606
1210730400000,0.64
1210734000000,0.642
1210737600000,0.625
1210741200000,0.606
1210744800000,0.583
1210748400000,0.55
1210752000000,0.447
1210755600000,0.367
1210759200000,0.37
1210762800000,0.358
1210766400000,0.356
1210770000000,0.364
1210773600000,0.379
1210777200000,0.394
1210780800000,0.414
1210784400000,0.432
1210788000000,0.452
1210791600000,0.466
1210795200000,0.501
1210798800000,0.541
1210802400000,0.538
1210806000000,0.59
1210809600000,0.658
1210813200000,0.66
1210816800000,0.663
1210820400000,0.674
1210824000000,0.691
1210827600000,0.718
1210831200000,0.733
1210834800000,0.711
1210838400000,0.613
1210842000000,0.5
1210845600000,0.448
1210849200000,0.415
1210852800000,0.411
1210856400000,0.398
1210860000000,0.413
1210863600000,0.436
1210867200000,0.446
1210870800000,0.459
1210874400000,0.456
1210878000000,0.454
1210881600000,0.45
1210885200000,0.469
1210888800000,0.488
1210892400000,0.477
1210896000000,0.534
1210899600000,0.55
1210903200000,0.569
1210906800000,0.586
1210910400000,0.621
1210914000000,0.613
1210917600000,0.566
1210921200000,0.491
1210924800000,0.388
1210928400000,0.348
1210932000000,0.355
1210935600000,0.348
1210939200000,0.32
1210942800000,0.294
1210946400000,0.259
1210950000000,0.213
1210953600000,0.185
1210957200000,0.173
1210960800000,0.16
1210964400000,0.147
1210968000000,0.145
1210971600000,0.156
1210975200000,0.155
1210978800000,0.16
1210982400000,0.206
1210986000000,0.259
1210989600000,0.311
1210993200000,0.35
1210996800000,0.374
1211000400000,0.388
1211004000000,0.374
1211007600000,0.337
1211011200000,0.268
1211014800000,0.186
1211018400000,0.173
1211022000000,0.161
1211025600000,0.162
1211029200000,0.166
1211032800000,0.175
1211036400000,0.192
1211040000000,0.218
1211043600000,0.228
1211047200000,0.232
1211050800000,0.222
1211054400000,0.202
1211058000000,0.184
1211061600000,0.155
1211065200000,0.126
1211068800000,0.122
1211072400000,0.117
1211076000000,0.114
1211079600000,0.106
1211083200000,0.098
1211086800000,0.093
1211090400000,0.088
1211094000000,0.077
1211097600000,0.063
1211101200000,0.058
1211104800000,0.054
1211108400000,0.054
1211112000000,0.059
1211115600000,0.068
1211119200000,0.081
1211122800000,0.093
1211126400000,0.105
1211130000000,0.104
1211133600000,0.077
1211137200000,0.046
1211140800000,0.028
1211144400000,0.023
1211148000000,0.02
1211151600000,0.016
1211155200000,0.013
1211158800000,0.01
1211162400000,0.008
1211166000000,0.008
1211169600000,0.009
1211173200000,0.009
1211176800000,0.008
1211180400000,0.005
1211184000000,0.003
1211187600000,0.001
1211191200000,0.0
1211194800000,0.0
1211198400000,0.0
1211202000000,0.0
1211205600000,0.0
1211209200000,0.0
1211212800000,0.001
1211216400000,0.002
1211220000000,0.0
1211223600000,0.0
1211227200000,0.0
1211230800000,0.0
1211234400000,0.0
1211238000000,0.0
1211241600000,0.0
1211245200000,0.0
1211248800000,0.0
1211252400000,0.001
1211256000000,0.003
1211259600000,0.007
1211263200000,0.011
1211266800000,0.015
1211270400000,0.018
1211274000000,0.017
1211277600000,0.015
1211281200000,0.013
1211284800000,0.011
1211288400000,0.009
1211292000000,0.008
1211295600000,0.008
1211299200000,0.011
1211302800000,0.014
1211306400000,0.017
1211310000000,0.015
1211313600000,0.009
1211317200000,0.002
1211320800000,0.0
1211324400000,0.0
1211328000000,0.0
1211331600000,0.0
1211335200000,0.001
1211338800000,0.002
1211342400000,0.004
1211346000000,0.004
1211349600000,0.005
1211353200000,0.004
1211356800000,0.003
1211360400000,0.002
1211364000000,0.005
1211367600000,0.011
1211371200000,0.017
1211374800000,0.021
1211378400000,0.025
1211382000000,0.023
1211385600000,0.019
1211389200000,0.014
1211392800000,0.009
1211396400000,0.006
1211400000000,0.006
1211403600000,0.006
1211407200000,0.006
1211410800000,0.004
1211414400000,0.002
1211418000000,0.0
1211421600000,0.0
1211425200000,0.0
1211428800000,0.0
1211432400000,0.0
1211436000000,0.0
1211439600000,0.001
1211443200000,0.001
1211446800000,0.001
1211450400000,0.001
1211454000000,0.001
1211457600000,0.002
1211461200000,0.003
1211464800000,0.003
1211468400000,0.003
1211472000000,0.002
1211475600000,0.002
1211479200000,0.002
1211482800000,0.002
1211486400000,0.003
1211490000000,0.003
1211493600000,0.003
1211497200000,0.003
1211500800000,0.009
1211504400000,0.02
1211508000000,0.035
1211511600000,0.054
1211515200000,0.076
1211518800000,0.094
1211522400000,0.103
1211526000000,0.096
1211529600000,0.075
1211533200000,0.058
1211536800000,0.052
1211540400000,0.061
1211544000000,0.082
1211547600000,0.085
1211551200000,0.044
1211554800000,0.022
1211558400000,0.027
1211562000000,0.027
1211565600000,0.02
1211569200000,0.021
1211572800000,0.029
1211576400000,0.032
1211580000000,0.026
1211583600000,0.021
1211587200000,0.021
1211590800000,0.02
1211594400000,0.023
1211598000000,0.03
1211601600000,0.039
1211605200000,0.048
1211608800000,0.053
1211612400000,0.054
1211616000000,0.054
1211619600000,0.053
1211623200000,0.046
1211626800000,0.038
1211630400000,0.028
1211634000000,0.022
1211637600000,0.015
1211641200000,0.013
1211644800000,0.016
1211648400000,0.021
1211652000000,0.023
1211655600000,0.019
1211659200000,0.012
1211662800000,0.007
1211666400000,0.004
1211670000000,0.005
1211673600000,0.005
1211677200000,0.005
1211680800000,0.006
1211684400000,0.008
1211688000000,0.011
1211691600000,0.015
1211695200000,0.017
1211698800000,0.017
1211702400000,0.015
1211706000000,0.012
1211709600000,0.01
1211713200000,0.008
1211716800000,0.006
1211720400000,0.004
1211724000000,0.003
1211727600000,0.002
1211731200000,0.001
1211734800000,0.001
1211738400000,0.001
1211742000000,0.003
1211745600000,0.005
1211749200000,0.007
1211752800000,0.009
1211756400000,0.009
1211760000000,0.011
1211763600000,0.012
1211767200000,0.012
1211770800000,0.009
1211774400000,0.006
1211778000000,0.005
1211781600000,0.004
1211785200000,0.003
1211788800000,0.004
1211792400000,0.005
1211796000000,0.012
1211799600000,0.018
1211803200000,0.021
1211806800000,0.02
1211810400000,0.017
1211814000000,0.011
1211817600000,0.006
1211821200000,0.003
1211824800000,0.001
1211828400000,0.001
1211832000000,0.0
1211835600000,0.0
1211839200000,0.0
1211842800000,0.0
1211846400000,0.001
1211850000000,0.001
1211853600000,0.002
1211857200000,0.002
1211860800000,0.002
1211864400000,0.002
1211868000000,0.001
1211871600000,0.001
1211875200000,0.0
1211878800000,0.001
1211882400000,0.002
1211886000000,0.004
1211889600000,0.008
1211893200000,0.009
1211896800000,0.006
1211900400000,0.004
1211904000000,0.013
1211907600000,0.017
1211911200000,0.024
1211914800000,0.035
1211918400000,0.044
1211922000000,0.055
1211925600000,0.066
1211929200000,0.061
1211932800000,0.06
1211936400000,0.055
1211940000000,0.047
1211943600000,0.034
1211947200000,0.022
1211950800000,0.013
1211954400000,0.008
1211958000000,0.006
1211961600000,0.007
1211965200000,0.009
1211968800000,0.018
1211972400000,0.028
1211976000000,0.039
1211979600000,0.043
1211983200000,0.037
1211986800000,0.025
1211990400000,0.014
1211994000000,0.007
1211997600000,0.006
1212001200000,0.003
1212004800000,0.001
1212008400000,0.001
1212012000000,0.0
1212015600000,0.0
1212019200000,0.0
1212022800000,0.001
1212026400000,0.001
1212030000000,0.001
1212033600000,0.002
1212037200000,0.001
1212040800000,0.001
1212044400000,0.001
1212048000000,0.002
1212051600000,0.004
1212055200000,0.007
1212058800000,0.008
1212062400000,0.007
1212066000000,0.005
1212069600000,0.003
1212073200000,0.003
1212076800000,0.001
1212080400000,0.002
1212084000000,0.003
1212087600000,0.003
1212091200000,0.003
1212094800000,0.002
1212098400000,0.001
1212102000000,0.0
1212105600000,0.0
1212109200000,0.0
1212112800000,0.0
1212116400000,0.0
1212120000000,0.0
1212123600000,0.0
1212127200000,0.0
1212130800000,0.0
1212134400000,0.001
1212138000000,0.002
1212141600000,0.003
1212145200000,0.003
1212148800000,0.004
1212152400000,0.008
1212156000000,0.014
1212159600000,0.011
1212163200000,0.003
1212166800000,0.001
1212170400000,0.001
1212174000000,0.001
1212177600000,0.0
1212181200000,0.0
1212184800000,0.0
1212188400000,0.0
1212192000000,0.0
1212195600000,0.0
1212199200000,0.0
1212202800000,0.0
1212206400000,0.0
1212210000000,0.0
1212213600000,0.0
1212217200000,0.0
1212220800000,0.002
1212224400000,0.004
1212228000000,0.007
1212231600000,0.011
1212235200000,0.015
1212238800000,0.024
1212242400000,0.04
1212246000000,0.047
1212249600000,0.024
1212253200000,0.011
1212256800000,0.009
1212260400000,0.008
1212264000000,0.006
1212267600000,0.002
1212271200000,0.001
1212274800000,0.0
1212278400000,0.0
1212282000000,0.001
1212285600000,0.01
1212289200000,0.027
1212292800000,0.041
1212296400000,0.049
1212300000000,0.045
1212303600000,0.031
1212307200000,0.02
1212310800000,0.011
1212314400000,0.005
1212318000000,0.003
1212321600000,0.003
1212325200000,0.005
1212328800000,0.01
1212332400000,0.025
1212336000000,0.046
1212339600000,0.068
1212343200000,0.083
1212346800000,0.087
1212350400000,0.089
1212354000000,0.08
1212357600000,0.059
1212361200000,0.053
1212364800000,0.059
1212368400000,0.073
1212372000000,0.09
1212375600000,0.104
1212379200000,0.104
1212382800000,0.092
1212386400000,0.07
1212390000000,0.049
1212393600000,0.028
1212397200000,0.014
1212400800000,0.005
1212404400000,0.001
1212408000000,0.002
1212411600000,0.006
1212415200000,0.018
1212418800000,0.032
1212422400000,0.041
1212426000000,0.048
1212429600000,0.049
1212433200000,0.05
1212436800000,0.044
1212440400000,0.036
1212444000000,0.029
1212447600000,0.027
1212451200000,0.034
1212454800000,0.037
1212458400000,0.04
1212462000000,0.03
1212465600000,0.021
1212469200000,0.016
1212472800000,0.013
1212476400000,0.01
1212480000000,0.01
1212483600000,0.016
1212487200000,0.021
1212490800000,0.03
1212494400000,0.043
1212498000000,0.057
1212501600000,0.067
1212505200000,0.068
1212508800000,0.055
1212512400000,0.039
1212516000000,0.024
1212519600000,0.016
1212523200000,0.014
1212526800000,0.012
1212530400000,0.011
1212534000000,0.017
1212537600000,0.028
1212541200000,0.025
1212544800000,0.023
1212548400000,0.017
1212552000000,0.011
1212555600000,0.006
1212559200000,0.003
1212562800000,0.002
1212566400000,0.002
1212570000000,0.004
1212573600000,0.01
1212577200000,0.02
1212580800000,0.043
1212584400000,0.076
1212588000000,0.1
1212591600000,0.133
1212595200000,0.182
1212598800000,0.197
1212602400000,0.198
1212606000000,0.204
1212609600000,0.188
1212613200000,0.181
1212616800000,0.153
1212620400000,0.112
1212624000000,0.092
1212627600000,0.105
1212631200000,0.108
1212634800000,0.1
1212638400000,0.079
1212642000000,0.052
1212645600000,0.026
1212649200000,0.012
1212652800000,0.006
1212656400000,0.006
1212660000000,0.013
1212663600000,0.025
1212667200000,0.039
1212670800000,0.045
1212674400000,0.041
1212678000000,0.046
1212681600000,0.064
1212685200000,0.078
1212688800000,0.083
1212692400000,0.064
1212696000000,0.045
1212699600000,0.035
1212703200000,0.025
1212706800000,0.03
1212710400000,0.079
1212714000000,0.12
1212717600000,0.12
1212721200000,0.118
1212724800000,0.118
1212728400000,0.115
1212732000000,0.101
1212735600000,0.077
1212739200000,0.059
1212742800000,0.048
1212746400000,0.037
1212750000000,0.031
1212753600000,0.024
1212757200000,0.023
1212760800000,0.022
1212764400000,0.015
1212768000000,0.007
1212771600000,0.004
1212775200000,0.003
1212778800000,0.004
1212782400000,0.008
1212786000000,0.018
1212789600000,0.033
1212793200000,0.046
1212796800000,0.06
1212800400000,0.076
1212804000000,0.093
1212807600000,0.079
1212811200000,0.054
1212814800000,0.035
1212818400000,0.02
1212822000000,0.007
1212825600000,0.003
1212829200000,0.002
1212832800000,0.002
1212836400000,0.003
1212840000000,0.005
1212843600000,0.008
1212847200000,0.008
1212850800000,0.005
1212854400000,0.003
1212858000000,0.003
1212861600000,0.005
1212865200000,0.007
1212868800000,0.011
1212872400000,0.015
1212876000000,0.019
1212879600000,0.039
1212883200000,0.06
1212886800000,0.062
1212890400000,0.06
1212894000000,0.058
1212897600000,0.054
1212901200000,0.042
1212904800000,0.025
1212908400000,0.012
1212912000000,0.008
1212915600000,0.006
1212919200000,0.007
1212922800000,0.027
1212926400000,0.055
1212930000000,0.069
1212933600000,0.072
1212937200000,0.063
1212940800000,0.026
1212944400000,0.006
1212948000000,0.008
1212951600000,0.017
1212955200000,0.029
1212958800000,0.04
1212962400000,0.042
1212966000000,0.039
1212969600000,0.047
1212973200000,0.039
1212976800000,0.026
1212980400000,0.012
1212984000000,0.003
1212987600000,0.001
1212991200000,0.0
1212994800000,0.0
1212998400000,0.0
1213002000000,0.001
1213005600000,0.001
1213009200000,0.001
1213012800000,0.001
1213016400000,0.001
1213020000000,0.001
1213023600000,0.0
1213027200000,0.0
1213030800000,0.0
1213034400000,0.001
1213038000000,0.001
1213041600000,0.004
1213045200000,0.012
1213048800000,0.027
1213052400000,0.055
1213056000000,0.097
1213059600000,0.141
1213063200000,0.172
1213066800000,0.161
1213070400000,0.095
1213074000000,0.049
1213077600000,0.032
1213081200000,0.028
1213084800000,0.027
1213088400000,0.029
1213092000000,0.034
1213095600000,0.035
1213099200000,0.049
1213102800000,0.066
1213106400000,0.071
1213110000000,0.068
1213113600000,0.06
1213117200000,0.05
1213120800000,0.042
1213124400000,0.031
1213128000000,0.015
1213131600000,0.004
1213135200000,0.001
1213138800000,0.0
1213142400000,0.0
1213146000000,0.0
1213149600000,0.0
1213153200000,0.001
1213156800000,0.002
1213160400000,0.002
1213164000000,0.001
1213167600000,0.0
1213171200000,0.0
1213174800000,0.0
1213178400000,0.001
1213182000000,0.001
1213185600000,0.001
1213189200000,0.001
1213192800000,0.001
1213196400000,0.0
1213200000000,0.0
1213203600000,0.006
1213207200000,0.025
1213210800000,0.045
1213214400000,0.063
1213218000000,0.084
1213221600000,0.095
1213225200000,0.103
1213228800000,0.13
1213232400000,0.144
1213236000000,0.154
1213239600000,0.145
1213243200000,0.127
1213246800000,0.107
1213250400000,0.094
1213254000000,0.077
1213257600000,0.07
1213261200000,0.068
1213264800000,0.074
1213268400000,0.081
1213272000000,0.083
1213275600000,0.056
1213279200000,0.018
1213282800000,0.011
1213286400000,0.019
1213290000000,0.02
1213293600000,0.017
1213297200000,0.019
1213300800000,0.021
1213304400000,0.024
1213308000000,0.026
1213311600000,0.02
1213315200000,0.018
1213318800000,0.019
1213322400000,0.027
1213326000000,0.038
1213329600000,0.045
1213333200000,0.043
1213336800000,0.039
1213340400000,0.034
1213344000000,0.031
1213347600000,0.033
1213351200000,0.038
1213354800000,0.035
1213358400000,0.027
1213362000000,0.019
1213365600000,0.008
1213369200000,0.004
1213372800000,0.003
1213376400000,0.003
1213380000000,0.004
1213383600000,0.005
1213387200000,0.008
1213390800000,0.008
1213394400000,0.008
1213398000000,0.006
1213401600000,0.008
1213405200000,0.009
1213408800000,0.008
1213412400000,0.004
1213416000000,0.001
1213419600000,0.0
1213423200000,0.0
1213426800000,0.0
1213430400000,0.0
1213434000000,0.0
1213437600000,0.0
1213441200000,0.0
1213444800000,0.0
1213448400000,0.0
1213452000000,0.0
1213455600000,0.0
1213459200000,0.0
1213462800000,0.0
1213466400000,0.0
1213470000000,0.0
1213473600000,0.0
1213477200000,0.0
1213480800000,0.0
1213484400000,0.0
1213488000000,0.0
1213491600000,0.0
1213495200000,0.0
1213498800000,0.0
1213502400000,0.0
1213506000000,0.001
1213509600000,0.004
1213513200000,0.013
1213516800000,0.029
1213520400000,0.038
1213524000000,0.039
1213527600000,0.043
1213531200000,0.048
1213534800000,0.059
1213538400000,0.077
1213542000000,0.103
1213545600000,0.134
1213549200000,0.167
1213552800000,0.207
1213556400000,0.231
1213560000000,0.227
1213563600000,0.205
1213567200000,0.176
1213570800000,0.087
1213574400000,0.035
1213578000000,0.013
1213581600000,0.009
1213585200000,0.01
1213588800000,0.011
1213592400000,0.011
1213596000000,0.01
1213599600000,0.008
1213603200000,0.004
1213606800000,0.001
1213610400000,0.0
1213614000000,0.0
1213617600000,0.0
1213621200000,0.01
1213624800000,0.033
1213628400000,0.039
1213632000000,0.025
1213635600000,0.01
1213639200000,0.005
1213642800000,0.003
1213646400000,0.002
1213650000000,0.001
1213653600000,0.001
1213657200000,0.0
1213660800000,0.0
1213664400000,0.001
1213668000000,0.001
1213671600000,0.0
1213675200000,0.0
1213678800000,0.0
1213682400000,0.001
1213686000000,0.001
1213689600000,0.002
1213693200000,0.002
1213696800000,0.005
1213700400000,0.007
1213704000000,0.008
1213707600000,0.008
1213711200000,0.009
1213714800000,0.011
1213718400000,0.015
1213722000000,0.018
1213725600000,0.019
1213729200000,0.02
1213732800000,0.021
1213736400000,0.019
1213740000000,0.013
1213743600000,0.008
1213747200000,0.003
1213750800000,0.001
1213754400000,0.001
1213758000000,0.001
1213761600000,0.0
1213765200000,0.0
1213768800000,0.002
1213772400000,0.005
1213776000000,0.006
1213779600000,0.006
1213783200000,0.004
1213786800000,0.002
1213790400000,0.001
1213794000000,0.0
1213797600000,0.0
1213801200000,0.0
1213804800000,0.0
1213808400000,0.0
1213812000000,0.0
1213815600000,0.0
1213819200000,0.001
1213822800000,0.001
1213826400000,0.001
1213830000000,0.001
1213833600000,0.001
1213837200000,0.002
1213840800000,0.003
1213844400000,0.005
1213848000000,0.008
1213851600000,0.02
1213855200000,0.042
1213858800000,0.063
1213862400000,0.077
1213866000000,0.093
1213869600000,0.113
1213873200000,0.109
1213876800000,0.093
1213880400000,0.079
1213884000000,0.072
1213887600000,0.072
1213891200000,0.084
1213894800000,0.104
1213898400000,0.11
1213902000000,0.1
1213905600000,0.113
1213909200000,0.113
1213912800000,0.09
1213916400000,0.103
1213920000000,0.161
1213923600000,0.251
1213927200000,0.351
1213930800000,0.398
1213934400000,0.451
1213938000000,0.494
1213941600000,0.513
1213945200000,0.474
1213948800000,0.428
1213952400000,0.422
1213956000000,0.42
1213959600000,0.424
1213963200000,0.418
1213966800000,0.398
1213970400000,0.401
1213974000000,0.374
1213977600000,0.317
1213981200000,0.249
1213984800000,0.201
1213988400000,0.247
1213992000000,0.376
1213995600000,0.529
1213999200000,0.656
1214002800000,0.63
1214006400000,0.678
1214010000000,0.735
1214013600000,0.789
1214017200000,0.815
1214020800000,0.804
1214024400000,0.763
1214028000000,0.72
1214031600000,0.666
1214035200000,0.651
1214038800000,0.649
1214042400000,0.668
1214046000000,0.683
1214049600000,0.697
1214053200000,0.679
1214056800000,0.672
1214060400000,0.63
1214064000000,0.609
1214067600000,0.59
1214071200000,0.557
1214074800000,0.55
1214078400000,0.568
1214082000000,0.563
1214085600000,0.535
1214089200000,0.505
1214092800000,0.512
1214096400000,0.566
1214100000000,0.644
1214103600000,0.675
1214107200000,0.665
1214110800000,0.633
1214114400000,0.586
1214118000000,0.506
1214121600000,0.371
1214125200000,0.288
1214128800000,0.303
1214132400000,0.322
1214136000000,0.353
1214139600000,0.367
1214143200000,0.382
1214146800000,0.371
1214150400000,0.369
1214154000000,0.379
1214157600000,0.38
1214161200000,0.363
1214164800000,0.346
1214168400000,0.349
1214172000000,0.323
1214175600000,0.325
1214179200000,0.401
1214182800000,0.444
1214186400000,0.454
1214190000000,0.445
1214193600000,0.431
1214197200000,0.428
1214200800000,0.416
1214204400000,0.369
1214208000000,0.298
1214211600000,0.251
1214215200000,0.3
1214218800000,0.337
1214222400000,0.346
1214226000000,0.365
1214229600000,0.38
1214233200000,0.367
1214236800000,0.336
1214240400000,0.32
1214244000000,0.302
1214247600000,0.289
1214251200000,0.282
1214254800000,0.29
1214258400000,0.272
1214262000000,0.258
1214265600000,0.36
1214269200000,0.428
1214272800000,0.447
1214276400000,0.425
1214280000000,0.401
1214283600000,0.379
1214287200000,0.36
1214290800000,0.334
1214294400000,0.305
1214298000000,0.294
1214301600000,0.327
1214305200000,0.332
1214308800000,0.337
1214312400000,0.332
1214316000000,0.328
1214319600000,0.323
1214323200000,0.332
1214326800000,0.346
1214330400000,0.358
1214334000000,0.379
1214337600000,0.375
1214341200000,0.35
1214344800000,0.296
1214348400000,0.242
1214352000000,0.261
1214355600000,0.267
1214359200000,0.244
1214362800000,0.21
1214366400000,0.177
1214370000000,0.139
1214373600000,0.105
1214377200000,0.076
1214380800000,0.051
1214384400000,0.039
1214388000000,0.033
1214391600000,0.027
1214395200000,0.027
1214398800000,0.023
1214402400000,0.017
1214406000000,0.014
1214409600000,0.014
1214413200000,0.019
1214416800000,0.022
1214420400000,0.021
1214424000000,0.019
1214427600000,0.015
1214431200000,0.011
1214434800000,0.01
1214438400000,0.011
1214442000000,0.009
1214445600000,0.008
1214449200000,0.008
1214452800000,0.008
1214456400000,0.006
1214460000000,0.004
1214463600000,0.004
1214467200000,0.005
1214470800000,0.006
1214474400000,0.009
1214478000000,0.013
1214481600000,0.019
1214485200000,0.024
1214488800000,0.023
1214492400000,0.018
1214496000000,0.003
1214499600000,0.004
1214503200000,0.005
1214506800000,0.002
1214510400000,0.001
1214514000000,0.001
1214517600000,0.003
1214521200000,0.008
1214524800000,0.009
1214528400000,0.006
1214532000000,0.003
1214535600000,0.002
1214539200000,0.001
1214542800000,0.001
1214546400000,0.001
1214550000000,0.001
1214553600000,0.001
1214557200000,0.002
1214560800000,0.003
1214564400000,0.001
1214568000000,0.0
1214571600000,0.0
1214575200000,0.0
1214578800000,0.001
1214582400000,0.003
1214586000000,0.004
1214589600000,0.006
1214593200000,0.007
1214596800000,0.009
1214600400000,0.013
1214604000000,0.03
1214607600000,0.047
1214611200000,0.063
1214614800000,0.058
1214618400000,0.042
1214622000000,0.026
1214625600000,0.017
1214629200000,0.013
1214632800000,0.01
1214636400000,0.008
1214640000000,0.006
1214643600000,0.005
1214647200000,0.009
1214650800000,0.023
1214654400000,0.048
1214658000000,0.036
1214661600000,0.001
1214665200000,0.0
1214668800000,0.0
1214672400000,0.0
1214676000000,0.0
1214679600000,0.0
1214683200000,0.002
1214686800000,0.004
1214690400000,0.006
1214694000000,0.006
1214697600000,0.004
1214701200000,0.003
1214704800000,0.003
1214708400000,0.001
1214712000000,0.0
1214715600000,0.0
1214719200000,0.0
1214722800000,0.001
1214726400000,0.002
1214730000000,0.004
1214733600000,0.01
1214737200000,0.016
1214740800000,0.018
1214744400000,0.013
1214748000000,0.006
1214751600000,0.002
1214755200000,0.0
1214758800000,0.0
1214762400000,0.0
1214766000000,0.0
1214769600000,0.0
1214773200000,0.001
1214776800000,0.001
1214780400000,0.001
1214784000000,0.001
1214787600000,0.0
1214791200000,0.0
1214794800000,0.0
1214798400000,0.0
1214802000000,0.0
1214805600000,0.0
1214809200000,0.0
1214812800000,0.0
1214816400000,0.001
1214820000000,0.004
1214823600000,0.008
1214827200000,0.013
1214830800000,0.016
1214834400000,0.014
1214838000000,0.01
1214841600000,0.013
1214845200000,0.041
1214848800000,0.059
1214852400000,0.051
1214856000000,0.042
1214859600000,0.038
1214863200000,0.029
1214866800000,0.019
1214870400000,0.009
1214874000000,0.002
1214877600000,0.0
1214881200000,0.0
1214884800000,0.0
1214888400000,0.001
1214892000000,0.003
1214895600000,0.009
1214899200000,0.018
1214902800000,0.022
1214906400000,0.025
1214910000000,0.025
1214913600000,0.024
1214917200000,0.026
1214920800000,0.029
1214924400000,0.032
1214928000000,0.048
1214931600000,0.083
1214935200000,0.119
1214938800000,0.141
1214942400000,0.13
1214946000000,0.124
1214949600000,0.106
1214953200000,0.055
1214956800000,0.026
1214960400000,0.013
1214964000000,0.009
1214967600000,0.019
1214971200000,0.048
1214974800000,0.082
1214978400000,0.109
1214982000000,0.127
1214985600000,0.136
1214989200000,0.134
1214992800000,0.152
1214996400000,0.156
1215000000000,0.138
1215003600000,0.081
1215007200000,0.042
1215010800000,0.036
1215014400000,0.046
1215018000000,0.057
1215021600000,0.065
1215025200000,0.075
1215028800000,0.085
1215032400000,0.08
1215036000000,0.06
1215039600000,0.054
1215043200000,0.068
1215046800000,0.106
1215050400000,0.158
1215054000000,0.208
1215057600000,0.256
1215061200000,0.31
1215064800000,0.345
1215068400000,0.35
1215072000000,0.307
1215075600000,0.253
1215079200000,0.249
1215082800000,0.255
1215086400000,0.279
1215090000000,0.28
1215093600000,0.285
1215097200000,0.275
1215100800000,0.263
1215104400000,0.261
1215108000000,0.281
1215111600000,0.32
1215115200000,0.352
1215118800000,0.369
1215122400000,0.312
1215126000000,0.3
1215129600000,0.3
1215133200000,0.289
1215136800000,0.256
1215140400000,0.214
1215144000000,0.171
1215147600000,0.133
1215151200000,0.1
1215154800000,0.073
1215158400000,0.051
1215162000000,0.041
1215165600000,0.047
1215169200000,0.061
1215172800000,0.085
1215176400000,0.111
1215180000000,0.139
1215183600000,0.153
1215187200000,0.134
1215190800000,0.098
1215194400000,0.093
1215198000000,0.108
1215201600000,0.131
1215205200000,0.138
1215208800000,0.133
1215212400000,0.13
1215216000000,0.143
1215219600000,0.134
1215223200000,0.12
1215226800000,0.115
1215230400000,0.119
1215234000000,0.133
1215237600000,0.147
1215241200000,0.153
1215244800000,0.144
1215248400000,0.137
1215252000000,0.145
1215255600000,0.142
1215259200000,0.14
1215262800000,0.139
1215266400000,0.137
1215270000000,0.133
1215273600000,0.112
1215277200000,0.076
1215280800000,0.051
1215284400000,0.048
1215288000000,0.05
1215291600000,0.048
1215295200000,0.051
1215298800000,0.054
1215302400000,0.065
1215306000000,0.074
1215309600000,0.078
1215313200000,0.079
1215316800000,0.085
1215320400000,0.085
1215324000000,0.077
1215327600000,0.065
1215331200000,0.056
1215334800000,0.047
1215338400000,0.05
1215342000000,0.06
1215345600000,0.073
1215349200000,0.082
1215352800000,0.095
1215356400000,0.119
1215360000000,0.147
1215363600000,0.17
1215367200000,0.181
1215370800000,0.186
1215374400000,0.185
1215378000000,0.192
1215381600000,0.195
1215385200000,0.176
1215388800000,0.164
1215392400000,0.144
1215396000000,0.119
1215399600000,0.1
1215403200000,0.088
1215406800000,0.084
1215410400000,0.083
1215414000000,0.079
1215417600000,0.073
1215421200000,0.063
1215424800000,0.051
1215428400000,0.038
1215432000000,0.028
1215435600000,0.018
1215439200000,0.01
1215442800000,0.006
1215446400000,0.006
1215450000000,0.008
1215453600000,0.008
1215457200000,0.009
1215460800000,0.011
1215464400000,0.02
1215468000000,0.028
1215471600000,0.035
1215475200000,0.048
1215478800000,0.055
1215482400000,0.054
1215486000000,0.051
1215489600000,0.048
1215493200000,0.042
1215496800000,0.035
1215500400000,0.03
1215504000000,0.027
1215507600000,0.027
1215511200000,0.029
1215514800000,0.03
1215518400000,0.029
1215522000000,0.027
1215525600000,0.029
1215529200000,0.039
1215532800000,0.052
1215536400000,0.063
1215540000000,0.071
1215543600000,0.083
1215547200000,0.1
1215550800000,0.104
1215554400000,0.089
1215558000000,0.081
1215561600000,0.081
1215565200000,0.085
1215568800000,0.087
1215572400000,0.092
1215576000000,0.093
1215579600000,0.089
1215583200000,0.084
1215586800000,0.078
1215590400000,0.071
1215594000000,0.068
1215597600000,0.067
1215601200000,0.054
1215604800000,0.037
1215608400000,0.02
1215612000000,0.008
1215615600000,0.004
1215619200000,0.003
1215622800000,0.003
1215626400000,0.003
1215630000000,0.003
1215633600000,0.005
1215637200000,0.005
1215640800000,0.005
1215644400000,0.005
1215648000000,0.005
1215651600000,0.004
1215655200000,0.003
1215658800000,0.004
1215662400000,0.007
1215666000000,0.009
1215669600000,0.011
1215673200000,0.013
1215676800000,0.018
1215680400000,0.025
1215684000000,0.033
1215687600000,0.038
1215691200000,0.041
1215694800000,0.041
1215698400000,0.039
1215702000000,0.04
1215705600000,0.043
1215709200000,0.047
1215712800000,0.051
1215716400000,0.051
1215720000000,0.048
1215723600000,0.049
1215727200000,0.038
1215730800000,0.031
1215734400000,0.033
1215738000000,0.036
1215741600000,0.038
1215745200000,0.037
1215748800000,0.034
1215752400000,0.031
1215756000000,0.025
1215759600000,0.016
1215763200000,0.013
1215766800000,0.013
1215770400000,0.018
1215774000000,0.019
1215777600000,0.021
1215781200000,0.022
1215784800000,0.024
1215788400000,0.029
1215792000000,0.048
1215795600000,0.035
1215799200000,0.003
1215802800000,0.001
1215806400000,0.001
1215810000000,0.0
1215813600000,0.0
1215817200000,0.0
1215820800000,0.001
1215824400000,0.003
1215828000000,0.008
1215831600000,0.015
1215835200000,0.025
1215838800000,0.028
1215842400000,0.025
1215846000000,0.02
1215849600000,0.019
1215853200000,0.018
1215856800000,0.02
1215860400000,0.021
1215864000000,0.023
1215867600000,0.021
1215871200000,0.016
1215874800000,0.011
1215878400000,0.007
1215882000000,0.003
1215885600000,0.001
1215889200000,0.001
1215892800000,0.001
1215896400000,0.001
1215900000000,0.001
1215903600000,0.003
1215907200000,0.007
1215910800000,0.012
1215914400000,0.02
1215918000000,0.027
1215921600000,0.033
1215925200000,0.036
1215928800000,0.032
1215932400000,0.026
1215936000000,0.024
1215939600000,0.026
1215943200000,0.029
1215946800000,0.03
1215950400000,0.039
1215954000000,0.056
1215957600000,0.077
1215961200000,0.098
1215964800000,0.104
1215968400000,0.094
1215972000000,0.085
1215975600000,0.055
1215979200000,0.033
1215982800000,0.033
1215986400000,0.038
1215990000000,0.039
1215993600000,0.049
1215997200000,0.068
1216000800000,0.09
1216004400000,0.114
1216008000000,0.129
1216011600000,0.13
1216015200000,0.124
1216018800000,0.114
1216022400000,0.108
1216026000000,0.099
1216029600000,0.099
1216033200000,0.093
1216036800000,0.081
1216040400000,0.063
1216044000000,0.054
1216047600000,0.054
1216051200000,0.058
1216054800000,0.064
1216058400000,0.08
1216062000000,0.1
1216065600000,0.12
1216069200000,0.133
1216072800000,0.125
1216076400000,0.099
1216080000000,0.101
1216083600000,0.092
1216087200000,0.084
1216090800000,0.088
1216094400000,0.105
1216098000000,0.12
1216101600000,0.126
1216105200000,0.124
1216108800000,0.124
1216112400000,0.127
1216116000000,0.149
1216119600000,0.167
1216123200000,0.178
1216126800000,0.185
1216130400000,0.201
1216134000000,0.218
1216137600000,0.225
1216141200000,0.218
1216144800000,0.201
1216148400000,0.2
1216152000000,0.204
1216155600000,0.171
1216159200000,0.149
1216162800000,0.144
1216166400000,0.179
1216170000000,0.205
1216173600000,0.231
1216177200000,0.238
1216180800000,0.217
1216184400000,0.184
1216188000000,0.153
1216191600000,0.119
1216195200000,0.101
1216198800000,0.115
1216202400000,0.16
1216206000000,0.196
1216209600000,0.23
1216213200000,0.253
1216216800000,0.267
1216220400000,0.267
1216224000000,0.247
1216227600000,0.204
1216231200000,0.178
1216234800000,0.164
1216238400000,0.139
1216242000000,0.126
1216245600000,0.128
1216249200000,0.101
1216252800000,0.092
1216256400000,0.088
1216260000000,0.072
1216263600000,0.067
1216267200000,0.068
1216270800000,0.072
1216274400000,0.073
1216278000000,0.074
1216281600000,0.084
1216285200000,0.087
1216288800000,0.102
1216292400000,0.119
1216296000000,0.122
1216299600000,0.093
1216303200000,0.074
1216306800000,0.079
1216310400000,0.078
1216314000000,0.066
1216317600000,0.047
1216321200000,0.029
1216324800000,0.014
1216328400000,0.003
1216332000000,0.0
1216335600000,0.0
1216339200000,0.0
1216342800000,0.0
1216346400000,0.0
1216350000000,0.0
1216353600000,0.0
1216357200000,0.0
1216360800000,0.001
1216364400000,0.005
1216368000000,0.016
1216371600000,0.028
1216375200000,0.037
1216378800000,0.041
1216382400000,0.045
1216386000000,0.054
1216389600000,0.074
1216393200000,0.102
1216396800000,0.136
1216400400000,0.171
1216404000000,0.184
1216407600000,0.185
1216411200000,0.17
1216414800000,0.16
1216418400000,0.14
1216422000000,0.118
1216425600000,0.093
1216429200000,0.05
1216432800000,0.023
1216436400000,0.008
1216440000000,0.002
1216443600000,0.001
1216447200000,0.002
1216450800000,0.004
1216454400000,0.011
1216458000000,0.022
1216461600000,0.025
1216465200000,0.021
1216468800000,0.016
1216472400000,0.008
1216476000000,0.005
1216479600000,0.01
1216483200000,0.028
1216486800000,0.063
1216490400000,0.086
1216494000000,0.086
1216497600000,0.093
1216501200000,0.107
1216504800000,0.101
1216508400000,0.084
1216512000000,0.094
1216515600000,0.103
1216519200000,0.116
1216522800000,0.115
1216526400000,0.108
1216530000000,0.112
1216533600000,0.132
1216537200000,0.143
1216540800000,0.13
1216544400000,0.117
1216548000000,0.131
1216551600000,0.134
1216555200000,0.16
1216558800000,0.077
1216562400000,0.005
1216566000000,0.002
1216569600000,0.001
1216573200000,0.003
1216576800000,0.005
1216580400000,0.004
1216584000000,0.004
1216587600000,0.006
1216591200000,0.009
1216594800000,0.01
1216598400000,0.01
1216602000000,0.013
1216605600000,0.015
1216609200000,0.018
1216612800000,0.022
1216616400000,0.03
1216620000000,0.041
1216623600000,0.046
1216627200000,0.05
1216630800000,0.059
1216634400000,0.075
1216638000000,0.086
1216641600000,0.097
1216645200000,0.101
1216648800000,0.108
1216652400000,0.121
1216656000000,0.139
1216659600000,0.147
1216663200000,0.145
1216666800000,0.142
1216670400000,0.138
1216674000000,0.14
1216677600000,0.134
1216681200000,0.106
1216684800000,0.098
1216688400000,0.084
1216692000000,0.073
1216695600000,0.068
1216699200000,0.065
1216702800000,0.064
1216706400000,0.064
1216710000000,0.063
1216713600000,0.061
1216717200000,0.07
1216720800000,0.092
1216724400000,0.112
1216728000000,0.133
1216731600000,0.132
1216735200000,0.104
1216738800000,0.084
1216742400000,0.083
1216746000000,0.076
1216749600000,0.062
1216753200000,0.049
1216756800000,0.036
1216760400000,0.027
1216764000000,0.02
1216767600000,0.024
1216771200000,0.028
1216774800000,0.028
1216778400000,0.033
1216782000000,0.045
1216785600000,0.059
1216789200000,0.071
1216792800000,0.083
1216796400000,0.085
1216800000000,0.081
1216803600000,0.092
1216807200000,0.125
1216810800000,0.146
1216814400000,0.156
1216818000000,0.146
1216821600000,0.124
1216825200000,0.096
1216828800000,0.054
1216832400000,0.021
1216836000000,0.007
1216839600000,0.001
1216843200000,0.0
1216846800000,0.0
1216850400000,0.0
1216854000000,0.0
1216857600000,0.001
1216861200000,0.005
1216864800000,0.01
1216868400000,0.02
1216872000000,0.035
1216875600000,0.051
1216879200000,0.062
1216882800000,0.072
1216886400000,0.088
1216890000000,0.084
1216893600000,0.07
1216897200000,0.061
1216900800000,0.058
1216904400000,0.055
1216908000000,0.054
1216911600000,0.051
1216915200000,0.042
1216918800000,0.033
1216922400000,0.02
1216926000000,0.013
1216929600000,0.009
1216933200000,0.012
1216936800000,0.015
1216940400000,0.016
1216944000000,0.015
1216947600000,0.014
1216951200000,0.016
1216954800000,0.022
1216958400000,0.033
1216962000000,0.046
1216965600000,0.054
1216969200000,0.053
1216972800000,0.047
1216976400000,0.036
1216980000000,0.03
1216983600000,0.035
1216987200000,0.046
1216990800000,0.058
1216994400000,0.054
1216998000000,0.061
1217001600000,0.081
1217005200000,0.106
1217008800000,0.123
1217012400000,0.115
1217016000000,0.073
1217019600000,0.02
1217023200000,0.004
1217026800000,0.008
1217030400000,0.013
1217034000000,0.013
1217037600000,0.012
1217041200000,0.014
1217044800000,0.018
1217048400000,0.025
1217052000000,0.036
1217055600000,0.052
1217059200000,0.065
1217062800000,0.068
1217066400000,0.06
1217070000000,0.046
1217073600000,0.038
1217077200000,0.042
1217080800000,0.048
1217084400000,0.043
1217088000000,0.029
1217091600000,0.018
1217095200000,0.013
1217098800000,0.011
1217102400000,0.011
1217106000000,0.012
1217109600000,0.013
1217113200000,0.012
1217116800000,0.012
1217120400000,0.013
1217124000000,0.017
1217127600000,0.022
1217131200000,0.028
1217134800000,0.035
1217138400000,0.045
1217142000000,0.046
1217145600000,0.049
1217149200000,0.061
1217152800000,0.067
1217156400000,0.064
1217160000000,0.056
1217163600000,0.048
1217167200000,0.039
1217170800000,0.028
1217174400000,0.018
1217178000000,0.015
1217181600000,0.023
1217185200000,0.041
1217188800000,0.056
1217192400000,0.06
1217196000000,0.058
1217199600000,0.055
1217203200000,0.071
1217206800000,0.089
1217210400000,0.111
1217214000000,0.107
1217217600000,0.094
1217221200000,0.083
1217224800000,0.082
1217228400000,0.089
1217232000000,0.103
1217235600000,0.113
1217239200000,0.124
1217242800000,0.132
1217246400000,0.136
1217250000000,0.118
1217253600000,0.086
1217257200000,0.051
1217260800000,0.028
1217264400000,0.019
1217268000000,0.026
1217271600000,0.036
1217275200000,0.035
1217278800000,0.037
1217282400000,0.038
1217286000000,0.036
1217289600000,0.038
1217293200000,0.043
1217296800000,0.045
1217300400000,0.038
1217304000000,0.03
1217307600000,0.023
1217311200000,0.019
1217314800000,0.017
1217318400000,0.018
1217322000000,0.028
1217325600000,0.044
1217329200000,0.052
1217332800000,0.058
1217336400000,0.064
1217340000000,0.068
1217343600000,0.074
1217347200000,0.086
1217350800000,0.103
1217354400000,0.112
1217358000000,0.109
1217361600000,0.097
1217365200000,0.076
1217368800000,0.051
1217372400000,0.038
1217376000000,0.032
1217379600000,0.027
1217383200000,0.034
1217386800000,0.05
1217390400000,0.062
1217394000000,0.064
1217397600000,0.069
1217401200000,0.079
1217404800000,0.085
1217408400000,0.101
1217412000000,0.124
1217415600000,0.153
1217419200000,0.172
1217422800000,0.177
1217426400000,0.184
1217430000000,0.187
1217433600000,0.192
1217437200000,0.193
1217440800000,0.191
1217444400000,0.184
1217448000000,0.17
1217451600000,0.153
1217455200000,0.119
1217458800000,0.094
1217462400000,0.087
1217466000000,0.071
1217469600000,0.055
1217473200000,0.059
1217476800000,0.079
1217480400000,0.101
1217484000000,0.121
1217487600000,0.136
1217491200000,0.13
1217494800000,0.101
1217498400000,0.1
1217502000000,0.112
1217505600000,0.131
1217509200000,0.148
1217512800000,0.16
1217516400000,0.17
1217520000000,0.168
1217523600000,0.146
1217527200000,0.11
1217530800000,0.081
1217534400000,0.074
1217538000000,0.075
1217541600000,0.071
1217545200000,0.068
1217548800000,0.069
1217552400000,0.071
1217556000000,0.088
1217559600000,0.095
1217563200000,0.101
1217566800000,0.111
1217570400000,0.117
1217574000000,0.101
1217577600000,0.071
1217581200000,0.053
1217584800000,0.04
1217588400000,0.037
1217592000000,0.042
1217595600000,0.048
1217599200000,0.052
1217602800000,0.062
1217606400000,0.075
1217610000000,0.083
1217613600000,0.083
1217617200000,0.087
1217620800000,0.094
1217624400000,0.104
1217628000000,0.093
1217631600000,0.082
1217635200000,0.073
1217638800000,0.082
1217642400000,0.1
1217646000000,0.11
1217649600000,0.11
1217653200000,0.102
1217656800000,0.088
1217660400000,0.073
1217664000000,0.061
1217667600000,0.057
1217671200000,0.057
1217674800000,0.058
1217678400000,0.064
1217682000000,0.072
1217685600000,0.085
1217689200000,0.1
1217692800000,0.118
1217696400000,0.131
1217700000000,0.133
1217703600000,0.133
1217707200000,0.132
1217710800000,0.136
1217714400000,0.126
1217718000000,0.13
1217721600000,0.152
1217725200000,0.154
1217728800000,0.151
1217732400000,0.153
1217736000000,0.154
1217739600000,0.144
1217743200000,0.14
1217746800000,0.139
1217750400000,0.14
1217754000000,0.153
1217757600000,0.188
1217761200000,0.192
1217764800000,0.179
1217768400000,0.157
1217772000000,0.138
1217775600000,0.127
1217779200000,0.114
1217782800000,0.101
1217786400000,0.103
1217790000000,0.128
1217793600000,0.167
1217797200000,0.207
1217800800000,0.202
1217804400000,0.17
1217808000000,0.142
1217811600000,0.118
1217815200000,0.106
1217818800000,0.099
1217822400000,0.094
1217826000000,0.089
1217829600000,0.083
1217833200000,0.076
1217836800000,0.076
1217840400000,0.074
1217844000000,0.068
1217847600000,0.062
1217851200000,0.055
1217854800000,0.046
1217858400000,0.032
1217862000000,0.025
1217865600000,0.026
1217869200000,0.037
1217872800000,0.052
1217876400000,0.065
1217880000000,0.082
1217883600000,0.091
1217887200000,0.087
1217890800000,0.075
1217894400000,0.066
1217898000000,0.054
1217901600000,0.05
1217905200000,0.034
1217908800000,0.021
1217912400000,0.012
1217916000000,0.008
1217919600000,0.008
1217923200000,0.013
1217926800000,0.032
1217930400000,0.075
1217934000000,0.112
1217937600000,0.148
1217941200000,0.195
1217944800000,0.244
1217948400000,0.245
1217952000000,0.213
1217955600000,0.195
1217959200000,0.213
1217962800000,0.253
1217966400000,0.291
1217970000000,0.289
1217973600000,0.249
1217977200000,0.215
1217980800000,0.231
1217984400000,0.211
1217988000000,0.157
1217991600000,0.114
1217995200000,0.088
1217998800000,0.071
1218002400000,0.061
1218006000000,0.052
1218009600000,0.042
1218013200000,0.042
1218016800000,0.084
1218020400000,0.136
1218024000000,0.144
1218027600000,0.162
1218031200000,0.187
1218034800000,0.182
1218038400000,0.169
1218042000000,0.153
1218045600000,0.151
1218049200000,0.155
1218052800000,0.155
1218056400000,0.154
1218060000000,0.146
1218063600000,0.132
1218067200000,0.14
1218070800000,0.134
1218074400000,0.118
1218078000000,0.108
1218081600000,0.104
1218085200000,0.097
1218088800000,0.093
1218092400000,0.082
1218096000000,0.071
1218099600000,0.063
1218103200000,0.068
1218106800000,0.082
1218110400000,0.105
1218114000000,0.13
1218117600000,0.132
1218121200000,0.105
1218124800000,0.086
1218128400000,0.105
1218132000000,0.12
1218135600000,0.144
1218139200000,0.163
1218142800000,0.165
1218146400000,0.145
1218150000000,0.108
1218153600000,0.11
1218157200000,0.105
1218160800000,0.095
1218164400000,0.076
1218168000000,0.053
1218171600000,0.035
1218175200000,0.023
1218178800000,0.018
1218182400000,0.019
1218186000000,0.024
1218189600000,0.033
1218193200000,0.039
1218196800000,0.041
1218200400000,0.031
1218204000000,0.022
1218207600000,0.014
1218211200000,0.009
1218214800000,0.008
1218218400000,0.007
1218222000000,0.012
1218225600000,0.02
1218229200000,0.026
1218232800000,0.03
1218236400000,0.028
1218240000000,0.032
1218243600000,0.034
1218247200000,0.032
1218250800000,0.032
1218254400000,0.031
1218258000000,0.031
1218261600000,0.035
1218265200000,0.042
1218268800000,0.054
1218272400000,0.071
1218276000000,0.096
1218279600000,0.112
1218283200000,0.133
1218286800000,0.144
1218290400000,0.141
1218294000000,0.138
1218297600000,0.131
1218301200000,0.109
1218304800000,0.078
1218308400000,0.061
1218312000000,0.053
1218315600000,0.055
1218319200000,0.065
1218322800000,0.076
1218326400000,0.092
1218330000000,0.104
1218333600000,0.112
1218337200000,0.106
1218340800000,0.098
1218344400000,0.1
1218348000000,0.104
1218351600000,0.101
1218355200000,0.097
1218358800000,0.101
1218362400000,0.12
1218366000000,0.134
1218369600000,0.148
1218373200000,0.17
1218376800000,0.194
1218380400000,0.192
1218384000000,0.184
1218387600000,0.177
1218391200000,0.168
1218394800000,0.174
1218398400000,0.183
1218402000000,0.183
1218405600000,0.157
1218409200000,0.147
1218412800000,0.148
1218416400000,0.139
1218420000000,0.125
1218423600000,0.121
1218427200000,0.116
1218430800000,0.107
1218434400000,0.097
1218438000000,0.09
1218441600000,0.084
1218445200000,0.083
1218448800000,0.084
1218452400000,0.076
1218456000000,0.065
1218459600000,0.054
1218463200000,0.046
1218466800000,0.037
1218470400000,0.026
1218474000000,0.017
1218477600000,0.012
1218481200000,0.011
1218484800000,0.011
1218488400000,0.02
1218492000000,0.034
1218495600000,0.045
1218499200000,0.068
1218502800000,0.091
1218506400000,0.116
1218510000000,0.128
1218513600000,0.14
1218517200000,0.163
1218520800000,0.185
1218524400000,0.188
1218528000000,0.176
1218531600000,0.191
1218535200000,0.23
1218538800000,0.227
1218542400000,0.218
1218546000000,0.238
1218549600000,0.249
1218553200000,0.259
1218556800000,0.249
1218560400000,0.225
1218564000000,0.192
1218567600000,0.14
1218571200000,0.088
1218574800000,0.049
1218578400000,0.027
1218582000000,0.015
1218585600000,0.02
1218589200000,0.026
1218592800000,0.032
1218596400000,0.039
1218600000000,0.045
1218603600000,0.053
1218607200000,0.055
1218610800000,0.047
1218614400000,0.04
1218618000000,0.045
1218621600000,0.055
1218625200000,0.062
1218628800000,0.074
1218632400000,0.093
1218636000000,0.117
1218639600000,0.117
1218643200000,0.108
1218646800000,0.1
1218650400000,0.088
1218654000000,0.078
1218657600000,0.059
1218661200000,0.043
1218664800000,0.032
1218668400000,0.037
1218672000000,0.064
1218675600000,0.106
1218679200000,0.153
1218682800000,0.178
1218686400000,0.183
1218690000000,0.18
1218693600000,0.171
1218697200000,0.146
1218700800000,0.108
1218704400000,0.082
1218708000000,0.068
1218711600000,0.054
1218715200000,0.05
1218718800000,0.053
1218722400000,0.053
1218726000000,0.06
1218729600000,0.067
1218733200000,0.075
1218736800000,0.086
1218740400000,0.093
1218744000000,0.095
1218747600000,0.093
1218751200000,0.087
1218754800000,0.086
1218758400000,0.101
1218762000000,0.112
1218765600000,0.124
1218769200000,0.145
1218772800000,0.172
1218776400000,0.22
1218780000000,0.235
1218783600000,0.199
1218787200000,0.157
1218790800000,0.123
1218794400000,0.101
1218798000000,0.093
1218801600000,0.095
1218805200000,0.101
1218808800000,0.111
1218812400000,0.118
1218816000000,0.118
1218819600000,0.112
1218823200000,0.098
1218826800000,0.096
1218830400000,0.104
1218834000000,0.118
1218837600000,0.118
1218841200000,0.112
1218844800000,0.143
1218848400000,0.167
1218852000000,0.186
1218855600000,0.189
1218859200000,0.184
1218862800000,0.179
1218866400000,0.174
1218870000000,0.161
1218873600000,0.142
1218877200000,0.144
1218880800000,0.172
1218884400000,0.194
1218888000000,0.201
1218891600000,0.196
1218895200000,0.192
1218898800000,0.171
1218902400000,0.146
1218906000000,0.128
1218909600000,0.113
1218913200000,0.101
1218916800000,0.09
1218920400000,0.082
1218924000000,0.064
1218927600000,0.054
1218931200000,0.045
1218934800000,0.036
1218938400000,0.028
1218942000000,0.02
1218945600000,0.015
1218949200000,0.011
1218952800000,0.01
1218956400000,0.008
1218960000000,0.006
1218963600000,0.004
1218967200000,0.002
1218970800000,0.001
1218974400000,0.001
1218978000000,0.0
1218981600000,0.0
1218985200000,0.0
1218988800000,0.0
1218992400000,0.0
1218996000000,0.0
1218999600000,0.0
1219003200000,0.001
1219006800000,0.002
1219010400000,0.005
1219014000000,0.01
1219017600000,0.017
1219021200000,0.024
1219024800000,0.028
1219028400000,0.029
1219032000000,0.023
1219035600000,0.015
1219039200000,0.014
1219042800000,0.016
1219046400000,0.018
1219050000000,0.016
1219053600000,0.011
1219057200000,0.007
1219060800000,0.005
1219064400000,0.006
1219068000000,0.008
1219071600000,0.01
1219075200000,0.01
1219078800000,0.008
1219082400000,0.004
1219086000000,0.002
1219089600000,0.001
1219093200000,0.001
1219096800000,0.003
1219100400000,0.003
1219104000000,0.005
1219107600000,0.009
1219111200000,0.018
1219114800000,0.03
1219118400000,0.043
1219122000000,0.052
1219125600000,0.057
1219129200000,0.057
1219132800000,0.09
1219136400000,0.125
1219140000000,0.167
1219143600000,0.188
1219147200000,0.191
1219150800000,0.169
1219154400000,0.141
1219158000000,0.122
1219161600000,0.102
1219165200000,0.085
1219168800000,0.077
1219172400000,0.071
1219176000000,0.067
1219179600000,0.065
1219183200000,0.063
1219186800000,0.06
1219190400000,0.069
1219194000000,0.076
1219197600000,0.082
1219201200000,0.086
1219204800000,0.08
1219208400000,0.064
1219212000000,0.051
1219215600000,0.043
1219219200000,0.042
1219222800000,0.051
1219226400000,0.064
1219230000000,0.068
1219233600000,0.067
1219237200000,0.075
1219240800000,0.082
1219244400000,0.081
1219248000000,0.078
1219251600000,0.076
1219255200000,0.085
1219258800000,0.105
1219262400000,0.132
1219266000000,0.157
1219269600000,0.174
1219273200000,0.175
1219276800000,0.196
1219280400000,0.199
1219284000000,0.185
1219287600000,0.167
1219291200000,0.159
1219294800000,0.158
1219298400000,0.149
1219302000000,0.139
1219305600000,0.128
1219309200000,0.123
1219312800000,0.13
1219316400000,0.128
1219320000000,0.118
1219323600000,0.101
1219327200000,0.082
1219330800000,0.063
1219334400000,0.048
1219338000000,0.042
1219341600000,0.037
1219345200000,0.032
1219348800000,0.035
1219352400000,0.05
1219356000000,0.064
1219359600000,0.072
1219363200000,0.091
1219366800000,0.093
1219370400000,0.064
1219374000000,0.03
1219377600000,0.007
1219381200000,0.001
1219384800000,0.001
1219388400000,0.003
1219392000000,0.006
1219395600000,0.005
1219399200000,0.002
1219402800000,0.002
1219406400000,0.004
1219410000000,0.006
1219413600000,0.01
1219417200000,0.009
1219420800000,0.005
1219424400000,0.003
1219428000000,0.003
1219431600000,0.005
1219435200000,0.009
1219438800000,0.015
1219442400000,0.019
1219446000000,0.015
1219449600000,0.008
1219453200000,0.002
1219456800000,0.0
1219460400000,0.0
1219464000000,0.0
1219467600000,0.0
1219471200000,0.0
1219474800000,0.0
1219478400000,0.0
1219482000000,0.0
1219485600000,0.0
1219489200000,0.0
1219492800000,0.0
1219496400000,0.0
1219500000000,0.0
1219503600000,0.0
1219507200000,0.001
1219510800000,0.002
1219514400000,0.003
1219518000000,0.002
1219521600000,0.001
1219525200000,0.001
1219528800000,0.001
1219532400000,0.005
1219536000000,0.016
1219539600000,0.047
1219543200000,0.096
1219546800000,0.13
1219550400000,0.137
1219554000000,0.135
1219557600000,0.121
1219561200000,0.099
1219564800000,0.073
1219568400000,0.058
1219572000000,0.054
1219575600000,0.045
1219579200000,0.028
1219582800000,0.017
1219586400000,0.013
1219590000000,0.018
1219593600000,0.034
1219597200000,0.068
1219600800000,0.103
1219604400000,0.105
1219608000000,0.069
1219611600000,0.039
1219615200000,0.024
1219618800000,0.006
1219622400000,0.001
1219626000000,0.0
1219629600000,0.0
1219633200000,0.0
1219636800000,0.0
1219640400000,0.0
1219644000000,0.0
1219647600000,0.0
1219651200000,0.0
1219654800000,0.0
1219658400000,0.0
1219662000000,0.0
1219665600000,0.0
1219669200000,0.0
1219672800000,0.001
1219676400000,0.009
1219680000000,0.037
1219683600000,0.072
1219687200000,0.111
1219690800000,0.144
1219694400000,0.168
1219698000000,0.174
1219701600000,0.143
1219705200000,0.111
1219708800000,0.089
1219712400000,0.061
1219716000000,0.042
1219719600000,0.034
1219723200000,0.025
1219726800000,0.018
1219730400000,0.011
1219734000000,0.006
1219737600000,0.003
1219741200000,0.002
1219744800000,0.002
1219748400000,0.002
1219752000000,0.002
1219755600000,0.003
1219759200000,0.005
1219762800000,0.005
1219766400000,0.004
1219770000000,0.004
1219773600000,0.005
1219777200000,0.007
1219780800000,0.009
1219784400000,0.013
1219788000000,0.019
1219791600000,0.024
1219795200000,0.028
1219798800000,0.024
1219802400000,0.016
1219806000000,0.007
1219809600000,0.002
1219813200000,0.001
1219816800000,0.001
1219820400000,0.001
1219824000000,0.002
1219827600000,0.005
1219831200000,0.022
1219834800000,0.051
1219838400000,0.074
1219842000000,0.092
1219845600000,0.098
1219849200000,0.084
1219852800000,0.065
1219856400000,0.048
1219860000000,0.038
1219863600000,0.031
1219867200000,0.027
1219870800000,0.023
1219874400000,0.017
1219878000000,0.025
1219881600000,0.045
1219885200000,0.055
1219888800000,0.064
1219892400000,0.059
1219896000000,0.046
1219899600000,0.031
1219903200000,0.019
1219906800000,0.011
1219910400000,0.011
1219914000000,0.013
1219917600000,0.013
1219921200000,0.017
1219924800000,0.026
1219928400000,0.043
1219932000000,0.061
1219935600000,0.059
1219939200000,0.057
1219942800000,0.063
1219946400000,0.063
1219950000000,0.057
1219953600000,0.049
1219957200000,0.048
1219960800000,0.041
1219964400000,0.055
1219968000000,0.071
1219971600000,0.054
1219975200000,0.036
1219978800000,0.017
1219982400000,0.005
1219986000000,0.001
1219989600000,0.0
1219993200000,0.0
1219996800000,0.0
1220000400000,0.0
1220004000000,0.0
1220007600000,0.0
1220011200000,0.0
1220014800000,0.0
1220018400000,0.0
1220022000000,0.0
1220025600000,0.002
1220029200000,0.007
1220032800000,0.016
1220036400000,0.028
1220040000000,0.04
1220043600000,0.045
1220047200000,0.036
1220050800000,0.02
1220054400000,0.019
1220058000000,0.017
1220061600000,0.008
1220065200000,0.003
1220068800000,0.001
1220072400000,0.0
1220076000000,0.0
1220079600000,0.0
1220083200000,0.0
1220086800000,0.0
1220090400000,0.0
1220094000000,0.0
1220097600000,0.0
1220101200000,0.0
1220104800000,0.001
1220108400000,0.0
1220112000000,0.0
1220115600000,0.0
1220119200000,0.0
1220122800000,0.0
1220126400000,0.0
1220130000000,0.0
1220133600000,0.0
1220137200000,0.0
1220140800000,0.002
1220144400000,0.004
1220148000000,0.006
1220151600000,0.008
1220155200000,0.009
1220158800000,0.011
1220162400000,0.014
1220166000000,0.017
1220169600000,0.022
1220173200000,0.035
1220176800000,0.051
1220180400000,0.057
1220184000000,0.055
1220187600000,0.054
1220191200000,0.052
1220194800000,0.039
1220198400000,0.022
1220202000000,0.012
1220205600000,0.006
1220209200000,0.002
1220212800000,0.0
1220216400000,0.0
1220220000000,0.0
1220223600000,0.0
1220227200000,0.0
1220230800000,0.0
1220234400000,0.0
1220238000000,0.0
1220241600000,0.0
1220245200000,0.002
1220248800000,0.01
1220252400000,0.025
1220256000000,0.038
1220259600000,0.047
1220263200000,0.059
1220266800000,0.083
1220270400000,0.124
1220274000000,0.134
1220277600000,0.122
1220281200000,0.101
1220284800000,0.08
1220288400000,0.068
1220292000000,0.057
1220295600000,0.054
1220299200000,0.064
1220302800000,0.078
1220306400000,0.081
1220310000000,0.08
1220313600000,0.1
1220317200000,0.117
1220320800000,0.132
1220324400000,0.14
1220328000000,0.131
1220331600000,0.12
1220335200000,0.109
1220338800000,0.092
1220342400000,0.072
1220346000000,0.056
1220349600000,0.046
1220353200000,0.037
1220356800000,0.025
1220360400000,0.015
1220364000000,0.008
1220367600000,0.004
1220371200000,0.002
1220374800000,0.001
1220378400000,0.002
1220382000000,0.002
1220385600000,0.004
1220389200000,0.009
1220392800000,0.017
1220396400000,0.024
1220400000000,0.036
1220403600000,0.036
1220407200000,0.028
1220410800000,0.016
1220414400000,0.008
1220418000000,0.004
1220421600000,0.002
1220425200000,0.001
1220428800000,0.0
1220432400000,0.0
1220436000000,0.0
1220439600000,0.0
1220443200000,0.001
1220446800000,0.003
1220450400000,0.01
1220454000000,0.026
1220457600000,0.047
1220461200000,0.069
1220464800000,0.097
1220468400000,0.126
1220472000000,0.145
1220475600000,0.162
1220479200000,0.133
1220482800000,0.094
1220486400000,0.077
1220490000000,0.051
1220493600000,0.032
1220497200000,0.027
1220500800000,0.027
1220504400000,0.025
1220508000000,0.018
1220511600000,0.013
1220515200000,0.015
1220518800000,0.018
1220522400000,0.027
1220526000000,0.041
1220529600000,0.058
1220533200000,0.068
1220536800000,0.059
1220540400000,0.054
1220544000000,0.044
1220547600000,0.032
1220551200000,0.028
1220554800000,0.036
1220558400000,0.055
1220562000000,0.089
1220565600000,0.119
1220569200000,0.128
1220572800000,0.146
1220576400000,0.13
1220580000000,0.103
1220583600000,0.075
1220587200000,0.06
1220590800000,0.053
1220594400000,0.046
1220598000000,0.047
1220601600000,0.052
1220605200000,0.05
1220608800000,0.046
1220612400000,0.039
1220616000000,0.029
1220619600000,0.017
1220623200000,0.008
1220626800000,0.007
1220630400000,0.012
1220634000000,0.025
1220637600000,0.038
1220641200000,0.051
1220644800000,0.064
1220648400000,0.083
1220652000000,0.1
1220655600000,0.094
1220659200000,0.107
1220662800000,0.12
1220666400000,0.142
1220670000000,0.147
1220673600000,0.133
1220677200000,0.118
1220680800000,0.101
1220684400000,0.09
1220688000000,0.083
1220691600000,0.083
1220695200000,0.101
1220698800000,0.096
1220702400000,0.065
1220706000000,0.044
1220709600000,0.042
1220713200000,0.046
1220716800000,0.054
1220720400000,0.063
1220724000000,0.072
1220727600000,0.077
1220731200000,0.083
1220734800000,0.082
1220738400000,0.073
1220742000000,0.051
1220745600000,0.041
1220749200000,0.032
1220752800000,0.022
1220756400000,0.012
1220760000000,0.008
1220763600000,0.006
1220767200000,0.004
1220770800000,0.002
1220774400000,0.001
1220778000000,0.0
1220781600000,0.0
1220785200000,0.0
1220788800000,0.0
1220792400000,0.0
1220796000000,0.0
1220799600000,0.001
1220803200000,0.003
1220806800000,0.007
1220810400000,0.012
1220814000000,0.015
1220817600000,0.02
1220821200000,0.031
1220824800000,0.039
1220828400000,0.033
1220832000000,0.039
1220835600000,0.044
1220839200000,0.042
1220842800000,0.048
1220846400000,0.058
1220850000000,0.065
1220853600000,0.065
1220857200000,0.063
1220860800000,0.059
1220864400000,0.052
1220868000000,0.05
1220871600000,0.058
1220875200000,0.071
1220878800000,0.094
1220882400000,0.127
1220886000000,0.171
1220889600000,0.209
1220893200000,0.233
1220896800000,0.228
1220900400000,0.144
1220904000000,0.044
1220907600000,0.019
1220911200000,0.01
1220914800000,0.005
1220918400000,0.004
1220922000000,0.002
1220925600000,0.001
1220929200000,0.001
1220932800000,0.001
1220936400000,0.002
1220940000000,0.002
1220943600000,0.003
1220947200000,0.005
1220950800000,0.008
1220954400000,0.011
1220958000000,0.009
1220961600000,0.009
1220965200000,0.015
1220968800000,0.018
1220972400000,0.015
1220976000000,0.01
1220979600000,0.004
1220983200000,0.001
1220986800000,0.0
1220990400000,0.0
1220994000000,0.0
1220997600000,0.002
1221001200000,0.002
1221004800000,0.004
1221008400000,0.005
1221012000000,0.005
1221015600000,0.002
1221019200000,0.001
1221022800000,0.0
1221026400000,0.0
1221030000000,0.0
1221033600000,0.001
1221037200000,0.002
1221040800000,0.006
1221044400000,0.009
1221048000000,0.012
1221051600000,0.017
1221055200000,0.024
1221058800000,0.036
1221062400000,0.05
1221066000000,0.054
1221069600000,0.046
1221073200000,0.037
1221076800000,0.034
1221080400000,0.03
1221084000000,0.031
1221087600000,0.025
1221091200000,0.027
1221094800000,0.033
1221098400000,0.037
1221102000000,0.045
1221105600000,0.053
1221109200000,0.055
1221112800000,0.053
1221116400000,0.048
1221120000000,0.045
1221123600000,0.048
1221127200000,0.058
1221130800000,0.06
1221134400000,0.054
1221138000000,0.045
1221141600000,0.041
1221145200000,0.035
1221148800000,0.025
1221152400000,0.013
1221156000000,0.005
1221159600000,0.001
1221163200000,0.0
1221166800000,0.0
1221170400000,0.002
1221174000000,0.006
1221177600000,0.013
1221181200000,0.027
1221184800000,0.054
1221188400000,0.047
1221192000000,0.027
1221195600000,0.025
1221199200000,0.025
1221202800000,0.024
1221206400000,0.028
1221210000000,0.036
1221213600000,0.046
1221217200000,0.051
1221220800000,0.049
1221224400000,0.045
1221228000000,0.042
1221231600000,0.036
1221235200000,0.027
1221238800000,0.022
1221242400000,0.017
1221246000000,0.009
1221249600000,0.003
1221253200000,0.001
1221256800000,0.0
1221260400000,0.0
1221264000000,0.002
1221267600000,0.005
1221271200000,0.007
1221274800000,0.009
1221278400000,0.013
1221282000000,0.017
1221285600000,0.021
1221289200000,0.028
1221292800000,0.037
1221296400000,0.033
1221300000000,0.024
1221303600000,0.015
1221307200000,0.01
1221310800000,0.008
1221314400000,0.008
1221318000000,0.009
1221321600000,0.009
1221325200000,0.008
1221328800000,0.008
1221332400000,0.008
1221336000000,0.007
1221339600000,0.006
1221343200000,0.006
1221346800000,0.003
1221350400000,0.003
1221354000000,0.002
1221357600000,0.002
1221361200000,0.002
1221364800000,0.002
1221368400000,0.001
1221372000000,0.001
1221375600000,0.001
1221379200000,0.001
1221382800000,0.003
1221386400000,0.009
1221390000000,0.017
1221393600000,0.025
1221397200000,0.033
1221400800000,0.043
1221404400000,0.059
1221408000000,0.076
1221411600000,0.083
1221415200000,0.082
1221418800000,0.064
1221422400000,0.053
1221426000000,0.041
1221429600000,0.03
1221433200000,0.018
1221436800000,0.009
1221440400000,0.004
1221444000000,0.001
1221447600000,0.001
1221451200000,0.001
1221454800000,0.002
1221458400000,0.005
1221462000000,0.016
1221465600000,0.032
1221469200000,0.049
1221472800000,0.054
1221476400000,0.032
1221480000000,0.012
1221483600000,0.005
1221487200000,0.005
1221490800000,0.011
1221494400000,0.012
1221498000000,0.008
1221501600000,0.005
1221505200000,0.004
1221508800000,0.002
1221512400000,0.002
1221516000000,0.002
1221519600000,0.004
1221523200000,0.011
1221526800000,0.017
1221530400000,0.025
1221534000000,0.027
1221537600000,0.026
1221541200000,0.023
1221544800000,0.02
1221548400000,0.017
1221552000000,0.014
1221555600000,0.016
1221559200000,0.023
1221562800000,0.032
1221566400000,0.05
1221570000000,0.074
1221573600000,0.096
1221577200000,0.101
1221580800000,0.078
1221584400000,0.048
1221588000000,0.025
1221591600000,0.014
1221595200000,0.011
1221598800000,0.013
1221602400000,0.017
1221606000000,0.027
1221609600000,0.039
1221613200000,0.05
1221616800000,0.068
1221620400000,0.099
1221624000000,0.155
1221627600000,0.236
1221631200000,0.308
1221634800000,0.303
1221638400000,0.251
1221642000000,0.233
1221645600000,0.272
1221649200000,0.286
1221652800000,0.278
1221656400000,0.251
1221660000000,0.227
1221663600000,0.211
1221667200000,0.185
1221670800000,0.163
1221674400000,0.153
1221678000000,0.169
1221681600000,0.194
1221685200000,0.171
1221688800000,0.139
1221692400000,0.133
1221696000000,0.164
1221699600000,0.199
1221703200000,0.195
1221706800000,0.179
1221710400000,0.175
1221714000000,0.168
1221717600000,0.148
1221721200000,0.108
1221724800000,0.073
1221728400000,0.07
1221732000000,0.081
1221735600000,0.073
1221739200000,0.067
1221742800000,0.089
1221746400000,0.15
1221750000000,0.223
1221753600000,0.254
1221757200000,0.259
1221760800000,0.271
1221764400000,0.228
1221768000000,0.206
1221771600000,0.144
1221775200000,0.082
1221778800000,0.054
1221782400000,0.037
1221786000000,0.027
1221789600000,0.024
1221793200000,0.03
1221796800000,0.041
1221800400000,0.053
1221804000000,0.059
1221807600000,0.058
1221811200000,0.054
1221814800000,0.048
1221818400000,0.045
1221822000000,0.042
1221825600000,0.042
1221829200000,0.046
1221832800000,0.058
1221836400000,0.084
1221840000000,0.124
1221843600000,0.169
1221847200000,0.193
1221850800000,0.192
1221854400000,0.189
1221858000000,0.186
1221861600000,0.181
1221865200000,0.17
1221868800000,0.195
1221872400000,0.211
1221876000000,0.238
1221879600000,0.289
1221883200000,0.337
1221886800000,0.361
1221890400000,0.355
1221894000000,0.319
1221897600000,0.281
1221901200000,0.318
1221904800000,0.365
1221908400000,0.36
1221912000000,0.322
1221915600000,0.328
1221919200000,0.358
1221922800000,0.364
1221926400000,0.374
1221930000000,0.376
1221933600000,0.364
1221937200000,0.338
1221940800000,0.296
1221944400000,0.234
1221948000000,0.162
1221951600000,0.127
1221955200000,0.147
1221958800000,0.176
1221962400000,0.218
1221966000000,0.278
1221969600000,0.355
1221973200000,0.415
1221976800000,0.432
1221980400000,0.404
1221984000000,0.363
1221987600000,0.328
1221991200000,0.333
1221994800000,0.314
1221998400000,0.327
1222002000000,0.346
1222005600000,0.358
1222009200000,0.353
1222012800000,0.362
1222016400000,0.374
1222020000000,0.413
1222023600000,0.433
1222027200000,0.455
1222030800000,0.452
1222034400000,0.398
1222038000000,0.345
1222041600000,0.414
1222045200000,0.481
1222048800000,0.55
1222052400000,0.621
1222056000000,0.663
1222059600000,0.654
1222063200000,0.607
1222066800000,0.524
1222070400000,0.391
1222074000000,0.313
1222077600000,0.306
1222081200000,0.304
1222084800000,0.301
1222088400000,0.315
1222092000000,0.328
1222095600000,0.347
1222099200000,0.369
1222102800000,0.379
1222106400000,0.388
1222110000000,0.378
1222113600000,0.376
1222117200000,0.369
1222120800000,0.344
1222124400000,0.311
1222128000000,0.352
1222131600000,0.35
1222135200000,0.346
1222138800000,0.363
1222142400000,0.368
1222146000000,0.364
1222149600000,0.355
1222153200000,0.311
1222156800000,0.238
1222160400000,0.194
1222164000000,0.183
1222167600000,0.179
1222171200000,0.175
1222174800000,0.166
1222178400000,0.164
1222182000000,0.167
1222185600000,0.151
1222189200000,0.121
1222192800000,0.09
1222196400000,0.061
1222200000000,0.042
1222203600000,0.035
1222207200000,0.03
1222210800000,0.024
1222214400000,0.018
1222218000000,0.013
1222221600000,0.012
1222225200000,0.01
1222228800000,0.009
1222232400000,0.009
1222236000000,0.01
1222239600000,0.008
1222243200000,0.006
1222246800000,0.006
1222250400000,0.01
1222254000000,0.012
1222257600000,0.01
1222261200000,0.008
1222264800000,0.007
1222268400000,0.005
1222272000000,0.003
1222275600000,0.002
1222279200000,0.004
1222282800000,0.012
1222286400000,0.023
1222290000000,0.021
1222293600000,0.013
1222297200000,0.013
1222300800000,0.021
1222304400000,0.02
1222308000000,0.021
1222311600000,0.03
1222315200000,0.05
1222318800000,0.068
1222322400000,0.07
1222326000000,0.061
1222329600000,0.047
1222333200000,0.039
1222336800000,0.031
1222340400000,0.025
1222344000000,0.021
1222347600000,0.017
1222351200000,0.015
1222354800000,0.015
1222358400000,0.017
1222362000000,0.02
1222365600000,0.028
1222369200000,0.037
1222372800000,0.047
1222376400000,0.047
1222380000000,0.042
1222383600000,0.051
1222387200000,0.068
1222390800000,0.1
1222394400000,0.145
1222398000000,0.196
1222401600000,0.246
1222405200000,0.274
1222408800000,0.258
1222412400000,0.207
1222416000000,0.145
1222419600000,0.119
1222423200000,0.118
1222426800000,0.12
1222430400000,0.133
1222434000000,0.145
1222437600000,0.163
1222441200000,0.18
1222444800000,0.189
1222448400000,0.183
1222452000000,0.176
1222455600000,0.155
1222459200000,0.139
1222462800000,0.131
1222466400000,0.115
1222470000000,0.086
1222473600000,0.082
1222477200000,0.11
1222480800000,0.17
1222484400000,0.253
1222488000000,0.316
1222491600000,0.326
1222495200000,0.294
1222498800000,0.241
1222502400000,0.176
1222506000000,0.121
1222509600000,0.103
1222513200000,0.096
1222516800000,0.094
1222520400000,0.086
1222524000000,0.074
1222527600000,0.074
1222531200000,0.08
1222534800000,0.081
1222538400000,0.078
1222542000000,0.076
1222545600000,0.085
1222549200000,0.094
1222552800000,0.094
1222556400000,0.09
1222560000000,0.104
1222563600000,0.102
1222567200000,0.098
1222570800000,0.093
1222574400000,0.096
1222578000000,0.101
1222581600000,0.093
1222585200000,0.077
1222588800000,0.068
1222592400000,0.079
1222596000000,0.098
1222599600000,0.1
1222603200000,0.095
1222606800000,0.084
1222610400000,0.067
1222614000000,0.046
1222617600000,0.034
1222621200000,0.027
1222624800000,0.023
1222628400000,0.023
1222632000000,0.025
1222635600000,0.019
1222639200000,0.011
1222642800000,0.003
1222646400000,0.001
1222650000000,0.0
1222653600000,0.0
1222657200000,0.0
1222660800000,0.001
1222664400000,0.004
1222668000000,0.01
1222671600000,0.019
1222675200000,0.035
1222678800000,0.051
1222682400000,0.066
1222686000000,0.073
1222689600000,0.071
1222693200000,0.067
1222696800000,0.065
1222700400000,0.069
1222704000000,0.076
1222707600000,0.083
1222711200000,0.087
1222714800000,0.089
1222718400000,0.093
1222722000000,0.098
1222725600000,0.094
1222729200000,0.078
1222732800000,0.088
1222736400000,0.103
1222740000000,0.129
1222743600000,0.161
1222747200000,0.187
1222750800000,0.205
1222754400000,0.211
1222758000000,0.189
1222761600000,0.146
1222765200000,0.106
1222768800000,0.085
1222772400000,0.067
1222776000000,0.046
1222779600000,0.027
1222783200000,0.013
1222786800000,0.009
1222790400000,0.008
1222794000000,0.006
1222797600000,0.005
1222801200000,0.003
1222804800000,0.001
1222808400000,0.001
1222812000000,0.003
1222815600000,0.003
1222819200000,0.003
1222822800000,0.003
1222826400000,0.003
1222830000000,0.004
1222833600000,0.005
1222837200000,0.007
1222840800000,0.01
1222844400000,0.015
1222848000000,0.021
1222851600000,0.031
1222855200000,0.045
1222858800000,0.053
1222862400000,0.056
1222866000000,0.058
1222869600000,0.061
1222873200000,0.067
1222876800000,0.066
1222880400000,0.058
1222884000000,0.047
1222887600000,0.031
1222891200000,0.017
1222894800000,0.006
1222898400000,0.003
1222902000000,0.004
1222905600000,0.003
1222909200000,0.001
1222912800000,0.0
1222916400000,0.0
1222920000000,0.001
1222923600000,0.003
1222927200000,0.009
1222930800000,0.018
1222934400000,0.026
1222938000000,0.028
1222941600000,0.025
1222945200000,0.017
1222948800000,0.011
1222952400000,0.006
1222956000000,0.004
1222959600000,0.003
1222963200000,0.003
1222966800000,0.002
1222970400000,0.003
1222974000000,0.004
1222977600000,0.0
1222981200000,0.0
1222984800000,0.0
1222988400000,0.0
1222992000000,0.0
1222995600000,0.0
1222999200000,0.0
1223002800000,0.0
1223006400000,0.0
1223010000000,0.001
1223013600000,0.003
1223017200000,0.008
1223020800000,0.015
1223024400000,0.028
1223028000000,0.045
1223031600000,0.059
1223035200000,0.072
1223038800000,0.082
1223042400000,0.074
1223046000000,0.063
1223049600000,0.051
1223053200000,0.045
1223056800000,0.037
1223060400000,0.036
1223064000000,0.047
1223067600000,0.059
1223071200000,0.056
1223074800000,0.041
1223078400000,0.047
1223082000000,0.046
1223085600000,0.037
1223089200000,0.026
1223092800000,0.018
1223096400000,0.014
1223100000000,0.019
1223103600000,0.03
1223107200000,0.045
1223110800000,0.064
1223114400000,0.081
1223118000000,0.079
1223121600000,0.068
1223125200000,0.053
1223128800000,0.046
1223132400000,0.042
1223136000000,0.031
1223139600000,0.019
1223143200000,0.019
1223146800000,0.015
1223150400000,0.008
1223154000000,0.003
1223157600000,0.002
1223161200000,0.002
1223164800000,0.002
1223168400000,0.003
1223172000000,0.007
1223175600000,0.013
1223179200000,0.016
1223182800000,0.021
1223186400000,0.03
1223190000000,0.036
1223193600000,0.042
1223197200000,0.05
1223200800000,0.066
1223204400000,0.081
1223208000000,0.084
1223211600000,0.08
1223215200000,0.078
1223218800000,0.069
1223222400000,0.062
1223226000000,0.057
1223229600000,0.053
1223233200000,0.054
1223236800000,0.067
1223240400000,0.079
1223244000000,0.083
1223247600000,0.083
1223251200000,0.093
1223254800000,0.109
1223258400000,0.111
1223262000000,0.109
1223265600000,0.101
1223269200000,0.098
1223272800000,0.092
1223276400000,0.08
1223280000000,0.064
1223283600000,0.053
1223287200000,0.041
1223290800000,0.025
1223294400000,0.014
1223298000000,0.006
1223301600000,0.002
1223305200000,0.001
1223308800000,0.0
1223312400000,0.0
1223316000000,0.0
1223319600000,0.0
1223323200000,0.001
1223326800000,0.003
1223330400000,0.005
1223334000000,0.004
1223337600000,0.004
1223341200000,0.002
1223344800000,0.001
1223348400000,0.0
1223352000000,0.0
1223355600000,0.0
1223359200000,0.0
1223362800000,0.0
1223366400000,0.003
1223370000000,0.007
1223373600000,0.013
1223377200000,0.012
1223380800000,0.009
1223384400000,0.008
1223388000000,0.01
1223391600000,0.015
1223395200000,0.023
1223398800000,0.026
1223402400000,0.02
1223406000000,0.013
1223409600000,0.008
1223413200000,0.004
1223416800000,0.002
1223420400000,0.002
1223424000000,0.005
1223427600000,0.006
1223431200000,0.003
1223434800000,0.002
1223438400000,0.002
1223442000000,0.002
1223445600000,0.003
1223449200000,0.003
1223452800000,0.003
1223456400000,0.003
1223460000000,0.004
1223463600000,0.003
1223467200000,0.002
1223470800000,0.002
1223474400000,0.003
1223478000000,0.004
1223481600000,0.006
1223485200000,0.008
1223488800000,0.013
1223492400000,0.02
1223496000000,0.035
1223499600000,0.065
1223503200000,0.088
1223506800000,0.073
1223510400000,0.073
1223514000000,0.069
1223517600000,0.07
1223521200000,0.069
1223524800000,0.072
1223528400000,0.086
1223532000000,0.102
1223535600000,0.104
1223539200000,0.093
1223542800000,0.087
1223546400000,0.084
1223550000000,0.074
1223553600000,0.061
1223557200000,0.062
1223560800000,0.08
1223564400000,0.087
1223568000000,0.07
1223571600000,0.047
1223575200000,0.035
1223578800000,0.038
1223582400000,0.052
1223586000000,0.068
1223589600000,0.072
1223593200000,0.08
1223596800000,0.096
1223600400000,0.12
1223604000000,0.146
1223607600000,0.165
1223611200000,0.168
1223614800000,0.167
1223618400000,0.154
1223622000000,0.132
1223625600000,0.102
1223629200000,0.074
1223632800000,0.052
1223636400000,0.045
1223640000000,0.046
1223643600000,0.049
1223647200000,0.051
1223650800000,0.054
1223654400000,0.05
1223658000000,0.041
1223661600000,0.035
1223665200000,0.034
1223668800000,0.037
1223672400000,0.045
1223676000000,0.05
1223679600000,0.046
1223683200000,0.045
1223686800000,0.038
1223690400000,0.027
1223694000000,0.015
1223697600000,0.006
1223701200000,0.002
1223704800000,0.0
1223708400000,0.0
1223712000000,0.0
1223715600000,0.0
1223719200000,0.0
1223722800000,0.0
1223726400000,0.0
1223730000000,0.001
1223733600000,0.001
1223737200000,0.002
1223740800000,0.003
1223744400000,0.002
1223748000000,0.002
1223751600000,0.002
1223755200000,0.001
1223758800000,0.001
1223762400000,0.001
1223766000000,0.001
1223769600000,0.003
1223773200000,0.014
1223776800000,0.031
1223780400000,0.044
1223784000000,0.037
1223787600000,0.025
1223791200000,0.016
1223794800000,0.012
1223798400000,0.008
1223802000000,0.006
1223805600000,0.005
1223809200000,0.003
1223812800000,0.005
1223816400000,0.013
1223820000000,0.02
1223823600000,0.02
1223827200000,0.021
1223830800000,0.014
1223834400000,0.008
1223838000000,0.005
1223841600000,0.003
1223845200000,0.002
1223848800000,0.002
1223852400000,0.004
1223856000000,0.005
1223859600000,0.004
1223863200000,0.004
1223866800000,0.004
1223870400000,0.003
1223874000000,0.003
1223877600000,0.005
1223881200000,0.019
1223884800000,0.029
1223888400000,0.035
1223892000000,0.037
1223895600000,0.036
1223899200000,0.038
1223902800000,0.046
1223906400000,0.061
1223910000000,0.079
1223913600000,0.097
1223917200000,0.114
1223920800000,0.133
1223924400000,0.141
1223928000000,0.132
1223931600000,0.121
1223935200000,0.101
1223938800000,0.081
1223942400000,0.059
1223946000000,0.036
1223949600000,0.026
1223953200000,0.02
1223956800000,0.014
1223960400000,0.011
1223964000000,0.009
1223967600000,0.006
1223971200000,0.003
1223974800000,0.001
1223978400000,0.0
1223982000000,0.0
1223985600000,0.0
1223989200000,0.0
1223992800000,0.0
1223996400000,0.0
1224000000000,0.0
1224003600000,0.0
1224007200000,0.001
1224010800000,0.009
1224014400000,0.027
1224018000000,0.028
1224021600000,0.013
1224025200000,0.005
1224028800000,0.004
1224032400000,0.006
1224036000000,0.007
1224039600000,0.007
1224043200000,0.004
1224046800000,0.002
1224050400000,0.001
1224054000000,0.001
1224057600000,0.001
1224061200000,0.002
1224064800000,0.003
1224068400000,0.006
1224072000000,0.011
1224075600000,0.015
1224079200000,0.015
1224082800000,0.016
1224086400000,0.019
1224090000000,0.022
1224093600000,0.026
1224097200000,0.034
1224100800000,0.046
1224104400000,0.066
1224108000000,0.09
1224111600000,0.1
1224115200000,0.132
1224118800000,0.125
1224122400000,0.096
1224126000000,0.06
1224129600000,0.035
1224133200000,0.021
1224136800000,0.013
1224140400000,0.007
1224144000000,0.004
1224147600000,0.007
1224151200000,0.038
1224154800000,0.064
1224158400000,0.057
1224162000000,0.035
1224165600000,0.016
1224169200000,0.01
1224172800000,0.008
1224176400000,0.01
1224180000000,0.013
1224183600000,0.014
1224187200000,0.018
1224190800000,0.027
1224194400000,0.033
1224198000000,0.03
1224201600000,0.035
1224205200000,0.028
1224208800000,0.027
1224212400000,0.025
1224216000000,0.021
1224219600000,0.02
1224223200000,0.018
1224226800000,0.017
1224230400000,0.015
1224234000000,0.015
1224237600000,0.014
1224241200000,0.013
1224244800000,0.012
1224248400000,0.009
1224252000000,0.011
1224255600000,0.025
1224259200000,0.005
1224262800000,0.003
1224266400000,0.003
1224270000000,0.003
1224273600000,0.007
1224277200000,0.011
1224280800000,0.01
1224284400000,0.006
1224288000000,0.002
1224291600000,0.001
1224295200000,0.001
1224298800000,0.0
1224302400000,0.0
1224306000000,0.0
1224309600000,0.0
1224313200000,0.0
1224316800000,0.0
1224320400000,0.0
1224324000000,0.0
1224327600000,0.0
1224331200000,0.0
1224334800000,0.0
1224338400000,0.0
1224342000000,0.0
1224345600000,0.001
1224349200000,0.007
1224352800000,0.005
1224356400000,0.003
1224360000000,0.002
1224363600000,0.003
1224367200000,0.006
1224370800000,0.005
1224374400000,0.006
1224378000000,0.005
1224381600000,0.003
1224385200000,0.001
1224388800000,0.001
1224392400000,0.0
1224396000000,0.0
1224399600000,0.001
1224403200000,0.001
1224406800000,0.002
1224410400000,0.004
1224414000000,0.004
1224417600000,0.005
1224421200000,0.003
1224424800000,0.001
1224428400000,0.001
1224432000000,0.0
1224435600000,0.0
1224439200000,0.0
1224442800000,0.0
1224446400000,0.0
1224450000000,0.001
1224453600000,0.001
1224457200000,0.001
1224460800000,0.0
1224464400000,0.0
1224468000000,0.0
1224471600000,0.0
1224475200000,0.0
1224478800000,0.0
1224482400000,0.001
1224486000000,0.003
1224489600000,0.008
1224493200000,0.009
1224496800000,0.006
1224500400000,0.002
1224504000000,0.001
1224507600000,0.001
1224511200000,0.004
1224514800000,0.009
1224518400000,0.017
1224522000000,0.037
1224525600000,0.051
1224529200000,0.038
1224532800000,0.021
1224536400000,0.018
1224540000000,0.028
1224543600000,0.041
1224547200000,0.059
1224550800000,0.073
1224554400000,0.065
1224558000000,0.063
1224561600000,0.066
1224565200000,0.057
1224568800000,0.039
1224572400000,0.021
1224576000000,0.013
1224579600000,0.005
1224583200000,0.001
1224586800000,0.001
1224590400000,0.0
1224594000000,0.0
1224597600000,0.001
1224601200000,0.002
1224604800000,0.005
1224608400000,0.015
1224612000000,0.035
1224615600000,0.065
1224619200000,0.101
1224622800000,0.138
1224626400000,0.152
1224630000000,0.119
1224633600000,0.115
1224637200000,0.11
1224640800000,0.085
1224644400000,0.046
1224648000000,0.019
1224651600000,0.005
1224655200000,0.002
1224658800000,0.0
1224662400000,0.0
1224666000000,0.001
1224669600000,0.009
1224673200000,0.031
1224676800000,0.056
1224680400000,0.07
1224684000000,0.084
1224687600000,0.093
1224691200000,0.084
1224694800000,0.107
1224698400000,0.122
1224702000000,0.139
1224705600000,0.127
1224709200000,0.102
1224712800000,0.065
1224716400000,0.025
1224720000000,0.013
1224723600000,0.007
1224727200000,0.002
1224730800000,0.001
1224734400000,0.0
1224738000000,0.0
1224741600000,0.0
1224745200000,0.001
1224748800000,0.005
1224752400000,0.02
1224756000000,0.038
1224759600000,0.064
1224763200000,0.089
1224766800000,0.095
1224770400000,0.107
1224774000000,0.131
1224777600000,0.15
1224781200000,0.171
1224784800000,0.194
1224788400000,0.21
1224792000000,0.22
1224795600000,0.235
1224799200000,0.219
1224802800000,0.156
1224806400000,0.14
1224810000000,0.098
1224813600000,0.047
1224817200000,0.018
1224820800000,0.008
1224824400000,0.002
1224828000000,0.0
1224831600000,0.0
1224835200000,0.0
1224838800000,0.0
1224842400000,0.0
1224846000000,0.0
1224849600000,0.0
1224853200000,0.001
1224856800000,0.0
1224860400000,0.0
1224864000000,0.001
1224867600000,0.002
1224871200000,0.002
1224874800000,0.002
1224878400000,0.003
1224882000000,0.011
1224885600000,0.025
1224889200000,0.032
1224892800000,0.069
1224896400000,0.083
1224900000000,0.071
1224903600000,0.061
1224907200000,0.049
1224910800000,0.047
1224914400000,0.052
1224918000000,0.051
1224921600000,0.064
1224925200000,0.068
1224928800000,0.072
1224932400000,0.079
1224936000000,0.077
1224939600000,0.067
1224943200000,0.06
1224946800000,0.053
1224950400000,0.038
1224954000000,0.028
1224957600000,0.029
1224961200000,0.038
1224964800000,0.058
1224968400000,0.074
1224972000000,0.067
1224975600000,0.055
1224979200000,0.057
1224982800000,0.035
1224986400000,0.015
1224990000000,0.004
1224993600000,0.0
1224997200000,0.0
1225000800000,0.001
1225004400000,0.01
1225008000000,0.039
1225011600000,0.076
1225015200000,0.1
1225018800000,0.117
1225022400000,0.139
1225026000000,0.146
1225029600000,0.154
1225033200000,0.146
1225036800000,0.127
1225040400000,0.108
1225044000000,0.093
1225047600000,0.084
1225051200000,0.077
1225054800000,0.057
1225058400000,0.027
1225062000000,0.004
1225065600000,0.001
1225069200000,0.002
1225072800000,0.002
1225076400000,0.004
1225080000000,0.011
1225083600000,0.021
1225087200000,0.028
1225090800000,0.029
1225094400000,0.021
1225098000000,0.012
1225101600000,0.008
1225105200000,0.013
1225108800000,0.041
1225112400000,0.076
1225116000000,0.096
1225119600000,0.105
1225123200000,0.104
1225126800000,0.084
1225130400000,0.058
1225134000000,0.033
1225137600000,0.028
1225141200000,0.061
1225144800000,0.155
1225148400000,0.225
1225152000000,0.291
1225155600000,0.382
1225159200000,0.436
1225162800000,0.457
1225166400000,0.432
1225170000000,0.361
1225173600000,0.278
1225177200000,0.206
1225180800000,0.162
1225184400000,0.144
1225188000000,0.137
1225191600000,0.105
1225195200000,0.067
1225198800000,0.042
1225202400000,0.024
1225206000000,0.011
1225209600000,0.004
1225213200000,0.001
1225216800000,0.0
1225220400000,0.0
1225224000000,0.0
1225227600000,0.0
1225231200000,0.0
1225234800000,0.0
1225238400000,0.0
1225242000000,0.0
1225245600000,0.002
1225249200000,0.012
1225252800000,0.037
1225256400000,0.071
1225260000000,0.102
1225263600000,0.122
1225267200000,0.126
1225270800000,0.114
1225274400000,0.101
1225278000000,0.089
1225281600000,0.079
1225285200000,0.069
1225288800000,0.061
1225292400000,0.049
1225296000000,0.043
1225299600000,0.04
1225303200000,0.044
1225306800000,0.056
1225310400000,0.069
1225314000000,0.083
1225317600000,0.086
1225321200000,0.066
1225324800000,0.108
1225328400000,0.121
1225332000000,0.12
1225335600000,0.113
1225339200000,0.101
1225342800000,0.068
1225346400000,0.028
1225350000000,0.013
1225353600000,0.016
1225357200000,0.021
1225360800000,0.021
1225364400000,0.015
1225368000000,0.009
1225371600000,0.006
1225375200000,0.003
1225378800000,0.001
1225382400000,0.002
1225386000000,0.007
1225389600000,0.015
1225393200000,0.027
1225396800000,0.044
1225400400000,0.062
1225404000000,0.08
1225407600000,0.08
1225411200000,0.101
1225414800000,0.11
1225418400000,0.114
1225422000000,0.118
1225425600000,0.112
1225429200000,0.097
1225432800000,0.078
1225436400000,0.063
1225440000000,0.065
1225443600000,0.078
1225447200000,0.088
1225450800000,0.085
1225454400000,0.07
1225458000000,0.053
1225461600000,0.037
1225465200000,0.022
1225468800000,0.012
1225472400000,0.005
1225476000000,0.002
1225479600000,0.001
1225483200000,0.001
1225486800000,0.002
1225490400000,0.006
1225494000000,0.013
1225497600000,0.022
1225501200000,0.031
1225504800000,0.036
1225508400000,0.034
1225512000000,0.026
1225515600000,0.02
1225519200000,0.015
1225522800000,0.012
1225526400000,0.013
1225530000000,0.013
1225533600000,0.016
1225537200000,0.022
1225540800000,0.03
1225544400000,0.041
1225548000000,0.056
1225551600000,0.077
1225555200000,0.101
1225558800000,0.125
1225562400000,0.147
1225566000000,0.167
1225569600000,0.186
1225573200000,0.189
1225576800000,0.199
1225580400000,0.146
1225584000000,0.107
1225587600000,0.066
1225591200000,0.026
1225594800000,0.007
1225598400000,0.002
1225602000000,0.0
1225605600000,0.0
1225609200000,0.0
1225612800000,0.0
1225616400000,0.0
1225620000000,0.001
1225623600000,0.005
1225627200000,0.008
1225630800000,0.008
1225634400000,0.007
1225638000000,0.008
1225641600000,0.013
1225645200000,0.021
1225648800000,0.034
1225652400000,0.05
1225656000000,0.067
1225659600000,0.081
1225663200000,0.089
1225666800000,0.075
1225670400000,0.071
1225674000000,0.056
1225677600000,0.032
1225681200000,0.019
1225684800000,0.02
1225688400000,0.027
1225692000000,0.036
1225695600000,0.064
1225699200000,0.114
1225702800000,0.111
1225706400000,0.099
1225710000000,0.092
1225713600000,0.085
1225717200000,0.084
1225720800000,0.09
1225724400000,0.107
1225728000000,0.132
1225731600000,0.164
1225735200000,0.199
1225738800000,0.223
1225742400000,0.255
1225746000000,0.258
1225749600000,0.188
1225753200000,0.146
1225756800000,0.181
1225760400000,0.215
1225764000000,0.234
1225767600000,0.216
1225771200000,0.163
1225774800000,0.116
1225778400000,0.084
1225782000000,0.063
1225785600000,0.051
1225789200000,0.055
1225792800000,0.061
1225796400000,0.074
1225800000000,0.089
1225803600000,0.099
1225807200000,0.095
1225810800000,0.084
1225814400000,0.073
1225818000000,0.064
1225821600000,0.059
1225825200000,0.059
1225828800000,0.061
1225832400000,0.061
1225836000000,0.05
1225839600000,0.045
1225843200000,0.046
1225846800000,0.044
1225850400000,0.04
1225854000000,0.033
1225857600000,0.03
1225861200000,0.03
1225864800000,0.031
1225868400000,0.036
1225872000000,0.047
1225875600000,0.06
1225879200000,0.079
1225882800000,0.103
1225886400000,0.133
1225890000000,0.169
1225893600000,0.161
1225897200000,0.082
1225900800000,0.022
1225904400000,0.078
1225908000000,0.188
1225911600000,0.175
1225915200000,0.167
1225918800000,0.138
1225922400000,0.082
1225926000000,0.038
1225929600000,0.02
1225933200000,0.011
1225936800000,0.015
1225940400000,0.02
1225944000000,0.019
1225947600000,0.019
1225951200000,0.013
1225954800000,0.02
1225958400000,0.04
1225962000000,0.07
1225965600000,0.106
1225969200000,0.165
1225972800000,0.209
1225976400000,0.205
1225980000000,0.179
1225983600000,0.171
1225987200000,0.153
1225990800000,0.125
1225994400000,0.115
1225998000000,0.13
1226001600000,0.156
1226005200000,0.158
1226008800000,0.131
1226012400000,0.1
1226016000000,0.088
1226019600000,0.067
1226023200000,0.035
1226026800000,0.018
1226030400000,0.015
1226034000000,0.01
1226037600000,0.002
1226041200000,0.001
1226044800000,0.0
1226048400000,0.0
1226052000000,0.001
1226055600000,0.001
1226059200000,0.002
1226062800000,0.005
1226066400000,0.009
1226070000000,0.013
1226073600000,0.018
1226077200000,0.025
1226080800000,0.035
1226084400000,0.044
1226088000000,0.053
1226091600000,0.061
1226095200000,0.072
1226098800000,0.067
1226102400000,0.075
1226106000000,0.082
1226109600000,0.069
1226113200000,0.038
1226116800000,0.012
1226120400000,0.004
1226124000000,0.003
1226127600000,0.005
1226131200000,0.007
1226134800000,0.008
1226138400000,0.009
1226142000000,0.011
1226145600000,0.014
1226149200000,0.021
1226152800000,0.034
1226156400000,0.056
1226160000000,0.074
1226163600000,0.08
1226167200000,0.086
1226170800000,0.088
1226174400000,0.084
1226178000000,0.074
1226181600000,0.058
1226185200000,0.04
1226188800000,0.035
1226192400000,0.033
1226196000000,0.028
1226199600000,0.021
1226203200000,0.012
1226206800000,0.007
1226210400000,0.003
1226214000000,0.002
1226217600000,0.002
1226221200000,0.003
1226224800000,0.005
1226228400000,0.009
1226232000000,0.019
1226235600000,0.031
1226239200000,0.03
1226242800000,0.018
1226246400000,0.01
1226250000000,0.009
1226253600000,0.011
1226257200000,0.021
1226260800000,0.022
1226264400000,0.01
1226268000000,0.003
1226271600000,0.003
1226275200000,0.009
1226278800000,0.006
1226282400000,0.001
1226286000000,0.0
1226289600000,0.0
1226293200000,0.001
1226296800000,0.003
1226300400000,0.005
1226304000000,0.01
1226307600000,0.016
1226311200000,0.025
1226314800000,0.036
1226318400000,0.049
1226322000000,0.054
1226325600000,0.041
1226329200000,0.019
1226332800000,0.004
1226336400000,0.001
1226340000000,0.0
1226343600000,0.0
1226347200000,0.0
1226350800000,0.0
1226354400000,0.001
1226358000000,0.003
1226361600000,0.004
1226365200000,0.003
1226368800000,0.001
1226372400000,0.0
1226376000000,0.0
1226379600000,0.0
1226383200000,0.0
1226386800000,0.001
1226390400000,0.004
1226394000000,0.009
1226397600000,0.022
1226401200000,0.034
1226404800000,0.042
1226408400000,0.044
1226412000000,0.036
1226415600000,0.026
1226419200000,0.021
1226422800000,0.021
1226426400000,0.026
1226430000000,0.03
1226433600000,0.037
1226437200000,0.042
1226440800000,0.043
1226444400000,0.039
1226448000000,0.047
1226451600000,0.058
1226455200000,0.067
1226458800000,0.07
1226462400000,0.071
1226466000000,0.07
1226469600000,0.07
1226473200000,0.073
1226476800000,0.072
1226480400000,0.071
1226484000000,0.074
1226487600000,0.083
1226491200000,0.101
1226494800000,0.118
1226498400000,0.133
1226502000000,0.118
1226505600000,0.098
1226509200000,0.11
1226512800000,0.123
1226516400000,0.112
1226520000000,0.091
1226523600000,0.077
1226527200000,0.067
1226530800000,0.051
1226534400000,0.054
1226538000000,0.05
1226541600000,0.037
1226545200000,0.032
1226548800000,0.03
1226552400000,0.027
1226556000000,0.025
1226559600000,0.021
1226563200000,0.022
1226566800000,0.022
1226570400000,0.026
1226574000000,0.029
1226577600000,0.031
1226581200000,0.033
1226584800000,0.038
1226588400000,0.046
1226592000000,0.062
1226595600000,0.083
1226599200000,0.106
1226602800000,0.137
1226606400000,0.163
1226610000000,0.197
1226613600000,0.213
1226617200000,0.225
1226620800000,0.306
1226624400000,0.35
1226628000000,0.258
1226631600000,0.162
1226635200000,0.106
1226638800000,0.067
1226642400000,0.041
1226646000000,0.03
1226649600000,0.025
1226653200000,0.027
1226656800000,0.028
1226660400000,0.029
1226664000000,0.038
1226667600000,0.054
1226671200000,0.068
1226674800000,0.099
1226678400000,0.147
1226682000000,0.208
1226685600000,0.273
1226689200000,0.356
1226692800000,0.403
1226696400000,0.405
1226700000000,0.405
1226703600000,0.346
1226707200000,0.386
1226710800000,0.418
1226714400000,0.398
1226718000000,0.349
1226721600000,0.299
1226725200000,0.251
1226728800000,0.201
1226732400000,0.159
1226736000000,0.131
1226739600000,0.117
1226743200000,0.098
1226746800000,0.076
1226750400000,0.06
1226754000000,0.045
1226757600000,0.033
1226761200000,0.028
1226764800000,0.03
1226768400000,0.035
1226772000000,0.043
1226775600000,0.052
1226779200000,0.064
1226782800000,0.07
1226786400000,0.071
1226790000000,0.058
1226793600000,0.059
1226797200000,0.056
1226800800000,0.046
1226804400000,0.033
1226808000000,0.021
1226811600000,0.013
1226815200000,0.009
1226818800000,0.006
1226822400000,0.005
1226826000000,0.005
1226829600000,0.005
1226833200000,0.008
1226836800000,0.018
1226840400000,0.029
1226844000000,0.041
1226847600000,0.047
1226851200000,0.044
1226854800000,0.045
1226858400000,0.054
1226862000000,0.071
1226865600000,0.083
1226869200000,0.068
1226872800000,0.043
1226876400000,0.025
1226880000000,0.017
1226883600000,0.008
1226887200000,0.003
1226890800000,0.002
1226894400000,0.002
1226898000000,0.003
1226901600000,0.003
1226905200000,0.003
1226908800000,0.004
1226912400000,0.004
1226916000000,0.004
1226919600000,0.002
1226923200000,0.001
1226926800000,0.0
1226930400000,0.001
1226934000000,0.002
1226937600000,0.009
1226941200000,0.055
1226944800000,0.101
1226948400000,0.109
1226952000000,0.108
1226955600000,0.093
1226959200000,0.06
1226962800000,0.025
1226966400000,0.006
1226970000000,0.001
1226973600000,0.0
1226977200000,0.0
1226980800000,0.0
1226984400000,0.0
1226988000000,0.0
1226991600000,0.001
1226995200000,0.007
1226998800000,0.017
1227002400000,0.038
1227006000000,0.068
1227009600000,0.104
1227013200000,0.13
1227016800000,0.141
1227020400000,0.161
1227024000000,0.191
1227027600000,0.225
1227031200000,0.257
1227034800000,0.278
1227038400000,0.297
1227042000000,0.337
1227045600000,0.336
1227049200000,0.302
1227052800000,0.397
1227056400000,0.498
1227060000000,0.571
1227063600000,0.625
1227067200000,0.668
1227070800000,0.704
1227074400000,0.715
1227078000000,0.694
1227081600000,0.651
1227085200000,0.626
1227088800000,0.605
1227092400000,0.571
1227096000000,0.544
1227099600000,0.568
1227103200000,0.624
1227106800000,0.695
1227110400000,0.718
1227114000000,0.635
1227117600000,0.534
1227121200000,0.441
1227124800000,0.228
1227128400000,0.141
1227132000000,0.185
1227135600000,0.274
1227139200000,0.274
1227142800000,0.32
1227146400000,0.398
1227150000000,0.448
1227153600000,0.446
1227157200000,0.362
1227160800000,0.241
1227164400000,0.17
1227168000000,0.167
1227171600000,0.157
1227175200000,0.164
1227178800000,0.145
1227182400000,0.13
1227186000000,0.119
1227189600000,0.096
1227193200000,0.066
1227196800000,0.037
1227200400000,0.019
1227204000000,0.009
1227207600000,0.004
1227211200000,0.001
1227214800000,0.0
1227218400000,0.001
1227222000000,0.001
1227225600000,0.005
1227229200000,0.01
1227232800000,0.024
1227236400000,0.047
1227240000000,0.056
1227243600000,0.045
1227247200000,0.027
1227250800000,0.014
1227254400000,0.012
1227258000000,0.009
1227261600000,0.008
1227265200000,0.012
1227268800000,0.02
1227272400000,0.027
1227276000000,0.035
1227279600000,0.045
1227283200000,0.062
1227286800000,0.071
1227290400000,0.082
1227294000000,0.091
1227297600000,0.098
1227301200000,0.09
1227304800000,0.069
1227308400000,0.043
1227312000000,0.045
1227315600000,0.041
1227319200000,0.03
1227322800000,0.025
1227326400000,0.026
1227330000000,0.028
1227333600000,0.027
1227337200000,0.03
1227340800000,0.042
1227344400000,0.061
1227348000000,0.079
1227351600000,0.097
1227355200000,0.103
1227358800000,0.084
1227362400000,0.075
1227366000000,0.067
1227369600000,0.063
1227373200000,0.062
1227376800000,0.062
1227380400000,0.053
1227384000000,0.051
1227387600000,0.045
1227391200000,0.04
1227394800000,0.043
1227398400000,0.068
1227402000000,0.066
1227405600000,0.059
1227409200000,0.056
1227412800000,0.05
1227416400000,0.043
1227420000000,0.036
1227423600000,0.029
1227427200000,0.034
1227430800000,0.047
1227434400000,0.059
1227438000000,0.077
1227441600000,0.116
1227445200000,0.148
1227448800000,0.172
1227452400000,0.197
1227456000000,0.234
1227459600000,0.28
1227463200000,0.31
1227466800000,0.305
1227470400000,0.289
1227474000000,0.252
1227477600000,0.19
1227481200000,0.132
1227484800000,0.14
1227488400000,0.118
1227492000000,0.101
1227495600000,0.103
1227499200000,0.105
1227502800000,0.1
1227506400000,0.09
1227510000000,0.083
1227513600000,0.073
1227517200000,0.073
1227520800000,0.095
1227524400000,0.104
1227528000000,0.1
1227531600000,0.093
1227535200000,0.101
1227538800000,0.125
1227542400000,0.139
1227546000000,0.134
1227549600000,0.119
1227553200000,0.101
1227556800000,0.077
1227560400000,0.064
1227564000000,0.06
1227567600000,0.058
1227571200000,0.072
1227574800000,0.07
1227578400000,0.063
1227582000000,0.049
1227585600000,0.03
1227589200000,0.014
1227592800000,0.005
1227596400000,0.002
1227600000000,0.001
1227603600000,0.001
1227607200000,0.0
1227610800000,0.0
1227614400000,0.0
1227618000000,0.0
1227621600000,0.002
1227625200000,0.002
1227628800000,0.001
1227632400000,0.0
1227636000000,0.0
1227639600000,0.0
1227643200000,0.0
1227646800000,0.001
1227650400000,0.003
1227654000000,0.004
1227657600000,0.007
1227661200000,0.008
1227664800000,0.008
1227668400000,0.007
1227672000000,0.005
1227675600000,0.003
1227679200000,0.001
1227682800000,0.001
1227686400000,0.001
1227690000000,0.0
1227693600000,0.0
1227697200000,0.0
1227700800000,0.0
1227704400000,0.0
1227708000000,0.0
1227711600000,0.002
1227715200000,0.006
1227718800000,0.017
1227722400000,0.037
1227726000000,0.066
1227729600000,0.095
1227733200000,0.115
1227736800000,0.117
1227740400000,0.103
1227744000000,0.095
1227747600000,0.059
1227751200000,0.025
1227754800000,0.01
1227758400000,0.007
1227762000000,0.006
1227765600000,0.006
1227769200000,0.005
1227772800000,0.003
1227776400000,0.0
1227780000000,0.0
1227783600000,0.0
1227787200000,0.0
1227790800000,0.0
1227794400000,0.0
1227798000000,0.001
1227801600000,0.001
1227805200000,0.001
1227808800000,0.0
1227812400000,0.0
1227816000000,0.001
1227819600000,0.002
1227823200000,0.003
1227826800000,0.004
1227830400000,0.007
1227834000000,0.01
1227837600000,0.012
1227841200000,0.016
1227844800000,0.018
1227848400000,0.019
1227852000000,0.021
1227855600000,0.027
1227859200000,0.039
1227862800000,0.068
1227866400000,0.1
1227870000000,0.115
1227873600000,0.13
1227877200000,0.148
1227880800000,0.158
1227884400000,0.153
1227888000000,0.138
1227891600000,0.124
1227895200000,0.122
1227898800000,0.133
1227902400000,0.144
1227906000000,0.155
1227909600000,0.148
1227913200000,0.117
1227916800000,0.118
1227920400000,0.101
1227924000000,0.066
1227927600000,0.043
1227931200000,0.035
1227934800000,0.033
1227938400000,0.036
1227942000000,0.04
1227945600000,0.043
1227949200000,0.036
1227952800000,0.033
1227956400000,0.029
1227960000000,0.019
1227963600000,0.01
1227967200000,0.008
1227970800000,0.017
1227974400000,0.028
1227978000000,0.035
1227981600000,0.037
1227985200000,0.05
1227988800000,0.081
1227992400000,0.109
1227996000000,0.111
1227999600000,0.099
1228003200000,0.119
1228006800000,0.112
1228010400000,0.095
1228014000000,0.079
1228017600000,0.067
1228021200000,0.06
1228024800000,0.053
1228028400000,0.041
1228032000000,0.034
1228035600000,0.031
1228039200000,0.029
1228042800000,0.03
1228046400000,0.029
1228050000000,0.024
1228053600000,0.017
1228057200000,0.011
1228060800000,0.008
1228064400000,0.007
1228068000000,0.008
1228071600000,0.015
1228075200000,0.03
1228078800000,0.045
1228082400000,0.049
1228086000000,0.039
1228089600000,0.039
1228093200000,0.032
1228096800000,0.02
1228100400000,0.011
1228104000000,0.006
1228107600000,0.003
1228111200000,0.001
1228114800000,0.0
1228118400000,0.0
1228122000000,0.0
1228125600000,0.0
1228129200000,0.0
1228132800000,0.0
1228136400000,0.0
1228140000000,0.0
1228143600000,0.001
1228147200000,0.002
1228150800000,0.008
1228154400000,0.011
1228158000000,0.011
1228161600000,0.009
1228165200000,0.006
1228168800000,0.005
1228172400000,0.005
1228176000000,0.005
1228179600000,0.007
1228183200000,0.005
1228186800000,0.005
1228190400000,0.009
1228194000000,0.016
1228197600000,0.025
1228201200000,0.035
1228204800000,0.043
1228208400000,0.05
1228212000000,0.053
1228215600000,0.053
1228219200000,0.049
1228222800000,0.04
1228226400000,0.032
1228230000000,0.024
1228233600000,0.019
1228237200000,0.024
1228240800000,0.038
1228244400000,0.067
1228248000000,0.107
1228251600000,0.125
1228255200000,0.11
1228258800000,0.062
1228262400000,0.034
1228266000000,0.045
1228269600000,0.072
1228273200000,0.088
1228276800000,0.097
1228280400000,0.102
1228284000000,0.096
1228287600000,0.099
1228291200000,0.112
1228294800000,0.119
1228298400000,0.123
1228302000000,0.103
1228305600000,0.076
1228309200000,0.059
1228312800000,0.052
1228316400000,0.054
1228320000000,0.061
1228323600000,0.067
1228327200000,0.071
1228330800000,0.076
1228334400000,0.079
1228338000000,0.067
1228341600000,0.049
1228345200000,0.027
1228348800000,0.015
1228352400000,0.008
1228356000000,0.004
1228359600000,0.003
1228363200000,0.002
1228366800000,0.001
1228370400000,0.001
1228374000000,0.001
1228377600000,0.0
1228381200000,0.0
1228384800000,0.0
1228388400000,0.0
1228392000000,0.0
1228395600000,0.0
1228399200000,0.001
1228402800000,0.005
1228406400000,0.021
1228410000000,0.048
1228413600000,0.081
1228417200000,0.111
1228420800000,0.131
1228424400000,0.131
1228428000000,0.112
1228431600000,0.082
1228435200000,0.077
1228438800000,0.112
1228442400000,0.144
1228446000000,0.19
1228449600000,0.225
1228453200000,0.218
1228456800000,0.191
1228460400000,0.157
1228464000000,0.122
1228467600000,0.124
1228471200000,0.137
1228474800000,0.138
1228478400000,0.123
1228482000000,0.108
1228485600000,0.095
1228489200000,0.061
1228492800000,0.04
1228496400000,0.027
1228500000000,0.02
1228503600000,0.017
1228507200000,0.015
1228510800000,0.022
1228514400000,0.034
1228518000000,0.045
1228521600000,0.052
1228525200000,0.058
1228528800000,0.062
1228532400000,0.063
1228536000000,0.06
1228539600000,0.056
1228543200000,0.047
1228546800000,0.04
1228550400000,0.039
1228554000000,0.048
1228557600000,0.058
1228561200000,0.069
1228564800000,0.078
1228568400000,0.072
1228572000000,0.054
1228575600000,0.035
1228579200000,0.028
1228582800000,0.033
1228586400000,0.037
1228590000000,0.045
1228593600000,0.057
1228597200000,0.051
1228600800000,0.035
1228604400000,0.028
1228608000000,0.034
1228611600000,0.044
1228615200000,0.05
1228618800000,0.049
1228622400000,0.048
1228626000000,0.045
1228629600000,0.036
1228633200000,0.03
1228636800000,0.027
1228640400000,0.034
1228644000000,0.047
1228647600000,0.058
1228651200000,0.059
1228654800000,0.05
1228658400000,0.038
1228662000000,0.024
1228665600000,0.017
1228669200000,0.017
1228672800000,0.023
1228676400000,0.023
1228680000000,0.018
1228683600000,0.016
1228687200000,0.019
1228690800000,0.021
1228694400000,0.022
1228698000000,0.017
1228701600000,0.011
1228705200000,0.008
1228708800000,0.01
1228712400000,0.007
1228716000000,0.005
1228719600000,0.008
1228723200000,0.013
1228726800000,0.013
1228730400000,0.011
1228734000000,0.008
1228737600000,0.003
1228741200000,0.0
1228744800000,0.0
1228748400000,0.0
1228752000000,0.003
1228755600000,0.008
1228759200000,0.017
1228762800000,0.019
1228766400000,0.011
1228770000000,0.002
1228773600000,0.017
1228777200000,0.03
1228780800000,0.031
1228784400000,0.045
1228788000000,0.062
1228791600000,0.067
1228795200000,0.056
1228798800000,0.037
1228802400000,0.022
1228806000000,0.014
1228809600000,0.012
1228813200000,0.011
1228816800000,0.009
1228820400000,0.003
1228824000000,0.0
1228827600000,0.0
1228831200000,0.0
1228834800000,0.0
1228838400000,0.0
1228842000000,0.0
1228845600000,0.002
1228849200000,0.005
1228852800000,0.01
1228856400000,0.022
1228860000000,0.039
1228863600000,0.048
1228867200000,0.073
1228870800000,0.087
1228874400000,0.087
1228878000000,0.071
1228881600000,0.059
1228885200000,0.057
1228888800000,0.053
1228892400000,0.044
1228896000000,0.032
1228899600000,0.03
1228903200000,0.045
1228906800000,0.067
1228910400000,0.088
1228914000000,0.102
1228917600000,0.111
1228921200000,0.119
1228924800000,0.147
1228928400000,0.187
1228932000000,0.224
1228935600000,0.264
1228939200000,0.284
1228942800000,0.283
1228946400000,0.243
1228950000000,0.184
1228953600000,0.16
1228957200000,0.129
1228960800000,0.09
1228964400000,0.058
1228968000000,0.035
1228971600000,0.024
1228975200000,0.021
1228978800000,0.026
1228982400000,0.03
1228986000000,0.034
1228989600000,0.044
1228993200000,0.054
1228996800000,0.058
1229000400000,0.054
1229004000000,0.059
1229007600000,0.085
1229011200000,0.118
1229014800000,0.151
1229018400000,0.17
1229022000000,0.192
1229025600000,0.206
1229029200000,0.192
1229032800000,0.147
1229036400000,0.107
1229040000000,0.091
1229043600000,0.063
1229047200000,0.04
1229050800000,0.03
1229054400000,0.03
1229058000000,0.034
1229061600000,0.045
1229065200000,0.057
1229068800000,0.077
1229072400000,0.086
1229076000000,0.092
1229079600000,0.105
1229083200000,0.127
1229086800000,0.147
1229090400000,0.167
1229094000000,0.192
1229097600000,0.227
1229101200000,0.263
1229104800000,0.295
1229108400000,0.324
1229112000000,0.338
1229115600000,0.333
1229119200000,0.286
1229122800000,0.219
1229126400000,0.238
1229130000000,0.225
1229133600000,0.206
1229137200000,0.207
1229140800000,0.223
1229144400000,0.248
1229148000000,0.272
1229151600000,0.29
1229155200000,0.27
1229158800000,0.261
1229162400000,0.279
1229166000000,0.282
1229169600000,0.27
1229173200000,0.269
1229176800000,0.281
1229180400000,0.3
1229184000000,0.321
1229187600000,0.341
1229191200000,0.36
1229194800000,0.371
1229198400000,0.379
1229202000000,0.374
1229205600000,0.345
1229209200000,0.3
1229212800000,0.368
1229216400000,0.365
1229220000000,0.345
1229223600000,0.334
1229227200000,0.334
1229230800000,0.331
1229234400000,0.32
1229238000000,0.302
1229241600000,0.242
1229245200000,0.196
1229248800000,0.193
1229252400000,0.201
1229256000000,0.213
1229259600000,0.233
1229263200000,0.256
1229266800000,0.277
1229270400000,0.302
1229274000000,0.305
1229277600000,0.322
1229281200000,0.345
1229284800000,0.364
1229288400000,0.374
1229292000000,0.352
1229295600000,0.327
1229299200000,0.401
1229302800000,0.403
1229306400000,0.38
1229310000000,0.349
1229313600000,0.324
1229317200000,0.328
1229320800000,0.356
1229324400000,0.375
1229328000000,0.325
1229331600000,0.294
1229335200000,0.313
1229338800000,0.32
1229342400000,0.355
1229346000000,0.389
1229349600000,0.419
1229353200000,0.447
1229356800000,0.461
1229360400000,0.457
1229364000000,0.444
1229367600000,0.434
1229371200000,0.444
1229374800000,0.464
1229378400000,0.447
1229382000000,0.422
1229385600000,0.46
1229389200000,0.425
1229392800000,0.34
1229396400000,0.259
1229400000000,0.193
1229403600000,0.146
1229407200000,0.121
1229410800000,0.118
1229414400000,0.13
1229418000000,0.159
1229421600000,0.207
1229425200000,0.232
1229428800000,0.223
1229432400000,0.217
1229436000000,0.227
1229439600000,0.249
1229443200000,0.274
1229446800000,0.305
1229450400000,0.332
1229454000000,0.367
1229457600000,0.368
1229461200000,0.376
1229464800000,0.379
1229468400000,0.366
1229472000000,0.45
1229475600000,0.462
1229479200000,0.431
1229482800000,0.379
1229486400000,0.332
1229490000000,0.31
1229493600000,0.308
1229497200000,0.292
1229500800000,0.228
1229504400000,0.22
1229508000000,0.247
1229511600000,0.3
1229515200000,0.343
1229518800000,0.358
1229522400000,0.383
1229526000000,0.41
1229529600000,0.386
1229533200000,0.382
1229536800000,0.39
1229540400000,0.426
1229544000000,0.505
1229547600000,0.566
1229551200000,0.614
1229554800000,0.661
1229558400000,0.715
1229562000000,0.718
1229565600000,0.697
1229569200000,0.668
1229572800000,0.629
1229576400000,0.588
1229580000000,0.55
1229583600000,0.472
1229587200000,0.364
1229590800000,0.337
1229594400000,0.332
1229598000000,0.326
1229601600000,0.334
1229605200000,0.358
1229608800000,0.388
1229612400000,0.418
1229616000000,0.405
1229619600000,0.405
1229623200000,0.385
1229626800000,0.371
1229630400000,0.367
1229634000000,0.376
1229637600000,0.381
1229641200000,0.343
1229644800000,0.417
1229648400000,0.426
1229652000000,0.38
1229655600000,0.3
1229659200000,0.218
1229662800000,0.137
1229666400000,0.083
1229670000000,0.057
1229673600000,0.049
1229677200000,0.036
1229680800000,0.036
1229684400000,0.05
1229688000000,0.066
1229691600000,0.076
1229695200000,0.08
1229698800000,0.085
1229702400000,0.094
1229706000000,0.113
1229709600000,0.138
1229713200000,0.159
1229716800000,0.167
1229720400000,0.171
1229724000000,0.177
1229727600000,0.153
1229731200000,0.225
1229734800000,0.298
1229738400000,0.311
1229742000000,0.26
1229745600000,0.191
1229749200000,0.139
1229752800000,0.108
1229756400000,0.098
1229760000000,0.098
1229763600000,0.079
1229767200000,0.059
1229770800000,0.055
1229774400000,0.061
1229778000000,0.076
1229781600000,0.097
1229785200000,0.104
1229788800000,0.1
1229792400000,0.098
1229796000000,0.102
1229799600000,0.118
1229803200000,0.133
1229806800000,0.154
1229810400000,0.164
1229814000000,0.145
1229817600000,0.148
1229821200000,0.143
1229824800000,0.137
1229828400000,0.133
1229832000000,0.128
1229835600000,0.124
1229839200000,0.125
1229842800000,0.126
1229846400000,0.125
1229850000000,0.135
1229853600000,0.155
1229857200000,0.174
1229860800000,0.182
1229864400000,0.202
1229868000000,0.227
1229871600000,0.237
1229875200000,0.251
1229878800000,0.258
1229882400000,0.261
1229886000000,0.261
1229889600000,0.251
1229893200000,0.232
1229896800000,0.2
1229900400000,0.162
1229904000000,0.187
1229907600000,0.189
1229911200000,0.177
1229914800000,0.137
1229918400000,0.087
1229922000000,0.044
1229925600000,0.018
1229929200000,0.013
1229932800000,0.024
1229936400000,0.038
1229940000000,0.059
1229943600000,0.091
1229947200000,0.117
1229950800000,0.132
1229954400000,0.142
1229958000000,0.158
1229961600000,0.177
1229965200000,0.204
1229968800000,0.256
1229972400000,0.286
1229976000000,0.289
1229979600000,0.278
1229983200000,0.253
1229986800000,0.184
1229990400000,0.184
1229994000000,0.168
1229997600000,0.122
1230001200000,0.084
1230004800000,0.058
1230008400000,0.045
1230012000000,0.04
1230015600000,0.035
1230019200000,0.038
1230022800000,0.048
1230026400000,0.057
1230030000000,0.069
1230033600000,0.076
1230037200000,0.077
1230040800000,0.086
1230044400000,0.101
1230048000000,0.107
1230051600000,0.119
1230055200000,0.147
1230058800000,0.167
1230062400000,0.174
1230066000000,0.171
1230069600000,0.171
1230073200000,0.194
1230076800000,0.282
1230080400000,0.341
1230084000000,0.342
1230087600000,0.3
1230091200000,0.237
1230094800000,0.177
1230098400000,0.133
1230102000000,0.103
1230105600000,0.081
1230109200000,0.053
1230112800000,0.037
1230116400000,0.034
1230120000000,0.038
1230123600000,0.034
1230127200000,0.026
1230130800000,0.03
1230134400000,0.042
1230138000000,0.058
1230141600000,0.076
1230145200000,0.111
1230148800000,0.158
1230152400000,0.2
1230156000000,0.207
1230159600000,0.212
1230163200000,0.274
1230166800000,0.297
1230170400000,0.279
1230174000000,0.242
1230177600000,0.205
1230181200000,0.172
1230184800000,0.145
1230188400000,0.121
1230192000000,0.107
1230195600000,0.105
1230199200000,0.135
1230202800000,0.171
1230206400000,0.209
1230210000000,0.255
1230213600000,0.306
1230217200000,0.339
1230220800000,0.354
1230224400000,0.35
1230228000000,0.324
1230231600000,0.289
1230235200000,0.261
1230238800000,0.275
1230242400000,0.274
1230246000000,0.284
1230249600000,0.432
1230253200000,0.532
1230256800000,0.594
1230260400000,0.626
1230264000000,0.623
1230267600000,0.575
1230271200000,0.494
1230274800000,0.402
1230278400000,0.344
1230282000000,0.352
1230285600000,0.383
1230289200000,0.367
1230292800000,0.356
1230296400000,0.352
1230300000000,0.331
1230303600000,0.293
1230307200000,0.278
1230310800000,0.289
1230314400000,0.323
1230318000000,0.364
1230321600000,0.388
1230325200000,0.416
1230328800000,0.425
1230332400000,0.364
1230336000000,0.433
1230339600000,0.501
1230343200000,0.515
1230346800000,0.476
1230350400000,0.395
1230354000000,0.3
1230357600000,0.204
1230361200000,0.152
1230364800000,0.134
1230368400000,0.13
1230372000000,0.138
1230375600000,0.124
1230379200000,0.092
1230382800000,0.06
1230386400000,0.042
1230390000000,0.027
1230393600000,0.02
1230397200000,0.021
1230400800000,0.034
1230404400000,0.054
1230408000000,0.07
1230411600000,0.093
1230415200000,0.126
1230418800000,0.128
1230422400000,0.139
1230426000000,0.132
1230429600000,0.068
1230433200000,0.015
1230436800000,0.002
1230440400000,0.0
1230444000000,0.0
1230447600000,0.0
1230451200000,0.001
1230454800000,0.008
1230458400000,0.019
1230462000000,0.019
1230465600000,0.014
1230469200000,0.018
1230472800000,0.036
1230476400000,0.048
1230480000000,0.049
1230483600000,0.053
1230487200000,0.063
1230490800000,0.079
1230494400000,0.099
1230498000000,0.133
1230501600000,0.174
1230505200000,0.188
1230508800000,0.243
1230512400000,0.254
1230516000000,0.246
1230519600000,0.219
1230523200000,0.195
1230526800000,0.192
1230530400000,0.2
1230534000000,0.213
1230537600000,0.201
1230541200000,0.195
1230544800000,0.226
1230548400000,0.303
1230552000000,0.386
1230555600000,0.413
1230559200000,0.362
1230562800000,0.311
1230566400000,0.3
1230570000000,0.293
1230573600000,0.282
1230577200000,0.291
1230580800000,0.315
1230584400000,0.341
1230588000000,0.315
1230591600000,0.303
1230595200000,0.396
1230598800000,0.401
1230602400000,0.391
1230606000000,0.374
1230609600000,0.341
1230613200000,0.312
1230616800000,0.285
1230620400000,0.259
1230624000000,0.251
1230627600000,0.309
1230631200000,0.343
1230634800000,0.395
1230638400000,0.464
1230642000000,0.524
1230645600000,0.594
1230649200000,0.581
1230652800000,0.575
1230656400000,0.59
1230660000000,0.635
1230663600000,0.683
1230667200000,0.678
1230670800000,0.672
1230674400000,0.672
1230678000000,0.658
1230681600000,0.65
1230685200000,0.624
1230688800000,0.58
1230692400000,0.522
1230696000000,0.441
1230699600000,0.345
1230703200000,0.281
1230706800000,0.241
1230710400000,0.224
1230714000000,0.227
1230717600000,0.243
1230721200000,0.276
1230724800000,0.337
1230728400000,0.402
1230732000000,0.454
1230735600000,0.476
1230739200000,0.469
1230742800000,0.447
1230746400000,0.419
1230750000000,0.407
1230753600000,0.41
1230757200000,0.413
1230760800000,0.427
1230764400000,0.423
