,Mn7
725846400000,0.233
725850000000,0.22
725853600000,0.186
725857200000,0.155
725860800000,0.122
725864400000,0.105
725868000000,0.102
725871600000,0.106
725875200000,0.101
725878800000,0.102
725882400000,0.116
725886000000,0.118
725889600000,0.146
725893200000,0.165
725896800000,0.172
725900400000,0.18
725904000000,0.2
725907600000,0.204
725911200000,0.216
725914800000,0.223
725918400000,0.227
725922000000,0.223
725925600000,0.172
725929200000,0.188
725932800000,0.212
725936400000,0.196
725940000000,0.166
725943600000,0.14
725947200000,0.118
725950800000,0.101
725954400000,0.091
725958000000,0.093
725961600000,0.082
725965200000,0.086
725968800000,0.109
725972400000,0.122
725976000000,0.121
725979600000,0.121
725983200000,0.13
725986800000,0.127
725990400000,0.112
725994000000,0.144
725997600000,0.178
726001200000,0.201
726004800000,0.227
726008400000,0.253
726012000000,0.234
726015600000,0.485
726019200000,0.568
726022800000,0.504
726026400000,0.432
726030000000,0.388
726033600000,0.374
726037200000,0.347
726040800000,0.323
726044400000,0.295
726048000000,0.234
726051600000,0.201
726055200000,0.184
726058800000,0.167
726062400000,0.153
726066000000,0.133
726069600000,0.152
726073200000,0.203
726076800000,0.228
726080400000,0.218
726084000000,0.223
726087600000,0.22
726091200000,0.211
726094800000,0.22
726098400000,0.199
726102000000,0.313
726105600000,0.457
726109200000,0.466
726112800000,0.45
726116400000,0.42
726120000000,0.379
726123600000,0.341
726127200000,0.315
726130800000,0.3
726134400000,0.263
726138000000,0.253
726141600000,0.276
726145200000,0.281
726148800000,0.257
726152400000,0.235
726156000000,0.211
726159600000,0.192
726163200000,0.19
726166800000,0.186
726170400000,0.198
726174000000,0.241
726177600000,0.294
726181200000,0.337
726184800000,0.28
726188400000,0.454
726192000000,0.594
726195600000,0.59
726199200000,0.568
726202800000,0.517
726206400000,0.45
726210000000,0.391
726213600000,0.346
726217200000,0.311
726220800000,0.241
726224400000,0.226
726228000000,0.216
726231600000,0.189
726235200000,0.194
726238800000,0.205
726242400000,0.204
726246000000,0.176
726249600000,0.196
726253200000,0.243
726256800000,0.27
726260400000,0.289
726264000000,0.31
726267600000,0.295
726271200000,0.249
726274800000,0.364
726278400000,0.561
726282000000,0.571
726285600000,0.523
726289200000,0.469
726292800000,0.41
726296400000,0.339
726300000000,0.272
726303600000,0.221
726307200000,0.155
726310800000,0.13
726314400000,0.13
726318000000,0.135
726321600000,0.16
726325200000,0.194
726328800000,0.22
726332400000,0.212
726336000000,0.182
726339600000,0.133
726343200000,0.092
726346800000,0.061
726350400000,0.071
726354000000,0.167
726357600000,0.227
726361200000,0.289
726364800000,0.609
726368400000,0.692
726372000000,0.71
726375600000,0.7
726379200000,0.669
726382800000,0.648
726386400000,0.644
726390000000,0.631
726393600000,0.506
726397200000,0.325
726400800000,0.295
726404400000,0.337
726408000000,0.329
726411600000,0.328
726415200000,0.323
726418800000,0.322
726422400000,0.314
726426000000,0.285
726429600000,0.278
726433200000,0.291
726436800000,0.309
726440400000,0.346
726444000000,0.314
726447600000,0.482
726451200000,0.689
726454800000,0.748
726458400000,0.774
726462000000,0.786
726465600000,0.773
726469200000,0.75
726472800000,0.72
726476400000,0.661
726480000000,0.507
726483600000,0.367
726487200000,0.397
726490800000,0.391
726494400000,0.431
726498000000,0.457
726501600000,0.487
726505200000,0.493
726508800000,0.512
726512400000,0.517
726516000000,0.487
726519600000,0.48
726523200000,0.5
726526800000,0.526
726530400000,0.5
726534000000,0.578
726537600000,0.715
726541200000,0.724
726544800000,0.668
726548400000,0.599
726552000000,0.51
726555600000,0.413
726559200000,0.341
726562800000,0.294
726566400000,0.228
726570000000,0.178
726573600000,0.17
726577200000,0.183
726580800000,0.211
726584400000,0.238
726588000000,0.252
726591600000,0.266
726595200000,0.266
726598800000,0.275
726602400000,0.276
726606000000,0.28
726609600000,0.27
726613200000,0.236
726616800000,0.188
726620400000,0.324
726624000000,0.426
726627600000,0.386
726631200000,0.337
726634800000,0.294
726638400000,0.258
726642000000,0.243
726645600000,0.251
726649200000,0.27
726652800000,0.237
726656400000,0.168
726660000000,0.148
726663600000,0.142
726667200000,0.137
726670800000,0.115
726674400000,0.101
726678000000,0.096
726681600000,0.069
726685200000,0.051
726688800000,0.048
726692400000,0.048
726696000000,0.048
726699600000,0.069
726703200000,0.083
726706800000,0.154
726710400000,0.231
726714000000,0.217
726717600000,0.189
726721200000,0.171
726724800000,0.159
726728400000,0.149
726732000000,0.144
726735600000,0.146
726739200000,0.123
726742800000,0.093
726746400000,0.078
726750000000,0.064
726753600000,0.064
726757200000,0.061
726760800000,0.058
726764400000,0.061
726768000000,0.077
726771600000,0.127
726775200000,0.146
726778800000,0.162
726782400000,0.167
726786000000,0.176
726789600000,0.158
726793200000,0.289
726796800000,0.407
726800400000,0.395
726804000000,0.352
726807600000,0.337
726811200000,0.347
726814800000,0.367
726818400000,0.387
726822000000,0.407
726825600000,0.358
726829200000,0.233
726832800000,0.193
726836400000,0.201
726840000000,0.206
726843600000,0.202
726847200000,0.209
726850800000,0.202
726854400000,0.204
726858000000,0.209
726861600000,0.219
726865200000,0.253
726868800000,0.291
726872400000,0.312
726876000000,0.27
726879600000,0.434
726883200000,0.47
726886800000,0.431
726890400000,0.391
726894000000,0.379
726897600000,0.381
726901200000,0.384
726904800000,0.392
726908400000,0.388
726912000000,0.322
726915600000,0.191
726919200000,0.138
726922800000,0.125
726926400000,0.122
726930000000,0.12
726933600000,0.118
726937200000,0.125
726940800000,0.137
726944400000,0.15
726948000000,0.185
726951600000,0.205
726955200000,0.204
726958800000,0.191
726962400000,0.175
726966000000,0.406
726969600000,0.509
726973200000,0.531
726976800000,0.529
726980400000,0.538
726984000000,0.556
726987600000,0.568
726991200000,0.599
726994800000,0.58
726998400000,0.441
727002000000,0.237
727005600000,0.231
727009200000,0.337
727012800000,0.265
727016400000,0.219
727020000000,0.167
727023600000,0.154
727027200000,0.15
727030800000,0.146
727034400000,0.149
727038000000,0.169
727041600000,0.184
727045200000,0.186
727048800000,0.164
727052400000,0.293
727056000000,0.459
727059600000,0.498
727063200000,0.484
727066800000,0.457
727070400000,0.415
727074000000,0.364
727077600000,0.325
727081200000,0.284
727084800000,0.207
727088400000,0.168
727092000000,0.159
727095600000,0.165
727099200000,0.172
727102800000,0.173
727106400000,0.201
727110000000,0.187
727113600000,0.164
727117200000,0.157
727120800000,0.096
727124400000,0.038
727128000000,0.058
727131600000,0.071
727135200000,0.058
727138800000,0.093
727142400000,0.131
727146000000,0.122
727149600000,0.105
727153200000,0.114
727156800000,0.123
727160400000,0.12
727164000000,0.11
727167600000,0.1
727171200000,0.078
727174800000,0.073
727178400000,0.079
727182000000,0.081
727185600000,0.078
727189200000,0.083
727192800000,0.093
727196400000,0.108
727200000000,0.106
727203600000,0.101
727207200000,0.086
727210800000,0.077
727214400000,0.085
727218000000,0.111
727221600000,0.105
727225200000,0.179
727228800000,0.212
727232400000,0.22
727236000000,0.242
727239600000,0.258
727243200000,0.249
727246800000,0.228
727250400000,0.208
727254000000,0.192
727257600000,0.153
727261200000,0.119
727264800000,0.113
727268400000,0.089
727272000000,0.093
727275600000,0.096
727279200000,0.076
727282800000,0.062
727286400000,0.07
727290000000,0.082
727293600000,0.087
727297200000,0.113
727300800000,0.131
727304400000,0.158
727308000000,0.159
727311600000,0.266
727315200000,0.272
727318800000,0.222
727322400000,0.175
727326000000,0.136
727329600000,0.109
727333200000,0.089
727336800000,0.082
727340400000,0.084
727344000000,0.093
727347600000,0.115
727351200000,0.118
727354800000,0.096
727358400000,0.086
727362000000,0.084
727365600000,0.097
727369200000,0.105
727372800000,0.095
727376400000,0.087
727380000000,0.088
727383600000,0.1
727387200000,0.104
727390800000,0.096
727394400000,0.069
727398000000,0.085
727401600000,0.068
727405200000,0.04
727408800000,0.025
727412400000,0.023
727416000000,0.029
727419600000,0.038
727423200000,0.058
727426800000,0.09
727430400000,0.102
727434000000,0.106
727437600000,0.09
727441200000,0.077
727444800000,0.078
727448400000,0.07
727452000000,0.062
727455600000,0.068
727459200000,0.073
727462800000,0.07
727466400000,0.074
727470000000,0.088
727473600000,0.108
727477200000,0.116
727480800000,0.093
727484400000,0.172
727488000000,0.172
727491600000,0.14
727495200000,0.118
727498800000,0.098
727502400000,0.083
727506000000,0.072
727509600000,0.07
727513200000,0.074
727516800000,0.083
727520400000,0.11
727524000000,0.107
727527600000,0.099
727531200000,0.085
727534800000,0.067
727538400000,0.055
727542000000,0.058
727545600000,0.061
727549200000,0.062
727552800000,0.065
727556400000,0.064
727560000000,0.059
727563600000,0.066
727567200000,0.068
727570800000,0.094
727574400000,0.22
727578000000,0.258
727581600000,0.258
727585200000,0.262
727588800000,0.262
727592400000,0.272
727596000000,0.296
727599600000,0.316
727603200000,0.26
727606800000,0.228
727610400000,0.193
727614000000,0.158
727617600000,0.165
727621200000,0.142
727624800000,0.148
727628400000,0.158
727632000000,0.168
727635600000,0.202
727639200000,0.238
727642800000,0.3
727646400000,0.322
727650000000,0.337
727653600000,0.301
727657200000,0.383
727660800000,0.467
727664400000,0.457
727668000000,0.431
727671600000,0.391
727675200000,0.346
727678800000,0.299
727682400000,0.267
727686000000,0.249
727689600000,0.206
727693200000,0.209
727696800000,0.194
727700400000,0.157
727704000000,0.141
727707600000,0.134
727711200000,0.139
727714800000,0.152
727718400000,0.156
727722000000,0.16
727725600000,0.18
727729200000,0.165
727732800000,0.158
727736400000,0.145
727740000000,0.113
727743600000,0.199
727747200000,0.252
727750800000,0.245
727754400000,0.244
727758000000,0.225
727761600000,0.199
727765200000,0.18
727768800000,0.17
727772400000,0.164
727776000000,0.142
727779600000,0.152
727783200000,0.148
727786800000,0.122
727790400000,0.096
727794000000,0.068
727797600000,0.045
727801200000,0.043
727804800000,0.055
727808400000,0.058
727812000000,0.05
727815600000,0.046
727819200000,0.054
727822800000,0.08
727826400000,0.076
727830000000,0.071
727833600000,0.105
727837200000,0.114
727840800000,0.112
727844400000,0.095
727848000000,0.083
727851600000,0.076
727855200000,0.069
727858800000,0.067
727862400000,0.06
727866000000,0.062
727869600000,0.065
727873200000,0.062
727876800000,0.059
727880400000,0.048
727884000000,0.047
727887600000,0.051
727891200000,0.054
727894800000,0.061
727898400000,0.075
727902000000,0.081
727905600000,0.091
727909200000,0.111
727912800000,0.102
727916400000,0.089
727920000000,0.11
727923600000,0.106
727927200000,0.105
727930800000,0.1
727934400000,0.082
727938000000,0.061
727941600000,0.046
727945200000,0.037
727948800000,0.042
727952400000,0.07
727956000000,0.07
727959600000,0.058
727963200000,0.049
727966800000,0.05
727970400000,0.064
727974000000,0.086
727977600000,0.094
727981200000,0.097
727984800000,0.101
727988400000,0.114
727992000000,0.113
727995600000,0.093
727999200000,0.082
728002800000,0.066
728006400000,0.072
728010000000,0.058
728013600000,0.054
728017200000,0.066
728020800000,0.074
728024400000,0.068
728028000000,0.059
728031600000,0.047
728035200000,0.038
728038800000,0.035
728042400000,0.034
728046000000,0.029
728049600000,0.023
728053200000,0.019
728056800000,0.019
728060400000,0.023
728064000000,0.032
728067600000,0.042
728071200000,0.051
728074800000,0.052
728078400000,0.046
728082000000,0.036
728085600000,0.022
728089200000,0.017
728092800000,0.007
728096400000,0.003
728100000000,0.006
728103600000,0.019
728107200000,0.045
728110800000,0.067
728114400000,0.078
728118000000,0.07
728121600000,0.054
728125200000,0.053
728128800000,0.062
728132400000,0.058
728136000000,0.046
728139600000,0.038
728143200000,0.028
728146800000,0.03
728150400000,0.046
728154000000,0.078
728157600000,0.093
728161200000,0.084
728164800000,0.079
728168400000,0.07
728172000000,0.046
728175600000,0.039
728179200000,0.022
728182800000,0.015
728186400000,0.018
728190000000,0.025
728193600000,0.035
728197200000,0.052
728200800000,0.065
728204400000,0.064
728208000000,0.055
728211600000,0.051
728215200000,0.031
728218800000,0.011
728222400000,0.001
728226000000,0.0
728229600000,0.0
728233200000,0.0
728236800000,0.001
728240400000,0.001
728244000000,0.001
728247600000,0.001
728251200000,0.0
728254800000,0.0
728258400000,0.0
728262000000,0.0
728265600000,0.0
728269200000,0.001
728272800000,0.0
728276400000,0.0
728280000000,0.0
728283600000,0.001
728287200000,0.002
728290800000,0.001
728294400000,0.0
728298000000,0.0
728301600000,0.001
728305200000,0.0
728308800000,0.0
728312400000,0.0
728316000000,0.0
728319600000,0.0
728323200000,0.004
728326800000,0.007
728330400000,0.008
728334000000,0.009
728337600000,0.006
728341200000,0.002
728344800000,0.0
728348400000,0.0
728352000000,0.0
728355600000,0.0
728359200000,0.0
728362800000,0.0
728366400000,0.0
728370000000,0.002
728373600000,0.006
728377200000,0.016
728380800000,0.027
728384400000,0.049
728388000000,0.072
728391600000,0.087
728395200000,0.097
728398800000,0.103
728402400000,0.101
728406000000,0.099
728409600000,0.091
728413200000,0.087
728416800000,0.072
728420400000,0.057
728424000000,0.036
728427600000,0.032
728431200000,0.029
728434800000,0.074
728438400000,0.104
728442000000,0.082
728445600000,0.054
728449200000,0.041
728452800000,0.033
728456400000,0.027
728460000000,0.028
728463600000,0.033
728467200000,0.036
728470800000,0.041
728474400000,0.046
728478000000,0.055
728481600000,0.072
728485200000,0.074
728488800000,0.064
728492400000,0.063
728496000000,0.074
728499600000,0.078
728503200000,0.073
728506800000,0.078
728510400000,0.076
728514000000,0.076
728517600000,0.053
728521200000,0.122
728524800000,0.179
728528400000,0.203
728532000000,0.237
728535600000,0.223
728539200000,0.179
728542800000,0.153
728546400000,0.155
728550000000,0.15
728553600000,0.138
728557200000,0.136
728560800000,0.161
728564400000,0.191
728568000000,0.229
728571600000,0.234
728575200000,0.266
728578800000,0.289
728582400000,0.315
728586000000,0.278
728589600000,0.245
728593200000,0.21
728596800000,0.073
728600400000,0.136
728604000000,0.333
728607600000,0.501
728611200000,0.676
728614800000,0.717
728618400000,0.672
728622000000,0.647
728625600000,0.653
728629200000,0.686
728632800000,0.699
728636400000,0.686
728640000000,0.59
728643600000,0.451
728647200000,0.468
728650800000,0.435
728654400000,0.447
728658000000,0.458
728661600000,0.459
728665200000,0.421
728668800000,0.417
728672400000,0.43
728676000000,0.461
728679600000,0.471
728683200000,0.459
728686800000,0.467
728690400000,0.436
728694000000,0.577
728697600000,0.773
728701200000,0.809
728704800000,0.795
728708400000,0.77
728712000000,0.743
728715600000,0.725
728719200000,0.718
728722800000,0.699
728726400000,0.578
728730000000,0.339
728733600000,0.3
728737200000,0.309
728740800000,0.317
728744400000,0.325
728748000000,0.332
728751600000,0.342
728755200000,0.334
728758800000,0.341
728762400000,0.337
728766000000,0.374
728769600000,0.37
728773200000,0.363
728776800000,0.341
728780400000,0.556
728784000000,0.704
728787600000,0.718
728791200000,0.716
728794800000,0.7
728798400000,0.686
728802000000,0.646
728805600000,0.61
728809200000,0.548
728812800000,0.38
728816400000,0.251
728820000000,0.281
728823600000,0.322
728827200000,0.362
728830800000,0.406
728834400000,0.431
728838000000,0.437
728841600000,0.398
728845200000,0.343
728848800000,0.314
728852400000,0.298
728856000000,0.311
728859600000,0.331
728863200000,0.296
728866800000,0.394
728870400000,0.679
728874000000,0.774
728877600000,0.751
728881200000,0.711
728884800000,0.661
728888400000,0.607
728892000000,0.55
728895600000,0.459
728899200000,0.337
728902800000,0.256
728906400000,0.274
728910000000,0.231
728913600000,0.174
728917200000,0.133
728920800000,0.101
728924400000,0.101
728928000000,0.135
728931600000,0.141
728935200000,0.157
728938800000,0.176
728942400000,0.197
728946000000,0.196
728949600000,0.158
728953200000,0.281
728956800000,0.368
728960400000,0.332
728964000000,0.281
728967600000,0.259
728971200000,0.255
728974800000,0.259
728978400000,0.259
728982000000,0.254
728985600000,0.212
728989200000,0.167
728992800000,0.16
728996400000,0.169
729000000000,0.202
729003600000,0.205
729007200000,0.174
729010800000,0.132
729014400000,0.078
729018000000,0.058
729021600000,0.042
729025200000,0.038
729028800000,0.037
729032400000,0.036
729036000000,0.027
729039600000,0.07
729043200000,0.061
729046800000,0.052
729050400000,0.052
729054000000,0.057
729057600000,0.07
729061200000,0.085
729064800000,0.099
729068400000,0.114
729072000000,0.103
729075600000,0.094
729079200000,0.076
729082800000,0.064
729086400000,0.061
729090000000,0.069
729093600000,0.069
729097200000,0.069
729100800000,0.076
729104400000,0.074
729108000000,0.084
729111600000,0.101
729115200000,0.115
729118800000,0.126
729122400000,0.116
729126000000,0.195
729129600000,0.197
729133200000,0.185
729136800000,0.166
729140400000,0.144
729144000000,0.132
729147600000,0.125
729151200000,0.131
729154800000,0.136
729158400000,0.117
729162000000,0.095
729165600000,0.095
729169200000,0.078
729172800000,0.069
729176400000,0.074
729180000000,0.076
729183600000,0.061
729187200000,0.058
729190800000,0.063
729194400000,0.08
729198000000,0.101
729201600000,0.101
729205200000,0.116
729208800000,0.073
729212400000,0.085
729216000000,0.068
729219600000,0.045
729223200000,0.028
729226800000,0.024
729230400000,0.027
729234000000,0.032
729237600000,0.038
729241200000,0.042
729244800000,0.034
729248400000,0.038
729252000000,0.046
729255600000,0.044
729259200000,0.068
729262800000,0.101
729266400000,0.089
729270000000,0.068
729273600000,0.047
729277200000,0.035
729280800000,0.041
729284400000,0.058
729288000000,0.093
729291600000,0.12
729295200000,0.101
729298800000,0.158
729302400000,0.232
729306000000,0.219
729309600000,0.192
729313200000,0.168
729316800000,0.161
729320400000,0.157
729324000000,0.155
729327600000,0.147
729331200000,0.115
729334800000,0.096
729338400000,0.102
729342000000,0.096
729345600000,0.1
729349200000,0.083
729352800000,0.082
729356400000,0.085
729360000000,0.078
729363600000,0.089
729367200000,0.09
729370800000,0.094
729374400000,0.101
729378000000,0.095
729381600000,0.073
729385200000,0.112
729388800000,0.144
729392400000,0.161
729396000000,0.178
729399600000,0.175
729403200000,0.152
729406800000,0.132
729410400000,0.117
729414000000,0.11
729417600000,0.1
729421200000,0.11
729424800000,0.106
729428400000,0.084
729432000000,0.068
729435600000,0.047
729439200000,0.032
729442800000,0.025
729446400000,0.024
729450000000,0.022
729453600000,0.022
729457200000,0.025
729460800000,0.03
729464400000,0.034
729468000000,0.035
729471600000,0.073
729475200000,0.112
729478800000,0.086
729482400000,0.066
729486000000,0.051
729489600000,0.041
729493200000,0.033
729496800000,0.028
729500400000,0.032
729504000000,0.042
729507600000,0.059
729511200000,0.078
729514800000,0.08
729518400000,0.08
729522000000,0.072
729525600000,0.058
729529200000,0.048
729532800000,0.032
729536400000,0.027
729540000000,0.024
729543600000,0.023
729547200000,0.026
729550800000,0.035
729554400000,0.036
729558000000,0.074
729561600000,0.097
729565200000,0.101
729568800000,0.096
729572400000,0.084
729576000000,0.066
729579600000,0.049
729583200000,0.043
729586800000,0.042
729590400000,0.044
729594000000,0.042
729597600000,0.041
729601200000,0.04
729604800000,0.041
729608400000,0.037
729612000000,0.03
729615600000,0.027
729619200000,0.027
729622800000,0.032
729626400000,0.035
729630000000,0.046
729633600000,0.07
729637200000,0.086
729640800000,0.071
729644400000,0.146
729648000000,0.197
729651600000,0.206
729655200000,0.21
729658800000,0.23
729662400000,0.256
729666000000,0.27
729669600000,0.295
729673200000,0.305
729676800000,0.224
729680400000,0.154
729684000000,0.16
729687600000,0.175
729691200000,0.138
729694800000,0.147
729698400000,0.112
729702000000,0.127
729705600000,0.155
729709200000,0.147
729712800000,0.134
729716400000,0.125
729720000000,0.101
729723600000,0.097
729727200000,0.083
729730800000,0.149
729734400000,0.174
729738000000,0.142
729741600000,0.106
729745200000,0.086
729748800000,0.077
729752400000,0.069
729756000000,0.064
729759600000,0.071
729763200000,0.073
729766800000,0.074
729770400000,0.077
729774000000,0.082
729777600000,0.079
729781200000,0.082
729784800000,0.089
729788400000,0.084
729792000000,0.083
729795600000,0.086
729799200000,0.084
729802800000,0.09
729806400000,0.101
729810000000,0.111
729813600000,0.093
729817200000,0.124
729820800000,0.13
729824400000,0.114
729828000000,0.099
729831600000,0.093
729835200000,0.095
729838800000,0.096
729842400000,0.089
729846000000,0.077
729849600000,0.055
729853200000,0.047
729856800000,0.043
729860400000,0.043
729864000000,0.043
729867600000,0.041
729871200000,0.043
729874800000,0.051
729878400000,0.064
729882000000,0.064
729885600000,0.066
729889200000,0.073
729892800000,0.082
729896400000,0.095
729900000000,0.077
729903600000,0.114
729907200000,0.135
729910800000,0.13
729914400000,0.125
729918000000,0.126
729921600000,0.124
729925200000,0.126
729928800000,0.13
729932400000,0.13
729936000000,0.107
729939600000,0.093
729943200000,0.117
729946800000,0.122
729950400000,0.139
729954000000,0.136
729957600000,0.124
729961200000,0.097
729964800000,0.1
729968400000,0.13
729972000000,0.168
729975600000,0.178
729979200000,0.188
729982800000,0.202
729986400000,0.168
729990000000,0.278
729993600000,0.356
729997200000,0.382
730000800000,0.407
730004400000,0.439
730008000000,0.473
730011600000,0.47
730015200000,0.413
730018800000,0.311
730022400000,0.179
730026000000,0.117
730029600000,0.122
730033200000,0.114
730036800000,0.138
730040400000,0.144
730044000000,0.156
730047600000,0.155
730051200000,0.152
730054800000,0.133
730058400000,0.119
730062000000,0.107
730065600000,0.096
730069200000,0.091
730072800000,0.072
730076400000,0.12
730080000000,0.14
730083600000,0.124
730087200000,0.103
730090800000,0.078
730094400000,0.061
730098000000,0.05
730101600000,0.046
730105200000,0.048
730108800000,0.05
730112400000,0.051
730116000000,0.064
730119600000,0.071
730123200000,0.078
730126800000,0.082
730130400000,0.085
730134000000,0.103
730137600000,0.099
730141200000,0.08
730144800000,0.062
730148400000,0.051
730152000000,0.058
730155600000,0.057
730159200000,0.047
730162800000,0.071
730166400000,0.072
730170000000,0.055
730173600000,0.037
730177200000,0.026
730180800000,0.016
730184400000,0.008
730188000000,0.007
730191600000,0.014
730195200000,0.023
730198800000,0.036
730202400000,0.054
730206000000,0.063
730209600000,0.05
730213200000,0.04
730216800000,0.034
730220400000,0.033
730224000000,0.042
730227600000,0.059
730231200000,0.066
730234800000,0.068
730238400000,0.065
730242000000,0.081
730245600000,0.068
730249200000,0.077
730252800000,0.083
730256400000,0.067
730260000000,0.041
730263600000,0.019
730267200000,0.007
730270800000,0.003
730274400000,0.003
730278000000,0.004
730281600000,0.005
730285200000,0.006
730288800000,0.007
730292400000,0.009
730296000000,0.016
730299600000,0.021
730303200000,0.029
730306800000,0.038
730310400000,0.053
730314000000,0.059
730317600000,0.069
730321200000,0.069
730324800000,0.064
730328400000,0.053
730332000000,0.038
730335600000,0.076
730339200000,0.132
730342800000,0.142
730346400000,0.107
730350000000,0.078
730353600000,0.057
730357200000,0.044
730360800000,0.04
730364400000,0.042
730368000000,0.048
730371600000,0.047
730375200000,0.055
730378800000,0.057
730382400000,0.059
730386000000,0.057
730389600000,0.052
730393200000,0.054
730396800000,0.069
730400400000,0.082
730404000000,0.096
730407600000,0.113
730411200000,0.147
730414800000,0.141
730418400000,0.117
730422000000,0.2
730425600000,0.266
730429200000,0.267
730432800000,0.253
730436400000,0.241
730440000000,0.228
730443600000,0.221
730447200000,0.223
730450800000,0.228
730454400000,0.214
730458000000,0.168
730461600000,0.163
730465200000,0.153
730468800000,0.158
730472400000,0.2
730476000000,0.208
730479600000,0.22
730483200000,0.212
730486800000,0.231
730490400000,0.225
730494000000,0.189
730497600000,0.219
730501200000,0.278
730504800000,0.227
730508400000,0.355
730512000000,0.361
730515600000,0.272
730519200000,0.171
730522800000,0.123
730526400000,0.112
730530000000,0.117
730533600000,0.125
730537200000,0.141
730540800000,0.151
730544400000,0.14
730548000000,0.147
730551600000,0.156
730555200000,0.161
730558800000,0.145
730562400000,0.143
730566000000,0.146
730569600000,0.16
730573200000,0.17
730576800000,0.177
730580400000,0.199
730584000000,0.213
730587600000,0.235
730591200000,0.204
730594800000,0.338
730598400000,0.407
730602000000,0.397
730605600000,0.363
730609200000,0.35
730612800000,0.349
730616400000,0.358
730620000000,0.349
730623600000,0.323
730627200000,0.243
730630800000,0.17
730634400000,0.171
730638000000,0.126
730641600000,0.1
730645200000,0.096
730648800000,0.09
730652400000,0.08
730656000000,0.077
730659600000,0.103
730663200000,0.096
730666800000,0.1
730670400000,0.093
730674000000,0.086
730677600000,0.102
730681200000,0.192
730684800000,0.55
730688400000,0.829
730692000000,0.845
730695600000,0.791
730699200000,0.706
730702800000,0.596
730706400000,0.51
730710000000,0.447
730713600000,0.362
730717200000,0.238
730720800000,0.209
730724400000,0.22
730728000000,0.224
730731600000,0.233
730735200000,0.241
730738800000,0.247
730742400000,0.212
730746000000,0.169
730749600000,0.166
730753200000,0.185
730756800000,0.206
730760400000,0.227
730764000000,0.193
730767600000,0.332
730771200000,0.374
730774800000,0.344
730778400000,0.302
730782000000,0.265
730785600000,0.238
730789200000,0.223
730792800000,0.215
730796400000,0.205
730800000000,0.167
730803600000,0.146
730807200000,0.127
730810800000,0.103
730814400000,0.09
730818000000,0.08
730821600000,0.078
730825200000,0.084
730828800000,0.089
730832400000,0.124
730836000000,0.131
730839600000,0.12
730843200000,0.112
730846800000,0.109
730850400000,0.068
730854000000,0.155
730857600000,0.21
730861200000,0.209
730864800000,0.212
730868400000,0.237
730872000000,0.27
730875600000,0.3
730879200000,0.262
730882800000,0.181
730886400000,0.101
730890000000,0.078
730893600000,0.094
730897200000,0.117
730900800000,0.164
730904400000,0.171
730908000000,0.179
730911600000,0.163
730915200000,0.221
730918800000,0.272
730922400000,0.378
730926000000,0.34
730929600000,0.225
730933200000,0.131
730936800000,0.061
730940400000,0.064
730944000000,0.111
730947600000,0.14
730951200000,0.136
730954800000,0.112
730958400000,0.093
730962000000,0.079
730965600000,0.059
730969200000,0.058
730972800000,0.039
730976400000,0.038
730980000000,0.051
730983600000,0.067
730987200000,0.071
730990800000,0.065
730994400000,0.052
730998000000,0.044
731001600000,0.045
731005200000,0.047
731008800000,0.05
731012400000,0.049
731016000000,0.05
731019600000,0.057
731023200000,0.046
731026800000,0.123
731030400000,0.185
731034000000,0.208
731037600000,0.206
731041200000,0.191
731044800000,0.187
731048400000,0.191
731052000000,0.19
731055600000,0.184
731059200000,0.157
731062800000,0.145
731066400000,0.181
731070000000,0.206
731073600000,0.197
731077200000,0.19
731080800000,0.195
731084400000,0.182
731088000000,0.161
731091600000,0.144
731095200000,0.114
731098800000,0.076
731102400000,0.071
731106000000,0.088
731109600000,0.096
731113200000,0.237
731116800000,0.311
731120400000,0.312
731124000000,0.261
731127600000,0.202
731131200000,0.156
731134800000,0.139
731138400000,0.151
731142000000,0.177
731145600000,0.182
731149200000,0.152
731152800000,0.149
731156400000,0.163
731160000000,0.171
731163600000,0.198
731167200000,0.183
731170800000,0.164
731174400000,0.126
731178000000,0.108
731181600000,0.085
731185200000,0.079
731188800000,0.072
731192400000,0.07
731196000000,0.061
731199600000,0.169
731203200000,0.185
731206800000,0.152
731210400000,0.111
731214000000,0.086
731217600000,0.079
731221200000,0.086
731224800000,0.104
731228400000,0.149
731232000000,0.186
731235600000,0.178
731239200000,0.16
731242800000,0.152
731246400000,0.148
731250000000,0.16
731253600000,0.146
731257200000,0.118
731260800000,0.096
731264400000,0.084
731268000000,0.065
731271600000,0.056
731275200000,0.052
731278800000,0.046
731282400000,0.036
731286000000,0.078
731289600000,0.076
731293200000,0.068
731296800000,0.061
731300400000,0.055
731304000000,0.06
731307600000,0.079
731311200000,0.109
731314800000,0.152
731318400000,0.183
731322000000,0.179
731325600000,0.173
731329200000,0.154
731332800000,0.167
731336400000,0.145
731340000000,0.112
731343600000,0.093
731347200000,0.084
731350800000,0.101
731354400000,0.132
731358000000,0.163
731361600000,0.188
731365200000,0.201
731368800000,0.157
731372400000,0.232
731376000000,0.311
731379600000,0.323
731383200000,0.32
731386800000,0.325
731390400000,0.332
731394000000,0.344
731397600000,0.359
731401200000,0.361
731404800000,0.305
731408400000,0.182
731412000000,0.151
731415600000,0.177
731419200000,0.172
731422800000,0.147
731426400000,0.126
731430000000,0.124
731433600000,0.133
731437200000,0.156
731440800000,0.169
731444400000,0.175
731448000000,0.188
731451600000,0.207
731455200000,0.205
731458800000,0.491
731462400000,0.572
731466000000,0.571
731469600000,0.556
731473200000,0.525
731476800000,0.494
731480400000,0.466
731484000000,0.433
731487600000,0.398
731491200000,0.3
731494800000,0.155
731498400000,0.111
731502000000,0.112
731505600000,0.148
731509200000,0.201
731512800000,0.231
731516400000,0.245
731520000000,0.258
731523600000,0.265
731527200000,0.228
731530800000,0.216
731534400000,0.225
731538000000,0.22
731541600000,0.17
731545200000,0.362
731548800000,0.452
731552400000,0.447
731556000000,0.441
731559600000,0.465
731563200000,0.481
731566800000,0.488
731570400000,0.478
731574000000,0.422
731577600000,0.294
731581200000,0.149
731584800000,0.136
731588400000,0.122
731592000000,0.104
731595600000,0.107
731599200000,0.125
731602800000,0.145
731606400000,0.152
731610000000,0.161
731613600000,0.167
731617200000,0.181
731620800000,0.184
731624400000,0.22
731628000000,0.252
731631600000,0.513
731635200000,0.71
731638800000,0.737
731642400000,0.712
731646000000,0.676
731649600000,0.661
731653200000,0.642
731656800000,0.605
731660400000,0.548
731664000000,0.4
731667600000,0.313
731671200000,0.334
731674800000,0.311
731678400000,0.298
731682000000,0.291
731685600000,0.254
731689200000,0.251
731692800000,0.261
731696400000,0.272
731700000000,0.282
731703600000,0.292
731707200000,0.307
731710800000,0.33
731714400000,0.323
731718000000,0.572
731721600000,0.632
731725200000,0.601
731728800000,0.546
731732400000,0.476
731736000000,0.407
731739600000,0.369
731743200000,0.367
731746800000,0.374
731750400000,0.343
731754000000,0.288
731757600000,0.25
731761200000,0.213
731764800000,0.241
731768400000,0.251
731772000000,0.255
731775600000,0.259
731779200000,0.265
731782800000,0.22
731786400000,0.209
731790000000,0.183
731793600000,0.192
731797200000,0.218
731800800000,0.188
731804400000,0.432
731808000000,0.494
731811600000,0.425
731815200000,0.334
731818800000,0.247
731822400000,0.182
731826000000,0.146
731829600000,0.129
731833200000,0.124
731836800000,0.123
731840400000,0.13
731844000000,0.138
731847600000,0.126
731851200000,0.121
731854800000,0.108
731858400000,0.084
731862000000,0.084
731865600000,0.097
731869200000,0.105
731872800000,0.105
731876400000,0.123
731880000000,0.127
731883600000,0.142
731887200000,0.125
731890800000,0.251
731894400000,0.28
731898000000,0.241
731901600000,0.197
731905200000,0.156
731908800000,0.121
731912400000,0.101
731916000000,0.093
731919600000,0.112
731923200000,0.135
731926800000,0.171
731930400000,0.188
731934000000,0.167
731937600000,0.146
731941200000,0.131
731944800000,0.127
731948400000,0.128
731952000000,0.127
731955600000,0.13
731959200000,0.131
731962800000,0.142
731966400000,0.168
731970000000,0.192
731973600000,0.161
731977200000,0.283
731980800000,0.31
731984400000,0.302
731988000000,0.294
731991600000,0.278
731995200000,0.255
731998800000,0.231
732002400000,0.214
732006000000,0.204
732009600000,0.192
732013200000,0.185
732016800000,0.189
732020400000,0.189
732024000000,0.178
732027600000,0.179
732031200000,0.156
732034800000,0.113
732038400000,0.074
732042000000,0.051
732045600000,0.044
732049200000,0.041
732052800000,0.048
732056400000,0.07
732060000000,0.073
732063600000,0.18
732067200000,0.199
732070800000,0.177
732074400000,0.155
732078000000,0.128
732081600000,0.113
732085200000,0.103
732088800000,0.09
732092400000,0.082
732096000000,0.08
732099600000,0.094
732103200000,0.115
732106800000,0.119
732110400000,0.133
732114000000,0.126
732117600000,0.13
732121200000,0.131
732124800000,0.123
732128400000,0.106
732132000000,0.103
732135600000,0.118
732139200000,0.111
732142800000,0.126
732146400000,0.096
732150000000,0.173
732153600000,0.156
732157200000,0.122
732160800000,0.093
732164400000,0.064
732168000000,0.04
732171600000,0.025
732175200000,0.017
732178800000,0.015
732182400000,0.018
732186000000,0.033
732189600000,0.046
732193200000,0.043
732196800000,0.041
732200400000,0.041
732204000000,0.034
732207600000,0.028
732211200000,0.02
732214800000,0.013
732218400000,0.011
732222000000,0.011
732225600000,0.015
732229200000,0.013
732232800000,0.008
732236400000,0.007
732240000000,0.001
732243600000,0.001
732247200000,0.0
732250800000,0.0
732254400000,0.0
732258000000,0.0
732261600000,0.002
732265200000,0.013
732268800000,0.031
732272400000,0.045
732276000000,0.038
732279600000,0.027
732283200000,0.025
732286800000,0.02
732290400000,0.023
732294000000,0.026
732297600000,0.031
732301200000,0.039
732304800000,0.045
732308400000,0.05
732312000000,0.062
732315600000,0.069
732319200000,0.036
732322800000,0.037
732326400000,0.025
732330000000,0.01
732333600000,0.002
732337200000,0.0
732340800000,0.0
732344400000,0.001
732348000000,0.005
732351600000,0.02
732355200000,0.033
732358800000,0.042
732362400000,0.039
732366000000,0.032
732369600000,0.026
732373200000,0.026
732376800000,0.026
732380400000,0.024
732384000000,0.025
732387600000,0.031
732391200000,0.042
732394800000,0.05
732398400000,0.058
732402000000,0.055
732405600000,0.035
732409200000,0.045
732412800000,0.044
732416400000,0.043
732420000000,0.043
732423600000,0.046
732427200000,0.05
732430800000,0.056
732434400000,0.064
732438000000,0.074
732441600000,0.07
732445200000,0.065
732448800000,0.054
732452400000,0.03
732456000000,0.016
732459600000,0.009
732463200000,0.006
732466800000,0.005
732470400000,0.004
732474000000,0.003
732477600000,0.004
732481200000,0.006
732484800000,0.009
732488400000,0.012
732492000000,0.007
732495600000,0.002
732499200000,0.001
732502800000,0.003
732506400000,0.005
732510000000,0.008
732513600000,0.011
732517200000,0.017
732520800000,0.026
732524400000,0.045
732528000000,0.073
732531600000,0.118
732535200000,0.136
732538800000,0.095
732542400000,0.063
732546000000,0.053
732549600000,0.035
732553200000,0.027
732556800000,0.028
732560400000,0.03
732564000000,0.036
732567600000,0.042
732571200000,0.046
732574800000,0.045
732578400000,0.033
732582000000,0.04
732585600000,0.039
732589200000,0.034
732592800000,0.038
732596400000,0.048
732600000000,0.06
732603600000,0.077
732607200000,0.101
732610800000,0.132
732614400000,0.15
732618000000,0.154
732621600000,0.152
732625200000,0.127
732628800000,0.123
732632400000,0.101
732636000000,0.08
732639600000,0.08
732643200000,0.096
732646800000,0.116
732650400000,0.133
732654000000,0.155
732657600000,0.158
732661200000,0.148
732664800000,0.112
732668400000,0.245
732672000000,0.306
732675600000,0.309
732679200000,0.305
732682800000,0.313
732686400000,0.317
732690000000,0.305
732693600000,0.284
732697200000,0.256
732700800000,0.223
732704400000,0.195
732708000000,0.186
732711600000,0.182
732715200000,0.193
732718800000,0.184
732722400000,0.192
732726000000,0.201
732729600000,0.223
732733200000,0.253
732736800000,0.268
732740400000,0.277
732744000000,0.3
732747600000,0.361
732751200000,0.338
732754800000,0.613
732758400000,0.668
732762000000,0.646
732765600000,0.605
732769200000,0.552
732772800000,0.505
732776400000,0.447
732780000000,0.403
732783600000,0.38
732787200000,0.352
732790800000,0.311
732794400000,0.294
732798000000,0.259
732801600000,0.279
732805200000,0.289
732808800000,0.292
732812400000,0.295
732816000000,0.301
732819600000,0.308
732823200000,0.281
732826800000,0.325
732830400000,0.379
732834000000,0.421
732837600000,0.401
732841200000,0.666
732844800000,0.722
732848400000,0.678
732852000000,0.626
732855600000,0.58
732859200000,0.546
732862800000,0.507
732866400000,0.458
732870000000,0.416
732873600000,0.362
732877200000,0.27
732880800000,0.246
732884400000,0.246
732888000000,0.249
732891600000,0.255
732895200000,0.261
732898800000,0.278
732902400000,0.304
732906000000,0.302
732909600000,0.293
732913200000,0.278
732916800000,0.294
732920400000,0.294
732924000000,0.262
732927600000,0.419
732931200000,0.386
732934800000,0.343
732938400000,0.312
732942000000,0.288
732945600000,0.255
732949200000,0.222
732952800000,0.2
732956400000,0.186
732960000000,0.18
732963600000,0.158
732967200000,0.155
732970800000,0.136
732974400000,0.112
732978000000,0.1
732981600000,0.07
732985200000,0.054
732988800000,0.045
732992400000,0.039
732996000000,0.041
732999600000,0.043
733003200000,0.048
733006800000,0.055
733010400000,0.045
733014000000,0.128
733017600000,0.142
733021200000,0.131
733024800000,0.12
733028400000,0.124
733032000000,0.148
733035600000,0.184
733039200000,0.223
733042800000,0.251
733046400000,0.228
733050000000,0.139
733053600000,0.105
733057200000,0.124
733060800000,0.156
733064400000,0.145
733068000000,0.148
733071600000,0.153
733075200000,0.154
733078800000,0.163
733082400000,0.154
733086000000,0.158
733089600000,0.174
733093200000,0.185
733096800000,0.204
733100400000,0.368
733104000000,0.32
733107600000,0.231
733111200000,0.157
733114800000,0.108
733118400000,0.085
733122000000,0.079
733125600000,0.088
733129200000,0.103
733132800000,0.11
733136400000,0.118
733140000000,0.133
733143600000,0.134
733147200000,0.119
733150800000,0.109
733154400000,0.114
733158000000,0.077
733161600000,0.052
733165200000,0.048
733168800000,0.054
733172400000,0.07
733176000000,0.081
733179600000,0.082
733183200000,0.057
733186800000,0.088
733190400000,0.183
733194000000,0.215
733197600000,0.174
733201200000,0.136
733204800000,0.136
733208400000,0.179
733212000000,0.235
733215600000,0.257
733219200000,0.218
733222800000,0.184
733226400000,0.24
733230000000,0.165
733233600000,0.108
733237200000,0.056
733240800000,0.037
733244400000,0.04
733248000000,0.068
733251600000,0.087
733255200000,0.074
733258800000,0.034
733262400000,0.017
733266000000,0.019
733269600000,0.03
733273200000,0.099
733276800000,0.103
733280400000,0.092
733284000000,0.078
733287600000,0.057
733291200000,0.036
733294800000,0.017
733298400000,0.007
733302000000,0.005
733305600000,0.011
733309200000,0.024
733312800000,0.029
733316400000,0.018
733320000000,0.003
733323600000,0.0
733327200000,0.0
733330800000,0.002
733334400000,0.0
733338000000,0.0
733341600000,0.0
733345200000,0.002
733348800000,0.012
733352400000,0.037
733356000000,0.049
733359600000,0.042
733363200000,0.06
733366800000,0.052
733370400000,0.028
733374000000,0.008
733377600000,0.002
733381200000,0.0
733384800000,0.001
733388400000,0.006
733392000000,0.01
733395600000,0.019
733399200000,0.036
733402800000,0.056
733406400000,0.087
733410000000,0.106
733413600000,0.124
733417200000,0.116
733420800000,0.097
733424400000,0.076
733428000000,0.055
733431600000,0.045
733435200000,0.046
733438800000,0.058
733442400000,0.059
733446000000,0.12
733449600000,0.115
733453200000,0.089
733456800000,0.068
733460400000,0.058
733464000000,0.058
733467600000,0.063
733471200000,0.069
733474800000,0.068
733478400000,0.063
733482000000,0.067
733485600000,0.079
733489200000,0.083
733492800000,0.085
733496400000,0.086
733500000000,0.081
733503600000,0.07
733507200000,0.055
733510800000,0.035
733514400000,0.023
733518000000,0.022
733521600000,0.027
733525200000,0.031
733528800000,0.027
733532400000,0.06
733536000000,0.049
733539600000,0.028
733543200000,0.019
733546800000,0.02
733550400000,0.024
733554000000,0.029
733557600000,0.035
733561200000,0.044
733564800000,0.058
733568400000,0.069
733572000000,0.084
733575600000,0.058
733579200000,0.031
733582800000,0.018
733586400000,0.018
733590000000,0.024
733593600000,0.028
733597200000,0.025
733600800000,0.02
733604400000,0.019
733608000000,0.021
733611600000,0.021
733615200000,0.015
733618800000,0.033
733622400000,0.035
733626000000,0.023
733629600000,0.012
733633200000,0.006
733636800000,0.004
733640400000,0.006
733644000000,0.02
733647600000,0.038
733651200000,0.036
733654800000,0.041
733658400000,0.057
733662000000,0.07
733665600000,0.074
733669200000,0.06
733672800000,0.041
733676400000,0.024
733680000000,0.015
733683600000,0.01
733687200000,0.006
733690800000,0.005
733694400000,0.002
733698000000,0.001
733701600000,0.001
733705200000,0.021
733708800000,0.037
733712400000,0.03
733716000000,0.018
733719600000,0.01
733723200000,0.011
733726800000,0.014
733730400000,0.014
733734000000,0.009
733737600000,0.003
733741200000,0.0
733744800000,0.0
733748400000,0.0
733752000000,0.0
733755600000,0.002
733759200000,0.002
733762800000,0.0
733766400000,0.0
733770000000,0.0
733773600000,0.0
733777200000,0.0
733780800000,0.0
733784400000,0.0
733788000000,0.001
733791600000,0.007
733795200000,0.013
733798800000,0.012
733802400000,0.006
733806000000,0.003
733809600000,0.002
733813200000,0.002
733816800000,0.002
733820400000,0.007
733824000000,0.015
733827600000,0.025
733831200000,0.043
733834800000,0.059
733838400000,0.066
733842000000,0.068
733845600000,0.059
733849200000,0.047
733852800000,0.039
733856400000,0.036
733860000000,0.032
733863600000,0.03
733867200000,0.029
733870800000,0.022
733874400000,0.016
733878000000,0.036
733881600000,0.036
733885200000,0.027
733888800000,0.019
733892400000,0.018
733896000000,0.02
733899600000,0.022
733903200000,0.027
733906800000,0.032
733910400000,0.032
733914000000,0.037
733917600000,0.045
733921200000,0.04
733924800000,0.043
733928400000,0.051
733932000000,0.061
733935600000,0.061
733939200000,0.054
733942800000,0.048
733946400000,0.038
733950000000,0.036
733953600000,0.04
733957200000,0.045
733960800000,0.041
733964400000,0.063
733968000000,0.047
733971600000,0.028
733975200000,0.014
733978800000,0.008
733982400000,0.008
733986000000,0.013
733989600000,0.026
733993200000,0.048
733996800000,0.062
734000400000,0.073
734004000000,0.073
734007600000,0.065
734011200000,0.047
734014800000,0.038
734018400000,0.025
734022000000,0.013
734025600000,0.007
734029200000,0.004
734032800000,0.004
734036400000,0.004
734040000000,0.005
734043600000,0.009
734047200000,0.007
734050800000,0.006
734054400000,0.004
734058000000,0.006
734061600000,0.011
734065200000,0.017
734068800000,0.026
734072400000,0.035
734076000000,0.045
734079600000,0.058
734083200000,0.074
734086800000,0.099
734090400000,0.103
734094000000,0.071
734097600000,0.037
734101200000,0.02
734104800000,0.013
734108400000,0.011
734112000000,0.01
734115600000,0.011
734119200000,0.014
734122800000,0.019
734126400000,0.025
734130000000,0.034
734133600000,0.026
734137200000,0.062
734140800000,0.076
734144400000,0.072
734148000000,0.071
734151600000,0.06
734155200000,0.048
734158800000,0.05
734162400000,0.055
734166000000,0.05
734169600000,0.041
734173200000,0.041
734176800000,0.05
734180400000,0.052
734184000000,0.047
734187600000,0.049
734191200000,0.048
734194800000,0.044
734198400000,0.046
734202000000,0.055
734205600000,0.076
734209200000,0.093
734212800000,0.112
734216400000,0.121
734220000000,0.095
734223600000,0.177
734227200000,0.186
734230800000,0.15
734234400000,0.12
734238000000,0.11
734241600000,0.111
734245200000,0.118
734248800000,0.121
734252400000,0.113
734256000000,0.093
734259600000,0.077
734263200000,0.071
734266800000,0.057
734270400000,0.044
734274000000,0.034
734277600000,0.027
734281200000,0.021
734284800000,0.016
734288400000,0.014
734292000000,0.019
734295600000,0.035
734299200000,0.057
734302800000,0.076
734306400000,0.077
734310000000,0.14
734313600000,0.187
734317200000,0.203
734320800000,0.192
734324400000,0.173
734328000000,0.154
734331600000,0.134
734335200000,0.123
734338800000,0.121
734342400000,0.118
734346000000,0.119
734349600000,0.13
734353200000,0.114
734356800000,0.095
734360400000,0.098
734364000000,0.099
734367600000,0.09
734371200000,0.077
734374800000,0.08
734378400000,0.107
734382000000,0.135
734385600000,0.155
734389200000,0.159
734392800000,0.117
734396400000,0.165
734400000000,0.159
734403600000,0.127
734407200000,0.1
734410800000,0.076
734414400000,0.057
734418000000,0.044
734421600000,0.041
734425200000,0.045
734428800000,0.055
734432400000,0.078
734436000000,0.093
734439600000,0.084
734443200000,0.077
734446800000,0.075
734450400000,0.067
734454000000,0.058
734457600000,0.046
734461200000,0.039
734464800000,0.04
734468400000,0.05
734472000000,0.057
734475600000,0.061
734479200000,0.058
734482800000,0.099
734486400000,0.093
734490000000,0.078
734493600000,0.064
734497200000,0.047
734500800000,0.035
734504400000,0.037
734508000000,0.056
734511600000,0.087
734515200000,0.117
734518800000,0.147
734522400000,0.163
734526000000,0.143
734529600000,0.126
734533200000,0.122
734536800000,0.11
734540400000,0.091
734544000000,0.064
734547600000,0.04
734551200000,0.03
734554800000,0.028
734558400000,0.027
734562000000,0.028
734565600000,0.019
734569200000,0.048
734572800000,0.061
734576400000,0.062
734580000000,0.069
734583600000,0.088
734587200000,0.117
734590800000,0.144
734594400000,0.158
734598000000,0.152
734601600000,0.117
734605200000,0.091
734608800000,0.103
734612400000,0.099
734616000000,0.078
734619600000,0.084
734623200000,0.087
734626800000,0.132
734630400000,0.146
734634000000,0.138
734637600000,0.125
734641200000,0.119
734644800000,0.157
734648400000,0.181
734652000000,0.203
734655600000,0.214
734659200000,0.39
734662800000,0.603
734666400000,0.674
734670000000,0.67
734673600000,0.638
734677200000,0.583
734680800000,0.523
734684400000,0.481
734688000000,0.413
734691600000,0.425
734695200000,0.362
734698800000,0.199
734702400000,0.105
734706000000,0.099
734709600000,0.101
734713200000,0.078
734716800000,0.041
734720400000,0.021
734724000000,0.018
734727600000,0.04
734731200000,0.074
734734800000,0.039
734738400000,0.014
734742000000,0.015
734745600000,0.061
734749200000,0.101
734752800000,0.105
734756400000,0.063
734760000000,0.024
734763600000,0.012
734767200000,0.011
734770800000,0.02
734774400000,0.036
734778000000,0.054
734781600000,0.072
734785200000,0.076
734788800000,0.076
734792400000,0.065
734796000000,0.074
734799600000,0.114
734803200000,0.134
734806800000,0.133
734810400000,0.155
734814000000,0.16
734817600000,0.141
734821200000,0.127
734824800000,0.114
734828400000,0.213
734832000000,0.184
734835600000,0.138
734839200000,0.104
734842800000,0.097
734846400000,0.103
734850000000,0.122
734853600000,0.144
734857200000,0.145
734860800000,0.125
734864400000,0.106
734868000000,0.102
734871600000,0.118
734875200000,0.139
734878800000,0.162
734882400000,0.169
734886000000,0.154
734889600000,0.15
734893200000,0.142
734896800000,0.135
734900400000,0.124
734904000000,0.102
734907600000,0.085
734911200000,0.078
734914800000,0.11
734918400000,0.087
734922000000,0.059
734925600000,0.038
734929200000,0.02
734932800000,0.011
734936400000,0.01
734940000000,0.011
734943600000,0.017
734947200000,0.016
734950800000,0.012
734954400000,0.011
734958000000,0.007
734961600000,0.005
734965200000,0.003
734968800000,0.002
734972400000,0.003
734976000000,0.007
734979600000,0.014
734983200000,0.023
734986800000,0.034
734990400000,0.044
734994000000,0.048
734997600000,0.041
735001200000,0.048
735004800000,0.035
735008400000,0.025
735012000000,0.022
735015600000,0.022
735019200000,0.023
735022800000,0.025
735026400000,0.029
735030000000,0.036
735033600000,0.042
735037200000,0.059
735040800000,0.068
735044400000,0.049
735048000000,0.031
735051600000,0.018
735055200000,0.01
735058800000,0.006
735062400000,0.005
735066000000,0.005
735069600000,0.007
735073200000,0.011
735076800000,0.014
735080400000,0.018
735084000000,0.014
735087600000,0.014
735091200000,0.019
735094800000,0.025
735098400000,0.031
735102000000,0.045
735105600000,0.059
735109200000,0.069
735112800000,0.081
735116400000,0.094
735120000000,0.099
735123600000,0.098
735127200000,0.089
735130800000,0.059
735134400000,0.044
735138000000,0.045
735141600000,0.041
735145200000,0.039
735148800000,0.045
735152400000,0.056
735156000000,0.064
735159600000,0.083
735163200000,0.09
735166800000,0.083
735170400000,0.061
735174000000,0.088
735177600000,0.085
735181200000,0.075
735184800000,0.069
735188400000,0.064
735192000000,0.055
735195600000,0.045
735199200000,0.038
735202800000,0.037
735206400000,0.042
735210000000,0.062
735213600000,0.065
735217200000,0.054
735220800000,0.056
735224400000,0.048
735228000000,0.028
735231600000,0.02
735235200000,0.025
735238800000,0.033
735242400000,0.041
735246000000,0.049
735249600000,0.06
735253200000,0.062
735256800000,0.054
735260400000,0.051
735264000000,0.033
735267600000,0.015
735271200000,0.007
735274800000,0.005
735278400000,0.005
735282000000,0.006
735285600000,0.008
735289200000,0.012
735292800000,0.023
735296400000,0.045
735300000000,0.057
735303600000,0.037
735307200000,0.027
735310800000,0.021
735314400000,0.019
735318000000,0.011
735321600000,0.006
735325200000,0.005
735328800000,0.006
735332400000,0.008
735336000000,0.015
735339600000,0.026
735343200000,0.03
735346800000,0.052
735350400000,0.076
735354000000,0.099
735357600000,0.116
735361200000,0.13
735364800000,0.128
735368400000,0.116
735372000000,0.103
735375600000,0.096
735379200000,0.095
735382800000,0.108
735386400000,0.117
735390000000,0.11
735393600000,0.108
735397200000,0.104
735400800000,0.088
735404400000,0.075
735408000000,0.067
735411600000,0.064
735415200000,0.062
735418800000,0.068
735422400000,0.069
735426000000,0.063
735429600000,0.045
735433200000,0.08
735436800000,0.074
735440400000,0.046
735444000000,0.025
735447600000,0.015
735451200000,0.014
735454800000,0.017
735458400000,0.023
735462000000,0.033
735465600000,0.051
735469200000,0.085
735472800000,0.108
735476400000,0.082
735480000000,0.061
735483600000,0.043
735487200000,0.027
735490800000,0.011
735494400000,0.004
735498000000,0.002
735501600000,0.002
735505200000,0.004
735508800000,0.008
735512400000,0.015
735516000000,0.027
735519600000,0.054
735523200000,0.045
735526800000,0.031
735530400000,0.022
735534000000,0.016
735537600000,0.011
735541200000,0.009
735544800000,0.008
735548400000,0.012
735552000000,0.022
735555600000,0.05
735559200000,0.068
735562800000,0.05
735566400000,0.036
735570000000,0.034
735573600000,0.04
735577200000,0.033
735580800000,0.024
735584400000,0.021
735588000000,0.017
735591600000,0.019
735595200000,0.023
735598800000,0.026
735602400000,0.035
735606000000,0.07
735609600000,0.068
735613200000,0.046
735616800000,0.03
735620400000,0.021
735624000000,0.016
735627600000,0.011
735631200000,0.008
735634800000,0.012
735638400000,0.023
735642000000,0.036
735645600000,0.048
735649200000,0.058
735652800000,0.063
735656400000,0.066
735660000000,0.055
735663600000,0.041
735667200000,0.026
735670800000,0.018
735674400000,0.015
735678000000,0.015
735681600000,0.016
735685200000,0.013
735688800000,0.013
735692400000,0.019
735696000000,0.021
735699600000,0.024
735703200000,0.034
735706800000,0.043
735710400000,0.047
735714000000,0.054
735717600000,0.066
735721200000,0.09
735724800000,0.13
735728400000,0.139
735732000000,0.113
735735600000,0.083
735739200000,0.051
735742800000,0.051
735746400000,0.035
735750000000,0.025
735753600000,0.023
735757200000,0.022
735760800000,0.016
735764400000,0.013
735768000000,0.012
735771600000,0.012
735775200000,0.031
735778800000,0.058
735782400000,0.061
735786000000,0.065
735789600000,0.087
735793200000,0.122
735796800000,0.162
735800400000,0.197
735804000000,0.22
735807600000,0.239
735811200000,0.212
735814800000,0.123
735818400000,0.066
735822000000,0.047
735825600000,0.037
735829200000,0.022
735832800000,0.008
735836400000,0.002
735840000000,0.002
735843600000,0.006
735847200000,0.011
735850800000,0.018
735854400000,0.03
735858000000,0.042
735861600000,0.051
735865200000,0.123
735868800000,0.196
735872400000,0.263
735876000000,0.302
735879600000,0.296
735883200000,0.267
735886800000,0.258
735890400000,0.254
735894000000,0.243
735897600000,0.196
735901200000,0.119
735904800000,0.11
735908400000,0.101
735912000000,0.088
735915600000,0.091
735919200000,0.167
735922800000,0.164
735926400000,0.153
735930000000,0.145
735933600000,0.155
735937200000,0.175
735940800000,0.154
735944400000,0.121
735948000000,0.116
735951600000,0.302
735955200000,0.386
735958800000,0.374
735962400000,0.346
735966000000,0.323
735969600000,0.279
735973200000,0.238
735976800000,0.223
735980400000,0.248
735984000000,0.251
735987600000,0.163
735991200000,0.163
735994800000,0.17
735998400000,0.133
736002000000,0.092
736005600000,0.059
736009200000,0.05
736012800000,0.035
736016400000,0.035
736020000000,0.039
736023600000,0.049
736027200000,0.064
736030800000,0.068
736034400000,0.064
736038000000,0.162
736041600000,0.21
736045200000,0.168
736048800000,0.125
736052400000,0.095
736056000000,0.067
736059600000,0.042
736063200000,0.023
736066800000,0.016
736070400000,0.019
736074000000,0.024
736077600000,0.027
736081200000,0.017
736084800000,0.01
736088400000,0.011
736092000000,0.017
736095600000,0.024
736099200000,0.027
736102800000,0.03
736106400000,0.035
736110000000,0.04
736113600000,0.041
736117200000,0.032
736120800000,0.03
736124400000,0.024
736128000000,0.014
736131600000,0.013
736135200000,0.014
736138800000,0.016
736142400000,0.017
736146000000,0.014
736149600000,0.012
736153200000,0.014
736156800000,0.022
736160400000,0.039
736164000000,0.043
736167600000,0.025
736171200000,0.017
736174800000,0.014
736178400000,0.015
736182000000,0.013
736185600000,0.007
736189200000,0.002
736192800000,0.001
736196400000,0.001
736200000000,0.003
736203600000,0.008
736207200000,0.008
736210800000,0.006
736214400000,0.009
736218000000,0.011
736221600000,0.013
736225200000,0.016
736228800000,0.023
736232400000,0.035
736236000000,0.05
736239600000,0.068
736243200000,0.091
736246800000,0.136
736250400000,0.157
736254000000,0.121
736257600000,0.088
736261200000,0.073
736264800000,0.063
736268400000,0.049
736272000000,0.048
736275600000,0.048
736279200000,0.051
736282800000,0.062
736286400000,0.063
736290000000,0.063
736293600000,0.065
736297200000,0.085
736300800000,0.086
736304400000,0.079
736308000000,0.068
736311600000,0.061
736315200000,0.064
736318800000,0.076
736322400000,0.097
736326000000,0.115
736329600000,0.118
736333200000,0.084
736336800000,0.064
736340400000,0.059
736344000000,0.05
736347600000,0.047
736351200000,0.038
736354800000,0.029
736358400000,0.018
736362000000,0.015
736365600000,0.013
736369200000,0.014
736372800000,0.017
736376400000,0.019
736380000000,0.022
736383600000,0.041
736387200000,0.053
736390800000,0.057
736394400000,0.054
736398000000,0.045
736401600000,0.031
736405200000,0.023
736408800000,0.019
736412400000,0.018
736416000000,0.025
736419600000,0.051
736423200000,0.077
736426800000,0.066
736430400000,0.014
736434000000,0.0
736437600000,0.002
736441200000,0.018
736444800000,0.035
736448400000,0.047
736452000000,0.062
736455600000,0.074
736459200000,0.083
736462800000,0.073
736466400000,0.05
736470000000,0.062
736473600000,0.074
736477200000,0.086
736480800000,0.105
736484400000,0.146
736488000000,0.2
736491600000,0.236
736495200000,0.233
736498800000,0.204
736502400000,0.164
736506000000,0.112
736509600000,0.093
736513200000,0.071
736516800000,0.06
736520400000,0.056
736524000000,0.045
736527600000,0.042
736531200000,0.043
736534800000,0.048
736538400000,0.054
736542000000,0.046
736545600000,0.035
736549200000,0.041
736552800000,0.076
736556400000,0.153
736560000000,0.17
736563600000,0.155
736567200000,0.138
736570800000,0.134
736574400000,0.124
736578000000,0.113
736581600000,0.12
736585200000,0.142
736588800000,0.135
736592400000,0.112
736596000000,0.132
736599600000,0.173
736603200000,0.158
736606800000,0.117
736610400000,0.12
736614000000,0.094
736617600000,0.068
736621200000,0.054
736624800000,0.055
736628400000,0.055
736632000000,0.051
736635600000,0.053
736639200000,0.042
736642800000,0.069
736646400000,0.088
736650000000,0.071
736653600000,0.039
736657200000,0.014
736660800000,0.003
736664400000,0.002
736668000000,0.005
736671600000,0.008
736675200000,0.004
736678800000,0.001
736682400000,0.001
736686000000,0.001
736689600000,0.003
736693200000,0.014
736696800000,0.031
736700400000,0.061
736704000000,0.082
736707600000,0.08
736711200000,0.066
736714800000,0.054
736718400000,0.049
736722000000,0.046
736725600000,0.03
736729200000,0.049
736732800000,0.032
736736400000,0.013
736740000000,0.003
736743600000,0.0
736747200000,0.0
736750800000,0.0
736754400000,0.0
736758000000,0.0
736761600000,0.001
736765200000,0.006
736768800000,0.01
736772400000,0.008
736776000000,0.009
736779600000,0.01
736783200000,0.013
736786800000,0.014
736790400000,0.012
736794000000,0.01
736797600000,0.008
736801200000,0.008
736804800000,0.008
736808400000,0.006
736812000000,0.004
736815600000,0.004
736819200000,0.005
736822800000,0.005
736826400000,0.003
736830000000,0.001
736833600000,0.0
736837200000,0.0
736840800000,0.0
736844400000,0.002
736848000000,0.007
736851600000,0.012
736855200000,0.017
736858800000,0.021
736862400000,0.025
736866000000,0.022
736869600000,0.015
736873200000,0.007
736876800000,0.002
736880400000,0.001
736884000000,0.0
736887600000,0.0
736891200000,0.0
736894800000,0.0
736898400000,0.002
736902000000,0.049
736905600000,0.085
736909200000,0.07
736912800000,0.049
736916400000,0.033
736920000000,0.022
736923600000,0.017
736927200000,0.015
736930800000,0.019
736934400000,0.025
736938000000,0.035
736941600000,0.043
736945200000,0.031
736948800000,0.02
736952400000,0.016
736956000000,0.01
736959600000,0.005
736963200000,0.003
736966800000,0.003
736970400000,0.004
736974000000,0.006
736977600000,0.006
736981200000,0.006
736984800000,0.008
736988400000,0.024
736992000000,0.037
736995600000,0.047
736999200000,0.058
737002800000,0.079
737006400000,0.112
737010000000,0.149
737013600000,0.178
737017200000,0.178
737020800000,0.156
737024400000,0.107
737028000000,0.118
737031600000,0.179
737035200000,0.227
737038800000,0.192
737042400000,0.14
737046000000,0.094
737049600000,0.117
737053200000,0.124
737056800000,0.101
737060400000,0.119
737064000000,0.163
737067600000,0.167
737071200000,0.147
737074800000,0.202
737078400000,0.209
737082000000,0.204
737085600000,0.192
737089200000,0.183
737092800000,0.185
737096400000,0.192
737100000000,0.201
737103600000,0.203
737107200000,0.179
737110800000,0.118
737114400000,0.095
737118000000,0.078
737121600000,0.07
737125200000,0.068
737128800000,0.068
737132400000,0.069
737136000000,0.07
737139600000,0.077
737143200000,0.087
737146800000,0.093
737150400000,0.095
737154000000,0.083
737157600000,0.074
737161200000,0.131
737164800000,0.16
737168400000,0.179
737172000000,0.197
737175600000,0.211
737179200000,0.202
737182800000,0.184
737186400000,0.17
737190000000,0.168
737193600000,0.17
737197200000,0.149
737200800000,0.137
737204400000,0.118
737208000000,0.112
737211600000,0.108
737215200000,0.097
737218800000,0.088
737222400000,0.08
737226000000,0.072
737229600000,0.065
737233200000,0.063
737236800000,0.061
737240400000,0.069
737244000000,0.067
737247600000,0.11
737251200000,0.101
737254800000,0.077
737258400000,0.059
737262000000,0.041
737265600000,0.023
737269200000,0.013
737272800000,0.01
737276400000,0.01
737280000000,0.009
737283600000,0.009
737287200000,0.014
737290800000,0.018
737294400000,0.028
737298000000,0.041
737301600000,0.049
737305200000,0.05
737308800000,0.046
737312400000,0.041
737316000000,0.037
737319600000,0.041
737323200000,0.055
737326800000,0.05
737330400000,0.044
737334000000,0.048
737337600000,0.035
737341200000,0.022
737344800000,0.014
737348400000,0.011
737352000000,0.011
737355600000,0.015
737359200000,0.024
737362800000,0.033
737366400000,0.039
737370000000,0.048
737373600000,0.068
737377200000,0.064
737380800000,0.059
737384400000,0.059
737388000000,0.055
737391600000,0.041
737395200000,0.024
737398800000,0.016
737402400000,0.012
737406000000,0.009
737409600000,0.01
737413200000,0.012
737416800000,0.014
737420400000,0.016
737424000000,0.006
737427600000,0.001
737431200000,0.0
737434800000,0.0
737438400000,0.0
737442000000,0.0
737445600000,0.0
737449200000,0.005
737452800000,0.013
737456400000,0.025
737460000000,0.034
737463600000,0.031
737467200000,0.033
737470800000,0.033
737474400000,0.03
737478000000,0.021
737481600000,0.013
737485200000,0.008
737488800000,0.005
737492400000,0.004
737496000000,0.005
737499600000,0.008
737503200000,0.008
737506800000,0.01
737510400000,0.009
737514000000,0.01
737517600000,0.014
737521200000,0.016
737524800000,0.018
737528400000,0.023
737532000000,0.031
737535600000,0.046
737539200000,0.051
737542800000,0.064
737546400000,0.078
737550000000,0.054
737553600000,0.036
737557200000,0.039
737560800000,0.037
737564400000,0.033
737568000000,0.021
737571600000,0.019
737575200000,0.019
737578800000,0.016
737582400000,0.014
737586000000,0.009
737589600000,0.009
737593200000,0.026
737596800000,0.039
737600400000,0.039
737604000000,0.032
737607600000,0.025
737611200000,0.02
737614800000,0.019
737618400000,0.021
737622000000,0.028
737625600000,0.034
737629200000,0.036
737632800000,0.042
737636400000,0.042
737640000000,0.049
737643600000,0.05
737647200000,0.057
737650800000,0.052
737654400000,0.047
737658000000,0.039
737661600000,0.033
737665200000,0.025
737668800000,0.022
737672400000,0.011
737676000000,0.011
737679600000,0.023
737683200000,0.02
737686800000,0.015
737690400000,0.011
737694000000,0.01
737697600000,0.01
737701200000,0.011
737704800000,0.015
737708400000,0.025
737712000000,0.038
737715600000,0.045
737719200000,0.063
737722800000,0.07
737726400000,0.064
737730000000,0.07
737733600000,0.076
737737200000,0.067
737740800000,0.056
737744400000,0.043
737748000000,0.021
737751600000,0.009
737755200000,0.003
737758800000,0.0
737762400000,0.0
737766000000,0.0
737769600000,0.0
737773200000,0.0
737776800000,0.0
737780400000,0.0
737784000000,0.0
737787600000,0.0
737791200000,0.002
737794800000,0.008
737798400000,0.018
737802000000,0.039
737805600000,0.053
737809200000,0.042
737812800000,0.032
737816400000,0.027
737820000000,0.022
737823600000,0.018
737827200000,0.018
737830800000,0.022
737834400000,0.029
737838000000,0.038
737841600000,0.051
737845200000,0.05
737848800000,0.034
737852400000,0.03
737856000000,0.021
737859600000,0.014
737863200000,0.01
737866800000,0.011
737870400000,0.015
737874000000,0.024
737877600000,0.035
737881200000,0.05
737884800000,0.061
737888400000,0.058
737892000000,0.067
737895600000,0.068
737899200000,0.064
737902800000,0.073
737906400000,0.08
737910000000,0.077
737913600000,0.073
737917200000,0.075
737920800000,0.073
737924400000,0.067
737928000000,0.066
737931600000,0.067
737935200000,0.037
737938800000,0.045
737942400000,0.06
737946000000,0.059
737949600000,0.03
737953200000,0.008
737956800000,0.002
737960400000,0.001
737964000000,0.001
737967600000,0.001
737971200000,0.003
737974800000,0.01
737978400000,0.014
737982000000,0.012
737985600000,0.012
737989200000,0.014
737992800000,0.014
737996400000,0.017
738000000000,0.019
738003600000,0.025
738007200000,0.035
738010800000,0.045
738014400000,0.047
738018000000,0.042
738021600000,0.038
738025200000,0.046
738028800000,0.047
738032400000,0.049
738036000000,0.041
738039600000,0.024
738043200000,0.012
738046800000,0.007
738050400000,0.007
738054000000,0.013
738057600000,0.023
738061200000,0.029
738064800000,0.035
738068400000,0.027
738072000000,0.023
738075600000,0.02
738079200000,0.018
738082800000,0.019
738086400000,0.02
738090000000,0.019
738093600000,0.022
738097200000,0.028
738100800000,0.031
738104400000,0.03
738108000000,0.039
738111600000,0.053
738115200000,0.041
738118800000,0.031
738122400000,0.027
738126000000,0.028
738129600000,0.03
738133200000,0.035
738136800000,0.041
738140400000,0.053
738144000000,0.069
738147600000,0.093
738151200000,0.106
738154800000,0.093
738158400000,0.077
738162000000,0.061
738165600000,0.053
738169200000,0.038
738172800000,0.025
738176400000,0.017
738180000000,0.016
738183600000,0.017
738187200000,0.018
738190800000,0.02
738194400000,0.022
738198000000,0.033
738201600000,0.044
738205200000,0.067
738208800000,0.083
738212400000,0.087
738216000000,0.062
738219600000,0.008
738223200000,0.002
738226800000,0.002
738230400000,0.0
738234000000,0.001
738237600000,0.006
738241200000,0.008
738244800000,0.007
738248400000,0.004
738252000000,0.002
738255600000,0.001
738259200000,0.001
738262800000,0.001
738266400000,0.001
738270000000,0.003
738273600000,0.007
738277200000,0.009
738280800000,0.014
738284400000,0.053
738288000000,0.068
738291600000,0.071
738295200000,0.076
738298800000,0.084
738302400000,0.1
738306000000,0.113
738309600000,0.123
738313200000,0.132
738316800000,0.126
738320400000,0.105
738324000000,0.093
738327600000,0.075
738331200000,0.053
738334800000,0.047
738338400000,0.05
738342000000,0.056
738345600000,0.05
738349200000,0.043
738352800000,0.041
738356400000,0.048
738360000000,0.067
738363600000,0.07
738367200000,0.072
738370800000,0.118
738374400000,0.113
738378000000,0.103
738381600000,0.085
738385200000,0.073
738388800000,0.062
738392400000,0.053
738396000000,0.05
738399600000,0.05
738403200000,0.049
738406800000,0.047
738410400000,0.046
738414000000,0.037
738417600000,0.034
738421200000,0.026
738424800000,0.02
738428400000,0.013
738432000000,0.011
738435600000,0.012
738439200000,0.013
738442800000,0.015
738446400000,0.021
738450000000,0.023
738453600000,0.023
738457200000,0.056
738460800000,0.085
738464400000,0.106
738468000000,0.122
738471600000,0.137
738475200000,0.14
738478800000,0.123
738482400000,0.088
738486000000,0.052
738489600000,0.027
738493200000,0.011
738496800000,0.005
738500400000,0.002
738504000000,0.003
738507600000,0.003
738511200000,0.001
738514800000,0.0
738518400000,0.0
738522000000,0.0
738525600000,0.0
738529200000,0.0
738532800000,0.0
738536400000,0.0
738540000000,0.0
738543600000,0.004
738547200000,0.01
738550800000,0.012
738554400000,0.014
738558000000,0.013
738561600000,0.011
738565200000,0.005
738568800000,0.008
738572400000,0.013
738576000000,0.019
738579600000,0.022
738583200000,0.019
738586800000,0.008
738590400000,0.002
738594000000,0.001
738597600000,0.001
738601200000,0.001
738604800000,0.001
738608400000,0.001
738612000000,0.001
738615600000,0.001
738619200000,0.001
738622800000,0.001
738626400000,0.0
738630000000,0.0
738633600000,0.001
738637200000,0.001
738640800000,0.002
738644400000,0.002
738648000000,0.003
738651600000,0.009
738655200000,0.019
738658800000,0.031
738662400000,0.029
738666000000,0.02
738669600000,0.015
738673200000,0.015
738676800000,0.014
738680400000,0.01
738684000000,0.005
738687600000,0.002
738691200000,0.001
738694800000,0.0
738698400000,0.0
738702000000,0.0
738705600000,0.0
738709200000,0.0
738712800000,0.0
738716400000,0.002
738720000000,0.002
738723600000,0.002
738727200000,0.003
738730800000,0.008
738734400000,0.015
738738000000,0.017
738741600000,0.022
738745200000,0.03
738748800000,0.039
738752400000,0.046
738756000000,0.046
738759600000,0.037
738763200000,0.035
738766800000,0.036
738770400000,0.039
738774000000,0.026
738777600000,0.013
738781200000,0.005
738784800000,0.004
738788400000,0.004
738792000000,0.003
738795600000,0.002
738799200000,0.003
738802800000,0.023
738806400000,0.058
738810000000,0.1
738813600000,0.144
738817200000,0.172
738820800000,0.182
738824400000,0.17
738828000000,0.133
738831600000,0.087
738835200000,0.046
738838800000,0.029
738842400000,0.03
738846000000,0.031
738849600000,0.029
738853200000,0.025
738856800000,0.023
738860400000,0.014
738864000000,0.007
738867600000,0.004
738871200000,0.003
738874800000,0.003
738878400000,0.004
738882000000,0.006
738885600000,0.007
738889200000,0.055
738892800000,0.078
738896400000,0.071
738900000000,0.071
738903600000,0.072
738907200000,0.071
738910800000,0.063
738914400000,0.054
738918000000,0.05
738921600000,0.045
738925200000,0.036
738928800000,0.025
738932400000,0.011
738936000000,0.004
738939600000,0.002
738943200000,0.003
738946800000,0.006
738950400000,0.013
738954000000,0.023
738957600000,0.033
738961200000,0.043
738964800000,0.053
738968400000,0.052
738972000000,0.05
738975600000,0.092
738979200000,0.141
738982800000,0.193
738986400000,0.227
738990000000,0.242
738993600000,0.222
738997200000,0.192
739000800000,0.151
739004400000,0.126
739008000000,0.122
739011600000,0.101
739015200000,0.074
739018800000,0.058
739022400000,0.03
739026000000,0.029
739029600000,0.014
739033200000,0.004
739036800000,0.002
739040400000,0.002
739044000000,0.002
739047600000,0.002
739051200000,0.002
739054800000,0.003
739058400000,0.008
739062000000,0.042
739065600000,0.058
739069200000,0.043
739072800000,0.02
739076400000,0.009
739080000000,0.006
739083600000,0.008
739087200000,0.015
739090800000,0.026
739094400000,0.029
739098000000,0.027
739101600000,0.033
739105200000,0.033
739108800000,0.037
739112400000,0.046
739116000000,0.054
739119600000,0.061
739123200000,0.067
739126800000,0.061
739130400000,0.06
739134000000,0.051
739137600000,0.03
739141200000,0.012
739144800000,0.011
739148400000,0.026
739152000000,0.024
739155600000,0.014
739159200000,0.01
739162800000,0.011
739166400000,0.012
739170000000,0.012
739173600000,0.019
739177200000,0.027
739180800000,0.034
739184400000,0.035
739188000000,0.038
739191600000,0.038
739195200000,0.026
739198800000,0.015
739202400000,0.005
739206000000,0.001
739209600000,0.002
739213200000,0.002
739216800000,0.003
739220400000,0.003
739224000000,0.002
739227600000,0.002
739231200000,0.0
739234800000,0.001
739238400000,0.006
739242000000,0.006
739245600000,0.005
739249200000,0.002
739252800000,0.001
739256400000,0.001
739260000000,0.001
739263600000,0.001
739267200000,0.0
739270800000,0.001
739274400000,0.002
739278000000,0.006
739281600000,0.015
739285200000,0.023
739288800000,0.028
739292400000,0.029
739296000000,0.029
739299600000,0.031
739303200000,0.033
739306800000,0.023
739310400000,0.02
739314000000,0.022
739317600000,0.011
739321200000,0.008
739324800000,0.01
739328400000,0.013
739332000000,0.015
739335600000,0.018
739339200000,0.022
739342800000,0.028
739346400000,0.036
739350000000,0.042
739353600000,0.035
739357200000,0.035
739360800000,0.036
739364400000,0.03
739368000000,0.025
739371600000,0.026
739375200000,0.027
739378800000,0.03
739382400000,0.031
739386000000,0.028
739389600000,0.024
739393200000,0.019
739396800000,0.018
739400400000,0.017
739404000000,0.017
739407600000,0.045
739411200000,0.066
739414800000,0.058
739418400000,0.041
739422000000,0.033
739425600000,0.029
739429200000,0.026
739432800000,0.025
739436400000,0.023
739440000000,0.021
739443600000,0.016
739447200000,0.013
739450800000,0.011
739454400000,0.012
739458000000,0.02
739461600000,0.034
739465200000,0.039
739468800000,0.042
739472400000,0.044
739476000000,0.045
739479600000,0.049
739483200000,0.044
739486800000,0.03
739490400000,0.027
739494000000,0.046
739497600000,0.06
739501200000,0.059
739504800000,0.05
739508400000,0.047
739512000000,0.049
739515600000,0.054
739519200000,0.06
739522800000,0.065
739526400000,0.059
739530000000,0.039
739533600000,0.027
739537200000,0.022
739540800000,0.026
739544400000,0.028
739548000000,0.033
739551600000,0.027
739555200000,0.02
739558800000,0.015
739562400000,0.015
739566000000,0.02
739569600000,0.038
739573200000,0.049
739576800000,0.062
739580400000,0.102
739584000000,0.077
739587600000,0.039
739591200000,0.023
739594800000,0.021
739598400000,0.024
739602000000,0.025
739605600000,0.024
739609200000,0.017
739612800000,0.012
739616400000,0.011
739620000000,0.012
739623600000,0.012
739627200000,0.015
739630800000,0.02
739634400000,0.029
739638000000,0.04
739641600000,0.043
739645200000,0.035
739648800000,0.026
739652400000,0.022
739656000000,0.019
739659600000,0.011
739663200000,0.01
739666800000,0.015
739670400000,0.022
739674000000,0.027
739677600000,0.031
739681200000,0.035
739684800000,0.034
739688400000,0.027
739692000000,0.019
739695600000,0.016
739699200000,0.017
739702800000,0.019
739706400000,0.02
739710000000,0.015
739713600000,0.015
739717200000,0.013
739720800000,0.011
739724400000,0.008
739728000000,0.005
739731600000,0.003
739735200000,0.003
739738800000,0.004
739742400000,0.008
739746000000,0.011
739749600000,0.005
739753200000,0.008
739756800000,0.006
739760400000,0.005
739764000000,0.005
739767600000,0.004
739771200000,0.003
739774800000,0.003
739778400000,0.004
739782000000,0.006
739785600000,0.009
739789200000,0.013
739792800000,0.022
739796400000,0.025
739800000000,0.019
739803600000,0.014
739807200000,0.012
739810800000,0.007
739814400000,0.004
739818000000,0.002
739821600000,0.002
739825200000,0.002
739828800000,0.003
739832400000,0.005
739836000000,0.007
739839600000,0.011
739843200000,0.006
739846800000,0.002
739850400000,0.001
739854000000,0.001
739857600000,0.005
739861200000,0.009
739864800000,0.015
739868400000,0.021
739872000000,0.023
739875600000,0.026
739879200000,0.028
739882800000,0.028
739886400000,0.027
739890000000,0.026
739893600000,0.019
739897200000,0.01
739900800000,0.003
739904400000,0.001
739908000000,0.0
739911600000,0.0
739915200000,0.0
739918800000,0.0
739922400000,0.001
739926000000,0.02
739929600000,0.025
739933200000,0.018
739936800000,0.011
739940400000,0.01
739944000000,0.011
739947600000,0.013
739951200000,0.012
739954800000,0.012
739958400000,0.013
739962000000,0.018
739965600000,0.027
739969200000,0.027
739972800000,0.022
739976400000,0.014
739980000000,0.008
739983600000,0.004
739987200000,0.004
739990800000,0.005
739994400000,0.007
739998000000,0.009
740001600000,0.009
740005200000,0.006
740008800000,0.004
740012400000,0.01
740016000000,0.007
740019600000,0.002
740023200000,0.0
740026800000,0.0
740030400000,0.0
740034000000,0.0
740037600000,0.0
740041200000,0.001
740044800000,0.002
740048400000,0.005
740052000000,0.007
740055600000,0.005
740059200000,0.005
740062800000,0.005
740066400000,0.007
740070000000,0.011
740073600000,0.017
740077200000,0.029
740080800000,0.042
740084400000,0.046
740088000000,0.039
740091600000,0.017
740095200000,0.007
740098800000,0.017
740102400000,0.015
740106000000,0.005
740109600000,0.001
740113200000,0.0
740116800000,0.0
740120400000,0.0
740124000000,0.0
740127600000,0.0
740131200000,0.0
740134800000,0.0
740138400000,0.001
740142000000,0.002
740145600000,0.001
740149200000,0.0
740152800000,0.0
740156400000,0.001
740160000000,0.001
740163600000,0.003
740167200000,0.005
740170800000,0.006
740174400000,0.007
740178000000,0.005
740181600000,0.004
740185200000,0.009
740188800000,0.013
740192400000,0.013
740196000000,0.012
740199600000,0.011
740203200000,0.012
740206800000,0.016
740210400000,0.021
740214000000,0.019
740217600000,0.016
740221200000,0.014
740224800000,0.01
740228400000,0.005
740232000000,0.002
740235600000,0.001
740239200000,0.0
740242800000,0.0
740246400000,0.0
740250000000,0.002
740253600000,0.006
740257200000,0.007
740260800000,0.005
740264400000,0.004
740268000000,0.001
740271600000,0.0
740275200000,0.0
740278800000,0.0
740282400000,0.0
740286000000,0.0
740289600000,0.001
740293200000,0.002
740296800000,0.002
740300400000,0.002
740304000000,0.001
740307600000,0.001
740311200000,0.002
740314800000,0.001
740318400000,0.0
740322000000,0.0
740325600000,0.001
740329200000,0.0
740332800000,0.0
740336400000,0.0
740340000000,0.0
740343600000,0.0
740347200000,0.0
740350800000,0.001
740354400000,0.0
740358000000,0.001
740361600000,0.001
740365200000,0.001
740368800000,0.002
740372400000,0.018
740376000000,0.057
740379600000,0.099
740383200000,0.114
740386800000,0.112
740390400000,0.095
740394000000,0.083
740397600000,0.084
740401200000,0.081
740404800000,0.09
740408400000,0.125
740412000000,0.128
740415600000,0.106
740419200000,0.108
740422800000,0.099
740426400000,0.101
740430000000,0.091
740433600000,0.088
740437200000,0.076
740440800000,0.051
740444400000,0.071
740448000000,0.073
740451600000,0.063
740455200000,0.054
740458800000,0.058
740462400000,0.047
740466000000,0.029
740469600000,0.018
740473200000,0.014
740476800000,0.012
740480400000,0.011
740484000000,0.012
740487600000,0.008
740491200000,0.002
740494800000,0.001
740498400000,0.0
740502000000,0.001
740505600000,0.002
740509200000,0.006
740512800000,0.015
740516400000,0.026
740520000000,0.032
740523600000,0.03
740527200000,0.02
740530800000,0.028
740534400000,0.035
740538000000,0.043
740541600000,0.057
740545200000,0.066
740548800000,0.061
740552400000,0.055
740556000000,0.047
740559600000,0.034
740563200000,0.017
740566800000,0.007
740570400000,0.009
740574000000,0.01
740577600000,0.007
740581200000,0.007
740584800000,0.013
740588400000,0.02
740592000000,0.018
740595600000,0.009
740599200000,0.002
740602800000,0.0
740606400000,0.0
740610000000,0.0
740613600000,0.0
740617200000,0.012
740620800000,0.031
740624400000,0.039
740628000000,0.034
740631600000,0.02
740635200000,0.015
740638800000,0.02
740642400000,0.04
740646000000,0.076
740649600000,0.087
740653200000,0.084
740656800000,0.073
740660400000,0.038
740664000000,0.005
740667600000,0.0
740671200000,0.0
740674800000,0.0
740678400000,0.0
740682000000,0.0
740685600000,0.0
740689200000,0.0
740692800000,0.001
740696400000,0.005
740700000000,0.009
740703600000,0.034
740707200000,0.063
740710800000,0.057
740714400000,0.033
740718000000,0.015
740721600000,0.005
740725200000,0.002
740728800000,0.002
740732400000,0.002
740736000000,0.001
740739600000,0.0
740743200000,0.002
740746800000,0.005
740750400000,0.007
740754000000,0.006
740757600000,0.005
740761200000,0.005
740764800000,0.007
740768400000,0.012
740772000000,0.016
740775600000,0.023
740779200000,0.026
740782800000,0.03
740786400000,0.027
740790000000,0.037
740793600000,0.043
740797200000,0.042
740800800000,0.049
740804400000,0.06
740808000000,0.059
740811600000,0.049
740815200000,0.037
740818800000,0.031
740822400000,0.032
740826000000,0.03
740829600000,0.032
740833200000,0.031
740836800000,0.034
740840400000,0.045
740844000000,0.061
740847600000,0.085
740851200000,0.102
740854800000,0.103
740858400000,0.105
740862000000,0.108
740865600000,0.121
740869200000,0.112
740872800000,0.079
740876400000,0.065
740880000000,0.067
740883600000,0.07
740887200000,0.072
740890800000,0.067
740894400000,0.067
740898000000,0.076
740901600000,0.084
740905200000,0.079
740908800000,0.065
740912400000,0.054
740916000000,0.05
740919600000,0.048
740923200000,0.051
740926800000,0.061
740930400000,0.055
740934000000,0.051
740937600000,0.045
740941200000,0.054
740944800000,0.072
740948400000,0.092
740952000000,0.101
740955600000,0.095
740959200000,0.061
740962800000,0.055
740966400000,0.035
740970000000,0.015
740973600000,0.005
740977200000,0.003
740980800000,0.004
740984400000,0.007
740988000000,0.013
740991600000,0.021
740995200000,0.028
740998800000,0.038
741002400000,0.041
741006000000,0.049
741009600000,0.067
741013200000,0.084
741016800000,0.099
741020400000,0.101
741024000000,0.078
741027600000,0.07
741031200000,0.074
741034800000,0.082
741038400000,0.075
741042000000,0.068
741045600000,0.054
741049200000,0.058
741052800000,0.07
741056400000,0.074
741060000000,0.066
741063600000,0.061
741067200000,0.06
741070800000,0.045
741074400000,0.018
741078000000,0.01
741081600000,0.006
741085200000,0.006
741088800000,0.018
741092400000,0.028
741096000000,0.032
741099600000,0.028
741103200000,0.01
741106800000,0.002
741110400000,0.002
741114000000,0.003
741117600000,0.006
741121200000,0.009
741124800000,0.008
741128400000,0.004
741132000000,0.002
741135600000,0.0
741139200000,0.0
741142800000,0.001
741146400000,0.001
741150000000,0.003
741153600000,0.008
741157200000,0.019
741160800000,0.035
741164400000,0.053
741168000000,0.059
741171600000,0.056
741175200000,0.064
741178800000,0.076
741182400000,0.08
741186000000,0.074
741189600000,0.061
741193200000,0.041
741196800000,0.034
741200400000,0.029
741204000000,0.025
741207600000,0.017
741211200000,0.008
741214800000,0.003
741218400000,0.001
741222000000,0.011
741225600000,0.021
741229200000,0.015
741232800000,0.005
741236400000,0.002
741240000000,0.001
741243600000,0.001
741247200000,0.002
741250800000,0.003
741254400000,0.005
741258000000,0.007
741261600000,0.015
741265200000,0.021
741268800000,0.026
741272400000,0.036
741276000000,0.045
741279600000,0.051
741283200000,0.041
741286800000,0.023
741290400000,0.011
741294000000,0.006
741297600000,0.003
741301200000,0.003
741304800000,0.003
741308400000,0.006
741312000000,0.008
741315600000,0.008
741319200000,0.009
741322800000,0.008
741326400000,0.006
741330000000,0.005
741333600000,0.005
741337200000,0.005
741340800000,0.005
741344400000,0.005
741348000000,0.01
741351600000,0.015
741355200000,0.021
741358800000,0.026
741362400000,0.022
741366000000,0.015
741369600000,0.01
741373200000,0.009
741376800000,0.01
741380400000,0.015
741384000000,0.02
741387600000,0.022
741391200000,0.027
741394800000,0.059
741398400000,0.112
741402000000,0.175
741405600000,0.229
741409200000,0.256
741412800000,0.252
741416400000,0.187
741420000000,0.099
741423600000,0.046
741427200000,0.028
741430800000,0.02
741434400000,0.01
741438000000,0.003
741441600000,0.001
741445200000,0.0
741448800000,0.0
741452400000,0.0
741456000000,0.0
741459600000,0.0
741463200000,0.0
741466800000,0.0
741470400000,0.0
741474000000,0.0
741477600000,0.001
741481200000,0.027
741484800000,0.058
741488400000,0.068
741492000000,0.076
741495600000,0.079
741499200000,0.076
741502800000,0.068
741506400000,0.063
741510000000,0.058
741513600000,0.058
741517200000,0.046
741520800000,0.039
741524400000,0.035
741528000000,0.034
741531600000,0.033
741535200000,0.032
741538800000,0.026
741542400000,0.018
741546000000,0.012
741549600000,0.007
741553200000,0.005
741556800000,0.005
741560400000,0.004
741564000000,0.005
741567600000,0.035
741571200000,0.073
741574800000,0.086
741578400000,0.088
741582000000,0.088
741585600000,0.086
741589200000,0.083
741592800000,0.073
741596400000,0.063
741600000000,0.047
741603600000,0.043
741607200000,0.061
741610800000,0.072
741614400000,0.073
741618000000,0.079
741621600000,0.085
741625200000,0.083
741628800000,0.076
741632400000,0.086
741636000000,0.064
741639600000,0.035
741643200000,0.031
741646800000,0.027
741650400000,0.018
741654000000,0.059
741657600000,0.102
741661200000,0.096
741664800000,0.082
741668400000,0.076
741672000000,0.073
741675600000,0.072
741679200000,0.064
741682800000,0.051
741686400000,0.039
741690000000,0.041
741693600000,0.06
741697200000,0.083
741700800000,0.099
741704400000,0.108
741708000000,0.113
741711600000,0.096
741715200000,0.066
741718800000,0.055
741722400000,0.043
741726000000,0.034
741729600000,0.035
741733200000,0.034
741736800000,0.024
741740400000,0.031
741744000000,0.042
741747600000,0.034
741751200000,0.026
741754800000,0.021
741758400000,0.02
741762000000,0.024
741765600000,0.025
741769200000,0.027
741772800000,0.026
741776400000,0.029
741780000000,0.037
741783600000,0.05
741787200000,0.065
741790800000,0.064
741794400000,0.05
741798000000,0.054
741801600000,0.048
741805200000,0.042
741808800000,0.037
741812400000,0.036
741816000000,0.035
741819600000,0.032
741823200000,0.017
741826800000,0.009
741830400000,0.01
741834000000,0.009
741837600000,0.003
741841200000,0.001
741844800000,0.004
741848400000,0.007
741852000000,0.009
741855600000,0.012
741859200000,0.018
741862800000,0.018
741866400000,0.018
741870000000,0.014
741873600000,0.011
741877200000,0.008
741880800000,0.008
741884400000,0.012
741888000000,0.02
741891600000,0.025
741895200000,0.026
741898800000,0.022
741902400000,0.016
741906000000,0.007
741909600000,0.002
741913200000,0.0
741916800000,0.0
741920400000,0.0
741924000000,0.0
741927600000,0.0
741931200000,0.0
741934800000,0.0
741938400000,0.0
741942000000,0.001
741945600000,0.001
741949200000,0.001
741952800000,0.001
741956400000,0.001
741960000000,0.001
741963600000,0.001
741967200000,0.001
741970800000,0.001
741974400000,0.005
741978000000,0.012
741981600000,0.015
741985200000,0.012
741988800000,0.01
741992400000,0.008
741996000000,0.003
741999600000,0.002
742003200000,0.001
742006800000,0.0
742010400000,0.001
742014000000,0.004
742017600000,0.013
742021200000,0.029
742024800000,0.05
742028400000,0.057
742032000000,0.037
742035600000,0.018
742039200000,0.02
742042800000,0.024
742046400000,0.025
742050000000,0.016
742053600000,0.005
742057200000,0.002
742060800000,0.003
742064400000,0.007
742068000000,0.013
742071600000,0.018
742075200000,0.019
742078800000,0.014
742082400000,0.008
742086000000,0.004
742089600000,0.007
742093200000,0.011
742096800000,0.016
742100400000,0.018
742104000000,0.014
742107600000,0.01
742111200000,0.007
742114800000,0.002
742118400000,0.001
742122000000,0.002
742125600000,0.013
742129200000,0.035
742132800000,0.054
742136400000,0.06
742140000000,0.065
742143600000,0.069
742147200000,0.068
742150800000,0.087
742154400000,0.094
742158000000,0.091
742161600000,0.073
742165200000,0.049
742168800000,0.02
742172400000,0.019
742176000000,0.019
742179600000,0.01
742183200000,0.005
742186800000,0.002
742190400000,0.001
742194000000,0.001
742197600000,0.0
742201200000,0.0
742204800000,0.0
742208400000,0.0
742212000000,0.0
742215600000,0.0
742219200000,0.0
742222800000,0.0
742226400000,0.0
742230000000,0.0
742233600000,0.0
742237200000,0.0
742240800000,0.0
742244400000,0.0
742248000000,0.0
742251600000,0.0
742255200000,0.0
742258800000,0.0
742262400000,0.01
742266000000,0.02
742269600000,0.021
742273200000,0.021
742276800000,0.024
742280400000,0.022
742284000000,0.014
742287600000,0.006
742291200000,0.003
742294800000,0.001
742298400000,0.001
742302000000,0.007
742305600000,0.021
742309200000,0.036
742312800000,0.041
742316400000,0.031
742320000000,0.02
742323600000,0.017
742327200000,0.017
742330800000,0.01
742334400000,0.005
742338000000,0.001
742341600000,0.0
742345200000,0.002
742348800000,0.002
742352400000,0.0
742356000000,0.0
742359600000,0.002
742363200000,0.004
742366800000,0.006
742370400000,0.005
742374000000,0.006
742377600000,0.008
742381200000,0.02
742384800000,0.036
742388400000,0.045
742392000000,0.055
742395600000,0.064
742399200000,0.075
742402800000,0.07
742406400000,0.055
742410000000,0.039
742413600000,0.027
742417200000,0.023
742420800000,0.025
742424400000,0.026
742428000000,0.025
742431600000,0.031
742435200000,0.02
742438800000,0.008
742442400000,0.003
742446000000,0.001
742449600000,0.001
742453200000,0.0
742456800000,0.0
742460400000,0.0
742464000000,0.001
742467600000,0.0
742471200000,0.0
742474800000,0.0
742478400000,0.0
742482000000,0.0
742485600000,0.0
742489200000,0.0
742492800000,0.0
742496400000,0.0
742500000000,0.0
742503600000,0.0
742507200000,0.001
742510800000,0.001
742514400000,0.0
742518000000,0.0
742521600000,0.001
742525200000,0.004
742528800000,0.007
742532400000,0.006
742536000000,0.005
742539600000,0.006
742543200000,0.011
742546800000,0.013
742550400000,0.016
742554000000,0.026
742557600000,0.045
742561200000,0.051
742564800000,0.059
742568400000,0.064
742572000000,0.061
742575600000,0.057
742579200000,0.053
742582800000,0.05
742586400000,0.047
742590000000,0.036
742593600000,0.021
742597200000,0.009
742600800000,0.004
742604400000,0.007
742608000000,0.006
742611600000,0.003
742615200000,0.001
742618800000,0.0
742622400000,0.0
742626000000,0.0
742629600000,0.004
742633200000,0.005
742636800000,0.003
742640400000,0.002
742644000000,0.003
742647600000,0.004
742651200000,0.006
742654800000,0.014
742658400000,0.021
742662000000,0.023
742665600000,0.023
742669200000,0.027
742672800000,0.025
742676400000,0.018
742680000000,0.013
742683600000,0.01
742687200000,0.009
742690800000,0.016
742694400000,0.03
742698000000,0.037
742701600000,0.055
742705200000,0.061
742708800000,0.054
742712400000,0.041
742716000000,0.029
742719600000,0.023
742723200000,0.019
742726800000,0.016
742730400000,0.012
742734000000,0.01
742737600000,0.01
742741200000,0.012
742744800000,0.015
742748400000,0.016
742752000000,0.02
742755600000,0.027
742759200000,0.032
742762800000,0.03
742766400000,0.02
742770000000,0.008
742773600000,0.002
742777200000,0.002
742780800000,0.004
742784400000,0.005
742788000000,0.002
742791600000,0.003
742795200000,0.003
742798800000,0.002
742802400000,0.002
742806000000,0.003
742809600000,0.003
742813200000,0.007
742816800000,0.015
742820400000,0.028
742824000000,0.036
742827600000,0.034
742831200000,0.029
742834800000,0.016
742838400000,0.008
742842000000,0.007
742845600000,0.011
742849200000,0.013
742852800000,0.014
742856400000,0.017
742860000000,0.007
742863600000,0.011
742867200000,0.005
742870800000,0.002
742874400000,0.001
742878000000,0.0
742881600000,0.0
742885200000,0.001
742888800000,0.001
742892400000,0.001
742896000000,0.0
742899600000,0.0
742903200000,0.0
742906800000,0.0
742910400000,0.001
742914000000,0.003
742917600000,0.004
742921200000,0.002
742924800000,0.001
742928400000,0.0
742932000000,0.0
742935600000,0.0
742939200000,0.001
742942800000,0.002
742946400000,0.002
742950000000,0.001
742953600000,0.001
742957200000,0.002
742960800000,0.003
742964400000,0.001
742968000000,0.001
742971600000,0.001
742975200000,0.001
742978800000,0.001
742982400000,0.001
742986000000,0.0
742989600000,0.0
742993200000,0.0
742996800000,0.0
743000400000,0.0
743004000000,0.0
743007600000,0.0
743011200000,0.0
743014800000,0.0
743018400000,0.0
743022000000,0.0
743025600000,0.0
743029200000,0.0
743032800000,0.0
743036400000,0.0
743040000000,0.001
743043600000,0.003
743047200000,0.004
743050800000,0.002
743054400000,0.001
743058000000,0.001
743061600000,0.001
743065200000,0.001
743068800000,0.001
743072400000,0.0
743076000000,0.0
743079600000,0.0
743083200000,0.0
743086800000,0.0
743090400000,0.0
743094000000,0.0
743097600000,0.0
743101200000,0.0
743104800000,0.001
743108400000,0.004
743112000000,0.019
743115600000,0.048
743119200000,0.048
743122800000,0.063
743126400000,0.084
743130000000,0.071
743133600000,0.043
743137200000,0.017
743140800000,0.005
743144400000,0.002
743148000000,0.002
743151600000,0.001
743155200000,0.002
743158800000,0.001
743162400000,0.001
743166000000,0.001
743169600000,0.001
743173200000,0.001
743176800000,0.003
743180400000,0.008
743184000000,0.022
743187600000,0.044
743191200000,0.052
743194800000,0.041
743198400000,0.037
743202000000,0.04
743205600000,0.023
743209200000,0.009
743212800000,0.01
743216400000,0.011
743220000000,0.012
743223600000,0.016
743227200000,0.02
743230800000,0.024
743234400000,0.025
743238000000,0.019
743241600000,0.015
743245200000,0.011
743248800000,0.01
743252400000,0.011
743256000000,0.015
743259600000,0.022
743263200000,0.03
743266800000,0.036
743270400000,0.049
743274000000,0.053
743277600000,0.049
743281200000,0.035
743284800000,0.033
743288400000,0.048
743292000000,0.048
743295600000,0.073
743299200000,0.105
743302800000,0.1
743306400000,0.086
743310000000,0.077
743313600000,0.07
743317200000,0.063
743320800000,0.058
743324400000,0.058
743328000000,0.058
743331600000,0.056
743335200000,0.066
743338800000,0.068
743342400000,0.082
743346000000,0.098
743349600000,0.115
743353200000,0.122
743356800000,0.111
743360400000,0.085
743364000000,0.084
743367600000,0.078
743371200000,0.061
743374800000,0.053
743378400000,0.05
743382000000,0.058
743385600000,0.073
743389200000,0.068
743392800000,0.067
743396400000,0.063
743400000000,0.059
743403600000,0.055
743407200000,0.048
743410800000,0.038
743414400000,0.027
743418000000,0.017
743421600000,0.015
743425200000,0.011
743428800000,0.008
743432400000,0.006
743436000000,0.005
743439600000,0.005
743443200000,0.006
743446800000,0.008
743450400000,0.011
743454000000,0.016
743457600000,0.021
743461200000,0.028
743464800000,0.031
743468400000,0.058
743472000000,0.07
743475600000,0.072
743479200000,0.076
743482800000,0.086
743486400000,0.104
743490000000,0.107
743493600000,0.094
743497200000,0.088
743500800000,0.077
743504400000,0.081
743508000000,0.115
743511600000,0.163
743515200000,0.209
743518800000,0.201
743522400000,0.235
743526000000,0.221
743529600000,0.188
743533200000,0.135
743536800000,0.114
743540400000,0.091
743544000000,0.115
743547600000,0.135
743551200000,0.111
743554800000,0.139
743558400000,0.197
743562000000,0.195
743565600000,0.16
743569200000,0.136
743572800000,0.121
743576400000,0.104
743580000000,0.11
743583600000,0.109
743587200000,0.089
743590800000,0.07
743594400000,0.077
743598000000,0.094
743601600000,0.137
743605200000,0.185
743608800000,0.156
743612400000,0.052
743616000000,0.073
743619600000,0.042
743623200000,0.028
743626800000,0.049
743630400000,0.049
743634000000,0.057
743637600000,0.056
743641200000,0.105
743644800000,0.118
743648400000,0.092
743652000000,0.091
743655600000,0.096
743659200000,0.089
743662800000,0.068
743666400000,0.058
743670000000,0.054
743673600000,0.061
743677200000,0.062
743680800000,0.076
743684400000,0.08
743688000000,0.08
743691600000,0.08
743695200000,0.066
743698800000,0.048
743702400000,0.03
743706000000,0.025
743709600000,0.022
743713200000,0.019
743716800000,0.019
743720400000,0.025
743724000000,0.017
743727600000,0.034
743731200000,0.04
743734800000,0.029
743738400000,0.017
743742000000,0.01
743745600000,0.007
743749200000,0.004
743752800000,0.002
743756400000,0.002
743760000000,0.003
743763600000,0.005
743767200000,0.012
743770800000,0.03
743774400000,0.042
743778000000,0.034
743781600000,0.027
743785200000,0.019
743788800000,0.014
743792400000,0.011
743796000000,0.009
743799600000,0.007
743803200000,0.005
743806800000,0.003
743810400000,0.001
743814000000,0.001
743817600000,0.002
743821200000,0.001
743824800000,0.001
743828400000,0.0
743832000000,0.0
743835600000,0.0
743839200000,0.0
743842800000,0.0
743846400000,0.0
743850000000,0.0
743853600000,0.0
743857200000,0.0
743860800000,0.0
743864400000,0.0
743868000000,0.0
743871600000,0.0
743875200000,0.0
743878800000,0.0
743882400000,0.002
743886000000,0.007
743889600000,0.012
743893200000,0.012
743896800000,0.005
743900400000,0.002
743904000000,0.001
743907600000,0.001
743911200000,0.0
743914800000,0.0
743918400000,0.0
743922000000,0.0
743925600000,0.001
743929200000,0.004
743932800000,0.007
743936400000,0.01
743940000000,0.017
743943600000,0.024
743947200000,0.028
743950800000,0.035
743954400000,0.038
743958000000,0.035
743961600000,0.03
743965200000,0.026
743968800000,0.02
743972400000,0.017
743976000000,0.013
743979600000,0.015
743983200000,0.017
743986800000,0.026
743990400000,0.044
743994000000,0.039
743997600000,0.031
744001200000,0.027
744004800000,0.023
744008400000,0.023
744012000000,0.024
744015600000,0.027
744019200000,0.027
744022800000,0.027
744026400000,0.037
744030000000,0.045
744033600000,0.044
744037200000,0.039
744040800000,0.034
744044400000,0.033
744048000000,0.034
744051600000,0.034
744055200000,0.036
744058800000,0.041
744062400000,0.045
744066000000,0.054
744069600000,0.042
744073200000,0.046
744076800000,0.062
744080400000,0.061
744084000000,0.069
744087600000,0.072
744091200000,0.076
744094800000,0.083
744098400000,0.084
744102000000,0.064
744105600000,0.032
744109200000,0.016
744112800000,0.013
744116400000,0.009
744120000000,0.006
744123600000,0.004
744127200000,0.005
744130800000,0.004
744134400000,0.003
744138000000,0.004
744141600000,0.005
744145200000,0.004
744148800000,0.003
744152400000,0.001
744156000000,0.0
744159600000,0.001
744163200000,0.003
744166800000,0.014
744170400000,0.026
744174000000,0.038
744177600000,0.053
744181200000,0.069
744184800000,0.069
744188400000,0.051
744192000000,0.035
744195600000,0.031
744199200000,0.025
744202800000,0.014
744206400000,0.004
744210000000,0.003
744213600000,0.003
744217200000,0.002
744220800000,0.001
744224400000,0.003
744228000000,0.01
744231600000,0.024
744235200000,0.046
744238800000,0.076
744242400000,0.073
744246000000,0.113
744249600000,0.15
744253200000,0.167
744256800000,0.172
744260400000,0.148
744264000000,0.126
744267600000,0.108
744271200000,0.087
744274800000,0.057
744278400000,0.033
744282000000,0.029
744285600000,0.036
744289200000,0.041
744292800000,0.044
744296400000,0.045
744300000000,0.044
744303600000,0.037
744307200000,0.031
744310800000,0.025
744314400000,0.021
744318000000,0.02
744321600000,0.02
744325200000,0.025
744328800000,0.016
744332400000,0.005
744336000000,0.001
744339600000,0.002
744343200000,0.005
744346800000,0.015
744350400000,0.038
744354000000,0.076
744357600000,0.11
744361200000,0.119
744364800000,0.105
744368400000,0.076
744372000000,0.082
744375600000,0.07
744379200000,0.054
744382800000,0.045
744386400000,0.041
744390000000,0.046
744393600000,0.053
744397200000,0.056
744400800000,0.064
744404400000,0.074
744408000000,0.068
744411600000,0.056
744415200000,0.037
744418800000,0.044
744422400000,0.069
744426000000,0.114
744429600000,0.179
744433200000,0.318
744436800000,0.481
744440400000,0.494
744444000000,0.373
744447600000,0.188
744451200000,0.08
744454800000,0.046
744458400000,0.02
744462000000,0.017
744465600000,0.019
744469200000,0.035
744472800000,0.048
744476400000,0.067
744480000000,0.084
744483600000,0.09
744487200000,0.072
744490800000,0.058
744494400000,0.067
744498000000,0.066
744501600000,0.044
744505200000,0.105
744508800000,0.159
744512400000,0.172
744516000000,0.173
744519600000,0.175
744523200000,0.193
744526800000,0.184
744530400000,0.164
744534000000,0.138
744537600000,0.093
744541200000,0.073
744544800000,0.113
744548400000,0.155
744552000000,0.201
744555600000,0.241
744559200000,0.223
744562800000,0.189
744566400000,0.162
744570000000,0.124
744573600000,0.095
744577200000,0.076
744580800000,0.067
744584400000,0.084
744588000000,0.083
744591600000,0.144
744595200000,0.271
744598800000,0.346
744602400000,0.415
744606000000,0.485
744609600000,0.511
744613200000,0.528
744616800000,0.512
744620400000,0.435
744624000000,0.311
744627600000,0.204
744631200000,0.17
744634800000,0.187
744638400000,0.207
744642000000,0.217
744645600000,0.237
744649200000,0.261
744652800000,0.263
744656400000,0.253
744660000000,0.261
744663600000,0.289
744667200000,0.294
744670800000,0.234
744674400000,0.139
744678000000,0.268
744681600000,0.509
744685200000,0.674
744688800000,0.695
744692400000,0.668
744696000000,0.649
744699600000,0.62
744703200000,0.535
744706800000,0.397
744710400000,0.249
744714000000,0.192
744717600000,0.191
744721200000,0.195
744724800000,0.249
744728400000,0.231
744732000000,0.217
744735600000,0.189
744739200000,0.167
744742800000,0.181
744746400000,0.213
744750000000,0.198
744753600000,0.192
744757200000,0.183
744760800000,0.116
744764400000,0.101
744768000000,0.2
744771600000,0.323
744775200000,0.354
744778800000,0.331
744782400000,0.325
744786000000,0.36
744789600000,0.36
744793200000,0.261
744796800000,0.151
744800400000,0.101
744804000000,0.093
744807600000,0.088
744811200000,0.079
744814800000,0.089
744818400000,0.117
744822000000,0.148
744825600000,0.167
744829200000,0.196
744832800000,0.219
744836400000,0.217
744840000000,0.214
744843600000,0.17
744847200000,0.106
744850800000,0.137
744854400000,0.233
744858000000,0.225
744861600000,0.175
744865200000,0.124
744868800000,0.092
744872400000,0.072
744876000000,0.062
744879600000,0.057
744883200000,0.048
744886800000,0.042
744890400000,0.046
744894000000,0.046
744897600000,0.04
744901200000,0.04
744904800000,0.047
744908400000,0.062
744912000000,0.074
744915600000,0.077
744919200000,0.071
744922800000,0.066
744926400000,0.061
744930000000,0.057
744933600000,0.041
744937200000,0.045
744940800000,0.045
744944400000,0.033
744948000000,0.027
744951600000,0.027
744955200000,0.03
744958800000,0.031
744962400000,0.026
744966000000,0.023
744969600000,0.024
744973200000,0.021
744976800000,0.025
744980400000,0.029
744984000000,0.037
744987600000,0.052
744991200000,0.065
744994800000,0.057
744998400000,0.04
745002000000,0.023
745005600000,0.01
745009200000,0.005
745012800000,0.005
745016400000,0.014
745020000000,0.026
745023600000,0.041
745027200000,0.061
745030800000,0.078
745034400000,0.094
745038000000,0.098
745041600000,0.09
745045200000,0.085
745048800000,0.072
745052400000,0.054
745056000000,0.036
745059600000,0.02
745063200000,0.016
745066800000,0.016
745070400000,0.019
745074000000,0.024
745077600000,0.025
745081200000,0.025
745084800000,0.032
745088400000,0.036
745092000000,0.036
745095600000,0.03
745099200000,0.025
745102800000,0.023
745106400000,0.013
745110000000,0.025
745113600000,0.046
745117200000,0.062
745120800000,0.071
745124400000,0.069
745128000000,0.068
745131600000,0.066
745135200000,0.058
745138800000,0.046
745142400000,0.04
745146000000,0.028
745149600000,0.017
745153200000,0.019
745156800000,0.033
745160400000,0.041
745164000000,0.051
745167600000,0.052
745171200000,0.042
745174800000,0.035
745178400000,0.026
745182000000,0.021
745185600000,0.025
745189200000,0.029
745192800000,0.028
745196400000,0.025
745200000000,0.06
745203600000,0.085
745207200000,0.082
745210800000,0.076
745214400000,0.068
745218000000,0.054
745221600000,0.037
745225200000,0.023
745228800000,0.017
745232400000,0.014
745236000000,0.017
745239600000,0.022
745243200000,0.031
745246800000,0.045
745250400000,0.063
745254000000,0.072
745257600000,0.079
745261200000,0.083
745264800000,0.062
745268400000,0.033
745272000000,0.014
745275600000,0.008
745279200000,0.009
745282800000,0.015
745286400000,0.015
745290000000,0.009
745293600000,0.006
745297200000,0.007
745300800000,0.014
745304400000,0.028
745308000000,0.042
745311600000,0.054
745315200000,0.053
745318800000,0.038
745322400000,0.032
745326000000,0.023
745329600000,0.015
745333200000,0.008
745336800000,0.004
745340400000,0.003
745344000000,0.003
745347600000,0.005
745351200000,0.009
745354800000,0.014
745358400000,0.017
745362000000,0.021
745365600000,0.017
745369200000,0.009
745372800000,0.01
745376400000,0.008
745380000000,0.006
745383600000,0.008
745387200000,0.008
745390800000,0.004
745394400000,0.003
745398000000,0.002
745401600000,0.001
745405200000,0.0
745408800000,0.0
745412400000,0.0
745416000000,0.0
745419600000,0.001
745423200000,0.005
745426800000,0.014
745430400000,0.025
745434000000,0.033
745437600000,0.04
745441200000,0.043
745444800000,0.042
745448400000,0.049
745452000000,0.037
745455600000,0.025
745459200000,0.014
745462800000,0.009
745466400000,0.007
745470000000,0.005
745473600000,0.005
745477200000,0.006
745480800000,0.01
745484400000,0.017
745488000000,0.022
745491600000,0.022
745495200000,0.023
745498800000,0.022
745502400000,0.02
745506000000,0.023
745509600000,0.026
745513200000,0.045
745516800000,0.084
745520400000,0.112
745524000000,0.113
745527600000,0.109
745531200000,0.089
745534800000,0.065
745538400000,0.052
745542000000,0.035
745545600000,0.035
745549200000,0.023
745552800000,0.013
745556400000,0.007
745560000000,0.005
745563600000,0.005
745567200000,0.005
745570800000,0.004
745574400000,0.004
745578000000,0.006
745581600000,0.008
745585200000,0.009
745588800000,0.008
745592400000,0.008
745596000000,0.01
745599600000,0.014
745603200000,0.018
745606800000,0.019
745610400000,0.018
745614000000,0.016
745617600000,0.014
745621200000,0.016
745624800000,0.011
745628400000,0.006
745632000000,0.006
745635600000,0.006
745639200000,0.006
745642800000,0.007
745646400000,0.009
745650000000,0.008
745653600000,0.005
745657200000,0.002
745660800000,0.002
745664400000,0.001
745668000000,0.002
745671600000,0.001
745675200000,0.001
745678800000,0.005
745682400000,0.011
745686000000,0.017
745689600000,0.019
745693200000,0.023
745696800000,0.033
745700400000,0.038
745704000000,0.034
745707600000,0.015
745711200000,0.001
745714800000,0.0
745718400000,0.0
745722000000,0.0
745725600000,0.0
745729200000,0.0
745732800000,0.0
745736400000,0.001
745740000000,0.002
745743600000,0.002
745747200000,0.006
745750800000,0.012
745754400000,0.014
745758000000,0.017
745761600000,0.014
745765200000,0.006
745768800000,0.002
745772400000,0.003
745776000000,0.007
745779600000,0.012
745783200000,0.01
745786800000,0.007
745790400000,0.005
745794000000,0.003
745797600000,0.001
745801200000,0.002
745804800000,0.004
745808400000,0.004
745812000000,0.006
745815600000,0.008
745819200000,0.01
745822800000,0.014
745826400000,0.021
745830000000,0.021
745833600000,0.017
745837200000,0.016
745840800000,0.017
745844400000,0.015
745848000000,0.016
745851600000,0.02
745855200000,0.027
745858800000,0.035
745862400000,0.037
745866000000,0.033
745869600000,0.03
745873200000,0.025
745876800000,0.018
745880400000,0.008
745884000000,0.005
745887600000,0.003
745891200000,0.006
745894800000,0.015
745898400000,0.029
745902000000,0.051
745905600000,0.067
745909200000,0.063
745912800000,0.046
745916400000,0.035
745920000000,0.023
745923600000,0.012
745927200000,0.007
745930800000,0.002
745934400000,0.001
745938000000,0.0
745941600000,0.0
745945200000,0.001
745948800000,0.009
745952400000,0.022
745956000000,0.03
745959600000,0.033
745963200000,0.059
745966800000,0.115
745970400000,0.089
745974000000,0.071
745977600000,0.105
745981200000,0.118
745984800000,0.13
745988400000,0.131
745992000000,0.132
745995600000,0.137
745999200000,0.132
746002800000,0.111
746006400000,0.089
746010000000,0.07
746013600000,0.077
746017200000,0.063
746020800000,0.054
746024400000,0.047
746028000000,0.043
746031600000,0.048
746035200000,0.053
746038800000,0.046
746042400000,0.037
746046000000,0.031
746049600000,0.022
746053200000,0.019
746056800000,0.017
746060400000,0.031
746064000000,0.025
746067600000,0.018
746071200000,0.018
746074800000,0.027
746078400000,0.037
746082000000,0.041
746085600000,0.035
746089200000,0.027
746092800000,0.019
746096400000,0.011
746100000000,0.004
746103600000,0.002
746107200000,0.002
746110800000,0.005
746114400000,0.017
746118000000,0.043
746121600000,0.071
746125200000,0.1
746128800000,0.118
746132400000,0.133
746136000000,0.107
746139600000,0.076
746143200000,0.049
746146800000,0.064
746150400000,0.037
746154000000,0.023
746157600000,0.024
746161200000,0.032
746164800000,0.038
746168400000,0.034
746172000000,0.026
746175600000,0.021
746179200000,0.016
746182800000,0.013
746186400000,0.008
746190000000,0.008
746193600000,0.014
746197200000,0.024
746200800000,0.038
746204400000,0.043
746208000000,0.068
746211600000,0.072
746215200000,0.05
746218800000,0.032
746222400000,0.023
746226000000,0.011
746229600000,0.005
746233200000,0.003
746236800000,0.001
746240400000,0.001
746244000000,0.001
746247600000,0.003
746251200000,0.006
746254800000,0.011
746258400000,0.016
746262000000,0.016
746265600000,0.013
746269200000,0.013
746272800000,0.014
746276400000,0.011
746280000000,0.006
746283600000,0.003
746287200000,0.002
746290800000,0.002
746294400000,0.002
746298000000,0.003
746301600000,0.007
746305200000,0.013
746308800000,0.018
746312400000,0.023
746316000000,0.018
746319600000,0.028
746323200000,0.03
746326800000,0.036
746330400000,0.05
746334000000,0.068
746337600000,0.082
746341200000,0.084
746344800000,0.071
746348400000,0.05
746352000000,0.035
746355600000,0.03
746359200000,0.038
746362800000,0.041
746366400000,0.045
746370000000,0.052
746373600000,0.056
746377200000,0.064
746380800000,0.09
746384400000,0.127
746388000000,0.13
746391600000,0.121
746395200000,0.097
746398800000,0.043
746402400000,0.012
746406000000,0.018
746409600000,0.038
746413200000,0.045
746416800000,0.039
746420400000,0.034
746424000000,0.03
746427600000,0.03
746431200000,0.035
746434800000,0.034
746438400000,0.031
746442000000,0.024
746445600000,0.022
746449200000,0.018
746452800000,0.012
746456400000,0.009
746460000000,0.01
746463600000,0.017
746467200000,0.031
746470800000,0.038
746474400000,0.042
746478000000,0.045
746481600000,0.044
746485200000,0.038
746488800000,0.019
746492400000,0.011
746496000000,0.005
746499600000,0.003
746503200000,0.002
746506800000,0.004
746510400000,0.009
746514000000,0.016
746517600000,0.022
746521200000,0.029
746524800000,0.022
746528400000,0.015
746532000000,0.015
746535600000,0.017
746539200000,0.02
746542800000,0.028
746546400000,0.044
746550000000,0.057
746553600000,0.067
746557200000,0.08
746560800000,0.061
746564400000,0.046
746568000000,0.036
746571600000,0.027
746575200000,0.015
746578800000,0.028
746582400000,0.029
746586000000,0.023
746589600000,0.015
746593200000,0.014
746596800000,0.02
746600400000,0.02
746604000000,0.021
746607600000,0.022
746611200000,0.018
746614800000,0.015
746618400000,0.017
746622000000,0.022
746625600000,0.034
746629200000,0.045
746632800000,0.051
746636400000,0.077
746640000000,0.131
746643600000,0.161
746647200000,0.134
746650800000,0.081
746654400000,0.037
746658000000,0.022
746661600000,0.012
746665200000,0.031
746668800000,0.042
746672400000,0.035
746676000000,0.024
746679600000,0.017
746683200000,0.011
746686800000,0.009
746690400000,0.009
746694000000,0.011
746697600000,0.012
746701200000,0.011
746704800000,0.007
746708400000,0.002
746712000000,0.0
746715600000,0.0
746719200000,0.0
746722800000,0.0
746726400000,0.0
746730000000,0.0
746733600000,0.0
746737200000,0.0
746740800000,0.0
746744400000,0.0
746748000000,0.0
746751600000,0.0
746755200000,0.0
746758800000,0.0
746762400000,0.0
746766000000,0.0
746769600000,0.0
746773200000,0.0
746776800000,0.002
746780400000,0.007
746784000000,0.015
746787600000,0.016
746791200000,0.012
746794800000,0.006
746798400000,0.005
746802000000,0.005
746805600000,0.004
746809200000,0.005
746812800000,0.01
746816400000,0.015
746820000000,0.016
746823600000,0.018
746827200000,0.012
746830800000,0.005
746834400000,0.001
746838000000,0.005
746841600000,0.008
746845200000,0.009
746848800000,0.014
746852400000,0.027
746856000000,0.043
746859600000,0.052
746863200000,0.05
746866800000,0.043
746870400000,0.026
746874000000,0.013
746877600000,0.008
746881200000,0.005
746884800000,0.003
746888400000,0.001
746892000000,0.002
746895600000,0.008
746899200000,0.019
746902800000,0.02
746906400000,0.014
746910000000,0.017
746913600000,0.021
746917200000,0.031
746920800000,0.02
746924400000,0.013
746928000000,0.007
746931600000,0.007
746935200000,0.017
746938800000,0.025
746942400000,0.026
746946000000,0.025
746949600000,0.019
746953200000,0.014
746956800000,0.01
746960400000,0.008
746964000000,0.012
746967600000,0.026
746971200000,0.029
746974800000,0.029
746978400000,0.03
746982000000,0.026
746985600000,0.019
746989200000,0.018
746992800000,0.018
746996400000,0.019
747000000000,0.018
747003600000,0.016
747007200000,0.007
747010800000,0.003
747014400000,0.001
747018000000,0.0
747021600000,0.001
747025200000,0.001
747028800000,0.001
747032400000,0.002
747036000000,0.005
747039600000,0.005
747043200000,0.003
747046800000,0.001
747050400000,0.001
747054000000,0.001
747057600000,0.002
747061200000,0.004
747064800000,0.009
747068400000,0.01
747072000000,0.009
747075600000,0.009
747079200000,0.011
747082800000,0.012
747086400000,0.013
747090000000,0.011
747093600000,0.005
747097200000,0.002
747100800000,0.001
747104400000,0.001
747108000000,0.0
747111600000,0.0
747115200000,0.0
747118800000,0.0
747122400000,0.0
747126000000,0.0
747129600000,0.0
747133200000,0.0
747136800000,0.001
747140400000,0.005
747144000000,0.008
747147600000,0.009
747151200000,0.011
747154800000,0.009
747158400000,0.006
747162000000,0.005
747165600000,0.005
747169200000,0.005
747172800000,0.006
747176400000,0.009
747180000000,0.008
747183600000,0.009
747187200000,0.011
747190800000,0.01
747194400000,0.008
747198000000,0.008
747201600000,0.01
747205200000,0.011
747208800000,0.008
747212400000,0.007
747216000000,0.007
747219600000,0.006
747223200000,0.007
747226800000,0.014
747230400000,0.03
747234000000,0.036
747237600000,0.033
747241200000,0.031
747244800000,0.033
747248400000,0.038
747252000000,0.036
747255600000,0.031
747259200000,0.025
747262800000,0.019
747266400000,0.009
747270000000,0.011
747273600000,0.015
747277200000,0.025
747280800000,0.036
747284400000,0.037
747288000000,0.024
747291600000,0.025
747295200000,0.032
747298800000,0.041
747302400000,0.052
747306000000,0.048
747309600000,0.052
747313200000,0.046
747316800000,0.042
747320400000,0.035
747324000000,0.029
747327600000,0.02
747331200000,0.01
747334800000,0.007
747338400000,0.005
747342000000,0.003
747345600000,0.002
747349200000,0.001
747352800000,0.001
747356400000,0.024
747360000000,0.067
747363600000,0.074
747367200000,0.065
747370800000,0.051
747374400000,0.038
747378000000,0.025
747381600000,0.012
747385200000,0.006
747388800000,0.003
747392400000,0.003
747396000000,0.002
747399600000,0.003
747403200000,0.003
747406800000,0.002
747410400000,0.001
747414000000,0.0
747417600000,0.0
747421200000,0.0
747424800000,0.001
747428400000,0.004
747432000000,0.006
747435600000,0.002
747439200000,0.0
747442800000,0.0
747446400000,0.008
747450000000,0.021
747453600000,0.027
747457200000,0.019
747460800000,0.009
747464400000,0.002
747468000000,0.001
747471600000,0.005
747475200000,0.003
747478800000,0.003
747482400000,0.007
747486000000,0.016
747489600000,0.023
747493200000,0.027
747496800000,0.029
747500400000,0.026
747504000000,0.021
747507600000,0.019
747511200000,0.017
747514800000,0.024
747518400000,0.035
747522000000,0.041
747525600000,0.028
747529200000,0.031
747532800000,0.026
747536400000,0.013
747540000000,0.01
747543600000,0.013
747547200000,0.016
747550800000,0.009
747554400000,0.007
747558000000,0.005
747561600000,0.003
747565200000,0.002
747568800000,0.003
747572400000,0.005
747576000000,0.008
747579600000,0.011
747583200000,0.017
747586800000,0.017
747590400000,0.013
747594000000,0.008
747597600000,0.007
747601200000,0.006
747604800000,0.005
747608400000,0.005
747612000000,0.003
747615600000,0.005
747619200000,0.007
747622800000,0.004
747626400000,0.003
747630000000,0.002
747633600000,0.001
747637200000,0.0
747640800000,0.0
747644400000,0.0
747648000000,0.001
747651600000,0.001
747655200000,0.001
747658800000,0.004
747662400000,0.01
747666000000,0.018
747669600000,0.022
747673200000,0.022
747676800000,0.017
747680400000,0.012
747684000000,0.008
747687600000,0.004
747691200000,0.003
747694800000,0.004
747698400000,0.004
747702000000,0.015
747705600000,0.037
747709200000,0.07
747712800000,0.093
747716400000,0.093
747720000000,0.083
747723600000,0.071
747727200000,0.059
747730800000,0.045
747734400000,0.021
747738000000,0.009
747741600000,0.006
747745200000,0.005
747748800000,0.006
747752400000,0.011
747756000000,0.024
747759600000,0.033
747763200000,0.031
747766800000,0.027
747770400000,0.022
747774000000,0.022
747777600000,0.029
747781200000,0.039
747784800000,0.036
747788400000,0.047
747792000000,0.053
747795600000,0.037
747799200000,0.026
747802800000,0.025
747806400000,0.026
747810000000,0.014
747813600000,0.012
747817200000,0.015
747820800000,0.011
747824400000,0.009
747828000000,0.015
747831600000,0.028
747835200000,0.029
747838800000,0.026
747842400000,0.023
747846000000,0.015
747849600000,0.011
747853200000,0.014
747856800000,0.017
747860400000,0.023
747864000000,0.032
747867600000,0.04
747871200000,0.034
747874800000,0.041
747878400000,0.041
747882000000,0.017
747885600000,0.007
747889200000,0.006
747892800000,0.013
747896400000,0.021
747900000000,0.025
747903600000,0.02
747907200000,0.016
747910800000,0.013
747914400000,0.005
747918000000,0.002
747921600000,0.002
747925200000,0.001
747928800000,0.001
747932400000,0.005
747936000000,0.011
747939600000,0.018
747943200000,0.026
747946800000,0.027
747950400000,0.028
747954000000,0.029
747957600000,0.023
747961200000,0.037
747964800000,0.063
747968400000,0.072
747972000000,0.061
747975600000,0.05
747979200000,0.034
747982800000,0.018
747986400000,0.01
747990000000,0.006
747993600000,0.005
747997200000,0.009
748000800000,0.013
748004400000,0.017
748008000000,0.021
748011600000,0.02
748015200000,0.018
748018800000,0.014
748022400000,0.011
748026000000,0.022
748029600000,0.025
748033200000,0.024
748036800000,0.02
748040400000,0.016
748044000000,0.013
748047600000,0.004
748051200000,0.0
748054800000,0.0
748058400000,0.0
748062000000,0.0
748065600000,0.0
748069200000,0.001
748072800000,0.003
748076400000,0.003
748080000000,0.003
748083600000,0.001
748087200000,0.0
748090800000,0.0
748094400000,0.0
748098000000,0.001
748101600000,0.002
748105200000,0.001
748108800000,0.0
748112400000,0.0
748116000000,0.0
748119600000,0.0
748123200000,0.0
748126800000,0.0
748130400000,0.0
748134000000,0.0
748137600000,0.003
748141200000,0.009
748144800000,0.008
748148400000,0.004
748152000000,0.002
748155600000,0.0
748159200000,0.001
748162800000,0.001
748166400000,0.001
748170000000,0.0
748173600000,0.0
748177200000,0.0
748180800000,0.0
748184400000,0.0
748188000000,0.001
748191600000,0.005
748195200000,0.017
748198800000,0.032
748202400000,0.041
748206000000,0.045
748209600000,0.047
748213200000,0.036
748216800000,0.02
748220400000,0.02
748224000000,0.021
748227600000,0.02
748231200000,0.017
748234800000,0.01
748238400000,0.007
748242000000,0.013
748245600000,0.024
748249200000,0.039
748252800000,0.049
748256400000,0.053
748260000000,0.06
748263600000,0.066
748267200000,0.06
748270800000,0.04
748274400000,0.029
748278000000,0.032
748281600000,0.038
748285200000,0.041
748288800000,0.035
748292400000,0.027
748296000000,0.021
748299600000,0.02
748303200000,0.015
748306800000,0.01
748310400000,0.008
748314000000,0.005
748317600000,0.004
748321200000,0.002
748324800000,0.001
748328400000,0.001
748332000000,0.001
748335600000,0.003
748339200000,0.006
748342800000,0.007
748346400000,0.005
748350000000,0.003
748353600000,0.002
748357200000,0.001
748360800000,0.001
748364400000,0.0
748368000000,0.0
748371600000,0.0
748375200000,0.0
748378800000,0.0
748382400000,0.0
748386000000,0.0
748389600000,0.0
748393200000,0.002
748396800000,0.006
748400400000,0.01
748404000000,0.013
748407600000,0.025
748411200000,0.046
748414800000,0.064
748418400000,0.068
748422000000,0.05
748425600000,0.03
748429200000,0.014
748432800000,0.01
748436400000,0.007
748440000000,0.006
748443600000,0.009
748447200000,0.012
748450800000,0.009
748454400000,0.004
748458000000,0.001
748461600000,0.0
748465200000,0.0
748468800000,0.0
748472400000,0.0
748476000000,0.0
748479600000,0.003
748483200000,0.009
748486800000,0.017
748490400000,0.025
748494000000,0.021
748497600000,0.014
748501200000,0.012
748504800000,0.01
748508400000,0.008
748512000000,0.007
748515600000,0.007
748519200000,0.004
748522800000,0.001
748526400000,0.0
748530000000,0.0
748533600000,0.0
748537200000,0.001
748540800000,0.003
748544400000,0.006
748548000000,0.01
748551600000,0.01
748555200000,0.008
748558800000,0.009
748562400000,0.005
748566000000,0.001
748569600000,0.001
748573200000,0.002
748576800000,0.006
748580400000,0.009
748584000000,0.011
748587600000,0.011
748591200000,0.009
748594800000,0.006
748598400000,0.005
748602000000,0.002
748605600000,0.001
748609200000,0.001
748612800000,0.0
748616400000,0.0
748620000000,0.001
748623600000,0.002
748627200000,0.005
748630800000,0.011
748634400000,0.015
748638000000,0.016
748641600000,0.011
748645200000,0.003
748648800000,0.0
748652400000,0.0
748656000000,0.001
748659600000,0.001
748663200000,0.0
748666800000,0.0
748670400000,0.0
748674000000,0.0
748677600000,0.001
748681200000,0.003
748684800000,0.007
748688400000,0.008
748692000000,0.012
748695600000,0.024
748699200000,0.039
748702800000,0.048
748706400000,0.043
748710000000,0.03
748713600000,0.027
748717200000,0.025
748720800000,0.018
748724400000,0.012
748728000000,0.007
748731600000,0.006
748735200000,0.006
748738800000,0.002
748742400000,0.001
748746000000,0.0
748749600000,0.001
748753200000,0.001
748756800000,0.001
748760400000,0.001
748764000000,0.001
748767600000,0.002
748771200000,0.001
748774800000,0.001
748778400000,0.001
748782000000,0.002
748785600000,0.004
748789200000,0.005
748792800000,0.006
748796400000,0.009
748800000000,0.012
748803600000,0.021
748807200000,0.036
748810800000,0.049
748814400000,0.058
748818000000,0.054
748821600000,0.036
748825200000,0.015
748828800000,0.002
748832400000,0.0
748836000000,0.0
748839600000,0.0
748843200000,0.0
748846800000,0.0
748850400000,0.0
748854000000,0.0
748857600000,0.0
748861200000,0.001
748864800000,0.002
748868400000,0.003
748872000000,0.003
748875600000,0.002
748879200000,0.001
748882800000,0.0
748886400000,0.0
748890000000,0.001
748893600000,0.003
748897200000,0.004
748900800000,0.003
748904400000,0.001
748908000000,0.0
748911600000,0.001
748915200000,0.003
748918800000,0.003
748922400000,0.001
748926000000,0.0
748929600000,0.0
748933200000,0.0
748936800000,0.0
748940400000,0.001
748944000000,0.004
748947600000,0.012
748951200000,0.023
748954800000,0.022
748958400000,0.014
748962000000,0.008
748965600000,0.006
748969200000,0.013
748972800000,0.026
748976400000,0.045
748980000000,0.056
748983600000,0.056
748987200000,0.052
748990800000,0.047
748994400000,0.022
748998000000,0.004
749001600000,0.0
749005200000,0.0
749008800000,0.002
749012400000,0.003
749016000000,0.005
749019600000,0.006
749023200000,0.007
749026800000,0.006
749030400000,0.004
749034000000,0.001
749037600000,0.0
749041200000,0.0
749044800000,0.0
749048400000,0.008
749052000000,0.022
749055600000,0.025
749059200000,0.026
749062800000,0.029
749066400000,0.028
749070000000,0.023
749073600000,0.017
749077200000,0.015
749080800000,0.008
749084400000,0.003
749088000000,0.002
749091600000,0.004
749095200000,0.007
749098800000,0.005
749102400000,0.001
749106000000,0.001
749109600000,0.003
749113200000,0.003
749116800000,0.001
749120400000,0.0
749124000000,0.0
749127600000,0.0
749131200000,0.0
749134800000,0.0
749138400000,0.001
749142000000,0.001
749145600000,0.005
749149200000,0.018
749152800000,0.044
749156400000,0.083
749160000000,0.096
749163600000,0.088
749167200000,0.058
749170800000,0.051
749174400000,0.068
749178000000,0.068
749181600000,0.05
749185200000,0.029
749188800000,0.029
749192400000,0.037
749196000000,0.044
749199600000,0.045
749203200000,0.039
749206800000,0.025
749210400000,0.02
749214000000,0.019
749217600000,0.015
749221200000,0.015
749224800000,0.024
749228400000,0.047
749232000000,0.076
749235600000,0.097
749239200000,0.111
749242800000,0.11
749246400000,0.093
749250000000,0.086
749253600000,0.048
749257200000,0.034
749260800000,0.011
749264400000,0.005
749268000000,0.005
749271600000,0.012
749275200000,0.025
749278800000,0.034
749282400000,0.037
749286000000,0.037
749289600000,0.041
749293200000,0.036
749296800000,0.045
749300400000,0.054
749304000000,0.069
749307600000,0.109
749311200000,0.113
749314800000,0.098
749318400000,0.086
749322000000,0.082
749325600000,0.072
749329200000,0.086
749332800000,0.079
749336400000,0.054
749340000000,0.029
749343600000,0.018
749347200000,0.014
749350800000,0.006
749354400000,0.005
749358000000,0.006
749361600000,0.011
749365200000,0.019
749368800000,0.022
749372400000,0.026
749376000000,0.03
749379600000,0.039
749383200000,0.07
749386800000,0.079
749390400000,0.084
749394000000,0.097
749397600000,0.104
749401200000,0.062
749404800000,0.038
749408400000,0.041
749412000000,0.05
749415600000,0.05
749419200000,0.047
749422800000,0.031
749426400000,0.013
749430000000,0.006
749433600000,0.01
749437200000,0.018
749440800000,0.032
749444400000,0.069
749448000000,0.115
749451600000,0.135
749455200000,0.129
749458800000,0.114
749462400000,0.074
749466000000,0.04
749469600000,0.032
749473200000,0.029
749476800000,0.027
749480400000,0.03
749484000000,0.034
749487600000,0.045
749491200000,0.057
749494800000,0.063
749498400000,0.062
749502000000,0.062
749505600000,0.061
749509200000,0.053
749512800000,0.029
749516400000,0.032
749520000000,0.034
749523600000,0.036
749527200000,0.052
749530800000,0.084
749534400000,0.127
749538000000,0.155
749541600000,0.14
749545200000,0.103
749548800000,0.078
749552400000,0.062
749556000000,0.063
749559600000,0.061
749563200000,0.059
749566800000,0.064
749570400000,0.076
749574000000,0.076
749577600000,0.072
749581200000,0.076
749584800000,0.086
749588400000,0.111
749592000000,0.119
749595600000,0.111
749599200000,0.081
749602800000,0.123
749606400000,0.156
749610000000,0.141
749613600000,0.139
749617200000,0.173
749620800000,0.221
749624400000,0.248
749628000000,0.231
749631600000,0.193
749635200000,0.126
749638800000,0.082
749642400000,0.079
749646000000,0.08
749649600000,0.08
749653200000,0.093
749656800000,0.103
749660400000,0.114
749664000000,0.119
749667600000,0.133
749671200000,0.13
749674800000,0.114
749678400000,0.097
749682000000,0.092
749685600000,0.072
749689200000,0.112
749692800000,0.119
749696400000,0.097
749700000000,0.093
749703600000,0.116
749707200000,0.145
749710800000,0.144
749714400000,0.121
749718000000,0.101
749721600000,0.084
749725200000,0.068
749728800000,0.079
749732400000,0.084
749736000000,0.094
749739600000,0.09
749743200000,0.068
749746800000,0.059
749750400000,0.059
749754000000,0.061
749757600000,0.054
749761200000,0.04
749764800000,0.031
749768400000,0.029
749772000000,0.023
749775600000,0.053
749779200000,0.08
749782800000,0.099
749786400000,0.133
749790000000,0.161
749793600000,0.189
749797200000,0.194
749800800000,0.17
749804400000,0.133
749808000000,0.106
749811600000,0.094
749815200000,0.092
749818800000,0.099
749822400000,0.12
749826000000,0.126
749829600000,0.138
749833200000,0.132
749836800000,0.118
749840400000,0.099
749844000000,0.078
749847600000,0.063
749851200000,0.052
749854800000,0.047
749858400000,0.038
749862000000,0.059
749865600000,0.084
749869200000,0.094
749872800000,0.097
749876400000,0.101
749880000000,0.094
749883600000,0.084
749887200000,0.07
749890800000,0.054
749894400000,0.041
749898000000,0.034
749901600000,0.034
749905200000,0.035
749908800000,0.035
749912400000,0.036
749916000000,0.047
749919600000,0.059
749923200000,0.07
749926800000,0.078
749930400000,0.077
749934000000,0.074
749937600000,0.069
749941200000,0.068
749944800000,0.05
749948400000,0.03
749952000000,0.023
749955600000,0.007
749959200000,0.002
749962800000,0.002
749966400000,0.004
749970000000,0.008
749973600000,0.017
749977200000,0.027
749980800000,0.03
749984400000,0.025
749988000000,0.028
749991600000,0.029
749995200000,0.024
749998800000,0.024
750002400000,0.03
750006000000,0.034
750009600000,0.035
750013200000,0.038
750016800000,0.039
750020400000,0.042
750024000000,0.048
750027600000,0.061
750031200000,0.046
750034800000,0.057
750038400000,0.072
750042000000,0.057
750045600000,0.047
750049200000,0.049
750052800000,0.062
750056400000,0.079
750060000000,0.087
750063600000,0.09
750067200000,0.074
750070800000,0.061
750074400000,0.065
750078000000,0.075
750081600000,0.073
750085200000,0.086
750088800000,0.124
750092400000,0.134
750096000000,0.133
750099600000,0.144
750103200000,0.137
750106800000,0.124
750110400000,0.113
750114000000,0.099
750117600000,0.049
750121200000,0.041
750124800000,0.045
750128400000,0.036
750132000000,0.034
750135600000,0.038
750139200000,0.045
750142800000,0.045
750146400000,0.037
750150000000,0.035
750153600000,0.043
750157200000,0.042
750160800000,0.049
750164400000,0.052
750168000000,0.054
750171600000,0.055
750175200000,0.06
750178800000,0.057
750182400000,0.045
750186000000,0.032
750189600000,0.022
750193200000,0.013
750196800000,0.007
750200400000,0.002
750204000000,0.0
750207600000,0.0
750211200000,0.0
750214800000,0.0
750218400000,0.0
750222000000,0.0
750225600000,0.0
750229200000,0.0
750232800000,0.001
750236400000,0.002
750240000000,0.003
750243600000,0.006
750247200000,0.007
750250800000,0.007
750254400000,0.005
750258000000,0.002
750261600000,0.001
750265200000,0.001
750268800000,0.003
750272400000,0.005
750276000000,0.004
750279600000,0.002
750283200000,0.001
750286800000,0.001
750290400000,0.002
750294000000,0.026
750297600000,0.063
750301200000,0.064
750304800000,0.045
750308400000,0.026
750312000000,0.013
750315600000,0.008
750319200000,0.007
750322800000,0.011
750326400000,0.019
750330000000,0.034
750333600000,0.05
750337200000,0.055
750340800000,0.049
750344400000,0.051
750348000000,0.056
750351600000,0.052
750355200000,0.046
750358800000,0.046
750362400000,0.048
750366000000,0.041
750369600000,0.041
750373200000,0.042
750376800000,0.038
750380400000,0.084
750384000000,0.152
750387600000,0.169
750391200000,0.148
750394800000,0.132
750398400000,0.128
750402000000,0.133
750405600000,0.147
750409200000,0.155
750412800000,0.115
750416400000,0.084
750420000000,0.074
750423600000,0.063
750427200000,0.067
750430800000,0.069
750434400000,0.069
750438000000,0.058
750441600000,0.042
750445200000,0.031
750448800000,0.022
750452400000,0.014
750456000000,0.011
750459600000,0.019
750463200000,0.017
750466800000,0.03
750470400000,0.028
750474000000,0.022
750477600000,0.013
750481200000,0.008
750484800000,0.005
750488400000,0.003
750492000000,0.003
750495600000,0.007
750499200000,0.013
750502800000,0.016
750506400000,0.017
750510000000,0.016
750513600000,0.015
750517200000,0.015
750520800000,0.016
750524400000,0.013
750528000000,0.012
750531600000,0.011
750535200000,0.009
750538800000,0.008
750542400000,0.006
750546000000,0.008
750549600000,0.01
750553200000,0.012
750556800000,0.01
750560400000,0.004
750564000000,0.001
750567600000,0.001
750571200000,0.002
750574800000,0.004
750578400000,0.008
750582000000,0.01
750585600000,0.01
750589200000,0.018
750592800000,0.024
750596400000,0.019
750600000000,0.012
750603600000,0.006
750607200000,0.004
750610800000,0.002
750614400000,0.001
750618000000,0.0
750621600000,0.0
750625200000,0.0
750628800000,0.0
750632400000,0.0
750636000000,0.0
750639600000,0.0
750643200000,0.0
750646800000,0.0
750650400000,0.001
750654000000,0.001
750657600000,0.001
750661200000,0.002
750664800000,0.005
750668400000,0.011
750672000000,0.023
750675600000,0.04
750679200000,0.051
750682800000,0.047
750686400000,0.036
750690000000,0.024
750693600000,0.017
750697200000,0.012
750700800000,0.007
750704400000,0.005
750708000000,0.005
750711600000,0.008
750715200000,0.011
750718800000,0.019
750722400000,0.025
750726000000,0.039
750729600000,0.072
750733200000,0.087
750736800000,0.094
750740400000,0.087
750744000000,0.079
750747600000,0.069
750751200000,0.061
750754800000,0.057
750758400000,0.048
750762000000,0.044
750765600000,0.045
750769200000,0.036
750772800000,0.031
750776400000,0.03
750780000000,0.027
750783600000,0.022
750787200000,0.015
750790800000,0.011
750794400000,0.009
750798000000,0.007
750801600000,0.006
750805200000,0.007
750808800000,0.006
750812400000,0.044
750816000000,0.077
750819600000,0.073
750823200000,0.057
750826800000,0.042
750830400000,0.037
750834000000,0.033
750837600000,0.022
750841200000,0.013
750844800000,0.01
750848400000,0.018
750852000000,0.03
750855600000,0.035
750859200000,0.041
750862800000,0.044
750866400000,0.044
750870000000,0.041
750873600000,0.037
750877200000,0.036
750880800000,0.038
750884400000,0.042
750888000000,0.052
750891600000,0.068
750895200000,0.055
750898800000,0.062
750902400000,0.035
750906000000,0.008
750909600000,0.001
750913200000,0.001
750916800000,0.001
750920400000,0.001
750924000000,0.002
750927600000,0.004
750931200000,0.006
750934800000,0.014
750938400000,0.02
750942000000,0.015
750945600000,0.009
750949200000,0.005
750952800000,0.002
750956400000,0.0
750960000000,0.0
750963600000,0.0
750967200000,0.0
750970800000,0.0
750974400000,0.001
750978000000,0.002
750981600000,0.001
750985200000,0.0
750988800000,0.0
750992400000,0.0
750996000000,0.0
750999600000,0.001
751003200000,0.002
751006800000,0.004
751010400000,0.006
751014000000,0.008
751017600000,0.011
751021200000,0.008
751024800000,0.005
751028400000,0.006
751032000000,0.014
751035600000,0.031
751039200000,0.045
751042800000,0.046
751046400000,0.036
751050000000,0.031
751053600000,0.027
751057200000,0.019
751060800000,0.016
751064400000,0.02
751068000000,0.019
751071600000,0.02
751075200000,0.016
751078800000,0.009
751082400000,0.007
751086000000,0.009
751089600000,0.012
751093200000,0.013
751096800000,0.016
751100400000,0.024
751104000000,0.024
751107600000,0.032
751111200000,0.051
751114800000,0.065
751118400000,0.084
751122000000,0.102
751125600000,0.107
751129200000,0.035
751132800000,0.015
751136400000,0.018
751140000000,0.009
751143600000,0.007
751147200000,0.007
751150800000,0.009
751154400000,0.011
751158000000,0.005
751161600000,0.001
751165200000,0.001
751168800000,0.001
751172400000,0.001
751176000000,0.001
751179600000,0.003
751183200000,0.014
751186800000,0.024
751190400000,0.017
751194000000,0.01
751197600000,0.011
751201200000,0.008
751204800000,0.004
751208400000,0.003
751212000000,0.002
751215600000,0.002
751219200000,0.003
751222800000,0.005
751226400000,0.016
751230000000,0.03
751233600000,0.035
751237200000,0.038
751240800000,0.032
751244400000,0.043
751248000000,0.073
751251600000,0.076
751255200000,0.058
751258800000,0.041
751262400000,0.036
751266000000,0.042
751269600000,0.046
751273200000,0.051
751276800000,0.052
751280400000,0.041
751284000000,0.045
751287600000,0.051
751291200000,0.057
751294800000,0.046
751298400000,0.036
751302000000,0.033
751305600000,0.03
751309200000,0.024
751312800000,0.015
751316400000,0.01
751320000000,0.009
751323600000,0.008
751327200000,0.006
751330800000,0.013
751334400000,0.003
751338000000,0.001
751341600000,0.0
751345200000,0.0
751348800000,0.0
751352400000,0.001
751356000000,0.002
751359600000,0.005
751363200000,0.01
751366800000,0.013
751370400000,0.014
751374000000,0.022
751377600000,0.035
751381200000,0.037
751384800000,0.041
751388400000,0.038
751392000000,0.045
751395600000,0.051
751399200000,0.053
751402800000,0.043
751406400000,0.028
751410000000,0.017
751413600000,0.008
751417200000,0.003
751420800000,0.004
751424400000,0.003
751428000000,0.001
751431600000,0.001
751435200000,0.003
751438800000,0.007
751442400000,0.008
751446000000,0.006
751449600000,0.003
751453200000,0.003
751456800000,0.003
751460400000,0.002
751464000000,0.002
751467600000,0.004
751471200000,0.005
751474800000,0.005
751478400000,0.003
751482000000,0.002
751485600000,0.002
751489200000,0.001
751492800000,0.001
751496400000,0.001
751500000000,0.002
751503600000,0.003
751507200000,0.012
751510800000,0.015
751514400000,0.014
751518000000,0.015
751521600000,0.022
751525200000,0.032
751528800000,0.042
751532400000,0.052
751536000000,0.055
751539600000,0.055
751543200000,0.042
751546800000,0.022
751550400000,0.01
751554000000,0.006
751557600000,0.007
751561200000,0.011
751564800000,0.018
751568400000,0.025
751572000000,0.033
751575600000,0.042
751579200000,0.051
751582800000,0.047
751586400000,0.032
751590000000,0.082
751593600000,0.115
751597200000,0.112
751600800000,0.092
751604400000,0.08
751608000000,0.075
751611600000,0.071
751615200000,0.069
751618800000,0.071
751622400000,0.061
751626000000,0.055
751629600000,0.059
751633200000,0.06
751636800000,0.058
751640400000,0.048
751644000000,0.04
751647600000,0.033
751651200000,0.031
751654800000,0.031
751658400000,0.033
751662000000,0.035
751665600000,0.036
751669200000,0.036
751672800000,0.023
751676400000,0.069
751680000000,0.144
751683600000,0.155
751687200000,0.141
751690800000,0.137
751694400000,0.143
751698000000,0.159
751701600000,0.171
751705200000,0.194
751708800000,0.193
751712400000,0.175
751716000000,0.171
751719600000,0.178
751723200000,0.202
751726800000,0.17
751730400000,0.16
751734000000,0.139
751737600000,0.134
751741200000,0.151
751744800000,0.192
751748400000,0.183
751752000000,0.148
751755600000,0.121
751759200000,0.091
751762800000,0.144
751766400000,0.179
751770000000,0.157
751773600000,0.118
751777200000,0.087
751780800000,0.076
751784400000,0.076
751788000000,0.079
751791600000,0.086
751795200000,0.087
751798800000,0.09
751802400000,0.073
751806000000,0.042
751809600000,0.025
751813200000,0.014
751816800000,0.009
751820400000,0.006
751824000000,0.004
751827600000,0.003
751831200000,0.002
751834800000,0.002
751838400000,0.001
751842000000,0.001
751845600000,0.001
751849200000,0.004
751852800000,0.014
751856400000,0.021
751860000000,0.025
751863600000,0.031
751867200000,0.041
751870800000,0.054
751874400000,0.06
751878000000,0.054
751881600000,0.041
751885200000,0.034
751888800000,0.035
751892400000,0.037
751896000000,0.037
751899600000,0.028
751903200000,0.019
751906800000,0.011
751910400000,0.009
751914000000,0.012
751917600000,0.012
751921200000,0.011
751924800000,0.009
751928400000,0.012
751932000000,0.012
751935600000,0.003
751939200000,0.003
751942800000,0.003
751946400000,0.005
751950000000,0.009
751953600000,0.017
751957200000,0.025
751960800000,0.03
751964400000,0.031
751968000000,0.031
751971600000,0.032
751975200000,0.032
751978800000,0.027
751982400000,0.022
751986000000,0.027
751989600000,0.029
751993200000,0.024
751996800000,0.023
752000400000,0.026
752004000000,0.033
752007600000,0.044
752011200000,0.055
752014800000,0.054
752018400000,0.031
752022000000,0.014
752025600000,0.008
752029200000,0.016
752032800000,0.037
752036400000,0.064
752040000000,0.093
752043600000,0.122
752047200000,0.144
752050800000,0.145
752054400000,0.139
752058000000,0.122
752061600000,0.118
752065200000,0.118
752068800000,0.125
752072400000,0.12
752076000000,0.119
752079600000,0.106
752083200000,0.084
752086800000,0.069
752090400000,0.067
752094000000,0.076
752097600000,0.069
752101200000,0.068
752104800000,0.048
752108400000,0.071
752112000000,0.074
752115600000,0.068
752119200000,0.062
752122800000,0.068
752126400000,0.081
752130000000,0.087
752133600000,0.078
752137200000,0.062
752140800000,0.056
752144400000,0.058
752148000000,0.058
752151600000,0.055
752155200000,0.059
752158800000,0.064
752162400000,0.06
752166000000,0.051
752169600000,0.039
752173200000,0.021
752176800000,0.005
752180400000,0.002
752184000000,0.001
752187600000,0.0
752191200000,0.0
752194800000,0.0
752198400000,0.002
752202000000,0.008
752205600000,0.009
752209200000,0.007
752212800000,0.003
752216400000,0.001
752220000000,0.0
752223600000,0.0
752227200000,0.001
752230800000,0.007
752234400000,0.02
752238000000,0.027
752241600000,0.025
752245200000,0.017
752248800000,0.011
752252400000,0.008
752256000000,0.008
752259600000,0.006
752263200000,0.004
752266800000,0.004
752270400000,0.004
752274000000,0.005
752277600000,0.007
752281200000,0.013
752284800000,0.024
752288400000,0.024
752292000000,0.022
752295600000,0.024
752299200000,0.028
752302800000,0.032
752306400000,0.035
752310000000,0.042
752313600000,0.047
752317200000,0.059
752320800000,0.077
752324400000,0.073
752328000000,0.063
752331600000,0.046
752335200000,0.037
752338800000,0.031
752342400000,0.025
752346000000,0.025
752349600000,0.028
752353200000,0.035
752356800000,0.046
752360400000,0.053
752364000000,0.042
752367600000,0.073
752371200000,0.086
752374800000,0.088
752378400000,0.082
752382000000,0.075
752385600000,0.066
752389200000,0.058
752392800000,0.052
752396400000,0.049
752400000000,0.049
752403600000,0.057
752407200000,0.06
752410800000,0.059
752414400000,0.058
752418000000,0.058
752421600000,0.053
752425200000,0.049
752428800000,0.052
752432400000,0.057
752436000000,0.062
752439600000,0.076
752443200000,0.089
752446800000,0.081
752450400000,0.064
752454000000,0.093
752457600000,0.093
752461200000,0.067
752464800000,0.044
752468400000,0.035
752472000000,0.034
752475600000,0.04
752479200000,0.049
752482800000,0.061
752486400000,0.064
752490000000,0.072
752493600000,0.082
752497200000,0.073
752500800000,0.072
752504400000,0.078
752508000000,0.084
752511600000,0.089
752515200000,0.085
752518800000,0.089
752522400000,0.096
752526000000,0.101
752529600000,0.1
752533200000,0.083
752536800000,0.054
752540400000,0.081
752544000000,0.116
752547600000,0.094
752551200000,0.059
752554800000,0.045
752558400000,0.043
752562000000,0.044
752565600000,0.047
752569200000,0.052
752572800000,0.049
752576400000,0.043
752580000000,0.037
752583600000,0.031
752587200000,0.035
752590800000,0.036
752594400000,0.035
752598000000,0.036
752601600000,0.037
752605200000,0.041
752608800000,0.051
752612400000,0.067
752616000000,0.075
752619600000,0.061
752623200000,0.016
752626800000,0.017
752630400000,0.031
752634000000,0.016
752637600000,0.003
752641200000,0.001
752644800000,0.0
752648400000,0.0
752652000000,0.0
752655600000,0.0
752659200000,0.001
752662800000,0.005
752666400000,0.011
752670000000,0.017
752673600000,0.022
752677200000,0.03
752680800000,0.039
752684400000,0.047
752688000000,0.051
752691600000,0.045
752695200000,0.03
752698800000,0.018
752702400000,0.012
752706000000,0.003
752709600000,0.001
752713200000,0.001
752716800000,0.004
752720400000,0.002
752724000000,0.0
752727600000,0.0
752731200000,0.0
752734800000,0.001
752738400000,0.005
752742000000,0.012
752745600000,0.024
752749200000,0.032
752752800000,0.035
752756400000,0.032
752760000000,0.023
752763600000,0.017
752767200000,0.016
752770800000,0.014
752774400000,0.013
752778000000,0.011
752781600000,0.008
752785200000,0.008
752788800000,0.007
752792400000,0.01
752796000000,0.007
752799600000,0.008
752803200000,0.002
752806800000,0.0
752810400000,0.0
752814000000,0.0
752817600000,0.0
752821200000,0.001
752824800000,0.003
752828400000,0.01
752832000000,0.026
752835600000,0.039
752839200000,0.043
752842800000,0.033
752846400000,0.02
752850000000,0.01
752853600000,0.008
752857200000,0.006
752860800000,0.007
752864400000,0.007
752868000000,0.007
752871600000,0.008
752875200000,0.009
752878800000,0.009
752882400000,0.006
752886000000,0.003
752889600000,0.002
752893200000,0.001
752896800000,0.001
752900400000,0.002
752904000000,0.005
752907600000,0.012
752911200000,0.021
752914800000,0.02
752918400000,0.015
752922000000,0.012
752925600000,0.008
752929200000,0.003
752932800000,0.002
752936400000,0.001
752940000000,0.0
752943600000,0.0
752947200000,0.001
752950800000,0.003
752954400000,0.007
752958000000,0.014
752961600000,0.02
752965200000,0.023
752968800000,0.013
752972400000,0.009
752976000000,0.005
752979600000,0.001
752983200000,0.001
752986800000,0.001
752990400000,0.002
752994000000,0.005
752997600000,0.004
753001200000,0.004
753004800000,0.005
753008400000,0.005
753012000000,0.004
753015600000,0.004
753019200000,0.003
753022800000,0.002
753026400000,0.001
753030000000,0.0
753033600000,0.0
753037200000,0.0
753040800000,0.0
753044400000,0.0
753048000000,0.0
753051600000,0.0
753055200000,0.0
753058800000,0.0
753062400000,0.0
753066000000,0.0
753069600000,0.0
753073200000,0.0
753076800000,0.0
753080400000,0.0
753084000000,0.0
753087600000,0.001
753091200000,0.001
753094800000,0.001
753098400000,0.0
753102000000,0.0
753105600000,0.0
753109200000,0.0
753112800000,0.0
753116400000,0.0
753120000000,0.0
753123600000,0.0
753127200000,0.0
753130800000,0.0
753134400000,0.0
753138000000,0.0
753141600000,0.0
753145200000,0.0
753148800000,0.0
753152400000,0.0
753156000000,0.0
753159600000,0.0
753163200000,0.001
753166800000,0.002
753170400000,0.004
753174000000,0.007
753177600000,0.01
753181200000,0.018
753184800000,0.025
753188400000,0.023
753192000000,0.021
753195600000,0.017
753199200000,0.012
753202800000,0.008
753206400000,0.006
753210000000,0.007
753213600000,0.01
753217200000,0.01
753220800000,0.011
753224400000,0.004
753228000000,0.001
753231600000,0.005
753235200000,0.018
753238800000,0.018
753242400000,0.013
753246000000,0.016
753249600000,0.025
753253200000,0.034
753256800000,0.046
753260400000,0.06
753264000000,0.063
753267600000,0.062
753271200000,0.054
753274800000,0.048
753278400000,0.041
753282000000,0.03
753285600000,0.022
753289200000,0.019
753292800000,0.015
753296400000,0.012
753300000000,0.011
753303600000,0.012
753307200000,0.011
753310800000,0.008
753314400000,0.004
753318000000,0.009
753321600000,0.024
753325200000,0.026
753328800000,0.024
753332400000,0.027
753336000000,0.037
753339600000,0.05
753343200000,0.066
753346800000,0.07
753350400000,0.058
753354000000,0.057
753357600000,0.058
753361200000,0.057
753364800000,0.049
753368400000,0.039
753372000000,0.017
753375600000,0.002
753379200000,0.001
753382800000,0.007
753386400000,0.012
753390000000,0.008
753393600000,0.005
753397200000,0.006
753400800000,0.008
753404400000,0.018
753408000000,0.027
753411600000,0.028
753415200000,0.036
753418800000,0.042
753422400000,0.042
753426000000,0.037
753429600000,0.034
753433200000,0.029
753436800000,0.022
753440400000,0.027
753444000000,0.038
753447600000,0.055
753451200000,0.072
753454800000,0.077
753458400000,0.086
753462000000,0.068
753465600000,0.033
753469200000,0.011
753472800000,0.003
753476400000,0.001
753480000000,0.001
753483600000,0.001
753487200000,0.001
753490800000,0.005
753494400000,0.016
753498000000,0.021
753501600000,0.022
753505200000,0.017
753508800000,0.012
753512400000,0.011
753516000000,0.011
753519600000,0.011
753523200000,0.009
753526800000,0.008
753530400000,0.008
753534000000,0.006
753537600000,0.006
753541200000,0.005
753544800000,0.005
753548400000,0.004
753552000000,0.003
753555600000,0.004
753559200000,0.004
753562800000,0.005
753566400000,0.005
753570000000,0.011
753573600000,0.017
753577200000,0.024
753580800000,0.047
753584400000,0.068
753588000000,0.094
753591600000,0.132
753595200000,0.177
753598800000,0.207
753602400000,0.227
753606000000,0.32
753609600000,0.371
753613200000,0.328
753616800000,0.259
753620400000,0.21
753624000000,0.174
753627600000,0.14
753631200000,0.106
753634800000,0.067
753638400000,0.035
753642000000,0.021
753645600000,0.014
753649200000,0.008
753652800000,0.003
753656400000,0.002
753660000000,0.003
753663600000,0.004
753667200000,0.018
753670800000,0.019
753674400000,0.011
753678000000,0.004
753681600000,0.003
753685200000,0.005
753688800000,0.008
753692400000,0.01
753696000000,0.014
753699600000,0.016
753703200000,0.022
753706800000,0.018
753710400000,0.022
753714000000,0.037
753717600000,0.054
753721200000,0.062
753724800000,0.067
753728400000,0.071
753732000000,0.076
753735600000,0.075
753739200000,0.064
753742800000,0.045
753746400000,0.027
753750000000,0.009
753753600000,0.002
753757200000,0.001
753760800000,0.004
753764400000,0.015
753768000000,0.043
753771600000,0.067
753775200000,0.047
753778800000,0.03
753782400000,0.042
753786000000,0.075
753789600000,0.109
753793200000,0.13
753796800000,0.12
753800400000,0.104
753804000000,0.103
753807600000,0.086
753811200000,0.075
753814800000,0.069
753818400000,0.07
753822000000,0.077
753825600000,0.082
753829200000,0.07
753832800000,0.036
753836400000,0.04
753840000000,0.074
753843600000,0.073
753847200000,0.065
753850800000,0.063
753854400000,0.068
753858000000,0.07
753861600000,0.069
753865200000,0.065
753868800000,0.058
753872400000,0.041
753876000000,0.025
753879600000,0.011
753883200000,0.007
753886800000,0.009
753890400000,0.012
753894000000,0.017
753897600000,0.019
753901200000,0.019
753904800000,0.017
753908400000,0.017
753912000000,0.015
753915600000,0.011
753919200000,0.007
753922800000,0.013
753926400000,0.023
753930000000,0.016
753933600000,0.01
753937200000,0.011
753940800000,0.011
753944400000,0.01
753948000000,0.012
753951600000,0.015
753955200000,0.012
753958800000,0.01
753962400000,0.011
753966000000,0.011
753969600000,0.009
753973200000,0.006
753976800000,0.007
753980400000,0.01
753984000000,0.011
753987600000,0.01
753991200000,0.009
753994800000,0.007
753998400000,0.006
754002000000,0.008
754005600000,0.011
754009200000,0.035
754012800000,0.074
754016400000,0.084
754020000000,0.097
754023600000,0.108
754027200000,0.113
754030800000,0.095
754034400000,0.069
754038000000,0.047
754041600000,0.041
754045200000,0.055
754048800000,0.038
754052400000,0.028
754056000000,0.027
754059600000,0.032
754063200000,0.045
754066800000,0.049
754070400000,0.083
754074000000,0.112
754077600000,0.126
754081200000,0.161
754084800000,0.249
754088400000,0.266
754092000000,0.338
754095600000,0.455
754099200000,0.499
754102800000,0.637
754106400000,0.652
754110000000,0.585
754113600000,0.501
754117200000,0.407
754120800000,0.307
754124400000,0.194
754128000000,0.129
754131600000,0.153
754135200000,0.159
754138800000,0.12
754142400000,0.099
754146000000,0.083
754149600000,0.06
754153200000,0.049
754156800000,0.057
754160400000,0.074
754164000000,0.096
754167600000,0.104
754171200000,0.112
754174800000,0.127
754178400000,0.142
754182000000,0.163
754185600000,0.223
754189200000,0.278
754192800000,0.248
754196400000,0.202
754200000000,0.169
754203600000,0.135
754207200000,0.103
754210800000,0.086
754214400000,0.066
754218000000,0.06
754221600000,0.074
754225200000,0.083
754228800000,0.093
754232400000,0.095
754236000000,0.073
754239600000,0.035
754243200000,0.016
754246800000,0.015
754250400000,0.032
754254000000,0.028
754257600000,0.023
754261200000,0.018
754264800000,0.012
754268400000,0.031
754272000000,0.086
754275600000,0.089
754279200000,0.068
754282800000,0.045
754286400000,0.029
754290000000,0.019
754293600000,0.012
754297200000,0.009
754300800000,0.008
754304400000,0.007
754308000000,0.003
754311600000,0.001
754315200000,0.0
754318800000,0.0
754322400000,0.0
754326000000,0.0
754329600000,0.0
754333200000,0.0
754336800000,0.0
754340400000,0.0
754344000000,0.0
754347600000,0.0
754351200000,0.0
754354800000,0.003
754358400000,0.012
754362000000,0.017
754365600000,0.019
754369200000,0.024
754372800000,0.026
754376400000,0.024
754380000000,0.022
754383600000,0.024
754387200000,0.03
754390800000,0.039
754394400000,0.054
754398000000,0.075
754401600000,0.082
754405200000,0.099
754408800000,0.121
754412400000,0.13
754416000000,0.139
754419600000,0.119
754423200000,0.105
754426800000,0.094
754430400000,0.093
754434000000,0.101
754437600000,0.084
754441200000,0.112
754444800000,0.136
754448400000,0.135
754452000000,0.137
754455600000,0.154
754459200000,0.18
754462800000,0.2
754466400000,0.193
754470000000,0.162
754473600000,0.086
754477200000,0.071
754480800000,0.132
754484400000,0.3
754488000000,0.406
754491600000,0.413
754495200000,0.362
754498800000,0.351
754502400000,0.326
754506000000,0.293
754509600000,0.231
754513200000,0.195
754516800000,0.189
754520400000,0.186
754524000000,0.157
754527600000,0.151
754531200000,0.169
754534800000,0.156
754538400000,0.229
754542000000,0.351
754545600000,0.559
754549200000,0.624
754552800000,0.505
754556400000,0.3
754560000000,0.167
754563600000,0.124
754567200000,0.132
754570800000,0.155
754574400000,0.209
754578000000,0.206
754581600000,0.234
754585200000,0.227
754588800000,0.183
754592400000,0.153
754596000000,0.124
754599600000,0.086
754603200000,0.046
754606800000,0.032
754610400000,0.028
754614000000,0.058
754617600000,0.15
754621200000,0.236
754624800000,0.248
754628400000,0.217
754632000000,0.201
754635600000,0.188
754639200000,0.161
754642800000,0.11
754646400000,0.062
754650000000,0.073
754653600000,0.114
754657200000,0.162
754660800000,0.191
754664400000,0.182
754668000000,0.097
754671600000,0.042
754675200000,0.02
754678800000,0.011
754682400000,0.006
754686000000,0.007
754689600000,0.003
754693200000,0.005
754696800000,0.01
754700400000,0.002
754704000000,0.0
754707600000,0.006
754711200000,0.02
754714800000,0.037
754718400000,0.052
754722000000,0.059
754725600000,0.056
754729200000,0.053
754732800000,0.036
754736400000,0.017
754740000000,0.008
754743600000,0.003
754747200000,0.001
754750800000,0.0
754754400000,0.0
754758000000,0.0
754761600000,0.0
754765200000,0.001
754768800000,0.002
754772400000,0.004
754776000000,0.008
754779600000,0.008
754783200000,0.006
754786800000,0.005
754790400000,0.008
754794000000,0.004
754797600000,0.0
754801200000,0.0
754804800000,0.0
754808400000,0.0
754812000000,0.0
754815600000,0.0
754819200000,0.0
754822800000,0.0
754826400000,0.0
754830000000,0.001
754833600000,0.001
754837200000,0.001
754840800000,0.001
754844400000,0.001
754848000000,0.001
754851600000,0.002
754855200000,0.005
754858800000,0.009
754862400000,0.013
754866000000,0.009
754869600000,0.004
754873200000,0.002
754876800000,0.002
754880400000,0.0
754884000000,0.0
754887600000,0.001
754891200000,0.003
754894800000,0.008
754898400000,0.015
754902000000,0.02
754905600000,0.025
754909200000,0.031
754912800000,0.028
754916400000,0.018
754920000000,0.011
754923600000,0.009
754927200000,0.009
754930800000,0.011
754934400000,0.015
754938000000,0.017
754941600000,0.013
754945200000,0.008
754948800000,0.004
754952400000,0.001
754956000000,0.0
754959600000,0.0
754963200000,0.0
754966800000,0.0
754970400000,0.0
754974000000,0.0
754977600000,0.002
754981200000,0.004
754984800000,0.004
754988400000,0.005
754992000000,0.004
754995600000,0.003
754999200000,0.003
755002800000,0.004
755006400000,0.006
755010000000,0.011
755013600000,0.02
755017200000,0.021
755020800000,0.02
755024400000,0.03
755028000000,0.045
755031600000,0.045
755035200000,0.029
755038800000,0.017
755042400000,0.01
755046000000,0.002
755049600000,0.001
755053200000,0.001
755056800000,0.003
755060400000,0.005
755064000000,0.007
755067600000,0.007
755071200000,0.005
755074800000,0.003
755078400000,0.002
755082000000,0.001
755085600000,0.0
755089200000,0.0
755092800000,0.0
755096400000,0.0
755100000000,0.0
755103600000,0.0
755107200000,0.001
755110800000,0.001
755114400000,0.002
755118000000,0.003
755121600000,0.003
755125200000,0.002
755128800000,0.001
755132400000,0.0
755136000000,0.0
755139600000,0.002
755143200000,0.012
755146800000,0.032
755150400000,0.045
755154000000,0.04
755157600000,0.026
755161200000,0.015
755164800000,0.014
755168400000,0.017
755172000000,0.009
755175600000,0.002
755179200000,0.001
755182800000,0.0
755186400000,0.0
755190000000,0.001
755193600000,0.002
755197200000,0.001
755200800000,0.001
755204400000,0.0
755208000000,0.0
755211600000,0.0
755215200000,0.0
755218800000,0.0
755222400000,0.0
755226000000,0.001
755229600000,0.002
755233200000,0.001
755236800000,0.001
755240400000,0.003
755244000000,0.007
755247600000,0.014
755251200000,0.025
755254800000,0.035
755258400000,0.038
755262000000,0.029
755265600000,0.024
755269200000,0.026
755272800000,0.025
755276400000,0.023
755280000000,0.025
755283600000,0.028
755287200000,0.036
755290800000,0.041
755294400000,0.039
755298000000,0.032
755301600000,0.029
755305200000,0.016
755308800000,0.012
755312400000,0.011
755316000000,0.016
755319600000,0.017
755323200000,0.019
755326800000,0.025
755330400000,0.035
755334000000,0.039
755337600000,0.034
755341200000,0.042
755344800000,0.05
755348400000,0.049
755352000000,0.046
755355600000,0.049
755359200000,0.053
755362800000,0.047
755366400000,0.037
755370000000,0.022
755373600000,0.008
755377200000,0.003
755380800000,0.002
755384400000,0.008
755388000000,0.013
755391600000,0.017
755395200000,0.02
755398800000,0.022
755402400000,0.02
755406000000,0.017
755409600000,0.011
755413200000,0.006
755416800000,0.002
755420400000,0.0
755424000000,0.0
755427600000,0.0
755431200000,0.0
755434800000,0.0
755438400000,0.0
755442000000,0.0
755445600000,0.0
755449200000,0.0
755452800000,0.001
755456400000,0.002
755460000000,0.005
755463600000,0.008
755467200000,0.01
755470800000,0.009
755474400000,0.011
755478000000,0.007
755481600000,0.002
755485200000,0.0
755488800000,0.0
755492400000,0.0
755496000000,0.0
755499600000,0.0
755503200000,0.0
755506800000,0.001
755510400000,0.0
755514000000,0.0
755517600000,0.0
755521200000,0.001
755524800000,0.003
755528400000,0.004
755532000000,0.006
755535600000,0.007
755539200000,0.008
755542800000,0.011
755546400000,0.013
755550000000,0.016
755553600000,0.019
755557200000,0.029
755560800000,0.034
755564400000,0.035
755568000000,0.038
755571600000,0.021
755575200000,0.01
755578800000,0.007
755582400000,0.009
755586000000,0.012
755589600000,0.017
755593200000,0.024
755596800000,0.031
755600400000,0.043
755604000000,0.056
755607600000,0.054
755611200000,0.066
755614800000,0.073
755618400000,0.077
755622000000,0.084
755625600000,0.085
755629200000,0.079
755632800000,0.054
755636400000,0.042
755640000000,0.047
755643600000,0.051
755647200000,0.041
755650800000,0.034
755654400000,0.041
755658000000,0.037
755661600000,0.02
755665200000,0.009
755668800000,0.006
755672400000,0.007
755676000000,0.011
755679600000,0.017
755683200000,0.022
755686800000,0.041
755690400000,0.058
755694000000,0.058
755697600000,0.049
755701200000,0.039
755704800000,0.041
755708400000,0.046
755712000000,0.041
755715600000,0.04
755719200000,0.051
755722800000,0.064
755726400000,0.075
755730000000,0.089
755733600000,0.083
755737200000,0.088
755740800000,0.133
755744400000,0.152
755748000000,0.154
755751600000,0.139
755755200000,0.127
755758800000,0.117
755762400000,0.106
755766000000,0.099
755769600000,0.086
755773200000,0.075
755776800000,0.059
755780400000,0.047
755784000000,0.038
755787600000,0.03
755791200000,0.026
755794800000,0.025
755798400000,0.024
755802000000,0.028
755805600000,0.039
755809200000,0.053
755812800000,0.066
755816400000,0.083
755820000000,0.074
755823600000,0.149
755827200000,0.205
755830800000,0.187
755834400000,0.164
755838000000,0.144
755841600000,0.129
755845200000,0.126
755848800000,0.133
755852400000,0.133
755856000000,0.103
755859600000,0.093
755863200000,0.092
755866800000,0.083
755870400000,0.087
755874000000,0.078
755877600000,0.064
755881200000,0.056
755884800000,0.055
755888400000,0.058
755892000000,0.063
755895600000,0.068
755899200000,0.068
755902800000,0.043
755906400000,0.027
755910000000,0.074
755913600000,0.118
755917200000,0.121
755920800000,0.101
755924400000,0.068
755928000000,0.047
755931600000,0.04
755935200000,0.039
755938800000,0.035
755942400000,0.032
755946000000,0.047
755949600000,0.088
755953200000,0.179
755956800000,0.259
755960400000,0.302
755964000000,0.311
755967600000,0.219
755971200000,0.126
755974800000,0.115
755978400000,0.082
755982000000,0.046
755985600000,0.034
755989200000,0.037
755992800000,0.038
755996400000,0.109
756000000000,0.17
756003600000,0.171
756007200000,0.142
756010800000,0.128
756014400000,0.128
756018000000,0.137
756021600000,0.154
756025200000,0.159
756028800000,0.116
756032400000,0.109
756036000000,0.13
756039600000,0.151
756043200000,0.163
756046800000,0.166
756050400000,0.154
756054000000,0.124
756057600000,0.1
756061200000,0.077
756064800000,0.062
756068400000,0.047
756072000000,0.034
756075600000,0.02
756079200000,0.007
756082800000,0.008
756086400000,0.014
756090000000,0.011
756093600000,0.021
756097200000,0.054
756100800000,0.089
756104400000,0.043
756108000000,0.012
756111600000,0.016
756115200000,0.028
756118800000,0.021
756122400000,0.022
756126000000,0.03
756129600000,0.032
756133200000,0.029
756136800000,0.022
756140400000,0.026
756144000000,0.036
756147600000,0.063
756151200000,0.1
756154800000,0.137
756158400000,0.133
756162000000,0.112
756165600000,0.084
756169200000,0.116
756172800000,0.179
756176400000,0.182
756180000000,0.177
756183600000,0.166
756187200000,0.14
756190800000,0.112
756194400000,0.093
756198000000,0.077
756201600000,0.058
756205200000,0.05
756208800000,0.054
756212400000,0.055
756216000000,0.052
756219600000,0.05
756223200000,0.062
756226800000,0.071
756230400000,0.062
756234000000,0.065
756237600000,0.065
756241200000,0.065
756244800000,0.064
756248400000,0.043
756252000000,0.017
756255600000,0.06
756259200000,0.086
756262800000,0.06
756266400000,0.036
756270000000,0.025
756273600000,0.018
756277200000,0.017
756280800000,0.028
756284400000,0.039
756288000000,0.039
756291600000,0.061
756295200000,0.103
756298800000,0.126
756302400000,0.138
756306000000,0.144
756309600000,0.135
756313200000,0.124
756316800000,0.116
756320400000,0.089
756324000000,0.063
756327600000,0.054
756331200000,0.051
756334800000,0.046
756338400000,0.04
756342000000,0.083
756345600000,0.093
756349200000,0.07
756352800000,0.044
756356400000,0.032
756360000000,0.031
756363600000,0.041
756367200000,0.06
756370800000,0.082
756374400000,0.09
756378000000,0.107
756381600000,0.098
756385200000,0.078
756388800000,0.063
756392400000,0.058
756396000000,0.059
756399600000,0.066
756403200000,0.08
756406800000,0.098
756410400000,0.121
756414000000,0.152
756417600000,0.168
756421200000,0.155
756424800000,0.117
756428400000,0.167
756432000000,0.245
756435600000,0.238
756439200000,0.205
756442800000,0.186
756446400000,0.178
756450000000,0.196
756453600000,0.227
756457200000,0.236
756460800000,0.168
756464400000,0.148
756468000000,0.141
756471600000,0.127
756475200000,0.135
756478800000,0.116
756482400000,0.089
756486000000,0.082
756489600000,0.092
756493200000,0.112
756496800000,0.136
756500400000,0.144
756504000000,0.168
756507600000,0.174
756511200000,0.111
756514800000,0.195
756518400000,0.293
756522000000,0.314
756525600000,0.311
756529200000,0.32
756532800000,0.337
756536400000,0.363
756540000000,0.398
756543600000,0.414
756547200000,0.312
756550800000,0.265
756554400000,0.262
756558000000,0.347
756561600000,0.342
756565200000,0.311
756568800000,0.29
756572400000,0.263
756576000000,0.239
756579600000,0.217
756583200000,0.235
756586800000,0.266
756590400000,0.29
756594000000,0.323
756597600000,0.274
756601200000,0.294
756604800000,0.568
756608400000,0.696
756612000000,0.72
756615600000,0.682
756619200000,0.653
756622800000,0.648
756626400000,0.635
756630000000,0.543
756633600000,0.359
756637200000,0.282
756640800000,0.305
756644400000,0.311
756648000000,0.315
756651600000,0.34
756655200000,0.386
756658800000,0.391
756662400000,0.375
756666000000,0.386
756669600000,0.421
756673200000,0.461
756676800000,0.488
756680400000,0.421
756684000000,0.298
756687600000,0.345
756691200000,0.58
756694800000,0.668
756698400000,0.676
756702000000,0.661
756705600000,0.635
756709200000,0.59
756712800000,0.523
756716400000,0.403
756720000000,0.257
756723600000,0.206
756727200000,0.219
756730800000,0.211
756734400000,0.218
756738000000,0.197
756741600000,0.183
756745200000,0.189
756748800000,0.239
756752400000,0.266
756756000000,0.295
756759600000,0.287
756763200000,0.216
756766800000,0.145
756770400000,0.126
756774000000,0.163
756777600000,0.376
756781200000,0.58
756784800000,0.669
756788400000,0.665
756792000000,0.603
756795600000,0.542
756799200000,0.456
756802800000,0.328
756806400000,0.187
756810000000,0.166
756813600000,0.185
756817200000,0.217
756820800000,0.22
756824400000,0.205
756828000000,0.16
756831600000,0.172
756835200000,0.196
756838800000,0.231
756842400000,0.217
756846000000,0.217
756849600000,0.167
756853200000,0.084
756856800000,0.049
756860400000,0.067
756864000000,0.107
756867600000,0.044
756871200000,0.012
756874800000,0.006
756878400000,0.002
756882000000,0.002
756885600000,0.007
756889200000,0.024
756892800000,0.047
756896400000,0.08
756900000000,0.123
756903600000,0.118
756907200000,0.126
756910800000,0.138
756914400000,0.153
756918000000,0.161
756921600000,0.138
756925200000,0.127
756928800000,0.112
756932400000,0.101
756936000000,0.116
756939600000,0.101
756943200000,0.093
756946800000,0.126
756950400000,0.155
756954000000,0.137
756957600000,0.096
756961200000,0.064
756964800000,0.037
756968400000,0.022
756972000000,0.019
756975600000,0.023
756979200000,0.031
756982800000,0.045
756986400000,0.065
756990000000,0.079
756993600000,0.096
756997200000,0.11
757000800000,0.108
757004400000,0.109
757008000000,0.123
757011600000,0.121
757015200000,0.128
757018800000,0.146
757022400000,0.159
757026000000,0.163
757029600000,0.171
757033200000,0.234
757036800000,0.299
757040400000,0.249
757044000000,0.181
757047600000,0.141
757051200000,0.12
757054800000,0.109
757058400000,0.093
757062000000,0.079
757065600000,0.063
757069200000,0.065
757072800000,0.068
757076400000,0.062
757080000000,0.051
757083600000,0.045
757087200000,0.047
757090800000,0.053
757094400000,0.047
757098000000,0.036
757101600000,0.023
757105200000,0.025
757108800000,0.023
757112400000,0.022
757116000000,0.02
757119600000,0.069
757123200000,0.127
757126800000,0.13
757130400000,0.114
757134000000,0.099
757137600000,0.074
757141200000,0.054
757144800000,0.041
757148400000,0.033
757152000000,0.021
757155600000,0.023
757159200000,0.027
757162800000,0.027
757166400000,0.022
757170000000,0.013
757173600000,0.006
757177200000,0.003
757180800000,0.0
757184400000,0.0
757188000000,0.0
757191600000,0.001
757195200000,0.002
757198800000,0.002
757202400000,0.001
757206000000,0.001
757209600000,0.001
757213200000,0.002
757216800000,0.004
757220400000,0.008
757224000000,0.018
757227600000,0.018
757231200000,0.013
757234800000,0.009
757238400000,0.004
757242000000,0.004
757245600000,0.004
757249200000,0.003
757252800000,0.005
757256400000,0.012
757260000000,0.026
757263600000,0.039
757267200000,0.045
757270800000,0.048
757274400000,0.047
757278000000,0.044
757281600000,0.034
757285200000,0.019
757288800000,0.005
757292400000,0.0
757296000000,0.002
757299600000,0.008
757303200000,0.007
757306800000,0.011
757310400000,0.016
757314000000,0.023
757317600000,0.036
757321200000,0.05
757324800000,0.059
757328400000,0.061
757332000000,0.055
757335600000,0.053
757339200000,0.053
757342800000,0.043
757346400000,0.03
757350000000,0.019
757353600000,0.016
757357200000,0.011
757360800000,0.01
757364400000,0.011
757368000000,0.012
757371600000,0.016
757375200000,0.016
757378800000,0.048
