,S1
757382400000,0.556
757386000000,0.615
757389600000,0.622
757393200000,0.61
757396800000,0.593
757400400000,0.571
757404000000,0.54
757407600000,0.481
757411200000,0.43
757414800000,0.417
757418400000,0.416
757422000000,0.401
757425600000,0.395
757429200000,0.387
757432800000,0.373
757436400000,0.364
757440000000,0.346
757443600000,0.333
757447200000,0.337
757450800000,0.361
757454400000,0.39
757458000000,0.415
757461600000,0.42
757465200000,0.398
757468800000,0.496
757472400000,0.603
757476000000,0.638
757479600000,0.644
757483200000,0.638
757486800000,0.626
757490400000,0.606
757494000000,0.545
757497600000,0.464
757501200000,0.457
757504800000,0.46
757508400000,0.503
757512000000,0.532
757515600000,0.576
757519200000,0.597
757522800000,0.604
757526400000,0.597
757530000000,0.601
757533600000,0.605
757537200000,0.646
757540800000,0.666
757544400000,0.685
757548000000,0.658
757551600000,0.558
757555200000,0.566
757558800000,0.703
757562400000,0.712
757566000000,0.677
757569600000,0.652
757573200000,0.642
757576800000,0.628
757580400000,0.607
757584000000,0.575
757587600000,0.612
757591200000,0.64
757594800000,0.65
757598400000,0.638
757602000000,0.63
757605600000,0.624
757609200000,0.633
757612800000,0.663
757616400000,0.676
757620000000,0.68
757623600000,0.701
757627200000,0.752
757630800000,0.757
757634400000,0.755
757638000000,0.749
757641600000,0.755
757645200000,0.78
757648800000,0.786
757652400000,0.763
757656000000,0.755
757659600000,0.77
757663200000,0.772
757666800000,0.74
757670400000,0.722
757674000000,0.729
757677600000,0.739
757681200000,0.74
757684800000,0.72
757688400000,0.693
757692000000,0.679
757695600000,0.666
757699200000,0.652
757702800000,0.633
757706400000,0.629
757710000000,0.635
757713600000,0.67
757717200000,0.65
757720800000,0.642
757724400000,0.668
757728000000,0.797
757731600000,0.882
757735200000,0.906
757738800000,0.917
757742400000,0.931
757746000000,0.927
757749600000,0.909
757753200000,0.896
757756800000,0.905
757760400000,0.907
757764000000,0.931
757767600000,0.928
757771200000,0.903
757774800000,0.882
757778400000,0.856
757782000000,0.788
757785600000,0.668
757789200000,0.564
757792800000,0.479
757796400000,0.44
757800000000,0.396
757803600000,0.422
757807200000,0.464
757810800000,0.44
757814400000,0.47
757818000000,0.513
757821600000,0.573
757825200000,0.607
757828800000,0.587
757832400000,0.573
757836000000,0.569
757839600000,0.547
757843200000,0.501
757846800000,0.479
757850400000,0.447
757854000000,0.439
757857600000,0.466
757861200000,0.46
757864800000,0.432
757868400000,0.395
757872000000,0.425
757875600000,0.441
757879200000,0.456
757882800000,0.466
757886400000,0.481
757890000000,0.485
757893600000,0.464
757897200000,0.408
757900800000,0.438
757904400000,0.543
757908000000,0.589
757911600000,0.57
757915200000,0.556
757918800000,0.538
757922400000,0.535
757926000000,0.523
757929600000,0.482
757933200000,0.501
757936800000,0.51
757940400000,0.523
757944000000,0.525
757947600000,0.526
757951200000,0.544
757954800000,0.525
757958400000,0.494
757962000000,0.466
757965600000,0.476
757969200000,0.501
757972800000,0.516
757976400000,0.51
757980000000,0.46
757983600000,0.401
757987200000,0.504
757990800000,0.534
757994400000,0.508
757998000000,0.484
758001600000,0.467
758005200000,0.457
758008800000,0.442
758012400000,0.388
758016000000,0.312
758019600000,0.277
758023200000,0.27
758026800000,0.264
758030400000,0.266
758034000000,0.276
758037600000,0.279
758041200000,0.279
758044800000,0.289
758048400000,0.276
758052000000,0.286
758055600000,0.297
758059200000,0.312
758062800000,0.307
758066400000,0.256
758070000000,0.177
758073600000,0.214
758077200000,0.18
758080800000,0.142
758084400000,0.128
758088000000,0.126
758091600000,0.123
758095200000,0.122
758098800000,0.115
758102400000,0.111
758106000000,0.126
758109600000,0.112
758113200000,0.097
758116800000,0.089
758120400000,0.078
758124000000,0.067
758127600000,0.062
758131200000,0.062
758134800000,0.06
758138400000,0.059
758142000000,0.062
758145600000,0.068
758149200000,0.089
758152800000,0.105
758156400000,0.117
758160000000,0.167
758163600000,0.194
758167200000,0.219
758170800000,0.233
758174400000,0.241
758178000000,0.248
758181600000,0.243
758185200000,0.225
758188800000,0.213
758192400000,0.249
758196000000,0.265
758199600000,0.274
758203200000,0.285
758206800000,0.299
758210400000,0.31
758214000000,0.29
758217600000,0.255
758221200000,0.231
758224800000,0.22
758228400000,0.219
758232000000,0.241
758235600000,0.279
758239200000,0.304
758242800000,0.26
758246400000,0.338
758250000000,0.367
758253600000,0.363
758257200000,0.337
758260800000,0.297
758264400000,0.255
758268000000,0.212
758271600000,0.169
758275200000,0.138
758278800000,0.156
758282400000,0.165
758286000000,0.164
758289600000,0.157
758293200000,0.144
758296800000,0.131
758300400000,0.117
758304000000,0.097
758307600000,0.078
758311200000,0.068
758314800000,0.068
758318400000,0.076
758322000000,0.099
758325600000,0.131
758329200000,0.117
758332800000,0.165
758336400000,0.184
758340000000,0.192
758343600000,0.176
758347200000,0.152
758350800000,0.14
758354400000,0.146
758358000000,0.157
758361600000,0.164
758365200000,0.204
758368800000,0.204
758372400000,0.175
758376000000,0.129
758379600000,0.084
758383200000,0.061
758386800000,0.054
758390400000,0.053
758394000000,0.055
758397600000,0.067
758401200000,0.086
758404800000,0.111
758408400000,0.145
758412000000,0.174
758415600000,0.126
758419200000,0.137
758422800000,0.114
758426400000,0.085
758430000000,0.072
758433600000,0.074
758437200000,0.074
758440800000,0.068
758444400000,0.068
758448000000,0.081
758451600000,0.121
758455200000,0.139
758458800000,0.137
758462400000,0.13
758466000000,0.12
758469600000,0.107
758473200000,0.085
758476800000,0.05
758480400000,0.024
758484000000,0.015
758487600000,0.021
758491200000,0.037
758494800000,0.05
758498400000,0.059
758502000000,0.042
758505600000,0.045
758509200000,0.043
758512800000,0.037
758516400000,0.037
758520000000,0.048
758523600000,0.067
758527200000,0.091
758530800000,0.107
758534400000,0.118
758538000000,0.135
758541600000,0.12
758545200000,0.101
758548800000,0.085
758552400000,0.075
758556000000,0.072
758559600000,0.084
758563200000,0.103
758566800000,0.12
758570400000,0.135
758574000000,0.144
758577600000,0.149
758581200000,0.151
758584800000,0.139
758588400000,0.104
758592000000,0.139
758595600000,0.169
758599200000,0.193
758602800000,0.201
758606400000,0.2
758610000000,0.2
758613600000,0.201
758617200000,0.188
758620800000,0.179
758624400000,0.225
758628000000,0.245
758631600000,0.229
758635200000,0.206
758638800000,0.181
758642400000,0.158
758646000000,0.148
758649600000,0.144
758653200000,0.139
758656800000,0.141
758660400000,0.152
758664000000,0.168
758667600000,0.172
758671200000,0.158
758674800000,0.134
758678400000,0.156
758682000000,0.169
758685600000,0.158
758689200000,0.144
758692800000,0.139
758696400000,0.139
758700000000,0.144
758703600000,0.143
758707200000,0.144
758710800000,0.188
758714400000,0.225
758718000000,0.243
758721600000,0.257
758725200000,0.27
758728800000,0.283
758732400000,0.295
758736000000,0.3
758739600000,0.311
758743200000,0.345
758746800000,0.369
758750400000,0.375
758754000000,0.402
758757600000,0.391
758761200000,0.352
758764800000,0.42
758768400000,0.56
758772000000,0.61
758775600000,0.64
758779200000,0.644
758782800000,0.618
758786400000,0.578
758790000000,0.538
758793600000,0.527
758797200000,0.56
758800800000,0.607
758804400000,0.656
758808000000,0.672
758811600000,0.644
758815200000,0.587
758818800000,0.571
758822400000,0.572
758826000000,0.537
758829600000,0.538
758833200000,0.556
758836800000,0.574
758840400000,0.575
758844000000,0.547
758847600000,0.502
758851200000,0.609
758854800000,0.696
758858400000,0.69
758862000000,0.66
758865600000,0.631
758869200000,0.617
758872800000,0.61
758876400000,0.59
758880000000,0.565
758883600000,0.619
758887200000,0.685
758890800000,0.73
758894400000,0.759
758898000000,0.772
758901600000,0.773
758905200000,0.753
758908800000,0.734
758912400000,0.702
758916000000,0.69
758919600000,0.717
758923200000,0.739
758926800000,0.762
758930400000,0.793
758934000000,0.799
758937600000,0.823
758941200000,0.862
758944800000,0.891
758948400000,0.886
758952000000,0.872
758955600000,0.849
758959200000,0.842
758962800000,0.848
758966400000,0.839
758970000000,0.845
758973600000,0.833
758977200000,0.835
758980800000,0.825
758984400000,0.811
758988000000,0.812
758991600000,0.815
758995200000,0.805
758998800000,0.772
759002400000,0.778
759006000000,0.782
759009600000,0.772
759013200000,0.785
759016800000,0.775
759020400000,0.763
759024000000,0.849
759027600000,0.886
759031200000,0.875
759034800000,0.857
759038400000,0.836
759042000000,0.808
759045600000,0.77
759049200000,0.709
759052800000,0.636
759056400000,0.591
759060000000,0.597
759063600000,0.592
759067200000,0.594
759070800000,0.595
759074400000,0.604
759078000000,0.591
759081600000,0.579
759085200000,0.573
759088800000,0.571
759092400000,0.58
759096000000,0.593
759099600000,0.593
759103200000,0.532
759106800000,0.484
759110400000,0.625
759114000000,0.682
759117600000,0.671
759121200000,0.634
759124800000,0.592
759128400000,0.544
759132000000,0.487
759135600000,0.418
759139200000,0.365
759142800000,0.335
759146400000,0.316
759150000000,0.332
759153600000,0.329
759157200000,0.337
759160800000,0.367
759164400000,0.4
759168000000,0.425
759171600000,0.454
759175200000,0.466
759178800000,0.507
759182400000,0.574
759186000000,0.615
759189600000,0.619
759193200000,0.631
759196800000,0.731
759200400000,0.8
759204000000,0.797
759207600000,0.772
759211200000,0.75
759214800000,0.724
759218400000,0.688
759222000000,0.628
759225600000,0.574
759229200000,0.535
759232800000,0.53
759236400000,0.552
759240000000,0.571
759243600000,0.577
759247200000,0.599
759250800000,0.624
759254400000,0.636
759258000000,0.616
759261600000,0.59
759265200000,0.564
759268800000,0.552
759272400000,0.552
759276000000,0.532
759279600000,0.542
759283200000,0.671
759286800000,0.715
759290400000,0.696
759294000000,0.666
759297600000,0.641
759301200000,0.621
759304800000,0.6
759308400000,0.545
759312000000,0.47
759315600000,0.443
759319200000,0.443
759322800000,0.461
759326400000,0.481
759330000000,0.507
759333600000,0.539
759337200000,0.564
759340800000,0.59
759344400000,0.628
759348000000,0.685
759351600000,0.71
759355200000,0.718
759358800000,0.744
759362400000,0.741
759366000000,0.722
759369600000,0.779
759373200000,0.826
759376800000,0.82
759380400000,0.806
759384000000,0.804
759387600000,0.818
759391200000,0.845
759394800000,0.854
759398400000,0.846
759402000000,0.858
759405600000,0.88
759409200000,0.889
759412800000,0.884
759416400000,0.872
759420000000,0.852
759423600000,0.829
759427200000,0.83
759430800000,0.812
759434400000,0.781
759438000000,0.763
759441600000,0.739
759445200000,0.739
759448800000,0.715
759452400000,0.703
759456000000,0.786
759459600000,0.834
759463200000,0.834
759466800000,0.816
759470400000,0.8
759474000000,0.782
759477600000,0.758
759481200000,0.717
759484800000,0.666
759488400000,0.615
759492000000,0.592
759495600000,0.621
759499200000,0.62
759502800000,0.618
759506400000,0.627
759510000000,0.621
759513600000,0.615
759517200000,0.628
759520800000,0.626
759524400000,0.599
759528000000,0.586
759531600000,0.569
759535200000,0.556
759538800000,0.532
759542400000,0.668
759546000000,0.724
759549600000,0.713
759553200000,0.688
759556800000,0.657
759560400000,0.62
759564000000,0.586
759567600000,0.523
759571200000,0.435
759574800000,0.411
759578400000,0.447
759582000000,0.447
759585600000,0.431
759589200000,0.417
759592800000,0.405
759596400000,0.41
759600000000,0.411
759603600000,0.398
759607200000,0.359
759610800000,0.336
759614400000,0.323
759618000000,0.319
759621600000,0.296
759625200000,0.259
759628800000,0.323
759632400000,0.346
759636000000,0.324
759639600000,0.302
759643200000,0.287
759646800000,0.272
759650400000,0.255
759654000000,0.229
759657600000,0.187
759661200000,0.21
759664800000,0.231
759668400000,0.235
759672000000,0.257
759675600000,0.285
759679200000,0.294
759682800000,0.293
759686400000,0.289
759690000000,0.291
759693600000,0.302
759697200000,0.311
759700800000,0.312
759704400000,0.323
759708000000,0.301
759711600000,0.281
759715200000,0.394
759718800000,0.44
759722400000,0.464
759726000000,0.483
759729600000,0.495
759733200000,0.488
759736800000,0.457
759740400000,0.406
759744000000,0.338
759747600000,0.317
759751200000,0.307
759754800000,0.305
759758400000,0.312
759762000000,0.323
759765600000,0.335
759769200000,0.346
759772800000,0.352
759776400000,0.362
759780000000,0.374
759783600000,0.382
759787200000,0.389
759790800000,0.408
759794400000,0.388
759798000000,0.374
759801600000,0.454
759805200000,0.51
759808800000,0.523
759812400000,0.528
759816000000,0.528
759819600000,0.523
759823200000,0.521
759826800000,0.491
759830400000,0.454
759834000000,0.432
759837600000,0.461
759841200000,0.507
759844800000,0.544
759848400000,0.559
759852000000,0.591
759855600000,0.61
759859200000,0.594
759862800000,0.654
759866400000,0.695
759870000000,0.695
759873600000,0.71
759877200000,0.737
759880800000,0.7
759884400000,0.72
759888000000,0.835
759891600000,0.891
759895200000,0.906
759898800000,0.903
759902400000,0.899
759906000000,0.875
759909600000,0.823
759913200000,0.766
759916800000,0.722
759920400000,0.663
759924000000,0.714
759927600000,0.737
759931200000,0.747
759934800000,0.724
759938400000,0.741
759942000000,0.753
759945600000,0.777
759949200000,0.778
759952800000,0.81
759956400000,0.812
759960000000,0.823
759963600000,0.836
759967200000,0.834
759970800000,0.867
759974400000,0.92
759978000000,0.943
759981600000,0.948
759985200000,0.948
759988800000,0.939
759992400000,0.929
759996000000,0.914
759999600000,0.896
760003200000,0.865
760006800000,0.846
760010400000,0.849
760014000000,0.848
760017600000,0.849
760021200000,0.853
760024800000,0.858
760028400000,0.851
760032000000,0.852
760035600000,0.857
760039200000,0.862
760042800000,0.85
760046400000,0.849
760050000000,0.817
760053600000,0.792
760057200000,0.795
760060800000,0.873
760064400000,0.899
760068000000,0.896
760071600000,0.884
760075200000,0.874
760078800000,0.863
760082400000,0.842
760086000000,0.811
760089600000,0.765
760093200000,0.722
760096800000,0.739
760100400000,0.728
760104000000,0.748
760107600000,0.742
760111200000,0.762
760114800000,0.74
760118400000,0.733
760122000000,0.739
760125600000,0.764
760129200000,0.8
760132800000,0.807
760136400000,0.829
760140000000,0.838
760143600000,0.822
760147200000,0.871
760150800000,0.913
760154400000,0.916
760158000000,0.908
760161600000,0.894
760165200000,0.877
760168800000,0.865
760172400000,0.849
760176000000,0.821
760179600000,0.786
760183200000,0.761
760186800000,0.755
760190400000,0.752
760194000000,0.752
760197600000,0.753
760201200000,0.759
760204800000,0.75
760208400000,0.756
760212000000,0.768
760215600000,0.782
760219200000,0.8
760222800000,0.814
760226400000,0.815
760230000000,0.846
760233600000,0.927
760237200000,0.943
760240800000,0.947
760244400000,0.949
760248000000,0.948
760251600000,0.943
760255200000,0.931
760258800000,0.907
760262400000,0.87
760266000000,0.849
760269600000,0.851
760273200000,0.867
760276800000,0.875
760280400000,0.876
760284000000,0.876
760287600000,0.871
760291200000,0.863
760294800000,0.857
760298400000,0.853
760302000000,0.859
760305600000,0.871
760309200000,0.883
760312800000,0.895
760316400000,0.922
760320000000,0.95
760323600000,0.96
760327200000,0.954
760330800000,0.942
760334400000,0.923
760338000000,0.895
760341600000,0.868
760345200000,0.833
760348800000,0.77
760352400000,0.725
760356000000,0.702
760359600000,0.687
760363200000,0.683
760366800000,0.68
760370400000,0.694
760374000000,0.707
760377600000,0.712
760381200000,0.71
760384800000,0.705
760388400000,0.71
760392000000,0.725
760395600000,0.739
760399200000,0.729
760402800000,0.746
760406400000,0.848
760410000000,0.872
760413600000,0.864
760417200000,0.853
760420800000,0.841
760424400000,0.829
760428000000,0.809
760431600000,0.762
760435200000,0.699
760438800000,0.617
760442400000,0.571
760446000000,0.58
760449600000,0.58
760453200000,0.575
760456800000,0.586
760460400000,0.592
760464000000,0.606
760467600000,0.589
760471200000,0.601
760474800000,0.566
760478400000,0.539
760482000000,0.526
760485600000,0.484
760489200000,0.522
760492800000,0.641
760496400000,0.674
760500000000,0.625
760503600000,0.574
760507200000,0.521
760510800000,0.476
760514400000,0.437
760518000000,0.384
760521600000,0.334
760525200000,0.328
760528800000,0.345
760532400000,0.379
760536000000,0.399
760539600000,0.413
760543200000,0.454
760546800000,0.494
760550400000,0.478
760554000000,0.481
760557600000,0.498
760561200000,0.494
760564800000,0.485
760568400000,0.481
760572000000,0.416
760575600000,0.385
760579200000,0.449
760582800000,0.415
760586400000,0.343
760590000000,0.295
760593600000,0.279
760597200000,0.283
760600800000,0.307
760604400000,0.3
760608000000,0.293
760611600000,0.321
760615200000,0.328
760618800000,0.332
760622400000,0.346
760626000000,0.375
760629600000,0.396
760633200000,0.393
760636800000,0.374
760640400000,0.352
760644000000,0.335
760647600000,0.325
760651200000,0.32
760654800000,0.311
760658400000,0.284
760662000000,0.243
760665600000,0.272
760669200000,0.278
760672800000,0.234
760676400000,0.187
760680000000,0.137
760683600000,0.099
760687200000,0.083
760690800000,0.085
760694400000,0.101
760698000000,0.149
760701600000,0.164
760705200000,0.158
760708800000,0.156
760712400000,0.154
760716000000,0.152
760719600000,0.149
760723200000,0.139
760726800000,0.131
760730400000,0.127
760734000000,0.124
760737600000,0.128
760741200000,0.144
760744800000,0.142
760748400000,0.094
760752000000,0.087
760755600000,0.061
760759200000,0.053
760762800000,0.062
760766400000,0.084
760770000000,0.108
760773600000,0.133
760777200000,0.157
760780800000,0.179
760784400000,0.245
760788000000,0.272
760791600000,0.288
760795200000,0.31
760798800000,0.321
760802400000,0.318
760806000000,0.302
760809600000,0.302
760813200000,0.32
760816800000,0.345
760820400000,0.381
760824000000,0.417
760827600000,0.454
760831200000,0.471
760834800000,0.49
760838400000,0.642
760842000000,0.725
760845600000,0.769
760849200000,0.779
760852800000,0.769
760856400000,0.752
760860000000,0.744
760863600000,0.73
760867200000,0.701
760870800000,0.672
760874400000,0.662
760878000000,0.666
760881600000,0.666
760885200000,0.684
760888800000,0.695
760892400000,0.683
760896000000,0.65
760899600000,0.628
760903200000,0.618
760906800000,0.604
760910400000,0.62
760914000000,0.583
760917600000,0.539
760921200000,0.528
760924800000,0.653
760928400000,0.705
760932000000,0.688
760935600000,0.638
760939200000,0.613
760942800000,0.6
760946400000,0.578
760950000000,0.544
760953600000,0.482
760957200000,0.454
760960800000,0.432
760964400000,0.404
760968000000,0.403
760971600000,0.407
760975200000,0.422
760978800000,0.445
760982400000,0.444
760986000000,0.433
760989600000,0.409
760993200000,0.361
760996800000,0.305
761000400000,0.267
761004000000,0.241
761007600000,0.217
761011200000,0.358
761014800000,0.442
761018400000,0.486
761022000000,0.501
761025600000,0.494
761029200000,0.481
761032800000,0.466
761036400000,0.432
761040000000,0.393
761043600000,0.428
761047200000,0.46
761050800000,0.486
761054400000,0.507
761058000000,0.516
761061600000,0.509
761065200000,0.501
761068800000,0.498
761072400000,0.506
761076000000,0.532
761079600000,0.56
761083200000,0.583
761086800000,0.603
761090400000,0.621
761094000000,0.632
761097600000,0.756
761101200000,0.813
761104800000,0.829
761108400000,0.836
761112000000,0.831
761115600000,0.82
761119200000,0.806
761122800000,0.779
761126400000,0.727
761130000000,0.692
761133600000,0.725
761137200000,0.772
761140800000,0.805
761144400000,0.804
761148000000,0.814
761151600000,0.814
761155200000,0.801
761158800000,0.784
761162400000,0.767
761166000000,0.75
761169600000,0.746
761173200000,0.746
761176800000,0.731
761180400000,0.72
761184000000,0.818
761187600000,0.845
761191200000,0.847
761194800000,0.833
761198400000,0.807
761202000000,0.772
761205600000,0.723
761209200000,0.664
761212800000,0.594
761216400000,0.585
761220000000,0.594
761223600000,0.644
761227200000,0.676
761230800000,0.667
761234400000,0.674
761238000000,0.684
761241600000,0.672
761245200000,0.662
761248800000,0.654
761252400000,0.635
761256000000,0.633
761259600000,0.605
761263200000,0.561
761266800000,0.532
761270400000,0.595
761274000000,0.627
761277600000,0.589
761281200000,0.538
761284800000,0.488
761288400000,0.457
761292000000,0.449
761295600000,0.435
761299200000,0.415
761302800000,0.459
761306400000,0.503
761310000000,0.544
761313600000,0.557
761317200000,0.552
761320800000,0.55
761324400000,0.538
761328000000,0.504
761331600000,0.476
761335200000,0.448
761338800000,0.422
761342400000,0.41
761346000000,0.415
761349600000,0.394
761353200000,0.331
761356800000,0.424
761360400000,0.505
761364000000,0.547
761367600000,0.578
761371200000,0.609
761374800000,0.636
761378400000,0.649
761382000000,0.635
761385600000,0.58
761389200000,0.555
761392800000,0.552
761396400000,0.568
761400000000,0.576
761403600000,0.578
761407200000,0.583
761410800000,0.591
761414400000,0.578
761418000000,0.566
761421600000,0.55
761425200000,0.538
761428800000,0.539
761432400000,0.538
761436000000,0.506
761439600000,0.46
761443200000,0.528
761446800000,0.506
761450400000,0.432
761454000000,0.355
761457600000,0.291
761461200000,0.238
761464800000,0.201
761468400000,0.186
761472000000,0.191
761475600000,0.245
761479200000,0.275
761482800000,0.3
761486400000,0.323
761490000000,0.339
761493600000,0.349
761497200000,0.336
761500800000,0.319
761504400000,0.317
761508000000,0.328
761511600000,0.332
761515200000,0.334
761518800000,0.334
761522400000,0.278
761526000000,0.213
761529600000,0.217
761533200000,0.176
761536800000,0.133
761540400000,0.104
761544000000,0.091
761547600000,0.083
761551200000,0.084
761554800000,0.094
761558400000,0.101
761562000000,0.142
761565600000,0.158
761569200000,0.157
761572800000,0.175
761576400000,0.192
761580000000,0.201
761583600000,0.201
761587200000,0.195
761590800000,0.194
761594400000,0.207
761598000000,0.227
761601600000,0.254
761605200000,0.255
761608800000,0.194
761612400000,0.157
761616000000,0.161
761619600000,0.152
761623200000,0.139
761626800000,0.119
761630400000,0.095
761634000000,0.074
761637600000,0.059
761641200000,0.052
761644800000,0.049
761648400000,0.075
761652000000,0.093
761655600000,0.091
761659200000,0.083
761662800000,0.073
761666400000,0.066
761670000000,0.065
761673600000,0.064
761677200000,0.061
761680800000,0.065
761684400000,0.081
761688000000,0.097
761691600000,0.09
761695200000,0.058
761698800000,0.027
761702400000,0.011
761706000000,0.002
761709600000,0.0
761713200000,0.0
761716800000,0.0
761720400000,0.0
761724000000,0.0
761727600000,0.0
761731200000,0.0
761734800000,0.004
761738400000,0.011
761742000000,0.014
761745600000,0.016
761749200000,0.017
761752800000,0.015
761756400000,0.014
761760000000,0.017
761763600000,0.027
761767200000,0.042
761770800000,0.053
761774400000,0.05
761778000000,0.038
761781600000,0.018
761785200000,0.001
761788800000,0.002
761792400000,0.013
761796000000,0.036
761799600000,0.066
761803200000,0.099
761806800000,0.13
761810400000,0.143
761814000000,0.136
761817600000,0.116
761821200000,0.119
761824800000,0.109
761828400000,0.094
761832000000,0.094
761835600000,0.102
761839200000,0.109
761842800000,0.108
761846400000,0.099
761850000000,0.086
761853600000,0.075
761857200000,0.068
761860800000,0.07
761864400000,0.064
761868000000,0.048
761871600000,0.035
761875200000,0.036
761878800000,0.039
761882400000,0.041
761886000000,0.043
761889600000,0.048
761893200000,0.056
761896800000,0.066
761900400000,0.08
761904000000,0.1
761907600000,0.192
761911200000,0.272
761914800000,0.277
761918400000,0.3
761922000000,0.316
761925600000,0.323
761929200000,0.318
761932800000,0.3
761936400000,0.273
761940000000,0.249
761943600000,0.22
761947200000,0.208
761950800000,0.217
761954400000,0.199
761958000000,0.175
761961600000,0.199
761965200000,0.183
761968800000,0.176
761972400000,0.181
761976000000,0.191
761979600000,0.191
761983200000,0.183
761986800000,0.169
761990400000,0.145
761994000000,0.179
761997600000,0.198
762001200000,0.192
762004800000,0.193
762008400000,0.2
762012000000,0.199
762015600000,0.192
762019200000,0.181
762022800000,0.182
762026400000,0.201
762030000000,0.231
762033600000,0.27
762037200000,0.288
762040800000,0.236
762044400000,0.193
762048000000,0.208
762051600000,0.181
762055200000,0.154
762058800000,0.143
762062400000,0.146
762066000000,0.151
762069600000,0.16
762073200000,0.178
762076800000,0.192
762080400000,0.235
762084000000,0.248
762087600000,0.251
762091200000,0.263
762094800000,0.272
762098400000,0.278
762102000000,0.29
762105600000,0.314
762109200000,0.328
762112800000,0.337
762116400000,0.352
762120000000,0.372
762123600000,0.399
762127200000,0.391
762130800000,0.349
762134400000,0.386
762138000000,0.387
762141600000,0.352
762145200000,0.328
762148800000,0.336
762152400000,0.379
762156000000,0.444
762159600000,0.503
762163200000,0.518
762166800000,0.506
762170400000,0.495
762174000000,0.485
762177600000,0.484
762181200000,0.466
762184800000,0.431
762188400000,0.425
762192000000,0.436
762195600000,0.446
762199200000,0.451
762202800000,0.454
762206400000,0.46
762210000000,0.464
762213600000,0.426
762217200000,0.407
762220800000,0.444
762224400000,0.417
762228000000,0.389
762231600000,0.376
762235200000,0.38
762238800000,0.4
762242400000,0.413
762246000000,0.414
762249600000,0.389
762253200000,0.38
762256800000,0.403
762260400000,0.425
762264000000,0.448
762267600000,0.449
762271200000,0.477
762274800000,0.494
762278400000,0.496
762282000000,0.502
762285600000,0.528
762289200000,0.538
762292800000,0.544
762296400000,0.574
762300000000,0.59
762303600000,0.58
762307200000,0.716
762310800000,0.777
762314400000,0.8
762318000000,0.811
762321600000,0.816
762325200000,0.812
762328800000,0.802
762332400000,0.763
762336000000,0.722
762339600000,0.695
762343200000,0.679
762346800000,0.705
762350400000,0.716
762354000000,0.711
762357600000,0.705
762361200000,0.724
762364800000,0.734
762368400000,0.7
762372000000,0.695
762375600000,0.684
762379200000,0.671
762382800000,0.663
762386400000,0.625
762390000000,0.633
762393600000,0.748
762397200000,0.785
762400800000,0.791
762404400000,0.774
762408000000,0.759
762411600000,0.737
762415200000,0.705
762418800000,0.666
762422400000,0.592
762426000000,0.571
762429600000,0.557
762433200000,0.548
762436800000,0.566
762440400000,0.579
762444000000,0.59
762447600000,0.615
762451200000,0.612
762454800000,0.605
762458400000,0.594
762462000000,0.58
762465600000,0.574
762469200000,0.57
762472800000,0.519
762476400000,0.544
762480000000,0.641
762483600000,0.657
762487200000,0.654
762490800000,0.638
762494400000,0.615
762498000000,0.586
762501600000,0.563
762505200000,0.547
762508800000,0.51
762512400000,0.501
762516000000,0.535
762519600000,0.557
762523200000,0.59
762526800000,0.594
762530400000,0.578
762534000000,0.588
762537600000,0.561
762541200000,0.567
762544800000,0.583
762548400000,0.61
762552000000,0.644
762555600000,0.666
762559200000,0.642
762562800000,0.683
762566400000,0.75
762570000000,0.749
762573600000,0.737
762577200000,0.731
762580800000,0.737
762584400000,0.741
762588000000,0.737
762591600000,0.711
762595200000,0.638
762598800000,0.613
762602400000,0.65
762606000000,0.661
762609600000,0.673
762613200000,0.667
762616800000,0.66
762620400000,0.663
762624000000,0.664
762627600000,0.675
762631200000,0.687
762634800000,0.701
762638400000,0.744
762642000000,0.748
762645600000,0.711
762649200000,0.703
762652800000,0.75
762656400000,0.713
762660000000,0.661
762663600000,0.627
762667200000,0.615
762670800000,0.607
762674400000,0.599
762678000000,0.582
762681600000,0.526
762685200000,0.489
762688800000,0.48
762692400000,0.479
762696000000,0.498
762699600000,0.523
762703200000,0.544
762706800000,0.557
762710400000,0.58
762714000000,0.544
762717600000,0.534
762721200000,0.536
762724800000,0.566
762728400000,0.572
762732000000,0.563
762735600000,0.645
762739200000,0.77
762742800000,0.785
762746400000,0.782
762750000000,0.773
762753600000,0.763
762757200000,0.758
762760800000,0.743
762764400000,0.718
762768000000,0.663
762771600000,0.623
762775200000,0.587
762778800000,0.592
762782400000,0.615
762786000000,0.633
762789600000,0.639
762793200000,0.639
762796800000,0.641
762800400000,0.645
762804000000,0.652
762807600000,0.69
762811200000,0.686
762814800000,0.691
762818400000,0.669
762822000000,0.683
762825600000,0.767
762829200000,0.782
762832800000,0.755
762836400000,0.721
762840000000,0.683
762843600000,0.638
762847200000,0.591
762850800000,0.571
762854400000,0.547
762858000000,0.501
762861600000,0.494
762865200000,0.519
762868800000,0.549
762872400000,0.565
762876000000,0.574
762879600000,0.586
762883200000,0.606
762886800000,0.642
762890400000,0.681
762894000000,0.716
762897600000,0.739
762901200000,0.772
762904800000,0.775
762908400000,0.827
762912000000,0.873
762915600000,0.886
762919200000,0.87
762922800000,0.842
762926400000,0.815
762930000000,0.796
762933600000,0.774
762937200000,0.741
762940800000,0.704
762944400000,0.664
762948000000,0.656
762951600000,0.674
762955200000,0.673
762958800000,0.643
762962400000,0.598
762966000000,0.545
762969600000,0.504
762973200000,0.48
762976800000,0.464
762980400000,0.47
762984000000,0.479
762987600000,0.493
762991200000,0.481
762994800000,0.552
762998400000,0.672
763002000000,0.712
763005600000,0.695
763009200000,0.676
763012800000,0.662
763016400000,0.636
763020000000,0.604
763023600000,0.535
763027200000,0.433
763030800000,0.345
763034400000,0.299
763038000000,0.278
763041600000,0.274
763045200000,0.257
763048800000,0.259
763052400000,0.241
763056000000,0.226
763059600000,0.211
763063200000,0.203
763066800000,0.201
763070400000,0.194
763074000000,0.172
763077600000,0.108
763081200000,0.096
763084800000,0.089
763088400000,0.078
763092000000,0.069
763095600000,0.068
763099200000,0.075
763102800000,0.08
763106400000,0.082
763110000000,0.082
763113600000,0.083
763117200000,0.123
763120800000,0.148
763124400000,0.123
763128000000,0.112
763131600000,0.107
763135200000,0.107
763138800000,0.101
763142400000,0.093
763146000000,0.085
763149600000,0.082
763153200000,0.081
763156800000,0.084
763160400000,0.091
763164000000,0.067
763167600000,0.06
763171200000,0.067
763174800000,0.075
763178400000,0.076
763182000000,0.076
763185600000,0.08
763189200000,0.087
763192800000,0.101
763196400000,0.118
763200000000,0.132
763203600000,0.17
763207200000,0.19
763210800000,0.182
763214400000,0.18
763218000000,0.176
763221600000,0.157
763225200000,0.136
763228800000,0.123
763232400000,0.12
763236000000,0.131
763239600000,0.149
763243200000,0.181
763246800000,0.21
763250400000,0.201
763254000000,0.233
763257600000,0.291
763261200000,0.311
763264800000,0.311
763268400000,0.311
763272000000,0.313
763275600000,0.317
763279200000,0.321
763282800000,0.321
763286400000,0.313
763290000000,0.326
763293600000,0.344
763297200000,0.399
763300800000,0.499
763304400000,0.559
763308000000,0.595
763311600000,0.629
763315200000,0.661
763318800000,0.668
763322400000,0.706
763326000000,0.726
763329600000,0.75
763333200000,0.778
763336800000,0.765
763340400000,0.829
763344000000,0.895
763347600000,0.906
763351200000,0.898
763354800000,0.883
763358400000,0.864
763362000000,0.844
763365600000,0.82
763369200000,0.777
763372800000,0.7
763376400000,0.618
763380000000,0.565
763383600000,0.538
763387200000,0.552
763390800000,0.571
763394400000,0.574
763398000000,0.583
763401600000,0.562
763405200000,0.569
763408800000,0.585
763412400000,0.583
763416000000,0.596
763419600000,0.605
763423200000,0.571
763426800000,0.586
763430400000,0.655
763434000000,0.619
763437600000,0.549
763441200000,0.494
763444800000,0.459
763448400000,0.433
763452000000,0.41
763455600000,0.388
763459200000,0.342
763462800000,0.347
763466400000,0.371
763470000000,0.402
763473600000,0.46
763477200000,0.519
763480800000,0.552
763484400000,0.55
763488000000,0.532
763491600000,0.522
763495200000,0.532
763498800000,0.528
763502400000,0.552
763506000000,0.578
763509600000,0.522
763513200000,0.566
763516800000,0.649
763520400000,0.642
763524000000,0.601
763527600000,0.562
763531200000,0.538
763534800000,0.544
763538400000,0.561
763542000000,0.568
763545600000,0.525
763549200000,0.485
763552800000,0.486
763556400000,0.532
763560000000,0.575
763563600000,0.603
763567200000,0.61
763570800000,0.586
763574400000,0.571
763578000000,0.599
763581600000,0.613
763585200000,0.613
763588800000,0.635
763592400000,0.661
763596000000,0.65
763599600000,0.703
763603200000,0.78
763606800000,0.8
763610400000,0.786
763614000000,0.767
763617600000,0.765
763621200000,0.775
763624800000,0.785
763628400000,0.775
763632000000,0.74
763635600000,0.715
763639200000,0.715
763642800000,0.72
763646400000,0.739
763650000000,0.777
763653600000,0.792
763657200000,0.778
763660800000,0.78
763664400000,0.777
763668000000,0.795
763671600000,0.816
763675200000,0.823
763678800000,0.826
763682400000,0.812
763686000000,0.832
763689600000,0.881
763693200000,0.898
763696800000,0.893
763700400000,0.886
763704000000,0.878
763707600000,0.863
763711200000,0.841
763714800000,0.792
763718400000,0.73
763722000000,0.692
763725600000,0.698
763729200000,0.72
763732800000,0.753
763736400000,0.762
763740000000,0.787
763743600000,0.839
763747200000,0.847
763750800000,0.84
763754400000,0.833
763758000000,0.841
763761600000,0.85
763765200000,0.858
763768800000,0.845
763772400000,0.84
763776000000,0.886
763779600000,0.882
763783200000,0.857
763786800000,0.824
763790400000,0.782
763794000000,0.732
763797600000,0.664
763801200000,0.596
763804800000,0.556
763808400000,0.568
763812000000,0.602
763815600000,0.618
763819200000,0.615
763822800000,0.601
763826400000,0.574
763830000000,0.548
763833600000,0.523
763837200000,0.512
763840800000,0.52
763844400000,0.522
763848000000,0.528
763851600000,0.557
763855200000,0.55
763858800000,0.574
763862400000,0.695
763866000000,0.74
763869600000,0.738
763873200000,0.718
763876800000,0.693
763880400000,0.665
763884000000,0.635
763887600000,0.594
763891200000,0.538
763894800000,0.514
763898400000,0.514
763902000000,0.516
763905600000,0.531
763909200000,0.555
763912800000,0.581
763916400000,0.6
763920000000,0.615
763923600000,0.603
763927200000,0.599
763930800000,0.601
763934400000,0.608
763938000000,0.6
763941600000,0.566
763945200000,0.586
763948800000,0.724
763952400000,0.738
763956000000,0.718
763959600000,0.674
763963200000,0.624
763966800000,0.571
763970400000,0.521
763974000000,0.46
763977600000,0.385
763981200000,0.364
763984800000,0.337
763988400000,0.325
763992000000,0.338
763995600000,0.364
763999200000,0.388
764002800000,0.42
764006400000,0.436
764010000000,0.469
764013600000,0.499
764017200000,0.519
764020800000,0.537
764024400000,0.537
764028000000,0.472
764031600000,0.46
764035200000,0.532
764038800000,0.5
764042400000,0.436
764046000000,0.364
764049600000,0.294
764053200000,0.233
764056800000,0.179
764060400000,0.132
764064000000,0.092
764067600000,0.11
764071200000,0.14
764074800000,0.141
764078400000,0.15
764082000000,0.167
764085600000,0.187
764089200000,0.195
764092800000,0.197
764096400000,0.194
764100000000,0.19
764103600000,0.184
764107200000,0.18
764110800000,0.169
764114400000,0.133
764118000000,0.124
764121600000,0.144
764125200000,0.144
764128800000,0.139
764132400000,0.149
764136000000,0.17
764139600000,0.189
764143200000,0.196
764146800000,0.194
764150400000,0.206
764154000000,0.218
764157600000,0.207
764161200000,0.192
764164800000,0.195
764168400000,0.203
764172000000,0.208
764175600000,0.215
764179200000,0.223
764182800000,0.231
764186400000,0.252
764190000000,0.268
764193600000,0.278
764197200000,0.289
764200800000,0.277
764204400000,0.299
764208000000,0.367
764211600000,0.484
764215200000,0.552
764218800000,0.577
764222400000,0.594
764226000000,0.61
764229600000,0.599
764233200000,0.547
764236800000,0.48
764240400000,0.44
764244000000,0.443
764247600000,0.434
764251200000,0.447
764254800000,0.45
764258400000,0.446
764262000000,0.444
764265600000,0.416
764269200000,0.4
764272800000,0.403
764276400000,0.394
764280000000,0.404
764283600000,0.425
764287200000,0.401
764290800000,0.489
764294400000,0.529
764298000000,0.514
764301600000,0.484
764305200000,0.431
764308800000,0.374
764312400000,0.325
764316000000,0.289
764319600000,0.258
764323200000,0.211
764326800000,0.234
764330400000,0.256
764334000000,0.255
764337600000,0.278
764341200000,0.297
764344800000,0.311
764348400000,0.291
764352000000,0.261
764355600000,0.251
764359200000,0.239
764362800000,0.227
764366400000,0.217
764370000000,0.206
764373600000,0.16
764377200000,0.139
764380800000,0.152
764384400000,0.155
764388000000,0.161
764391600000,0.167
764395200000,0.169
764398800000,0.167
764402400000,0.162
764406000000,0.164
764409600000,0.167
764413200000,0.196
764416800000,0.215
764420400000,0.204
764424000000,0.202
764427600000,0.2
764431200000,0.186
764434800000,0.177
764438400000,0.17
764442000000,0.167
764445600000,0.162
764449200000,0.156
764452800000,0.157
764456400000,0.168
764460000000,0.141
764463600000,0.168
764467200000,0.227
764470800000,0.27
764474400000,0.311
764478000000,0.348
764481600000,0.372
764485200000,0.381
764488800000,0.374
764492400000,0.361
764496000000,0.329
764499600000,0.345
764503200000,0.376
764506800000,0.398
764510400000,0.433
764514000000,0.46
764517600000,0.468
764521200000,0.464
764524800000,0.449
764528400000,0.441
764532000000,0.425
764535600000,0.407
764539200000,0.416
764542800000,0.445
764546400000,0.428
764550000000,0.564
764553600000,0.685
764557200000,0.725
764560800000,0.746
764564400000,0.754
764568000000,0.762
764571600000,0.774
764575200000,0.792
764578800000,0.799
764582400000,0.767
764586000000,0.734
764589600000,0.724
764593200000,0.737
764596800000,0.732
764600400000,0.722
764604000000,0.739
764607600000,0.729
764611200000,0.72
764614800000,0.708
764618400000,0.702
764622000000,0.711
764625600000,0.731
764629200000,0.739
764632800000,0.718
764636400000,0.777
764640000000,0.866
764643600000,0.875
764647200000,0.86
764650800000,0.853
764654400000,0.846
764658000000,0.835
764661600000,0.817
764665200000,0.78
764668800000,0.724
764672400000,0.685
764676000000,0.695
764679600000,0.727
764683200000,0.763
764686800000,0.781
764690400000,0.801
764694000000,0.814
764697600000,0.819
764701200000,0.82
764704800000,0.82
764708400000,0.831
764712000000,0.847
764715600000,0.852
764719200000,0.846
764722800000,0.906
764726400000,0.947
764730000000,0.949
764733600000,0.947
764737200000,0.94
764740800000,0.934
764744400000,0.93
764748000000,0.93
764751600000,0.929
764755200000,0.914
764758800000,0.882
764762400000,0.868
764766000000,0.861
764769600000,0.867
764773200000,0.864
764776800000,0.845
764780400000,0.831
764784000000,0.826
764787600000,0.821
764791200000,0.789
764794800000,0.763
764798400000,0.724
764802000000,0.71
764805600000,0.662
764809200000,0.774
764812800000,0.823
764816400000,0.817
764820000000,0.808
764823600000,0.785
764827200000,0.759
764830800000,0.734
764834400000,0.706
764838000000,0.679
764841600000,0.622
764845200000,0.604
764848800000,0.586
764852400000,0.602
764856000000,0.601
764859600000,0.603
764863200000,0.613
764866800000,0.608
764870400000,0.616
764874000000,0.59
764877600000,0.581
764881200000,0.555
764884800000,0.548
764888400000,0.599
764892000000,0.58
764895600000,0.624
764899200000,0.722
764902800000,0.72
764906400000,0.711
764910000000,0.686
764913600000,0.657
764917200000,0.644
764920800000,0.644
764924400000,0.639
764928000000,0.604
764931600000,0.576
764935200000,0.551
764938800000,0.56
764942400000,0.597
764946000000,0.626
764949600000,0.601
764953200000,0.548
764956800000,0.51
764960400000,0.498
764964000000,0.499
764967600000,0.484
764971200000,0.481
764974800000,0.487
764978400000,0.458
764982000000,0.565
764985600000,0.632
764989200000,0.622
764992800000,0.61
764996400000,0.586
765000000000,0.558
765003600000,0.541
765007200000,0.534
765010800000,0.508
765014400000,0.464
765018000000,0.451
765021600000,0.433
765025200000,0.448
765028800000,0.491
765032400000,0.528
765036000000,0.532
765039600000,0.523
765043200000,0.501
765046800000,0.484
765050400000,0.466
765054000000,0.457
765057600000,0.45
765061200000,0.464
765064800000,0.418
765068400000,0.475
765072000000,0.511
765075600000,0.489
765079200000,0.476
765082800000,0.476
765086400000,0.492
765090000000,0.515
765093600000,0.532
765097200000,0.532
765100800000,0.488
765104400000,0.434
765108000000,0.391
765111600000,0.376
765115200000,0.376
765118800000,0.365
765122400000,0.354
765126000000,0.347
765129600000,0.35
765133200000,0.345
765136800000,0.334
765140400000,0.316
765144000000,0.297
765147600000,0.287
765151200000,0.232
765154800000,0.264
765158400000,0.301
765162000000,0.311
765165600000,0.328
765169200000,0.353
765172800000,0.398
765176400000,0.455
765180000000,0.502
765183600000,0.523
765187200000,0.503
765190800000,0.435
765194400000,0.36
765198000000,0.341
765201600000,0.358
765205200000,0.407
765208800000,0.394
765212400000,0.367
765216000000,0.347
765219600000,0.351
765223200000,0.382
765226800000,0.429
765230400000,0.441
765234000000,0.481
765237600000,0.494
765241200000,0.61
765244800000,0.737
765248400000,0.77
765252000000,0.783
765255600000,0.795
765259200000,0.813
765262800000,0.829
765266400000,0.828
765270000000,0.786
765273600000,0.727
765277200000,0.666
765280800000,0.638
765284400000,0.641
765288000000,0.643
765291600000,0.654
765295200000,0.664
765298800000,0.633
765302400000,0.633
765306000000,0.602
765309600000,0.625
765313200000,0.66
765316800000,0.672
765320400000,0.69
765324000000,0.7
765327600000,0.812
765331200000,0.898
765334800000,0.934
765338400000,0.943
765342000000,0.941
765345600000,0.933
765349200000,0.924
765352800000,0.911
765356400000,0.904
765360000000,0.889
765363600000,0.881
765367200000,0.883
765370800000,0.882
765374400000,0.865
765378000000,0.861
765381600000,0.864
765385200000,0.86
765388800000,0.853
765392400000,0.838
765396000000,0.839
765399600000,0.842
765403200000,0.849
765406800000,0.856
765410400000,0.837
765414000000,0.833
765417600000,0.884
765421200000,0.889
765424800000,0.878
765428400000,0.841
765432000000,0.781
765435600000,0.74
765439200000,0.737
765442800000,0.707
765446400000,0.645
765450000000,0.63
765453600000,0.568
765457200000,0.522
765460800000,0.526
765464400000,0.635
765468000000,0.777
765471600000,0.812
765475200000,0.791
765478800000,0.765
765482400000,0.687
765486000000,0.653
765489600000,0.618
765493200000,0.607
765496800000,0.56
765500400000,0.574
765504000000,0.618
765507600000,0.599
765511200000,0.548
765514800000,0.479
765518400000,0.413
765522000000,0.346
765525600000,0.277
765529200000,0.223
765532800000,0.201
765536400000,0.208
765540000000,0.247
765543600000,0.257
765547200000,0.26
765550800000,0.25
765554400000,0.227
765558000000,0.199
765561600000,0.164
765565200000,0.136
765568800000,0.118
765572400000,0.112
765576000000,0.106
765579600000,0.092
765583200000,0.051
765586800000,0.045
765590400000,0.026
765594000000,0.012
765597600000,0.005
765601200000,0.001
765604800000,0.0
765608400000,0.0
765612000000,0.0
765615600000,0.0
765619200000,0.0
765622800000,0.0
765626400000,0.0
765630000000,0.0
765633600000,0.0
765637200000,0.0
765640800000,0.0
765644400000,0.0
765648000000,0.0
765651600000,0.0
765655200000,0.0
765658800000,0.0
765662400000,0.0
765666000000,0.0
765669600000,0.0
765673200000,0.0
765676800000,0.0
765680400000,0.0
765684000000,0.0
765687600000,0.0
765691200000,0.0
765694800000,0.0
765698400000,0.0
765702000000,0.0
765705600000,0.0
765709200000,0.0
765712800000,0.001
765716400000,0.002
765720000000,0.005
765723600000,0.011
765727200000,0.019
765730800000,0.023
765734400000,0.023
765738000000,0.021
765741600000,0.017
765745200000,0.013
765748800000,0.01
765752400000,0.007
765756000000,0.002
765759600000,0.0
765763200000,0.0
765766800000,0.0
765770400000,0.0
765774000000,0.0
765777600000,0.0
765781200000,0.0
765784800000,0.011
765788400000,0.025
765792000000,0.039
765795600000,0.065
765799200000,0.086
765802800000,0.084
765806400000,0.078
765810000000,0.075
765813600000,0.068
765817200000,0.052
765820800000,0.033
765824400000,0.02
765828000000,0.014
765831600000,0.012
765835200000,0.012
765838800000,0.012
765842400000,0.007
765846000000,0.005
765849600000,0.004
765853200000,0.004
765856800000,0.005
765860400000,0.008
765864000000,0.013
765867600000,0.021
765871200000,0.035
765874800000,0.051
765878400000,0.071
765882000000,0.116
765885600000,0.151
765889200000,0.148
765892800000,0.159
765896400000,0.17
765900000000,0.168
765903600000,0.155
765907200000,0.135
765910800000,0.118
765914400000,0.103
765918000000,0.092
765921600000,0.082
765925200000,0.082
765928800000,0.056
765932400000,0.055
765936000000,0.052
765939600000,0.048
765943200000,0.046
765946800000,0.042
765950400000,0.041
765954000000,0.047
765957600000,0.058
765961200000,0.074
765964800000,0.095
765968400000,0.139
765972000000,0.167
765975600000,0.137
765979200000,0.12
765982800000,0.112
765986400000,0.103
765990000000,0.092
765993600000,0.085
765997200000,0.084
766000800000,0.087
766004400000,0.091
766008000000,0.096
766011600000,0.097
766015200000,0.066
766018800000,0.068
766022400000,0.064
766026000000,0.058
766029600000,0.051
766033200000,0.045
766036800000,0.038
766040400000,0.041
766044000000,0.05
766047600000,0.065
766051200000,0.079
766054800000,0.128
766058400000,0.179
766062000000,0.174
766065600000,0.176
766069200000,0.186
766072800000,0.197
766076400000,0.187
766080000000,0.168
766083600000,0.156
766087200000,0.152
766090800000,0.163
766094400000,0.18
766098000000,0.18
766101600000,0.132
766105200000,0.145
766108800000,0.144
766112400000,0.13
766116000000,0.106
766119600000,0.089
766123200000,0.079
766126800000,0.079
766130400000,0.088
766134000000,0.104
766137600000,0.114
766141200000,0.144
766144800000,0.182
766148400000,0.197
766152000000,0.223
766155600000,0.24
766159200000,0.247
766162800000,0.255
766166400000,0.274
766170000000,0.293
766173600000,0.302
766177200000,0.306
766180800000,0.313
766184400000,0.323
766188000000,0.274
766191600000,0.343
766195200000,0.371
766198800000,0.364
766202400000,0.345
766206000000,0.323
766209600000,0.298
766213200000,0.278
766216800000,0.26
766220400000,0.236
766224000000,0.202
766227600000,0.202
766231200000,0.233
766234800000,0.244
766238400000,0.259
766242000000,0.291
766245600000,0.318
766249200000,0.35
766252800000,0.399
766256400000,0.432
766260000000,0.466
766263600000,0.498
766267200000,0.518
766270800000,0.516
766274400000,0.464
766278000000,0.583
766281600000,0.633
766285200000,0.615
766288800000,0.588
766292400000,0.573
766296000000,0.559
766299600000,0.544
766303200000,0.532
766306800000,0.523
766310400000,0.497
766314000000,0.476
766317600000,0.481
766321200000,0.506
766324800000,0.525
766328400000,0.591
766332000000,0.617
766335600000,0.619
766339200000,0.627
766342800000,0.618
766346400000,0.624
766350000000,0.642
766353600000,0.653
766357200000,0.644
766360800000,0.582
766364400000,0.615
766368000000,0.695
766371600000,0.677
766375200000,0.626
766378800000,0.574
766382400000,0.532
766386000000,0.5
766389600000,0.473
766393200000,0.436
766396800000,0.369
766400400000,0.359
766404000000,0.394
766407600000,0.428
766411200000,0.489
766414800000,0.543
766418400000,0.56
766422000000,0.552
766425600000,0.571
766429200000,0.542
766432800000,0.511
766436400000,0.479
766440000000,0.453
766443600000,0.413
766447200000,0.334
766450800000,0.37
766454400000,0.422
766458000000,0.42
766461600000,0.418
766465200000,0.413
766468800000,0.402
766472400000,0.391
766476000000,0.37
766479600000,0.343
766483200000,0.291
766486800000,0.252
766490400000,0.264
766494000000,0.261
766497600000,0.27
766501200000,0.294
766504800000,0.333
766508400000,0.382
766512000000,0.418
766515600000,0.447
766519200000,0.479
766522800000,0.491
766526400000,0.491
766530000000,0.464
766533600000,0.394
766537200000,0.409
766540800000,0.485
766544400000,0.532
766548000000,0.54
766551600000,0.562
766555200000,0.586
766558800000,0.61
766562400000,0.633
766566000000,0.622
766569600000,0.578
766573200000,0.547
766576800000,0.552
766580400000,0.55
766584000000,0.56
766587600000,0.58
766591200000,0.584
766594800000,0.57
766598400000,0.527
766602000000,0.466
766605600000,0.449
766609200000,0.433
766612800000,0.398
766616400000,0.361
766620000000,0.274
766623600000,0.272
766627200000,0.349
766630800000,0.37
766634400000,0.355
766638000000,0.355
766641600000,0.362
766645200000,0.359
766648800000,0.352
766652400000,0.343
766656000000,0.302
766659600000,0.293
766663200000,0.331
766666800000,0.358
766670400000,0.391
766674000000,0.426
766677600000,0.467
766681200000,0.488
766684800000,0.46
766688400000,0.42
766692000000,0.388
766695600000,0.387
766699200000,0.379
766702800000,0.374
766706400000,0.291
766710000000,0.333
766713600000,0.405
766717200000,0.412
766720800000,0.388
766724400000,0.347
766728000000,0.308
766731600000,0.285
766735200000,0.264
766738800000,0.241
766742400000,0.221
766746000000,0.238
766749600000,0.255
766753200000,0.243
766756800000,0.245
766760400000,0.264
766764000000,0.29
766767600000,0.31
766771200000,0.311
766774800000,0.32
766778400000,0.328
766782000000,0.354
766785600000,0.381
766789200000,0.398
766792800000,0.352
766796400000,0.378
766800000000,0.497
766803600000,0.513
766807200000,0.484
766810800000,0.435
766814400000,0.383
766818000000,0.339
766821600000,0.3
766825200000,0.264
766828800000,0.228
766832400000,0.237
766836000000,0.276
766839600000,0.27
766843200000,0.252
766846800000,0.225
766850400000,0.187
766854000000,0.154
766857600000,0.131
766861200000,0.127
766864800000,0.143
766868400000,0.164
766872000000,0.186
766875600000,0.192
766879200000,0.153
766882800000,0.193
766886400000,0.243
766890000000,0.26
766893600000,0.272
766897200000,0.287
766900800000,0.277
766904400000,0.251
766908000000,0.233
766911600000,0.212
766915200000,0.182
766918800000,0.205
766922400000,0.254
766926000000,0.241
766929600000,0.229
766933200000,0.233
766936800000,0.236
766940400000,0.236
766944000000,0.231
766947600000,0.23
766951200000,0.231
766954800000,0.22
766958400000,0.211
766962000000,0.216
766965600000,0.18
766969200000,0.215
766972800000,0.256
766976400000,0.274
766980000000,0.28
766983600000,0.265
766987200000,0.235
766990800000,0.209
766994400000,0.187
766998000000,0.169
767001600000,0.149
767005200000,0.169
767008800000,0.195
767012400000,0.179
767016000000,0.165
767019600000,0.158
767023200000,0.154
767026800000,0.144
767030400000,0.137
767034000000,0.139
767037600000,0.138
767041200000,0.144
767044800000,0.158
767048400000,0.167
767052000000,0.132
767055600000,0.145
767059200000,0.174
767062800000,0.188
767066400000,0.193
767070000000,0.195
767073600000,0.193
767077200000,0.188
767080800000,0.184
767084400000,0.177
767088000000,0.161
767091600000,0.183
767095200000,0.217
767098800000,0.207
767102400000,0.209
767106000000,0.214
767109600000,0.219
767113200000,0.225
767116800000,0.231
767120400000,0.233
767124000000,0.241
767127600000,0.252
767131200000,0.26
767134800000,0.247
767138400000,0.179
767142000000,0.178
767145600000,0.171
767149200000,0.158
767152800000,0.147
767156400000,0.152
767160000000,0.162
767163600000,0.174
767167200000,0.186
767170800000,0.199
767174400000,0.198
767178000000,0.214
767181600000,0.233
767185200000,0.234
767188800000,0.251
767192400000,0.262
767196000000,0.256
767199600000,0.252
767203200000,0.251
767206800000,0.251
767210400000,0.266
767214000000,0.278
767217600000,0.289
767221200000,0.311
767224800000,0.256
767228400000,0.309
767232000000,0.285
767235600000,0.223
767239200000,0.168
767242800000,0.126
767246400000,0.099
767250000000,0.088
767253600000,0.094
767257200000,0.116
767260800000,0.138
767264400000,0.184
767268000000,0.246
767271600000,0.275
767275200000,0.298
767278800000,0.314
767282400000,0.323
767286000000,0.323
767289600000,0.315
767293200000,0.305
767296800000,0.295
767300400000,0.297
767304000000,0.302
767307600000,0.3
767311200000,0.218
767314800000,0.237
767318400000,0.249
767322000000,0.248
767325600000,0.259
767329200000,0.27
767332800000,0.283
767336400000,0.312
767340000000,0.344
767343600000,0.358
767347200000,0.328
767350800000,0.313
767354400000,0.296
767358000000,0.3
767361600000,0.337
767365200000,0.36
767368800000,0.369
767372400000,0.379
767376000000,0.398
767379600000,0.386
767383200000,0.38
767386800000,0.396
767390400000,0.418
767394000000,0.41
767397600000,0.361
767401200000,0.395
767404800000,0.455
767408400000,0.448
767412000000,0.426
767415600000,0.401
767419200000,0.374
767422800000,0.347
767426400000,0.332
767430000000,0.323
767433600000,0.291
767437200000,0.3
767440800000,0.328
767444400000,0.369
767448000000,0.432
767451600000,0.501
767455200000,0.539
767458800000,0.524
767462400000,0.485
767466000000,0.442
767469600000,0.385
767473200000,0.347
767476800000,0.334
767480400000,0.342
767484000000,0.278
767487600000,0.251
767491200000,0.273
767494800000,0.253
767498400000,0.203
767502000000,0.144
767505600000,0.104
767509200000,0.077
767512800000,0.056
767516400000,0.044
767520000000,0.037
767523600000,0.037
767527200000,0.043
767530800000,0.047
767534400000,0.044
767538000000,0.036
767541600000,0.029
767545200000,0.033
767548800000,0.053
767552400000,0.084
767556000000,0.119
767559600000,0.155
767563200000,0.191
767566800000,0.222
767570400000,0.194
767574000000,0.184
767577600000,0.22
767581200000,0.214
767584800000,0.197
767588400000,0.183
767592000000,0.175
767595600000,0.175
767599200000,0.185
767602800000,0.192
767606400000,0.195
767610000000,0.243
767613600000,0.3
767617200000,0.286
767620800000,0.261
767624400000,0.245
767628000000,0.237
767631600000,0.215
767635200000,0.192
767638800000,0.167
767642400000,0.138
767646000000,0.112
767649600000,0.088
767653200000,0.081
767656800000,0.06
767660400000,0.061
767664000000,0.076
767667600000,0.09
767671200000,0.109
767674800000,0.133
767678400000,0.14
767682000000,0.124
767685600000,0.093
767689200000,0.055
767692800000,0.034
767696400000,0.025
767700000000,0.039
767703600000,0.069
767707200000,0.107
767710800000,0.136
767714400000,0.14
767718000000,0.127
767721600000,0.119
767725200000,0.117
767728800000,0.11
767732400000,0.098
767736000000,0.084
767739600000,0.068
767743200000,0.038
767746800000,0.039
767750400000,0.039
767754000000,0.031
767757600000,0.024
767761200000,0.025
767764800000,0.033
767768400000,0.046
767772000000,0.063
767775600000,0.083
767779200000,0.099
767782800000,0.138
767786400000,0.179
767790000000,0.17
767793600000,0.167
767797200000,0.171
767800800000,0.179
767804400000,0.182
767808000000,0.167
767811600000,0.137
767815200000,0.097
767818800000,0.057
767822400000,0.03
767826000000,0.023
767829600000,0.018
767833200000,0.023
767836800000,0.031
767840400000,0.039
767844000000,0.047
767847600000,0.048
767851200000,0.043
767854800000,0.039
767858400000,0.035
767862000000,0.031
767865600000,0.032
767869200000,0.057
767872800000,0.097
767876400000,0.111
767880000000,0.108
767883600000,0.111
767887200000,0.114
767890800000,0.118
767894400000,0.123
767898000000,0.132
767901600000,0.149
767905200000,0.168
767908800000,0.189
767912400000,0.181
767916000000,0.12
767919600000,0.083
767923200000,0.084
767926800000,0.076
767930400000,0.075
767934000000,0.085
767937600000,0.092
767941200000,0.086
767944800000,0.066
767948400000,0.046
767952000000,0.034
767955600000,0.027
767959200000,0.024
767962800000,0.024
767966400000,0.028
767970000000,0.039
767973600000,0.057
767977200000,0.072
767980800000,0.088
767984400000,0.105
767988000000,0.121
767991600000,0.134
767995200000,0.14
767998800000,0.133
768002400000,0.083
768006000000,0.053
768009600000,0.032
768013200000,0.018
768016800000,0.015
768020400000,0.021
768024000000,0.036
768027600000,0.045
768031200000,0.049
768034800000,0.051
768038400000,0.053
768042000000,0.049
768045600000,0.038
768049200000,0.026
768052800000,0.026
768056400000,0.031
768060000000,0.033
768063600000,0.03
768067200000,0.026
768070800000,0.024
768074400000,0.025
768078000000,0.03
768081600000,0.036
768085200000,0.035
768088800000,0.021
768092400000,0.017
768096000000,0.014
768099600000,0.013
768103200000,0.011
768106800000,0.008
768110400000,0.003
768114000000,0.001
768117600000,0.0
768121200000,0.001
768124800000,0.003
768128400000,0.009
768132000000,0.025
768135600000,0.053
768139200000,0.097
768142800000,0.144
768146400000,0.176
768150000000,0.188
768153600000,0.189
768157200000,0.2
768160800000,0.201
768164400000,0.196
768168000000,0.186
768171600000,0.163
768175200000,0.103
768178800000,0.097
768182400000,0.072
768186000000,0.053
768189600000,0.048
768193200000,0.047
768196800000,0.043
768200400000,0.035
768204000000,0.027
768207600000,0.019
768211200000,0.021
768214800000,0.036
768218400000,0.054
768222000000,0.063
768225600000,0.069
768229200000,0.07
768232800000,0.058
768236400000,0.046
768240000000,0.043
768243600000,0.046
768247200000,0.05
768250800000,0.05
768254400000,0.05
768258000000,0.041
768261600000,0.017
768265200000,0.007
768268800000,0.003
768272400000,0.004
768276000000,0.009
768279600000,0.026
768283200000,0.048
768286800000,0.063
768290400000,0.072
768294000000,0.084
768297600000,0.107
768301200000,0.152
768304800000,0.183
768308400000,0.152
768312000000,0.12
768315600000,0.102
768319200000,0.089
768322800000,0.079
768326400000,0.068
768330000000,0.055
768333600000,0.051
768337200000,0.063
768340800000,0.089
768344400000,0.124
768348000000,0.102
768351600000,0.114
768355200000,0.113
768358800000,0.096
768362400000,0.076
768366000000,0.058
768369600000,0.044
768373200000,0.035
768376800000,0.034
768380400000,0.041
768384000000,0.058
768387600000,0.091
768391200000,0.136
768394800000,0.134
768398400000,0.109
768402000000,0.084
768405600000,0.061
768409200000,0.044
768412800000,0.034
768416400000,0.034
768420000000,0.047
768423600000,0.074
768427200000,0.107
768430800000,0.124
768434400000,0.094
768438000000,0.108
768441600000,0.125
768445200000,0.13
768448800000,0.12
768452400000,0.108
768456000000,0.099
768459600000,0.092
768463200000,0.092
768466800000,0.094
768470400000,0.086
768474000000,0.099
768477600000,0.133
768481200000,0.133
768484800000,0.126
768488400000,0.121
768492000000,0.111
768495600000,0.092
768499200000,0.07
768502800000,0.055
768506400000,0.044
768510000000,0.036
768513600000,0.033
768517200000,0.034
768520800000,0.026
768524400000,0.029
768528000000,0.031
768531600000,0.033
768535200000,0.025
768538800000,0.015
768542400000,0.009
768546000000,0.007
768549600000,0.007
768553200000,0.01
768556800000,0.017
768560400000,0.048
768564000000,0.112
768567600000,0.146
768571200000,0.147
768574800000,0.127
768578400000,0.112
768582000000,0.113
768585600000,0.127
768589200000,0.144
768592800000,0.168
768596400000,0.187
768600000000,0.192
768603600000,0.174
768607200000,0.103
768610800000,0.098
768614400000,0.086
768618000000,0.078
768621600000,0.076
768625200000,0.078
768628800000,0.077
768632400000,0.073
768636000000,0.076
768639600000,0.093
768643200000,0.122
768646800000,0.172
768650400000,0.22
768654000000,0.193
768657600000,0.172
768661200000,0.162
768664800000,0.145
768668400000,0.127
768672000000,0.118
768675600000,0.133
768679200000,0.156
768682800000,0.167
768686400000,0.163
768690000000,0.133
768693600000,0.069
768697200000,0.039
768700800000,0.017
768704400000,0.006
768708000000,0.004
768711600000,0.008
768715200000,0.019
768718800000,0.029
768722400000,0.041
768726000000,0.057
768729600000,0.074
768733200000,0.136
768736800000,0.227
768740400000,0.224
768744000000,0.196
768747600000,0.17
768751200000,0.148
768754800000,0.118
768758400000,0.096
768762000000,0.07
768765600000,0.052
768769200000,0.045
768772800000,0.042
768776400000,0.027
768780000000,0.007
768783600000,0.002
768787200000,0.0
768790800000,0.0
768794400000,0.0
768798000000,0.0
768801600000,0.0
768805200000,0.0
768808800000,0.0
768812400000,0.0
768816000000,0.003
768819600000,0.007
768823200000,0.016
768826800000,0.018
768830400000,0.022
768834000000,0.031
768837600000,0.037
768841200000,0.034
768844800000,0.027
768848400000,0.02
768852000000,0.016
768855600000,0.012
768859200000,0.008
768862800000,0.004
768866400000,0.001
768870000000,0.0
768873600000,0.0
768877200000,0.0
768880800000,0.0
768884400000,0.0
768888000000,0.0
768891600000,0.0
768895200000,0.001
768898800000,0.002
768902400000,0.002
768906000000,0.001
768909600000,0.001
768913200000,0.0
768916800000,0.0
768920400000,0.0
768924000000,0.0
768927600000,0.0
768931200000,0.0
768934800000,0.0
768938400000,0.002
768942000000,0.005
768945600000,0.011
768949200000,0.018
768952800000,0.022
768956400000,0.033
768960000000,0.036
768963600000,0.034
768967200000,0.028
768970800000,0.023
768974400000,0.023
768978000000,0.026
768981600000,0.03
768985200000,0.035
768988800000,0.028
768992400000,0.02
768996000000,0.018
768999600000,0.015
769003200000,0.013
769006800000,0.012
769010400000,0.012
769014000000,0.014
769017600000,0.018
769021200000,0.025
769024800000,0.031
769028400000,0.034
769032000000,0.035
769035600000,0.038
769039200000,0.031
769042800000,0.027
769046400000,0.014
769050000000,0.006
769053600000,0.003
769057200000,0.001
769060800000,0.0
769064400000,0.0
769068000000,0.001
769071600000,0.001
769075200000,0.001
769078800000,0.0
769082400000,0.0
769086000000,0.0
769089600000,0.0
769093200000,0.0
769096800000,0.001
769100400000,0.001
769104000000,0.002
769107600000,0.008
769111200000,0.025
769114800000,0.038
769118400000,0.037
769122000000,0.035
769125600000,0.026
769129200000,0.008
769132800000,0.001
769136400000,0.002
769140000000,0.009
769143600000,0.017
769147200000,0.019
769150800000,0.02
769154400000,0.018
769158000000,0.012
769161600000,0.006
769165200000,0.002
769168800000,0.0
769172400000,0.0
769176000000,0.001
769179600000,0.002
769183200000,0.003
769186800000,0.003
769190400000,0.002
769194000000,0.002
769197600000,0.004
769201200000,0.009
769204800000,0.025
769208400000,0.049
769212000000,0.048
769215600000,0.042
769219200000,0.052
769222800000,0.052
769226400000,0.038
769230000000,0.021
769233600000,0.01
769237200000,0.003
769240800000,0.001
769244400000,0.0
769248000000,0.0
769251600000,0.0
769255200000,0.0
769258800000,0.001
769262400000,0.004
769266000000,0.012
769269600000,0.025
769273200000,0.044
769276800000,0.055
769280400000,0.049
769284000000,0.038
769287600000,0.031
769291200000,0.033
769294800000,0.038
769298400000,0.036
769302000000,0.047
769305600000,0.057
769309200000,0.064
769312800000,0.068
769316400000,0.078
769320000000,0.086
769323600000,0.084
769327200000,0.073
769330800000,0.061
769334400000,0.06
769338000000,0.086
769341600000,0.121
769345200000,0.138
769348800000,0.141
769352400000,0.144
769356000000,0.142
769359600000,0.124
769363200000,0.102
769366800000,0.084
769370400000,0.064
769374000000,0.047
769377600000,0.035
769381200000,0.029
769384800000,0.018
769388400000,0.015
769392000000,0.025
769395600000,0.045
769399200000,0.069
769402800000,0.08
769406400000,0.078
769410000000,0.077
769413600000,0.08
769417200000,0.082
769420800000,0.084
769424400000,0.118
769428000000,0.172
769431600000,0.193
769435200000,0.204
769438800000,0.201
769442400000,0.194
769446000000,0.178
769449600000,0.148
769453200000,0.118
769456800000,0.096
769460400000,0.087
769464000000,0.094
769467600000,0.123
769471200000,0.137
769474800000,0.172
769478400000,0.199
769482000000,0.176
769485600000,0.137
769489200000,0.111
769492800000,0.099
769496400000,0.098
769500000000,0.105
769503600000,0.111
769507200000,0.107
769510800000,0.114
769514400000,0.132
769518000000,0.131
769521600000,0.13
769525200000,0.131
769528800000,0.133
769532400000,0.132
769536000000,0.132
769539600000,0.136
769543200000,0.14
769546800000,0.129
769550400000,0.12
769554000000,0.118
769557600000,0.079
769561200000,0.058
769564800000,0.04
769568400000,0.028
769572000000,0.022
769575600000,0.024
769579200000,0.034
769582800000,0.045
769586400000,0.054
769590000000,0.063
769593600000,0.065
769597200000,0.081
769600800000,0.112
769604400000,0.11
769608000000,0.099
769611600000,0.093
769615200000,0.097
769618800000,0.104
769622400000,0.109
769626000000,0.121
769629600000,0.136
769633200000,0.141
769636800000,0.14
769640400000,0.152
769644000000,0.154
769647600000,0.165
769651200000,0.193
769654800000,0.231
769658400000,0.25
769662000000,0.226
769665600000,0.181
769669200000,0.136
769672800000,0.106
769676400000,0.082
769680000000,0.061
769683600000,0.066
769687200000,0.101
769690800000,0.119
769694400000,0.118
769698000000,0.122
769701600000,0.13
769705200000,0.112
769708800000,0.07
769712400000,0.059
769716000000,0.081
769719600000,0.068
769723200000,0.072
769726800000,0.153
769730400000,0.218
769734000000,0.268
769737600000,0.366
769741200000,0.47
769744800000,0.556
769748400000,0.552
769752000000,0.459
769755600000,0.361
769759200000,0.277
769762800000,0.245
769766400000,0.206
769770000000,0.098
769773600000,0.259
769777200000,0.582
769780800000,0.72
769784400000,0.753
769788000000,0.743
769791600000,0.687
769795200000,0.644
769798800000,0.555
769802400000,0.646
769806000000,0.727
769809600000,0.73
769813200000,0.654
769816800000,0.59
769820400000,0.523
769824000000,0.484
769827600000,0.476
769831200000,0.457
769834800000,0.457
769838400000,0.422
769842000000,0.364
769845600000,0.291
769849200000,0.227
769852800000,0.201
769856400000,0.245
769860000000,0.29
769863600000,0.302
769867200000,0.32
769870800000,0.354
769874400000,0.391
769878000000,0.401
769881600000,0.416
769885200000,0.432
769888800000,0.422
769892400000,0.422
769896000000,0.425
769899600000,0.41
769903200000,0.343
769906800000,0.347
769910400000,0.405
769914000000,0.39
769917600000,0.344
769921200000,0.318
769924800000,0.285
769928400000,0.249
769932000000,0.209
769935600000,0.171
769939200000,0.137
769942800000,0.121
769946400000,0.117
769950000000,0.114
769953600000,0.118
769957200000,0.119
769960800000,0.113
769964400000,0.097
769968000000,0.081
769971600000,0.074
769975200000,0.073
769978800000,0.068
769982400000,0.064
769986000000,0.059
769989600000,0.035
769993200000,0.028
769996800000,0.025
770000400000,0.025
770004000000,0.022
770007600000,0.022
770011200000,0.021
770014800000,0.021
770018400000,0.024
770022000000,0.029
770025600000,0.046
770029200000,0.067
770032800000,0.102
770036400000,0.139
770040000000,0.176
770043600000,0.196
770047200000,0.204
770050800000,0.206
770054400000,0.2
770058000000,0.192
770061600000,0.196
770065200000,0.2
770068800000,0.198
770072400000,0.182
770076000000,0.116
770079600000,0.078
770083200000,0.078
770086800000,0.064
770090400000,0.051
770094000000,0.05
770097600000,0.058
770101200000,0.064
770104800000,0.07
770108400000,0.078
770112000000,0.089
770115600000,0.118
770119200000,0.188
770122800000,0.205
770126400000,0.189
770130000000,0.179
770133600000,0.17
770137200000,0.157
770140800000,0.138
770144400000,0.115
770148000000,0.096
770151600000,0.085
770155200000,0.081
770158800000,0.072
770162400000,0.039
770166000000,0.036
770169600000,0.037
770173200000,0.038
770176800000,0.041
770180400000,0.048
770184000000,0.057
770187600000,0.061
770191200000,0.068
770194800000,0.082
770198400000,0.102
770202000000,0.145
770205600000,0.204
770209200000,0.182
770212800000,0.144
770216400000,0.117
770220000000,0.09
770223600000,0.068
770227200000,0.055
770230800000,0.051
770234400000,0.058
770238000000,0.071
770241600000,0.088
770245200000,0.087
770248800000,0.042
770252400000,0.027
770256000000,0.019
770259600000,0.011
770263200000,0.005
770266800000,0.003
770270400000,0.004
770274000000,0.008
770277600000,0.011
770281200000,0.016
770284800000,0.026
770288400000,0.054
770292000000,0.077
770295600000,0.064
770299200000,0.04
770302800000,0.035
770306400000,0.042
770310000000,0.048
770313600000,0.049
770317200000,0.054
770320800000,0.06
770324400000,0.069
770328000000,0.078
770331600000,0.084
770335200000,0.057
770338800000,0.051
770342400000,0.053
770346000000,0.05
770349600000,0.05
770353200000,0.054
770356800000,0.059
770360400000,0.061
770364000000,0.057
770367600000,0.05
770371200000,0.051
770374800000,0.056
770378400000,0.064
770382000000,0.065
770385600000,0.068
770389200000,0.067
770392800000,0.065
770396400000,0.067
770400000000,0.07
770403600000,0.074
770407200000,0.077
770410800000,0.084
770414400000,0.086
770418000000,0.087
770421600000,0.059
770425200000,0.053
770428800000,0.052
770432400000,0.05
770436000000,0.048
770439600000,0.045
770443200000,0.039
770446800000,0.031
770450400000,0.023
770454000000,0.017
770457600000,0.021
770461200000,0.048
770464800000,0.094
770468400000,0.111
770472000000,0.106
770475600000,0.101
770479200000,0.096
770482800000,0.087
770486400000,0.076
770490000000,0.072
770493600000,0.076
770497200000,0.079
770500800000,0.078
770504400000,0.085
770508000000,0.068
770511600000,0.068
770515200000,0.068
770518800000,0.069
770522400000,0.075
770526000000,0.079
770529600000,0.074
770533200000,0.068
770536800000,0.061
770540400000,0.057
770544000000,0.058
770547600000,0.059
770551200000,0.064
770554800000,0.065
770558400000,0.063
770562000000,0.05
770565600000,0.029
770569200000,0.012
770572800000,0.006
770576400000,0.006
770580000000,0.007
770583600000,0.014
770587200000,0.051
770590800000,0.124
770594400000,0.115
770598000000,0.093
770601600000,0.082
770605200000,0.062
770608800000,0.049
770612400000,0.048
770616000000,0.065
770619600000,0.101
770623200000,0.126
770626800000,0.119
770630400000,0.097
770634000000,0.078
770637600000,0.088
770641200000,0.093
770644800000,0.085
770648400000,0.074
770652000000,0.07
770655600000,0.071
770659200000,0.091
770662800000,0.145
770666400000,0.187
770670000000,0.224
770673600000,0.266
770677200000,0.279
770680800000,0.223
770684400000,0.15
770688000000,0.1
770691600000,0.072
770695200000,0.052
770698800000,0.041
770702400000,0.032
770706000000,0.021
770709600000,0.011
770713200000,0.007
770716800000,0.011
770720400000,0.021
770724000000,0.045
770727600000,0.08
770731200000,0.118
770734800000,0.145
770738400000,0.168
770742000000,0.179
770745600000,0.179
770749200000,0.181
770752800000,0.179
770756400000,0.183
770760000000,0.195
770763600000,0.201
770767200000,0.158
770770800000,0.149
770774400000,0.155
770778000000,0.149
770781600000,0.145
770785200000,0.154
770788800000,0.179
770792400000,0.214
770796000000,0.25
770799600000,0.259
770803200000,0.265
770806800000,0.291
770810400000,0.309
770814000000,0.309
770817600000,0.308
770821200000,0.303
770824800000,0.292
770828400000,0.286
770832000000,0.279
770835600000,0.272
770839200000,0.274
770842800000,0.28
770846400000,0.293
770850000000,0.289
770853600000,0.223
770857200000,0.249
770860800000,0.321
770864400000,0.361
770868000000,0.401
770871600000,0.444
770875200000,0.476
770878800000,0.476
770882400000,0.459
770886000000,0.428
770889600000,0.369
770893200000,0.305
770896800000,0.309
770900400000,0.313
770904000000,0.346
770907600000,0.372
770911200000,0.422
770914800000,0.454
770918400000,0.442
770922000000,0.425
770925600000,0.401
770929200000,0.376
770932800000,0.367
770936400000,0.361
770940000000,0.31
770943600000,0.332
770947200000,0.463
770950800000,0.55
770954400000,0.583
770958000000,0.592
770961600000,0.584
770965200000,0.574
770968800000,0.556
770972400000,0.494
770976000000,0.411
770979600000,0.367
770983200000,0.399
770986800000,0.401
770990400000,0.42
770994000000,0.438
770997600000,0.448
771001200000,0.413
771004800000,0.395
771008400000,0.39
771012000000,0.398
771015600000,0.403
771019200000,0.391
771022800000,0.357
771026400000,0.273
771030000000,0.28
771033600000,0.334
771037200000,0.342
771040800000,0.337
771044400000,0.322
771048000000,0.289
771051600000,0.252
771055200000,0.216
771058800000,0.172
771062400000,0.141
771066000000,0.155
771069600000,0.183
771073200000,0.196
771076800000,0.211
771080400000,0.248
771084000000,0.285
771087600000,0.27
771091200000,0.208
771094800000,0.177
771098400000,0.192
771102000000,0.206
771105600000,0.208
771109200000,0.191
771112800000,0.133
771116400000,0.1
771120000000,0.096
771123600000,0.069
771127200000,0.025
771130800000,0.01
771134400000,0.009
771138000000,0.015
771141600000,0.03
771145200000,0.048
771148800000,0.064
771152400000,0.084
771156000000,0.119
771159600000,0.134
771163200000,0.127
771166800000,0.107
771170400000,0.084
771174000000,0.062
771177600000,0.045
771181200000,0.037
771184800000,0.036
771188400000,0.038
771192000000,0.042
771195600000,0.042
771199200000,0.026
771202800000,0.021
771206400000,0.015
771210000000,0.011
771213600000,0.01
771217200000,0.017
771220800000,0.035
771224400000,0.059
771228000000,0.079
771231600000,0.079
771235200000,0.072
771238800000,0.089
771242400000,0.127
771246000000,0.147
771249600000,0.146
771253200000,0.14
771256800000,0.141
771260400000,0.141
771264000000,0.138
771267600000,0.14
771271200000,0.138
771274800000,0.132
771278400000,0.122
771282000000,0.104
771285600000,0.06
771289200000,0.052
771292800000,0.047
771296400000,0.043
771300000000,0.041
771303600000,0.038
771307200000,0.041
771310800000,0.048
771314400000,0.053
771318000000,0.055
771321600000,0.058
771325200000,0.079
771328800000,0.118
771332400000,0.133
771336000000,0.137
771339600000,0.135
771343200000,0.138
771346800000,0.142
771350400000,0.136
771354000000,0.121
771357600000,0.113
771361200000,0.117
771364800000,0.128
771368400000,0.148
771372000000,0.145
771375600000,0.139
771379200000,0.197
771382800000,0.239
771386400000,0.251
771390000000,0.251
771393600000,0.244
771397200000,0.23
771400800000,0.214
771404400000,0.194
771408000000,0.183
771411600000,0.171
771415200000,0.148
771418800000,0.112
771422400000,0.076
771426000000,0.054
771429600000,0.037
771433200000,0.037
771436800000,0.054
771440400000,0.084
771444000000,0.136
771447600000,0.188
771451200000,0.211
771454800000,0.201
771458400000,0.151
771462000000,0.135
771465600000,0.151
771469200000,0.149
771472800000,0.133
771476400000,0.133
771480000000,0.141
771483600000,0.153
771487200000,0.157
771490800000,0.155
771494400000,0.141
771498000000,0.152
771501600000,0.175
771505200000,0.176
771508800000,0.167
771512400000,0.149
771516000000,0.128
771519600000,0.115
771523200000,0.111
771526800000,0.106
771530400000,0.103
771534000000,0.111
771537600000,0.133
771541200000,0.148
771544800000,0.103
771548400000,0.076
771552000000,0.048
771555600000,0.026
771559200000,0.012
771562800000,0.01
771566400000,0.014
771570000000,0.017
771573600000,0.019
771577200000,0.021
771580800000,0.026
771584400000,0.046
771588000000,0.094
771591600000,0.138
771595200000,0.153
771598800000,0.142
771602400000,0.122
771606000000,0.104
771609600000,0.094
771613200000,0.085
771616800000,0.076
771620400000,0.068
771624000000,0.06
771627600000,0.049
771631200000,0.027
771634800000,0.021
771638400000,0.014
771642000000,0.012
771645600000,0.01
771649200000,0.011
771652800000,0.015
771656400000,0.019
771660000000,0.023
771663600000,0.03
771667200000,0.047
771670800000,0.073
771674400000,0.118
771678000000,0.145
771681600000,0.145
771685200000,0.118
771688800000,0.084
771692400000,0.056
771696000000,0.038
771699600000,0.03
771703200000,0.026
771706800000,0.028
771710400000,0.037
771714000000,0.05
771717600000,0.037
771721200000,0.042
771724800000,0.049
771728400000,0.059
771732000000,0.065
771735600000,0.072
771739200000,0.074
771742800000,0.074
771746400000,0.079
771750000000,0.088
771753600000,0.105
771757200000,0.121
771760800000,0.132
771764400000,0.123
771768000000,0.104
771771600000,0.08
771775200000,0.054
771778800000,0.034
771782400000,0.019
771786000000,0.011
771789600000,0.008
771793200000,0.011
771796800000,0.019
771800400000,0.024
771804000000,0.011
771807600000,0.007
771811200000,0.006
771814800000,0.006
771818400000,0.006
771822000000,0.008
771825600000,0.011
771829200000,0.012
771832800000,0.008
771836400000,0.003
771840000000,0.001
771843600000,0.0
771847200000,0.0
771850800000,0.001
771854400000,0.006
771858000000,0.01
771861600000,0.003
771865200000,0.0
771868800000,0.001
771872400000,0.005
771876000000,0.013
771879600000,0.024
771883200000,0.034
771886800000,0.037
771890400000,0.026
771894000000,0.015
771897600000,0.009
771901200000,0.005
771904800000,0.002
771908400000,0.001
771912000000,0.0
771915600000,0.0
771919200000,0.0
771922800000,0.0
771926400000,0.0
771930000000,0.001
771933600000,0.002
771937200000,0.002
771940800000,0.005
771944400000,0.007
771948000000,0.008
771951600000,0.008
771955200000,0.006
771958800000,0.003
771962400000,0.001
771966000000,0.0
771969600000,0.0
771973200000,0.0
771976800000,0.0
771980400000,0.003
771984000000,0.008
771987600000,0.007
771991200000,0.003
771994800000,0.001
771998400000,0.001
772002000000,0.001
772005600000,0.004
772009200000,0.003
772012800000,0.004
772016400000,0.014
772020000000,0.041
772023600000,0.071
772027200000,0.102
772030800000,0.092
772034400000,0.036
772038000000,0.005
772041600000,0.006
772045200000,0.038
772048800000,0.088
772052400000,0.139
772056000000,0.179
772059600000,0.183
772063200000,0.128
772066800000,0.112
772070400000,0.08
772074000000,0.067
772077600000,0.071
772081200000,0.088
772084800000,0.085
772088400000,0.067
772092000000,0.056
772095600000,0.063
772099200000,0.088
772102800000,0.118
772106400000,0.12
772110000000,0.112
772113600000,0.167
772117200000,0.202
772120800000,0.189
772124400000,0.184
772128000000,0.205
772131600000,0.224
772135200000,0.236
772138800000,0.238
772142400000,0.227
772146000000,0.212
772149600000,0.163
772153200000,0.151
772156800000,0.163
772160400000,0.158
772164000000,0.138
772167600000,0.114
772171200000,0.098
772174800000,0.089
772178400000,0.076
772182000000,0.06
772185600000,0.049
772189200000,0.065
772192800000,0.092
772196400000,0.103
772200000000,0.101
772203600000,0.09
772207200000,0.084
772210800000,0.077
772214400000,0.062
772218000000,0.046
772221600000,0.041
772225200000,0.061
772228800000,0.097
772232400000,0.115
772236000000,0.071
772239600000,0.07
772243200000,0.073
772246800000,0.085
772250400000,0.108
772254000000,0.177
772257600000,0.325
772261200000,0.482
772264800000,0.559
772268400000,0.61
772272000000,0.644
772275600000,0.679
772279200000,0.852
772282800000,0.876
772286400000,0.829
772290000000,0.842
772293600000,0.856
772297200000,0.819
772300800000,0.722
772304400000,0.579
772308000000,0.461
772311600000,0.419
772315200000,0.339
772318800000,0.294
772322400000,0.216
772326000000,0.178
772329600000,0.179
772333200000,0.171
772336800000,0.149
772340400000,0.122
772344000000,0.077
772347600000,0.058
772351200000,0.054
772354800000,0.047
772358400000,0.042
772362000000,0.048
772365600000,0.051
772369200000,0.046
772372800000,0.062
772376400000,0.082
772380000000,0.083
772383600000,0.065
772387200000,0.05
772390800000,0.05
772394400000,0.059
772398000000,0.064
772401600000,0.055
772405200000,0.021
772408800000,0.001
772412400000,0.0
772416000000,0.0
772419600000,0.0
772423200000,0.003
772426800000,0.011
772430400000,0.02
772434000000,0.031
772437600000,0.043
772441200000,0.05
772444800000,0.058
772448400000,0.071
772452000000,0.09
772455600000,0.096
772459200000,0.101
772462800000,0.102
772466400000,0.099
772470000000,0.103
772473600000,0.121
772477200000,0.152
772480800000,0.191
772484400000,0.228
772488000000,0.245
772491600000,0.217
772495200000,0.169
772498800000,0.151
772502400000,0.176
772506000000,0.204
772509600000,0.261
772513200000,0.362
772516800000,0.41
772520400000,0.436
772524000000,0.413
772527600000,0.362
772531200000,0.322
772534800000,0.34
772538400000,0.369
772542000000,0.403
772545600000,0.47
772549200000,0.513
772552800000,0.45
772556400000,0.364
772560000000,0.337
772563600000,0.291
772567200000,0.644
772570800000,0.811
772574400000,0.829
772578000000,0.82
772581600000,0.751
772585200000,0.645
772588800000,0.523
772592400000,0.451
772596000000,0.383
772599600000,0.361
772603200000,0.386
772606800000,0.4
772610400000,0.404
772614000000,0.421
772617600000,0.403
772621200000,0.376
772624800000,0.397
772628400000,0.397
772632000000,0.382
772635600000,0.338
772639200000,0.281
772642800000,0.239
772646400000,0.188
772650000000,0.163
772653600000,0.154
772657200000,0.155
772660800000,0.168
772664400000,0.17
772668000000,0.146
772671600000,0.132
772675200000,0.162
772678800000,0.198
772682400000,0.209
772686000000,0.211
772689600000,0.211
772693200000,0.227
772696800000,0.27
772700400000,0.297
772704000000,0.279
772707600000,0.265
772711200000,0.276
772714800000,0.281
772718400000,0.297
772722000000,0.332
772725600000,0.364
772729200000,0.37
772732800000,0.348
772736400000,0.317
772740000000,0.292
772743600000,0.278
772747200000,0.278
772750800000,0.276
772754400000,0.207
772758000000,0.179
772761600000,0.211
772765200000,0.219
772768800000,0.219
772772400000,0.207
772776000000,0.188
772779600000,0.167
772783200000,0.147
772786800000,0.136
772790400000,0.13
772794000000,0.144
772797600000,0.182
772801200000,0.197
772804800000,0.203
772808400000,0.203
772812000000,0.193
772815600000,0.184
772819200000,0.195
772822800000,0.229
772826400000,0.249
772830000000,0.232
772833600000,0.204
772837200000,0.179
772840800000,0.112
772844400000,0.094
772848000000,0.086
772851600000,0.076
772855200000,0.059
772858800000,0.035
772862400000,0.02
772866000000,0.016
772869600000,0.018
772873200000,0.026
772876800000,0.036
772880400000,0.059
772884000000,0.105
772887600000,0.133
772891200000,0.136
772894800000,0.125
772898400000,0.104
772902000000,0.076
772905600000,0.054
772909200000,0.041
772912800000,0.034
772916400000,0.035
772920000000,0.046
772923600000,0.055
772927200000,0.04
772930800000,0.019
772934400000,0.003
772938000000,0.0
772941600000,0.0
772945200000,0.0
772948800000,0.0
772952400000,0.0
772956000000,0.001
772959600000,0.003
772963200000,0.003
772966800000,0.001
772970400000,0.0
772974000000,0.0
772977600000,0.0
772981200000,0.0
772984800000,0.0
772988400000,0.0
772992000000,0.0
772995600000,0.0
772999200000,0.0
773002800000,0.0
773006400000,0.0
773010000000,0.0
773013600000,0.0
773017200000,0.001
773020800000,0.009
773024400000,0.024
773028000000,0.034
773031600000,0.035
773035200000,0.033
773038800000,0.015
773042400000,0.05
773046000000,0.085
773049600000,0.113
773053200000,0.112
773056800000,0.123
773060400000,0.103
773064000000,0.065
773067600000,0.04
773071200000,0.034
773074800000,0.03
773078400000,0.035
773082000000,0.059
773085600000,0.101
773089200000,0.145
773092800000,0.181
773096400000,0.208
773100000000,0.189
773103600000,0.225
773107200000,0.315
773110800000,0.358
773114400000,0.358
773118000000,0.344
773121600000,0.321
773125200000,0.272
773128800000,0.215
773132400000,0.144
773136000000,0.093
773139600000,0.079
773143200000,0.084
773146800000,0.07
773150400000,0.062
773154000000,0.075
773157600000,0.1
773161200000,0.118
773164800000,0.119
773168400000,0.114
773172000000,0.101
773175600000,0.08
773179200000,0.061
773182800000,0.061
773186400000,0.058
773190000000,0.057
773193600000,0.077
773197200000,0.111
773200800000,0.134
773204400000,0.145
773208000000,0.136
773211600000,0.123
773215200000,0.112
773218800000,0.094
773222400000,0.064
773226000000,0.048
773229600000,0.038
773233200000,0.02
773236800000,0.009
773240400000,0.005
773244000000,0.005
773247600000,0.006
773251200000,0.008
773254800000,0.009
773258400000,0.008
773262000000,0.005
773265600000,0.003
773269200000,0.001
773272800000,0.0
773276400000,0.0
773280000000,0.0
773283600000,0.0
773287200000,0.0
773290800000,0.0
773294400000,0.002
773298000000,0.007
773301600000,0.009
773305200000,0.006
773308800000,0.006
773312400000,0.01
773316000000,0.017
773319600000,0.022
773323200000,0.03
773326800000,0.048
773330400000,0.085
773334000000,0.119
773337600000,0.133
773341200000,0.127
773344800000,0.12
773348400000,0.135
773352000000,0.175
773355600000,0.22
773359200000,0.221
773362800000,0.198
773366400000,0.231
773370000000,0.265
773373600000,0.307
773377200000,0.296
773380800000,0.269
773384400000,0.259
773388000000,0.268
773391600000,0.27
773395200000,0.289
773398800000,0.288
773402400000,0.291
773406000000,0.305
773409600000,0.332
773413200000,0.362
773416800000,0.404
773420400000,0.503
773424000000,0.572
773427600000,0.561
773431200000,0.574
773434800000,0.615
773438400000,0.66
773442000000,0.668
773445600000,0.601
773449200000,0.581
773452800000,0.622
773456400000,0.697
773460000000,0.715
773463600000,0.695
773467200000,0.726
773470800000,0.722
773474400000,0.68
773478000000,0.619
773481600000,0.568
773485200000,0.511
773488800000,0.505
773492400000,0.489
773496000000,0.513
773499600000,0.538
773503200000,0.569
773506800000,0.574
773510400000,0.556
773514000000,0.538
773517600000,0.525
773521200000,0.531
773524800000,0.545
773528400000,0.601
773532000000,0.635
773535600000,0.614
773539200000,0.645
773542800000,0.722
773546400000,0.774
773550000000,0.82
773553600000,0.837
773557200000,0.834
773560800000,0.809
773564400000,0.777
773568000000,0.754
773571600000,0.712
773575200000,0.673
773578800000,0.635
773582400000,0.59
773586000000,0.547
773589600000,0.506
773593200000,0.47
773596800000,0.466
773600400000,0.467
773604000000,0.448
773607600000,0.432
773611200000,0.438
773614800000,0.466
773618400000,0.432
773622000000,0.497
773625600000,0.625
773629200000,0.723
773632800000,0.801
773636400000,0.829
773640000000,0.822
773643600000,0.801
773647200000,0.799
773650800000,0.802
773654400000,0.802
773658000000,0.793
773661600000,0.762
773665200000,0.718
773668800000,0.65
773672400000,0.59
773676000000,0.601
773679600000,0.775
773683200000,0.898
773686800000,0.93
773690400000,0.935
773694000000,0.939
773697600000,0.933
773701200000,0.906
773704800000,0.87
773708400000,0.866
773712000000,0.866
773715600000,0.882
773719200000,0.894
773722800000,0.913
773726400000,0.927
773730000000,0.931
773733600000,0.91
773737200000,0.885
773740800000,0.882
773744400000,0.884
773748000000,0.883
773751600000,0.884
773755200000,0.886
773758800000,0.887
773762400000,0.897
773766000000,0.881
773769600000,0.871
773773200000,0.865
773776800000,0.862
773780400000,0.834
773784000000,0.772
773787600000,0.724
773791200000,0.674
773794800000,0.676
773798400000,0.725
773802000000,0.75
773805600000,0.76
773809200000,0.774
773812800000,0.777
773816400000,0.753
773820000000,0.726
773823600000,0.692
773827200000,0.644
773830800000,0.634
773834400000,0.649
773838000000,0.65
773841600000,0.653
773845200000,0.648
773848800000,0.633
773852400000,0.623
773856000000,0.606
773859600000,0.588
773863200000,0.539
773866800000,0.486
773870400000,0.422
773874000000,0.374
773877600000,0.302
773881200000,0.32
773884800000,0.4
773888400000,0.413
773892000000,0.384
773895600000,0.3
773899200000,0.227
773902800000,0.168
773906400000,0.12
773910000000,0.08
773913600000,0.05
773917200000,0.053
773920800000,0.073
773924400000,0.079
773928000000,0.056
773931600000,0.041
773935200000,0.061
773938800000,0.08
773942400000,0.083
773946000000,0.072
773949600000,0.054
773953200000,0.032
773956800000,0.014
773960400000,0.005
773964000000,0.002
773967600000,0.0
773971200000,0.0
773974800000,0.0
773978400000,0.0
773982000000,0.003
773985600000,0.01
773989200000,0.024
773992800000,0.045
773996400000,0.069
774000000000,0.084
774003600000,0.093
774007200000,0.112
774010800000,0.107
774014400000,0.1
774018000000,0.085
774021600000,0.073
774025200000,0.07
774028800000,0.074
774032400000,0.085
774036000000,0.101
774039600000,0.111
774043200000,0.11
774046800000,0.104
774050400000,0.077
774054000000,0.08
774057600000,0.084
774061200000,0.102
774064800000,0.138
774068400000,0.175
774072000000,0.199
774075600000,0.21
774079200000,0.21
774082800000,0.197
774086400000,0.155
774090000000,0.09
774093600000,0.051
774097200000,0.05
774100800000,0.074
774104400000,0.112
774108000000,0.152
774111600000,0.116
774115200000,0.063
774118800000,0.038
774122400000,0.029
774126000000,0.031
774129600000,0.036
774133200000,0.039
774136800000,0.036
774140400000,0.046
774144000000,0.078
774147600000,0.125
774151200000,0.167
774154800000,0.199
774158400000,0.223
774162000000,0.232
774165600000,0.24
774169200000,0.223
774172800000,0.193
774176400000,0.207
774180000000,0.24
774183600000,0.265
774187200000,0.294
774190800000,0.326
774194400000,0.32
774198000000,0.286
774201600000,0.274
774205200000,0.259
774208800000,0.259
774212400000,0.279
774216000000,0.307
774219600000,0.332
774223200000,0.323
774226800000,0.414
774230400000,0.498
774234000000,0.544
774237600000,0.562
774241200000,0.616
774244800000,0.7
774248400000,0.762
774252000000,0.779
774255600000,0.751
774259200000,0.687
774262800000,0.652
774266400000,0.599
774270000000,0.557
774273600000,0.561
774277200000,0.59
774280800000,0.636
774284400000,0.648
774288000000,0.633
774291600000,0.633
774295200000,0.63
774298800000,0.627
774302400000,0.61
774306000000,0.566
774309600000,0.54
774313200000,0.589
774316800000,0.698
774320400000,0.757
774324000000,0.798
774327600000,0.831
774331200000,0.861
774334800000,0.865
774338400000,0.831
774342000000,0.772
774345600000,0.711
774349200000,0.681
774352800000,0.703
774356400000,0.734
774360000000,0.724
774363600000,0.743
774367200000,0.724
774370800000,0.706
774374400000,0.687
774378000000,0.672
774381600000,0.649
774385200000,0.603
774388800000,0.545
774392400000,0.547
774396000000,0.498
774399600000,0.578
774403200000,0.668
774406800000,0.701
774410400000,0.714
774414000000,0.71
774417600000,0.695
774421200000,0.663
774424800000,0.604
774428400000,0.501
774432000000,0.395
774435600000,0.338
774439200000,0.337
774442800000,0.332
774446400000,0.343
774450000000,0.362
774453600000,0.379
774457200000,0.383
774460800000,0.383
774464400000,0.39
774468000000,0.4
774471600000,0.414
774475200000,0.427
774478800000,0.401
774482400000,0.297
774486000000,0.316
774489600000,0.355
774493200000,0.344
774496800000,0.317
774500400000,0.31
774504000000,0.309
774507600000,0.306
774511200000,0.303
774514800000,0.27
774518400000,0.227
774522000000,0.241
774525600000,0.257
774529200000,0.264
774532800000,0.274
774536400000,0.283
774540000000,0.303
774543600000,0.309
774547200000,0.308
774550800000,0.32
774554400000,0.337
774558000000,0.341
774561600000,0.329
774565200000,0.328
774568800000,0.276
774572400000,0.324
774576000000,0.462
774579600000,0.513
774583200000,0.54
774586800000,0.543
774590400000,0.558
774594000000,0.572
774597600000,0.55
774601200000,0.451
774604800000,0.358
774608400000,0.296
774612000000,0.282
774615600000,0.263
774619200000,0.267
774622800000,0.267
774626400000,0.27
774630000000,0.302
774633600000,0.326
774637200000,0.344
774640800000,0.36
774644400000,0.353
774648000000,0.337
774651600000,0.33
774655200000,0.256
774658800000,0.264
774662400000,0.301
774666000000,0.294
774669600000,0.272
774673200000,0.259
774676800000,0.265
774680400000,0.276
774684000000,0.268
774687600000,0.229
774691200000,0.186
774694800000,0.182
774698400000,0.2
774702000000,0.194
774705600000,0.186
774709200000,0.202
774712800000,0.234
774716400000,0.256
774720000000,0.27
774723600000,0.284
774727200000,0.296
774730800000,0.305
774734400000,0.297
774738000000,0.276
774741600000,0.206
774745200000,0.243
774748800000,0.256
774752400000,0.244
774756000000,0.249
774759600000,0.261
774763200000,0.264
774766800000,0.256
774770400000,0.236
774774000000,0.206
774777600000,0.187
774781200000,0.176
774784800000,0.167
774788400000,0.149
774792000000,0.133
774795600000,0.118
774799200000,0.111
774802800000,0.131
774806400000,0.179
774810000000,0.236
774813600000,0.3
774817200000,0.366
774820800000,0.406
774824400000,0.419
774828000000,0.358
774831600000,0.491
774835200000,0.565
774838800000,0.539
774842400000,0.479
774846000000,0.422
774849600000,0.382
774853200000,0.366
774856800000,0.352
774860400000,0.328
774864000000,0.288
774867600000,0.263
774871200000,0.263
774874800000,0.272
774878400000,0.291
774882000000,0.299
774885600000,0.305
774889200000,0.313
774892800000,0.348
774896400000,0.376
774900000000,0.391
774903600000,0.379
774907200000,0.367
774910800000,0.346
774914400000,0.264
774918000000,0.322
774921600000,0.368
774925200000,0.401
774928800000,0.423
774932400000,0.457
774936000000,0.498
774939600000,0.552
774943200000,0.59
774946800000,0.605
774950400000,0.555
774954000000,0.442
774957600000,0.399
774961200000,0.405
774964800000,0.435
774968400000,0.441
774972000000,0.464
774975600000,0.538
774979200000,0.586
774982800000,0.59
774986400000,0.568
774990000000,0.563
774993600000,0.541
774997200000,0.485
775000800000,0.422
775004400000,0.615
775008000000,0.697
775011600000,0.7
775015200000,0.682
775018800000,0.683
775022400000,0.703
775026000000,0.715
775029600000,0.691
775033200000,0.632
775036800000,0.526
775040400000,0.401
775044000000,0.376
775047600000,0.384
775051200000,0.414
775054800000,0.44
775058400000,0.449
775062000000,0.438
775065600000,0.456
775069200000,0.478
775072800000,0.503
775076400000,0.491
775080000000,0.464
775083600000,0.439
775087200000,0.394
775090800000,0.524
775094400000,0.603
775098000000,0.639
775101600000,0.665
775105200000,0.662
775108800000,0.667
775112400000,0.68
775116000000,0.668
775119600000,0.647
775123200000,0.61
775126800000,0.593
775130400000,0.627
775134000000,0.649
775137600000,0.665
775141200000,0.674
775144800000,0.685
775148400000,0.725
775152000000,0.763
775155600000,0.795
775159200000,0.817
775162800000,0.832
775166400000,0.84
775170000000,0.817
775173600000,0.743
775177200000,0.728
775180800000,0.782
775184400000,0.823
775188000000,0.823
775191600000,0.792
775195200000,0.732
775198800000,0.677
775202400000,0.611
775206000000,0.527
775209600000,0.469
775213200000,0.484
775216800000,0.562
775220400000,0.648
775224000000,0.77
775227600000,0.785
775231200000,0.789
775234800000,0.791
775238400000,0.81
775242000000,0.813
775245600000,0.82
775249200000,0.772
775252800000,0.758
775256400000,0.732
775260000000,0.693
775263600000,0.697
775267200000,0.77
775270800000,0.812
775274400000,0.796
775278000000,0.798
775281600000,0.845
775285200000,0.869
775288800000,0.846
775292400000,0.846
775296000000,0.897
775299600000,0.92
775303200000,0.874
775306800000,0.826
775310400000,0.795
775314000000,0.819
775317600000,0.814
775321200000,0.803
775324800000,0.798
775328400000,0.799
775332000000,0.804
775335600000,0.809
775339200000,0.809
775342800000,0.821
775346400000,0.804
775350000000,0.812
775353600000,0.837
775357200000,0.86
775360800000,0.879
775364400000,0.891
775368000000,0.896
775371600000,0.897
775375200000,0.888
775378800000,0.864
775382400000,0.825
775386000000,0.795
775389600000,0.769
775393200000,0.752
775396800000,0.785
775400400000,0.777
775404000000,0.772
775407600000,0.789
775411200000,0.805
775414800000,0.808
775418400000,0.794
775422000000,0.779
775425600000,0.763
775429200000,0.75
775432800000,0.714
775436400000,0.686
775440000000,0.701
775443600000,0.701
775447200000,0.712
775450800000,0.747
775454400000,0.803
775458000000,0.817
775461600000,0.788
775465200000,0.722
775468800000,0.655
775472400000,0.635
775476000000,0.644
775479600000,0.683
775483200000,0.708
775486800000,0.745
775490400000,0.77
775494000000,0.744
775497600000,0.724
775501200000,0.714
775504800000,0.704
775508400000,0.687
775512000000,0.657
775515600000,0.61
775519200000,0.535
775522800000,0.579
775526400000,0.672
775530000000,0.756
775533600000,0.791
775537200000,0.775
775540800000,0.727
775544400000,0.656
775548000000,0.541
775551600000,0.407
775555200000,0.291
775558800000,0.235
775562400000,0.243
775566000000,0.245
775569600000,0.272
775573200000,0.308
775576800000,0.338
775580400000,0.349
775584000000,0.351
775587600000,0.334
775591200000,0.314
775594800000,0.34
775598400000,0.369
775602000000,0.381
775605600000,0.328
775609200000,0.414
775612800000,0.541
775616400000,0.566
775620000000,0.532
775623600000,0.47
775627200000,0.422
775630800000,0.367
775634400000,0.289
775638000000,0.201
775641600000,0.144
775645200000,0.155
775648800000,0.184
775652400000,0.214
775656000000,0.25
775659600000,0.27
775663200000,0.289
775666800000,0.249
775670400000,0.201
775674000000,0.205
775677600000,0.208
775681200000,0.215
775684800000,0.211
775688400000,0.246
775692000000,0.253
775695600000,0.313
775699200000,0.434
775702800000,0.494
775706400000,0.523
775710000000,0.481
775713600000,0.407
775717200000,0.352
775720800000,0.294
775724400000,0.227
775728000000,0.148
775731600000,0.118
775735200000,0.122
775738800000,0.124
775742400000,0.138
775746000000,0.154
775749600000,0.169
775753200000,0.184
775756800000,0.201
775760400000,0.225
775764000000,0.251
775767600000,0.264
775771200000,0.256
775774800000,0.261
775778400000,0.226
775782000000,0.229
775785600000,0.348
775789200000,0.41
775792800000,0.432
775796400000,0.444
775800000000,0.438
775803600000,0.441
775807200000,0.435
775810800000,0.398
775814400000,0.31
775818000000,0.247
775821600000,0.247
775825200000,0.243
775828800000,0.244
775832400000,0.244
775836000000,0.253
775839600000,0.263
775843200000,0.28
775846800000,0.294
775850400000,0.291
775854000000,0.274
775857600000,0.266
775861200000,0.265
775864800000,0.217
775868400000,0.264
775872000000,0.379
775875600000,0.436
775879200000,0.454
775882800000,0.456
775886400000,0.432
775890000000,0.398
775893600000,0.346
775897200000,0.294
775900800000,0.221
775904400000,0.176
775908000000,0.169
775911600000,0.145
775915200000,0.115
775918800000,0.098
775922400000,0.104
775926000000,0.087
775929600000,0.058
775933200000,0.041
775936800000,0.03
775940400000,0.027
775944000000,0.025
775947600000,0.027
775951200000,0.028
775954800000,0.034
775958400000,0.053
775962000000,0.062
775965600000,0.063
775969200000,0.058
775972800000,0.053
775976400000,0.043
775980000000,0.038
775983600000,0.038
775987200000,0.037
775990800000,0.035
775994400000,0.029
775998000000,0.017
776001600000,0.011
776005200000,0.008
776008800000,0.007
776012400000,0.01
776016000000,0.018
776019600000,0.032
776023200000,0.048
776026800000,0.057
776030400000,0.059
776034000000,0.079
776037600000,0.082
776041200000,0.09
776044800000,0.15
776048400000,0.233
776052000000,0.374
776055600000,0.431
776059200000,0.413
776062800000,0.45
776066400000,0.488
776070000000,0.491
776073600000,0.502
776077200000,0.494
776080800000,0.466
776084400000,0.434
776088000000,0.425
776091600000,0.442
776095200000,0.475
776098800000,0.494
776102400000,0.538
776106000000,0.552
776109600000,0.523
776113200000,0.519
776116800000,0.521
776120400000,0.522
776124000000,0.459
776127600000,0.512
776131200000,0.632
776134800000,0.703
776138400000,0.727
776142000000,0.7
776145600000,0.683
776149200000,0.687
776152800000,0.652
776156400000,0.623
776160000000,0.637
776163600000,0.587
776167200000,0.494
776170800000,0.453
776174400000,0.433
776178000000,0.413
776181600000,0.395
776185200000,0.367
776188800000,0.349
776192400000,0.334
776196000000,0.313
776199600000,0.294
776203200000,0.293
776206800000,0.28
776210400000,0.201
776214000000,0.179
776217600000,0.172
776221200000,0.155
776224800000,0.146
776228400000,0.133
776232000000,0.118
776235600000,0.101
776239200000,0.083
776242800000,0.063
776246400000,0.057
776250000000,0.082
776253600000,0.112
776257200000,0.12
776260800000,0.144
776264400000,0.192
776268000000,0.259
776271600000,0.295
776275200000,0.291
776278800000,0.281
776282400000,0.281
776286000000,0.289
776289600000,0.282
776293200000,0.257
776296800000,0.183
776300400000,0.201
776304000000,0.201
776307600000,0.164
776311200000,0.118
776314800000,0.083
776318400000,0.059
776322000000,0.04
776325600000,0.027
776329200000,0.019
776332800000,0.014
776336400000,0.01
776340000000,0.005
776343600000,0.005
776347200000,0.008
776350800000,0.007
776354400000,0.003
776358000000,0.001
776361600000,0.001
776365200000,0.002
776368800000,0.008
776372400000,0.026
776376000000,0.046
776379600000,0.06
776383200000,0.055
776386800000,0.041
776390400000,0.045
776394000000,0.04
776397600000,0.029
776401200000,0.018
776404800000,0.009
776408400000,0.005
776412000000,0.004
776415600000,0.003
776419200000,0.002
776422800000,0.002
776426400000,0.001
776430000000,0.001
776433600000,0.0
776437200000,0.001
776440800000,0.0
776444400000,0.0
776448000000,0.0
776451600000,0.001
776455200000,0.002
776458800000,0.005
776462400000,0.011
776466000000,0.025
776469600000,0.023
776473200000,0.014
776476800000,0.011
776480400000,0.013
776484000000,0.017
776487600000,0.018
776491200000,0.02
776494800000,0.02
776498400000,0.019
776502000000,0.016
776505600000,0.012
776509200000,0.01
776512800000,0.014
776516400000,0.017
776520000000,0.02
776523600000,0.022
776527200000,0.028
776530800000,0.042
776534400000,0.061
776538000000,0.083
776541600000,0.114
776545200000,0.132
776548800000,0.133
776552400000,0.124
776556000000,0.076
776559600000,0.071
776563200000,0.079
776566800000,0.088
776570400000,0.095
776574000000,0.111
776577600000,0.123
776581200000,0.127
776584800000,0.12
776588400000,0.104
776592000000,0.075
776595600000,0.062
776599200000,0.067
776602800000,0.072
776606400000,0.076
776610000000,0.083
776613600000,0.101
776617200000,0.125
776620800000,0.148
776624400000,0.183
776628000000,0.228
776631600000,0.251
776635200000,0.243
776638800000,0.218
776642400000,0.141
776646000000,0.144
776649600000,0.133
776653200000,0.117
776656800000,0.101
776660400000,0.1
776664000000,0.101
776667600000,0.094
776671200000,0.093
776674800000,0.094
776678400000,0.093
776682000000,0.118
776685600000,0.15
776689200000,0.157
776692800000,0.187
776696400000,0.219
776700000000,0.228
776703600000,0.221
776707200000,0.22
776710800000,0.227
776714400000,0.245
776718000000,0.282
776721600000,0.296
776725200000,0.275
776728800000,0.203
776732400000,0.183
776736000000,0.184
776739600000,0.184
776743200000,0.193
776746800000,0.215
776750400000,0.245
776754000000,0.262
776757600000,0.269
776761200000,0.249
776764800000,0.196
776768400000,0.156
776772000000,0.121
776775600000,0.077
776779200000,0.048
776782800000,0.037
776786400000,0.039
776790000000,0.045
776793600000,0.063
776797200000,0.101
776800800000,0.151
776804400000,0.186
776808000000,0.185
776811600000,0.187
776815200000,0.142
776818800000,0.139
776822400000,0.157
776826000000,0.164
776829600000,0.163
776833200000,0.168
776836800000,0.185
776840400000,0.202
776844000000,0.213
776847600000,0.214
776851200000,0.194
776854800000,0.183
776858400000,0.162
776862000000,0.123
776865600000,0.09
776869200000,0.061
776872800000,0.033
776876400000,0.019
776880000000,0.018
776883600000,0.026
776887200000,0.043
776890800000,0.063
776894400000,0.089
776898000000,0.111
776901600000,0.094
776905200000,0.064
776908800000,0.046
776912400000,0.025
776916000000,0.016
776919600000,0.011
776923200000,0.008
776926800000,0.007
776930400000,0.008
776934000000,0.009
776937600000,0.009
776941200000,0.006
776944800000,0.005
776948400000,0.003
776952000000,0.003
776955600000,0.003
776959200000,0.005
776962800000,0.009
776966400000,0.02
776970000000,0.037
776973600000,0.051
776977200000,0.05
776980800000,0.035
776984400000,0.013
776988000000,0.003
776991600000,0.002
776995200000,0.001
776998800000,0.0
777002400000,0.0
777006000000,0.0
777009600000,0.0
777013200000,0.002
777016800000,0.008
777020400000,0.013
777024000000,0.014
777027600000,0.017
777031200000,0.015
777034800000,0.01
777038400000,0.012
777042000000,0.021
777045600000,0.033
777049200000,0.043
777052800000,0.055
777056400000,0.072
777060000000,0.079
777063600000,0.083
777067200000,0.08
777070800000,0.087
777074400000,0.077
777078000000,0.093
777081600000,0.111
777085200000,0.133
777088800000,0.165
777092400000,0.183
777096000000,0.188
777099600000,0.201
777103200000,0.208
777106800000,0.205
777110400000,0.177
777114000000,0.171
777117600000,0.179
777121200000,0.151
777124800000,0.118
777128400000,0.09
777132000000,0.065
777135600000,0.044
777139200000,0.039
777142800000,0.063
777146400000,0.118
777150000000,0.177
777153600000,0.204
777157200000,0.212
777160800000,0.156
777164400000,0.179
777168000000,0.211
777171600000,0.238
777175200000,0.25
777178800000,0.242
777182400000,0.22
777186000000,0.201
777189600000,0.192
777193200000,0.191
777196800000,0.168
777200400000,0.165
777204000000,0.184
777207600000,0.197
777211200000,0.208
777214800000,0.241
777218400000,0.293
777222000000,0.344
777225600000,0.388
777229200000,0.417
777232800000,0.425
777236400000,0.428
777240000000,0.45
777243600000,0.471
777247200000,0.448
777250800000,0.576
777254400000,0.597
777258000000,0.595
777261600000,0.583
777265200000,0.573
777268800000,0.583
777272400000,0.594
777276000000,0.578
777279600000,0.527
777283200000,0.422
777286800000,0.294
777290400000,0.244
777294000000,0.255
777297600000,0.305
777301200000,0.358
777304800000,0.376
777308400000,0.395
777312000000,0.442
777315600000,0.494
777319200000,0.504
777322800000,0.488
777326400000,0.463
777330000000,0.432
777333600000,0.364
777337200000,0.444
777340800000,0.462
777344400000,0.454
777348000000,0.444
777351600000,0.466
777355200000,0.502
777358800000,0.519
777362400000,0.516
777366000000,0.483
777369600000,0.386
777373200000,0.273
777376800000,0.201
777380400000,0.152
777384000000,0.142
777387600000,0.177
777391200000,0.224
777394800000,0.251
777398400000,0.275
777402000000,0.311
777405600000,0.306
777409200000,0.305
777412800000,0.32
777416400000,0.328
777420000000,0.277
777423600000,0.346
777427200000,0.426
777430800000,0.437
777434400000,0.442
777438000000,0.447
777441600000,0.448
777445200000,0.429
777448800000,0.386
777452400000,0.3
777456000000,0.206
777459600000,0.159
777463200000,0.155
777466800000,0.163
777470400000,0.181
777474000000,0.193
777477600000,0.186
777481200000,0.179
777484800000,0.172
777488400000,0.155
777492000000,0.137
777495600000,0.112
777499200000,0.101
777502800000,0.099
777506400000,0.07
777510000000,0.027
777513600000,0.008
777517200000,0.002
777520800000,0.002
777524400000,0.001
777528000000,0.0
777531600000,0.0
777535200000,0.001
777538800000,0.001
777542400000,0.0
777546000000,0.0
777549600000,0.0
777553200000,0.0
777556800000,0.0
777560400000,0.0
777564000000,0.0
777567600000,0.0
777571200000,0.0
777574800000,0.0
777578400000,0.0
777582000000,0.0
777585600000,0.001
777589200000,0.002
777592800000,0.002
777596400000,0.0
777600000000,0.0
777603600000,0.0
777607200000,0.0
777610800000,0.001
777614400000,0.002
777618000000,0.005
777621600000,0.008
777625200000,0.011
777628800000,0.02
777632400000,0.049
777636000000,0.092
777639600000,0.121
777643200000,0.117
777646800000,0.099
777650400000,0.068
777654000000,0.039
777657600000,0.015
777661200000,0.003
777664800000,0.001
777668400000,0.003
777672000000,0.006
777675600000,0.015
777679200000,0.029
777682800000,0.063
777686400000,0.112
777690000000,0.183
777693600000,0.274
777697200000,0.314
777700800000,0.32
777704400000,0.293
777708000000,0.266
777711600000,0.204
777715200000,0.153
777718800000,0.133
777722400000,0.136
777726000000,0.126
777729600000,0.102
777733200000,0.085
777736800000,0.074
777740400000,0.082
777744000000,0.096
777747600000,0.134
777751200000,0.193
777754800000,0.254
777758400000,0.289
777762000000,0.271
777765600000,0.205
777769200000,0.232
777772800000,0.269
777776400000,0.219
777780000000,0.152
777783600000,0.119
777787200000,0.104
777790800000,0.094
777794400000,0.078
777798000000,0.058
777801600000,0.031
777805200000,0.017
777808800000,0.015
777812400000,0.015
777816000000,0.016
777819600000,0.018
777823200000,0.018
777826800000,0.018
777830400000,0.02
777834000000,0.022
777837600000,0.021
777841200000,0.021
777844800000,0.027
777848400000,0.034
777852000000,0.021
777855600000,0.009
777859200000,0.004
777862800000,0.001
777866400000,0.001
777870000000,0.001
777873600000,0.001
777877200000,0.002
777880800000,0.005
777884400000,0.009
777888000000,0.013
777891600000,0.025
777895200000,0.052
777898800000,0.081
777902400000,0.104
777906000000,0.112
777909600000,0.112
777913200000,0.111
777916800000,0.093
777920400000,0.061
777924000000,0.036
777927600000,0.026
777931200000,0.027
777934800000,0.034
777938400000,0.029
777942000000,0.025
777945600000,0.02
777949200000,0.016
777952800000,0.014
777956400000,0.009
777960000000,0.006
777963600000,0.006
777967200000,0.009
777970800000,0.02
777974400000,0.043
777978000000,0.084
777981600000,0.139
777985200000,0.156
777988800000,0.146
777992400000,0.137
777996000000,0.137
777999600000,0.145
778003200000,0.147
778006800000,0.146
778010400000,0.133
778014000000,0.118
778017600000,0.101
778021200000,0.097
778024800000,0.074
778028400000,0.069
778032000000,0.069
778035600000,0.067
778039200000,0.068
778042800000,0.067
778046400000,0.063
778050000000,0.062
778053600000,0.065
778057200000,0.077
778060800000,0.102
778064400000,0.118
778068000000,0.123
778071600000,0.112
778075200000,0.091
778078800000,0.068
778082400000,0.049
778086000000,0.054
778089600000,0.077
778093200000,0.09
778096800000,0.096
778100400000,0.108
778104000000,0.122
778107600000,0.124
778111200000,0.11
778114800000,0.119
778118400000,0.121
778122000000,0.114
778125600000,0.11
778129200000,0.108
778132800000,0.108
778136400000,0.112
778140000000,0.12
778143600000,0.133
778147200000,0.136
778150800000,0.16
778154400000,0.211
778158000000,0.222
778161600000,0.212
778165200000,0.205
778168800000,0.201
778172400000,0.168
778176000000,0.125
778179600000,0.096
778183200000,0.082
778186800000,0.083
778190400000,0.095
778194000000,0.125
778197600000,0.131
778201200000,0.12
778204800000,0.147
778208400000,0.17
778212000000,0.201
778215600000,0.227
778219200000,0.237
778222800000,0.227
778226400000,0.2
778230000000,0.163
778233600000,0.136
778237200000,0.136
778240800000,0.152
778244400000,0.155
778248000000,0.147
778251600000,0.132
778255200000,0.119
778258800000,0.126
778262400000,0.136
778266000000,0.154
778269600000,0.179
778273200000,0.201
778276800000,0.212
778280400000,0.214
778284000000,0.176
778287600000,0.182
778291200000,0.183
778294800000,0.192
778298400000,0.197
778302000000,0.176
778305600000,0.167
778309200000,0.182
778312800000,0.201
778316400000,0.208
778320000000,0.192
778323600000,0.194
778327200000,0.243
778330800000,0.307
778334400000,0.371
778338000000,0.405
778341600000,0.398
778345200000,0.385
778348800000,0.447
778352400000,0.498
778356000000,0.533
778359600000,0.568
778363200000,0.516
778366800000,0.441
778370400000,0.371
778374000000,0.368
778377600000,0.379
778381200000,0.355
778384800000,0.331
778388400000,0.347
778392000000,0.376
778395600000,0.379
778399200000,0.379
778402800000,0.362
778406400000,0.294
778410000000,0.211
778413600000,0.171
778417200000,0.155
778420800000,0.158
778424400000,0.17
778428000000,0.196
778431600000,0.234
778435200000,0.264
778438800000,0.285
778442400000,0.298
778446000000,0.296
778449600000,0.278
778453200000,0.237
778456800000,0.186
778460400000,0.218
778464000000,0.346
778467600000,0.449
778471200000,0.475
778474800000,0.494
778478400000,0.488
778482000000,0.452
778485600000,0.414
778489200000,0.391
778492800000,0.341
778496400000,0.266
778500000000,0.225
778503600000,0.194
778507200000,0.172
778510800000,0.155
778514400000,0.138
778518000000,0.141
778521600000,0.155
778525200000,0.169
778528800000,0.187
778532400000,0.194
778536000000,0.187
778539600000,0.18
778543200000,0.133
778546800000,0.141
778550400000,0.18
778554000000,0.198
778557600000,0.194
778561200000,0.18
778564800000,0.169
778568400000,0.158
778572000000,0.146
778575600000,0.125
778579200000,0.101
778582800000,0.084
778586400000,0.068
778590000000,0.041
778593600000,0.024
778597200000,0.013
778600800000,0.01
778604400000,0.018
778608000000,0.041
778611600000,0.068
778615200000,0.086
778618800000,0.089
778622400000,0.101
778626000000,0.106
778629600000,0.082
778633200000,0.059
778636800000,0.051
778640400000,0.045
778644000000,0.039
778647600000,0.047
778651200000,0.063
778654800000,0.076
778658400000,0.085
778662000000,0.082
778665600000,0.062
778669200000,0.046
778672800000,0.04
778676400000,0.034
778680000000,0.031
778683600000,0.037
778687200000,0.057
778690800000,0.098
778694400000,0.154
778698000000,0.201
778701600000,0.213
778705200000,0.223
778708800000,0.24
778712400000,0.227
778716000000,0.167
778719600000,0.126
778723200000,0.108
778726800000,0.102
778730400000,0.101
778734000000,0.122
778737600000,0.154
778741200000,0.174
778744800000,0.185
778748400000,0.179
778752000000,0.161
778755600000,0.157
778759200000,0.164
778762800000,0.161
778766400000,0.158
778770000000,0.162
778773600000,0.179
778777200000,0.213
778780800000,0.25
778784400000,0.281
778788000000,0.241
778791600000,0.208
778795200000,0.281
778798800000,0.309
778802400000,0.251
778806000000,0.213
778809600000,0.249
778813200000,0.317
778816800000,0.355
778820400000,0.358
778824000000,0.36
778827600000,0.378
778831200000,0.374
778834800000,0.341
778838400000,0.322
778842000000,0.33
778845600000,0.358
778849200000,0.401
778852800000,0.463
778856400000,0.506
778860000000,0.523
778863600000,0.5
778867200000,0.461
778870800000,0.473
778874400000,0.513
778878000000,0.481
778881600000,0.422
778885200000,0.391
778888800000,0.367
778892400000,0.304
778896000000,0.252
778899600000,0.243
778903200000,0.229
778906800000,0.219
778910400000,0.217
778914000000,0.202
778917600000,0.171
778921200000,0.145
778924800000,0.126
778928400000,0.133
778932000000,0.156
778935600000,0.182
778939200000,0.205
778942800000,0.237
778946400000,0.262
778950000000,0.272
778953600000,0.278
778957200000,0.291
778960800000,0.337
778964400000,0.389
778968000000,0.418
778971600000,0.442
778975200000,0.41
778978800000,0.443
778982400000,0.552
778986000000,0.627
778989600000,0.661
778993200000,0.669
778996800000,0.674
779000400000,0.672
779004000000,0.655
779007600000,0.603
779011200000,0.544
779014800000,0.535
779018400000,0.541
779022000000,0.525
779025600000,0.519
779029200000,0.532
779032800000,0.556
779036400000,0.527
779040000000,0.479
779043600000,0.445
779047200000,0.425
779050800000,0.414
779054400000,0.422
779058000000,0.453
779061600000,0.415
779065200000,0.414
779068800000,0.578
779072400000,0.675
779076000000,0.737
779079600000,0.786
779083200000,0.839
779086800000,0.853
779090400000,0.806
779094000000,0.723
779097600000,0.578
779101200000,0.437
779104800000,0.4
779108400000,0.4
779112000000,0.413
779115600000,0.379
779119200000,0.381
779122800000,0.495
779126400000,0.538
779130000000,0.556
779133600000,0.557
779137200000,0.547
779140800000,0.525
779144400000,0.47
779148000000,0.368
779151600000,0.386
779155200000,0.532
779158800000,0.63
779162400000,0.69
779166000000,0.7
779169600000,0.706
779173200000,0.677
779176800000,0.601
779180400000,0.491
779184000000,0.403
779187600000,0.325
779191200000,0.299
779194800000,0.279
779198400000,0.275
779202000000,0.285
779205600000,0.295
779209200000,0.284
779212800000,0.246
779216400000,0.202
779220000000,0.189
779223600000,0.193
779227200000,0.186
779230800000,0.194
779234400000,0.177
779238000000,0.178
779241600000,0.313
779245200000,0.55
779248800000,0.638
779252400000,0.663
779256000000,0.621
779259600000,0.519
779263200000,0.394
779266800000,0.276
779270400000,0.172
779274000000,0.11
779277600000,0.079
779281200000,0.068
779284800000,0.074
779288400000,0.085
779292000000,0.106
779295600000,0.121
779299200000,0.128
779302800000,0.126
779306400000,0.132
779310000000,0.144
779313600000,0.161
779317200000,0.165
779320800000,0.138
779324400000,0.103
779328000000,0.115
779331600000,0.113
779335200000,0.105
779338800000,0.106
779342400000,0.114
779346000000,0.116
779349600000,0.104
779353200000,0.07
779356800000,0.047
779360400000,0.041
779364000000,0.041
779367600000,0.042
779371200000,0.045
779374800000,0.051
779378400000,0.054
779382000000,0.055
779385600000,0.059
779389200000,0.066
779392800000,0.076
779396400000,0.087
779400000000,0.102
779403600000,0.072
779407200000,0.04
779410800000,0.037
779414400000,0.058
779418000000,0.077
779421600000,0.096
779425200000,0.101
779428800000,0.092
779432400000,0.082
779436000000,0.076
779439600000,0.057
779443200000,0.029
779446800000,0.011
779450400000,0.014
779454000000,0.054
779457600000,0.092
779461200000,0.104
779464800000,0.159
779468400000,0.271
779472000000,0.332
779475600000,0.355
779479200000,0.377
779482800000,0.404
779486400000,0.424
779490000000,0.441
779493600000,0.407
779497200000,0.421
779500800000,0.444
779504400000,0.442
779508000000,0.411
779511600000,0.398
779515200000,0.401
779518800000,0.405
779522400000,0.373
779526000000,0.294
779529600000,0.215
779533200000,0.181
779536800000,0.179
779540400000,0.158
779544000000,0.13
779547600000,0.103
779551200000,0.082
779554800000,0.076
779558400000,0.073
779562000000,0.079
779565600000,0.105
779569200000,0.134
779572800000,0.181
779576400000,0.252
779580000000,0.286
779583600000,0.304
779587200000,0.368
779590800000,0.41
779594400000,0.419
779598000000,0.399
779601600000,0.365
779605200000,0.334
779608800000,0.305
779612400000,0.259
779616000000,0.191
779619600000,0.184
779623200000,0.207
779626800000,0.201
779630400000,0.216
779634000000,0.231
779637600000,0.233
779641200000,0.245
779644800000,0.25
779648400000,0.234
779652000000,0.182
779655600000,0.138
779659200000,0.117
779662800000,0.044
779666400000,0.002
779670000000,0.003
779673600000,0.017
779677200000,0.048
779680800000,0.09
779684400000,0.076
779688000000,0.058
779691600000,0.065
779695200000,0.083
779698800000,0.101
779702400000,0.099
779706000000,0.11
779709600000,0.129
779713200000,0.131
779716800000,0.126
779720400000,0.132
779724000000,0.136
779727600000,0.13
779731200000,0.144
779734800000,0.184
779738400000,0.238
779742000000,0.278
779745600000,0.295
779749200000,0.339
779752800000,0.326
779756400000,0.329
779760000000,0.459
779763600000,0.568
779767200000,0.596
779770800000,0.63
779774400000,0.643
779778000000,0.618
779781600000,0.571
779785200000,0.494
779788800000,0.411
779792400000,0.358
779796000000,0.325
779799600000,0.319
779803200000,0.317
779806800000,0.343
779810400000,0.338
779814000000,0.332
779817600000,0.334
779821200000,0.364
779824800000,0.452
779828400000,0.515
779832000000,0.564
779835600000,0.56
779839200000,0.491
779842800000,0.491
779846400000,0.585
779850000000,0.635
779853600000,0.635
779857200000,0.636
779860800000,0.636
779864400000,0.607
779868000000,0.532
779871600000,0.442
779875200000,0.392
779878800000,0.362
779882400000,0.304
779886000000,0.27
779889600000,0.274
779893200000,0.27
779896800000,0.274
779900400000,0.28
779904000000,0.305
779907600000,0.377
779911200000,0.364
779914800000,0.28
779918400000,0.237
779922000000,0.231
779925600000,0.204
779929200000,0.313
779932800000,0.432
779936400000,0.506
779940000000,0.541
779943600000,0.594
779947200000,0.688
779950800000,0.785
779954400000,0.803
779958000000,0.796
779961600000,0.739
779965200000,0.637
779968800000,0.514
779972400000,0.452
779976000000,0.384
779979600000,0.309
779983200000,0.243
779986800000,0.237
779990400000,0.303
779994000000,0.377
779997600000,0.407
780001200000,0.401
780004800000,0.435
780008400000,0.422
780012000000,0.338
780015600000,0.291
780019200000,0.346
780022800000,0.391
780026400000,0.416
780030000000,0.428
780033600000,0.431
780037200000,0.401
780040800000,0.353
780044400000,0.267
780048000000,0.187
780051600000,0.156
780055200000,0.155
780058800000,0.166
780062400000,0.175
780066000000,0.194
780069600000,0.221
780073200000,0.254
780076800000,0.284
780080400000,0.304
780084000000,0.332
780087600000,0.349
780091200000,0.362
780094800000,0.343
780098400000,0.299
780102000000,0.282
780105600000,0.36
780109200000,0.383
780112800000,0.347
780116400000,0.294
780120000000,0.252
780123600000,0.217
780127200000,0.188
780130800000,0.161
780134400000,0.144
780138000000,0.155
780141600000,0.171
780145200000,0.188
780148800000,0.213
780152400000,0.251
780156000000,0.294
780159600000,0.314
780163200000,0.338
780166800000,0.362
780170400000,0.376
780174000000,0.38
780177600000,0.367
780181200000,0.364
780184800000,0.305
780188400000,0.292
780192000000,0.353
780195600000,0.358
780199200000,0.337
780202800000,0.32
780206400000,0.305
780210000000,0.28
780213600000,0.246
780217200000,0.188
780220800000,0.136
780224400000,0.127
780228000000,0.125
780231600000,0.097
780235200000,0.062
780238800000,0.031
780242400000,0.014
780246000000,0.007
780249600000,0.008
780253200000,0.017
780256800000,0.024
780260400000,0.026
780264000000,0.033
780267600000,0.052
780271200000,0.076
780274800000,0.076
780278400000,0.12
780282000000,0.185
780285600000,0.253
780289200000,0.291
780292800000,0.282
780296400000,0.243
780300000000,0.195
780303600000,0.136
780307200000,0.094
780310800000,0.099
780314400000,0.111
780318000000,0.112
780321600000,0.102
780325200000,0.103
780328800000,0.135
780332400000,0.177
780336000000,0.208
780339600000,0.223
780343200000,0.218
780346800000,0.22
780350400000,0.234
780354000000,0.27
780357600000,0.278
780361200000,0.277
780364800000,0.282
780368400000,0.322
780372000000,0.349
780375600000,0.361
780379200000,0.367
780382800000,0.371
780386400000,0.343
780390000000,0.308
780393600000,0.264
780397200000,0.275
780400800000,0.318
780404400000,0.328
780408000000,0.37
780411600000,0.388
780415200000,0.398
780418800000,0.397
780422400000,0.429
780426000000,0.447
780429600000,0.422
780433200000,0.38
780436800000,0.341
780440400000,0.332
780444000000,0.292
780447600000,0.277
780451200000,0.331
780454800000,0.35
780458400000,0.364
780462000000,0.371
780465600000,0.379
780469200000,0.366
780472800000,0.324
780476400000,0.272
780480000000,0.223
780483600000,0.207
780487200000,0.214
780490800000,0.211
780494400000,0.192
780498000000,0.182
780501600000,0.178
780505200000,0.175
780508800000,0.174
780512400000,0.198
780516000000,0.205
780519600000,0.193
780523200000,0.169
780526800000,0.165
780530400000,0.144
780534000000,0.154
780537600000,0.179
780541200000,0.175
780544800000,0.174
780548400000,0.161
780552000000,0.143
780555600000,0.133
780559200000,0.116
780562800000,0.086
780566400000,0.063
780570000000,0.056
780573600000,0.054
780577200000,0.058
780580800000,0.065
780584400000,0.071
780588000000,0.074
780591600000,0.081
780595200000,0.09
780598800000,0.1
780602400000,0.101
780606000000,0.091
780609600000,0.065
780613200000,0.032
780616800000,0.008
780620400000,0.003
780624000000,0.001
780627600000,0.005
780631200000,0.028
780634800000,0.056
780638400000,0.068
780642000000,0.062
780645600000,0.052
780649200000,0.043
780652800000,0.035
780656400000,0.024
780660000000,0.011
780663600000,0.007
780667200000,0.012
780670800000,0.026
780674400000,0.042
780678000000,0.05
780681600000,0.032
780685200000,0.027
780688800000,0.039
780692400000,0.032
780696000000,0.018
780699600000,0.018
780703200000,0.018
780706800000,0.008
780710400000,0.002
780714000000,0.0
780717600000,0.0
780721200000,0.0
780724800000,0.001
780728400000,0.002
780732000000,0.003
780735600000,0.002
780739200000,0.002
780742800000,0.002
780746400000,0.004
780750000000,0.012
780753600000,0.021
780757200000,0.025
780760800000,0.019
780764400000,0.008
780768000000,0.001
780771600000,0.0
780775200000,0.0
780778800000,0.0
780782400000,0.0
780786000000,0.0
780789600000,0.0
780793200000,0.0
780796800000,0.001
780800400000,0.002
780804000000,0.003
780807600000,0.002
780811200000,0.0
780814800000,0.001
780818400000,0.001
780822000000,0.001
780825600000,0.004
780829200000,0.006
780832800000,0.003
780836400000,0.003
780840000000,0.013
780843600000,0.017
780847200000,0.017
780850800000,0.017
780854400000,0.011
780858000000,0.011
780861600000,0.018
780865200000,0.022
780868800000,0.016
780872400000,0.008
780876000000,0.003
780879600000,0.001
780883200000,0.0
780886800000,0.0
780890400000,0.0
780894000000,0.0
780897600000,0.0
780901200000,0.0
780904800000,0.0
780908400000,0.001
780912000000,0.003
780915600000,0.019
780919200000,0.051
780922800000,0.076
780926400000,0.096
780930000000,0.118
780933600000,0.141
780937200000,0.155
780940800000,0.16
780944400000,0.166
780948000000,0.171
780951600000,0.183
780955200000,0.199
780958800000,0.208
780962400000,0.192
780966000000,0.153
780969600000,0.136
780973200000,0.146
780976800000,0.131
780980400000,0.1
780984000000,0.072
780987600000,0.052
780991200000,0.037
780994800000,0.031
780998400000,0.034
781002000000,0.041
781005600000,0.055
781009200000,0.061
781012800000,0.06
781016400000,0.061
781020000000,0.067
781023600000,0.049
781027200000,0.025
781030800000,0.024
781034400000,0.029
781038000000,0.033
781041600000,0.036
781045200000,0.057
781048800000,0.085
781052400000,0.084
781056000000,0.104
781059600000,0.122
781063200000,0.108
781066800000,0.072
781070400000,0.041
781074000000,0.028
781077600000,0.025
781081200000,0.027
781084800000,0.035
781088400000,0.064
781092000000,0.1
781095600000,0.106
781099200000,0.091
781102800000,0.07
781106400000,0.054
781110000000,0.039
781113600000,0.028
781117200000,0.025
781120800000,0.026
781124400000,0.029
781128000000,0.03
781131600000,0.03
781135200000,0.027
781138800000,0.02
781142400000,0.014
781146000000,0.006
781149600000,0.001
781153200000,0.0
781156800000,0.0
781160400000,0.0
781164000000,0.0
781167600000,0.0
781171200000,0.001
781174800000,0.004
781178400000,0.019
781182000000,0.044
781185600000,0.066
781189200000,0.068
781192800000,0.058
781196400000,0.037
781200000000,0.022
781203600000,0.013
781207200000,0.008
781210800000,0.006
781214400000,0.005
781218000000,0.007
781221600000,0.009
781225200000,0.011
781228800000,0.013
781232400000,0.017
781236000000,0.021
781239600000,0.024
781243200000,0.026
781246800000,0.033
781250400000,0.018
781254000000,0.002
781257600000,0.003
781261200000,0.029
781264800000,0.089
781268400000,0.127
781272000000,0.138
781275600000,0.142
781279200000,0.145
781282800000,0.132
781286400000,0.107
781290000000,0.079
781293600000,0.053
781297200000,0.035
781300800000,0.025
781304400000,0.019
781308000000,0.012
781311600000,0.008
781315200000,0.004
781318800000,0.003
781322400000,0.003
781326000000,0.004
781329600000,0.006
781333200000,0.012
781336800000,0.021
781340400000,0.035
781344000000,0.051
781347600000,0.087
781351200000,0.13
781354800000,0.144
781358400000,0.155
781362000000,0.177
781365600000,0.195
781369200000,0.204
781372800000,0.207
781376400000,0.208
781380000000,0.212
781383600000,0.217
781387200000,0.235
781390800000,0.231
781394400000,0.192
781398000000,0.134
781401600000,0.126
781405200000,0.145
781408800000,0.164
781412400000,0.201
781416000000,0.22
781419600000,0.205
781423200000,0.175
781426800000,0.146
781430400000,0.145
781434000000,0.184
781437600000,0.222
781441200000,0.25
781444800000,0.282
781448400000,0.314
781452000000,0.32
781455600000,0.296
781459200000,0.284
781462800000,0.27
781466400000,0.272
781470000000,0.251
781473600000,0.215
781477200000,0.162
781480800000,0.099
781484400000,0.041
781488000000,0.016
781491600000,0.004
781495200000,0.0
781498800000,0.0
781502400000,0.001
781506000000,0.026
781509600000,0.089
781513200000,0.141
781516800000,0.143
781520400000,0.15
781524000000,0.161
781527600000,0.175
781531200000,0.195
781534800000,0.227
781538400000,0.25
781542000000,0.25
781545600000,0.233
781549200000,0.234
781552800000,0.235
781556400000,0.226
781560000000,0.206
781563600000,0.208
781567200000,0.201
781570800000,0.173
781574400000,0.167
781578000000,0.172
781581600000,0.176
781585200000,0.17
781588800000,0.171
781592400000,0.167
781596000000,0.163
781599600000,0.149
781603200000,0.124
781606800000,0.135
781610400000,0.142
781614000000,0.13
781617600000,0.124
781621200000,0.131
781624800000,0.145
781628400000,0.16
781632000000,0.175
781635600000,0.182
781639200000,0.192
781642800000,0.212
781646400000,0.241
781650000000,0.266
781653600000,0.254
781657200000,0.187
781660800000,0.203
781664400000,0.217
781668000000,0.193
781671600000,0.164
781675200000,0.151
781678800000,0.149
781682400000,0.144
781686000000,0.12
781689600000,0.092
781693200000,0.089
781696800000,0.085
781700400000,0.09
781704000000,0.104
781707600000,0.12
781711200000,0.126
781714800000,0.121
781718400000,0.111
781722000000,0.101
781725600000,0.096
781729200000,0.101
781732800000,0.108
781736400000,0.118
781740000000,0.119
781743600000,0.096
781747200000,0.095
781750800000,0.117
781754400000,0.13
781758000000,0.133
781761600000,0.13
781765200000,0.118
781768800000,0.098
781772400000,0.073
781776000000,0.063
781779600000,0.082
781783200000,0.105
781786800000,0.113
781790400000,0.118
781794000000,0.124
781797600000,0.124
781801200000,0.104
781804800000,0.078
781808400000,0.06
781812000000,0.053
781815600000,0.057
781819200000,0.066
781822800000,0.085
781826400000,0.105
781830000000,0.089
781833600000,0.087
781837200000,0.103
781840800000,0.103
781844400000,0.091
781848000000,0.076
781851600000,0.062
781855200000,0.045
781858800000,0.025
781862400000,0.018
781866000000,0.015
781869600000,0.011
781873200000,0.008
781876800000,0.005
781880400000,0.002
781884000000,0.001
781887600000,0.0
781891200000,0.0
781894800000,0.0
781898400000,0.0
781902000000,0.0
781905600000,0.002
781909200000,0.006
781912800000,0.01
781916400000,0.012
781920000000,0.014
781923600000,0.015
781927200000,0.015
781930800000,0.015
781934400000,0.013
781938000000,0.011
781941600000,0.01
781945200000,0.007
781948800000,0.005
781952400000,0.003
781956000000,0.002
781959600000,0.002
781963200000,0.002
781966800000,0.002
781970400000,0.004
781974000000,0.004
781977600000,0.002
781981200000,0.001
781984800000,0.0
781988400000,0.0
781992000000,0.0
781995600000,0.0
781999200000,0.0
782002800000,0.0
782006400000,0.0
782010000000,0.0
782013600000,0.0
782017200000,0.0
782020800000,0.0
782024400000,0.0
782028000000,0.001
782031600000,0.002
782035200000,0.005
782038800000,0.024
782042400000,0.056
782046000000,0.08
782049600000,0.09
782053200000,0.088
782056800000,0.083
782060400000,0.071
782064000000,0.055
782067600000,0.041
782071200000,0.031
782074800000,0.022
782078400000,0.016
782082000000,0.014
782085600000,0.013
782089200000,0.011
782092800000,0.011
782096400000,0.012
782100000000,0.014
782103600000,0.015
782107200000,0.019
782110800000,0.033
782114400000,0.058
782118000000,0.093
782121600000,0.128
782125200000,0.183
782128800000,0.213
782132400000,0.197
782136000000,0.178
782139600000,0.16
782143200000,0.142
782146800000,0.129
782150400000,0.121
782154000000,0.12
782157600000,0.121
782161200000,0.121
782164800000,0.121
782168400000,0.122
782172000000,0.101
782175600000,0.077
782179200000,0.073
782182800000,0.061
782186400000,0.051
782190000000,0.038
782193600000,0.032
782197200000,0.038
782200800000,0.055
782204400000,0.078
782208000000,0.096
782211600000,0.125
782215200000,0.14
782218800000,0.14
782222400000,0.145
782226000000,0.153
782229600000,0.171
782233200000,0.209
782236800000,0.255
782240400000,0.309
782244000000,0.323
782247600000,0.334
782251200000,0.352
782254800000,0.378
782258400000,0.355
782262000000,0.316
782265600000,0.367
782269200000,0.355
782272800000,0.297
782276400000,0.245
782280000000,0.204
782283600000,0.18
782287200000,0.163
782290800000,0.153
782294400000,0.141
782298000000,0.183
782301600000,0.221
782305200000,0.238
782308800000,0.261
782312400000,0.277
782316000000,0.291
782319600000,0.295
782323200000,0.27
782326800000,0.232
782330400000,0.196
782334000000,0.164
782337600000,0.136
782341200000,0.117
782344800000,0.087
782348400000,0.074
782352000000,0.087
782355600000,0.093
782359200000,0.101
782362800000,0.112
782366400000,0.121
782370000000,0.131
782373600000,0.135
782377200000,0.137
782380800000,0.132
782384400000,0.167
782388000000,0.208
782391600000,0.238
782395200000,0.249
782398800000,0.235
782402400000,0.208
782406000000,0.177
782409600000,0.142
782413200000,0.117
782416800000,0.095
782420400000,0.082
782424000000,0.073
782427600000,0.072
782431200000,0.066
782434800000,0.06
782438400000,0.062
782442000000,0.071
782445600000,0.081
782449200000,0.088
782452800000,0.094
782456400000,0.103
782460000000,0.114
782463600000,0.124
782467200000,0.134
782470800000,0.136
782474400000,0.124
782478000000,0.103
782481600000,0.082
782485200000,0.068
782488800000,0.065
782492400000,0.084
782496000000,0.101
782499600000,0.099
782503200000,0.084
782506800000,0.069
782510400000,0.055
782514000000,0.054
782517600000,0.052
782521200000,0.07
782524800000,0.131
782528400000,0.23
782532000000,0.339
782535600000,0.395
782539200000,0.394
782542800000,0.371
782546400000,0.31
782550000000,0.245
782553600000,0.196
782557200000,0.216
782560800000,0.251
782564400000,0.266
782568000000,0.305
782571600000,0.361
782575200000,0.38
782578800000,0.363
782582400000,0.351
782586000000,0.317
782589600000,0.286
782593200000,0.261
782596800000,0.212
782600400000,0.217
782604000000,0.235
782607600000,0.242
782611200000,0.319
782614800000,0.433
782618400000,0.508
782622000000,0.494
782625600000,0.425
782629200000,0.365
782632800000,0.32
782636400000,0.273
782640000000,0.261
782643600000,0.282
782647200000,0.315
782650800000,0.343
782654400000,0.391
782658000000,0.442
782661600000,0.459
782665200000,0.438
782668800000,0.349
782672400000,0.27
782676000000,0.241
782679600000,0.231
782683200000,0.22
782686800000,0.219
782690400000,0.192
782694000000,0.194
782697600000,0.231
782701200000,0.203
782704800000,0.185
782708400000,0.169
782712000000,0.155
782715600000,0.133
782719200000,0.106
782722800000,0.075
782726400000,0.054
782730000000,0.044
782733600000,0.034
782737200000,0.026
782740800000,0.019
782744400000,0.015
782748000000,0.012
782751600000,0.017
782755200000,0.045
782758800000,0.062
782762400000,0.05
782766000000,0.029
782769600000,0.021
782773200000,0.02
782776800000,0.017
782780400000,0.012
782784000000,0.014
782787600000,0.013
782791200000,0.013
782794800000,0.014
782798400000,0.019
782802000000,0.031
782805600000,0.043
782809200000,0.05
782812800000,0.064
782816400000,0.099
782820000000,0.161
782823600000,0.206
782827200000,0.225
782830800000,0.239
782834400000,0.255
782838000000,0.267
782841600000,0.259
782845200000,0.234
782848800000,0.216
782852400000,0.201
782856000000,0.179
782859600000,0.183
782863200000,0.186
782866800000,0.199
782870400000,0.253
782874000000,0.291
782877600000,0.308
782881200000,0.308
782884800000,0.311
782888400000,0.328
782892000000,0.323
782895600000,0.3
782899200000,0.243
782902800000,0.21
782906400000,0.233
782910000000,0.347
782913600000,0.454
782917200000,0.434
782920800000,0.337
782924400000,0.311
782928000000,0.349
782931600000,0.369
782935200000,0.367
782938800000,0.347
782942400000,0.326
782946000000,0.333
782949600000,0.311
782953200000,0.332
782956800000,0.477
782960400000,0.541
782964000000,0.579
782967600000,0.606
782971200000,0.627
782974800000,0.639
782978400000,0.63
782982000000,0.598
782985600000,0.538
782989200000,0.513
782992800000,0.525
782996400000,0.528
783000000000,0.547
783003600000,0.583
783007200000,0.613
783010800000,0.619
783014400000,0.605
783018000000,0.563
783021600000,0.51
783025200000,0.479
783028800000,0.47
783032400000,0.462
783036000000,0.402
783039600000,0.428
783043200000,0.535
783046800000,0.552
783050400000,0.539
783054000000,0.547
783057600000,0.586
783061200000,0.615
783064800000,0.611
783068400000,0.557
783072000000,0.479
783075600000,0.472
783079200000,0.494
783082800000,0.484
783086400000,0.488
783090000000,0.516
783093600000,0.574
783097200000,0.583
783100800000,0.558
783104400000,0.578
783108000000,0.58
783111600000,0.598
783115200000,0.613
783118800000,0.642
783122400000,0.648
783126000000,0.752
783129600000,0.845
783133200000,0.872
783136800000,0.89
783140400000,0.905
783144000000,0.91
783147600000,0.905
783151200000,0.875
783154800000,0.826
783158400000,0.765
783162000000,0.711
783165600000,0.648
783169200000,0.654
783172800000,0.69
783176400000,0.692
783180000000,0.69
783183600000,0.674
783187200000,0.677
783190800000,0.669
783194400000,0.668
783198000000,0.702
783201600000,0.696
783205200000,0.689
783208800000,0.672
783212400000,0.674
783216000000,0.727
783219600000,0.726
783223200000,0.71
783226800000,0.714
783230400000,0.742
783234000000,0.763
783237600000,0.765
783241200000,0.723
783244800000,0.628
783248400000,0.535
783252000000,0.433
783255600000,0.372
783259200000,0.367
783262800000,0.363
783266400000,0.375
783270000000,0.414
783273600000,0.44
783277200000,0.439
783280800000,0.46
783284400000,0.464
783288000000,0.441
783291600000,0.39
783295200000,0.308
783298800000,0.27
783302400000,0.284
783306000000,0.273
783309600000,0.266
783313200000,0.308
783316800000,0.367
783320400000,0.401
783324000000,0.401
783327600000,0.348
783331200000,0.283
783334800000,0.27
783338400000,0.261
783342000000,0.233
783345600000,0.218
783349200000,0.208
783352800000,0.212
783356400000,0.228
783360000000,0.248
783363600000,0.258
783367200000,0.243
783370800000,0.218
783374400000,0.2
783378000000,0.172
783381600000,0.14
783385200000,0.132
783388800000,0.12
783392400000,0.094
783396000000,0.071
783399600000,0.051
783403200000,0.041
783406800000,0.038
783410400000,0.037
783414000000,0.035
783417600000,0.026
783421200000,0.027
783424800000,0.032
783428400000,0.034
783432000000,0.035
783435600000,0.044
783439200000,0.058
783442800000,0.061
783446400000,0.064
783450000000,0.08
783453600000,0.096
783457200000,0.098
783460800000,0.09
783464400000,0.091
783468000000,0.096
783471600000,0.108
783475200000,0.151
783478800000,0.195
783482400000,0.232
783486000000,0.238
783489600000,0.22
783493200000,0.199
783496800000,0.193
783500400000,0.203
783504000000,0.206
783507600000,0.266
783511200000,0.325
783514800000,0.377
783518400000,0.419
783522000000,0.465
783525600000,0.504
783529200000,0.506
783532800000,0.432
783536400000,0.388
783540000000,0.383
783543600000,0.386
783547200000,0.388
783550800000,0.396
783554400000,0.367
783558000000,0.349
783561600000,0.407
783565200000,0.41
783568800000,0.395
783572400000,0.37
783576000000,0.359
783579600000,0.363
783583200000,0.38
783586800000,0.379
783590400000,0.363
783594000000,0.403
783597600000,0.44
783601200000,0.459
783604800000,0.478
783608400000,0.488
783612000000,0.504
783615600000,0.517
783619200000,0.513
783622800000,0.523
783626400000,0.544
783630000000,0.568
783633600000,0.586
783637200000,0.599
783640800000,0.557
783644400000,0.556
783648000000,0.601
783651600000,0.541
783655200000,0.479
783658800000,0.436
783662400000,0.414
783666000000,0.413
783669600000,0.424
783673200000,0.429
783676800000,0.399
783680400000,0.398
783684000000,0.405
783687600000,0.404
783691200000,0.413
783694800000,0.418
783698400000,0.41
783702000000,0.407
783705600000,0.407
783709200000,0.405
783712800000,0.391
783716400000,0.383
783720000000,0.382
783723600000,0.374
783727200000,0.329
783730800000,0.278
783734400000,0.302
783738000000,0.279
783741600000,0.249
783745200000,0.229
783748800000,0.22
783752400000,0.219
783756000000,0.219
783759600000,0.212
783763200000,0.185
783766800000,0.207
783770400000,0.22
783774000000,0.219
783777600000,0.224
783781200000,0.233
783784800000,0.243
783788400000,0.259
783792000000,0.278
783795600000,0.293
783799200000,0.302
783802800000,0.308
783806400000,0.316
783810000000,0.315
783813600000,0.272
783817200000,0.243
783820800000,0.255
783824400000,0.23
783828000000,0.195
783831600000,0.172
783835200000,0.167
783838800000,0.172
783842400000,0.183
783846000000,0.196
783849600000,0.201
783853200000,0.25
783856800000,0.278
783860400000,0.295
783864000000,0.32
783867600000,0.349
783871200000,0.355
783874800000,0.351
783878400000,0.348
783882000000,0.353
783885600000,0.352
783889200000,0.35
783892800000,0.355
783896400000,0.363
783900000000,0.341
783903600000,0.294
783907200000,0.328
783910800000,0.314
783914400000,0.297
783918000000,0.289
783921600000,0.291
783925200000,0.295
783928800000,0.297
783932400000,0.294
783936000000,0.27
783939600000,0.294
783943200000,0.312
783946800000,0.325
783950400000,0.344
783954000000,0.365
783957600000,0.414
783961200000,0.464
783964800000,0.491
783968400000,0.499
783972000000,0.495
783975600000,0.484
783979200000,0.459
783982800000,0.429
783986400000,0.379
783990000000,0.334
783993600000,0.395
783997200000,0.364
784000800000,0.318
784004400000,0.269
784008000000,0.236
784011600000,0.241
784015200000,0.265
784018800000,0.27
784022400000,0.259
784026000000,0.294
784029600000,0.286
784033200000,0.262
784036800000,0.263
784040400000,0.265
784044000000,0.265
784047600000,0.264
784051200000,0.272
784054800000,0.284
784058400000,0.28
784062000000,0.261
784065600000,0.233
784069200000,0.225
784072800000,0.204
784076400000,0.162
784080000000,0.179
784083600000,0.181
784087200000,0.195
784090800000,0.206
784094400000,0.212
784098000000,0.223
784101600000,0.228
784105200000,0.218
784108800000,0.196
784112400000,0.205
784116000000,0.203
784119600000,0.189
784123200000,0.172
784126800000,0.157
784130400000,0.146
784134000000,0.137
784137600000,0.144
784141200000,0.175
784144800000,0.205
784148400000,0.231
784152000000,0.252
784155600000,0.258
784159200000,0.225
784162800000,0.185
784166400000,0.194
784170000000,0.177
784173600000,0.157
784177200000,0.153
784180800000,0.153
784184400000,0.157
784188000000,0.175
784191600000,0.201
784195200000,0.223
784198800000,0.272
784202400000,0.3
784206000000,0.323
784209600000,0.358
784213200000,0.395
784216800000,0.432
784220400000,0.479
784224000000,0.519
784227600000,0.53
784231200000,0.532
784234800000,0.525
784238400000,0.525
784242000000,0.525
784245600000,0.498
784249200000,0.459
784252800000,0.533
784256400000,0.522
784260000000,0.469
784263600000,0.418
784267200000,0.379
784270800000,0.352
784274400000,0.336
784278000000,0.317
784281600000,0.294
784285200000,0.33
784288800000,0.36
784292400000,0.386
784296000000,0.407
784299600000,0.414
784303200000,0.415
784306800000,0.42
784310400000,0.425
784314000000,0.423
784317600000,0.429
784321200000,0.443
784324800000,0.462
784328400000,0.463
784332000000,0.433
784335600000,0.355
784339200000,0.382
784342800000,0.377
784346400000,0.343
784350000000,0.31
784353600000,0.285
784357200000,0.265
784360800000,0.255
784364400000,0.255
784368000000,0.264
784371600000,0.362
784375200000,0.447
784378800000,0.491
784382400000,0.525
784386000000,0.556
784389600000,0.599
784393200000,0.596
784396800000,0.59
784400400000,0.613
784404000000,0.622
784407600000,0.627
784411200000,0.625
784414800000,0.635
784418400000,0.625
784422000000,0.627
784425600000,0.749
784429200000,0.774
784432800000,0.769
784436400000,0.768
784440000000,0.77
784443600000,0.767
784447200000,0.753
784450800000,0.723
784454400000,0.654
784458000000,0.578
784461600000,0.544
784465200000,0.544
784468800000,0.528
784472400000,0.578
784476000000,0.586
784479600000,0.586
784483200000,0.59
784486800000,0.6
784490400000,0.619
784494000000,0.625
784497600000,0.62
784501200000,0.605
784504800000,0.571
784508400000,0.586
784512000000,0.68
784515600000,0.732
784519200000,0.732
784522800000,0.704
784526400000,0.661
784530000000,0.635
784533600000,0.618
784537200000,0.559
784540800000,0.506
784544400000,0.484
784548000000,0.521
784551600000,0.555
784555200000,0.6
784558800000,0.649
784562400000,0.686
784566000000,0.718
784569600000,0.733
784573200000,0.692
784576800000,0.692
784580400000,0.687
784584000000,0.599
784587600000,0.587
784591200000,0.56
784594800000,0.525
784598400000,0.595
784602000000,0.682
784605600000,0.699
784609200000,0.661
784612800000,0.626
784616400000,0.604
784620000000,0.595
784623600000,0.558
784627200000,0.55
784630800000,0.547
784634400000,0.658
784638000000,0.757
784641600000,0.77
784645200000,0.812
784648800000,0.809
784652400000,0.778
784656000000,0.745
784659600000,0.695
784663200000,0.671
784666800000,0.682
784670400000,0.669
784674000000,0.674
784677600000,0.686
784681200000,0.675
784684800000,0.724
784688400000,0.719
784692000000,0.674
784695600000,0.624
784699200000,0.566
784702800000,0.513
784706400000,0.479
784710000000,0.449
784713600000,0.462
784717200000,0.528
784720800000,0.594
784724400000,0.606
784728000000,0.569
784731600000,0.525
784735200000,0.505
784738800000,0.501
784742400000,0.5
784746000000,0.509
784749600000,0.51
784753200000,0.498
784756800000,0.498
784760400000,0.484
784764000000,0.477
784767600000,0.432
784771200000,0.472
784774800000,0.574
784778400000,0.611
784782000000,0.619
784785600000,0.627
784789200000,0.621
784792800000,0.601
784796400000,0.56
784800000000,0.511
784803600000,0.494
784807200000,0.504
784810800000,0.574
784814400000,0.568
784818000000,0.553
784821600000,0.549
784825200000,0.549
784828800000,0.566
784832400000,0.576
784836000000,0.58
784839600000,0.592
784843200000,0.622
784846800000,0.663
784850400000,0.722
784854000000,0.708
784857600000,0.735
784861200000,0.799
784864800000,0.856
784868400000,0.872
784872000000,0.868
784875600000,0.851
784879200000,0.826
784882800000,0.792
784886400000,0.759
784890000000,0.746
784893600000,0.749
784897200000,0.751
784900800000,0.78
784904400000,0.831
784908000000,0.841
784911600000,0.847
784915200000,0.847
784918800000,0.844
784922400000,0.85
784926000000,0.826
784929600000,0.838
784933200000,0.812
784936800000,0.768
784940400000,0.782
784944000000,0.819
784947600000,0.8
784951200000,0.75
784954800000,0.697
784958400000,0.656
784962000000,0.633
784965600000,0.625
784969200000,0.613
784972800000,0.584
784976400000,0.586
784980000000,0.615
784983600000,0.641
784987200000,0.651
784990800000,0.628
784994400000,0.656
784998000000,0.663
785001600000,0.672
785005200000,0.678
785008800000,0.654
785012400000,0.642
785016000000,0.673
785019600000,0.721
785023200000,0.755
785026800000,0.758
785030400000,0.798
785034000000,0.824
785037600000,0.812
785041200000,0.793
785044800000,0.769
785048400000,0.744
785052000000,0.732
785055600000,0.69
785059200000,0.649
785062800000,0.654
785066400000,0.668
785070000000,0.668
785073600000,0.668
785077200000,0.69
785080800000,0.665
785084400000,0.595
785088000000,0.563
785091600000,0.546
785095200000,0.541
785098800000,0.556
785102400000,0.546
785106000000,0.571
785109600000,0.547
785113200000,0.529
785116800000,0.669
785120400000,0.71
785124000000,0.701
785127600000,0.69
785131200000,0.682
785134800000,0.676
785138400000,0.672
785142000000,0.636
785145600000,0.583
785149200000,0.54
785152800000,0.554
785156400000,0.59
785160000000,0.644
785163600000,0.656
785167200000,0.643
785170800000,0.638
785174400000,0.635
785178000000,0.628
785181600000,0.623
785185200000,0.618
785188800000,0.622
785192400000,0.644
785196000000,0.674
785199600000,0.737
785203200000,0.799
785206800000,0.847
785210400000,0.85
785214000000,0.828
785217600000,0.796
785221200000,0.752
785224800000,0.683
785228400000,0.601
785232000000,0.528
785235600000,0.51
785239200000,0.519
785242800000,0.544
785246400000,0.55
785250000000,0.552
785253600000,0.568
785257200000,0.59
785260800000,0.63
785264400000,0.624
785268000000,0.653
785271600000,0.661
785275200000,0.649
785278800000,0.639
785282400000,0.599
785286000000,0.528
785289600000,0.571
785293200000,0.57
785296800000,0.51
785300400000,0.459
785304000000,0.42
785307600000,0.381
785311200000,0.356
785314800000,0.341
785318400000,0.311
785322000000,0.308
785325600000,0.31
785329200000,0.298
785332800000,0.303
785336400000,0.326
785340000000,0.341
785343600000,0.352
785347200000,0.371
785350800000,0.386
785354400000,0.416
785358000000,0.449
785361600000,0.454
785365200000,0.474
785368800000,0.446
785372400000,0.413
785376000000,0.434
785379600000,0.479
785383200000,0.45
785386800000,0.413
785390400000,0.391
785394000000,0.365
785397600000,0.347
785401200000,0.316
785404800000,0.278
785408400000,0.275
785412000000,0.27
785415600000,0.289
785419200000,0.309
785422800000,0.32
785426400000,0.346
785430000000,0.36
785433600000,0.346
785437200000,0.341
785440800000,0.337
785444400000,0.329
785448000000,0.348
785451600000,0.388
785455200000,0.432
785458800000,0.485
785462400000,0.618
785466000000,0.763
785469600000,0.82
785473200000,0.815
785476800000,0.782
785480400000,0.738
785484000000,0.672
785487600000,0.613
785491200000,0.514
785494800000,0.476
785498400000,0.429
785502000000,0.378
785505600000,0.373
785509200000,0.382
785512800000,0.406
785516400000,0.402
785520000000,0.437
785523600000,0.491
785527200000,0.538
785530800000,0.574
785534400000,0.599
785538000000,0.599
785541600000,0.57
785545200000,0.552
785548800000,0.623
785552400000,0.694
785556000000,0.674
785559600000,0.635
785563200000,0.602
785566800000,0.568
785570400000,0.518
785574000000,0.438
785577600000,0.373
785581200000,0.393
785584800000,0.438
785588400000,0.471
785592000000,0.499
785595600000,0.522
785599200000,0.544
785602800000,0.571
785606400000,0.551
785610000000,0.583
785613600000,0.584
785617200000,0.577
785620800000,0.558
785624400000,0.525
785628000000,0.45
785631600000,0.459
785635200000,0.557
785638800000,0.606
785642400000,0.616
785646000000,0.618
785649600000,0.615
785653200000,0.605
785656800000,0.586
785660400000,0.532
785664000000,0.459
785667600000,0.423
785671200000,0.441
785674800000,0.459
785678400000,0.484
785682000000,0.507
785685600000,0.552
785689200000,0.568
785692800000,0.595
785696400000,0.599
785700000000,0.583
785703600000,0.596
785707200000,0.601
785710800000,0.583
785714400000,0.566
785718000000,0.493
785721600000,0.56
785725200000,0.661
785728800000,0.668
785732400000,0.667
785736000000,0.659
785739600000,0.638
785743200000,0.593
785746800000,0.497
785750400000,0.415
785754000000,0.369
785757600000,0.368
785761200000,0.37
785764800000,0.354
785768400000,0.354
785772000000,0.362
785775600000,0.379
785779200000,0.402
785782800000,0.428
785786400000,0.459
785790000000,0.5
785793600000,0.538
785797200000,0.557
785800800000,0.531
785804400000,0.57
785808000000,0.724
785811600000,0.768
785815200000,0.742
785818800000,0.71
785822400000,0.682
785826000000,0.65
785829600000,0.599
785833200000,0.537
785836800000,0.467
785840400000,0.399
785844000000,0.369
785847600000,0.369
785851200000,0.378
785854800000,0.37
785858400000,0.361
785862000000,0.345
785865600000,0.339
785869200000,0.342
785872800000,0.357
785876400000,0.385
785880000000,0.411
785883600000,0.422
785887200000,0.396
785890800000,0.379
785894400000,0.445
785898000000,0.498
785901600000,0.476
785905200000,0.45
785908800000,0.431
785912400000,0.413
785916000000,0.4
785919600000,0.38
785923200000,0.346
785926800000,0.364
785930400000,0.407
785934000000,0.455
785937600000,0.523
785941200000,0.578
785944800000,0.623
785948400000,0.644
785952000000,0.647
785955600000,0.636
785959200000,0.628
785962800000,0.613
785966400000,0.615
785970000000,0.622
785973600000,0.578
785977200000,0.501
785980800000,0.642
785984400000,0.7
785988000000,0.695
785991600000,0.671
785995200000,0.642
785998800000,0.603
786002400000,0.592
786006000000,0.57
786009600000,0.552
786013200000,0.561
786016800000,0.571
786020400000,0.571
786024000000,0.559
786027600000,0.548
786031200000,0.538
786034800000,0.53
786038400000,0.506
786042000000,0.491
786045600000,0.466
786049200000,0.494
786052800000,0.52
786056400000,0.529
786060000000,0.495
786063600000,0.447
786067200000,0.571
786070800000,0.633
786074400000,0.626
786078000000,0.618
786081600000,0.596
786085200000,0.581
786088800000,0.571
786092400000,0.539
786096000000,0.514
786099600000,0.519
786103200000,0.535
786106800000,0.541
786110400000,0.552
786114000000,0.583
786117600000,0.621
786121200000,0.646
786124800000,0.639
786128400000,0.651
786132000000,0.682
786135600000,0.686
786139200000,0.702
786142800000,0.7
786146400000,0.68
786150000000,0.661
786153600000,0.777
786157200000,0.822
786160800000,0.81
786164400000,0.799
786168000000,0.8
786171600000,0.801
786175200000,0.786
786178800000,0.756
786182400000,0.71
786186000000,0.692
786189600000,0.728
786193200000,0.72
786196800000,0.718
786200400000,0.72
786204000000,0.688
786207600000,0.697
786211200000,0.69
786214800000,0.7
786218400000,0.748
786222000000,0.785
786225600000,0.821
786229200000,0.821
786232800000,0.775
786236400000,0.769
786240000000,0.822
786243600000,0.861
786247200000,0.863
786250800000,0.853
786254400000,0.84
786258000000,0.825
786261600000,0.797
786265200000,0.744
786268800000,0.672
786272400000,0.658
786276000000,0.694
786279600000,0.691
786283200000,0.703
786286800000,0.714
786290400000,0.684
786294000000,0.683
786297600000,0.672
786301200000,0.669
786304800000,0.678
786308400000,0.706
786312000000,0.718
786315600000,0.731
786319200000,0.74
786322800000,0.692
786326400000,0.752
786330000000,0.797
786333600000,0.788
786337200000,0.756
786340800000,0.71
786344400000,0.651
786348000000,0.588
786351600000,0.517
786355200000,0.451
786358800000,0.454
786362400000,0.459
786366000000,0.459
786369600000,0.479
786373200000,0.482
786376800000,0.476
786380400000,0.469
786384000000,0.479
786387600000,0.447
786391200000,0.405
786394800000,0.409
786398400000,0.41
786402000000,0.41
786405600000,0.402
786409200000,0.374
786412800000,0.526
786416400000,0.628
786420000000,0.644
786423600000,0.637
786427200000,0.65
786430800000,0.656
786434400000,0.652
786438000000,0.633
786441600000,0.601
786445200000,0.58
786448800000,0.579
786452400000,0.571
786456000000,0.6
786459600000,0.618
786463200000,0.59
786466800000,0.57
786470400000,0.561
786474000000,0.573
786477600000,0.591
786481200000,0.671
786484800000,0.728
786488400000,0.728
786492000000,0.724
786495600000,0.752
786499200000,0.856
786502800000,0.894
786506400000,0.891
786510000000,0.881
786513600000,0.867
786517200000,0.845
786520800000,0.817
786524400000,0.766
786528000000,0.697
786531600000,0.626
786535200000,0.614
786538800000,0.632
786542400000,0.645
786546000000,0.651
786549600000,0.649
786553200000,0.649
786556800000,0.635
786560400000,0.604
786564000000,0.614
786567600000,0.668
786571200000,0.71
786574800000,0.751
786578400000,0.791
786582000000,0.833
786585600000,0.9
786589200000,0.927
786592800000,0.923
786596400000,0.904
786600000000,0.876
786603600000,0.846
786607200000,0.805
786610800000,0.74
786614400000,0.673
786618000000,0.664
786621600000,0.666
786625200000,0.658
786628800000,0.625
786632400000,0.59
786636000000,0.527
786639600000,0.478
786643200000,0.479
786646800000,0.523
786650400000,0.59
786654000000,0.68
786657600000,0.722
786661200000,0.758
786664800000,0.771
786668400000,0.793
786672000000,0.852
786675600000,0.886
786679200000,0.889
786682800000,0.871
786686400000,0.856
786690000000,0.821
786693600000,0.769
786697200000,0.717
786700800000,0.636
786704400000,0.589
786708000000,0.584
786711600000,0.608
786715200000,0.626
786718800000,0.642
786722400000,0.656
786726000000,0.646
786729600000,0.644
786733200000,0.647
786736800000,0.655
786740400000,0.685
786744000000,0.696
786747600000,0.708
786751200000,0.712
786754800000,0.741
786758400000,0.827
786762000000,0.856
786765600000,0.878
786769200000,0.881
786772800000,0.876
786776400000,0.866
786780000000,0.859
786783600000,0.841
786787200000,0.812
786790800000,0.846
786794400000,0.862
786798000000,0.881
786801600000,0.89
786805200000,0.88
786808800000,0.862
786812400000,0.833
786816000000,0.807
786819600000,0.78
786823200000,0.751
786826800000,0.741
786830400000,0.753
786834000000,0.767
786837600000,0.756
786841200000,0.722
786844800000,0.774
786848400000,0.842
786852000000,0.846
786855600000,0.829
786859200000,0.8
786862800000,0.765
786866400000,0.73
786870000000,0.695
786873600000,0.646
786877200000,0.656
786880800000,0.693
786884400000,0.718
786888000000,0.721
786891600000,0.704
786895200000,0.674
786898800000,0.62
786902400000,0.571
786906000000,0.529
786909600000,0.519
786913200000,0.538
786916800000,0.568
786920400000,0.581
786924000000,0.574
786927600000,0.55
786931200000,0.642
786934800000,0.684
786938400000,0.659
786942000000,0.619
786945600000,0.58
786949200000,0.55
786952800000,0.535
786956400000,0.516
786960000000,0.502
786963600000,0.541
786967200000,0.554
786970800000,0.558
786974400000,0.559
786978000000,0.559
786981600000,0.562
786985200000,0.574
786988800000,0.575
786992400000,0.605
786996000000,0.609
786999600000,0.605
787003200000,0.602
787006800000,0.595
787010400000,0.552
787014000000,0.442
787017600000,0.486
787021200000,0.547
787024800000,0.506
787028400000,0.444
787032000000,0.398
787035600000,0.362
787039200000,0.323
787042800000,0.281
787046400000,0.274
787050000000,0.316
787053600000,0.313
787057200000,0.29
787060800000,0.254
787064400000,0.218
787068000000,0.192
787071600000,0.185
787075200000,0.182
787078800000,0.167
787082400000,0.167
787086000000,0.182
787089600000,0.225
787093200000,0.285
787096800000,0.325
787100400000,0.338
787104000000,0.499
787107600000,0.594
787111200000,0.635
787114800000,0.623
787118400000,0.592
787122000000,0.544
787125600000,0.501
787129200000,0.447
787132800000,0.404
787136400000,0.425
787140000000,0.442
787143600000,0.459
787147200000,0.492
787150800000,0.494
787154400000,0.491
787158000000,0.488
787161600000,0.472
787165200000,0.457
787168800000,0.451
787172400000,0.452
787176000000,0.449
787179600000,0.437
787183200000,0.398
787186800000,0.295
787190400000,0.328
787194000000,0.372
787197600000,0.362
787201200000,0.354
787204800000,0.359
787208400000,0.367
787212000000,0.367
787215600000,0.343
787219200000,0.323
787222800000,0.373
787226400000,0.401
787230000000,0.425
787233600000,0.449
787237200000,0.454
787240800000,0.424
787244400000,0.412
787248000000,0.425
787251600000,0.437
787255200000,0.451
787258800000,0.469
787262400000,0.506
787266000000,0.55
787269600000,0.555
787273200000,0.518
787276800000,0.676
787280400000,0.695
787284000000,0.672
787287600000,0.623
787291200000,0.574
787294800000,0.536
787298400000,0.513
787302000000,0.467
787305600000,0.426
787309200000,0.461
787312800000,0.484
787316400000,0.494
787320000000,0.505
787323600000,0.519
787327200000,0.539
787330800000,0.566
787334400000,0.558
787338000000,0.561
787341600000,0.556
787345200000,0.521
787348800000,0.485
787352400000,0.49
787356000000,0.538
787359600000,0.59
787363200000,0.743
787366800000,0.839
787370400000,0.849
787374000000,0.845
787377600000,0.831
787381200000,0.802
787384800000,0.762
787388400000,0.718
787392000000,0.675
787395600000,0.685
787399200000,0.683
787402800000,0.699
787406400000,0.712
787410000000,0.726
787413600000,0.725
787417200000,0.713
787420800000,0.694
787424400000,0.69
787428000000,0.695
787431600000,0.7
787435200000,0.71
787438800000,0.729
787442400000,0.748
787446000000,0.739
787449600000,0.794
787453200000,0.838
787456800000,0.841
787460400000,0.808
787464000000,0.781
787467600000,0.744
787471200000,0.697
787474800000,0.641
787478400000,0.606
787482000000,0.601
787485600000,0.59
787489200000,0.61
787492800000,0.616
787496400000,0.616
787500000000,0.626
787503600000,0.659
787507200000,0.683
787510800000,0.685
787514400000,0.676
787518000000,0.662
787521600000,0.661
787525200000,0.678
787528800000,0.667
787532400000,0.611
787536000000,0.618
787539600000,0.762
787543200000,0.83
787546800000,0.862
787550400000,0.875
787554000000,0.875
787557600000,0.86
787561200000,0.836
787564800000,0.791
787568400000,0.803
787572000000,0.831
787575600000,0.857
787579200000,0.885
787582800000,0.898
787586400000,0.897
787590000000,0.888
787593600000,0.87
787597200000,0.851
787600800000,0.839
787604400000,0.827
787608000000,0.829
787611600000,0.844
787615200000,0.849
787618800000,0.86
787622400000,0.935
787626000000,0.967
787629600000,0.975
787633200000,0.974
787636800000,0.966
787640400000,0.947
787644000000,0.921
787647600000,0.891
787651200000,0.851
787654800000,0.85
787658400000,0.845
787662000000,0.866
787665600000,0.881
787669200000,0.883
787672800000,0.895
787676400000,0.901
787680000000,0.896
787683600000,0.893
787687200000,0.891
787690800000,0.883
787694400000,0.872
787698000000,0.863
787701600000,0.857
787705200000,0.849
787708800000,0.884
787712400000,0.923
787716000000,0.931
787719600000,0.925
787723200000,0.924
787726800000,0.921
787730400000,0.907
787734000000,0.879
787737600000,0.839
787741200000,0.811
787744800000,0.829
787748400000,0.852
787752000000,0.859
787755600000,0.857
787759200000,0.837
787762800000,0.833
787766400000,0.835
787770000000,0.834
787773600000,0.84
787777200000,0.859
787780800000,0.866
787784400000,0.846
787788000000,0.825
787791600000,0.791
787795200000,0.87
787798800000,0.906
787802400000,0.907
787806000000,0.905
787809600000,0.897
787813200000,0.886
787816800000,0.877
787820400000,0.857
787824000000,0.826
787827600000,0.811
787831200000,0.815
787834800000,0.821
787838400000,0.816
787842000000,0.802
787845600000,0.794
787849200000,0.793
787852800000,0.805
787856400000,0.819
787860000000,0.848
787863600000,0.889
787867200000,0.919
787870800000,0.935
787874400000,0.942
787878000000,0.952
787881600000,0.978
787885200000,0.989
787888800000,0.99
787892400000,0.991
787896000000,0.991
787899600000,0.991
787903200000,0.991
787906800000,0.989
787910400000,0.984
787914000000,0.986
787917600000,0.988
787921200000,0.989
787924800000,0.989
787928400000,0.988
787932000000,0.985
787935600000,0.979
787939200000,0.966
787942800000,0.949
787946400000,0.926
787950000000,0.914
787953600000,0.902
787957200000,0.9
787960800000,0.902
787964400000,0.916
787968000000,0.936
787971600000,0.944
787975200000,0.949
787978800000,0.95
787982400000,0.929
787986000000,0.891
787989600000,0.834
787993200000,0.768
787996800000,0.675
788000400000,0.619
788004000000,0.611
788007600000,0.639
788011200000,0.652
788014800000,0.695
788018400000,0.79
788022000000,0.802
788025600000,0.822
788029200000,0.822
788032800000,0.829
788036400000,0.821
788040000000,0.842
788043600000,0.855
788047200000,0.879
788050800000,0.893
788054400000,0.896
788058000000,0.919
788061600000,0.932
788065200000,0.916
788068800000,0.882
788072400000,0.839
788076000000,0.789
788079600000,0.741
788083200000,0.703
788086800000,0.702
788090400000,0.706
788094000000,0.688
788097600000,0.684
788101200000,0.696
788104800000,0.692
788108400000,0.64
788112000000,0.602
788115600000,0.607
788119200000,0.656
788122800000,0.669
788126400000,0.683
788130000000,0.65
788133600000,0.617
788137200000,0.644
788140800000,0.737
788144400000,0.791
788148000000,0.772
788151600000,0.741
788155200000,0.701
788158800000,0.663
788162400000,0.624
788166000000,0.574
788169600000,0.506
788173200000,0.485
788176800000,0.483
788180400000,0.501
788184000000,0.535
788187600000,0.542
788191200000,0.538
788194800000,0.53
788198400000,0.514
788202000000,0.525
788205600000,0.523
788209200000,0.523
788212800000,0.552
788216400000,0.59
788220000000,0.618
788223600000,0.661
788227200000,0.759
788230800000,0.726
788234400000,0.652
788238000000,0.579
788241600000,0.536
788245200000,0.517
788248800000,0.494
788252400000,0.448
788256000000,0.4
788259600000,0.394
788263200000,0.388
788266800000,0.406
788270400000,0.409
788274000000,0.401
788277600000,0.397
788281200000,0.386
788284800000,0.387
788288400000,0.402
788292000000,0.421
788295600000,0.46
788299200000,0.489
788302800000,0.513
788306400000,0.498
788310000000,0.391
788313600000,0.367
788317200000,0.368
788320800000,0.337
788324400000,0.31
788328000000,0.297
788331600000,0.302
788335200000,0.316
788338800000,0.313
788342400000,0.32
788346000000,0.358
788349600000,0.362
788353200000,0.349
788356800000,0.328
788360400000,0.3
788364000000,0.268
788367600000,0.249
788371200000,0.266
788374800000,0.3
788378400000,0.312
788382000000,0.281
788385600000,0.217
788389200000,0.159
788392800000,0.127
788396400000,0.085
788400000000,0.096
788403600000,0.103
788407200000,0.108
788410800000,0.104
788414400000,0.082
788418000000,0.061
788421600000,0.058
788425200000,0.075
788428800000,0.103
788432400000,0.144
788436000000,0.138
788439600000,0.119
788443200000,0.111
788446800000,0.103
788450400000,0.087
788454000000,0.069
788457600000,0.058
788461200000,0.062
788464800000,0.073
788468400000,0.08
788472000000,0.083
788475600000,0.077
788479200000,0.068
788482800000,0.045
788486400000,0.043
788490000000,0.044
788493600000,0.045
788497200000,0.037
788500800000,0.027
788504400000,0.022
788508000000,0.024
788511600000,0.032
788515200000,0.053
788518800000,0.104
788522400000,0.138
788526000000,0.138
788529600000,0.141
788533200000,0.149
788536800000,0.159
788540400000,0.179
788544000000,0.198
788547600000,0.21
788551200000,0.223
788554800000,0.231
788558400000,0.24
788562000000,0.223
788565600000,0.178
788569200000,0.133
788572800000,0.165
788576400000,0.172
788580000000,0.167
788583600000,0.172
788587200000,0.181
788590800000,0.19
788594400000,0.197
788598000000,0.188
788601600000,0.182
788605200000,0.22
788608800000,0.231
788612400000,0.234
788616000000,0.231
788619600000,0.228
788623200000,0.227
788626800000,0.249
788630400000,0.275
788634000000,0.3
788637600000,0.324
788641200000,0.347
788644800000,0.368
788648400000,0.376
788652000000,0.363
788655600000,0.302
788659200000,0.364
788662800000,0.403
788666400000,0.396
788670000000,0.398
788673600000,0.383
788677200000,0.341
788680800000,0.293
788684400000,0.233
788688000000,0.194
788691600000,0.22
788695200000,0.221
788698800000,0.209
788702400000,0.193
788706000000,0.187
788709600000,0.178
788713200000,0.175
788716800000,0.172
788720400000,0.171
788724000000,0.183
788727600000,0.211
788731200000,0.237
788734800000,0.252
788738400000,0.241
788742000000,0.225
788745600000,0.295
788749200000,0.359
788752800000,0.377
788756400000,0.374
788760000000,0.355
788763600000,0.328
788767200000,0.305
788770800000,0.278
788774400000,0.241
788778000000,0.253
788781600000,0.256
788785200000,0.28
788788800000,0.309
788792400000,0.34
788796000000,0.369
788799600000,0.398
788803200000,0.406
788806800000,0.388
788810400000,0.386
788814000000,0.384
788817600000,0.388
788821200000,0.4
788824800000,0.392
788828400000,0.349
788832000000,0.408
788835600000,0.475
788839200000,0.495
788842800000,0.525
788846400000,0.556
788850000000,0.583
788853600000,0.605
788857200000,0.591
788860800000,0.552
788864400000,0.56
788868000000,0.596
788871600000,0.635
788875200000,0.658
788878800000,0.642
788882400000,0.644
788886000000,0.68
788889600000,0.687
788893200000,0.686
788896800000,0.682
788900400000,0.728
788904000000,0.755
788907600000,0.77
788911200000,0.772
788914800000,0.822
