,Mn7
1009843200000,0.213
1009846800000,0.354
1009850400000,0.436
1009854000000,0.45
1009857600000,0.456
1009861200000,0.377
1009864800000,0.279
1009868400000,0.153
1009872000000,0.048
1009875600000,0.0
1009879200000,0.0
1009882800000,0.0
1009886400000,0.0
1009890000000,0.0
1009893600000,0.0
1009897200000,0.0
1009900800000,0.0
1009904400000,0.0
1009908000000,0.0
1009911600000,0.0
1009915200000,0.0
1009918800000,0.0
1009922400000,0.049
1009926000000,0.187
1009929600000,0.348
1009933200000,0.476
1009936800000,0.551
1009940400000,0.598
1009944000000,0.564
1009947600000,0.458
1009951200000,0.314
1009954800000,0.167
1009958400000,0.041
1009962000000,0.0
1009965600000,0.0
1009969200000,0.0
1009972800000,0.0
1009976400000,0.0
1009980000000,0.0
1009983600000,0.0
1009987200000,0.0
1009990800000,0.0
1009994400000,0.0
1009998000000,0.0
1010001600000,0.0
1010005200000,0.0
1010008800000,0.052
1010012400000,0.196
1010016000000,0.403
1010019600000,0.519
1010023200000,0.541
1010026800000,0.527
1010030400000,0.449
1010034000000,0.359
1010037600000,0.282
1010041200000,0.201
1010044800000,0.08
1010048400000,0.0
1010052000000,0.0
1010055600000,0.0
1010059200000,0.0
1010062800000,0.0
1010066400000,0.0
1010070000000,0.0
1010073600000,0.0
1010077200000,0.0
1010080800000,0.0
1010084400000,0.0
1010088000000,0.0
1010091600000,0.0
1010095200000,0.013
1010098800000,0.077
1010102400000,0.142
1010106000000,0.212
1010109600000,0.319
1010113200000,0.429
1010116800000,0.431
1010120400000,0.397
1010124000000,0.321
1010127600000,0.193
1010131200000,0.079
1010134800000,0.0
1010138400000,0.0
1010142000000,0.0
1010145600000,0.0
1010149200000,0.0
1010152800000,0.0
1010156400000,0.0
1010160000000,0.0
1010163600000,0.0
1010167200000,0.0
1010170800000,0.0
1010174400000,0.0
1010178000000,0.0
1010181600000,0.059
1010185200000,0.222
1010188800000,0.42
1010192400000,0.584
1010196000000,0.659
1010199600000,0.692
1010203200000,0.657
1010206800000,0.594
1010210400000,0.46
1010214000000,0.301
1010217600000,0.099
1010221200000,0.0
1010224800000,0.0
1010228400000,0.0
1010232000000,0.0
1010235600000,0.0
1010239200000,0.0
1010242800000,0.0
1010246400000,0.0
1010250000000,0.0
1010253600000,0.0
1010257200000,0.0
1010260800000,0.0
1010264400000,0.0
1010268000000,0.042
1010271600000,0.181
1010275200000,0.342
1010278800000,0.506
1010282400000,0.617
1010286000000,0.58
1010289600000,0.361
1010293200000,0.224
1010296800000,0.155
1010300400000,0.095
1010304000000,0.022
1010307600000,0.0
1010311200000,0.0
1010314800000,0.0
1010318400000,0.0
1010322000000,0.0
1010325600000,0.0
1010329200000,0.0
1010332800000,0.0
1010336400000,0.0
1010340000000,0.0
1010343600000,0.0
1010347200000,0.0
1010350800000,0.0
1010354400000,0.059
1010358000000,0.237
1010361600000,0.474
1010365200000,0.607
1010368800000,0.688
1010372400000,0.708
1010376000000,0.638
1010379600000,0.534
1010383200000,0.433
1010386800000,0.283
1010390400000,0.11
1010394000000,0.0
1010397600000,0.0
1010401200000,0.0
1010404800000,0.0
1010408400000,0.0
1010412000000,0.0
1010415600000,0.0
1010419200000,0.0
1010422800000,0.0
1010426400000,0.0
1010430000000,0.0
1010433600000,0.0
1010437200000,0.0
1010440800000,0.034
1010444400000,0.15
1010448000000,0.271
1010451600000,0.41
1010455200000,0.492
1010458800000,0.542
1010462400000,0.527
1010466000000,0.486
1010469600000,0.398
1010473200000,0.296
1010476800000,0.116
1010480400000,0.0
1010484000000,0.0
1010487600000,0.0
1010491200000,0.0
1010494800000,0.0
1010498400000,0.0
1010502000000,0.0
1010505600000,0.0
1010509200000,0.0
1010512800000,0.0
1010516400000,0.0
1010520000000,0.0
1010523600000,0.0
1010527200000,0.062
1010530800000,0.231
1010534400000,0.433
1010538000000,0.585
1010541600000,0.67
1010545200000,0.718
1010548800000,0.701
1010552400000,0.632
1010556000000,0.498
1010559600000,0.315
1010563200000,0.105
1010566800000,0.0
1010570400000,0.0
1010574000000,0.0
1010577600000,0.0
1010581200000,0.0
1010584800000,0.0
1010588400000,0.0
1010592000000,0.0
1010595600000,0.0
1010599200000,0.0
1010602800000,0.0
1010606400000,0.0
1010610000000,0.0
1010613600000,0.045
1010617200000,0.212
1010620800000,0.495
1010624400000,0.635
1010628000000,0.717
1010631600000,0.738
1010635200000,0.725
1010638800000,0.658
1010642400000,0.544
1010646000000,0.37
1010649600000,0.151
1010653200000,0.0
1010656800000,0.0
1010660400000,0.0
1010664000000,0.0
1010667600000,0.0
1010671200000,0.0
1010674800000,0.0
1010678400000,0.0
1010682000000,0.0
1010685600000,0.0
1010689200000,0.0
1010692800000,0.0
1010696400000,0.0
1010700000000,0.049
1010703600000,0.236
1010707200000,0.466
1010710800000,0.624
1010714400000,0.714
1010718000000,0.74
1010721600000,0.707
1010725200000,0.591
1010728800000,0.399
1010732400000,0.249
1010736000000,0.098
1010739600000,0.0
1010743200000,0.0
1010746800000,0.0
1010750400000,0.0
1010754000000,0.0
1010757600000,0.0
1010761200000,0.0
1010764800000,0.0
1010768400000,0.0
1010772000000,0.0
1010775600000,0.0
1010779200000,0.0
1010782800000,0.0
1010786400000,0.039
1010790000000,0.165
1010793600000,0.338
1010797200000,0.498
1010800800000,0.557
1010804400000,0.583
1010808000000,0.572
1010811600000,0.493
1010815200000,0.396
1010818800000,0.249
1010822400000,0.095
1010826000000,0.0
1010829600000,0.0
1010833200000,0.0
1010836800000,0.0
1010840400000,0.0
1010844000000,0.0
1010847600000,0.0
1010851200000,0.0
1010854800000,0.0
1010858400000,0.0
1010862000000,0.0
1010865600000,0.0
1010869200000,0.0
1010872800000,0.064
1010876400000,0.218
1010880000000,0.409
1010883600000,0.586
1010887200000,0.672
1010890800000,0.686
1010894400000,0.656
1010898000000,0.581
1010901600000,0.463
1010905200000,0.305
1010908800000,0.119
1010912400000,0.0
1010916000000,0.0
1010919600000,0.0
1010923200000,0.0
1010926800000,0.0
1010930400000,0.0
1010934000000,0.0
1010937600000,0.0
1010941200000,0.0
1010944800000,0.0
1010948400000,0.0
1010952000000,0.0
1010955600000,0.0
1010959200000,0.068
1010962800000,0.267
1010966400000,0.517
1010970000000,0.658
1010973600000,0.737
1010977200000,0.765
1010980800000,0.744
1010984400000,0.673
1010988000000,0.551
1010991600000,0.383
1010995200000,0.156
1010998800000,0.0
1011002400000,0.0
1011006000000,0.0
1011009600000,0.0
1011013200000,0.0
1011016800000,0.0
1011020400000,0.0
1011024000000,0.0
1011027600000,0.0
1011031200000,0.0
1011034800000,0.0
1011038400000,0.0
1011042000000,0.0
1011045600000,0.078
1011049200000,0.283
1011052800000,0.51
1011056400000,0.592
1011060000000,0.553
1011063600000,0.539
1011067200000,0.555
1011070800000,0.499
1011074400000,0.422
1011078000000,0.286
1011081600000,0.124
1011085200000,0.0
1011088800000,0.0
1011092400000,0.0
1011096000000,0.0
1011099600000,0.0
1011103200000,0.0
1011106800000,0.0
1011110400000,0.0
1011114000000,0.0
1011117600000,0.0
1011121200000,0.0
1011124800000,0.0
1011128400000,0.0
1011132000000,0.075
1011135600000,0.279
1011139200000,0.516
1011142800000,0.652
1011146400000,0.728
1011150000000,0.755
1011153600000,0.732
1011157200000,0.662
1011160800000,0.54
1011164400000,0.372
1011168000000,0.162
1011171600000,0.0
1011175200000,0.0
1011178800000,0.0
1011182400000,0.0
1011186000000,0.0
1011189600000,0.0
1011193200000,0.0
1011196800000,0.0
1011200400000,0.0
1011204000000,0.0
1011207600000,0.0
1011211200000,0.0
1011214800000,0.0
1011218400000,0.067
1011222000000,0.269
1011225600000,0.481
1011229200000,0.62
1011232800000,0.69
1011236400000,0.691
1011240000000,0.627
1011243600000,0.547
1011247200000,0.441
1011250800000,0.3
1011254400000,0.128
1011258000000,0.0
1011261600000,0.0
1011265200000,0.0
1011268800000,0.0
1011272400000,0.0
1011276000000,0.0
1011279600000,0.0
1011283200000,0.0
1011286800000,0.0
1011290400000,0.0
1011294000000,0.0
1011297600000,0.0
1011301200000,0.0
1011304800000,0.067
1011308400000,0.249
1011312000000,0.492
1011315600000,0.629
1011319200000,0.714
1011322800000,0.735
1011326400000,0.703
1011330000000,0.59
1011333600000,0.421
1011337200000,0.218
1011340800000,0.06
1011344400000,0.0
1011348000000,0.0
1011351600000,0.0
1011355200000,0.0
1011358800000,0.0
1011362400000,0.0
1011366000000,0.0
1011369600000,0.0
1011373200000,0.0
1011376800000,0.0
1011380400000,0.0
1011384000000,0.0
1011387600000,0.0
1011391200000,0.064
1011394800000,0.225
1011398400000,0.413
1011402000000,0.512
1011405600000,0.546
1011409200000,0.533
1011412800000,0.467
1011416400000,0.368
1011420000000,0.274
1011423600000,0.165
1011427200000,0.061
1011430800000,0.0
1011434400000,0.0
1011438000000,0.0
1011441600000,0.0
1011445200000,0.0
1011448800000,0.0
1011452400000,0.0
1011456000000,0.0
1011459600000,0.0
1011463200000,0.0
1011466800000,0.0
1011470400000,0.0
1011474000000,0.0
1011477600000,0.04
1011481200000,0.169
1011484800000,0.317
1011488400000,0.429
1011492000000,0.51
1011495600000,0.558
1011499200000,0.551
1011502800000,0.514
1011506400000,0.429
1011510000000,0.296
1011513600000,0.124
1011517200000,0.0
1011520800000,0.0
1011524400000,0.0
1011528000000,0.0
1011531600000,0.0
1011535200000,0.0
1011538800000,0.0
1011542400000,0.0
1011546000000,0.0
1011549600000,0.0
1011553200000,0.0
1011556800000,0.0
1011560400000,0.0
1011564000000,0.055
1011567600000,0.213
1011571200000,0.391
1011574800000,0.516
1011578400000,0.567
1011582000000,0.533
1011585600000,0.438
1011589200000,0.369
1011592800000,0.26
1011596400000,0.143
1011600000000,0.039
1011603600000,0.0
1011607200000,0.0
1011610800000,0.0
1011614400000,0.0
1011618000000,0.0
1011621600000,0.0
1011625200000,0.0
1011628800000,0.0
1011632400000,0.0
1011636000000,0.0
1011639600000,0.0
1011643200000,0.0
1011646800000,0.0
1011650400000,0.052
1011654000000,0.211
1011657600000,0.448
1011661200000,0.589
1011664800000,0.674
1011668400000,0.7
1011672000000,0.682
1011675600000,0.618
1011679200000,0.524
1011682800000,0.388
1011686400000,0.17
1011690000000,0.0
1011693600000,0.0
1011697200000,0.0
1011700800000,0.0
1011704400000,0.0
1011708000000,0.0
1011711600000,0.0
1011715200000,0.0
1011718800000,0.0
1011722400000,0.0
1011726000000,0.0
1011729600000,0.0
1011733200000,0.0
1011736800000,0.083
1011740400000,0.265
1011744000000,0.484
1011747600000,0.642
1011751200000,0.713
1011754800000,0.739
1011758400000,0.725
1011762000000,0.666
1011765600000,0.556
1011769200000,0.393
1011772800000,0.175
1011776400000,0.001
1011780000000,0.0
1011783600000,0.0
1011787200000,0.0
1011790800000,0.0
1011794400000,0.0
1011798000000,0.0
1011801600000,0.0
1011805200000,0.0
1011808800000,0.0
1011812400000,0.0
1011816000000,0.0
1011819600000,0.0
1011823200000,0.078
1011826800000,0.269
1011830400000,0.506
1011834000000,0.638
1011837600000,0.718
1011841200000,0.747
1011844800000,0.731
1011848400000,0.665
1011852000000,0.551
1011855600000,0.387
1011859200000,0.17
1011862800000,0.0
1011866400000,0.0
1011870000000,0.0
1011873600000,0.0
1011877200000,0.0
1011880800000,0.0
1011884400000,0.0
1011888000000,0.0
1011891600000,0.0
1011895200000,0.0
1011898800000,0.0
1011902400000,0.0
1011906000000,0.0
1011909600000,0.087
1011913200000,0.289
1011916800000,0.53
1011920400000,0.656
1011924000000,0.73
1011927600000,0.757
1011931200000,0.743
1011934800000,0.674
1011938400000,0.56
1011942000000,0.391
1011945600000,0.177
1011949200000,0.001
1011952800000,0.0
1011956400000,0.0
1011960000000,0.0
1011963600000,0.0
1011967200000,0.0
1011970800000,0.0
1011974400000,0.0
1011978000000,0.0
1011981600000,0.0
1011985200000,0.0
1011988800000,0.0
1011992400000,0.0
1011996000000,0.079
1011999600000,0.258
1012003200000,0.508
1012006800000,0.65
1012010400000,0.722
1012014000000,0.752
1012017600000,0.731
1012021200000,0.666
1012024800000,0.555
1012028400000,0.388
1012032000000,0.177
1012035600000,0.001
1012039200000,0.0
1012042800000,0.0
1012046400000,0.0
1012050000000,0.0
1012053600000,0.0
1012057200000,0.0
1012060800000,0.0
1012064400000,0.0
1012068000000,0.0
1012071600000,0.0
1012075200000,0.0
1012078800000,0.0
1012082400000,0.083
1012086000000,0.272
1012089600000,0.525
1012093200000,0.656
1012096800000,0.734
1012100400000,0.76
1012104000000,0.741
1012107600000,0.671
1012111200000,0.554
1012114800000,0.36
1012118400000,0.157
1012122000000,0.0
1012125600000,0.0
1012129200000,0.0
1012132800000,0.0
1012136400000,0.0
1012140000000,0.0
1012143600000,0.0
1012147200000,0.0
1012150800000,0.0
1012154400000,0.0
1012158000000,0.0
1012161600000,0.0
1012165200000,0.0
1012168800000,0.079
1012172400000,0.264
1012176000000,0.517
1012179600000,0.657
1012183200000,0.745
1012186800000,0.769
1012190400000,0.753
1012194000000,0.684
1012197600000,0.566
1012201200000,0.392
1012204800000,0.174
1012208400000,0.001
1012212000000,0.0
1012215600000,0.0
1012219200000,0.0
1012222800000,0.0
1012226400000,0.0
1012230000000,0.0
1012233600000,0.0
1012237200000,0.0
1012240800000,0.0
1012244400000,0.0
1012248000000,0.0
1012251600000,0.0
1012255200000,0.09
1012258800000,0.29
1012262400000,0.538
1012266000000,0.667
1012269600000,0.741
1012273200000,0.762
1012276800000,0.739
1012280400000,0.669
1012284000000,0.552
1012287600000,0.384
1012291200000,0.178
1012294800000,0.001
1012298400000,0.0
1012302000000,0.0
1012305600000,0.0
1012309200000,0.0
1012312800000,0.0
1012316400000,0.0
1012320000000,0.0
1012323600000,0.0
1012327200000,0.0
1012330800000,0.0
1012334400000,0.0
1012338000000,0.0
1012341600000,0.088
1012345200000,0.294
1012348800000,0.519
1012352400000,0.652
1012356000000,0.725
1012359600000,0.75
1012363200000,0.738
1012366800000,0.674
1012370400000,0.556
1012374000000,0.383
1012377600000,0.166
1012381200000,0.0
1012384800000,0.0
1012388400000,0.0
1012392000000,0.0
1012395600000,0.0
1012399200000,0.0
1012402800000,0.0
1012406400000,0.0
1012410000000,0.0
1012413600000,0.0
1012417200000,0.0
1012420800000,0.0
1012424400000,0.0
1012428000000,0.085
1012431600000,0.278
1012435200000,0.51
1012438800000,0.65
1012442400000,0.727
1012446000000,0.75
1012449600000,0.73
1012453200000,0.658
1012456800000,0.516
1012460400000,0.359
1012464000000,0.143
1012467600000,0.0
1012471200000,0.0
1012474800000,0.0
1012478400000,0.0
1012482000000,0.0
1012485600000,0.0
1012489200000,0.0
1012492800000,0.0
1012496400000,0.0
1012500000000,0.0
1012503600000,0.0
1012507200000,0.0
1012510800000,0.0
1012514400000,0.087
1012518000000,0.313
1012521600000,0.528
1012525200000,0.657
1012528800000,0.73
1012532400000,0.758
1012536000000,0.734
1012539600000,0.657
1012543200000,0.52
1012546800000,0.347
1012550400000,0.117
1012554000000,0.0
1012557600000,0.0
1012561200000,0.0
1012564800000,0.0
1012568400000,0.0
1012572000000,0.0
1012575600000,0.0
1012579200000,0.0
1012582800000,0.0
1012586400000,0.0
1012590000000,0.0
1012593600000,0.0
1012597200000,0.0
1012600800000,0.08
1012604400000,0.286
1012608000000,0.482
1012611600000,0.657
1012615200000,0.718
1012618800000,0.737
1012622400000,0.721
1012626000000,0.638
1012629600000,0.473
1012633200000,0.323
1012636800000,0.134
1012640400000,0.0
1012644000000,0.0
1012647600000,0.0
1012651200000,0.0
1012654800000,0.0
1012658400000,0.0
1012662000000,0.0
1012665600000,0.0
1012669200000,0.0
1012672800000,0.0
1012676400000,0.0
1012680000000,0.0
1012683600000,0.0
1012687200000,0.087
1012690800000,0.29
1012694400000,0.53
1012698000000,0.669
1012701600000,0.751
1012705200000,0.782
1012708800000,0.764
1012712400000,0.69
1012716000000,0.564
1012719600000,0.355
1012723200000,0.145
1012726800000,0.0
1012730400000,0.0
1012734000000,0.0
1012737600000,0.0
1012741200000,0.0
1012744800000,0.0
1012748400000,0.0
1012752000000,0.0
1012755600000,0.0
1012759200000,0.0
1012762800000,0.0
1012766400000,0.0
1012770000000,0.0
1012773600000,0.084
1012777200000,0.283
1012780800000,0.503
1012784400000,0.66
1012788000000,0.738
1012791600000,0.762
1012795200000,0.744
1012798800000,0.669
1012802400000,0.561
1012806000000,0.385
1012809600000,0.163
1012813200000,0.001
1012816800000,0.0
1012820400000,0.0
1012824000000,0.0
1012827600000,0.0
1012831200000,0.0
1012834800000,0.0
1012838400000,0.0
1012842000000,0.0
1012845600000,0.0
1012849200000,0.0
1012852800000,0.0
1012856400000,0.0
1012860000000,0.079
1012863600000,0.259
1012867200000,0.497
1012870800000,0.646
1012874400000,0.72
1012878000000,0.727
1012881600000,0.708
1012885200000,0.587
1012888800000,0.429
1012892400000,0.264
1012896000000,0.09
1012899600000,0.0
1012903200000,0.0
1012906800000,0.0
1012910400000,0.0
1012914000000,0.0
1012917600000,0.0
1012921200000,0.0
1012924800000,0.0
1012928400000,0.0
1012932000000,0.0
1012935600000,0.0
1012939200000,0.0
1012942800000,0.0
1012946400000,0.098
1012950000000,0.32
1012953600000,0.526
1012957200000,0.656
1012960800000,0.736
1012964400000,0.76
1012968000000,0.736
1012971600000,0.663
1012975200000,0.532
1012978800000,0.334
1012982400000,0.129
1012986000000,0.0
1012989600000,0.0
1012993200000,0.0
1012996800000,0.0
1013000400000,0.0
1013004000000,0.0
1013007600000,0.0
1013011200000,0.0
1013014800000,0.0
1013018400000,0.0
1013022000000,0.0
1013025600000,0.0
1013029200000,0.0
1013032800000,0.096
1013036400000,0.315
1013040000000,0.532
1013043600000,0.662
1013047200000,0.742
1013050800000,0.769
1013054400000,0.754
1013058000000,0.68
1013061600000,0.557
1013065200000,0.387
1013068800000,0.174
1013072400000,0.001
1013076000000,0.0
1013079600000,0.0
1013083200000,0.0
1013086800000,0.0
1013090400000,0.0
1013094000000,0.0
1013097600000,0.0
1013101200000,0.0
1013104800000,0.0
1013108400000,0.0
1013112000000,0.0
1013115600000,0.0
1013119200000,0.102
1013122800000,0.325
1013126400000,0.543
1013130000000,0.679
1013133600000,0.751
1013137200000,0.771
1013140800000,0.745
1013144400000,0.663
1013148000000,0.534
1013151600000,0.349
1013155200000,0.141
1013158800000,0.0
1013162400000,0.0
1013166000000,0.0
1013169600000,0.0
1013173200000,0.0
1013176800000,0.0
1013180400000,0.0
1013184000000,0.0
1013187600000,0.0
1013191200000,0.0
1013194800000,0.0
1013198400000,0.0
1013202000000,0.0
1013205600000,0.071
1013209200000,0.231
1013212800000,0.419
1013216400000,0.563
1013220000000,0.61
1013223600000,0.568
1013227200000,0.524
1013230800000,0.421
1013234400000,0.304
1013238000000,0.189
1013241600000,0.084
1013245200000,0.0
1013248800000,0.0
1013252400000,0.0
1013256000000,0.0
1013259600000,0.0
1013263200000,0.0
1013266800000,0.0
1013270400000,0.0
1013274000000,0.0
1013277600000,0.0
1013281200000,0.0
1013284800000,0.0
1013288400000,0.0
1013292000000,0.035
1013295600000,0.175
1013299200000,0.375
1013302800000,0.515
1013306400000,0.571
1013310000000,0.515
1013313600000,0.427
1013317200000,0.414
1013320800000,0.373
1013324400000,0.265
1013328000000,0.107
1013331600000,0.0
1013335200000,0.0
1013338800000,0.0
1013342400000,0.0
1013346000000,0.0
1013349600000,0.0
1013353200000,0.0
1013356800000,0.0
1013360400000,0.0
1013364000000,0.0
1013367600000,0.0
1013371200000,0.0
1013374800000,0.0
1013378400000,0.089
1013382000000,0.285
1013385600000,0.523
1013389200000,0.672
1013392800000,0.75
1013396400000,0.771
1013400000000,0.742
1013403600000,0.666
1013407200000,0.522
1013410800000,0.339
1013414400000,0.109
1013418000000,0.0
1013421600000,0.0
1013425200000,0.0
1013428800000,0.0
1013432400000,0.0
1013436000000,0.0
1013439600000,0.0
1013443200000,0.0
1013446800000,0.0
1013450400000,0.0
1013454000000,0.0
1013457600000,0.0
1013461200000,0.0
1013464800000,0.08
1013468400000,0.291
1013472000000,0.529
1013475600000,0.669
1013479200000,0.742
1013482800000,0.749
1013486400000,0.706
1013490000000,0.586
1013493600000,0.441
1013497200000,0.264
1013500800000,0.099
1013504400000,0.0
1013508000000,0.0
1013511600000,0.0
1013515200000,0.0
1013518800000,0.0
1013522400000,0.0
1013526000000,0.0
1013529600000,0.0
1013533200000,0.0
1013536800000,0.0
1013540400000,0.0
1013544000000,0.0
1013547600000,0.0
1013551200000,0.076
1013554800000,0.273
1013558400000,0.521
1013562000000,0.652
1013565600000,0.732
1013569200000,0.762
1013572800000,0.734
1013576400000,0.642
1013580000000,0.461
1013583600000,0.276
1013587200000,0.133
1013590800000,0.002
1013594400000,0.0
1013598000000,0.0
1013601600000,0.0
1013605200000,0.0
1013608800000,0.0
1013612400000,0.0
1013616000000,0.0
1013619600000,0.0
1013623200000,0.0
1013626800000,0.0
1013630400000,0.0
1013634000000,0.0
1013637600000,0.062
1013641200000,0.257
1013644800000,0.521
1013648400000,0.673
1013652000000,0.753
1013655600000,0.778
1013659200000,0.755
1013662800000,0.695
1013666400000,0.571
1013670000000,0.379
1013673600000,0.165
1013677200000,0.001
1013680800000,0.0
1013684400000,0.0
1013688000000,0.0
1013691600000,0.0
1013695200000,0.0
1013698800000,0.0
1013702400000,0.0
1013706000000,0.0
1013709600000,0.0
1013713200000,0.0
1013716800000,0.0
1013720400000,0.0
1013724000000,0.074
1013727600000,0.219
1013731200000,0.349
1013734800000,0.516
1013738400000,0.557
1013742000000,0.478
1013745600000,0.373
1013749200000,0.281
1013752800000,0.206
1013756400000,0.132
1013760000000,0.049
1013763600000,0.0
1013767200000,0.0
1013770800000,0.0
1013774400000,0.0
1013778000000,0.0
1013781600000,0.0
1013785200000,0.0
1013788800000,0.0
1013792400000,0.0
1013796000000,0.0
1013799600000,0.0
1013803200000,0.0
1013806800000,0.0
1013810400000,0.026
1013814000000,0.106
1013817600000,0.191
1013821200000,0.289
1013824800000,0.347
1013828400000,0.376
1013832000000,0.362
1013835600000,0.29
1013839200000,0.22
1013842800000,0.127
1013846400000,0.042
1013850000000,0.0
1013853600000,0.0
1013857200000,0.0
1013860800000,0.0
1013864400000,0.0
1013868000000,0.0
1013871600000,0.0
1013875200000,0.0
1013878800000,0.0
1013882400000,0.0
1013886000000,0.0
1013889600000,0.0
1013893200000,0.0
1013896800000,0.041
1013900400000,0.177
1013904000000,0.343
1013907600000,0.5
1013911200000,0.501
1013914800000,0.467
1013918400000,0.377
1013922000000,0.291
1013925600000,0.187
1013929200000,0.095
1013932800000,0.027
1013936400000,0.0
1013940000000,0.0
1013943600000,0.0
1013947200000,0.0
1013950800000,0.0
1013954400000,0.0
1013958000000,0.0
1013961600000,0.0
1013965200000,0.0
1013968800000,0.0
1013972400000,0.0
1013976000000,0.0
1013979600000,0.0
1013983200000,0.028
1013986800000,0.121
1013990400000,0.219
1013994000000,0.326
1013997600000,0.373
1014001200000,0.38
1014004800000,0.386
1014008400000,0.35
1014012000000,0.289
1014015600000,0.183
1014019200000,0.069
1014022800000,0.0
1014026400000,0.0
1014030000000,0.0
1014033600000,0.0
1014037200000,0.0
1014040800000,0.0
1014044400000,0.0
1014048000000,0.0
1014051600000,0.0
1014055200000,0.0
1014058800000,0.0
1014062400000,0.0
1014066000000,0.0
1014069600000,0.083
1014073200000,0.288
1014076800000,0.466
1014080400000,0.578
1014084000000,0.621
1014087600000,0.593
1014091200000,0.528
1014094800000,0.453
1014098400000,0.366
1014102000000,0.223
1014105600000,0.091
1014109200000,0.0
1014112800000,0.0
1014116400000,0.0
1014120000000,0.0
1014123600000,0.0
1014127200000,0.0
1014130800000,0.0
1014134400000,0.0
1014138000000,0.0
1014141600000,0.0
1014145200000,0.0
1014148800000,0.0
1014152400000,0.0
1014156000000,0.08
1014159600000,0.252
1014163200000,0.444
1014166800000,0.555
1014170400000,0.594
1014174000000,0.557
1014177600000,0.568
1014181200000,0.52
1014184800000,0.418
1014188400000,0.265
1014192000000,0.112
1014195600000,0.001
1014199200000,0.0
1014202800000,0.0
1014206400000,0.0
1014210000000,0.0
1014213600000,0.0
1014217200000,0.0
1014220800000,0.0
1014224400000,0.0
1014228000000,0.0
1014231600000,0.0
1014235200000,0.0
1014238800000,0.0
1014242400000,0.085
1014246000000,0.263
1014249600000,0.488
1014253200000,0.651
1014256800000,0.736
1014260400000,0.761
1014264000000,0.735
1014267600000,0.634
1014271200000,0.522
1014274800000,0.324
1014278400000,0.142
1014282000000,0.002
1014285600000,0.0
1014289200000,0.0
1014292800000,0.0
1014296400000,0.0
1014300000000,0.0
1014303600000,0.0
1014307200000,0.0
1014310800000,0.0
1014314400000,0.0
1014318000000,0.0
1014321600000,0.0
1014325200000,0.0
1014328800000,0.098
1014332400000,0.323
1014336000000,0.547
1014339600000,0.681
1014343200000,0.756
1014346800000,0.78
1014350400000,0.757
1014354000000,0.689
1014357600000,0.573
1014361200000,0.404
1014364800000,0.193
1014368400000,0.006
1014372000000,0.0
1014375600000,0.0
1014379200000,0.0
1014382800000,0.0
1014386400000,0.0
1014390000000,0.0
1014393600000,0.0
1014397200000,0.0
1014400800000,0.0
1014404400000,0.0
1014408000000,0.0
1014411600000,0.0
1014415200000,0.095
1014418800000,0.301
1014422400000,0.508
1014426000000,0.646
1014429600000,0.711
1014433200000,0.719
1014436800000,0.675
1014440400000,0.544
1014444000000,0.417
1014447600000,0.281
1014451200000,0.123
1014454800000,0.0
1014458400000,0.0
1014462000000,0.0
1014465600000,0.0
1014469200000,0.0
1014472800000,0.0
1014476400000,0.0
1014480000000,0.0
1014483600000,0.0
1014487200000,0.0
1014490800000,0.0
1014494400000,0.0
1014498000000,0.0
1014501600000,0.073
1014505200000,0.264
1014508800000,0.493
1014512400000,0.621
1014516000000,0.7
1014519600000,0.736
1014523200000,0.714
1014526800000,0.644
1014530400000,0.501
1014534000000,0.348
1014537600000,0.146
1014541200000,0.001
1014544800000,0.0
1014548400000,0.0
1014552000000,0.0
1014555600000,0.0
1014559200000,0.0
1014562800000,0.0
1014566400000,0.0
1014570000000,0.0
1014573600000,0.0
1014577200000,0.0
1014580800000,0.0
1014584400000,0.0
1014588000000,0.07
1014591600000,0.304
1014595200000,0.475
1014598800000,0.592
1014602400000,0.669
1014606000000,0.679
1014609600000,0.657
1014613200000,0.583
1014616800000,0.45
1014620400000,0.26
1014624000000,0.092
1014627600000,0.0
1014631200000,0.0
1014634800000,0.0
1014638400000,0.0
1014642000000,0.0
1014645600000,0.0
1014649200000,0.0
1014652800000,0.0
1014656400000,0.0
1014660000000,0.0
1014663600000,0.0
1014667200000,0.0
1014670800000,0.0
1014674400000,0.078
1014678000000,0.269
1014681600000,0.527
1014685200000,0.659
1014688800000,0.738
1014692400000,0.763
1014696000000,0.742
1014699600000,0.667
1014703200000,0.48
1014706800000,0.309
1014710400000,0.137
1014714000000,0.003
1014717600000,0.0
1014721200000,0.0
1014724800000,0.0
1014728400000,0.0
1014732000000,0.0
1014735600000,0.0
1014739200000,0.0
1014742800000,0.0
1014746400000,0.0
1014750000000,0.0
1014753600000,0.0
1014757200000,0.0
1014760800000,0.099
1014764400000,0.359
1014768000000,0.555
1014771600000,0.685
1014775200000,0.761
1014778800000,0.784
1014782400000,0.754
1014786000000,0.679
1014789600000,0.564
1014793200000,0.372
1014796800000,0.157
1014800400000,0.002
1014804000000,0.0
1014807600000,0.0
1014811200000,0.0
1014814800000,0.0
1014818400000,0.0
1014822000000,0.0
1014825600000,0.0
1014829200000,0.0
1014832800000,0.0
1014836400000,0.0
1014840000000,0.0
1014843600000,0.0
1014847200000,0.107
1014850800000,0.339
1014854400000,0.569
1014858000000,0.703
1014861600000,0.783
1014865200000,0.809
1014868800000,0.79
1014872400000,0.721
1014876000000,0.593
1014879600000,0.412
1014883200000,0.175
1014886800000,0.003
1014890400000,0.0
1014894000000,0.0
1014897600000,0.0
1014901200000,0.0
1014904800000,0.0
1014908400000,0.0
1014912000000,0.0
1014915600000,0.0
1014919200000,0.0
1014922800000,0.0
1014926400000,0.0
1014930000000,0.0
1014933600000,0.12
1014937200000,0.369
1014940800000,0.569
1014944400000,0.702
1014948000000,0.779
1014951600000,0.804
1014955200000,0.783
1014958800000,0.717
1014962400000,0.601
1014966000000,0.396
1014969600000,0.179
1014973200000,0.005
1014976800000,0.0
1014980400000,0.0
1014984000000,0.0
1014987600000,0.0
1014991200000,0.0
1014994800000,0.0
1014998400000,0.0
1015002000000,0.0
1015005600000,0.0
1015009200000,0.0
1015012800000,0.0
1015016400000,0.0
1015020000000,0.136
1015023600000,0.384
1015027200000,0.573
1015030800000,0.704
1015034400000,0.78
1015038000000,0.806
1015041600000,0.787
1015045200000,0.72
1015048800000,0.603
1015052400000,0.429
1015056000000,0.204
1015059600000,0.009
1015063200000,0.0
1015066800000,0.0
1015070400000,0.0
1015074000000,0.0
1015077600000,0.0
1015081200000,0.0
1015084800000,0.0
1015088400000,0.0
1015092000000,0.0
1015095600000,0.0
1015099200000,0.0
1015102800000,0.0
1015106400000,0.073
1015110000000,0.24
1015113600000,0.417
1015117200000,0.608
1015120800000,0.708
1015124400000,0.695
1015128000000,0.633
1015131600000,0.49
1015135200000,0.318
1015138800000,0.162
1015142400000,0.057
1015146000000,0.0
1015149600000,0.0
1015153200000,0.0
1015156800000,0.0
1015160400000,0.0
1015164000000,0.0
1015167600000,0.0
1015171200000,0.0
1015174800000,0.0
1015178400000,0.0
1015182000000,0.0
1015185600000,0.0
1015189200000,0.0
1015192800000,0.091
1015196400000,0.291
1015200000000,0.515
1015203600000,0.663
1015207200000,0.753
1015210800000,0.784
1015214400000,0.761
1015218000000,0.693
1015221600000,0.576
1015225200000,0.405
1015228800000,0.198
1015232400000,0.009
1015236000000,0.0
1015239600000,0.0
1015243200000,0.0
1015246800000,0.0
1015250400000,0.0
1015254000000,0.0
1015257600000,0.0
1015261200000,0.0
1015264800000,0.0
1015268400000,0.0
1015272000000,0.0
1015275600000,0.0
1015279200000,0.117
1015282800000,0.34
1015286400000,0.557
1015290000000,0.686
1015293600000,0.763
1015297200000,0.791
1015300800000,0.773
1015304400000,0.708
1015308000000,0.595
1015311600000,0.425
1015315200000,0.206
1015318800000,0.01
1015322400000,0.0
1015326000000,0.0
1015329600000,0.0
1015333200000,0.0
1015336800000,0.0
1015340400000,0.0
1015344000000,0.0
1015347600000,0.0
1015351200000,0.0
1015354800000,0.0
1015358400000,0.0
1015362000000,0.0
1015365600000,0.116
1015369200000,0.339
1015372800000,0.551
1015376400000,0.685
1015380000000,0.764
1015383600000,0.78
1015387200000,0.754
1015390800000,0.68
1015394400000,0.558
1015398000000,0.38
1015401600000,0.149
1015405200000,0.002
1015408800000,0.0
1015412400000,0.0
1015416000000,0.0
1015419600000,0.0
1015423200000,0.0
1015426800000,0.0
1015430400000,0.0
1015434000000,0.0
1015437600000,0.0
1015441200000,0.0
1015444800000,0.0
1015448400000,0.0
1015452000000,0.09
1015455600000,0.292
1015459200000,0.483
1015462800000,0.599
1015466400000,0.692
1015470000000,0.666
1015473600000,0.597
1015477200000,0.524
1015480800000,0.415
1015484400000,0.281
1015488000000,0.118
1015491600000,0.002
1015495200000,0.0
1015498800000,0.0
1015502400000,0.0
1015506000000,0.0
1015509600000,0.0
1015513200000,0.0
1015516800000,0.0
1015520400000,0.0
1015524000000,0.0
1015527600000,0.0
1015531200000,0.0
1015534800000,0.0
1015538400000,0.083
1015542000000,0.28
1015545600000,0.513
1015549200000,0.664
1015552800000,0.747
1015556400000,0.768
1015560000000,0.737
1015563600000,0.651
1015567200000,0.521
1015570800000,0.342
1015574400000,0.154
1015578000000,0.004
1015581600000,0.0
1015585200000,0.0
1015588800000,0.0
1015592400000,0.0
1015596000000,0.0
1015599600000,0.0
1015603200000,0.0
1015606800000,0.0
1015610400000,0.0
1015614000000,0.0
1015617600000,0.0
1015621200000,0.0
1015624800000,0.091
1015628400000,0.273
1015632000000,0.528
1015635600000,0.653
1015639200000,0.743
1015642800000,0.77
1015646400000,0.74
1015650000000,0.662
1015653600000,0.529
1015657200000,0.318
1015660800000,0.11
1015664400000,0.001
1015668000000,0.0
1015671600000,0.0
1015675200000,0.0
1015678800000,0.0
1015682400000,0.0
1015686000000,0.0
1015689600000,0.0
1015693200000,0.0
1015696800000,0.0
1015700400000,0.0
1015704000000,0.0
1015707600000,0.0
1015711200000,0.091
1015714800000,0.275
1015718400000,0.472
1015722000000,0.653
1015725600000,0.737
1015729200000,0.761
1015732800000,0.716
1015736400000,0.624
1015740000000,0.473
1015743600000,0.282
1015747200000,0.091
1015750800000,0.0
1015754400000,0.0
1015758000000,0.0
1015761600000,0.0
1015765200000,0.0
1015768800000,0.0
1015772400000,0.0
1015776000000,0.0
1015779600000,0.0
1015783200000,0.0
1015786800000,0.0
1015790400000,0.0
1015794000000,0.0
1015797600000,0.085
1015801200000,0.294
1015804800000,0.513
1015808400000,0.664
1015812000000,0.744
1015815600000,0.77
1015819200000,0.734
1015822800000,0.629
1015826400000,0.446
1015830000000,0.279
1015833600000,0.1
1015837200000,0.0
1015840800000,0.0
1015844400000,0.0
1015848000000,0.0
1015851600000,0.0
1015855200000,0.0
1015858800000,0.0
1015862400000,0.0
1015866000000,0.0
1015869600000,0.0
1015873200000,0.0
1015876800000,0.0
1015880400000,0.0
1015884000000,0.101
1015887600000,0.327
1015891200000,0.539
1015894800000,0.66
1015898400000,0.727
1015902000000,0.716
1015905600000,0.644
1015909200000,0.543
1015912800000,0.42
1015916400000,0.229
1015920000000,0.112
1015923600000,0.002
1015927200000,0.0
1015930800000,0.0
1015934400000,0.0
1015938000000,0.0
1015941600000,0.0
1015945200000,0.0
1015948800000,0.0
1015952400000,0.0
1015956000000,0.0
1015959600000,0.0
1015963200000,0.0
1015966800000,0.0
1015970400000,0.122
1015974000000,0.34
1015977600000,0.496
1015981200000,0.664
1015984800000,0.743
1015988400000,0.77
1015992000000,0.741
1015995600000,0.654
1015999200000,0.497
1016002800000,0.302
1016006400000,0.103
1016010000000,0.0
1016013600000,0.0
1016017200000,0.0
1016020800000,0.0
1016024400000,0.0
1016028000000,0.0
1016031600000,0.0
1016035200000,0.0
1016038800000,0.0
1016042400000,0.0
1016046000000,0.0
1016049600000,0.0
1016053200000,0.0
1016056800000,0.09
1016060400000,0.269
1016064000000,0.496
1016067600000,0.614
1016071200000,0.644
1016074800000,0.602
1016078400000,0.541
1016082000000,0.444
1016085600000,0.313
1016089200000,0.21
1016092800000,0.098
1016096400000,0.002
1016100000000,0.0
1016103600000,0.0
1016107200000,0.0
1016110800000,0.0
1016114400000,0.0
1016118000000,0.0
1016121600000,0.0
1016125200000,0.0
1016128800000,0.0
1016132400000,0.0
1016136000000,0.0
1016139600000,0.0
1016143200000,0.105
1016146800000,0.343
1016150400000,0.551
1016154000000,0.689
1016157600000,0.767
1016161200000,0.792
1016164800000,0.772
1016168400000,0.706
1016172000000,0.589
1016175600000,0.412
1016179200000,0.195
1016182800000,0.008
1016186400000,0.0
1016190000000,0.0
1016193600000,0.0
1016197200000,0.0
1016200800000,0.0
1016204400000,0.0
1016208000000,0.0
1016211600000,0.0
1016215200000,0.0
1016218800000,0.0
1016222400000,0.0
1016226000000,0.0
1016229600000,0.113
1016233200000,0.363
1016236800000,0.569
1016240400000,0.702
1016244000000,0.777
1016247600000,0.798
1016251200000,0.773
1016254800000,0.704
1016258400000,0.573
1016262000000,0.413
1016265600000,0.197
1016269200000,0.009
1016272800000,0.0
1016276400000,0.0
1016280000000,0.0
1016283600000,0.0
1016287200000,0.0
1016290800000,0.0
1016294400000,0.0
1016298000000,0.0
1016301600000,0.0
1016305200000,0.0
1016308800000,0.0
1016312400000,0.0
1016316000000,0.101
1016319600000,0.283
1016323200000,0.472
1016326800000,0.574
1016330400000,0.612
1016334000000,0.598
1016337600000,0.527
1016341200000,0.451
1016344800000,0.319
1016348400000,0.198
1016352000000,0.073
1016355600000,0.0
1016359200000,0.0
1016362800000,0.0
1016366400000,0.0
1016370000000,0.0
1016373600000,0.0
1016377200000,0.0
1016380800000,0.0
1016384400000,0.0
1016388000000,0.0
1016391600000,0.0
1016395200000,0.0
1016398800000,0.0
1016402400000,0.044
1016406000000,0.127
1016409600000,0.208
1016413200000,0.289
1016416800000,0.351
1016420400000,0.379
1016424000000,0.365
1016427600000,0.338
1016431200000,0.28
1016434800000,0.188
1016438400000,0.087
1016442000000,0.001
1016445600000,0.0
1016449200000,0.0
1016452800000,0.0
1016456400000,0.0
1016460000000,0.0
1016463600000,0.0
1016467200000,0.0
1016470800000,0.0
1016474400000,0.0
1016478000000,0.0
1016481600000,0.0
1016485200000,0.0
1016488800000,0.093
1016492400000,0.3
1016496000000,0.511
1016499600000,0.625
1016503200000,0.66
1016506800000,0.675
1016510400000,0.654
1016514000000,0.608
1016517600000,0.541
1016521200000,0.384
1016524800000,0.18
1016528400000,0.008
1016532000000,0.0
1016535600000,0.0
1016539200000,0.0
1016542800000,0.0
1016546400000,0.0
1016550000000,0.0
1016553600000,0.0
1016557200000,0.0
1016560800000,0.0
1016564400000,0.0
1016568000000,0.0
1016571600000,0.0
1016575200000,0.101
1016578800000,0.339
1016582400000,0.533
1016586000000,0.665
1016589600000,0.732
1016593200000,0.725
1016596800000,0.674
1016600400000,0.549
1016604000000,0.442
1016607600000,0.305
1016611200000,0.14
1016614800000,0.004
1016618400000,0.0
1016622000000,0.0
1016625600000,0.0
1016629200000,0.0
1016632800000,0.0
1016636400000,0.0
1016640000000,0.0
1016643600000,0.0
1016647200000,0.0
1016650800000,0.0
1016654400000,0.0
1016658000000,0.0
1016661600000,0.026
1016665200000,0.106
1016668800000,0.174
1016672400000,0.188
1016676000000,0.222
1016679600000,0.256
1016683200000,0.274
1016686800000,0.254
1016690400000,0.197
1016694000000,0.122
1016697600000,0.052
1016701200000,0.0
1016704800000,0.0
1016708400000,0.0
1016712000000,0.0
1016715600000,0.0
1016719200000,0.0
1016722800000,0.0
1016726400000,0.0
1016730000000,0.0
1016733600000,0.0
1016737200000,0.0
1016740800000,0.0
1016744400000,0.0
1016748000000,0.03
1016751600000,0.116
1016755200000,0.202
1016758800000,0.277
1016762400000,0.321
1016766000000,0.344
1016769600000,0.304
1016773200000,0.238
1016776800000,0.181
1016780400000,0.108
1016784000000,0.038
1016787600000,0.0
1016791200000,0.0
1016794800000,0.0
1016798400000,0.0
1016802000000,0.0
1016805600000,0.0
1016809200000,0.0
1016812800000,0.0
1016816400000,0.0
1016820000000,0.0
1016823600000,0.0
1016827200000,0.0
1016830800000,0.0
1016834400000,0.085
1016838000000,0.262
1016841600000,0.434
1016845200000,0.574
1016848800000,0.665
1016852400000,0.671
1016856000000,0.654
1016859600000,0.563
1016863200000,0.446
1016866800000,0.313
1016870400000,0.148
1016874000000,0.007
1016877600000,0.0
1016881200000,0.0
1016884800000,0.0
1016888400000,0.0
1016892000000,0.0
1016895600000,0.0
1016899200000,0.0
1016902800000,0.0
1016906400000,0.0
1016910000000,0.0
1016913600000,0.0
1016917200000,0.0
1016920800000,0.122
1016924400000,0.354
1016928000000,0.541
1016931600000,0.673
1016935200000,0.749
1016938800000,0.777
1016942400000,0.759
1016946000000,0.699
1016949600000,0.584
1016953200000,0.421
1016956800000,0.202
1016960400000,0.011
1016964000000,0.0
1016967600000,0.0
1016971200000,0.0
1016974800000,0.0
1016978400000,0.0
1016982000000,0.0
1016985600000,0.0
1016989200000,0.0
1016992800000,0.0
1016996400000,0.0
1017000000000,0.0
1017003600000,0.0
1017007200000,0.123
1017010800000,0.341
1017014400000,0.522
1017018000000,0.661
1017021600000,0.746
1017025200000,0.772
1017028800000,0.754
1017032400000,0.683
1017036000000,0.566
1017039600000,0.393
1017043200000,0.191
1017046800000,0.01
1017050400000,0.0
1017054000000,0.0
1017057600000,0.0
1017061200000,0.0
1017064800000,0.0
1017068400000,0.0
1017072000000,0.0
1017075600000,0.0
1017079200000,0.0
1017082800000,0.0
1017086400000,0.0
1017090000000,0.0
1017093600000,0.12
1017097200000,0.369
1017100800000,0.567
1017104400000,0.702
1017108000000,0.778
1017111600000,0.805
1017115200000,0.782
1017118800000,0.711
1017122400000,0.585
1017126000000,0.408
1017129600000,0.193
1017133200000,0.008
1017136800000,0.0
1017140400000,0.0
1017144000000,0.0
1017147600000,0.0
1017151200000,0.0
1017154800000,0.0
1017158400000,0.0
1017162000000,0.0
1017165600000,0.0
1017169200000,0.0
1017172800000,0.0
1017176400000,0.0
1017180000000,0.113
1017183600000,0.367
1017187200000,0.555
1017190800000,0.686
1017194400000,0.763
1017198000000,0.788
1017201600000,0.763
1017205200000,0.684
1017208800000,0.567
1017212400000,0.404
1017216000000,0.195
1017219600000,0.009
1017223200000,0.0
1017226800000,0.0
1017230400000,0.0
1017234000000,0.0
1017237600000,0.0
1017241200000,0.0
1017244800000,0.0
1017248400000,0.0
1017252000000,0.0
1017255600000,0.0
1017259200000,0.0
1017262800000,0.0
1017266400000,0.115
1017270000000,0.368
1017273600000,0.567
1017277200000,0.703
1017280800000,0.781
1017284400000,0.808
1017288000000,0.787
1017291600000,0.719
1017295200000,0.6
1017298800000,0.434
1017302400000,0.212
1017306000000,0.014
1017309600000,0.0
1017313200000,0.0
1017316800000,0.0
1017320400000,0.0
1017324000000,0.0
1017327600000,0.0
1017331200000,0.0
1017334800000,0.0
1017338400000,0.0
1017342000000,0.0
1017345600000,0.0
1017349200000,0.0
1017352800000,0.133
1017356400000,0.387
1017360000000,0.573
1017363600000,0.702
1017367200000,0.777
1017370800000,0.803
1017374400000,0.783
1017378000000,0.717
1017381600000,0.599
1017385200000,0.395
1017388800000,0.185
1017392400000,0.013
1017396000000,0.0
1017399600000,0.0
1017403200000,0.0
1017406800000,0.0
1017410400000,0.0
1017414000000,0.0
1017417600000,0.0
1017421200000,0.0
1017424800000,0.0
1017428400000,0.0
1017432000000,0.0
1017435600000,0.0
1017439200000,0.151
1017442800000,0.391
1017446400000,0.576
1017450000000,0.704
1017453600000,0.778
1017457200000,0.803
1017460800000,0.781
1017464400000,0.714
1017468000000,0.595
1017471600000,0.422
1017475200000,0.205
1017478800000,0.012
1017482400000,0.0
1017486000000,0.0
1017489600000,0.0
1017493200000,0.0
1017496800000,0.0
1017500400000,0.0
1017504000000,0.0
1017507600000,0.0
1017511200000,0.0
1017514800000,0.0
1017518400000,0.0
1017522000000,0.0
1017525600000,0.08
1017529200000,0.267
1017532800000,0.498
1017536400000,0.64
1017540000000,0.726
1017543600000,0.739
1017547200000,0.685
1017550800000,0.607
1017554400000,0.451
1017558000000,0.246
1017561600000,0.116
1017565200000,0.009
1017568800000,0.0
1017572400000,0.0
1017576000000,0.0
1017579600000,0.0
1017583200000,0.0
1017586800000,0.0
1017590400000,0.0
1017594000000,0.0
1017597600000,0.0
1017601200000,0.0
1017604800000,0.0
1017608400000,0.0
1017612000000,0.095
1017615600000,0.283
1017619200000,0.467
1017622800000,0.597
1017626400000,0.677
1017630000000,0.714
1017633600000,0.699
1017637200000,0.639
1017640800000,0.542
1017644400000,0.396
1017648000000,0.204
1017651600000,0.015
1017655200000,0.0
1017658800000,0.0
1017662400000,0.0
1017666000000,0.0
1017669600000,0.0
1017673200000,0.0
1017676800000,0.0
1017680400000,0.0
1017684000000,0.0
1017687600000,0.0
1017691200000,0.0
1017694800000,0.0
1017698400000,0.118
1017702000000,0.329
1017705600000,0.547
1017709200000,0.676
1017712800000,0.754
1017716400000,0.781
1017720000000,0.755
1017723600000,0.687
1017727200000,0.569
1017730800000,0.385
1017734400000,0.19
1017738000000,0.009
1017741600000,0.0
1017745200000,0.0
1017748800000,0.0
1017752400000,0.0
1017756000000,0.0
1017759600000,0.0
1017763200000,0.0
1017766800000,0.0
1017770400000,0.0
1017774000000,0.0
1017777600000,0.0
1017781200000,0.0
1017784800000,0.127
1017788400000,0.364
1017792000000,0.563
1017795600000,0.694
1017799200000,0.769
1017802800000,0.795
1017806400000,0.776
1017810000000,0.711
1017813600000,0.595
1017817200000,0.425
1017820800000,0.206
1017824400000,0.011
1017828000000,0.0
1017831600000,0.0
1017835200000,0.0
1017838800000,0.0
1017842400000,0.0
1017846000000,0.0
1017849600000,0.0
1017853200000,0.0
1017856800000,0.0
1017860400000,0.0
1017864000000,0.0
1017867600000,0.0
1017871200000,0.137
1017874800000,0.371
1017878400000,0.561
1017882000000,0.689
1017885600000,0.765
1017889200000,0.79
1017892800000,0.771
1017896400000,0.706
1017900000000,0.59
1017903600000,0.423
1017907200000,0.211
1017910800000,0.015
1017914400000,0.0
1017918000000,0.0
1017921600000,0.0
1017925200000,0.0
1017928800000,0.0
1017932400000,0.0
1017936000000,0.0
1017939600000,0.0
1017943200000,0.0
1017946800000,0.0
1017950400000,0.0
1017954000000,0.0
1017957600000,0.126
1017961200000,0.367
1017964800000,0.551
1017968400000,0.681
1017972000000,0.757
1017975600000,0.789
1017979200000,0.769
1017982800000,0.703
1017986400000,0.583
1017990000000,0.416
1017993600000,0.2
1017997200000,0.012
1018000800000,0.0
1018004400000,0.0
1018008000000,0.0
1018011600000,0.0
1018015200000,0.0
1018018800000,0.0
1018022400000,0.0
1018026000000,0.0
1018029600000,0.0
1018033200000,0.0
1018036800000,0.0
1018040400000,0.0
1018044000000,0.121
1018047600000,0.358
1018051200000,0.546
1018054800000,0.672
1018058400000,0.748
1018062000000,0.77
1018065600000,0.745
1018069200000,0.674
1018072800000,0.562
1018076400000,0.399
1018080000000,0.179
1018083600000,0.009
1018087200000,0.0
1018090800000,0.0
1018094400000,0.0
1018098000000,0.0
1018101600000,0.0
1018105200000,0.0
1018108800000,0.0
1018112400000,0.0
1018116000000,0.0
1018119600000,0.0
1018123200000,0.0
1018126800000,0.0
1018130400000,0.12
1018134000000,0.351
1018137600000,0.549
1018141200000,0.677
1018144800000,0.749
1018148400000,0.77
1018152000000,0.738
1018155600000,0.657
1018159200000,0.527
1018162800000,0.324
1018166400000,0.138
1018170000000,0.007
1018173600000,0.0
1018177200000,0.0
1018180800000,0.0
1018184400000,0.0
1018188000000,0.0
1018191600000,0.0
1018195200000,0.0
1018198800000,0.0
1018202400000,0.0
1018206000000,0.0
1018209600000,0.0
1018213200000,0.0
1018216800000,0.116
1018220400000,0.338
1018224000000,0.531
1018227600000,0.656
1018231200000,0.736
1018234800000,0.76
1018238400000,0.737
1018242000000,0.67
1018245600000,0.549
1018249200000,0.367
1018252800000,0.176
1018256400000,0.012
1018260000000,0.0
1018263600000,0.0
1018267200000,0.0
1018270800000,0.0
1018274400000,0.0
1018278000000,0.0
1018281600000,0.0
1018285200000,0.0
1018288800000,0.0
1018292400000,0.0
1018296000000,0.0
1018299600000,0.0
1018303200000,0.113
1018306800000,0.32
1018310400000,0.537
1018314000000,0.667
1018317600000,0.738
1018321200000,0.755
1018324800000,0.735
1018328400000,0.656
1018332000000,0.534
1018335600000,0.335
1018339200000,0.144
1018342800000,0.009
1018346400000,0.0
1018350000000,0.0
1018353600000,0.0
1018357200000,0.0
1018360800000,0.0
1018364400000,0.0
1018368000000,0.0
1018371600000,0.0
1018375200000,0.0
1018378800000,0.0
1018382400000,0.0
1018386000000,0.0
1018389600000,0.119
1018393200000,0.343
1018396800000,0.547
1018400400000,0.674
1018404000000,0.744
1018407600000,0.764
1018411200000,0.737
1018414800000,0.655
1018418400000,0.527
1018422000000,0.357
1018425600000,0.174
1018429200000,0.012
1018432800000,0.0
1018436400000,0.0
1018440000000,0.0
1018443600000,0.0
1018447200000,0.0
1018450800000,0.0
1018454400000,0.0
1018458000000,0.0
1018461600000,0.0
1018465200000,0.0
1018468800000,0.0
1018472400000,0.0
1018476000000,0.126
1018479600000,0.362
1018483200000,0.553
1018486800000,0.681
1018490400000,0.755
1018494000000,0.781
1018497600000,0.759
1018501200000,0.693
1018504800000,0.567
1018508400000,0.393
1018512000000,0.19
1018515600000,0.01
1018519200000,0.0
1018522800000,0.0
1018526400000,0.0
1018530000000,0.0
1018533600000,0.0
1018537200000,0.0
1018540800000,0.0
1018544400000,0.0
1018548000000,0.0
1018551600000,0.0
1018555200000,0.0
1018558800000,0.0
1018562400000,0.118
1018566000000,0.336
1018569600000,0.531
1018573200000,0.649
1018576800000,0.708
1018580400000,0.717
1018584000000,0.692
1018587600000,0.62
1018591200000,0.496
1018594800000,0.335
1018598400000,0.148
1018602000000,0.009
1018605600000,0.0
1018609200000,0.0
1018612800000,0.0
1018616400000,0.0
1018620000000,0.0
1018623600000,0.0
1018627200000,0.0
1018630800000,0.0
1018634400000,0.0
1018638000000,0.0
1018641600000,0.0
1018645200000,0.0
1018648800000,0.115
1018652400000,0.352
1018656000000,0.535
1018659600000,0.666
1018663200000,0.741
1018666800000,0.768
1018670400000,0.741
1018674000000,0.669
1018677600000,0.546
1018681200000,0.379
1018684800000,0.182
1018688400000,0.012
1018692000000,0.0
1018695600000,0.0
1018699200000,0.0
1018702800000,0.0
1018706400000,0.0
1018710000000,0.0
1018713600000,0.0
1018717200000,0.0
1018720800000,0.0
1018724400000,0.0
1018728000000,0.0
1018731600000,0.0
1018735200000,0.115
1018738800000,0.343
1018742400000,0.518
1018746000000,0.642
1018749600000,0.711
1018753200000,0.727
1018756800000,0.686
1018760400000,0.607
1018764000000,0.508
1018767600000,0.347
1018771200000,0.177
1018774800000,0.014
1018778400000,0.0
1018782000000,0.0
1018785600000,0.0
1018789200000,0.0
1018792800000,0.0
1018796400000,0.0
1018800000000,0.0
1018803600000,0.0
1018807200000,0.0
1018810800000,0.0
1018814400000,0.0
1018818000000,0.0
1018821600000,0.116
1018825200000,0.344
1018828800000,0.533
1018832400000,0.668
1018836000000,0.748
1018839600000,0.776
1018843200000,0.754
1018846800000,0.69
1018850400000,0.577
1018854000000,0.39
1018857600000,0.208
1018861200000,0.015
1018864800000,0.0
1018868400000,0.0
1018872000000,0.0
1018875600000,0.0
1018879200000,0.0
1018882800000,0.0
1018886400000,0.0
1018890000000,0.0
1018893600000,0.0
1018897200000,0.0
1018900800000,0.0
1018904400000,0.0
1018908000000,0.126
1018911600000,0.345
1018915200000,0.525
1018918800000,0.659
1018922400000,0.733
1018926000000,0.762
1018929600000,0.741
1018933200000,0.674
1018936800000,0.56
1018940400000,0.407
1018944000000,0.197
1018947600000,0.015
1018951200000,0.0
1018954800000,0.0
1018958400000,0.0
1018962000000,0.0
1018965600000,0.0
1018969200000,0.0
1018972800000,0.0
1018976400000,0.0
1018980000000,0.0
1018983600000,0.0
1018987200000,0.0
1018990800000,0.0
1018994400000,0.133
1018998000000,0.366
1019001600000,0.544
1019005200000,0.666
1019008800000,0.734
1019012400000,0.753
1019016000000,0.728
1019019600000,0.637
1019023200000,0.493
1019026800000,0.338
1019030400000,0.177
1019034000000,0.015
1019037600000,0.0
1019041200000,0.0
1019044800000,0.0
1019048400000,0.0
1019052000000,0.0
1019055600000,0.0
1019059200000,0.0
1019062800000,0.0
1019066400000,0.0
1019070000000,0.0
1019073600000,0.0
1019077200000,0.0
1019080800000,0.086
1019084400000,0.213
1019088000000,0.318
1019091600000,0.393
1019095200000,0.515
1019098800000,0.558
1019102400000,0.586
1019106000000,0.531
1019109600000,0.391
1019113200000,0.242
1019116800000,0.091
1019120400000,0.003
1019124000000,0.0
1019127600000,0.0
1019131200000,0.0
1019134800000,0.0
1019138400000,0.0
1019142000000,0.0
1019145600000,0.0
1019149200000,0.0
1019152800000,0.0
1019156400000,0.0
1019160000000,0.0
1019163600000,0.0
1019167200000,0.092
1019170800000,0.293
1019174400000,0.462
1019178000000,0.585
1019181600000,0.662
1019185200000,0.618
1019188800000,0.53
1019192400000,0.392
1019196000000,0.261
1019199600000,0.137
1019203200000,0.05
1019206800000,0.0
1019210400000,0.0
1019214000000,0.0
1019217600000,0.0
1019221200000,0.0
1019224800000,0.0
1019228400000,0.0
1019232000000,0.0
1019235600000,0.0
1019239200000,0.0
1019242800000,0.0
1019246400000,0.0
1019250000000,0.0
1019253600000,0.046
1019257200000,0.14
1019260800000,0.258
1019264400000,0.332
1019268000000,0.383
1019271600000,0.376
1019275200000,0.365
1019278800000,0.319
1019282400000,0.26
1019286000000,0.174
1019289600000,0.076
1019293200000,0.002
1019296800000,0.0
1019300400000,0.0
1019304000000,0.0
1019307600000,0.0
1019311200000,0.0
1019314800000,0.0
1019318400000,0.0
1019322000000,0.0
1019325600000,0.0
1019329200000,0.0
1019332800000,0.0
1019336400000,0.0
1019340000000,0.075
1019343600000,0.223
1019347200000,0.367
1019350800000,0.471
1019354400000,0.523
1019358000000,0.535
1019361600000,0.516
1019365200000,0.442
1019368800000,0.346
1019372400000,0.224
1019376000000,0.095
1019379600000,0.003
1019383200000,0.0
1019386800000,0.0
1019390400000,0.0
1019394000000,0.0
1019397600000,0.0
1019401200000,0.0
1019404800000,0.0
1019408400000,0.0
1019412000000,0.0
1019415600000,0.0
1019419200000,0.0
1019422800000,0.0
1019426400000,0.089
1019430000000,0.237
1019433600000,0.372
1019437200000,0.456
1019440800000,0.519
1019444400000,0.475
1019448000000,0.355
1019451600000,0.243
1019455200000,0.147
1019458800000,0.093
1019462400000,0.038
1019466000000,0.0
1019469600000,0.0
1019473200000,0.0
1019476800000,0.0
1019480400000,0.0
1019484000000,0.0
1019487600000,0.0
1019491200000,0.0
1019494800000,0.0
1019498400000,0.0
1019502000000,0.0
1019505600000,0.0
1019509200000,0.0
1019512800000,0.051
1019516400000,0.142
1019520000000,0.24
1019523600000,0.314
1019527200000,0.372
1019530800000,0.415
1019534400000,0.45
1019538000000,0.429
1019541600000,0.369
1019545200000,0.26
1019548800000,0.112
1019552400000,0.004
1019556000000,0.0
1019559600000,0.0
1019563200000,0.0
1019566800000,0.0
1019570400000,0.0
1019574000000,0.0
1019577600000,0.0
1019581200000,0.0
1019584800000,0.0
1019588400000,0.0
1019592000000,0.0
1019595600000,0.0
1019599200000,0.059
1019602800000,0.189
1019606400000,0.35
1019610000000,0.525
1019613600000,0.62
1019617200000,0.659
1019620800000,0.648
1019624400000,0.581
1019628000000,0.472
1019631600000,0.325
1019635200000,0.16
1019638800000,0.012
1019642400000,0.0
1019646000000,0.0
1019649600000,0.0
1019653200000,0.0
1019656800000,0.0
1019660400000,0.0
1019664000000,0.0
1019667600000,0.0
1019671200000,0.0
1019674800000,0.0
1019678400000,0.0
1019682000000,0.0
1019685600000,0.113
1019689200000,0.323
1019692800000,0.518
1019696400000,0.634
1019700000000,0.694
1019703600000,0.703
1019707200000,0.669
1019710800000,0.592
1019714400000,0.467
1019718000000,0.311
1019721600000,0.149
1019725200000,0.011
1019728800000,0.0
1019732400000,0.0
1019736000000,0.0
1019739600000,0.0
1019743200000,0.0
1019746800000,0.0
1019750400000,0.0
1019754000000,0.0
1019757600000,0.0
1019761200000,0.0
1019764800000,0.0
1019768400000,0.0
1019772000000,0.114
1019775600000,0.337
1019779200000,0.511
1019782800000,0.655
1019786400000,0.732
1019790000000,0.758
1019793600000,0.742
1019797200000,0.678
1019800800000,0.567
1019804400000,0.408
1019808000000,0.201
1019811600000,0.016
1019815200000,0.0
1019818800000,0.0
1019822400000,0.0
1019826000000,0.0
1019829600000,0.0
1019833200000,0.0
1019836800000,0.0
1019840400000,0.0
1019844000000,0.0
1019847600000,0.0
1019851200000,0.0
1019854800000,0.0
1019858400000,0.112
1019862000000,0.321
1019865600000,0.505
1019869200000,0.64
1019872800000,0.716
1019876400000,0.741
1019880000000,0.72
1019883600000,0.648
1019887200000,0.53
1019890800000,0.363
1019894400000,0.172
1019898000000,0.012
1019901600000,0.0
1019905200000,0.0
1019908800000,0.0
1019912400000,0.0
1019916000000,0.0
1019919600000,0.0
1019923200000,0.0
1019926800000,0.0
1019930400000,0.0
1019934000000,0.0
1019937600000,0.0
1019941200000,0.0
1019944800000,0.113
1019948400000,0.308
1019952000000,0.479
1019955600000,0.626
1019959200000,0.697
1019962800000,0.72
1019966400000,0.668
1019970000000,0.566
1019973600000,0.352
1019977200000,0.208
1019980800000,0.081
1019984400000,0.003
1019988000000,0.0
1019991600000,0.0
1019995200000,0.0
1019998800000,0.0
1020002400000,0.0
1020006000000,0.0
1020009600000,0.0
1020013200000,0.0
1020016800000,0.0
1020020400000,0.0
1020024000000,0.0
1020027600000,0.0
1020031200000,0.07
1020034800000,0.213
1020038400000,0.38
1020042000000,0.511
1020045600000,0.593
1020049200000,0.632
1020052800000,0.64
1020056400000,0.605
1020060000000,0.526
1020063600000,0.385
1020067200000,0.169
1020070800000,0.015
1020074400000,0.0
1020078000000,0.0
1020081600000,0.0
1020085200000,0.0
1020088800000,0.0
1020092400000,0.0
1020096000000,0.0
1020099600000,0.0
1020103200000,0.0
1020106800000,0.0
1020110400000,0.0
1020114000000,0.0
1020117600000,0.106
1020121200000,0.318
1020124800000,0.494
1020128400000,0.625
1020132000000,0.707
1020135600000,0.738
1020139200000,0.722
1020142800000,0.654
1020146400000,0.54
1020150000000,0.372
1020153600000,0.183
1020157200000,0.012
1020160800000,0.0
1020164400000,0.0
1020168000000,0.0
1020171600000,0.0
1020175200000,0.0
1020178800000,0.0
1020182400000,0.0
1020186000000,0.0
1020189600000,0.0
1020193200000,0.0
1020196800000,0.0
1020200400000,0.0
1020204000000,0.107
1020207600000,0.29
1020211200000,0.448
1020214800000,0.577
1020218400000,0.621
1020222000000,0.626
1020225600000,0.531
1020229200000,0.421
1020232800000,0.313
1020236400000,0.21
1020240000000,0.097
1020243600000,0.005
1020247200000,0.0
1020250800000,0.0
1020254400000,0.0
1020258000000,0.0
1020261600000,0.0
1020265200000,0.0
1020268800000,0.0
1020272400000,0.0
1020276000000,0.0
1020279600000,0.0
1020283200000,0.0
1020286800000,0.0
1020290400000,0.044
1020294000000,0.147
1020297600000,0.302
1020301200000,0.403
1020304800000,0.475
1020308400000,0.485
1020312000000,0.466
1020315600000,0.409
1020319200000,0.312
1020322800000,0.22
1020326400000,0.116
1020330000000,0.013
1020333600000,0.0
1020337200000,0.0
1020340800000,0.0
1020344400000,0.0
1020348000000,0.0
1020351600000,0.0
1020355200000,0.0
1020358800000,0.0
1020362400000,0.0
1020366000000,0.0
1020369600000,0.0
1020373200000,0.0
1020376800000,0.087
1020380400000,0.257
1020384000000,0.456
1020387600000,0.596
1020391200000,0.677
1020394800000,0.701
1020398400000,0.681
1020402000000,0.616
1020405600000,0.497
1020409200000,0.34
1020412800000,0.159
1020416400000,0.014
1020420000000,0.0
1020423600000,0.0
1020427200000,0.0
1020430800000,0.0
1020434400000,0.0
1020438000000,0.0
1020441600000,0.0
1020445200000,0.0
1020448800000,0.0
1020452400000,0.0
1020456000000,0.0
1020459600000,0.0
1020463200000,0.087
1020466800000,0.272
1020470400000,0.476
1020474000000,0.611
1020477600000,0.684
1020481200000,0.71
1020484800000,0.684
1020488400000,0.613
1020492000000,0.498
1020495600000,0.348
1020499200000,0.17
1020502800000,0.013
1020506400000,0.0
1020510000000,0.0
1020513600000,0.0
1020517200000,0.0
1020520800000,0.0
1020524400000,0.0
1020528000000,0.0
1020531600000,0.0
1020535200000,0.0
1020538800000,0.0
1020542400000,0.0
1020546000000,0.0
1020549600000,0.124
1020553200000,0.323
1020556800000,0.503
1020560400000,0.637
1020564000000,0.71
1020567600000,0.725
1020571200000,0.697
1020574800000,0.631
1020578400000,0.508
1020582000000,0.334
1020585600000,0.142
1020589200000,0.01
1020592800000,0.0
1020596400000,0.0
1020600000000,0.0
1020603600000,0.0
1020607200000,0.0
1020610800000,0.0
1020614400000,0.0
1020618000000,0.0
1020621600000,0.0
1020625200000,0.0
1020628800000,0.0
1020632400000,0.0
1020636000000,0.111
1020639600000,0.309
1020643200000,0.491
1020646800000,0.621
1020650400000,0.685
1020654000000,0.654
1020657600000,0.59
1020661200000,0.447
1020664800000,0.305
1020668400000,0.188
1020672000000,0.078
1020675600000,0.004
1020679200000,0.0
1020682800000,0.0
1020686400000,0.0
1020690000000,0.0
1020693600000,0.0
1020697200000,0.0
1020700800000,0.0
1020704400000,0.0
1020708000000,0.0
1020711600000,0.0
1020715200000,0.0
1020718800000,0.0
1020722400000,0.096
1020726000000,0.286
1020729600000,0.469
1020733200000,0.591
1020736800000,0.651
1020740400000,0.633
1020744000000,0.602
1020747600000,0.48
1020751200000,0.298
1020754800000,0.198
1020758400000,0.079
1020762000000,0.002
1020765600000,0.0
1020769200000,0.0
1020772800000,0.0
1020776400000,0.0
1020780000000,0.0
1020783600000,0.0
1020787200000,0.0
1020790800000,0.0
1020794400000,0.0
1020798000000,0.0
1020801600000,0.0
1020805200000,0.0
1020808800000,0.052
1020812400000,0.168
1020816000000,0.3
1020819600000,0.417
1020823200000,0.486
1020826800000,0.493
1020830400000,0.44
1020834000000,0.355
1020837600000,0.243
1020841200000,0.137
1020844800000,0.053
1020848400000,0.0
1020852000000,0.0
1020855600000,0.0
1020859200000,0.0
1020862800000,0.0
1020866400000,0.0
1020870000000,0.0
1020873600000,0.0
1020877200000,0.0
1020880800000,0.0
1020884400000,0.0
1020888000000,0.0
1020891600000,0.0
1020895200000,0.072
1020898800000,0.202
1020902400000,0.324
1020906000000,0.435
1020909600000,0.509
1020913200000,0.514
1020916800000,0.484
1020920400000,0.405
1020924000000,0.307
1020927600000,0.189
1020931200000,0.084
1020934800000,0.004
1020938400000,0.0
1020942000000,0.0
1020945600000,0.0
1020949200000,0.0
1020952800000,0.0
1020956400000,0.0
1020960000000,0.0
1020963600000,0.0
1020967200000,0.0
1020970800000,0.0
1020974400000,0.0
1020978000000,0.0
1020981600000,0.045
1020985200000,0.106
1020988800000,0.168
1020992400000,0.249
1020996000000,0.322
1020999600000,0.385
1021003200000,0.398
1021006800000,0.326
1021010400000,0.214
1021014000000,0.121
1021017600000,0.051
1021021200000,0.0
1021024800000,0.0
1021028400000,0.0
1021032000000,0.0
1021035600000,0.0
1021039200000,0.0
1021042800000,0.0
1021046400000,0.0
1021050000000,0.0
1021053600000,0.0
1021057200000,0.0
1021060800000,0.0
1021064400000,0.0
1021068000000,0.078
1021071600000,0.237
1021075200000,0.418
1021078800000,0.544
1021082400000,0.626
1021086000000,0.656
1021089600000,0.638
1021093200000,0.569
1021096800000,0.454
1021100400000,0.307
1021104000000,0.136
1021107600000,0.011
1021111200000,0.0
1021114800000,0.0
1021118400000,0.0
1021122000000,0.0
1021125600000,0.0
1021129200000,0.0
1021132800000,0.0
1021136400000,0.0
1021140000000,0.0
1021143600000,0.0
1021147200000,0.0
1021150800000,0.0
1021154400000,0.081
1021158000000,0.242
1021161600000,0.392
1021165200000,0.512
1021168800000,0.584
1021172400000,0.585
1021176000000,0.537
1021179600000,0.439
1021183200000,0.33
1021186800000,0.187
1021190400000,0.068
1021194000000,0.001
1021197600000,0.0
1021201200000,0.0
1021204800000,0.0
1021208400000,0.0
1021212000000,0.0
1021215600000,0.0
1021219200000,0.0
1021222800000,0.0
1021226400000,0.0
1021230000000,0.0
1021233600000,0.0
1021237200000,0.0
1021240800000,0.08
1021244400000,0.248
1021248000000,0.448
1021251600000,0.557
1021255200000,0.587
1021258800000,0.618
1021262400000,0.58
1021266000000,0.493
1021269600000,0.363
1021273200000,0.214
1021276800000,0.081
1021280400000,0.003
1021284000000,0.0
1021287600000,0.0
1021291200000,0.0
1021294800000,0.0
1021298400000,0.0
1021302000000,0.0
1021305600000,0.0
1021309200000,0.0
1021312800000,0.0
1021316400000,0.0
1021320000000,0.0
1021323600000,0.0
1021327200000,0.075
1021330800000,0.26
1021334400000,0.441
1021338000000,0.552
1021341600000,0.597
1021345200000,0.588
1021348800000,0.561
1021352400000,0.517
1021356000000,0.413
1021359600000,0.285
1021363200000,0.117
1021366800000,0.011
1021370400000,0.0
1021374000000,0.0
1021377600000,0.0
1021381200000,0.0
1021384800000,0.0
1021388400000,0.0
1021392000000,0.0
1021395600000,0.0
1021399200000,0.0
1021402800000,0.0
1021406400000,0.0
1021410000000,0.0
1021413600000,0.058
1021417200000,0.167
1021420800000,0.293
1021424400000,0.389
1021428000000,0.485
1021431600000,0.502
1021435200000,0.493
1021438800000,0.445
1021442400000,0.345
1021446000000,0.235
1021449600000,0.12
1021453200000,0.01
1021456800000,0.0
1021460400000,0.0
1021464000000,0.0
1021467600000,0.0
1021471200000,0.0
1021474800000,0.0
1021478400000,0.0
1021482000000,0.0
1021485600000,0.0
1021489200000,0.0
1021492800000,0.0
1021496400000,0.0
1021500000000,0.092
1021503600000,0.258
1021507200000,0.436
1021510800000,0.548
1021514400000,0.6
1021518000000,0.599
1021521600000,0.545
1021525200000,0.479
1021528800000,0.378
1021532400000,0.263
1021536000000,0.114
1021539600000,0.009
1021543200000,0.0
1021546800000,0.0
1021550400000,0.0
1021554000000,0.0
1021557600000,0.0
1021561200000,0.0
1021564800000,0.0
1021568400000,0.0
1021572000000,0.0
1021575600000,0.0
1021579200000,0.0
1021582800000,0.0
1021586400000,0.052
1021590000000,0.157
1021593600000,0.255
1021597200000,0.32
1021600800000,0.373
1021604400000,0.418
1021608000000,0.417
1021611600000,0.378
1021615200000,0.305
1021618800000,0.178
1021622400000,0.078
1021626000000,0.003
1021629600000,0.0
1021633200000,0.0
1021636800000,0.0
1021640400000,0.0
1021644000000,0.0
1021647600000,0.0
1021651200000,0.0
1021654800000,0.0
1021658400000,0.0
1021662000000,0.0
1021665600000,0.0
1021669200000,0.0
1021672800000,0.045
1021676400000,0.15
1021680000000,0.279
1021683600000,0.356
1021687200000,0.403
1021690800000,0.396
1021694400000,0.369
1021698000000,0.308
1021701600000,0.243
1021705200000,0.136
1021708800000,0.057
1021712400000,0.001
1021716000000,0.0
1021719600000,0.0
1021723200000,0.0
1021726800000,0.0
1021730400000,0.0
1021734000000,0.0
1021737600000,0.0
1021741200000,0.0
1021744800000,0.0
1021748400000,0.0
1021752000000,0.0
1021755600000,0.0
1021759200000,0.103
1021762800000,0.237
1021766400000,0.329
1021770000000,0.409
1021773600000,0.464
1021777200000,0.467
1021780800000,0.426
1021784400000,0.355
1021788000000,0.203
1021791600000,0.119
1021795200000,0.046
1021798800000,0.0
1021802400000,0.0
1021806000000,0.0
1021809600000,0.0
1021813200000,0.0
1021816800000,0.0
1021820400000,0.0
1021824000000,0.0
1021827600000,0.0
1021831200000,0.0
1021834800000,0.0
1021838400000,0.0
1021842000000,0.0
1021845600000,0.064
1021849200000,0.216
1021852800000,0.377
1021856400000,0.481
1021860000000,0.559
1021863600000,0.572
1021867200000,0.559
1021870800000,0.468
1021874400000,0.281
1021878000000,0.153
1021881600000,0.056
1021885200000,0.0
1021888800000,0.0
1021892400000,0.0
1021896000000,0.0
1021899600000,0.0
1021903200000,0.0
1021906800000,0.0
1021910400000,0.0
1021914000000,0.0
1021917600000,0.0
1021921200000,0.0
1021924800000,0.0
1021928400000,0.0
1021932000000,0.052
1021935600000,0.174
1021939200000,0.303
1021942800000,0.373
1021946400000,0.409
1021950000000,0.404
1021953600000,0.374
1021957200000,0.275
1021960800000,0.194
1021964400000,0.108
1021968000000,0.037
1021971600000,0.0
1021975200000,0.0
1021978800000,0.0
1021982400000,0.0
1021986000000,0.0
1021989600000,0.0
1021993200000,0.0
1021996800000,0.0
1022000400000,0.0
1022004000000,0.0
1022007600000,0.0
1022011200000,0.0
1022014800000,0.0
1022018400000,0.026
1022022000000,0.098
1022025600000,0.195
1022029200000,0.299
1022032800000,0.415
1022036400000,0.507
1022040000000,0.508
1022043600000,0.45
1022047200000,0.328
1022050800000,0.193
1022054400000,0.074
1022058000000,0.002
1022061600000,0.0
1022065200000,0.0
1022068800000,0.0
1022072400000,0.0
1022076000000,0.0
1022079600000,0.0
1022083200000,0.0
1022086800000,0.0
1022090400000,0.0
1022094000000,0.0
1022097600000,0.0
1022101200000,0.0
1022104800000,0.084
1022108400000,0.212
1022112000000,0.34
1022115600000,0.455
1022119200000,0.532
1022122800000,0.566
1022126400000,0.556
1022130000000,0.501
1022133600000,0.399
1022137200000,0.264
1022140800000,0.115
1022144400000,0.007
1022148000000,0.0
1022151600000,0.0
1022155200000,0.0
1022158800000,0.0
1022162400000,0.0
1022166000000,0.0
1022169600000,0.0
1022173200000,0.0
1022176800000,0.0
1022180400000,0.0
1022184000000,0.0
1022187600000,0.0
1022191200000,0.09
1022194800000,0.257
1022198400000,0.419
1022202000000,0.548
1022205600000,0.623
1022209200000,0.647
1022212800000,0.608
1022216400000,0.532
1022220000000,0.408
1022223600000,0.277
1022227200000,0.122
1022230800000,0.012
1022234400000,0.0
1022238000000,0.0
1022241600000,0.0
1022245200000,0.0
1022248800000,0.0
1022252400000,0.0
1022256000000,0.0
1022259600000,0.0
1022263200000,0.0
1022266800000,0.0
1022270400000,0.0
1022274000000,0.0
1022277600000,0.059
1022281200000,0.173
1022284800000,0.305
1022288400000,0.436
1022292000000,0.532
1022295600000,0.586
1022299200000,0.554
1022302800000,0.501
1022306400000,0.408
1022310000000,0.253
1022313600000,0.111
1022317200000,0.008
1022320800000,0.0
1022324400000,0.0
1022328000000,0.0
1022331600000,0.0
1022335200000,0.0
1022338800000,0.0
1022342400000,0.0
1022346000000,0.0
1022349600000,0.0
1022353200000,0.0
1022356800000,0.0
1022360400000,0.0
1022364000000,0.069
1022367600000,0.187
1022371200000,0.299
1022374800000,0.392
1022378400000,0.446
1022382000000,0.465
1022385600000,0.433
1022389200000,0.387
1022392800000,0.314
1022396400000,0.203
1022400000000,0.091
1022403600000,0.005
1022407200000,0.0
1022410800000,0.0
1022414400000,0.0
1022418000000,0.0
1022421600000,0.0
1022425200000,0.0
1022428800000,0.0
1022432400000,0.0
1022436000000,0.0
1022439600000,0.0
1022443200000,0.0
1022446800000,0.0
1022450400000,0.035
1022454000000,0.118
1022457600000,0.208
1022461200000,0.285
1022464800000,0.341
1022468400000,0.353
1022472000000,0.345
1022475600000,0.306
1022479200000,0.217
1022482800000,0.127
1022486400000,0.051
1022490000000,0.002
1022493600000,0.0
1022497200000,0.0
1022500800000,0.0
1022504400000,0.0
1022508000000,0.0
1022511600000,0.0
1022515200000,0.0
1022518800000,0.0
1022522400000,0.0
1022526000000,0.0
1022529600000,0.0
1022533200000,0.0
1022536800000,0.088
1022540400000,0.252
1022544000000,0.4
1022547600000,0.49
1022551200000,0.534
1022554800000,0.545
1022558400000,0.514
1022562000000,0.442
1022565600000,0.26
1022569200000,0.149
1022572800000,0.053
1022576400000,0.001
1022580000000,0.0
1022583600000,0.0
1022587200000,0.0
1022590800000,0.0
1022594400000,0.0
1022598000000,0.0
1022601600000,0.0
1022605200000,0.0
1022608800000,0.0
1022612400000,0.0
1022616000000,0.0
1022619600000,0.0
1022623200000,0.026
1022626800000,0.113
1022630400000,0.229
1022634000000,0.37
1022637600000,0.464
1022641200000,0.445
1022644800000,0.416
1022648400000,0.357
1022652000000,0.284
1022655600000,0.197
1022659200000,0.091
1022662800000,0.007
1022666400000,0.0
1022670000000,0.0
1022673600000,0.0
1022677200000,0.0
1022680800000,0.0
1022684400000,0.0
1022688000000,0.0
1022691600000,0.0
1022695200000,0.0
1022698800000,0.0
1022702400000,0.0
1022706000000,0.0
1022709600000,0.079
1022713200000,0.218
1022716800000,0.371
1022720400000,0.5
1022724000000,0.553
1022727600000,0.558
1022731200000,0.465
1022734800000,0.35
1022738400000,0.232
1022742000000,0.124
1022745600000,0.045
1022749200000,0.0
1022752800000,0.0
1022756400000,0.0
1022760000000,0.0
1022763600000,0.0
1022767200000,0.0
1022770800000,0.0
1022774400000,0.0
1022778000000,0.0
1022781600000,0.0
1022785200000,0.0
1022788800000,0.0
1022792400000,0.0
1022796000000,0.032
1022799600000,0.115
1022803200000,0.222
1022806800000,0.33
1022810400000,0.425
1022814000000,0.472
1022817600000,0.474
1022821200000,0.437
1022824800000,0.353
1022828400000,0.254
1022832000000,0.128
1022835600000,0.013
1022839200000,0.0
1022842800000,0.0
1022846400000,0.0
1022850000000,0.0
1022853600000,0.0
1022857200000,0.0
1022860800000,0.0
1022864400000,0.0
1022868000000,0.0
1022871600000,0.0
1022875200000,0.0
1022878800000,0.0
1022882400000,0.068
1022886000000,0.201
1022889600000,0.364
1022893200000,0.5
1022896800000,0.585
1022900400000,0.602
1022904000000,0.561
1022907600000,0.476
1022911200000,0.357
1022914800000,0.201
1022918400000,0.075
1022922000000,0.003
1022925600000,0.0
1022929200000,0.0
1022932800000,0.0
1022936400000,0.0
1022940000000,0.0
1022943600000,0.0
1022947200000,0.0
1022950800000,0.0
1022954400000,0.0
1022958000000,0.0
1022961600000,0.0
1022965200000,0.0
1022968800000,0.046
1022972400000,0.147
1022976000000,0.272
1022979600000,0.38
1022983200000,0.439
1022986800000,0.459
1022990400000,0.453
1022994000000,0.436
1022997600000,0.331
1023001200000,0.211
1023004800000,0.085
1023008400000,0.003
1023012000000,0.0
1023015600000,0.0
1023019200000,0.0
1023022800000,0.0
1023026400000,0.0
1023030000000,0.0
1023033600000,0.0
1023037200000,0.0
1023040800000,0.0
1023044400000,0.0
1023048000000,0.0
1023051600000,0.0
1023055200000,0.058
1023058800000,0.189
1023062400000,0.339
1023066000000,0.444
1023069600000,0.521
1023073200000,0.551
1023076800000,0.511
1023080400000,0.428
1023084000000,0.293
1023087600000,0.152
1023091200000,0.05
1023094800000,0.0
1023098400000,0.0
1023102000000,0.0
1023105600000,0.0
1023109200000,0.0
1023112800000,0.0
1023116400000,0.0
1023120000000,0.0
1023123600000,0.0
1023127200000,0.0
1023130800000,0.0
1023134400000,0.0
1023138000000,0.0
1023141600000,0.057
1023145200000,0.181
1023148800000,0.334
1023152400000,0.456
1023156000000,0.564
1023159600000,0.601
1023163200000,0.562
1023166800000,0.438
1023170400000,0.286
1023174000000,0.147
1023177600000,0.04
1023181200000,0.0
1023184800000,0.0
1023188400000,0.0
1023192000000,0.0
1023195600000,0.0
1023199200000,0.0
1023202800000,0.0
1023206400000,0.0
1023210000000,0.0
1023213600000,0.0
1023217200000,0.0
1023220800000,0.0
1023224400000,0.0
1023228000000,0.073
1023231600000,0.199
1023235200000,0.326
1023238800000,0.425
1023242400000,0.488
1023246000000,0.497
1023249600000,0.46
1023253200000,0.38
1023256800000,0.28
1023260400000,0.175
1023264000000,0.081
1023267600000,0.005
1023271200000,0.0
1023274800000,0.0
1023278400000,0.0
1023282000000,0.0
1023285600000,0.0
1023289200000,0.0
1023292800000,0.0
1023296400000,0.0
1023300000000,0.0
1023303600000,0.0
1023307200000,0.0
1023310800000,0.0
1023314400000,0.044
1023318000000,0.128
1023321600000,0.194
1023325200000,0.244
1023328800000,0.285
1023332400000,0.303
1023336000000,0.278
1023339600000,0.249
1023343200000,0.194
1023346800000,0.108
1023350400000,0.031
1023354000000,0.0
1023357600000,0.0
1023361200000,0.0
1023364800000,0.0
1023368400000,0.0
1023372000000,0.0
1023375600000,0.0
1023379200000,0.0
1023382800000,0.0
1023386400000,0.0
1023390000000,0.0
1023393600000,0.0
1023397200000,0.0
1023400800000,0.047
1023404400000,0.167
1023408000000,0.27
1023411600000,0.336
1023415200000,0.367
1023418800000,0.372
1023422400000,0.343
1023426000000,0.293
1023429600000,0.228
1023433200000,0.151
1023436800000,0.068
1023440400000,0.006
1023444000000,0.0
1023447600000,0.0
1023451200000,0.0
1023454800000,0.0
1023458400000,0.0
1023462000000,0.0
1023465600000,0.0
1023469200000,0.0
1023472800000,0.0
1023476400000,0.0
1023480000000,0.0
1023483600000,0.0
1023487200000,0.087
1023490800000,0.237
1023494400000,0.382
1023498000000,0.474
1023501600000,0.5
1023505200000,0.502
1023508800000,0.471
1023512400000,0.393
1023516000000,0.266
1023519600000,0.172
1023523200000,0.066
1023526800000,0.003
1023530400000,0.0
1023534000000,0.0
1023537600000,0.0
1023541200000,0.0
1023544800000,0.0
1023548400000,0.0
1023552000000,0.0
1023555600000,0.0
1023559200000,0.0
1023562800000,0.0
1023566400000,0.0
1023570000000,0.0
1023573600000,0.094
1023577200000,0.262
1023580800000,0.424
1023584400000,0.558
1023588000000,0.625
1023591600000,0.639
1023595200000,0.626
1023598800000,0.57
1023602400000,0.452
1023606000000,0.31
1023609600000,0.146
1023613200000,0.014
1023616800000,0.0
1023620400000,0.0
1023624000000,0.0
1023627600000,0.0
1023631200000,0.0
1023634800000,0.0
1023638400000,0.0
1023642000000,0.0
1023645600000,0.0
1023649200000,0.0
1023652800000,0.0
1023656400000,0.0
1023660000000,0.096
1023663600000,0.248
1023667200000,0.387
1023670800000,0.502
1023674400000,0.576
1023678000000,0.611
1023681600000,0.61
1023685200000,0.565
1023688800000,0.476
1023692400000,0.339
1023696000000,0.174
1023699600000,0.018
1023703200000,0.0
1023706800000,0.0
1023710400000,0.0
1023714000000,0.0
1023717600000,0.0
1023721200000,0.0
1023724800000,0.0
1023728400000,0.0
1023732000000,0.0
1023735600000,0.0
1023739200000,0.0
1023742800000,0.0
1023746400000,0.113
1023750000000,0.302
1023753600000,0.478
1023757200000,0.598
1023760800000,0.666
1023764400000,0.691
1023768000000,0.672
1023771600000,0.612
1023775200000,0.498
1023778800000,0.35
1023782400000,0.171
1023786000000,0.017
1023789600000,0.0
1023793200000,0.0
1023796800000,0.0
1023800400000,0.0
1023804000000,0.0
1023807600000,0.0
1023811200000,0.0
1023814800000,0.0
1023818400000,0.0
1023822000000,0.0
1023825600000,0.0
1023829200000,0.0
1023832800000,0.091
1023836400000,0.231
1023840000000,0.361
1023843600000,0.454
1023847200000,0.488
1023850800000,0.464
1023854400000,0.417
1023858000000,0.317
1023861600000,0.24
1023865200000,0.158
1023868800000,0.073
1023872400000,0.004
1023876000000,0.0
1023879600000,0.0
1023883200000,0.0
1023886800000,0.0
1023890400000,0.0
1023894000000,0.0
1023897600000,0.0
1023901200000,0.0
1023904800000,0.0
1023908400000,0.0
1023912000000,0.0
1023915600000,0.0
1023919200000,0.056
1023922800000,0.181
1023926400000,0.33
1023930000000,0.451
1023933600000,0.548
1023937200000,0.605
1023940800000,0.612
1023944400000,0.572
1023948000000,0.483
1023951600000,0.345
1023955200000,0.179
1023958800000,0.019
1023962400000,0.0
1023966000000,0.0
1023969600000,0.0
1023973200000,0.0
1023976800000,0.0
1023980400000,0.0
1023984000000,0.0
1023987600000,0.0
1023991200000,0.0
1023994800000,0.0
1023998400000,0.0
1024002000000,0.0
1024005600000,0.062
1024009200000,0.183
1024012800000,0.331
1024016400000,0.428
1024020000000,0.498
1024023600000,0.53
1024027200000,0.518
1024030800000,0.471
1024034400000,0.353
1024038000000,0.227
1024041600000,0.095
1024045200000,0.006
1024048800000,0.0
1024052400000,0.0
1024056000000,0.0
1024059600000,0.0
1024063200000,0.0
1024066800000,0.0
1024070400000,0.0
1024074000000,0.0
1024077600000,0.0
1024081200000,0.0
1024084800000,0.0
1024088400000,0.0
1024092000000,0.055
1024095600000,0.159
1024099200000,0.286
1024102800000,0.391
1024106400000,0.479
1024110000000,0.511
1024113600000,0.483
1024117200000,0.43
1024120800000,0.343
1024124400000,0.201
1024128000000,0.077
1024131600000,0.003
1024135200000,0.0
1024138800000,0.0
1024142400000,0.0
1024146000000,0.0
1024149600000,0.0
1024153200000,0.0
1024156800000,0.0
1024160400000,0.0
1024164000000,0.0
1024167600000,0.0
1024171200000,0.0
1024174800000,0.0
1024178400000,0.061
1024182000000,0.135
1024185600000,0.195
1024189200000,0.242
1024192800000,0.305
1024196400000,0.352
1024200000000,0.344
1024203600000,0.3
1024207200000,0.236
1024210800000,0.158
1024214400000,0.076
1024218000000,0.005
1024221600000,0.0
1024225200000,0.0
1024228800000,0.0
1024232400000,0.0
1024236000000,0.0
1024239600000,0.0
1024243200000,0.0
1024246800000,0.0
1024250400000,0.0
1024254000000,0.0
1024257600000,0.0
1024261200000,0.0
1024264800000,0.109
1024268400000,0.305
1024272000000,0.451
1024275600000,0.526
1024279200000,0.627
1024282800000,0.602
1024286400000,0.543
1024290000000,0.444
1024293600000,0.333
1024297200000,0.203
1024300800000,0.082
1024304400000,0.002
1024308000000,0.0
1024311600000,0.0
1024315200000,0.0
1024318800000,0.0
1024322400000,0.0
1024326000000,0.0
1024329600000,0.0
1024333200000,0.0
1024336800000,0.0
1024340400000,0.0
1024344000000,0.0
1024347600000,0.0
1024351200000,0.038
1024354800000,0.111
1024358400000,0.17
1024362000000,0.221
1024365600000,0.254
1024369200000,0.259
1024372800000,0.252
1024376400000,0.232
1024380000000,0.196
1024383600000,0.132
1024387200000,0.049
1024390800000,0.0
1024394400000,0.0
1024398000000,0.0
1024401600000,0.0
1024405200000,0.0
1024408800000,0.0
1024412400000,0.0
1024416000000,0.0
1024419600000,0.0
1024423200000,0.0
1024426800000,0.0
1024430400000,0.0
1024434000000,0.0
1024437600000,0.055
1024441200000,0.174
1024444800000,0.306
1024448400000,0.408
1024452000000,0.487
1024455600000,0.499
1024459200000,0.45
1024462800000,0.379
1024466400000,0.285
1024470000000,0.182
1024473600000,0.072
1024477200000,0.004
1024480800000,0.0
1024484400000,0.0
1024488000000,0.0
1024491600000,0.0
1024495200000,0.0
1024498800000,0.0
1024502400000,0.0
1024506000000,0.0
1024509600000,0.0
1024513200000,0.0
1024516800000,0.0
1024520400000,0.0
1024524000000,0.085
1024527600000,0.203
1024531200000,0.277
1024534800000,0.359
1024538400000,0.46
1024542000000,0.508
1024545600000,0.486
1024549200000,0.404
1024552800000,0.269
1024556400000,0.159
1024560000000,0.06
1024563600000,0.001
1024567200000,0.0
1024570800000,0.0
1024574400000,0.0
1024578000000,0.0
1024581600000,0.0
1024585200000,0.0
1024588800000,0.0
1024592400000,0.0
1024596000000,0.0
1024599600000,0.0
1024603200000,0.0
1024606800000,0.0
1024610400000,0.094
1024614000000,0.24
1024617600000,0.35
1024621200000,0.447
1024624800000,0.521
1024628400000,0.551
1024632000000,0.542
1024635600000,0.509
1024639200000,0.413
1024642800000,0.264
1024646400000,0.119
1024650000000,0.01
1024653600000,0.0
1024657200000,0.0
1024660800000,0.0
1024664400000,0.0
1024668000000,0.0
1024671600000,0.0
1024675200000,0.0
1024678800000,0.0
1024682400000,0.0
1024686000000,0.0
1024689600000,0.0
1024693200000,0.0
1024696800000,0.094
1024700400000,0.261
1024704000000,0.382
1024707600000,0.501
1024711200000,0.602
1024714800000,0.631
1024718400000,0.609
1024722000000,0.52
1024725600000,0.386
1024729200000,0.214
1024732800000,0.09
1024736400000,0.006
1024740000000,0.0
1024743600000,0.0
1024747200000,0.0
1024750800000,0.0
1024754400000,0.0
1024758000000,0.0
1024761600000,0.0
1024765200000,0.0
1024768800000,0.0
1024772400000,0.0
1024776000000,0.0
1024779600000,0.0
1024783200000,0.119
1024786800000,0.314
1024790400000,0.481
1024794000000,0.6
1024797600000,0.669
1024801200000,0.691
1024804800000,0.667
1024808400000,0.601
1024812000000,0.479
1024815600000,0.326
1024819200000,0.155
1024822800000,0.014
1024826400000,0.0
1024830000000,0.0
1024833600000,0.0
1024837200000,0.0
1024840800000,0.0
1024844400000,0.0
1024848000000,0.0
1024851600000,0.0
1024855200000,0.0
1024858800000,0.0
1024862400000,0.0
1024866000000,0.0
1024869600000,0.104
1024873200000,0.263
1024876800000,0.424
1024880400000,0.541
1024884000000,0.627
1024887600000,0.645
1024891200000,0.609
1024894800000,0.465
1024898400000,0.363
1024902000000,0.219
1024905600000,0.075
1024909200000,0.003
1024912800000,0.0
1024916400000,0.0
1024920000000,0.0
1024923600000,0.0
1024927200000,0.0
1024930800000,0.0
1024934400000,0.0
1024938000000,0.0
1024941600000,0.0
1024945200000,0.0
1024948800000,0.0
1024952400000,0.0
1024956000000,0.09
1024959600000,0.26
1024963200000,0.39
1024966800000,0.503
1024970400000,0.527
1024974000000,0.537
1024977600000,0.481
1024981200000,0.392
1024984800000,0.297
1024988400000,0.175
1024992000000,0.071
1024995600000,0.002
1024999200000,0.0
1025002800000,0.0
1025006400000,0.0
1025010000000,0.0
1025013600000,0.0
1025017200000,0.0
1025020800000,0.0
1025024400000,0.0
1025028000000,0.0
1025031600000,0.0
1025035200000,0.0
1025038800000,0.0
1025042400000,0.038
1025046000000,0.144
1025049600000,0.295
1025053200000,0.418
1025056800000,0.463
1025060400000,0.482
1025064000000,0.471
1025067600000,0.413
1025071200000,0.303
1025074800000,0.181
1025078400000,0.074
1025082000000,0.005
1025085600000,0.0
1025089200000,0.0
1025092800000,0.0
1025096400000,0.0
1025100000000,0.0
1025103600000,0.0
1025107200000,0.0
1025110800000,0.0
1025114400000,0.0
1025118000000,0.0
1025121600000,0.0
1025125200000,0.0
1025128800000,0.053
1025132400000,0.153
1025136000000,0.269
1025139600000,0.374
1025143200000,0.45
1025146800000,0.492
1025150400000,0.48
1025154000000,0.403
1025157600000,0.283
1025161200000,0.167
1025164800000,0.068
1025168400000,0.004
1025172000000,0.0
1025175600000,0.0
1025179200000,0.0
1025182800000,0.0
1025186400000,0.0
1025190000000,0.0
1025193600000,0.0
1025197200000,0.0
1025200800000,0.0
1025204400000,0.0
1025208000000,0.0
1025211600000,0.0
1025215200000,0.064
1025218800000,0.182
1025222400000,0.283
1025226000000,0.341
1025229600000,0.369
1025233200000,0.358
1025236800000,0.319
1025240400000,0.265
1025244000000,0.204
1025247600000,0.131
1025251200000,0.051
1025254800000,0.0
1025258400000,0.0
1025262000000,0.0
1025265600000,0.0
1025269200000,0.0
1025272800000,0.0
1025276400000,0.0
1025280000000,0.0
1025283600000,0.0
1025287200000,0.0
1025290800000,0.0
1025294400000,0.0
1025298000000,0.0
1025301600000,0.067
1025305200000,0.192
1025308800000,0.318
1025312400000,0.423
1025316000000,0.41
1025319600000,0.347
1025323200000,0.32
1025326800000,0.275
1025330400000,0.196
1025334000000,0.096
1025337600000,0.038
1025341200000,0.0
1025344800000,0.0
1025348400000,0.0
1025352000000,0.0
1025355600000,0.0
1025359200000,0.0
1025362800000,0.0
1025366400000,0.0
1025370000000,0.0
1025373600000,0.0
1025377200000,0.0
1025380800000,0.0
1025384400000,0.0
1025388000000,0.087
1025391600000,0.205
1025395200000,0.312
1025398800000,0.378
1025402400000,0.444
1025406000000,0.472
1025409600000,0.433
1025413200000,0.397
1025416800000,0.302
1025420400000,0.189
1025424000000,0.069
1025427600000,0.002
1025431200000,0.0
1025434800000,0.0
1025438400000,0.0
1025442000000,0.0
1025445600000,0.0
1025449200000,0.0
1025452800000,0.0
1025456400000,0.0
1025460000000,0.0
1025463600000,0.0
1025467200000,0.0
1025470800000,0.0
1025474400000,0.047
1025478000000,0.143
1025481600000,0.268
1025485200000,0.387
1025488800000,0.462
1025492400000,0.465
1025496000000,0.439
1025499600000,0.342
1025503200000,0.254
1025506800000,0.148
1025510400000,0.054
1025514000000,0.001
1025517600000,0.0
1025521200000,0.0
1025524800000,0.0
1025528400000,0.0
1025532000000,0.0
1025535600000,0.0
1025539200000,0.0
1025542800000,0.0
1025546400000,0.0
1025550000000,0.0
1025553600000,0.0
1025557200000,0.0
1025560800000,0.034
1025564400000,0.097
1025568000000,0.181
1025571600000,0.237
1025575200000,0.286
1025578800000,0.307
1025582400000,0.304
1025586000000,0.282
1025589600000,0.213
1025593200000,0.134
1025596800000,0.057
1025600400000,0.002
1025604000000,0.0
1025607600000,0.0
1025611200000,0.0
1025614800000,0.0
1025618400000,0.0
1025622000000,0.0
1025625600000,0.0
1025629200000,0.0
1025632800000,0.0
1025636400000,0.0
1025640000000,0.0
1025643600000,0.0
1025647200000,0.029
1025650800000,0.102
1025654400000,0.216
1025658000000,0.339
1025661600000,0.438
1025665200000,0.468
1025668800000,0.433
1025672400000,0.358
1025676000000,0.273
1025679600000,0.18
1025683200000,0.083
1025686800000,0.004
1025690400000,0.0
1025694000000,0.0
1025697600000,0.0
1025701200000,0.0
1025704800000,0.0
1025708400000,0.0
1025712000000,0.0
1025715600000,0.0
1025719200000,0.0
1025722800000,0.0
1025726400000,0.0
1025730000000,0.0
1025733600000,0.056
1025737200000,0.158
1025740800000,0.266
1025744400000,0.355
1025748000000,0.427
1025751600000,0.439
1025755200000,0.396
1025758800000,0.319
1025762400000,0.233
1025766000000,0.152
1025769600000,0.065
1025773200000,0.002
1025776800000,0.0
1025780400000,0.0
1025784000000,0.0
1025787600000,0.0
1025791200000,0.0
1025794800000,0.0
1025798400000,0.0
1025802000000,0.0
1025805600000,0.0
1025809200000,0.0
1025812800000,0.0
1025816400000,0.0
1025820000000,0.064
1025823600000,0.166
1025827200000,0.257
1025830800000,0.318
1025834400000,0.325
1025838000000,0.305
1025841600000,0.286
1025845200000,0.254
1025848800000,0.191
1025852400000,0.119
1025856000000,0.052
1025859600000,0.001
1025863200000,0.0
1025866800000,0.0
1025870400000,0.0
1025874000000,0.0
1025877600000,0.0
1025881200000,0.0
1025884800000,0.0
1025888400000,0.0
1025892000000,0.0
1025895600000,0.0
1025899200000,0.0
1025902800000,0.0
1025906400000,0.068
1025910000000,0.203
1025913600000,0.341
1025917200000,0.449
1025920800000,0.516
1025924400000,0.525
1025928000000,0.501
1025931600000,0.454
1025935200000,0.367
1025938800000,0.249
1025942400000,0.116
1025946000000,0.012
1025949600000,0.0
1025953200000,0.0
1025956800000,0.0
1025960400000,0.0
1025964000000,0.0
1025967600000,0.0
1025971200000,0.0
1025974800000,0.0
1025978400000,0.0
1025982000000,0.0
1025985600000,0.0
1025989200000,0.0
1025992800000,0.062
1025996400000,0.173
1026000000000,0.282
1026003600000,0.38
1026007200000,0.461
1026010800000,0.507
1026014400000,0.511
1026018000000,0.467
1026021600000,0.396
1026025200000,0.292
1026028800000,0.14
1026032400000,0.016
1026036000000,0.0
1026039600000,0.0
1026043200000,0.0
1026046800000,0.0
1026050400000,0.0
1026054000000,0.0
1026057600000,0.0
1026061200000,0.0
1026064800000,0.0
1026068400000,0.0
1026072000000,0.0
1026075600000,0.0
1026079200000,0.079
1026082800000,0.214
1026086400000,0.347
1026090000000,0.446
1026093600000,0.517
1026097200000,0.56
1026100800000,0.554
1026104400000,0.507
1026108000000,0.408
1026111600000,0.266
1026115200000,0.121
1026118800000,0.013
1026122400000,0.0
1026126000000,0.0
1026129600000,0.0
1026133200000,0.0
1026136800000,0.0
1026140400000,0.0
1026144000000,0.0
1026147600000,0.0
1026151200000,0.0
1026154800000,0.0
1026158400000,0.0
1026162000000,0.0
1026165600000,0.117
1026169200000,0.32
1026172800000,0.492
1026176400000,0.616
1026180000000,0.689
1026183600000,0.714
1026187200000,0.695
1026190800000,0.628
1026194400000,0.514
1026198000000,0.366
1026201600000,0.192
1026205200000,0.026
1026208800000,0.0
1026212400000,0.0
1026216000000,0.0
1026219600000,0.0
1026223200000,0.0
1026226800000,0.0
1026230400000,0.0
1026234000000,0.0
1026237600000,0.0
1026241200000,0.0
1026244800000,0.0
1026248400000,0.0
1026252000000,0.122
1026255600000,0.32
1026259200000,0.491
1026262800000,0.613
1026266400000,0.684
1026270000000,0.712
1026273600000,0.697
1026277200000,0.637
1026280800000,0.529
1026284400000,0.38
1026288000000,0.191
1026291600000,0.025
1026295200000,0.0
1026298800000,0.0
1026302400000,0.0
1026306000000,0.0
1026309600000,0.0
1026313200000,0.0
1026316800000,0.0
1026320400000,0.0
1026324000000,0.0
1026327600000,0.0
1026331200000,0.0
1026334800000,0.0
1026338400000,0.09
1026342000000,0.239
1026345600000,0.357
1026349200000,0.392
1026352800000,0.399
1026356400000,0.455
1026360000000,0.471
1026363600000,0.4
1026367200000,0.342
1026370800000,0.246
1026374400000,0.118
1026378000000,0.013
1026381600000,0.0
1026385200000,0.0
1026388800000,0.0
1026392400000,0.0
1026396000000,0.0
1026399600000,0.0
1026403200000,0.0
1026406800000,0.0
1026410400000,0.0
1026414000000,0.0
1026417600000,0.0
1026421200000,0.0
1026424800000,0.054
1026428400000,0.173
1026432000000,0.331
1026435600000,0.471
1026439200000,0.577
1026442800000,0.587
1026446400000,0.538
1026450000000,0.397
1026453600000,0.271
1026457200000,0.173
1026460800000,0.077
1026464400000,0.005
1026468000000,0.0
1026471600000,0.0
1026475200000,0.0
1026478800000,0.0
1026482400000,0.0
1026486000000,0.0
1026489600000,0.0
1026493200000,0.0
1026496800000,0.0
1026500400000,0.0
1026504000000,0.0
1026507600000,0.0
1026511200000,0.056
1026514800000,0.161
1026518400000,0.275
1026522000000,0.387
1026525600000,0.478
1026529200000,0.52
1026532800000,0.523
1026536400000,0.482
1026540000000,0.39
1026543600000,0.265
1026547200000,0.117
1026550800000,0.011
1026554400000,0.0
1026558000000,0.0
1026561600000,0.0
1026565200000,0.0
1026568800000,0.0
1026572400000,0.0
1026576000000,0.0
1026579600000,0.0
1026583200000,0.0
1026586800000,0.0
1026590400000,0.0
1026594000000,0.0
1026597600000,0.061
1026601200000,0.172
1026604800000,0.282
1026608400000,0.366
1026612000000,0.399
1026615600000,0.392
1026619200000,0.358
1026622800000,0.326
1026626400000,0.271
1026630000000,0.181
1026633600000,0.085
1026637200000,0.005
1026640800000,0.0
1026644400000,0.0
1026648000000,0.0
1026651600000,0.0
1026655200000,0.0
1026658800000,0.0
1026662400000,0.0
1026666000000,0.0
1026669600000,0.0
1026673200000,0.0
1026676800000,0.0
1026680400000,0.0
1026684000000,0.054
1026687600000,0.182
1026691200000,0.355
1026694800000,0.516
1026698400000,0.61
1026702000000,0.629
1026705600000,0.604
1026709200000,0.542
1026712800000,0.447
1026716400000,0.31
1026720000000,0.157
1026723600000,0.017
1026727200000,0.0
1026730800000,0.0
1026734400000,0.0
1026738000000,0.0
1026741600000,0.0
1026745200000,0.0
1026748800000,0.0
1026752400000,0.0
1026756000000,0.0
1026759600000,0.0
1026763200000,0.0
1026766800000,0.0
1026770400000,0.116
1026774000000,0.292
1026777600000,0.463
1026781200000,0.546
1026784800000,0.617
1026788400000,0.652
1026792000000,0.644
1026795600000,0.598
1026799200000,0.48
1026802800000,0.266
1026806400000,0.093
1026810000000,0.005
1026813600000,0.0
1026817200000,0.0
1026820800000,0.0
1026824400000,0.0
1026828000000,0.0
1026831600000,0.0
1026835200000,0.0
1026838800000,0.0
1026842400000,0.0
1026846000000,0.0
1026849600000,0.0
1026853200000,0.0
1026856800000,0.076
1026860400000,0.201
1026864000000,0.333
1026867600000,0.433
1026871200000,0.487
1026874800000,0.522
1026878400000,0.552
1026882000000,0.512
1026885600000,0.42
1026889200000,0.286
1026892800000,0.128
1026896400000,0.011
1026900000000,0.0
1026903600000,0.0
1026907200000,0.0
1026910800000,0.0
1026914400000,0.0
1026918000000,0.0
1026921600000,0.0
1026925200000,0.0
1026928800000,0.0
1026932400000,0.0
1026936000000,0.0
1026939600000,0.0
1026943200000,0.074
1026946800000,0.198
1026950400000,0.305
1026954000000,0.36
1026957600000,0.415
1026961200000,0.458
1026964800000,0.439
1026968400000,0.311
1026972000000,0.2
1026975600000,0.104
1026979200000,0.035
1026982800000,0.0
1026986400000,0.0
1026990000000,0.0
1026993600000,0.0
1026997200000,0.0
1027000800000,0.0
1027004400000,0.0
1027008000000,0.0
1027011600000,0.0
1027015200000,0.0
1027018800000,0.0
1027022400000,0.0
1027026000000,0.0
1027029600000,0.057
1027033200000,0.175
1027036800000,0.304
1027040400000,0.41
1027044000000,0.457
1027047600000,0.446
1027051200000,0.416
1027054800000,0.379
1027058400000,0.325
1027062000000,0.228
1027065600000,0.104
1027069200000,0.008
1027072800000,0.0
1027076400000,0.0
1027080000000,0.0
1027083600000,0.0
1027087200000,0.0
1027090800000,0.0
1027094400000,0.0
1027098000000,0.0
1027101600000,0.0
1027105200000,0.0
1027108800000,0.0
1027112400000,0.0
1027116000000,0.102
1027119600000,0.278
1027123200000,0.466
1027126800000,0.59
1027130400000,0.651
1027134000000,0.644
1027137600000,0.587
1027141200000,0.476
1027144800000,0.37
1027148400000,0.236
1027152000000,0.119
1027155600000,0.013
1027159200000,0.0
1027162800000,0.0
1027166400000,0.0
1027170000000,0.0
1027173600000,0.0
1027177200000,0.0
1027180800000,0.0
1027184400000,0.0
1027188000000,0.0
1027191600000,0.0
1027195200000,0.0
1027198800000,0.0
1027202400000,0.111
1027206000000,0.286
1027209600000,0.462
1027213200000,0.575
1027216800000,0.635
1027220400000,0.649
1027224000000,0.627
1027227600000,0.562
1027231200000,0.471
1027234800000,0.34
1027238400000,0.169
1027242000000,0.019
1027245600000,0.0
1027249200000,0.0
1027252800000,0.0
1027256400000,0.0
1027260000000,0.0
1027263600000,0.0
1027267200000,0.0
1027270800000,0.0
1027274400000,0.0
1027278000000,0.0
1027281600000,0.0
1027285200000,0.0
1027288800000,0.073
1027292400000,0.208
1027296000000,0.378
1027299600000,0.532
1027303200000,0.613
1027306800000,0.597
1027310400000,0.542
1027314000000,0.47
1027317600000,0.367
1027321200000,0.227
1027324800000,0.091
1027328400000,0.005
1027332000000,0.0
1027335600000,0.0
1027339200000,0.0
1027342800000,0.0
1027346400000,0.0
1027350000000,0.0
1027353600000,0.0
1027357200000,0.0
1027360800000,0.0
1027364400000,0.0
1027368000000,0.0
1027371600000,0.0
1027375200000,0.087
1027378800000,0.253
1027382400000,0.407
1027386000000,0.504
1027389600000,0.512
1027393200000,0.488
1027396800000,0.429
1027400400000,0.344
1027404000000,0.272
1027407600000,0.205
1027411200000,0.106
1027414800000,0.012
1027418400000,0.0
1027422000000,0.0
1027425600000,0.0
1027429200000,0.0
1027432800000,0.0
1027436400000,0.0
1027440000000,0.0
1027443600000,0.0
1027447200000,0.0
1027450800000,0.0
1027454400000,0.0
1027458000000,0.0
1027461600000,0.078
1027465200000,0.235
1027468800000,0.413
1027472400000,0.546
1027476000000,0.622
1027479600000,0.619
1027483200000,0.583
1027486800000,0.498
1027490400000,0.363
1027494000000,0.213
1027497600000,0.08
1027501200000,0.005
1027504800000,0.0
1027508400000,0.0
1027512000000,0.0
1027515600000,0.0
1027519200000,0.0
1027522800000,0.0
1027526400000,0.0
1027530000000,0.0
1027533600000,0.0
1027537200000,0.0
1027540800000,0.0
1027544400000,0.0
1027548000000,0.077
1027551600000,0.222
1027555200000,0.381
1027558800000,0.51
1027562400000,0.54
1027566000000,0.527
1027569600000,0.483
1027573200000,0.426
1027576800000,0.322
1027580400000,0.191
1027584000000,0.078
1027587600000,0.004
1027591200000,0.0
1027594800000,0.0
1027598400000,0.0
1027602000000,0.0
1027605600000,0.0
1027609200000,0.0
1027612800000,0.0
1027616400000,0.0
1027620000000,0.0
1027623600000,0.0
1027627200000,0.0
1027630800000,0.0
1027634400000,0.102
1027638000000,0.287
1027641600000,0.436
1027645200000,0.558
1027648800000,0.643
1027652400000,0.66
1027656000000,0.631
1027659600000,0.512
1027663200000,0.322
1027666800000,0.163
1027670400000,0.075
1027674000000,0.005
1027677600000,0.0
1027681200000,0.0
1027684800000,0.0
1027688400000,0.0
1027692000000,0.0
1027695600000,0.0
1027699200000,0.0
1027702800000,0.0
1027706400000,0.0
1027710000000,0.0
1027713600000,0.0
1027717200000,0.0
1027720800000,0.088
1027724400000,0.255
1027728000000,0.42
1027731600000,0.544
1027735200000,0.615
1027738800000,0.626
1027742400000,0.586
1027746000000,0.493
1027749600000,0.332
1027753200000,0.196
1027756800000,0.074
1027760400000,0.003
1027764000000,0.0
1027767600000,0.0
1027771200000,0.0
1027774800000,0.0
1027778400000,0.0
1027782000000,0.0
1027785600000,0.0
1027789200000,0.0
1027792800000,0.0
1027796400000,0.0
1027800000000,0.0
1027803600000,0.0
1027807200000,0.042
1027810800000,0.133
1027814400000,0.214
1027818000000,0.315
1027821600000,0.366
1027825200000,0.375
1027828800000,0.337
1027832400000,0.32
1027836000000,0.234
1027839600000,0.123
1027843200000,0.042
1027846800000,0.0
1027850400000,0.0
1027854000000,0.0
1027857600000,0.0
1027861200000,0.0
1027864800000,0.0
1027868400000,0.0
1027872000000,0.0
1027875600000,0.0
1027879200000,0.0
1027882800000,0.0
1027886400000,0.0
1027890000000,0.0
1027893600000,0.018
1027897200000,0.079
1027900800000,0.164
1027904400000,0.25
1027908000000,0.345
1027911600000,0.392
1027915200000,0.368
1027918800000,0.341
1027922400000,0.277
1027926000000,0.168
1027929600000,0.073
1027933200000,0.003
1027936800000,0.0
1027940400000,0.0
1027944000000,0.0
1027947600000,0.0
1027951200000,0.0
1027954800000,0.0
1027958400000,0.0
1027962000000,0.0
1027965600000,0.0
1027969200000,0.0
1027972800000,0.0
1027976400000,0.0
1027980000000,0.038
1027983600000,0.114
1027987200000,0.232
1027990800000,0.348
1027994400000,0.426
1027998000000,0.497
1028001600000,0.475
1028005200000,0.392
1028008800000,0.237
1028012400000,0.123
1028016000000,0.04
1028019600000,0.0
1028023200000,0.0
1028026800000,0.0
1028030400000,0.0
1028034000000,0.0
1028037600000,0.0
1028041200000,0.0
1028044800000,0.0
1028048400000,0.0
1028052000000,0.0
1028055600000,0.0
1028059200000,0.0
1028062800000,0.0
1028066400000,0.054
1028070000000,0.17
1028073600000,0.27
1028077200000,0.361
1028080800000,0.409
1028084400000,0.401
1028088000000,0.345
1028091600000,0.267
1028095200000,0.181
1028098800000,0.114
1028102400000,0.048
1028106000000,0.0
1028109600000,0.0
1028113200000,0.0
1028116800000,0.0
1028120400000,0.0
1028124000000,0.0
1028127600000,0.0
1028131200000,0.0
1028134800000,0.0
1028138400000,0.0
1028142000000,0.0
1028145600000,0.0
1028149200000,0.0
1028152800000,0.065
1028156400000,0.178
1028160000000,0.313
1028163600000,0.427
1028167200000,0.519
1028170800000,0.543
1028174400000,0.513
1028178000000,0.448
1028181600000,0.356
1028185200000,0.23
1028188800000,0.108
1028192400000,0.01
1028196000000,0.0
1028199600000,0.0
1028203200000,0.0
1028206800000,0.0
1028210400000,0.0
1028214000000,0.0
1028217600000,0.0
1028221200000,0.0
1028224800000,0.0
1028228400000,0.0
1028232000000,0.0
1028235600000,0.0
1028239200000,0.065
1028242800000,0.183
1028246400000,0.352
1028250000000,0.522
1028253600000,0.637
1028257200000,0.678
1028260800000,0.652
1028264400000,0.577
1028268000000,0.446
1028271600000,0.297
1028275200000,0.124
1028278800000,0.01
1028282400000,0.0
1028286000000,0.0
1028289600000,0.0
1028293200000,0.0
1028296800000,0.0
1028300400000,0.0
1028304000000,0.0
1028307600000,0.0
1028311200000,0.0
1028314800000,0.0
1028318400000,0.0
1028322000000,0.0
1028325600000,0.106
1028329200000,0.287
1028332800000,0.443
1028336400000,0.545
1028340000000,0.62
1028343600000,0.642
1028347200000,0.602
1028350800000,0.537
1028354400000,0.423
1028358000000,0.227
1028361600000,0.089
1028365200000,0.001
1028368800000,0.0
1028372400000,0.0
1028376000000,0.0
1028379600000,0.0
1028383200000,0.0
1028386800000,0.0
1028390400000,0.0
1028394000000,0.0
1028397600000,0.0
1028401200000,0.0
1028404800000,0.0
1028408400000,0.0
1028412000000,0.051
1028415600000,0.155
1028419200000,0.235
1028422800000,0.319
1028426400000,0.439
1028430000000,0.514
1028433600000,0.48
1028437200000,0.38
1028440800000,0.303
1028444400000,0.235
1028448000000,0.116
1028451600000,0.006
1028455200000,0.0
1028458800000,0.0
1028462400000,0.0
1028466000000,0.0
1028469600000,0.0
1028473200000,0.0
1028476800000,0.0
1028480400000,0.0
1028484000000,0.0
1028487600000,0.0
1028491200000,0.0
1028494800000,0.0
1028498400000,0.028
1028502000000,0.088
1028505600000,0.158
1028509200000,0.221
1028512800000,0.276
1028516400000,0.321
1028520000000,0.34
1028523600000,0.325
1028527200000,0.277
1028530800000,0.18
1028534400000,0.074
1028538000000,0.002
1028541600000,0.0
1028545200000,0.0
1028548800000,0.0
1028552400000,0.0
1028556000000,0.0
1028559600000,0.0
1028563200000,0.0
1028566800000,0.0
1028570400000,0.0
1028574000000,0.0
1028577600000,0.0
1028581200000,0.0
1028584800000,0.052
1028588400000,0.15
1028592000000,0.218
1028595600000,0.296
1028599200000,0.363
1028602800000,0.407
1028606400000,0.394
1028610000000,0.34
1028613600000,0.259
1028617200000,0.161
1028620800000,0.061
1028624400000,0.0
1028628000000,0.0
1028631600000,0.0
1028635200000,0.0
1028638800000,0.0
1028642400000,0.0
1028646000000,0.0
1028649600000,0.0
1028653200000,0.0
1028656800000,0.0
1028660400000,0.0
1028664000000,0.0
1028667600000,0.0
1028671200000,0.034
1028674800000,0.13
1028678400000,0.244
1028682000000,0.375
1028685600000,0.457
1028689200000,0.456
1028692800000,0.483
1028696400000,0.418
1028700000000,0.292
1028703600000,0.215
1028707200000,0.103
1028710800000,0.009
1028714400000,0.0
1028718000000,0.0
1028721600000,0.0
1028725200000,0.0
1028728800000,0.0
1028732400000,0.0
1028736000000,0.0
1028739600000,0.0
1028743200000,0.0
1028746800000,0.0
1028750400000,0.0
1028754000000,0.0
1028757600000,0.074
1028761200000,0.203
1028764800000,0.362
1028768400000,0.47
1028772000000,0.529
1028775600000,0.519
1028779200000,0.474
1028782800000,0.364
1028786400000,0.244
1028790000000,0.129
1028793600000,0.05
1028797200000,0.0
1028800800000,0.0
1028804400000,0.0
1028808000000,0.0
1028811600000,0.0
1028815200000,0.0
1028818800000,0.0
1028822400000,0.0
1028826000000,0.0
1028829600000,0.0
1028833200000,0.0
1028836800000,0.0
1028840400000,0.0
1028844000000,0.043
1028847600000,0.164
1028851200000,0.344
1028854800000,0.44
1028858400000,0.5
1028862000000,0.489
1028865600000,0.419
1028869200000,0.343
1028872800000,0.263
1028876400000,0.169
1028880000000,0.072
1028883600000,0.003
1028887200000,0.0
1028890800000,0.0
1028894400000,0.0
1028898000000,0.0
1028901600000,0.0
1028905200000,0.0
1028908800000,0.0
1028912400000,0.0
1028916000000,0.0
1028919600000,0.0
1028923200000,0.0
1028926800000,0.0
1028930400000,0.059
1028934000000,0.161
1028937600000,0.278
1028941200000,0.357
1028944800000,0.42
1028948400000,0.428
1028952000000,0.391
1028955600000,0.331
1028959200000,0.246
1028962800000,0.157
1028966400000,0.066
1028970000000,0.002
1028973600000,0.0
1028977200000,0.0
1028980800000,0.0
1028984400000,0.0
1028988000000,0.0
1028991600000,0.0
1028995200000,0.0
1028998800000,0.0
1029002400000,0.0
1029006000000,0.0
1029009600000,0.0
1029013200000,0.0
1029016800000,0.057
1029020400000,0.17
1029024000000,0.296
1029027600000,0.422
1029031200000,0.519
1029034800000,0.537
1029038400000,0.494
1029042000000,0.419
1029045600000,0.313
1029049200000,0.181
1029052800000,0.072
1029056400000,0.001
1029060000000,0.0
1029063600000,0.0
1029067200000,0.0
1029070800000,0.0
1029074400000,0.0
1029078000000,0.0
1029081600000,0.0
1029085200000,0.0
1029088800000,0.0
1029092400000,0.0
1029096000000,0.0
1029099600000,0.0
1029103200000,0.066
1029106800000,0.208
1029110400000,0.394
1029114000000,0.495
1029117600000,0.532
1029121200000,0.531
1029124800000,0.51
1029128400000,0.467
1029132000000,0.415
1029135600000,0.291
1029139200000,0.129
1029142800000,0.009
1029146400000,0.0
1029150000000,0.0
1029153600000,0.0
1029157200000,0.0
1029160800000,0.0
1029164400000,0.0
1029168000000,0.0
1029171600000,0.0
1029175200000,0.0
1029178800000,0.0
1029182400000,0.0
1029186000000,0.0
1029189600000,0.073
1029193200000,0.233
1029196800000,0.377
1029200400000,0.488
1029204000000,0.555
1029207600000,0.573
1029211200000,0.546
1029214800000,0.509
1029218400000,0.409
1029222000000,0.283
1029225600000,0.129
1029229200000,0.01
1029232800000,0.0
1029236400000,0.0
1029240000000,0.0
1029243600000,0.0
1029247200000,0.0
1029250800000,0.0
1029254400000,0.0
1029258000000,0.0
1029261600000,0.0
1029265200000,0.0
1029268800000,0.0
1029272400000,0.0
1029276000000,0.088
1029279600000,0.248
1029283200000,0.399
1029286800000,0.514
1029290400000,0.596
1029294000000,0.635
1029297600000,0.617
1029301200000,0.563
1029304800000,0.439
1029308400000,0.295
1029312000000,0.12
1029315600000,0.007
1029319200000,0.0
1029322800000,0.0
1029326400000,0.0
1029330000000,0.0
1029333600000,0.0
1029337200000,0.0
1029340800000,0.0
1029344400000,0.0
1029348000000,0.0
1029351600000,0.0
1029355200000,0.0
1029358800000,0.0
1029362400000,0.072
1029366000000,0.227
1029369600000,0.407
1029373200000,0.553
1029376800000,0.631
1029380400000,0.629
1029384000000,0.608
1029387600000,0.568
1029391200000,0.471
1029394800000,0.337
1029398400000,0.165
1029402000000,0.014
1029405600000,0.0
1029409200000,0.0
1029412800000,0.0
1029416400000,0.0
1029420000000,0.0
1029423600000,0.0
1029427200000,0.0
1029430800000,0.0
1029434400000,0.0
1029438000000,0.0
1029441600000,0.0
1029445200000,0.0
1029448800000,0.095
1029452400000,0.263
1029456000000,0.389
1029459600000,0.465
1029463200000,0.505
1029466800000,0.5
1029470400000,0.458
1029474000000,0.389
1029477600000,0.305
1029481200000,0.222
1029484800000,0.115
1029488400000,0.007
1029492000000,0.0
1029495600000,0.0
1029499200000,0.0
1029502800000,0.0
1029506400000,0.0
1029510000000,0.0
1029513600000,0.0
1029517200000,0.0
1029520800000,0.0
1029524400000,0.0
1029528000000,0.0
1029531600000,0.0
1029535200000,0.097
1029538800000,0.288
1029542400000,0.455
1029546000000,0.579
1029549600000,0.644
1029553200000,0.635
1029556800000,0.578
1029560400000,0.502
1029564000000,0.405
1029567600000,0.273
1029571200000,0.122
1029574800000,0.008
1029578400000,0.0
1029582000000,0.0
1029585600000,0.0
1029589200000,0.0
1029592800000,0.0
1029596400000,0.0
1029600000000,0.0
1029603600000,0.0
1029607200000,0.0
1029610800000,0.0
1029614400000,0.0
1029618000000,0.0
1029621600000,0.084
1029625200000,0.245
1029628800000,0.402
1029632400000,0.528
1029636000000,0.596
1029639600000,0.626
1029643200000,0.569
1029646800000,0.467
1029650400000,0.342
1029654000000,0.214
1029657600000,0.099
1029661200000,0.004
1029664800000,0.0
1029668400000,0.0
1029672000000,0.0
1029675600000,0.0
1029679200000,0.0
1029682800000,0.0
1029686400000,0.0
1029690000000,0.0
1029693600000,0.0
1029697200000,0.0
1029700800000,0.0
1029704400000,0.0
1029708000000,0.055
1029711600000,0.161
1029715200000,0.293
1029718800000,0.453
1029722400000,0.559
1029726000000,0.587
1029729600000,0.555
1029733200000,0.473
1029736800000,0.338
1029740400000,0.192
1029744000000,0.068
1029747600000,0.0
1029751200000,0.0
1029754800000,0.0
1029758400000,0.0
1029762000000,0.0
1029765600000,0.0
1029769200000,0.0
1029772800000,0.0
1029776400000,0.0
1029780000000,0.0
1029783600000,0.0
1029787200000,0.0
1029790800000,0.0
1029794400000,0.025
1029798000000,0.092
1029801600000,0.154
1029805200000,0.203
1029808800000,0.239
1029812400000,0.217
1029816000000,0.199
1029819600000,0.18
1029823200000,0.144
1029826800000,0.088
1029830400000,0.03
1029834000000,0.0
1029837600000,0.0
1029841200000,0.0
1029844800000,0.0
1029848400000,0.0
1029852000000,0.0
1029855600000,0.0
1029859200000,0.0
1029862800000,0.0
1029866400000,0.0
1029870000000,0.0
1029873600000,0.0
1029877200000,0.0
1029880800000,0.046
1029884400000,0.154
1029888000000,0.272
1029891600000,0.345
1029895200000,0.367
1029898800000,0.347
1029902400000,0.299
1029906000000,0.221
1029909600000,0.136
1029913200000,0.075
1029916800000,0.027
1029920400000,0.0
1029924000000,0.0
1029927600000,0.0
1029931200000,0.0
1029934800000,0.0
1029938400000,0.0
1029942000000,0.0
1029945600000,0.0
1029949200000,0.0
1029952800000,0.0
1029956400000,0.0
1029960000000,0.0
1029963600000,0.0
1029967200000,0.081
1029970800000,0.243
1029974400000,0.413
1029978000000,0.518
1029981600000,0.608
1029985200000,0.609
1029988800000,0.568
1029992400000,0.481
1029996000000,0.362
1029999600000,0.209
1030003200000,0.073
1030006800000,0.001
1030010400000,0.0
1030014000000,0.0
1030017600000,0.0
1030021200000,0.0
1030024800000,0.0
1030028400000,0.0
1030032000000,0.0
1030035600000,0.0
1030039200000,0.0
1030042800000,0.0
1030046400000,0.0
1030050000000,0.0
1030053600000,0.053
1030057200000,0.176
1030060800000,0.275
1030064400000,0.386
1030068000000,0.449
1030071600000,0.445
1030075200000,0.386
1030078800000,0.337
1030082400000,0.219
1030086000000,0.121
1030089600000,0.04
1030093200000,0.0
1030096800000,0.0
1030100400000,0.0
1030104000000,0.0
1030107600000,0.0
1030111200000,0.0
1030114800000,0.0
1030118400000,0.0
1030122000000,0.0
1030125600000,0.0
1030129200000,0.0
1030132800000,0.0
1030136400000,0.0
1030140000000,0.077
1030143600000,0.248
1030147200000,0.413
1030150800000,0.524
1030154400000,0.589
1030158000000,0.606
1030161600000,0.551
1030165200000,0.459
1030168800000,0.299
1030172400000,0.114
1030176000000,0.028
1030179600000,0.0
1030183200000,0.0
1030186800000,0.0
1030190400000,0.0
1030194000000,0.0
1030197600000,0.0
1030201200000,0.0
1030204800000,0.0
1030208400000,0.0
1030212000000,0.0
1030215600000,0.0
1030219200000,0.0
1030222800000,0.0
1030226400000,0.029
1030230000000,0.157
1030233600000,0.365
1030237200000,0.491
1030240800000,0.558
1030244400000,0.578
1030248000000,0.501
1030251600000,0.36
1030255200000,0.208
1030258800000,0.111
1030262400000,0.052
1030266000000,0.0
1030269600000,0.0
1030273200000,0.0
1030276800000,0.0
1030280400000,0.0
1030284000000,0.0
1030287600000,0.0
1030291200000,0.0
1030294800000,0.0
1030298400000,0.0
1030302000000,0.0
1030305600000,0.0
1030309200000,0.0
1030312800000,0.023
1030316400000,0.094
1030320000000,0.182
1030323600000,0.244
1030327200000,0.278
1030330800000,0.306
1030334400000,0.364
1030338000000,0.327
1030341600000,0.259
1030345200000,0.163
1030348800000,0.059
1030352400000,0.0
1030356000000,0.0
1030359600000,0.0
1030363200000,0.0
1030366800000,0.0
1030370400000,0.0
1030374000000,0.0
1030377600000,0.0
1030381200000,0.0
1030384800000,0.0
1030388400000,0.0
1030392000000,0.0
1030395600000,0.0
1030399200000,0.044
1030402800000,0.129
1030406400000,0.211
1030410000000,0.262
1030413600000,0.309
1030417200000,0.33
1030420800000,0.317
1030424400000,0.293
1030428000000,0.27
1030431600000,0.175
1030435200000,0.068
1030438800000,0.0
1030442400000,0.0
1030446000000,0.0
1030449600000,0.0
1030453200000,0.0
1030456800000,0.0
1030460400000,0.0
1030464000000,0.0
1030467600000,0.0
1030471200000,0.0
1030474800000,0.0
1030478400000,0.0
1030482000000,0.0
1030485600000,0.059
1030489200000,0.19
1030492800000,0.353
1030496400000,0.472
1030500000000,0.558
1030503600000,0.598
1030507200000,0.604
1030510800000,0.521
1030514400000,0.387
1030518000000,0.25
1030521600000,0.099
1030525200000,0.002
1030528800000,0.0
1030532400000,0.0
1030536000000,0.0
1030539600000,0.0
1030543200000,0.0
1030546800000,0.0
1030550400000,0.0
1030554000000,0.0
1030557600000,0.0
1030561200000,0.0
1030564800000,0.0
1030568400000,0.0
1030572000000,0.042
1030575600000,0.161
1030579200000,0.308
1030582800000,0.424
1030586400000,0.499
1030590000000,0.511
1030593600000,0.438
1030597200000,0.355
1030600800000,0.246
1030604400000,0.135
1030608000000,0.052
1030611600000,0.0
1030615200000,0.0
1030618800000,0.0
1030622400000,0.0
1030626000000,0.0
1030629600000,0.0
1030633200000,0.0
1030636800000,0.0
1030640400000,0.0
1030644000000,0.0
1030647600000,0.0
1030651200000,0.0
1030654800000,0.0
1030658400000,0.03
1030662000000,0.119
1030665600000,0.243
1030669200000,0.338
1030672800000,0.409
1030676400000,0.427
1030680000000,0.403
1030683600000,0.356
1030687200000,0.262
1030690800000,0.156
1030694400000,0.059
1030698000000,0.0
1030701600000,0.0
1030705200000,0.0
1030708800000,0.0
1030712400000,0.0
1030716000000,0.0
1030719600000,0.0
1030723200000,0.0
1030726800000,0.0
1030730400000,0.0
1030734000000,0.0
1030737600000,0.0
1030741200000,0.0
1030744800000,0.064
1030748400000,0.211
1030752000000,0.359
1030755600000,0.453
1030759200000,0.495
1030762800000,0.469
1030766400000,0.44
1030770000000,0.357
1030773600000,0.232
1030777200000,0.118
1030780800000,0.039
1030784400000,0.0
1030788000000,0.0
1030791600000,0.0
1030795200000,0.0
1030798800000,0.0
1030802400000,0.0
1030806000000,0.0
1030809600000,0.0
1030813200000,0.0
1030816800000,0.0
1030820400000,0.0
1030824000000,0.0
1030827600000,0.0
1030831200000,0.007
1030834800000,0.051
1030838400000,0.111
1030842000000,0.171
1030845600000,0.212
1030849200000,0.227
1030852800000,0.227
1030856400000,0.209
1030860000000,0.168
1030863600000,0.102
1030867200000,0.033
1030870800000,0.0
1030874400000,0.0
1030878000000,0.0
1030881600000,0.0
1030885200000,0.0
1030888800000,0.0
1030892400000,0.0
1030896000000,0.0
1030899600000,0.0
1030903200000,0.0
1030906800000,0.0
1030910400000,0.0
1030914000000,0.0
1030917600000,0.033
1030921200000,0.103
1030924800000,0.15
1030928400000,0.167
1030932000000,0.193
1030935600000,0.209
1030939200000,0.232
1030942800000,0.248
1030946400000,0.228
1030950000000,0.146
1030953600000,0.055
1030957200000,0.0
1030960800000,0.0
1030964400000,0.0
1030968000000,0.0
1030971600000,0.0
1030975200000,0.0
1030978800000,0.0
1030982400000,0.0
1030986000000,0.0
1030989600000,0.0
1030993200000,0.0
1030996800000,0.0
1031000400000,0.0
1031004000000,0.046
1031007600000,0.166
1031011200000,0.313
1031014800000,0.437
1031018400000,0.507
1031022000000,0.503
1031025600000,0.445
1031029200000,0.368
1031032800000,0.262
1031036400000,0.145
1031040000000,0.051
1031043600000,0.0
1031047200000,0.0
1031050800000,0.0
1031054400000,0.0
1031058000000,0.0
1031061600000,0.0
1031065200000,0.0
1031068800000,0.0
1031072400000,0.0
1031076000000,0.0
1031079600000,0.0
1031083200000,0.0
1031086800000,0.0
1031090400000,0.025
1031094000000,0.096
1031097600000,0.189
1031101200000,0.276
1031104800000,0.34
1031108400000,0.375
1031112000000,0.355
1031115600000,0.292
1031119200000,0.218
1031122800000,0.127
1031126400000,0.046
1031130000000,0.0
1031133600000,0.0
1031137200000,0.0
1031140800000,0.0
1031144400000,0.0
1031148000000,0.0
1031151600000,0.0
1031155200000,0.0
1031158800000,0.0
1031162400000,0.0
1031166000000,0.0
1031169600000,0.0
1031173200000,0.0
1031176800000,0.037
1031180400000,0.133
1031184000000,0.256
1031187600000,0.33
1031191200000,0.353
1031194800000,0.375
1031198400000,0.325
1031202000000,0.236
1031205600000,0.171
1031209200000,0.095
1031212800000,0.033
1031216400000,0.0
1031220000000,0.0
1031223600000,0.0
1031227200000,0.0
1031230800000,0.0
1031234400000,0.0
1031238000000,0.0
1031241600000,0.0
1031245200000,0.0
1031248800000,0.0
1031252400000,0.0
1031256000000,0.0
1031259600000,0.0
1031263200000,0.034
1031266800000,0.125
1031270400000,0.243
1031274000000,0.336
1031277600000,0.419
1031281200000,0.45
1031284800000,0.449
1031288400000,0.389
1031292000000,0.298
1031295600000,0.19
1031299200000,0.071
1031302800000,0.0
1031306400000,0.0
1031310000000,0.0
1031313600000,0.0
1031317200000,0.0
1031320800000,0.0
1031324400000,0.0
1031328000000,0.0
1031331600000,0.0
1031335200000,0.0
1031338800000,0.0
1031342400000,0.0
1031346000000,0.0
1031349600000,0.045
1031353200000,0.15
1031356800000,0.274
1031360400000,0.363
1031364000000,0.425
1031367600000,0.448
1031371200000,0.435
1031374800000,0.394
1031378400000,0.316
1031382000000,0.206
1031385600000,0.089
1031389200000,0.002
1031392800000,0.0
1031396400000,0.0
1031400000000,0.0
1031403600000,0.0
1031407200000,0.0
1031410800000,0.0
1031414400000,0.0
1031418000000,0.0
1031421600000,0.0
1031425200000,0.0
1031428800000,0.0
1031432400000,0.0
1031436000000,0.073
1031439600000,0.219
1031443200000,0.375
1031446800000,0.475
1031450400000,0.526
1031454000000,0.525
1031457600000,0.504
1031461200000,0.379
1031464800000,0.245
1031468400000,0.127
1031472000000,0.038
1031475600000,0.0
1031479200000,0.0
1031482800000,0.0
1031486400000,0.0
1031490000000,0.0
1031493600000,0.0
1031497200000,0.0
1031500800000,0.0
1031504400000,0.0
1031508000000,0.0
1031511600000,0.0
1031515200000,0.0
1031518800000,0.0
1031522400000,0.024
1031526000000,0.096
1031529600000,0.178
1031533200000,0.246
1031536800000,0.302
1031540400000,0.344
1031544000000,0.356
1031547600000,0.274
1031551200000,0.163
1031554800000,0.088
1031558400000,0.031
1031562000000,0.0
1031565600000,0.0
1031569200000,0.0
1031572800000,0.0
1031576400000,0.0
1031580000000,0.0
1031583600000,0.0
1031587200000,0.0
1031590800000,0.0
1031594400000,0.0
1031598000000,0.0
1031601600000,0.0
1031605200000,0.0
1031608800000,0.027
1031612400000,0.102
1031616000000,0.204
1031619600000,0.27
1031623200000,0.307
1031626800000,0.347
1031630400000,0.362
1031634000000,0.331
1031637600000,0.26
1031641200000,0.167
1031644800000,0.058
1031648400000,0.0
1031652000000,0.0
1031655600000,0.0
1031659200000,0.0
1031662800000,0.0
1031666400000,0.0
1031670000000,0.0
1031673600000,0.0
1031677200000,0.0
1031680800000,0.0
1031684400000,0.0
1031688000000,0.0
1031691600000,0.0
1031695200000,0.023
1031698800000,0.099
1031702400000,0.2
1031706000000,0.262
1031709600000,0.341
1031713200000,0.389
1031716800000,0.336
1031720400000,0.286
1031724000000,0.241
1031727600000,0.137
1031731200000,0.048
1031734800000,0.0
1031738400000,0.0
1031742000000,0.0
1031745600000,0.0
1031749200000,0.0
1031752800000,0.0
1031756400000,0.0
1031760000000,0.0
1031763600000,0.0
1031767200000,0.0
1031770800000,0.0
1031774400000,0.0
1031778000000,0.0
1031781600000,0.031
1031785200000,0.121
1031788800000,0.224
1031792400000,0.306
1031796000000,0.401
1031799600000,0.464
1031803200000,0.429
1031806800000,0.342
1031810400000,0.221
1031814000000,0.104
1031817600000,0.029
1031821200000,0.0
1031824800000,0.0
1031828400000,0.0
1031832000000,0.0
1031835600000,0.0
1031839200000,0.0
1031842800000,0.0
1031846400000,0.0
1031850000000,0.0
1031853600000,0.0
1031857200000,0.0
1031860800000,0.0
1031864400000,0.0
1031868000000,0.02
1031871600000,0.104
1031875200000,0.25
1031878800000,0.391
1031882400000,0.479
1031886000000,0.486
1031889600000,0.473
1031893200000,0.4
1031896800000,0.302
1031900400000,0.196
1031904000000,0.078
1031907600000,0.001
1031911200000,0.0
1031914800000,0.0
1031918400000,0.0
1031922000000,0.0
1031925600000,0.0
1031929200000,0.0
1031932800000,0.0
1031936400000,0.0
1031940000000,0.0
1031943600000,0.0
1031947200000,0.0
1031950800000,0.0
1031954400000,0.044
1031958000000,0.152
1031961600000,0.295
1031965200000,0.45
1031968800000,0.53
1031972400000,0.562
1031976000000,0.542
1031979600000,0.456
1031983200000,0.348
1031986800000,0.213
1031990400000,0.078
1031994000000,0.0
1031997600000,0.0
1032001200000,0.0
1032004800000,0.0
1032008400000,0.0
1032012000000,0.0
1032015600000,0.0
1032019200000,0.0
1032022800000,0.0
1032026400000,0.0
1032030000000,0.0
1032033600000,0.0
1032037200000,0.0
1032040800000,0.027
1032044400000,0.101
1032048000000,0.196
1032051600000,0.293
1032055200000,0.394
1032058800000,0.45
1032062400000,0.444
1032066000000,0.404
1032069600000,0.353
1032073200000,0.253
1032076800000,0.119
1032080400000,0.004
1032084000000,0.0
1032087600000,0.0
1032091200000,0.0
1032094800000,0.0
1032098400000,0.0
1032102000000,0.0
1032105600000,0.0
1032109200000,0.0
1032112800000,0.0
1032116400000,0.0
1032120000000,0.0
1032123600000,0.0
1032127200000,0.052
1032130800000,0.174
1032134400000,0.301
1032138000000,0.412
1032141600000,0.516
1032145200000,0.571
1032148800000,0.536
1032152400000,0.458
1032156000000,0.361
1032159600000,0.227
1032163200000,0.086
1032166800000,0.0
1032170400000,0.0
1032174000000,0.0
1032177600000,0.0
1032181200000,0.0
1032184800000,0.0
1032188400000,0.0
1032192000000,0.0
1032195600000,0.0
1032199200000,0.0
1032202800000,0.0
1032206400000,0.0
1032210000000,0.0
1032213600000,0.064
1032217200000,0.216
1032220800000,0.369
1032224400000,0.476
1032228000000,0.518
1032231600000,0.507
1032235200000,0.44
1032238800000,0.359
1032242400000,0.274
1032246000000,0.151
1032249600000,0.053
1032253200000,0.0
1032256800000,0.0
1032260400000,0.0
1032264000000,0.0
1032267600000,0.0
1032271200000,0.0
1032274800000,0.0
1032278400000,0.0
1032282000000,0.0
1032285600000,0.0
1032289200000,0.0
1032292800000,0.0
1032296400000,0.0
1032300000000,0.059
1032303600000,0.203
1032307200000,0.356
1032310800000,0.501
1032314400000,0.597
1032318000000,0.64
1032321600000,0.617
1032325200000,0.536
1032328800000,0.414
1032332400000,0.271
1032336000000,0.111
1032339600000,0.002
1032343200000,0.0
1032346800000,0.0
1032350400000,0.0
1032354000000,0.0
1032357600000,0.0
1032361200000,0.0
1032364800000,0.0
1032368400000,0.0
1032372000000,0.0
1032375600000,0.0
1032379200000,0.0
1032382800000,0.0
1032386400000,0.077
1032390000000,0.252
1032393600000,0.428
1032397200000,0.556
1032400800000,0.598
1032404400000,0.588
1032408000000,0.512
1032411600000,0.418
1032415200000,0.317
1032418800000,0.208
1032422400000,0.086
1032426000000,0.0
1032429600000,0.0
1032433200000,0.0
1032436800000,0.0
1032440400000,0.0
1032444000000,0.0
1032447600000,0.0
1032451200000,0.0
1032454800000,0.0
1032458400000,0.0
1032462000000,0.0
1032465600000,0.0
1032469200000,0.0
1032472800000,0.059
1032476400000,0.206
1032480000000,0.376
1032483600000,0.5
1032487200000,0.566
1032490800000,0.594
1032494400000,0.567
1032498000000,0.496
1032501600000,0.386
1032505200000,0.249
1032508800000,0.104
1032512400000,0.002
1032516000000,0.0
1032519600000,0.0
1032523200000,0.0
1032526800000,0.0
1032530400000,0.0
1032534000000,0.0
1032537600000,0.0
1032541200000,0.0
1032544800000,0.0
1032548400000,0.0
1032552000000,0.0
1032555600000,0.0
1032559200000,0.075
1032562800000,0.26
1032566400000,0.428
1032570000000,0.561
1032573600000,0.618
1032577200000,0.623
1032580800000,0.563
1032584400000,0.468
1032588000000,0.333
1032591600000,0.2
1032595200000,0.076
1032598800000,0.0
1032602400000,0.0
1032606000000,0.0
1032609600000,0.0
1032613200000,0.0
1032616800000,0.0
1032620400000,0.0
1032624000000,0.0
1032627600000,0.0
1032631200000,0.0
1032634800000,0.0
1032638400000,0.0
1032642000000,0.0
1032645600000,0.021
1032649200000,0.097
1032652800000,0.203
1032656400000,0.303
1032660000000,0.395
1032663600000,0.471
1032667200000,0.468
1032670800000,0.409
1032674400000,0.282
1032678000000,0.118
1032681600000,0.023
1032685200000,0.0
1032688800000,0.0
1032692400000,0.0
1032696000000,0.0
1032699600000,0.0
1032703200000,0.0
1032706800000,0.0
1032710400000,0.0
1032714000000,0.0
1032717600000,0.0
1032721200000,0.0
1032724800000,0.0
1032728400000,0.0
1032732000000,0.041
1032735600000,0.162
1032739200000,0.271
1032742800000,0.348
1032746400000,0.416
1032750000000,0.431
1032753600000,0.407
1032757200000,0.342
1032760800000,0.26
1032764400000,0.175
1032768000000,0.09
1032771600000,0.002
1032775200000,0.0
1032778800000,0.0
1032782400000,0.0
1032786000000,0.0
1032789600000,0.0
1032793200000,0.0
1032796800000,0.0
1032800400000,0.0
1032804000000,0.0
1032807600000,0.0
1032811200000,0.0
1032814800000,0.0
1032818400000,0.057
1032822000000,0.2
1032825600000,0.367
1032829200000,0.497
1032832800000,0.582
1032836400000,0.611
1032840000000,0.598
1032843600000,0.545
1032847200000,0.43
1032850800000,0.261
1032854400000,0.077
1032858000000,0.0
1032861600000,0.0
1032865200000,0.0
1032868800000,0.0
1032872400000,0.0
1032876000000,0.0
1032879600000,0.0
1032883200000,0.0
1032886800000,0.0
1032890400000,0.0
1032894000000,0.0
1032897600000,0.0
1032901200000,0.0
1032904800000,0.057
1032908400000,0.187
1032912000000,0.328
1032915600000,0.436
1032919200000,0.527
1032922800000,0.565
1032926400000,0.558
1032930000000,0.488
1032933600000,0.391
1032937200000,0.269
1032940800000,0.123
1032944400000,0.002
1032948000000,0.0
1032951600000,0.0
1032955200000,0.0
1032958800000,0.0
1032962400000,0.0
1032966000000,0.0
1032969600000,0.0
1032973200000,0.0
1032976800000,0.0
1032980400000,0.0
1032984000000,0.0
1032987600000,0.0
1032991200000,0.05
1032994800000,0.178
1032998400000,0.331
1033002000000,0.436
1033005600000,0.525
1033009200000,0.562
1033012800000,0.535
1033016400000,0.457
1033020000000,0.327
1033023600000,0.201
1033027200000,0.073
1033030800000,0.0
1033034400000,0.0
1033038000000,0.0
1033041600000,0.0
1033045200000,0.0
1033048800000,0.0
1033052400000,0.0
1033056000000,0.0
1033059600000,0.0
1033063200000,0.0
1033066800000,0.0
1033070400000,0.0
1033074000000,0.0
1033077600000,0.069
1033081200000,0.255
1033084800000,0.429
1033088400000,0.577
1033092000000,0.666
1033095600000,0.673
1033099200000,0.642
1033102800000,0.519
1033106400000,0.325
1033110000000,0.195
1033113600000,0.068
1033117200000,0.0
1033120800000,0.0
1033124400000,0.0
1033128000000,0.0
1033131600000,0.0
1033135200000,0.0
1033138800000,0.0
1033142400000,0.0
1033146000000,0.0
1033149600000,0.0
1033153200000,0.0
1033156800000,0.0
1033160400000,0.0
1033164000000,0.05
1033167600000,0.217
1033171200000,0.38
1033174800000,0.506
1033178400000,0.61
1033182000000,0.689
1033185600000,0.657
1033189200000,0.572
1033192800000,0.416
1033196400000,0.236
1033200000000,0.08
1033203600000,0.0
1033207200000,0.0
1033210800000,0.0
1033214400000,0.0
1033218000000,0.0
1033221600000,0.0
1033225200000,0.0
1033228800000,0.0
1033232400000,0.0
1033236000000,0.0
1033239600000,0.0
1033243200000,0.0
1033246800000,0.0
1033250400000,0.051
1033254000000,0.167
1033257600000,0.261
1033261200000,0.341
1033264800000,0.382
1033268400000,0.406
1033272000000,0.39
1033275600000,0.344
1033279200000,0.252
1033282800000,0.155
1033286400000,0.054
1033290000000,0.0
1033293600000,0.0
1033297200000,0.0
1033300800000,0.0
1033304400000,0.0
1033308000000,0.0
1033311600000,0.0
1033315200000,0.0
1033318800000,0.0
1033322400000,0.0
1033326000000,0.0
1033329600000,0.0
1033333200000,0.0
1033336800000,0.041
1033340400000,0.164
1033344000000,0.316
1033347600000,0.454
1033351200000,0.513
1033354800000,0.529
1033358400000,0.5
1033362000000,0.405
1033365600000,0.276
1033369200000,0.152
1033372800000,0.052
1033376400000,0.0
1033380000000,0.0
1033383600000,0.0
1033387200000,0.0
1033390800000,0.0
1033394400000,0.0
1033398000000,0.0
1033401600000,0.0
1033405200000,0.0
1033408800000,0.0
1033412400000,0.0
1033416000000,0.0
1033419600000,0.0
1033423200000,0.054
1033426800000,0.187
1033430400000,0.334
1033434000000,0.463
1033437600000,0.537
1033441200000,0.558
1033444800000,0.531
1033448400000,0.449
1033452000000,0.35
1033455600000,0.213
1033459200000,0.07
1033462800000,0.0
1033466400000,0.0
1033470000000,0.0
1033473600000,0.0
1033477200000,0.0
1033480800000,0.0
1033484400000,0.0
1033488000000,0.0
1033491600000,0.0
1033495200000,0.0
1033498800000,0.0
1033502400000,0.0
1033506000000,0.0
1033509600000,0.038
1033513200000,0.146
1033516800000,0.283
1033520400000,0.371
1033524000000,0.422
1033527600000,0.444
1033531200000,0.442
1033534800000,0.421
1033538400000,0.354
1033542000000,0.23
1033545600000,0.087
1033549200000,0.0
1033552800000,0.0
1033556400000,0.0
1033560000000,0.0
1033563600000,0.0
1033567200000,0.0
1033570800000,0.0
1033574400000,0.0
1033578000000,0.0
1033581600000,0.0
1033585200000,0.0
1033588800000,0.0
1033592400000,0.0
1033596000000,0.038
1033599600000,0.149
1033603200000,0.266
1033606800000,0.36
1033610400000,0.468
1033614000000,0.486
1033617600000,0.413
1033621200000,0.322
1033624800000,0.211
1033628400000,0.118
1033632000000,0.04
1033635600000,0.0
1033639200000,0.0
1033642800000,0.0
1033646400000,0.0
1033650000000,0.0
1033653600000,0.0
1033657200000,0.0
1033660800000,0.0
1033664400000,0.0
1033668000000,0.0
1033671600000,0.0
1033675200000,0.0
1033678800000,0.0
1033682400000,0.058
1033686000000,0.193
1033689600000,0.316
1033693200000,0.397
1033696800000,0.478
1033700400000,0.57
1033704000000,0.605
1033707600000,0.531
1033711200000,0.387
1033714800000,0.214
1033718400000,0.078
1033722000000,0.0
1033725600000,0.0
1033729200000,0.0
1033732800000,0.0
1033736400000,0.0
1033740000000,0.0
1033743600000,0.0
1033747200000,0.0
1033750800000,0.0
1033754400000,0.0
1033758000000,0.0
1033761600000,0.0
1033765200000,0.0
1033768800000,0.065
1033772400000,0.236
1033776000000,0.437
1033779600000,0.579
1033783200000,0.655
1033786800000,0.676
1033790400000,0.64
1033794000000,0.557
1033797600000,0.469
1033801200000,0.332
1033804800000,0.152
1033808400000,0.002
1033812000000,0.0
1033815600000,0.0
1033819200000,0.0
1033822800000,0.0
1033826400000,0.0
1033830000000,0.0
1033833600000,0.0
1033837200000,0.0
1033840800000,0.0
1033844400000,0.0
1033848000000,0.0
1033851600000,0.0
1033855200000,0.073
1033858800000,0.241
1033862400000,0.409
1033866000000,0.523
1033869600000,0.598
1033873200000,0.632
1033876800000,0.605
1033880400000,0.517
1033884000000,0.37
1033887600000,0.218
1033891200000,0.085
1033894800000,0.0
1033898400000,0.0
1033902000000,0.0
1033905600000,0.0
1033909200000,0.0
1033912800000,0.0
1033916400000,0.0
1033920000000,0.0
1033923600000,0.0
1033927200000,0.0
1033930800000,0.0
1033934400000,0.0
1033938000000,0.0
1033941600000,0.04
1033945200000,0.156
1033948800000,0.318
1033952400000,0.45
1033956000000,0.522
1033959600000,0.557
1033963200000,0.542
1033966800000,0.479
1033970400000,0.361
1033974000000,0.201
1033977600000,0.075
1033981200000,0.0
1033984800000,0.0
1033988400000,0.0
1033992000000,0.0
1033995600000,0.0
1033999200000,0.0
1034002800000,0.0
1034006400000,0.0
1034010000000,0.0
1034013600000,0.0
1034017200000,0.0
1034020800000,0.0
1034024400000,0.0
1034028000000,0.028
1034031600000,0.089
1034035200000,0.18
1034038800000,0.23
1034042400000,0.303
1034046000000,0.382
1034049600000,0.408
1034053200000,0.379
1034056800000,0.317
1034060400000,0.192
1034064000000,0.068
1034067600000,0.0
1034071200000,0.0
1034074800000,0.0
1034078400000,0.0
1034082000000,0.0
1034085600000,0.0
1034089200000,0.0
1034092800000,0.0
1034096400000,0.0
1034100000000,0.0
1034103600000,0.0
1034107200000,0.0
1034110800000,0.0
1034114400000,0.053
1034118000000,0.187
1034121600000,0.332
1034125200000,0.434
1034128800000,0.49
1034132400000,0.537
1034136000000,0.554
1034139600000,0.523
1034143200000,0.383
1034146800000,0.246
1034150400000,0.096
1034154000000,0.0
1034157600000,0.0
1034161200000,0.0
1034164800000,0.0
1034168400000,0.0
1034172000000,0.0
1034175600000,0.0
1034179200000,0.0
1034182800000,0.0
1034186400000,0.0
1034190000000,0.0
1034193600000,0.0
1034197200000,0.0
1034200800000,0.024
1034204400000,0.105
1034208000000,0.199
1034211600000,0.283
1034215200000,0.353
1034218800000,0.386
1034222400000,0.401
1034226000000,0.369
1034229600000,0.298
1034233200000,0.195
1034236800000,0.072
1034240400000,0.0
1034244000000,0.0
1034247600000,0.0
1034251200000,0.0
1034254800000,0.0
1034258400000,0.0
1034262000000,0.0
1034265600000,0.0
1034269200000,0.0
1034272800000,0.0
1034276400000,0.0
1034280000000,0.0
1034283600000,0.0
1034287200000,0.015
1034290800000,0.082
1034294400000,0.178
1034298000000,0.281
1034301600000,0.33
1034305200000,0.34
1034308800000,0.356
1034312400000,0.319
1034316000000,0.248
1034319600000,0.134
1034323200000,0.043
1034326800000,0.0
1034330400000,0.0
1034334000000,0.0
1034337600000,0.0
1034341200000,0.0
1034344800000,0.0
1034348400000,0.0
1034352000000,0.0
1034355600000,0.0
1034359200000,0.0
1034362800000,0.0
1034366400000,0.0
1034370000000,0.0
1034373600000,0.041
1034377200000,0.169
1034380800000,0.331
1034384400000,0.432
1034388000000,0.48
1034391600000,0.491
1034395200000,0.41
1034398800000,0.303
1034402400000,0.192
1034406000000,0.097
1034409600000,0.032
1034413200000,0.0
1034416800000,0.0
1034420400000,0.0
1034424000000,0.0
1034427600000,0.0
1034431200000,0.0
1034434800000,0.0
1034438400000,0.0
1034442000000,0.0
1034445600000,0.0
1034449200000,0.0
1034452800000,0.0
1034456400000,0.0
1034460000000,0.034
1034463600000,0.148
1034467200000,0.27
1034470800000,0.37
1034474400000,0.436
1034478000000,0.485
1034481600000,0.494
1034485200000,0.412
1034488800000,0.298
1034492400000,0.186
1034496000000,0.069
1034499600000,0.0
1034503200000,0.0
1034506800000,0.0
1034510400000,0.0
1034514000000,0.0
1034517600000,0.0
1034521200000,0.0
1034524800000,0.0
1034528400000,0.0
1034532000000,0.0
1034535600000,0.0
1034539200000,0.0
1034542800000,0.0
1034546400000,0.058
1034550000000,0.215
1034553600000,0.366
1034557200000,0.477
1034560800000,0.547
1034564400000,0.528
1034568000000,0.452
1034571600000,0.348
1034575200000,0.224
1034578800000,0.123
1034582400000,0.04
1034586000000,0.0
1034589600000,0.0
1034593200000,0.0
1034596800000,0.0
1034600400000,0.0
1034604000000,0.0
1034607600000,0.0
1034611200000,0.0
1034614800000,0.0
1034618400000,0.0
1034622000000,0.0
1034625600000,0.0
1034629200000,0.0
1034632800000,0.038
1034636400000,0.147
1034640000000,0.287
1034643600000,0.323
1034647200000,0.36
1034650800000,0.352
1034654400000,0.306
1034658000000,0.218
1034661600000,0.129
1034665200000,0.059
1034668800000,0.015
1034672400000,0.0
1034676000000,0.0
1034679600000,0.0
1034683200000,0.0
1034686800000,0.0
1034690400000,0.0
1034694000000,0.0
1034697600000,0.0
1034701200000,0.0
1034704800000,0.0
1034708400000,0.0
1034712000000,0.0
1034715600000,0.0
1034719200000,0.013
1034722800000,0.079
1034726400000,0.183
1034730000000,0.292
1034733600000,0.373
1034737200000,0.41
1034740800000,0.405
1034744400000,0.344
1034748000000,0.236
1034751600000,0.137
1034755200000,0.044
1034758800000,0.0
1034762400000,0.0
1034766000000,0.0
1034769600000,0.0
1034773200000,0.0
1034776800000,0.0
1034780400000,0.0
1034784000000,0.0
1034787600000,0.0
1034791200000,0.0
1034794800000,0.0
1034798400000,0.0
1034802000000,0.0
1034805600000,0.017
1034809200000,0.084
1034812800000,0.145
1034816400000,0.203
1034820000000,0.265
1034823600000,0.296
1034827200000,0.29
1034830800000,0.251
1034834400000,0.208
1034838000000,0.152
1034841600000,0.06
1034845200000,0.0
1034848800000,0.0
1034852400000,0.0
1034856000000,0.0
1034859600000,0.0
1034863200000,0.0
1034866800000,0.0
1034870400000,0.0
1034874000000,0.0
1034877600000,0.0
1034881200000,0.0
1034884800000,0.0
1034888400000,0.0
1034892000000,0.055
1034895600000,0.197
1034899200000,0.337
1034902800000,0.433
1034906400000,0.481
1034910000000,0.485
1034913600000,0.457
1034917200000,0.397
1034920800000,0.277
1034924400000,0.172
1034928000000,0.063
1034931600000,0.0
1034935200000,0.0
1034938800000,0.0
1034942400000,0.0
1034946000000,0.0
1034949600000,0.0
1034953200000,0.0
1034956800000,0.0
1034960400000,0.0
1034964000000,0.0
1034967600000,0.0
1034971200000,0.0
1034974800000,0.0
1034978400000,0.069
1034982000000,0.247
1034985600000,0.415
1034989200000,0.577
1034992800000,0.67
1034996400000,0.692
1035000000000,0.675
1035003600000,0.597
1035007200000,0.468
1035010800000,0.288
1035014400000,0.107
1035018000000,0.0
1035021600000,0.0
1035025200000,0.0
1035028800000,0.0
1035032400000,0.0
1035036000000,0.0
1035039600000,0.0
1035043200000,0.0
1035046800000,0.0
1035050400000,0.0
1035054000000,0.0
1035057600000,0.0
1035061200000,0.0
1035064800000,0.043
1035068400000,0.167
1035072000000,0.264
1035075600000,0.349
1035079200000,0.413
1035082800000,0.406
1035086400000,0.36
1035090000000,0.276
1035093600000,0.186
1035097200000,0.117
1035100800000,0.04
1035104400000,0.0
1035108000000,0.0
1035111600000,0.0
1035115200000,0.0
1035118800000,0.0
1035122400000,0.0
1035126000000,0.0
1035129600000,0.0
1035133200000,0.0
1035136800000,0.0
1035140400000,0.0
1035144000000,0.0
1035147600000,0.0
1035151200000,0.027
1035154800000,0.114
1035158400000,0.18
1035162000000,0.225
1035165600000,0.229
1035169200000,0.2
1035172800000,0.184
1035176400000,0.175
1035180000000,0.152
1035183600000,0.105
1035187200000,0.036
1035190800000,0.0
1035194400000,0.0
1035198000000,0.0
1035201600000,0.0
1035205200000,0.0
1035208800000,0.0
1035212400000,0.0
1035216000000,0.0
1035219600000,0.0
1035223200000,0.0
1035226800000,0.0
1035230400000,0.0
1035234000000,0.0
1035237600000,0.042
1035241200000,0.187
1035244800000,0.353
1035248400000,0.46
1035252000000,0.454
1035255600000,0.422
1035259200000,0.304
1035262800000,0.186
1035266400000,0.119
1035270000000,0.07
1035273600000,0.024
1035277200000,0.0
1035280800000,0.0
1035284400000,0.0
1035288000000,0.0
1035291600000,0.0
1035295200000,0.0
1035298800000,0.0
1035302400000,0.0
1035306000000,0.0
1035309600000,0.0
1035313200000,0.0
1035316800000,0.0
1035320400000,0.0
1035324000000,0.038
1035327600000,0.166
1035331200000,0.306
1035334800000,0.446
1035338400000,0.55
1035342000000,0.607
1035345600000,0.567
1035349200000,0.463
1035352800000,0.338
1035356400000,0.168
1035360000000,0.044
1035363600000,0.0
1035367200000,0.0
1035370800000,0.0
1035374400000,0.0
1035378000000,0.0
1035381600000,0.0
1035385200000,0.0
1035388800000,0.0
1035392400000,0.0
1035396000000,0.0
1035399600000,0.0
1035403200000,0.0
1035406800000,0.0
1035410400000,0.034
1035414000000,0.145
1035417600000,0.254
1035421200000,0.335
1035424800000,0.436
1035428400000,0.466
1035432000000,0.475
1035435600000,0.407
1035439200000,0.325
1035442800000,0.207
1035446400000,0.069
1035450000000,0.0
1035453600000,0.0
1035457200000,0.0
1035460800000,0.0
1035464400000,0.0
1035468000000,0.0
1035471600000,0.0
1035475200000,0.0
1035478800000,0.0
1035482400000,0.0
1035486000000,0.0
1035489600000,0.0
1035493200000,0.0
1035496800000,0.072
1035500400000,0.266
1035504000000,0.448
1035507600000,0.575
1035511200000,0.651
1035514800000,0.657
1035518400000,0.617
1035522000000,0.533
1035525600000,0.419
1035529200000,0.263
1035532800000,0.096
1035536400000,0.0
1035540000000,0.0
1035543600000,0.0
1035547200000,0.0
1035550800000,0.0
1035554400000,0.0
1035558000000,0.0
1035561600000,0.0
1035565200000,0.0
1035568800000,0.0
1035572400000,0.0
1035576000000,0.0
1035579600000,0.0
1035583200000,0.059
1035586800000,0.218
1035590400000,0.392
1035594000000,0.51
1035597600000,0.564
1035601200000,0.58
1035604800000,0.544
1035608400000,0.44
1035612000000,0.29
1035615600000,0.159
1035619200000,0.047
1035622800000,0.0
1035626400000,0.0
1035630000000,0.0
1035633600000,0.0
1035637200000,0.0
1035640800000,0.0
1035644400000,0.0
1035648000000,0.0
1035651600000,0.0
1035655200000,0.0
1035658800000,0.0
1035662400000,0.0
1035666000000,0.0
1035669600000,0.028
1035673200000,0.11
1035676800000,0.202
1035680400000,0.303
1035684000000,0.379
1035687600000,0.413
1035691200000,0.368
1035694800000,0.302
1035698400000,0.261
1035702000000,0.201
1035705600000,0.087
1035709200000,0.0
1035712800000,0.0
1035716400000,0.0
1035720000000,0.0
1035723600000,0.0
1035727200000,0.0
1035730800000,0.0
1035734400000,0.0
1035738000000,0.0
1035741600000,0.0
1035745200000,0.0
1035748800000,0.0
1035752400000,0.0
1035756000000,0.039
1035759600000,0.131
1035763200000,0.256
1035766800000,0.362
1035770400000,0.437
1035774000000,0.456
1035777600000,0.416
1035781200000,0.357
1035784800000,0.243
1035788400000,0.145
1035792000000,0.048
1035795600000,0.0
1035799200000,0.0
1035802800000,0.0
1035806400000,0.0
1035810000000,0.0
1035813600000,0.0
1035817200000,0.0
1035820800000,0.0
1035824400000,0.0
1035828000000,0.0
1035831600000,0.0
1035835200000,0.0
1035838800000,0.0
1035842400000,0.017
1035846000000,0.083
1035849600000,0.161
1035853200000,0.217
1035856800000,0.283
1035860400000,0.315
1035864000000,0.318
1035867600000,0.288
1035871200000,0.235
1035874800000,0.156
1035878400000,0.064
1035882000000,0.0
1035885600000,0.0
1035889200000,0.0
1035892800000,0.0
1035896400000,0.0
1035900000000,0.0
1035903600000,0.0
1035907200000,0.0
1035910800000,0.0
1035914400000,0.0
1035918000000,0.0
1035921600000,0.0
1035925200000,0.0
1035928800000,0.048
1035932400000,0.188
1035936000000,0.346
1035939600000,0.455
1035943200000,0.496
1035946800000,0.483
1035950400000,0.437
1035954000000,0.408
1035957600000,0.334
1035961200000,0.18
1035964800000,0.061
1035968400000,0.0
1035972000000,0.0
1035975600000,0.0
1035979200000,0.0
1035982800000,0.0
1035986400000,0.0
1035990000000,0.0
1035993600000,0.0
1035997200000,0.0
1036000800000,0.0
1036004400000,0.0
1036008000000,0.0
1036011600000,0.0
1036015200000,0.025
1036018800000,0.11
1036022400000,0.208
1036026000000,0.312
1036029600000,0.435
1036033200000,0.563
1036036800000,0.534
1036040400000,0.437
1036044000000,0.318
1036047600000,0.204
1036051200000,0.07
1036054800000,0.0
1036058400000,0.0
1036062000000,0.0
1036065600000,0.0
1036069200000,0.0
1036072800000,0.0
1036076400000,0.0
1036080000000,0.0
1036083600000,0.0
1036087200000,0.0
1036090800000,0.0
1036094400000,0.0
1036098000000,0.0
1036101600000,0.04
1036105200000,0.154
1036108800000,0.284
1036112400000,0.399
1036116000000,0.483
1036119600000,0.522
1036123200000,0.528
1036126800000,0.499
1036130400000,0.423
1036134000000,0.273
1036137600000,0.103
1036141200000,0.0
1036144800000,0.0
1036148400000,0.0
1036152000000,0.0
1036155600000,0.0
1036159200000,0.0
1036162800000,0.0
1036166400000,0.0
1036170000000,0.0
1036173600000,0.0
1036177200000,0.0
1036180800000,0.0
1036184400000,0.0
1036188000000,0.049
1036191600000,0.191
1036195200000,0.351
1036198800000,0.483
1036202400000,0.553
1036206000000,0.564
1036209600000,0.512
1036213200000,0.426
1036216800000,0.312
1036220400000,0.188
1036224000000,0.07
1036227600000,0.0
1036231200000,0.0
1036234800000,0.0
1036238400000,0.0
1036242000000,0.0
1036245600000,0.0
1036249200000,0.0
1036252800000,0.0
1036256400000,0.0
1036260000000,0.0
1036263600000,0.0
1036267200000,0.0
1036270800000,0.0
1036274400000,0.065
1036278000000,0.257
1036281600000,0.442
1036285200000,0.563
1036288800000,0.646
1036292400000,0.675
1036296000000,0.653
1036299600000,0.574
1036303200000,0.454
1036306800000,0.295
1036310400000,0.117
1036314000000,0.0
1036317600000,0.0
1036321200000,0.0
1036324800000,0.0
1036328400000,0.0
1036332000000,0.0
1036335600000,0.0
1036339200000,0.0
1036342800000,0.0
1036346400000,0.0
1036350000000,0.0
1036353600000,0.0
1036357200000,0.0
1036360800000,0.066
1036364400000,0.224
1036368000000,0.357
1036371600000,0.466
1036375200000,0.526
1036378800000,0.498
1036382400000,0.446
1036386000000,0.375
1036389600000,0.277
1036393200000,0.168
1036396800000,0.052
1036400400000,0.0
1036404000000,0.0
1036407600000,0.0
1036411200000,0.0
1036414800000,0.0
1036418400000,0.0
1036422000000,0.0
1036425600000,0.0
1036429200000,0.0
1036432800000,0.0
1036436400000,0.0
1036440000000,0.0
1036443600000,0.0
1036447200000,0.024
1036450800000,0.117
1036454400000,0.247
1036458000000,0.349
1036461600000,0.437
1036465200000,0.454
1036468800000,0.435
1036472400000,0.378
1036476000000,0.29
1036479600000,0.171
1036483200000,0.055
1036486800000,0.0
1036490400000,0.0
1036494000000,0.0
1036497600000,0.0
1036501200000,0.0
1036504800000,0.0
1036508400000,0.0
1036512000000,0.0
1036515600000,0.0
1036519200000,0.0
1036522800000,0.0
1036526400000,0.0
1036530000000,0.0
1036533600000,0.048
1036537200000,0.184
1036540800000,0.339
1036544400000,0.413
1036548000000,0.493
1036551600000,0.475
1036555200000,0.452
1036558800000,0.419
1036562400000,0.351
1036566000000,0.214
1036569600000,0.077
1036573200000,0.0
1036576800000,0.0
1036580400000,0.0
1036584000000,0.0
1036587600000,0.0
1036591200000,0.0
1036594800000,0.0
1036598400000,0.0
1036602000000,0.0
1036605600000,0.0
1036609200000,0.0
1036612800000,0.0
1036616400000,0.0
1036620000000,0.025
1036623600000,0.122
1036627200000,0.249
1036630800000,0.353
1036634400000,0.401
1036638000000,0.409
1036641600000,0.343
1036645200000,0.268
1036648800000,0.18
1036652400000,0.103
1036656000000,0.031
1036659600000,0.0
1036663200000,0.0
1036666800000,0.0
1036670400000,0.0
1036674000000,0.0
1036677600000,0.0
1036681200000,0.0
1036684800000,0.0
1036688400000,0.0
1036692000000,0.0
1036695600000,0.0
1036699200000,0.0
1036702800000,0.0
1036706400000,0.042
1036710000000,0.174
1036713600000,0.301
1036717200000,0.377
1036720800000,0.488
1036724400000,0.479
1036728000000,0.445
1036731600000,0.392
1036735200000,0.304
1036738800000,0.181
1036742400000,0.059
1036746000000,0.0
1036749600000,0.0
1036753200000,0.0
1036756800000,0.0
1036760400000,0.0
1036764000000,0.0
1036767600000,0.0
1036771200000,0.0
1036774800000,0.0
1036778400000,0.0
1036782000000,0.0
1036785600000,0.0
1036789200000,0.0
1036792800000,0.061
1036796400000,0.223
1036800000000,0.39
1036803600000,0.484
1036807200000,0.562
1036810800000,0.575
1036814400000,0.547
1036818000000,0.474
1036821600000,0.342
1036825200000,0.212
1036828800000,0.078
1036832400000,0.0
1036836000000,0.0
1036839600000,0.0
1036843200000,0.0
1036846800000,0.0
1036850400000,0.0
1036854000000,0.0
1036857600000,0.0
1036861200000,0.0
1036864800000,0.0
1036868400000,0.0
1036872000000,0.0
1036875600000,0.0
1036879200000,0.031
1036882800000,0.106
1036886400000,0.174
1036890000000,0.22
1036893600000,0.292
1036897200000,0.345
1036900800000,0.322
1036904400000,0.303
1036908000000,0.226
1036911600000,0.147
1036915200000,0.053
1036918800000,0.0
1036922400000,0.0
1036926000000,0.0
1036929600000,0.0
1036933200000,0.0
1036936800000,0.0
1036940400000,0.0
1036944000000,0.0
1036947600000,0.0
1036951200000,0.0
1036954800000,0.0
1036958400000,0.0
1036962000000,0.0
1036965600000,0.03
1036969200000,0.12
1036972800000,0.217
1036976400000,0.312
1036980000000,0.352
1036983600000,0.382
1036987200000,0.39
1036990800000,0.358
1036994400000,0.276
1036998000000,0.147
1037001600000,0.047
1037005200000,0.0
1037008800000,0.0
1037012400000,0.0
1037016000000,0.0
1037019600000,0.0
1037023200000,0.0
1037026800000,0.0
1037030400000,0.0
1037034000000,0.0
1037037600000,0.0
1037041200000,0.0
1037044800000,0.0
1037048400000,0.0
1037052000000,0.034
1037055600000,0.134
1037059200000,0.252
1037062800000,0.334
1037066400000,0.381
1037070000000,0.389
1037073600000,0.377
1037077200000,0.316
1037080800000,0.242
1037084400000,0.152
1037088000000,0.06
1037091600000,0.0
1037095200000,0.0
1037098800000,0.0
1037102400000,0.0
1037106000000,0.0
1037109600000,0.0
1037113200000,0.0
1037116800000,0.0
1037120400000,0.0
1037124000000,0.0
1037127600000,0.0
1037131200000,0.0
1037134800000,0.0
1037138400000,0.041
1037142000000,0.174
1037145600000,0.331
1037149200000,0.514
1037152800000,0.629
1037156400000,0.669
1037160000000,0.649
1037163600000,0.595
1037167200000,0.481
1037170800000,0.324
1037174400000,0.124
1037178000000,0.0
1037181600000,0.0
1037185200000,0.0
1037188800000,0.0
1037192400000,0.0
1037196000000,0.0
1037199600000,0.0
1037203200000,0.0
1037206800000,0.0
1037210400000,0.0
1037214000000,0.0
1037217600000,0.0
1037221200000,0.0
1037224800000,0.084
1037228400000,0.299
1037232000000,0.515
1037235600000,0.647
1037239200000,0.724
1037242800000,0.749
1037246400000,0.726
1037250000000,0.654
1037253600000,0.524
1037257200000,0.349
1037260800000,0.143
1037264400000,0.0
1037268000000,0.0
1037271600000,0.0
1037275200000,0.0
1037278800000,0.0
1037282400000,0.0
1037286000000,0.0
1037289600000,0.0
1037293200000,0.0
1037296800000,0.0
1037300400000,0.0
1037304000000,0.0
1037307600000,0.0
1037311200000,0.083
1037314800000,0.31
1037318400000,0.5
1037322000000,0.63
1037325600000,0.698
1037329200000,0.693
1037332800000,0.64
1037336400000,0.539
1037340000000,0.412
1037343600000,0.262
1037347200000,0.092
1037350800000,0.0
1037354400000,0.0
1037358000000,0.0
1037361600000,0.0
1037365200000,0.0
1037368800000,0.0
1037372400000,0.0
1037376000000,0.0
1037379600000,0.0
1037383200000,0.0
1037386800000,0.0
1037390400000,0.0
1037394000000,0.0
1037397600000,0.057
1037401200000,0.226
1037404800000,0.399
1037408400000,0.515
1037412000000,0.578
1037415600000,0.563
1037419200000,0.509
1037422800000,0.433
1037426400000,0.337
1037430000000,0.227
1037433600000,0.094
1037437200000,0.0
1037440800000,0.0
1037444400000,0.0
1037448000000,0.0
1037451600000,0.0
1037455200000,0.0
1037458800000,0.0
1037462400000,0.0
1037466000000,0.0
1037469600000,0.0
1037473200000,0.0
1037476800000,0.0
1037480400000,0.0
1037484000000,0.061
1037487600000,0.227
1037491200000,0.444
1037494800000,0.595
1037498400000,0.688
1037502000000,0.711
1037505600000,0.708
1037509200000,0.643
1037512800000,0.527
1037516400000,0.367
1037520000000,0.155
1037523600000,0.0
1037527200000,0.0
1037530800000,0.0
1037534400000,0.0
1037538000000,0.0
1037541600000,0.0
1037545200000,0.0
1037548800000,0.0
1037552400000,0.0
1037556000000,0.0
1037559600000,0.0
1037563200000,0.0
1037566800000,0.0
1037570400000,0.017
1037574000000,0.09
1037577600000,0.183
1037581200000,0.276
1037584800000,0.373
1037588400000,0.426
1037592000000,0.404
1037595600000,0.356
1037599200000,0.287
1037602800000,0.188
1037606400000,0.07
1037610000000,0.0
1037613600000,0.0
1037617200000,0.0
1037620800000,0.0
1037624400000,0.0
1037628000000,0.0
1037631600000,0.0
1037635200000,0.0
1037638800000,0.0
1037642400000,0.0
1037646000000,0.0
1037649600000,0.0
1037653200000,0.0
1037656800000,0.058
1037660400000,0.226
1037664000000,0.384
1037667600000,0.461
1037671200000,0.496
1037674800000,0.49
1037678400000,0.469
1037682000000,0.397
1037685600000,0.283
1037689200000,0.15
1037692800000,0.047
1037696400000,0.0
1037700000000,0.0
1037703600000,0.0
1037707200000,0.0
1037710800000,0.0
1037714400000,0.0
1037718000000,0.0
1037721600000,0.0
1037725200000,0.0
1037728800000,0.0
1037732400000,0.0
1037736000000,0.0
1037739600000,0.0
1037743200000,0.05
1037746800000,0.194
1037750400000,0.39
1037754000000,0.484
1037757600000,0.54
1037761200000,0.542
1037764800000,0.551
1037768400000,0.517
1037772000000,0.423
1037775600000,0.267
1037779200000,0.088
1037782800000,0.0
1037786400000,0.0
1037790000000,0.0
1037793600000,0.0
1037797200000,0.0
1037800800000,0.0
1037804400000,0.0
1037808000000,0.0
1037811600000,0.0
1037815200000,0.0
1037818800000,0.0
1037822400000,0.0
1037826000000,0.0
1037829600000,0.021
1037833200000,0.117
1037836800000,0.275
1037840400000,0.403
1037844000000,0.513
1037847600000,0.585
1037851200000,0.627
1037854800000,0.605
1037858400000,0.507
1037862000000,0.34
1037865600000,0.149
1037869200000,0.0
1037872800000,0.0
1037876400000,0.0
1037880000000,0.0
1037883600000,0.0
1037887200000,0.0
1037890800000,0.0
1037894400000,0.0
1037898000000,0.0
1037901600000,0.0
1037905200000,0.0
1037908800000,0.0
1037912400000,0.0
1037916000000,0.081
1037919600000,0.302
1037923200000,0.495
1037926800000,0.625
1037930400000,0.7
1037934000000,0.72
1037937600000,0.701
1037941200000,0.629
1037944800000,0.514
1037948400000,0.304
1037952000000,0.11
1037955600000,0.0
1037959200000,0.0
1037962800000,0.0
1037966400000,0.0
1037970000000,0.0
1037973600000,0.0
1037977200000,0.0
1037980800000,0.0
1037984400000,0.0
1037988000000,0.0
1037991600000,0.0
1037995200000,0.0
1037998800000,0.0
1038002400000,0.071
1038006000000,0.258
1038009600000,0.46
1038013200000,0.609
1038016800000,0.686
1038020400000,0.725
1038024000000,0.709
1038027600000,0.654
1038031200000,0.542
1038034800000,0.371
1038038400000,0.169
1038042000000,0.0
1038045600000,0.0
1038049200000,0.0
1038052800000,0.0
1038056400000,0.0
1038060000000,0.0
1038063600000,0.0
1038067200000,0.0
1038070800000,0.0
1038074400000,0.0
1038078000000,0.0
1038081600000,0.0
1038085200000,0.0
1038088800000,0.065
1038092400000,0.264
1038096000000,0.5
1038099600000,0.644
1038103200000,0.724
1038106800000,0.749
1038110400000,0.728
1038114000000,0.66
1038117600000,0.54
1038121200000,0.341
1038124800000,0.155
1038128400000,0.0
1038132000000,0.0
1038135600000,0.0
1038139200000,0.0
1038142800000,0.0
1038146400000,0.0
1038150000000,0.0
1038153600000,0.0
1038157200000,0.0
1038160800000,0.0
1038164400000,0.0
1038168000000,0.0
1038171600000,0.0
1038175200000,0.067
1038178800000,0.266
1038182400000,0.479
1038186000000,0.63
1038189600000,0.715
1038193200000,0.738
1038196800000,0.724
1038200400000,0.641
1038204000000,0.489
1038207600000,0.305
1038211200000,0.117
1038214800000,0.0
1038218400000,0.0
1038222000000,0.0
1038225600000,0.0
1038229200000,0.0
1038232800000,0.0
1038236400000,0.0
1038240000000,0.0
1038243600000,0.0
1038247200000,0.0
1038250800000,0.0
1038254400000,0.0
1038258000000,0.0
1038261600000,0.059
1038265200000,0.232
1038268800000,0.433
1038272400000,0.576
1038276000000,0.664
1038279600000,0.71
1038283200000,0.68
1038286800000,0.599
1038290400000,0.474
1038294000000,0.283
1038297600000,0.099
1038301200000,0.0
1038304800000,0.0
1038308400000,0.0
1038312000000,0.0
1038315600000,0.0
1038319200000,0.0
1038322800000,0.0
1038326400000,0.0
1038330000000,0.0
1038333600000,0.0
1038337200000,0.0
1038340800000,0.0
1038344400000,0.0
1038348000000,0.07
1038351600000,0.273
1038355200000,0.465
1038358800000,0.604
1038362400000,0.698
1038366000000,0.733
1038369600000,0.722
1038373200000,0.641
1038376800000,0.494
1038380400000,0.285
1038384000000,0.077
1038387600000,0.0
1038391200000,0.0
1038394800000,0.0
1038398400000,0.0
1038402000000,0.0
1038405600000,0.0
1038409200000,0.0
1038412800000,0.0
1038416400000,0.0
1038420000000,0.0
1038423600000,0.0
1038427200000,0.0
1038430800000,0.0
1038434400000,0.068
1038438000000,0.235
1038441600000,0.419
1038445200000,0.583
1038448800000,0.685
1038452400000,0.707
1038456000000,0.679
1038459600000,0.595
1038463200000,0.49
1038466800000,0.33
1038470400000,0.131
1038474000000,0.0
1038477600000,0.0
1038481200000,0.0
1038484800000,0.0
1038488400000,0.0
1038492000000,0.0
1038495600000,0.0
1038499200000,0.0
1038502800000,0.0
1038506400000,0.0
1038510000000,0.0
1038513600000,0.0
1038517200000,0.0
1038520800000,0.036
1038524400000,0.171
1038528000000,0.309
1038531600000,0.429
1038535200000,0.539
1038538800000,0.602
1038542400000,0.577
1038546000000,0.521
1038549600000,0.357
1038553200000,0.201
1038556800000,0.062
1038560400000,0.0
1038564000000,0.0
1038567600000,0.0
1038571200000,0.0
1038574800000,0.0
1038578400000,0.0
1038582000000,0.0
1038585600000,0.0
1038589200000,0.0
1038592800000,0.0
1038596400000,0.0
1038600000000,0.0
1038603600000,0.0
1038607200000,0.05
1038610800000,0.197
1038614400000,0.356
1038618000000,0.45
1038621600000,0.478
1038625200000,0.459
1038628800000,0.404
1038632400000,0.325
1038636000000,0.237
1038639600000,0.154
1038643200000,0.058
1038646800000,0.0
1038650400000,0.0
1038654000000,0.0
1038657600000,0.0
1038661200000,0.0
1038664800000,0.0
1038668400000,0.0
1038672000000,0.0
1038675600000,0.0
1038679200000,0.0
1038682800000,0.0
1038686400000,0.0
1038690000000,0.0
1038693600000,0.037
1038697200000,0.134
1038700800000,0.202
1038704400000,0.245
1038708000000,0.264
1038711600000,0.295
1038715200000,0.328
1038718800000,0.35
1038722400000,0.288
1038726000000,0.135
1038729600000,0.028
1038733200000,0.0
1038736800000,0.0
1038740400000,0.0
1038744000000,0.0
1038747600000,0.0
1038751200000,0.0
1038754800000,0.0
1038758400000,0.0
1038762000000,0.0
1038765600000,0.0
1038769200000,0.0
1038772800000,0.0
1038776400000,0.0
1038780000000,0.025
1038783600000,0.12
1038787200000,0.214
1038790800000,0.295
1038794400000,0.352
1038798000000,0.382
1038801600000,0.349
1038805200000,0.299
1038808800000,0.241
1038812400000,0.143
1038816000000,0.047
1038819600000,0.0
1038823200000,0.0
1038826800000,0.0
1038830400000,0.0
1038834000000,0.0
1038837600000,0.0
1038841200000,0.0
1038844800000,0.0
1038848400000,0.0
1038852000000,0.0
1038855600000,0.0
1038859200000,0.0
1038862800000,0.0
1038866400000,0.079
1038870000000,0.302
1038873600000,0.492
1038877200000,0.614
1038880800000,0.69
1038884400000,0.723
1038888000000,0.717
1038891600000,0.661
1038895200000,0.551
1038898800000,0.381
1038902400000,0.177
1038906000000,0.0
1038909600000,0.0
1038913200000,0.0
1038916800000,0.0
1038920400000,0.0
1038924000000,0.0
1038927600000,0.0
1038931200000,0.0
1038934800000,0.0
1038938400000,0.0
1038942000000,0.0
1038945600000,0.0
1038949200000,0.0
1038952800000,0.073
1038956400000,0.262
1038960000000,0.48
1038963600000,0.597
1038967200000,0.682
1038970800000,0.7
1038974400000,0.663
1038978000000,0.59
1038981600000,0.44
1038985200000,0.277
1038988800000,0.103
1038992400000,0.0
1038996000000,0.0
1038999600000,0.0
1039003200000,0.0
1039006800000,0.0
1039010400000,0.0
1039014000000,0.0
1039017600000,0.0
1039021200000,0.0
1039024800000,0.0
1039028400000,0.0
1039032000000,0.0
1039035600000,0.0
1039039200000,0.055
1039042800000,0.223
1039046400000,0.454
1039050000000,0.606
1039053600000,0.694
1039057200000,0.723
1039060800000,0.704
1039064400000,0.628
1039068000000,0.511
1039071600000,0.343
1039075200000,0.137
1039078800000,0.0
1039082400000,0.0
1039086000000,0.0
1039089600000,0.0
1039093200000,0.0
1039096800000,0.0
1039100400000,0.0
1039104000000,0.0
1039107600000,0.0
1039111200000,0.0
1039114800000,0.0
1039118400000,0.0
1039122000000,0.0
1039125600000,0.075
1039129200000,0.266
1039132800000,0.488
1039136400000,0.64
1039140000000,0.711
1039143600000,0.736
1039147200000,0.713
1039150800000,0.642
1039154400000,0.515
1039158000000,0.357
1039161600000,0.154
1039165200000,0.0
1039168800000,0.0
1039172400000,0.0
1039176000000,0.0
1039179600000,0.0
1039183200000,0.0
1039186800000,0.0
1039190400000,0.0
1039194000000,0.0
1039197600000,0.0
1039201200000,0.0
1039204800000,0.0
1039208400000,0.0
1039212000000,0.07
1039215600000,0.259
1039219200000,0.493
1039222800000,0.623
1039226400000,0.701
1039230000000,0.733
1039233600000,0.712
1039237200000,0.65
1039240800000,0.533
1039244400000,0.359
1039248000000,0.152
1039251600000,0.0
1039255200000,0.0
1039258800000,0.0
1039262400000,0.0
1039266000000,0.0
1039269600000,0.0
1039273200000,0.0
1039276800000,0.0
1039280400000,0.0
1039284000000,0.0
1039287600000,0.0
1039291200000,0.0
1039294800000,0.0
1039298400000,0.082
1039302000000,0.28
1039305600000,0.507
1039309200000,0.637
1039312800000,0.712
1039316400000,0.737
1039320000000,0.72
1039323600000,0.652
1039327200000,0.536
1039330800000,0.368
1039334400000,0.152
1039338000000,0.0
1039341600000,0.0
1039345200000,0.0
1039348800000,0.0
1039352400000,0.0
1039356000000,0.0
1039359600000,0.0
1039363200000,0.0
1039366800000,0.0
1039370400000,0.0
1039374000000,0.0
1039377600000,0.0
1039381200000,0.0
1039384800000,0.074
1039388400000,0.268
1039392000000,0.483
1039395600000,0.627
1039399200000,0.709
1039402800000,0.733
1039406400000,0.711
1039410000000,0.638
1039413600000,0.524
1039417200000,0.325
1039420800000,0.143
1039424400000,0.0
1039428000000,0.0
1039431600000,0.0
1039435200000,0.0
1039438800000,0.0
1039442400000,0.0
1039446000000,0.0
1039449600000,0.0
1039453200000,0.0
1039456800000,0.0
1039460400000,0.0
1039464000000,0.0
1039467600000,0.0
1039471200000,0.086
1039474800000,0.329
1039478400000,0.53
1039482000000,0.661
1039485600000,0.738
1039489200000,0.767
1039492800000,0.746
1039496400000,0.68
1039500000000,0.56
1039503600000,0.387
1039507200000,0.152
1039510800000,0.0
1039514400000,0.0
1039518000000,0.0
1039521600000,0.0
1039525200000,0.0
1039528800000,0.0
1039532400000,0.0
1039536000000,0.0
1039539600000,0.0
1039543200000,0.0
1039546800000,0.0
1039550400000,0.0
1039554000000,0.0
1039557600000,0.077
1039561200000,0.276
1039564800000,0.509
1039568400000,0.638
1039572000000,0.713
1039575600000,0.742
1039579200000,0.721
1039582800000,0.657
1039586400000,0.543
1039590000000,0.374
1039593600000,0.163
1039597200000,0.0
1039600800000,0.0
1039604400000,0.0
1039608000000,0.0
1039611600000,0.0
1039615200000,0.0
1039618800000,0.0
1039622400000,0.0
1039626000000,0.0
1039629600000,0.0
1039633200000,0.0
1039636800000,0.0
1039640400000,0.0
1039644000000,0.065
1039647600000,0.245
1039651200000,0.489
1039654800000,0.623
1039658400000,0.706
1039662000000,0.733
1039665600000,0.719
1039669200000,0.659
1039672800000,0.534
1039676400000,0.366
1039680000000,0.155
1039683600000,0.0
1039687200000,0.0
1039690800000,0.0
1039694400000,0.0
1039698000000,0.0
1039701600000,0.0
1039705200000,0.0
1039708800000,0.0
1039712400000,0.0
1039716000000,0.0
1039719600000,0.0
1039723200000,0.0
1039726800000,0.0
1039730400000,0.063
1039734000000,0.228
1039737600000,0.386
1039741200000,0.552
1039744800000,0.639
1039748400000,0.681
1039752000000,0.684
1039755600000,0.616
1039759200000,0.495
1039762800000,0.34
1039766400000,0.146
1039770000000,0.0
1039773600000,0.0
1039777200000,0.0
1039780800000,0.0
1039784400000,0.0
1039788000000,0.0
1039791600000,0.0
1039795200000,0.0
1039798800000,0.0
1039802400000,0.0
1039806000000,0.0
1039809600000,0.0
1039813200000,0.0
1039816800000,0.061
1039820400000,0.229
1039824000000,0.379
1039827600000,0.541
1039831200000,0.64
1039834800000,0.627
1039838400000,0.579
1039842000000,0.458
1039845600000,0.317
1039849200000,0.202
1039852800000,0.085
1039856400000,0.0
1039860000000,0.0
1039863600000,0.0
1039867200000,0.0
1039870800000,0.0
1039874400000,0.0
1039878000000,0.0
1039881600000,0.0
1039885200000,0.0
1039888800000,0.0
1039892400000,0.0
1039896000000,0.0
1039899600000,0.0
1039903200000,0.05
1039906800000,0.203
1039910400000,0.411
1039914000000,0.523
1039917600000,0.609
1039921200000,0.666
1039924800000,0.652
1039928400000,0.574
1039932000000,0.451
1039935600000,0.256
1039939200000,0.079
1039942800000,0.0
1039946400000,0.0
1039950000000,0.0
1039953600000,0.0
1039957200000,0.0
1039960800000,0.0
1039964400000,0.0
1039968000000,0.0
1039971600000,0.0
1039975200000,0.0
1039978800000,0.0
1039982400000,0.0
1039986000000,0.0
1039989600000,0.035
1039993200000,0.152
1039996800000,0.3
1040000400000,0.422
1040004000000,0.483
1040007600000,0.515
1040011200000,0.482
1040014800000,0.439
1040018400000,0.34
1040022000000,0.199
1040025600000,0.071
1040029200000,0.0
1040032800000,0.0
1040036400000,0.0
1040040000000,0.0
1040043600000,0.0
1040047200000,0.0
1040050800000,0.0
1040054400000,0.0
1040058000000,0.0
1040061600000,0.0
1040065200000,0.0
1040068800000,0.0
1040072400000,0.0
1040076000000,0.047
1040079600000,0.208
1040083200000,0.441
1040086800000,0.572
1040090400000,0.656
1040094000000,0.671
1040097600000,0.635
1040101200000,0.552
1040104800000,0.414
1040108400000,0.28
1040112000000,0.102
1040115600000,0.0
1040119200000,0.0
1040122800000,0.0
1040126400000,0.0
1040130000000,0.0
1040133600000,0.0
1040137200000,0.0
1040140800000,0.0
1040144400000,0.0
1040148000000,0.0
1040151600000,0.0
1040155200000,0.0
1040158800000,0.0
1040162400000,0.038
1040166000000,0.183
1040169600000,0.369
1040173200000,0.553
1040176800000,0.627
1040180400000,0.652
1040184000000,0.638
1040187600000,0.574
1040191200000,0.469
1040194800000,0.318
1040198400000,0.13
1040202000000,0.0
1040205600000,0.0
1040209200000,0.0
1040212800000,0.0
1040216400000,0.0
1040220000000,0.0
1040223600000,0.0
1040227200000,0.0
1040230800000,0.0
1040234400000,0.0
1040238000000,0.0
1040241600000,0.0
1040245200000,0.0
1040248800000,0.063
1040252400000,0.234
1040256000000,0.456
1040259600000,0.591
1040263200000,0.687
1040266800000,0.726
1040270400000,0.707
1040274000000,0.639
1040277600000,0.517
1040281200000,0.34
1040284800000,0.13
1040288400000,0.0
1040292000000,0.0
1040295600000,0.0
1040299200000,0.0
1040302800000,0.0
1040306400000,0.0
1040310000000,0.0
1040313600000,0.0
1040317200000,0.0
1040320800000,0.0
1040324400000,0.0
1040328000000,0.0
1040331600000,0.0
1040335200000,0.072
1040338800000,0.266
1040342400000,0.502
1040346000000,0.64
1040349600000,0.714
1040353200000,0.737
1040356800000,0.711
1040360400000,0.647
1040364000000,0.53
1040367600000,0.36
1040371200000,0.158
1040374800000,0.0
1040378400000,0.0
1040382000000,0.0
1040385600000,0.0
1040389200000,0.0
1040392800000,0.0
1040396400000,0.0
1040400000000,0.0
1040403600000,0.0
1040407200000,0.0
1040410800000,0.0
1040414400000,0.0
1040418000000,0.0
1040421600000,0.067
1040425200000,0.249
1040428800000,0.479
1040432400000,0.618
1040436000000,0.695
1040439600000,0.718
1040443200000,0.695
1040446800000,0.629
1040450400000,0.512
1040454000000,0.336
1040457600000,0.132
1040461200000,0.0
1040464800000,0.0
1040468400000,0.0
1040472000000,0.0
1040475600000,0.0
1040479200000,0.0
1040482800000,0.0
1040486400000,0.0
1040490000000,0.0
1040493600000,0.0
1040497200000,0.0
1040500800000,0.0
1040504400000,0.0
1040508000000,0.07
1040511600000,0.265
1040515200000,0.49
1040518800000,0.637
1040522400000,0.712
1040526000000,0.732
1040529600000,0.709
1040533200000,0.64
1040536800000,0.512
1040540400000,0.33
1040544000000,0.12
1040547600000,0.0
1040551200000,0.0
1040554800000,0.0
1040558400000,0.0
1040562000000,0.0
1040565600000,0.0
1040569200000,0.0
1040572800000,0.0
1040576400000,0.0
1040580000000,0.0
1040583600000,0.0
1040587200000,0.0
1040590800000,0.0
1040594400000,0.066
1040598000000,0.243
1040601600000,0.46
1040605200000,0.557
1040608800000,0.618
1040612400000,0.593
1040616000000,0.538
1040619600000,0.465
1040623200000,0.349
1040626800000,0.197
1040630400000,0.064
1040634000000,0.0
1040637600000,0.0
1040641200000,0.0
1040644800000,0.0
1040648400000,0.0
1040652000000,0.0
1040655600000,0.0
1040659200000,0.0
1040662800000,0.0
1040666400000,0.0
1040670000000,0.0
1040673600000,0.0
1040677200000,0.0
1040680800000,0.016
1040684400000,0.091
1040688000000,0.169
1040691600000,0.216
1040695200000,0.236
1040698800000,0.225
1040702400000,0.193
1040706000000,0.149
1040709600000,0.117
1040713200000,0.078
1040716800000,0.027
1040720400000,0.0
1040724000000,0.0
1040727600000,0.0
1040731200000,0.0
1040734800000,0.0
1040738400000,0.0
1040742000000,0.0
1040745600000,0.0
1040749200000,0.0
1040752800000,0.0
1040756400000,0.0
1040760000000,0.0
1040763600000,0.0
1040767200000,0.052
1040770800000,0.218
1040774400000,0.447
1040778000000,0.569
1040781600000,0.63
1040785200000,0.62
1040788800000,0.58
1040792400000,0.523
1040796000000,0.426
1040799600000,0.302
1040803200000,0.138
1040806800000,0.0
1040810400000,0.0
1040814000000,0.0
1040817600000,0.0
1040821200000,0.0
1040824800000,0.0
1040828400000,0.0
1040832000000,0.0
1040835600000,0.0
1040839200000,0.0
1040842800000,0.0
1040846400000,0.0
1040850000000,0.0
1040853600000,0.067
1040857200000,0.268
1040860800000,0.5
1040864400000,0.627
1040868000000,0.702
1040871600000,0.731
1040875200000,0.714
1040878800000,0.643
1040882400000,0.513
1040886000000,0.324
1040889600000,0.138
1040893200000,0.0
1040896800000,0.0
1040900400000,0.0
1040904000000,0.0
1040907600000,0.0
1040911200000,0.0
1040914800000,0.0
1040918400000,0.0
1040922000000,0.0
1040925600000,0.0
1040929200000,0.0
1040932800000,0.0
1040936400000,0.0
1040940000000,0.069
1040943600000,0.274
1040947200000,0.465
1040950800000,0.592
1040954400000,0.665
1040958000000,0.684
1040961600000,0.661
1040965200000,0.588
1040968800000,0.47
1040972400000,0.315
1040976000000,0.122
1040979600000,0.0
1040983200000,0.0
1040986800000,0.0
1040990400000,0.0
1040994000000,0.0
1040997600000,0.0
1041001200000,0.0
1041004800000,0.0
1041008400000,0.0
1041012000000,0.0
1041015600000,0.0
1041019200000,0.0
1041022800000,0.0
1041026400000,0.072
1041030000000,0.27
1041033600000,0.51
1041037200000,0.637
1041040800000,0.716
1041044400000,0.741
1041048000000,0.723
1041051600000,0.655
1041055200000,0.539
1041058800000,0.358
1041062400000,0.146
1041066000000,0.0
1041069600000,0.0
1041073200000,0.0
1041076800000,0.0
1041080400000,0.0
1041084000000,0.0
1041087600000,0.0
1041091200000,0.0
1041094800000,0.0
1041098400000,0.0
1041102000000,0.0
1041105600000,0.0
1041109200000,0.0
1041112800000,0.086
1041116400000,0.297
1041120000000,0.485
1041123600000,0.601
1041127200000,0.673
1041130800000,0.673
1041134400000,0.585
1041138000000,0.481
1041141600000,0.337
1041145200000,0.193
1041148800000,0.06
1041152400000,0.0
1041156000000,0.0
1041159600000,0.0
1041163200000,0.0
1041166800000,0.0
1041170400000,0.0
1041174000000,0.0
1041177600000,0.0
1041181200000,0.0
1041184800000,0.0
1041188400000,0.0
1041192000000,0.0
1041195600000,0.0
1041199200000,0.062
1041202800000,0.262
1041206400000,0.464
1041210000000,0.624
1041213600000,0.705
1041217200000,0.732
1041220800000,0.709
1041224400000,0.644
1041228000000,0.522
1041231600000,0.355
1041235200000,0.148
1041238800000,0.0
1041242400000,0.0
1041246000000,0.0
1041249600000,0.0
1041253200000,0.0
1041256800000,0.0
1041260400000,0.0
1041264000000,0.0
1041267600000,0.0
1041271200000,0.0
1041274800000,0.0
1041278400000,0.0
1041282000000,0.0
1041285600000,0.033
1041289200000,0.161
1041292800000,0.332
1041296400000,0.475
1041300000000,0.558
1041303600000,0.596
1041307200000,0.5
1041310800000,0.365
1041314400000,0.215
1041318000000,0.1
1041321600000,0.022
1041325200000,0.0
1041328800000,0.0
1041332400000,0.0
1041336000000,0.0
1041339600000,0.0
1041343200000,0.0
1041346800000,0.0
1041350400000,0.0
1041354000000,0.0
1041357600000,0.0
1041361200000,0.0
1041364800000,0.0
1041368400000,0.0
1041372000000,0.063
1041375600000,0.241
