,Py1
1262304000000,0.235
1262307600000,0.318
1262311200000,0.356
1262314800000,0.358
1262318400000,0.328
1262322000000,0.263
1262325600000,0.19
1262329200000,0.115
1262332800000,0.041
1262336400000,0.0
1262340000000,0.0
1262343600000,0.0
1262347200000,0.0
1262350800000,0.0
1262354400000,0.0
1262358000000,0.0
1262361600000,0.0
1262365200000,0.0
1262368800000,0.0
1262372400000,0.0
1262376000000,0.0
1262379600000,0.0
1262383200000,0.006
1262386800000,0.078
1262390400000,0.172
1262394000000,0.272
1262397600000,0.374
1262401200000,0.4
1262404800000,0.364
1262408400000,0.3
1262412000000,0.215
1262415600000,0.126
1262419200000,0.043
1262422800000,0.0
1262426400000,0.0
1262430000000,0.0
1262433600000,0.0
1262437200000,0.0
1262440800000,0.0
1262444400000,0.0
1262448000000,0.0
1262451600000,0.0
1262455200000,0.0
1262458800000,0.0
1262462400000,0.0
1262466000000,0.0
1262469600000,0.021
1262473200000,0.188
1262476800000,0.385
1262480400000,0.531
1262484000000,0.617
1262487600000,0.663
1262491200000,0.656
1262494800000,0.593
1262498400000,0.49
1262502000000,0.314
1262505600000,0.122
1262509200000,0.0
1262512800000,0.0
1262516400000,0.0
1262520000000,0.0
1262523600000,0.0
1262527200000,0.0
1262530800000,0.0
1262534400000,0.0
1262538000000,0.0
1262541600000,0.0
1262545200000,0.0
1262548800000,0.0
1262552400000,0.0
1262556000000,0.03
1262559600000,0.225
1262563200000,0.42
1262566800000,0.567
1262570400000,0.664
1262574000000,0.704
1262577600000,0.694
1262581200000,0.634
1262584800000,0.516
1262588400000,0.358
1262592000000,0.154
1262595600000,0.0
1262599200000,0.0
1262602800000,0.0
1262606400000,0.0
1262610000000,0.0
1262613600000,0.0
1262617200000,0.0
1262620800000,0.0
1262624400000,0.0
1262628000000,0.0
1262631600000,0.0
1262635200000,0.0
1262638800000,0.0
1262642400000,0.038
1262646000000,0.225
1262649600000,0.443
1262653200000,0.583
1262656800000,0.674
1262660400000,0.71
1262664000000,0.699
1262667600000,0.64
1262671200000,0.532
1262674800000,0.374
1262678400000,0.17
1262682000000,0.001
1262685600000,0.0
1262689200000,0.0
1262692800000,0.0
1262696400000,0.0
1262700000000,0.0
1262703600000,0.0
1262707200000,0.0
1262710800000,0.0
1262714400000,0.0
1262718000000,0.0
1262721600000,0.0
1262725200000,0.0
1262728800000,0.042
1262732400000,0.229
1262736000000,0.432
1262739600000,0.57
1262743200000,0.661
1262746800000,0.705
1262750400000,0.695
1262754000000,0.64
1262757600000,0.53
1262761200000,0.37
1262764800000,0.157
1262768400000,0.0
1262772000000,0.0
1262775600000,0.0
1262779200000,0.0
1262782800000,0.0
1262786400000,0.0
1262790000000,0.0
1262793600000,0.0
1262797200000,0.0
1262800800000,0.0
1262804400000,0.0
1262808000000,0.0
1262811600000,0.0
1262815200000,0.029
1262818800000,0.204
1262822400000,0.405
1262826000000,0.545
1262829600000,0.623
1262833200000,0.66
1262836800000,0.652
1262840400000,0.59
1262844000000,0.474
1262847600000,0.303
1262851200000,0.113
1262854800000,0.0
1262858400000,0.0
1262862000000,0.0
1262865600000,0.0
1262869200000,0.0
1262872800000,0.0
1262876400000,0.0
1262880000000,0.0
1262883600000,0.0
1262887200000,0.0
1262890800000,0.0
1262894400000,0.0
1262898000000,0.0
1262901600000,0.014
1262905200000,0.125
1262908800000,0.267
1262912400000,0.345
1262916000000,0.393
1262919600000,0.396
1262923200000,0.408
1262926800000,0.39
1262930400000,0.287
1262934000000,0.187
1262937600000,0.084
1262941200000,0.0
1262944800000,0.0
1262948400000,0.0
1262952000000,0.0
1262955600000,0.0
1262959200000,0.0
1262962800000,0.0
1262966400000,0.0
1262970000000,0.0
1262973600000,0.0
1262977200000,0.0
1262980800000,0.0
1262984400000,0.0
1262988000000,0.033
1262991600000,0.212
1262995200000,0.408
1262998800000,0.547
1263002400000,0.634
1263006000000,0.668
1263009600000,0.652
1263013200000,0.58
1263016800000,0.469
1263020400000,0.319
1263024000000,0.138
1263027600000,0.0
1263031200000,0.0
1263034800000,0.0
1263038400000,0.0
1263042000000,0.0
1263045600000,0.0
1263049200000,0.0
1263052800000,0.0
1263056400000,0.0
1263060000000,0.0
1263063600000,0.0
1263067200000,0.0
1263070800000,0.0
1263074400000,0.04
1263078000000,0.23
1263081600000,0.415
1263085200000,0.547
1263088800000,0.632
1263092400000,0.669
1263096000000,0.659
1263099600000,0.603
1263103200000,0.497
1263106800000,0.348
1263110400000,0.152
1263114000000,0.0
1263117600000,0.0
1263121200000,0.0
1263124800000,0.0
1263128400000,0.0
1263132000000,0.0
1263135600000,0.0
1263139200000,0.0
1263142800000,0.0
1263146400000,0.0
1263150000000,0.0
1263153600000,0.0
1263157200000,0.0
1263160800000,0.039
1263164400000,0.229
1263168000000,0.409
1263171600000,0.539
1263175200000,0.623
1263178800000,0.658
1263182400000,0.654
1263186000000,0.593
1263189600000,0.494
1263193200000,0.351
1263196800000,0.16
1263200400000,0.0
1263204000000,0.0
1263207600000,0.0
1263211200000,0.0
1263214800000,0.0
1263218400000,0.0
1263222000000,0.0
1263225600000,0.0
1263229200000,0.0
1263232800000,0.0
1263236400000,0.0
1263240000000,0.0
1263243600000,0.0
1263247200000,0.037
1263250800000,0.226
1263254400000,0.408
1263258000000,0.523
1263261600000,0.585
1263265200000,0.611
1263268800000,0.627
1263272400000,0.595
1263276000000,0.495
1263279600000,0.321
1263283200000,0.111
1263286800000,0.0
1263290400000,0.0
1263294000000,0.0
1263297600000,0.0
1263301200000,0.0
1263304800000,0.0
1263308400000,0.0
1263312000000,0.0
1263315600000,0.0
1263319200000,0.0
1263322800000,0.0
1263326400000,0.0
1263330000000,0.0
1263333600000,0.018
1263337200000,0.153
1263340800000,0.335
1263344400000,0.486
1263348000000,0.574
1263351600000,0.602
1263355200000,0.602
1263358800000,0.555
1263362400000,0.45
1263366000000,0.295
1263369600000,0.118
1263373200000,0.0
1263376800000,0.0
1263380400000,0.0
1263384000000,0.0
1263387600000,0.0
1263391200000,0.0
1263394800000,0.0
1263398400000,0.0
1263402000000,0.0
1263405600000,0.0
1263409200000,0.0
1263412800000,0.0
1263416400000,0.0
1263420000000,0.026
1263423600000,0.19
1263427200000,0.359
1263430800000,0.489
1263434400000,0.586
1263438000000,0.595
1263441600000,0.583
1263445200000,0.558
1263448800000,0.457
1263452400000,0.279
1263456000000,0.103
1263459600000,0.0
1263463200000,0.0
1263466800000,0.0
1263470400000,0.0
1263474000000,0.0
1263477600000,0.0
1263481200000,0.0
1263484800000,0.0
1263488400000,0.0
1263492000000,0.0
1263495600000,0.0
1263499200000,0.0
1263502800000,0.0
1263506400000,0.023
1263510000000,0.184
1263513600000,0.349
1263517200000,0.479
1263520800000,0.565
1263524400000,0.606
1263528000000,0.605
1263531600000,0.527
1263535200000,0.413
1263538800000,0.232
1263542400000,0.065
1263546000000,0.0
1263549600000,0.0
1263553200000,0.0
1263556800000,0.0
1263560400000,0.0
1263564000000,0.0
1263567600000,0.0
1263571200000,0.0
1263574800000,0.0
1263578400000,0.0
1263582000000,0.0
1263585600000,0.0
1263589200000,0.0
1263592800000,0.003
1263596400000,0.062
1263600000000,0.132
1263603600000,0.199
1263607200000,0.268
1263610800000,0.3
1263614400000,0.295
1263618000000,0.256
1263621600000,0.178
1263625200000,0.095
1263628800000,0.024
1263632400000,0.0
1263636000000,0.0
1263639600000,0.0
1263643200000,0.0
1263646800000,0.0
1263650400000,0.0
1263654000000,0.0
1263657600000,0.0
1263661200000,0.0
1263664800000,0.0
1263668400000,0.0
1263672000000,0.0
1263675600000,0.0
1263679200000,0.0
1263682800000,0.036
1263686400000,0.088
1263690000000,0.145
1263693600000,0.187
1263697200000,0.228
1263700800000,0.275
1263704400000,0.279
1263708000000,0.235
1263711600000,0.182
1263715200000,0.076
1263718800000,0.0
1263722400000,0.0
1263726000000,0.0
1263729600000,0.0
1263733200000,0.0
1263736800000,0.0
1263740400000,0.0
1263744000000,0.0
1263747600000,0.0
1263751200000,0.0
1263754800000,0.0
1263758400000,0.0
1263762000000,0.0
1263765600000,0.019
1263769200000,0.153
1263772800000,0.293
1263776400000,0.396
1263780000000,0.466
1263783600000,0.501
1263787200000,0.452
1263790800000,0.357
1263794400000,0.237
1263798000000,0.118
1263801600000,0.033
1263805200000,0.0
1263808800000,0.0
1263812400000,0.0
1263816000000,0.0
1263819600000,0.0
1263823200000,0.0
1263826800000,0.0
1263830400000,0.0
1263834000000,0.0
1263837600000,0.0
1263841200000,0.0
1263844800000,0.0
1263848400000,0.0
1263852000000,0.022
1263855600000,0.17
1263859200000,0.362
1263862800000,0.502
1263866400000,0.601
1263870000000,0.655
1263873600000,0.653
1263877200000,0.602
1263880800000,0.479
1263884400000,0.329
1263888000000,0.138
1263891600000,0.0
1263895200000,0.0
1263898800000,0.0
1263902400000,0.0
1263906000000,0.0
1263909600000,0.0
1263913200000,0.0
1263916800000,0.0
1263920400000,0.0
1263924000000,0.0
1263927600000,0.0
1263931200000,0.0
1263934800000,0.0
1263938400000,0.043
1263942000000,0.245
1263945600000,0.437
1263949200000,0.574
1263952800000,0.667
1263956400000,0.709
1263960000000,0.703
1263963600000,0.646
1263967200000,0.519
1263970800000,0.356
1263974400000,0.158
1263978000000,0.001
1263981600000,0.0
1263985200000,0.0
1263988800000,0.0
1263992400000,0.0
1263996000000,0.0
1263999600000,0.0
1264003200000,0.0
1264006800000,0.0
1264010400000,0.0
1264014000000,0.0
1264017600000,0.0
1264021200000,0.0
1264024800000,0.049
1264028400000,0.261
1264032000000,0.456
1264035600000,0.596
1264039200000,0.683
1264042800000,0.719
1264046400000,0.707
1264050000000,0.646
1264053600000,0.516
1264057200000,0.35
1264060800000,0.152
1264064400000,0.0
1264068000000,0.0
1264071600000,0.0
1264075200000,0.0
1264078800000,0.0
1264082400000,0.0
1264086000000,0.0
1264089600000,0.0
1264093200000,0.0
1264096800000,0.0
1264100400000,0.0
1264104000000,0.0
1264107600000,0.0
1264111200000,0.053
1264114800000,0.275
1264118400000,0.469
1264122000000,0.609
1264125600000,0.697
1264129200000,0.735
1264132800000,0.724
1264136400000,0.666
1264140000000,0.552
1264143600000,0.376
1264147200000,0.164
1264150800000,0.002
1264154400000,0.0
1264158000000,0.0
1264161600000,0.0
1264165200000,0.0
1264168800000,0.0
1264172400000,0.0
1264176000000,0.0
1264179600000,0.0
1264183200000,0.0
1264186800000,0.0
1264190400000,0.0
1264194000000,0.0
1264197600000,0.049
1264201200000,0.255
1264204800000,0.457
1264208400000,0.595
1264212000000,0.682
1264215600000,0.722
1264219200000,0.711
1264222800000,0.653
1264226400000,0.54
1264230000000,0.361
1264233600000,0.159
1264237200000,0.001
1264240800000,0.0
1264244400000,0.0
1264248000000,0.0
1264251600000,0.0
1264255200000,0.0
1264258800000,0.0
1264262400000,0.0
1264266000000,0.0
1264269600000,0.0
1264273200000,0.0
1264276800000,0.0
1264280400000,0.0
1264284000000,0.035
1264287600000,0.213
1264291200000,0.396
1264294800000,0.519
1264298400000,0.607
1264302000000,0.652
1264305600000,0.652
1264309200000,0.608
1264312800000,0.508
1264316400000,0.359
1264320000000,0.157
1264323600000,0.002
1264327200000,0.0
1264330800000,0.0
1264334400000,0.0
1264338000000,0.0
1264341600000,0.0
1264345200000,0.0
1264348800000,0.0
1264352400000,0.0
1264356000000,0.0
1264359600000,0.0
1264363200000,0.0
1264366800000,0.0
1264370400000,0.052
1264374000000,0.274
1264377600000,0.473
1264381200000,0.61
1264384800000,0.697
1264388400000,0.732
1264392000000,0.72
1264395600000,0.659
1264399200000,0.541
1264402800000,0.371
1264406400000,0.17
1264410000000,0.003
1264413600000,0.0
1264417200000,0.0
1264420800000,0.0
1264424400000,0.0
1264428000000,0.0
1264431600000,0.0
1264435200000,0.0
1264438800000,0.0
1264442400000,0.0
1264446000000,0.0
1264449600000,0.0
1264453200000,0.0
1264456800000,0.026
1264460400000,0.211
1264464000000,0.426
1264467600000,0.565
1264471200000,0.658
1264474800000,0.693
1264478400000,0.677
1264482000000,0.626
1264485600000,0.519
1264489200000,0.364
1264492800000,0.165
1264496400000,0.003
1264500000000,0.0
1264503600000,0.0
1264507200000,0.0
1264510800000,0.0
1264514400000,0.0
1264518000000,0.0
1264521600000,0.0
1264525200000,0.0
1264528800000,0.0
1264532400000,0.0
1264536000000,0.0
1264539600000,0.0
1264543200000,0.056
1264546800000,0.273
1264550400000,0.471
1264554000000,0.613
1264557600000,0.702
1264561200000,0.734
1264564800000,0.723
1264568400000,0.662
1264572000000,0.552
1264575600000,0.392
1264579200000,0.179
1264582800000,0.004
1264586400000,0.0
1264590000000,0.0
1264593600000,0.0
1264597200000,0.0
1264600800000,0.0
1264604400000,0.0
1264608000000,0.0
1264611600000,0.0
1264615200000,0.0
1264618800000,0.0
1264622400000,0.0
1264626000000,0.0
1264629600000,0.059
1264633200000,0.278
1264636800000,0.467
1264640400000,0.604
1264644000000,0.689
1264647600000,0.724
1264651200000,0.708
1264654800000,0.648
1264658400000,0.53
1264662000000,0.385
1264665600000,0.165
1264669200000,0.003
1264672800000,0.0
1264676400000,0.0
1264680000000,0.0
1264683600000,0.0
1264687200000,0.0
1264690800000,0.0
1264694400000,0.0
1264698000000,0.0
1264701600000,0.0
1264705200000,0.0
1264708800000,0.0
1264712400000,0.0
1264716000000,0.049
1264719600000,0.255
1264723200000,0.446
1264726800000,0.588
1264730400000,0.679
1264734000000,0.718
1264737600000,0.713
1264741200000,0.655
1264744800000,0.547
1264748400000,0.371
1264752000000,0.173
1264755600000,0.003
1264759200000,0.0
1264762800000,0.0
1264766400000,0.0
1264770000000,0.0
1264773600000,0.0
1264777200000,0.0
1264780800000,0.0
1264784400000,0.0
1264788000000,0.0
1264791600000,0.0
1264795200000,0.0
1264798800000,0.0
1264802400000,0.054
1264806000000,0.263
1264809600000,0.458
1264813200000,0.6
1264816800000,0.692
1264820400000,0.726
1264824000000,0.714
1264827600000,0.658
1264831200000,0.552
1264834800000,0.392
1264838400000,0.182
1264842000000,0.006
1264845600000,0.0
1264849200000,0.0
1264852800000,0.0
1264856400000,0.0
1264860000000,0.0
1264863600000,0.0
1264867200000,0.0
1264870800000,0.0
1264874400000,0.0
1264878000000,0.0
1264881600000,0.0
1264885200000,0.0
1264888800000,0.043
1264892400000,0.254
1264896000000,0.454
1264899600000,0.596
1264903200000,0.689
1264906800000,0.733
1264910400000,0.723
1264914000000,0.663
1264917600000,0.554
1264921200000,0.391
1264924800000,0.176
1264928400000,0.006
1264932000000,0.0
1264935600000,0.0
1264939200000,0.0
1264942800000,0.0
1264946400000,0.0
1264950000000,0.0
1264953600000,0.0
1264957200000,0.0
1264960800000,0.0
1264964400000,0.0
1264968000000,0.0
1264971600000,0.0
1264975200000,0.056
1264978800000,0.267
1264982400000,0.476
1264986000000,0.615
1264989600000,0.705
1264993200000,0.74
1264996800000,0.731
1265000400000,0.677
1265004000000,0.57
1265007600000,0.41
1265011200000,0.199
1265014800000,0.009
1265018400000,0.0
1265022000000,0.0
1265025600000,0.0
1265029200000,0.0
1265032800000,0.0
1265036400000,0.0
1265040000000,0.0
1265043600000,0.0
1265047200000,0.0
1265050800000,0.0
1265054400000,0.0
1265058000000,0.0
1265061600000,0.061
1265065200000,0.281
1265068800000,0.475
1265072400000,0.609
1265076000000,0.691
1265079600000,0.727
1265083200000,0.721
1265086800000,0.665
1265090400000,0.556
1265094000000,0.39
1265097600000,0.18
1265101200000,0.006
1265104800000,0.0
1265108400000,0.0
1265112000000,0.0
1265115600000,0.0
1265119200000,0.0
1265122800000,0.0
1265126400000,0.0
1265130000000,0.0
1265133600000,0.0
1265137200000,0.0
1265140800000,0.0
1265144400000,0.0
1265148000000,0.062
1265151600000,0.284
1265155200000,0.479
1265158800000,0.615
1265162400000,0.706
1265166000000,0.744
1265169600000,0.738
1265173200000,0.682
1265176800000,0.574
1265180400000,0.412
1265184000000,0.199
1265187600000,0.008
1265191200000,0.0
1265194800000,0.0
1265198400000,0.0
1265202000000,0.0
1265205600000,0.0
1265209200000,0.0
1265212800000,0.0
1265216400000,0.0
1265220000000,0.0
1265223600000,0.0
1265227200000,0.0
1265230800000,0.0
1265234400000,0.05
1265238000000,0.248
1265241600000,0.471
1265245200000,0.607
1265248800000,0.692
1265252400000,0.733
1265256000000,0.728
1265259600000,0.672
1265263200000,0.561
1265266800000,0.384
1265270400000,0.176
1265274000000,0.008
1265277600000,0.0
1265281200000,0.0
1265284800000,0.0
1265288400000,0.0
1265292000000,0.0
1265295600000,0.0
1265299200000,0.0
1265302800000,0.0
1265306400000,0.0
1265310000000,0.0
1265313600000,0.0
1265317200000,0.0
1265320800000,0.06
1265324400000,0.285
1265328000000,0.499
1265331600000,0.642
1265335200000,0.726
1265338800000,0.76
1265342400000,0.746
1265346000000,0.685
1265349600000,0.571
1265353200000,0.404
1265356800000,0.197
1265360400000,0.01
1265364000000,0.0
1265367600000,0.0
1265371200000,0.0
1265374800000,0.0
1265378400000,0.0
1265382000000,0.0
1265385600000,0.0
1265389200000,0.0
1265392800000,0.0
1265396400000,0.0
1265400000000,0.0
1265403600000,0.0
1265407200000,0.065
1265410800000,0.283
1265414400000,0.479
1265418000000,0.613
1265421600000,0.699
1265425200000,0.739
1265428800000,0.741
1265432400000,0.689
1265436000000,0.581
1265439600000,0.417
1265443200000,0.204
1265446800000,0.011
1265450400000,0.0
1265454000000,0.0
1265457600000,0.0
1265461200000,0.0
1265464800000,0.0
1265468400000,0.0
1265472000000,0.0
1265475600000,0.0
1265479200000,0.0
1265482800000,0.0
1265486400000,0.0
1265490000000,0.0
1265493600000,0.046
1265497200000,0.263
1265500800000,0.478
1265504400000,0.617
1265508000000,0.712
1265511600000,0.749
1265515200000,0.738
1265518800000,0.675
1265522400000,0.569
1265526000000,0.403
1265529600000,0.193
1265533200000,0.009
1265536800000,0.0
1265540400000,0.0
1265544000000,0.0
1265547600000,0.0
1265551200000,0.0
1265554800000,0.0
1265558400000,0.0
1265562000000,0.0
1265565600000,0.0
1265569200000,0.0
1265572800000,0.0
1265576400000,0.0
1265580000000,0.069
1265583600000,0.296
1265587200000,0.486
1265590800000,0.622
1265594400000,0.707
1265598000000,0.742
1265601600000,0.732
1265605200000,0.674
1265608800000,0.56
1265612400000,0.392
1265616000000,0.178
1265619600000,0.005
1265623200000,0.0
1265626800000,0.0
1265630400000,0.0
1265634000000,0.0
1265637600000,0.0
1265641200000,0.0
1265644800000,0.0
1265648400000,0.0
1265652000000,0.0
1265655600000,0.0
1265659200000,0.0
1265662800000,0.0
1265666400000,0.061
1265670000000,0.275
1265673600000,0.472
1265677200000,0.606
1265680800000,0.693
1265684400000,0.734
1265688000000,0.729
1265691600000,0.671
1265695200000,0.53
1265698800000,0.345
1265702400000,0.144
1265706000000,0.004
1265709600000,0.0
1265713200000,0.0
1265716800000,0.0
1265720400000,0.0
1265724000000,0.0
1265727600000,0.0
1265731200000,0.0
1265734800000,0.0
1265738400000,0.0
1265742000000,0.0
1265745600000,0.0
1265749200000,0.0
1265752800000,0.07
1265756400000,0.297
1265760000000,0.5
1265763600000,0.639
1265767200000,0.721
1265770800000,0.751
1265774400000,0.74
1265778000000,0.676
1265781600000,0.563
1265785200000,0.381
1265788800000,0.17
1265792400000,0.006
1265796000000,0.0
1265799600000,0.0
1265803200000,0.0
1265806800000,0.0
1265810400000,0.0
1265814000000,0.0
1265817600000,0.0
1265821200000,0.0
1265824800000,0.0
1265828400000,0.0
1265832000000,0.0
1265835600000,0.0
1265839200000,0.064
1265842800000,0.287
1265846400000,0.482
1265850000000,0.626
1265853600000,0.719
1265857200000,0.758
1265860800000,0.75
1265864400000,0.687
1265868000000,0.571
1265871600000,0.401
1265875200000,0.195
1265878800000,0.011
1265882400000,0.0
1265886000000,0.0
1265889600000,0.0
1265893200000,0.0
1265896800000,0.0
1265900400000,0.0
1265904000000,0.0
1265907600000,0.0
1265911200000,0.0
1265914800000,0.0
1265918400000,0.0
1265922000000,0.0
1265925600000,0.069
1265929200000,0.293
1265932800000,0.488
1265936400000,0.629
1265940000000,0.718
1265943600000,0.752
1265947200000,0.739
1265950800000,0.681
1265954400000,0.571
1265958000000,0.411
1265961600000,0.202
1265965200000,0.01
1265968800000,0.0
1265972400000,0.0
1265976000000,0.0
1265979600000,0.0
1265983200000,0.0
1265986800000,0.0
1265990400000,0.0
1265994000000,0.0
1265997600000,0.0
1266001200000,0.0
1266004800000,0.0
1266008400000,0.0
1266012000000,0.074
1266015600000,0.298
1266019200000,0.501
1266022800000,0.64
1266026400000,0.727
1266030000000,0.761
1266033600000,0.747
1266037200000,0.679
1266040800000,0.569
1266044400000,0.405
1266048000000,0.187
1266051600000,0.011
1266055200000,0.0
1266058800000,0.0
1266062400000,0.0
1266066000000,0.0
1266069600000,0.0
1266073200000,0.0
1266076800000,0.0
1266080400000,0.0
1266084000000,0.0
1266087600000,0.0
1266091200000,0.0
1266094800000,0.0
1266098400000,0.069
1266102000000,0.289
1266105600000,0.488
1266109200000,0.629
1266112800000,0.719
1266116400000,0.756
1266120000000,0.744
1266123600000,0.69
1266127200000,0.582
1266130800000,0.414
1266134400000,0.2
1266138000000,0.012
1266141600000,0.0
1266145200000,0.0
1266148800000,0.0
1266152400000,0.0
1266156000000,0.0
1266159600000,0.0
1266163200000,0.0
1266166800000,0.0
1266170400000,0.0
1266174000000,0.0
1266177600000,0.0
1266181200000,0.0
1266184800000,0.063
1266188400000,0.263
1266192000000,0.457
1266195600000,0.612
1266199200000,0.703
1266202800000,0.746
1266206400000,0.737
1266210000000,0.668
1266213600000,0.562
1266217200000,0.407
1266220800000,0.201
1266224400000,0.012
1266228000000,0.0
1266231600000,0.0
1266235200000,0.0
1266238800000,0.0
1266242400000,0.0
1266246000000,0.0
1266249600000,0.0
1266253200000,0.0
1266256800000,0.0
1266260400000,0.0
1266264000000,0.0
1266267600000,0.0
1266271200000,0.07
1266274800000,0.295
1266278400000,0.495
1266282000000,0.637
1266285600000,0.728
1266289200000,0.765
1266292800000,0.755
1266296400000,0.698
1266300000000,0.588
1266303600000,0.425
1266307200000,0.21
1266310800000,0.013
1266314400000,0.0
1266318000000,0.0
1266321600000,0.0
1266325200000,0.0
1266328800000,0.0
1266332400000,0.0
1266336000000,0.0
1266339600000,0.0
1266343200000,0.0
1266346800000,0.0
1266350400000,0.0
1266354000000,0.0
1266357600000,0.063
1266361200000,0.275
1266364800000,0.482
1266368400000,0.622
1266372000000,0.71
1266375600000,0.741
1266379200000,0.734
1266382800000,0.679
1266386400000,0.565
1266390000000,0.399
1266393600000,0.196
1266397200000,0.011
1266400800000,0.0
1266404400000,0.0
1266408000000,0.0
1266411600000,0.0
1266415200000,0.0
1266418800000,0.0
1266422400000,0.0
1266426000000,0.0
1266429600000,0.0
1266433200000,0.0
1266436800000,0.0
1266440400000,0.0
1266444000000,0.059
1266447600000,0.282
1266451200000,0.482
1266454800000,0.618
1266458400000,0.695
1266462000000,0.739
1266465600000,0.729
1266469200000,0.67
1266472800000,0.565
1266476400000,0.409
1266480000000,0.196
1266483600000,0.01
1266487200000,0.0
1266490800000,0.0
1266494400000,0.0
1266498000000,0.0
1266501600000,0.0
1266505200000,0.0
1266508800000,0.0
1266512400000,0.0
1266516000000,0.0
1266519600000,0.0
1266523200000,0.0
1266526800000,0.0
1266530400000,0.072
1266534000000,0.301
1266537600000,0.493
1266541200000,0.634
1266544800000,0.721
1266548400000,0.757
1266552000000,0.746
1266555600000,0.693
1266559200000,0.581
1266562800000,0.421
1266566400000,0.207
1266570000000,0.012
1266573600000,0.0
1266577200000,0.0
1266580800000,0.0
1266584400000,0.0
1266588000000,0.0
1266591600000,0.0
1266595200000,0.0
1266598800000,0.0
1266602400000,0.0
1266606000000,0.0
1266609600000,0.0
1266613200000,0.0
1266616800000,0.069
1266620400000,0.28
1266624000000,0.487
1266627600000,0.634
1266631200000,0.722
1266634800000,0.755
1266638400000,0.75
1266642000000,0.686
1266645600000,0.578
1266649200000,0.419
1266652800000,0.209
1266656400000,0.016
1266660000000,0.0
1266663600000,0.0
1266667200000,0.0
1266670800000,0.0
1266674400000,0.0
1266678000000,0.0
1266681600000,0.0
1266685200000,0.0
1266688800000,0.0
1266692400000,0.0
1266696000000,0.0
1266699600000,0.0
1266703200000,0.078
1266706800000,0.303
1266710400000,0.503
1266714000000,0.642
1266717600000,0.728
1266721200000,0.763
1266724800000,0.752
1266728400000,0.694
1266732000000,0.586
1266735600000,0.425
1266739200000,0.215
1266742800000,0.018
1266746400000,0.0
1266750000000,0.0
1266753600000,0.0
1266757200000,0.0
1266760800000,0.0
1266764400000,0.0
1266768000000,0.0
1266771600000,0.0
1266775200000,0.0
1266778800000,0.0
1266782400000,0.0
1266786000000,0.0
1266789600000,0.062
1266793200000,0.265
1266796800000,0.483
1266800400000,0.64
1266804000000,0.726
1266807600000,0.76
1266811200000,0.749
1266814800000,0.691
1266818400000,0.583
1266822000000,0.422
1266825600000,0.212
1266829200000,0.018
1266832800000,0.0
1266836400000,0.0
1266840000000,0.0
1266843600000,0.0
1266847200000,0.0
1266850800000,0.0
1266854400000,0.0
1266858000000,0.0
1266861600000,0.0
1266865200000,0.0
1266868800000,0.0
1266872400000,0.0
1266876000000,0.053
1266879600000,0.26
1266883200000,0.48
1266886800000,0.631
1266890400000,0.723
1266894000000,0.757
1266897600000,0.744
1266901200000,0.681
1266904800000,0.56
1266908400000,0.385
1266912000000,0.18
1266915600000,0.013
1266919200000,0.0
1266922800000,0.0
1266926400000,0.0
1266930000000,0.0
1266933600000,0.0
1266937200000,0.0
1266940800000,0.0
1266944400000,0.0
1266948000000,0.0
1266951600000,0.0
1266955200000,0.0
1266958800000,0.0
1266962400000,0.055
1266966000000,0.253
1266969600000,0.467
1266973200000,0.619
1266976800000,0.713
1266980400000,0.756
1266984000000,0.75
1266987600000,0.694
1266991200000,0.588
1266994800000,0.427
1266998400000,0.217
1267002000000,0.019
1267005600000,0.0
1267009200000,0.0
1267012800000,0.0
1267016400000,0.0
1267020000000,0.0
1267023600000,0.0
1267027200000,0.0
1267030800000,0.0
1267034400000,0.0
1267038000000,0.0
1267041600000,0.0
1267045200000,0.0
1267048800000,0.063
1267052400000,0.278
1267056000000,0.484
1267059600000,0.63
1267063200000,0.718
1267066800000,0.75
1267070400000,0.74
1267074000000,0.683
1267077600000,0.578
1267081200000,0.416
1267084800000,0.208
1267088400000,0.017
1267092000000,0.0
1267095600000,0.0
1267099200000,0.0
1267102800000,0.0
1267106400000,0.0
1267110000000,0.0
1267113600000,0.0
1267117200000,0.0
1267120800000,0.0
1267124400000,0.0
1267128000000,0.0
1267131600000,0.0
1267135200000,0.053
1267138800000,0.256
1267142400000,0.476
1267146000000,0.624
1267149600000,0.714
1267153200000,0.756
1267156800000,0.751
1267160400000,0.697
1267164000000,0.589
1267167600000,0.428
1267171200000,0.217
1267174800000,0.019
1267178400000,0.0
1267182000000,0.0
1267185600000,0.0
1267189200000,0.0
1267192800000,0.0
1267196400000,0.0
1267200000000,0.0
1267203600000,0.0
1267207200000,0.0
1267210800000,0.0
1267214400000,0.0
1267218000000,0.0
1267221600000,0.08
1267225200000,0.292
1267228800000,0.501
1267232400000,0.645
1267236000000,0.732
1267239600000,0.774
1267243200000,0.763
1267246800000,0.706
1267250400000,0.597
1267254000000,0.435
1267257600000,0.224
1267261200000,0.021
1267264800000,0.0
1267268400000,0.0
1267272000000,0.0
1267275600000,0.0
1267279200000,0.0
1267282800000,0.0
1267286400000,0.0
1267290000000,0.0
1267293600000,0.0
1267297200000,0.0
1267300800000,0.0
1267304400000,0.0
1267308000000,0.079
1267311600000,0.296
1267315200000,0.491
1267318800000,0.631
1267322400000,0.72
1267326000000,0.763
1267329600000,0.757
1267333200000,0.699
1267336800000,0.591
1267340400000,0.428
1267344000000,0.209
1267347600000,0.014
1267351200000,0.0
1267354800000,0.0
1267358400000,0.0
1267362000000,0.0
1267365600000,0.0
1267369200000,0.0
1267372800000,0.0
1267376400000,0.0
1267380000000,0.0
1267383600000,0.0
1267387200000,0.0
1267390800000,0.0
1267394400000,0.079
1267398000000,0.303
1267401600000,0.498
1267405200000,0.635
1267408800000,0.721
1267412400000,0.755
1267416000000,0.739
1267419600000,0.684
1267423200000,0.577
1267426800000,0.417
1267430400000,0.198
1267434000000,0.019
1267437600000,0.0
1267441200000,0.0
1267444800000,0.0
1267448400000,0.0
1267452000000,0.0
1267455600000,0.0
1267459200000,0.0
1267462800000,0.0
1267466400000,0.0
1267470000000,0.0
1267473600000,0.0
1267477200000,0.0
1267480800000,0.075
1267484400000,0.287
1267488000000,0.477
1267491600000,0.61
1267495200000,0.697
1267498800000,0.724
1267502400000,0.709
1267506000000,0.642
1267509600000,0.538
1267513200000,0.387
1267516800000,0.192
1267520400000,0.018
1267524000000,0.0
1267527600000,0.0
1267531200000,0.0
1267534800000,0.0
1267538400000,0.0
1267542000000,0.0
1267545600000,0.0
1267549200000,0.0
1267552800000,0.0
1267556400000,0.0
1267560000000,0.0
1267563600000,0.0
1267567200000,0.071
1267570800000,0.29
1267574400000,0.487
1267578000000,0.63
1267581600000,0.716
1267585200000,0.756
1267588800000,0.748
1267592400000,0.688
1267596000000,0.581
1267599600000,0.423
1267603200000,0.218
1267606800000,0.022
1267610400000,0.0
1267614000000,0.0
1267617600000,0.0
1267621200000,0.0
1267624800000,0.0
1267628400000,0.0
1267632000000,0.0
1267635600000,0.0
1267639200000,0.0
1267642800000,0.0
1267646400000,0.0
1267650000000,0.0
1267653600000,0.085
1267657200000,0.286
1267660800000,0.505
1267664400000,0.647
1267668000000,0.727
1267671600000,0.757
1267675200000,0.747
1267678800000,0.692
1267682400000,0.582
1267686000000,0.426
1267689600000,0.217
1267693200000,0.02
1267696800000,0.0
1267700400000,0.0
1267704000000,0.0
1267707600000,0.0
1267711200000,0.0
1267714800000,0.0
1267718400000,0.0
1267722000000,0.0
1267725600000,0.0
1267729200000,0.0
1267732800000,0.0
1267736400000,0.0
1267740000000,0.073
1267743600000,0.301
1267747200000,0.505
1267750800000,0.644
1267754400000,0.733
1267758000000,0.768
1267761600000,0.757
1267765200000,0.702
1267768800000,0.594
1267772400000,0.432
1267776000000,0.222
1267779600000,0.022
1267783200000,0.0
1267786800000,0.0
1267790400000,0.0
1267794000000,0.0
1267797600000,0.0
1267801200000,0.0
1267804800000,0.0
1267808400000,0.0
1267812000000,0.0
1267815600000,0.0
1267819200000,0.0
1267822800000,0.0
1267826400000,0.089
1267830000000,0.312
1267833600000,0.506
1267837200000,0.646
1267840800000,0.729
1267844400000,0.769
1267848000000,0.761
1267851600000,0.704
1267855200000,0.6
1267858800000,0.441
1267862400000,0.231
1267866000000,0.025
1267869600000,0.0
1267873200000,0.0
1267876800000,0.0
1267880400000,0.0
1267884000000,0.0
1267887600000,0.0
1267891200000,0.0
1267894800000,0.0
1267898400000,0.0
1267902000000,0.0
1267905600000,0.0
1267909200000,0.0
1267912800000,0.091
1267916400000,0.314
1267920000000,0.501
1267923600000,0.639
1267927200000,0.722
1267930800000,0.757
1267934400000,0.75
1267938000000,0.695
1267941600000,0.592
1267945200000,0.431
1267948800000,0.226
1267952400000,0.024
1267956000000,0.0
1267959600000,0.0
1267963200000,0.0
1267966800000,0.0
1267970400000,0.0
1267974000000,0.0
1267977600000,0.0
1267981200000,0.0
1267984800000,0.0
1267988400000,0.0
1267992000000,0.0
1267995600000,0.0
1267999200000,0.091
1268002800000,0.318
1268006400000,0.512
1268010000000,0.652
1268013600000,0.738
1268017200000,0.775
1268020800000,0.764
1268024400000,0.706
1268028000000,0.6
1268031600000,0.44
1268035200000,0.231
1268038800000,0.025
1268042400000,0.0
1268046000000,0.0
1268049600000,0.0
1268053200000,0.0
1268056800000,0.0
1268060400000,0.0
1268064000000,0.0
1268067600000,0.0
1268071200000,0.0
1268074800000,0.0
1268078400000,0.0
1268082000000,0.0
1268085600000,0.085
1268089200000,0.304
1268092800000,0.504
1268096400000,0.639
1268100000000,0.723
1268103600000,0.755
1268107200000,0.743
1268110800000,0.683
1268114400000,0.58
1268118000000,0.421
1268121600000,0.203
1268125200000,0.022
1268128800000,0.0
1268132400000,0.0
1268136000000,0.0
1268139600000,0.0
1268143200000,0.0
1268146800000,0.0
1268150400000,0.0
1268154000000,0.0
1268157600000,0.0
1268161200000,0.0
1268164800000,0.0
1268168400000,0.0
1268172000000,0.052
1268175600000,0.217
1268179200000,0.423
1268182800000,0.599
1268186400000,0.702
1268190000000,0.748
1268193600000,0.733
1268197200000,0.681
1268200800000,0.573
1268204400000,0.417
1268208000000,0.192
1268211600000,0.017
1268215200000,0.0
1268218800000,0.0
1268222400000,0.0
1268226000000,0.0
1268229600000,0.0
1268233200000,0.0
1268236800000,0.0
1268240400000,0.0
1268244000000,0.0
1268247600000,0.0
1268251200000,0.0
1268254800000,0.0
1268258400000,0.08
1268262000000,0.292
1268265600000,0.494
1268269200000,0.633
1268272800000,0.716
1268276400000,0.75
1268280000000,0.739
1268283600000,0.681
1268287200000,0.577
1268290800000,0.421
1268294400000,0.21
1268298000000,0.021
1268301600000,0.0
1268305200000,0.0
1268308800000,0.0
1268312400000,0.0
1268316000000,0.0
1268319600000,0.0
1268323200000,0.0
1268326800000,0.0
1268330400000,0.0
1268334000000,0.0
1268337600000,0.0
1268341200000,0.0
1268344800000,0.075
1268348400000,0.273
1268352000000,0.492
1268355600000,0.627
1268359200000,0.712
1268362800000,0.751
1268366400000,0.748
1268370000000,0.698
1268373600000,0.597
1268377200000,0.441
1268380800000,0.234
1268384400000,0.028
1268388000000,0.0
1268391600000,0.0
1268395200000,0.0
1268398800000,0.0
1268402400000,0.0
1268406000000,0.0
1268409600000,0.0
1268413200000,0.0
1268416800000,0.0
1268420400000,0.0
1268424000000,0.0
1268427600000,0.0
1268431200000,0.093
1268434800000,0.315
1268438400000,0.508
1268442000000,0.644
1268445600000,0.728
1268449200000,0.766
1268452800000,0.76
1268456400000,0.704
1268460000000,0.592
1268463600000,0.43
1268467200000,0.221
1268470800000,0.024
1268474400000,0.0
1268478000000,0.0
1268481600000,0.0
1268485200000,0.0
1268488800000,0.0
1268492400000,0.0
1268496000000,0.0
1268499600000,0.0
1268503200000,0.0
1268506800000,0.0
1268510400000,0.0
1268514000000,0.0
1268517600000,0.062
1268521200000,0.226
1268524800000,0.411
1268528400000,0.608
1268532000000,0.667
1268535600000,0.738
1268539200000,0.738
1268542800000,0.693
1268546400000,0.592
1268550000000,0.431
1268553600000,0.222
1268557200000,0.022
1268560800000,0.0
1268564400000,0.0
1268568000000,0.0
1268571600000,0.0
1268575200000,0.0
1268578800000,0.0
1268582400000,0.0
1268586000000,0.0
1268589600000,0.0
1268593200000,0.0
1268596800000,0.0
1268600400000,0.0
1268604000000,0.077
1268607600000,0.303
1268611200000,0.493
1268614800000,0.632
1268618400000,0.718
1268622000000,0.754
1268625600000,0.756
1268629200000,0.704
1268632800000,0.601
1268636400000,0.442
1268640000000,0.234
1268643600000,0.028
1268647200000,0.0
1268650800000,0.0
1268654400000,0.0
1268658000000,0.0
1268661600000,0.0
1268665200000,0.0
1268668800000,0.0
1268672400000,0.0
1268676000000,0.0
1268679600000,0.0
1268683200000,0.0
1268686800000,0.0
1268690400000,0.082
1268694000000,0.303
1268697600000,0.487
1268701200000,0.624
1268704800000,0.71
1268708400000,0.745
1268712000000,0.737
1268715600000,0.679
1268719200000,0.569
1268722800000,0.431
1268726400000,0.225
1268730000000,0.024
1268733600000,0.0
1268737200000,0.0
1268740800000,0.0
1268744400000,0.0
1268748000000,0.0
1268751600000,0.0
1268755200000,0.0
1268758800000,0.0
1268762400000,0.0
1268766000000,0.0
1268769600000,0.0
1268773200000,0.0
1268776800000,0.092
1268780400000,0.313
1268784000000,0.505
1268787600000,0.64
1268791200000,0.725
1268794800000,0.758
1268798400000,0.74
1268802000000,0.683
1268805600000,0.571
1268809200000,0.416
1268812800000,0.205
1268816400000,0.022
1268820000000,0.0
1268823600000,0.0
1268827200000,0.0
1268830800000,0.0
1268834400000,0.0
1268838000000,0.0
1268841600000,0.0
1268845200000,0.0
1268848800000,0.0
1268852400000,0.0
1268856000000,0.0
1268859600000,0.0
1268863200000,0.072
1268866800000,0.287
1268870400000,0.491
1268874000000,0.628
1268877600000,0.72
1268881200000,0.758
1268884800000,0.751
1268888400000,0.692
1268892000000,0.582
1268895600000,0.422
1268899200000,0.22
1268902800000,0.023
1268906400000,0.0
1268910000000,0.0
1268913600000,0.0
1268917200000,0.0
1268920800000,0.0
1268924400000,0.0
1268928000000,0.0
1268931600000,0.0
1268935200000,0.0
1268938800000,0.0
1268942400000,0.0
1268946000000,0.0
1268949600000,0.08
1268953200000,0.296
1268956800000,0.506
1268960400000,0.645
1268964000000,0.733
1268967600000,0.769
1268971200000,0.757
1268974800000,0.699
1268978400000,0.59
1268982000000,0.431
1268985600000,0.228
1268989200000,0.027
1268992800000,0.0
1268996400000,0.0
1269000000000,0.0
1269003600000,0.0
1269007200000,0.0
1269010800000,0.0
1269014400000,0.0
1269018000000,0.0
1269021600000,0.0
1269025200000,0.0
1269028800000,0.0
1269032400000,0.0
1269036000000,0.075
1269039600000,0.257
1269043200000,0.457
1269046800000,0.608
1269050400000,0.699
1269054000000,0.707
1269057600000,0.701
1269061200000,0.633
1269064800000,0.52
1269068400000,0.372
1269072000000,0.183
1269075600000,0.019
1269079200000,0.0
1269082800000,0.0
1269086400000,0.0
1269090000000,0.0
1269093600000,0.0
1269097200000,0.0
1269100800000,0.0
1269104400000,0.0
1269108000000,0.0
1269111600000,0.0
1269115200000,0.0
1269118800000,0.0
1269122400000,0.07
1269126000000,0.262
1269129600000,0.455
1269133200000,0.615
1269136800000,0.711
1269140400000,0.753
1269144000000,0.745
1269147600000,0.688
1269151200000,0.58
1269154800000,0.409
1269158400000,0.196
1269162000000,0.02
1269165600000,0.0
1269169200000,0.0
1269172800000,0.0
1269176400000,0.0
1269180000000,0.0
1269183600000,0.0
1269187200000,0.0
1269190800000,0.0
1269194400000,0.0
1269198000000,0.0
1269201600000,0.0
1269205200000,0.0
1269208800000,0.095
1269212400000,0.318
1269216000000,0.51
1269219600000,0.647
1269223200000,0.732
1269226800000,0.766
1269230400000,0.755
1269234000000,0.696
1269237600000,0.59
1269241200000,0.427
1269244800000,0.216
1269248400000,0.022
1269252000000,0.0
1269255600000,0.0
1269259200000,0.0
1269262800000,0.0
1269266400000,0.0
1269270000000,0.0
1269273600000,0.0
1269277200000,0.0
1269280800000,0.0
1269284400000,0.0
1269288000000,0.0
1269291600000,0.0
1269295200000,0.092
1269298800000,0.321
1269302400000,0.511
1269306000000,0.648
1269309600000,0.731
1269313200000,0.76
1269316800000,0.747
1269320400000,0.693
1269324000000,0.592
1269327600000,0.438
1269331200000,0.226
1269334800000,0.026
1269338400000,0.0
1269342000000,0.0
1269345600000,0.0
1269349200000,0.0
1269352800000,0.0
1269356400000,0.0
1269360000000,0.0
1269363600000,0.0
1269367200000,0.0
1269370800000,0.0
1269374400000,0.0
1269378000000,0.0
1269381600000,0.087
1269385200000,0.31
1269388800000,0.502
1269392400000,0.635
1269396000000,0.711
1269399600000,0.741
1269403200000,0.723
1269406800000,0.66
1269410400000,0.525
1269414000000,0.375
1269417600000,0.197
1269421200000,0.025
1269424800000,0.0
1269428400000,0.0
1269432000000,0.0
1269435600000,0.0
1269439200000,0.0
1269442800000,0.0
1269446400000,0.0
1269450000000,0.0
1269453600000,0.0
1269457200000,0.0
1269460800000,0.0
1269464400000,0.0
1269468000000,0.087
1269471600000,0.299
1269475200000,0.496
1269478800000,0.632
1269482400000,0.714
1269486000000,0.747
1269489600000,0.732
1269493200000,0.675
1269496800000,0.561
1269500400000,0.411
1269504000000,0.213
1269507600000,0.03
1269511200000,0.0
1269514800000,0.0
1269518400000,0.0
1269522000000,0.0
1269525600000,0.0
1269529200000,0.0
1269532800000,0.0
1269536400000,0.0
1269540000000,0.0
1269543600000,0.0
1269547200000,0.0
1269550800000,0.0
1269554400000,0.1
1269558000000,0.319
1269561600000,0.506
1269565200000,0.641
1269568800000,0.724
1269572400000,0.759
1269576000000,0.749
1269579600000,0.691
1269583200000,0.588
1269586800000,0.423
1269590400000,0.222
1269594000000,0.029
1269597600000,0.0
1269601200000,0.0
1269604800000,0.0
1269608400000,0.0
1269612000000,0.0
1269615600000,0.0
1269619200000,0.0
1269622800000,0.0
1269626400000,0.0
1269630000000,0.0
1269633600000,0.0
1269637200000,0.0
1269640800000,0.085
1269644400000,0.3
1269648000000,0.481
1269651600000,0.617
1269655200000,0.691
1269658800000,0.747
1269662400000,0.735
1269666000000,0.684
1269669600000,0.575
1269673200000,0.419
1269676800000,0.219
1269680400000,0.027
1269684000000,0.0
1269687600000,0.0
1269691200000,0.0
1269694800000,0.0
1269698400000,0.0
1269702000000,0.0
1269705600000,0.0
1269709200000,0.0
1269712800000,0.0
1269716400000,0.0
1269720000000,0.0
1269723600000,0.0
1269727200000,0.076
1269730800000,0.284
1269734400000,0.481
1269738000000,0.617
1269741600000,0.714
1269745200000,0.747
1269748800000,0.739
1269752400000,0.68
1269756000000,0.566
1269759600000,0.411
1269763200000,0.211
1269766800000,0.024
1269770400000,0.0
1269774000000,0.0
1269777600000,0.0
1269781200000,0.0
1269784800000,0.0
1269788400000,0.0
1269792000000,0.0
1269795600000,0.0
1269799200000,0.0
1269802800000,0.0
1269806400000,0.0
1269810000000,0.0
1269813600000,0.068
1269817200000,0.263
1269820800000,0.47
1269824400000,0.608
1269828000000,0.701
1269831600000,0.748
1269835200000,0.739
1269838800000,0.683
1269842400000,0.575
1269846000000,0.412
1269849600000,0.206
1269853200000,0.024
1269856800000,0.0
1269860400000,0.0
1269864000000,0.0
1269867600000,0.0
1269871200000,0.0
1269874800000,0.0
1269878400000,0.0
1269882000000,0.0
1269885600000,0.0
1269889200000,0.0
1269892800000,0.0
1269896400000,0.0
1269900000000,0.079
1269903600000,0.271
1269907200000,0.473
1269910800000,0.608
1269914400000,0.699
1269918000000,0.724
1269921600000,0.708
1269925200000,0.644
1269928800000,0.537
1269932400000,0.386
1269936000000,0.202
1269939600000,0.025
1269943200000,0.0
1269946800000,0.0
1269950400000,0.0
1269954000000,0.0
1269957600000,0.0
1269961200000,0.0
1269964800000,0.0
1269968400000,0.0
1269972000000,0.0
1269975600000,0.0
1269979200000,0.0
1269982800000,0.0
1269986400000,0.091
1269990000000,0.302
1269993600000,0.482
1269997200000,0.611
1270000800000,0.695
1270004400000,0.73
1270008000000,0.721
1270011600000,0.665
1270015200000,0.539
1270018800000,0.373
1270022400000,0.155
1270026000000,0.014
1270029600000,0.0
1270033200000,0.0
1270036800000,0.0
1270040400000,0.0
1270044000000,0.0
1270047600000,0.0
1270051200000,0.0
1270054800000,0.0
1270058400000,0.0
1270062000000,0.0
1270065600000,0.0
1270069200000,0.0
1270072800000,0.087
1270076400000,0.287
1270080000000,0.466
1270083600000,0.587
1270087200000,0.662
1270090800000,0.684
1270094400000,0.686
1270098000000,0.648
1270101600000,0.551
1270105200000,0.398
1270108800000,0.208
1270112400000,0.025
1270116000000,0.0
1270119600000,0.0
1270123200000,0.0
1270126800000,0.0
1270130400000,0.0
1270134000000,0.0
1270137600000,0.0
1270141200000,0.0
1270144800000,0.0
1270148400000,0.0
1270152000000,0.0
1270155600000,0.0
1270159200000,0.086
1270162800000,0.302
1270166400000,0.494
1270170000000,0.634
1270173600000,0.717
1270177200000,0.752
1270180800000,0.741
1270184400000,0.686
1270188000000,0.579
1270191600000,0.42
1270195200000,0.209
1270198800000,0.022
1270202400000,0.0
1270206000000,0.0
1270209600000,0.0
1270213200000,0.0
1270216800000,0.0
1270220400000,0.0
1270224000000,0.0
1270227600000,0.0
1270231200000,0.0
1270234800000,0.0
1270238400000,0.0
1270242000000,0.0
1270245600000,0.072
1270249200000,0.266
1270252800000,0.466
1270256400000,0.61
1270260000000,0.695
1270263600000,0.717
1270267200000,0.694
1270270800000,0.641
1270274400000,0.555
1270278000000,0.413
1270281600000,0.214
1270285200000,0.028
1270288800000,0.0
1270292400000,0.0
1270296000000,0.0
1270299600000,0.0
1270303200000,0.0
1270306800000,0.0
1270310400000,0.0
1270314000000,0.0
1270317600000,0.0
1270321200000,0.0
1270324800000,0.0
1270328400000,0.0
1270332000000,0.089
1270335600000,0.304
1270339200000,0.494
1270342800000,0.632
1270346400000,0.714
1270350000000,0.743
1270353600000,0.723
1270357200000,0.647
1270360800000,0.514
1270364400000,0.36
1270368000000,0.181
1270371600000,0.024
1270375200000,0.0
1270378800000,0.0
1270382400000,0.0
1270386000000,0.0
1270389600000,0.0
1270393200000,0.0
1270396800000,0.0
1270400400000,0.0
1270404000000,0.0
1270407600000,0.0
1270411200000,0.0
1270414800000,0.0
1270418400000,0.099
1270422000000,0.308
1270425600000,0.496
1270429200000,0.631
1270432800000,0.715
1270436400000,0.748
1270440000000,0.739
1270443600000,0.681
1270447200000,0.578
1270450800000,0.426
1270454400000,0.23
1270458000000,0.032
1270461600000,0.0
1270465200000,0.0
1270468800000,0.0
1270472400000,0.0
1270476000000,0.0
1270479600000,0.0
1270483200000,0.0
1270486800000,0.0
1270490400000,0.0
1270494000000,0.0
1270497600000,0.0
1270501200000,0.0
1270504800000,0.087
1270508400000,0.302
1270512000000,0.489
1270515600000,0.629
1270519200000,0.713
1270522800000,0.75
1270526400000,0.743
1270530000000,0.685
1270533600000,0.585
1270537200000,0.429
1270540800000,0.231
1270544400000,0.033
1270548000000,0.0
1270551600000,0.0
1270555200000,0.0
1270558800000,0.0
1270562400000,0.0
1270566000000,0.0
1270569600000,0.0
1270573200000,0.0
1270576800000,0.0
1270580400000,0.0
1270584000000,0.0
1270587600000,0.0
1270591200000,0.106
1270594800000,0.322
1270598400000,0.504
1270602000000,0.631
1270605600000,0.706
1270609200000,0.733
1270612800000,0.72
1270616400000,0.669
1270620000000,0.56
1270623600000,0.406
1270627200000,0.22
1270630800000,0.034
1270634400000,0.0
1270638000000,0.0
1270641600000,0.0
1270645200000,0.0
1270648800000,0.0
1270652400000,0.0
1270656000000,0.0
1270659600000,0.0
1270663200000,0.0
1270666800000,0.0
1270670400000,0.0
1270674000000,0.0
1270677600000,0.095
1270681200000,0.268
1270684800000,0.436
1270688400000,0.566
1270692000000,0.652
1270695600000,0.688
1270699200000,0.67
1270702800000,0.594
1270706400000,0.494
1270710000000,0.387
1270713600000,0.217
1270717200000,0.033
1270720800000,0.0
1270724400000,0.0
1270728000000,0.0
1270731600000,0.0
1270735200000,0.0
1270738800000,0.0
1270742400000,0.0
1270746000000,0.0
1270749600000,0.0
1270753200000,0.0
1270756800000,0.0
1270760400000,0.0
1270764000000,0.055
1270767600000,0.187
1270771200000,0.317
1270774800000,0.429
1270778400000,0.523
1270782000000,0.567
1270785600000,0.589
1270789200000,0.57
1270792800000,0.528
1270796400000,0.425
1270800000000,0.23
1270803600000,0.037
1270807200000,0.0
1270810800000,0.0
1270814400000,0.0
1270818000000,0.0
1270821600000,0.0
1270825200000,0.0
1270828800000,0.0
1270832400000,0.0
1270836000000,0.0
1270839600000,0.0
1270843200000,0.0
1270846800000,0.0
1270850400000,0.089
1270854000000,0.301
1270857600000,0.482
1270861200000,0.611
1270864800000,0.697
1270868400000,0.735
1270872000000,0.719
1270875600000,0.655
1270879200000,0.553
1270882800000,0.404
1270886400000,0.216
1270890000000,0.033
1270893600000,0.0
1270897200000,0.0
1270900800000,0.0
1270904400000,0.0
1270908000000,0.0
1270911600000,0.0
1270915200000,0.0
1270918800000,0.0
1270922400000,0.0
1270926000000,0.0
1270929600000,0.0
1270933200000,0.0
1270936800000,0.092
1270940400000,0.294
1270944000000,0.492
1270947600000,0.635
1270951200000,0.718
1270954800000,0.758
1270958400000,0.749
1270962000000,0.694
1270965600000,0.592
1270969200000,0.438
1270972800000,0.241
1270976400000,0.041
1270980000000,0.0
1270983600000,0.0
1270987200000,0.0
1270990800000,0.0
1270994400000,0.0
1270998000000,0.0
1271001600000,0.0
1271005200000,0.0
1271008800000,0.0
1271012400000,0.0
1271016000000,0.0
1271019600000,0.0
1271023200000,0.106
1271026800000,0.32
1271030400000,0.502
1271034000000,0.638
1271037600000,0.718
1271041200000,0.751
1271044800000,0.74
1271048400000,0.685
1271052000000,0.581
1271055600000,0.429
1271059200000,0.235
1271062800000,0.04
1271066400000,0.0
1271070000000,0.0
1271073600000,0.0
1271077200000,0.0
1271080800000,0.0
1271084400000,0.0
1271088000000,0.0
1271091600000,0.0
1271095200000,0.0
1271098800000,0.0
1271102400000,0.0
1271106000000,0.0
1271109600000,0.078
1271113200000,0.25
1271116800000,0.406
1271120400000,0.52
1271124000000,0.614
1271127600000,0.669
1271131200000,0.67
1271134800000,0.624
1271138400000,0.535
1271142000000,0.395
1271145600000,0.203
1271149200000,0.031
1271152800000,0.0
1271156400000,0.0
1271160000000,0.0
1271163600000,0.0
1271167200000,0.0
1271170800000,0.0
1271174400000,0.0
1271178000000,0.0
1271181600000,0.0
1271185200000,0.0
1271188800000,0.0
1271192400000,0.0
1271196000000,0.103
1271199600000,0.311
1271203200000,0.488
1271206800000,0.613
1271210400000,0.692
1271214000000,0.724
1271217600000,0.718
1271221200000,0.666
1271224800000,0.571
1271228400000,0.414
1271232000000,0.225
1271235600000,0.037
1271239200000,0.0
1271242800000,0.0
1271246400000,0.0
1271250000000,0.0
1271253600000,0.0
1271257200000,0.0
1271260800000,0.0
1271264400000,0.0
1271268000000,0.0
1271271600000,0.0
1271275200000,0.0
1271278800000,0.0
1271282400000,0.089
1271286000000,0.29
1271289600000,0.468
1271293200000,0.597
1271296800000,0.675
1271300400000,0.709
1271304000000,0.694
1271307600000,0.642
1271311200000,0.539
1271314800000,0.4
1271318400000,0.216
1271322000000,0.033
1271325600000,0.0
1271329200000,0.0
1271332800000,0.0
1271336400000,0.0
1271340000000,0.0
1271343600000,0.0
1271347200000,0.0
1271350800000,0.0
1271354400000,0.0
1271358000000,0.0
1271361600000,0.0
1271365200000,0.0
1271368800000,0.106
1271372400000,0.314
1271376000000,0.492
1271379600000,0.617
1271383200000,0.699
1271386800000,0.73
1271390400000,0.709
1271394000000,0.655
1271397600000,0.567
1271401200000,0.419
1271404800000,0.222
1271408400000,0.036
1271412000000,0.0
1271415600000,0.0
1271419200000,0.0
1271422800000,0.0
1271426400000,0.0
1271430000000,0.0
1271433600000,0.0
1271437200000,0.0
1271440800000,0.0
1271444400000,0.0
1271448000000,0.0
1271451600000,0.0
1271455200000,0.103
1271458800000,0.317
1271462400000,0.497
1271466000000,0.626
1271469600000,0.704
1271473200000,0.737
1271476800000,0.73
1271480400000,0.676
1271484000000,0.576
1271487600000,0.426
1271491200000,0.228
1271494800000,0.038
1271498400000,0.0
1271502000000,0.0
1271505600000,0.0
1271509200000,0.0
1271512800000,0.0
1271516400000,0.0
1271520000000,0.0
1271523600000,0.0
1271527200000,0.0
1271530800000,0.0
1271534400000,0.0
1271538000000,0.0
1271541600000,0.102
1271545200000,0.317
1271548800000,0.501
1271552400000,0.637
1271556000000,0.72
1271559600000,0.757
1271563200000,0.747
1271566800000,0.691
1271570400000,0.589
1271574000000,0.437
1271577600000,0.242
1271581200000,0.043
1271584800000,0.0
1271588400000,0.0
1271592000000,0.0
1271595600000,0.0
1271599200000,0.0
1271602800000,0.0
1271606400000,0.0
1271610000000,0.0
1271613600000,0.0
1271617200000,0.0
1271620800000,0.0
1271624400000,0.0
1271628000000,0.11
1271631600000,0.319
1271635200000,0.496
1271638800000,0.624
1271642400000,0.707
1271646000000,0.747
1271649600000,0.743
1271653200000,0.691
1271656800000,0.591
1271660400000,0.44
1271664000000,0.245
1271667600000,0.045
1271671200000,0.0
1271674800000,0.0
1271678400000,0.0
1271682000000,0.0
1271685600000,0.0
1271689200000,0.0
1271692800000,0.0
1271696400000,0.0
1271700000000,0.0
1271703600000,0.0
1271707200000,0.0
1271710800000,0.0
1271714400000,0.108
1271718000000,0.319
1271721600000,0.497
1271725200000,0.629
1271728800000,0.708
1271732400000,0.743
1271736000000,0.735
1271739600000,0.683
1271743200000,0.583
1271746800000,0.433
1271750400000,0.241
1271754000000,0.044
1271757600000,0.0
1271761200000,0.0
1271764800000,0.0
1271768400000,0.0
1271772000000,0.0
1271775600000,0.0
1271779200000,0.0
1271782800000,0.0
1271786400000,0.0
1271790000000,0.0
1271793600000,0.0
1271797200000,0.0
1271800800000,0.109
1271804400000,0.319
1271808000000,0.5
1271811600000,0.628
1271815200000,0.705
1271818800000,0.739
1271822400000,0.729
1271826000000,0.672
1271829600000,0.57
1271833200000,0.418
1271836800000,0.225
1271840400000,0.04
1271844000000,0.0
1271847600000,0.0
1271851200000,0.0
1271854800000,0.0
1271858400000,0.0
1271862000000,0.0
1271865600000,0.0
1271869200000,0.0
1271872800000,0.0
1271876400000,0.0
1271880000000,0.0
1271883600000,0.0
1271887200000,0.11
1271890800000,0.326
1271894400000,0.506
1271898000000,0.636
1271901600000,0.714
1271905200000,0.747
1271908800000,0.732
1271912400000,0.674
1271916000000,0.573
1271919600000,0.422
1271923200000,0.235
1271926800000,0.043
1271930400000,0.0
1271934000000,0.0
1271937600000,0.0
1271941200000,0.0
1271944800000,0.0
1271948400000,0.0
1271952000000,0.0
1271955600000,0.0
1271959200000,0.0
1271962800000,0.0
1271966400000,0.0
1271970000000,0.0
1271973600000,0.1
1271977200000,0.304
1271980800000,0.484
1271984400000,0.611
1271988000000,0.689
1271991600000,0.719
1271995200000,0.709
1271998800000,0.659
1272002400000,0.564
1272006000000,0.416
1272009600000,0.227
1272013200000,0.041
1272016800000,0.0
1272020400000,0.0
1272024000000,0.0
1272027600000,0.0
1272031200000,0.0
1272034800000,0.0
1272038400000,0.0
1272042000000,0.0
1272045600000,0.0
1272049200000,0.0
1272052800000,0.0
1272056400000,0.0
1272060000000,0.101
1272063600000,0.308
1272067200000,0.495
1272070800000,0.628
1272074400000,0.712
1272078000000,0.747
1272081600000,0.738
1272085200000,0.685
1272088800000,0.585
1272092400000,0.436
1272096000000,0.245
1272099600000,0.047
1272103200000,0.0
1272106800000,0.0
1272110400000,0.0
1272114000000,0.0
1272117600000,0.0
1272121200000,0.0
1272124800000,0.0
1272128400000,0.0
1272132000000,0.0
1272135600000,0.0
1272139200000,0.0
1272142800000,0.0
1272146400000,0.101
1272150000000,0.319
1272153600000,0.496
1272157200000,0.627
1272160800000,0.716
1272164400000,0.754
1272168000000,0.744
1272171600000,0.69
1272175200000,0.588
1272178800000,0.438
1272182400000,0.245
1272186000000,0.047
1272189600000,0.0
1272193200000,0.0
1272196800000,0.0
1272200400000,0.0
1272204000000,0.0
1272207600000,0.0
1272211200000,0.0
1272214800000,0.0
1272218400000,0.0
1272222000000,0.0
1272225600000,0.0
1272229200000,0.0
1272232800000,0.105
1272236400000,0.307
1272240000000,0.489
1272243600000,0.614
1272247200000,0.692
1272250800000,0.73
1272254400000,0.719
1272258000000,0.665
1272261600000,0.567
1272265200000,0.419
1272268800000,0.228
1272272400000,0.04
1272276000000,0.0
1272279600000,0.0
1272283200000,0.0
1272286800000,0.0
1272290400000,0.0
1272294000000,0.0
1272297600000,0.0
1272301200000,0.0
1272304800000,0.0
1272308400000,0.0
1272312000000,0.0
1272315600000,0.0
1272319200000,0.083
1272322800000,0.282
1272326400000,0.431
1272330000000,0.511
1272333600000,0.511
1272337200000,0.451
1272340800000,0.476
1272344400000,0.488
1272348000000,0.449
1272351600000,0.333
1272355200000,0.161
1272358800000,0.017
1272362400000,0.0
1272366000000,0.0
1272369600000,0.0
1272373200000,0.0
1272376800000,0.0
1272380400000,0.0
1272384000000,0.0
1272387600000,0.0
1272391200000,0.0
1272394800000,0.0
1272398400000,0.0
1272402000000,0.0
1272405600000,0.078
1272409200000,0.241
1272412800000,0.405
1272416400000,0.54
1272420000000,0.634
1272423600000,0.679
1272427200000,0.671
1272430800000,0.6
1272434400000,0.484
1272438000000,0.344
1272441600000,0.188
1272445200000,0.036
1272448800000,0.0
1272452400000,0.0
1272456000000,0.0
1272459600000,0.0
1272463200000,0.0
1272466800000,0.0
1272470400000,0.0
1272474000000,0.0
1272477600000,0.0
1272481200000,0.0
1272484800000,0.0
1272488400000,0.0
1272492000000,0.056
1272495600000,0.171
1272499200000,0.291
1272502800000,0.396
1272506400000,0.491
1272510000000,0.533
1272513600000,0.531
1272517200000,0.488
1272520800000,0.404
1272524400000,0.283
1272528000000,0.144
1272531600000,0.024
1272535200000,0.0
1272538800000,0.0
1272542400000,0.0
1272546000000,0.0
1272549600000,0.0
1272553200000,0.0
1272556800000,0.0
1272560400000,0.0
1272564000000,0.0
1272567600000,0.0
1272571200000,0.0
1272574800000,0.0
1272578400000,0.072
1272582000000,0.23
1272585600000,0.396
1272589200000,0.542
1272592800000,0.643
1272596400000,0.696
1272600000000,0.697
1272603600000,0.648
1272607200000,0.542
1272610800000,0.387
1272614400000,0.219
1272618000000,0.045
1272621600000,0.0
1272625200000,0.0
1272628800000,0.0
1272632400000,0.0
1272636000000,0.0
1272639600000,0.0
1272643200000,0.0
1272646800000,0.0
1272650400000,0.0
1272654000000,0.0
1272657600000,0.0
1272661200000,0.0
1272664800000,0.104
1272668400000,0.304
1272672000000,0.475
1272675600000,0.605
1272679200000,0.687
1272682800000,0.723
1272686400000,0.718
1272690000000,0.669
1272693600000,0.568
1272697200000,0.424
1272700800000,0.239
1272704400000,0.048
1272708000000,0.0
1272711600000,0.0
1272715200000,0.0
1272718800000,0.0
1272722400000,0.0
1272726000000,0.0
1272729600000,0.0
1272733200000,0.0
1272736800000,0.0
1272740400000,0.0
1272744000000,0.0
1272747600000,0.0
1272751200000,0.11
1272754800000,0.308
1272758400000,0.486
1272762000000,0.619
1272765600000,0.7
1272769200000,0.733
1272772800000,0.724
1272776400000,0.671
1272780000000,0.574
1272783600000,0.428
1272787200000,0.237
1272790800000,0.048
1272794400000,0.0
1272798000000,0.0
1272801600000,0.0
1272805200000,0.0
1272808800000,0.0
1272812400000,0.0
1272816000000,0.0
1272819600000,0.0
1272823200000,0.0
1272826800000,0.0
1272830400000,0.0
1272834000000,0.0
1272837600000,0.112
1272841200000,0.309
1272844800000,0.482
1272848400000,0.608
1272852000000,0.683
1272855600000,0.712
1272859200000,0.699
1272862800000,0.644
1272866400000,0.54
1272870000000,0.388
1272873600000,0.206
1272877200000,0.04
1272880800000,0.0
1272884400000,0.0
1272888000000,0.0
1272891600000,0.0
1272895200000,0.0
1272898800000,0.0
1272902400000,0.0
1272906000000,0.0
1272909600000,0.0
1272913200000,0.0
1272916800000,0.0
1272920400000,0.0
1272924000000,0.093
1272927600000,0.252
1272931200000,0.365
1272934800000,0.499
1272938400000,0.591
1272942000000,0.647
1272945600000,0.654
1272949200000,0.61
1272952800000,0.516
1272956400000,0.367
1272960000000,0.19
1272963600000,0.036
1272967200000,0.0
1272970800000,0.0
1272974400000,0.0
1272978000000,0.0
1272981600000,0.0
1272985200000,0.0
1272988800000,0.0
1272992400000,0.0
1272996000000,0.0
1272999600000,0.0
1273003200000,0.0
1273006800000,0.0
1273010400000,0.053
1273014000000,0.169
1273017600000,0.301
1273021200000,0.409
1273024800000,0.475
1273028400000,0.496
1273032000000,0.473
1273035600000,0.425
1273039200000,0.343
1273042800000,0.234
1273046400000,0.113
1273050000000,0.017
1273053600000,0.0
1273057200000,0.0
1273060800000,0.0
1273064400000,0.0
1273068000000,0.0
1273071600000,0.0
1273075200000,0.0
1273078800000,0.0
1273082400000,0.0
1273086000000,0.0
1273089600000,0.0
1273093200000,0.0
1273096800000,0.074
1273100400000,0.245
1273104000000,0.436
1273107600000,0.589
1273111200000,0.678
1273114800000,0.706
1273118400000,0.693
1273122000000,0.63
1273125600000,0.515
1273129200000,0.358
1273132800000,0.18
1273136400000,0.035
1273140000000,0.0
1273143600000,0.0
1273147200000,0.0
1273150800000,0.0
1273154400000,0.0
1273158000000,0.0
1273161600000,0.0
1273165200000,0.0
1273168800000,0.0
1273172400000,0.0
1273176000000,0.0
1273179600000,0.0
1273183200000,0.097
1273186800000,0.276
1273190400000,0.463
1273194000000,0.598
1273197600000,0.682
1273201200000,0.718
1273204800000,0.707
1273208400000,0.649
1273212000000,0.548
1273215600000,0.398
1273219200000,0.219
1273222800000,0.046
1273226400000,0.0
1273230000000,0.0
1273233600000,0.0
1273237200000,0.0
1273240800000,0.0
1273244400000,0.0
1273248000000,0.0
1273251600000,0.0
1273255200000,0.0
1273258800000,0.0
1273262400000,0.0
1273266000000,0.0
1273269600000,0.1
1273273200000,0.307
1273276800000,0.486
1273280400000,0.613
1273284000000,0.689
1273287600000,0.719
1273291200000,0.703
1273294800000,0.64
1273298400000,0.531
1273302000000,0.375
1273305600000,0.198
1273309200000,0.038
1273312800000,0.0
1273316400000,0.0
1273320000000,0.0
1273323600000,0.0
1273327200000,0.0
1273330800000,0.0
1273334400000,0.0
1273338000000,0.0
1273341600000,0.0
1273345200000,0.0
1273348800000,0.0
1273352400000,0.0
1273356000000,0.077
1273359600000,0.243
1273363200000,0.403
1273366800000,0.53
1273370400000,0.623
1273374000000,0.667
1273377600000,0.674
1273381200000,0.624
1273384800000,0.52
1273388400000,0.377
1273392000000,0.204
1273395600000,0.037
1273399200000,0.0
1273402800000,0.0
1273406400000,0.0
1273410000000,0.0
1273413600000,0.0
1273417200000,0.0
1273420800000,0.0
1273424400000,0.0
1273428000000,0.0
1273431600000,0.0
1273435200000,0.0
1273438800000,0.0
1273442400000,0.103
1273446000000,0.304
1273449600000,0.483
1273453200000,0.612
1273456800000,0.692
1273460400000,0.727
1273464000000,0.718
1273467600000,0.666
1273471200000,0.566
1273474800000,0.42
1273478400000,0.235
1273482000000,0.048
1273485600000,0.0
1273489200000,0.0
1273492800000,0.0
1273496400000,0.0
1273500000000,0.0
1273503600000,0.0
1273507200000,0.0
1273510800000,0.0
1273514400000,0.0
1273518000000,0.0
1273521600000,0.0
1273525200000,0.0
1273528800000,0.109
1273532400000,0.305
1273536000000,0.474
1273539600000,0.594
1273543200000,0.658
1273546800000,0.682
1273550400000,0.652
1273554000000,0.577
1273557600000,0.452
1273561200000,0.31
1273564800000,0.163
1273568400000,0.033
1273572000000,0.0
1273575600000,0.0
1273579200000,0.0
1273582800000,0.0
1273586400000,0.0
1273590000000,0.0
1273593600000,0.0
1273597200000,0.0
1273600800000,0.0
1273604400000,0.0
1273608000000,0.0
1273611600000,0.0
1273615200000,0.108
1273618800000,0.307
1273622400000,0.48
1273626000000,0.608
1273629600000,0.69
1273633200000,0.726
1273636800000,0.718
1273640400000,0.667
1273644000000,0.57
1273647600000,0.427
1273651200000,0.242
1273654800000,0.051
1273658400000,0.0
1273662000000,0.0
1273665600000,0.0
1273669200000,0.0
1273672800000,0.0
1273676400000,0.0
1273680000000,0.0
1273683600000,0.0
1273687200000,0.0
1273690800000,0.0
1273694400000,0.0
1273698000000,0.0
1273701600000,0.107
1273705200000,0.307
1273708800000,0.483
1273712400000,0.615
1273716000000,0.697
1273719600000,0.733
1273723200000,0.723
1273726800000,0.671
1273730400000,0.573
1273734000000,0.429
1273737600000,0.245
1273741200000,0.052
1273744800000,0.0
1273748400000,0.0
1273752000000,0.0
1273755600000,0.0
1273759200000,0.0
1273762800000,0.0
1273766400000,0.0
1273770000000,0.0
1273773600000,0.0
1273777200000,0.0
1273780800000,0.0
1273784400000,0.0
1273788000000,0.099
1273791600000,0.31
1273795200000,0.484
1273798800000,0.611
1273802400000,0.69
1273806000000,0.726
1273809600000,0.718
1273813200000,0.666
1273816800000,0.566
1273820400000,0.42
1273824000000,0.233
1273827600000,0.048
1273831200000,0.0
1273834800000,0.0
1273838400000,0.0
1273842000000,0.0
1273845600000,0.0
1273849200000,0.0
1273852800000,0.0
1273856400000,0.0
1273860000000,0.0
1273863600000,0.0
1273867200000,0.0
1273870800000,0.0
1273874400000,0.123
1273878000000,0.323
1273881600000,0.495
1273885200000,0.62
1273888800000,0.697
1273892400000,0.731
1273896000000,0.721
1273899600000,0.668
1273903200000,0.57
1273906800000,0.426
1273910400000,0.242
1273914000000,0.052
1273917600000,0.0
1273921200000,0.0
1273924800000,0.0
1273928400000,0.0
1273932000000,0.0
1273935600000,0.0
1273939200000,0.0
1273942800000,0.0
1273946400000,0.0
1273950000000,0.0
1273953600000,0.0
1273957200000,0.0
1273960800000,0.107
1273964400000,0.306
1273968000000,0.482
1273971600000,0.608
1273975200000,0.688
1273978800000,0.721
1273982400000,0.712
1273986000000,0.655
1273989600000,0.548
1273993200000,0.37
1273996800000,0.173
1274000400000,0.033
1274004000000,0.0
1274007600000,0.0
1274011200000,0.0
1274014800000,0.0
1274018400000,0.0
1274022000000,0.0
1274025600000,0.0
1274029200000,0.0
1274032800000,0.0
1274036400000,0.0
1274040000000,0.0
1274043600000,0.0
1274047200000,0.106
1274050800000,0.305
1274054400000,0.475
1274058000000,0.602
1274061600000,0.683
1274065200000,0.715
1274068800000,0.702
1274072400000,0.648
1274076000000,0.55
1274079600000,0.413
1274083200000,0.234
1274086800000,0.051
1274090400000,0.0
1274094000000,0.0
1274097600000,0.0
1274101200000,0.0
1274104800000,0.0
1274108400000,0.0
1274112000000,0.0
1274115600000,0.0
1274119200000,0.0
1274122800000,0.0
1274126400000,0.0
1274130000000,0.0
1274133600000,0.097
1274137200000,0.29
1274140800000,0.465
1274144400000,0.586
1274148000000,0.662
1274151600000,0.692
1274155200000,0.681
1274158800000,0.637
1274162400000,0.542
1274166000000,0.409
1274169600000,0.232
1274173200000,0.051
1274176800000,0.0
1274180400000,0.0
1274184000000,0.0
1274187600000,0.0
1274191200000,0.0
1274194800000,0.0
1274198400000,0.0
1274202000000,0.0
1274205600000,0.0
1274209200000,0.0
1274212800000,0.0
1274216400000,0.0
1274220000000,0.111
1274223600000,0.3
1274227200000,0.464
1274230800000,0.583
1274234400000,0.654
1274238000000,0.684
1274241600000,0.673
1274245200000,0.623
1274248800000,0.531
1274252400000,0.393
1274256000000,0.221
1274259600000,0.048
1274263200000,0.0
1274266800000,0.0
1274270400000,0.0
1274274000000,0.0
1274277600000,0.0
1274281200000,0.0
1274284800000,0.0
1274288400000,0.0
1274292000000,0.0
1274295600000,0.0
1274299200000,0.0
1274302800000,0.0
1274306400000,0.096
1274310000000,0.258
1274313600000,0.407
1274317200000,0.517
1274320800000,0.601
1274324400000,0.645
1274328000000,0.646
1274331600000,0.599
1274335200000,0.511
1274338800000,0.383
1274342400000,0.217
1274346000000,0.048
1274349600000,0.0
1274353200000,0.0
1274356800000,0.0
1274360400000,0.0
1274364000000,0.0
1274367600000,0.0
1274371200000,0.0
1274374800000,0.0
1274378400000,0.0
1274382000000,0.0
1274385600000,0.0
1274389200000,0.0
1274392800000,0.107
1274396400000,0.283
1274400000000,0.445
1274403600000,0.57
1274407200000,0.652
1274410800000,0.681
1274414400000,0.665
1274418000000,0.602
1274421600000,0.493
1274425200000,0.35
1274428800000,0.192
1274432400000,0.043
1274436000000,0.0
1274439600000,0.0
1274443200000,0.0
1274446800000,0.0
1274450400000,0.0
1274454000000,0.0
1274457600000,0.0
1274461200000,0.0
1274464800000,0.0
1274468400000,0.0
1274472000000,0.0
1274475600000,0.0
1274479200000,0.105
1274482800000,0.264
1274486400000,0.399
1274490000000,0.498
1274493600000,0.56
1274497200000,0.587
1274500800000,0.59
1274504400000,0.555
1274508000000,0.451
1274511600000,0.317
1274515200000,0.172
1274518800000,0.032
1274522400000,0.0
1274526000000,0.0
1274529600000,0.0
1274533200000,0.0
1274536800000,0.0
1274540400000,0.0
1274544000000,0.0
1274547600000,0.0
1274551200000,0.0
1274554800000,0.0
1274558400000,0.0
1274562000000,0.0
1274565600000,0.106
1274569200000,0.291
1274572800000,0.457
1274576400000,0.581
1274580000000,0.659
1274583600000,0.672
1274587200000,0.651
1274590800000,0.547
1274594400000,0.422
1274598000000,0.271
1274601600000,0.137
1274605200000,0.023
1274608800000,0.0
1274612400000,0.0
1274616000000,0.0
1274619600000,0.0
1274623200000,0.0
1274626800000,0.0
1274630400000,0.0
1274634000000,0.0
1274637600000,0.0
1274641200000,0.0
1274644800000,0.0
1274648400000,0.0
1274652000000,0.098
1274655600000,0.273
1274659200000,0.438
1274662800000,0.566
1274666400000,0.649
1274670000000,0.677
1274673600000,0.67
1274677200000,0.609
1274680800000,0.488
1274684400000,0.329
1274688000000,0.174
1274691600000,0.035
1274695200000,0.0
1274698800000,0.0
1274702400000,0.0
1274706000000,0.0
1274709600000,0.0
1274713200000,0.0
1274716800000,0.0
1274720400000,0.0
1274724000000,0.0
1274727600000,0.0
1274731200000,0.0
1274734800000,0.0
1274738400000,0.111
1274742000000,0.296
1274745600000,0.463
1274749200000,0.581
1274752800000,0.654
1274756400000,0.682
1274760000000,0.666
1274763600000,0.601
1274767200000,0.483
1274770800000,0.338
1274774400000,0.175
1274778000000,0.033
1274781600000,0.0
1274785200000,0.0
1274788800000,0.0
1274792400000,0.0
1274796000000,0.0
1274799600000,0.0
1274803200000,0.0
1274806800000,0.0
1274810400000,0.0
1274814000000,0.0
1274817600000,0.0
1274821200000,0.0
1274824800000,0.048
1274828400000,0.127
1274832000000,0.204
1274835600000,0.263
1274839200000,0.288
1274842800000,0.299
1274846400000,0.294
1274850000000,0.25
1274853600000,0.186
1274857200000,0.115
1274860800000,0.049
1274864400000,0.004
1274868000000,0.0
1274871600000,0.0
1274875200000,0.0
1274878800000,0.0
1274882400000,0.0
1274886000000,0.0
1274889600000,0.0
1274893200000,0.0
1274896800000,0.0
1274900400000,0.0
1274904000000,0.0
1274907600000,0.0
1274911200000,0.031
1274914800000,0.111
1274918400000,0.215
1274922000000,0.319
1274925600000,0.364
1274929200000,0.367
1274932800000,0.346
1274936400000,0.295
1274940000000,0.248
1274943600000,0.183
1274947200000,0.096
1274950800000,0.017
1274954400000,0.0
1274958000000,0.0
1274961600000,0.0
1274965200000,0.0
1274968800000,0.0
1274972400000,0.0
1274976000000,0.0
1274979600000,0.0
1274983200000,0.0
1274986800000,0.0
1274990400000,0.0
1274994000000,0.0
1274997600000,0.071
1275001200000,0.218
1275004800000,0.369
1275008400000,0.483
1275012000000,0.561
1275015600000,0.605
1275019200000,0.609
1275022800000,0.56
1275026400000,0.44
1275030000000,0.288
1275033600000,0.14
1275037200000,0.03
1275040800000,0.0
1275044400000,0.0
1275048000000,0.0
1275051600000,0.0
1275055200000,0.0
1275058800000,0.0
1275062400000,0.0
1275066000000,0.0
1275069600000,0.0
1275073200000,0.0
1275076800000,0.0
1275080400000,0.0
1275084000000,0.064
1275087600000,0.181
1275091200000,0.311
1275094800000,0.44
1275098400000,0.537
1275102000000,0.592
1275105600000,0.593
1275109200000,0.562
1275112800000,0.488
1275116400000,0.367
1275120000000,0.201
1275123600000,0.043
1275127200000,0.0
1275130800000,0.0
1275134400000,0.0
1275138000000,0.0
1275141600000,0.0
1275145200000,0.0
1275148800000,0.0
1275152400000,0.0
1275156000000,0.0
1275159600000,0.0
1275163200000,0.0
1275166800000,0.0
1275170400000,0.069
1275174000000,0.196
1275177600000,0.327
1275181200000,0.424
1275184800000,0.5
1275188400000,0.535
1275192000000,0.521
1275195600000,0.47
1275199200000,0.389
1275202800000,0.26
1275206400000,0.118
1275210000000,0.021
1275213600000,0.0
1275217200000,0.0
1275220800000,0.0
1275224400000,0.0
1275228000000,0.0
1275231600000,0.0
1275235200000,0.0
1275238800000,0.0
1275242400000,0.0
1275246000000,0.0
1275249600000,0.0
1275253200000,0.0
1275256800000,0.046
1275260400000,0.157
1275264000000,0.291
1275267600000,0.431
1275271200000,0.538
1275274800000,0.592
1275278400000,0.568
1275282000000,0.492
1275285600000,0.366
1275289200000,0.209
1275292800000,0.092
1275296400000,0.013
1275300000000,0.0
1275303600000,0.0
1275307200000,0.0
1275310800000,0.0
1275314400000,0.0
1275318000000,0.0
1275321600000,0.0
1275325200000,0.0
1275328800000,0.0
1275332400000,0.0
1275336000000,0.0
1275339600000,0.0
1275343200000,0.073
1275346800000,0.182
1275350400000,0.279
1275354000000,0.366
1275357600000,0.42
1275361200000,0.457
1275364800000,0.467
1275368400000,0.402
1275372000000,0.319
1275375600000,0.22
1275379200000,0.104
1275382800000,0.021
1275386400000,0.0
1275390000000,0.0
1275393600000,0.0
1275397200000,0.0
1275400800000,0.0
1275404400000,0.0
1275408000000,0.0
1275411600000,0.0
1275415200000,0.0
1275418800000,0.0
1275422400000,0.0
1275426000000,0.0
1275429600000,0.064
1275433200000,0.164
1275436800000,0.258
1275440400000,0.336
1275444000000,0.386
1275447600000,0.41
1275451200000,0.401
1275454800000,0.363
1275458400000,0.293
1275462000000,0.188
1275465600000,0.097
1275469200000,0.017
1275472800000,0.0
1275476400000,0.0
1275480000000,0.0
1275483600000,0.0
1275487200000,0.0
1275490800000,0.0
1275494400000,0.0
1275498000000,0.0
1275501600000,0.0
1275505200000,0.0
1275508800000,0.0
1275512400000,0.0
1275516000000,0.068
1275519600000,0.189
1275523200000,0.326
1275526800000,0.458
1275530400000,0.547
1275534000000,0.586
1275537600000,0.582
1275541200000,0.536
1275544800000,0.441
1275548400000,0.286
1275552000000,0.132
1275555600000,0.023
1275559200000,0.0
1275562800000,0.0
1275566400000,0.0
1275570000000,0.0
1275573600000,0.0
1275577200000,0.0
1275580800000,0.0
1275584400000,0.0
1275588000000,0.0
1275591600000,0.0
1275595200000,0.0
1275598800000,0.0
1275602400000,0.048
1275606000000,0.144
1275609600000,0.244
1275613200000,0.34
1275616800000,0.415
1275620400000,0.449
1275624000000,0.446
1275627600000,0.397
1275631200000,0.324
1275634800000,0.221
1275638400000,0.111
1275642000000,0.019
1275645600000,0.0
1275649200000,0.0
1275652800000,0.0
1275656400000,0.0
1275660000000,0.0
1275663600000,0.0
1275667200000,0.0
1275670800000,0.0
1275674400000,0.0
1275678000000,0.0
1275681600000,0.0
1275685200000,0.0
1275688800000,0.081
1275692400000,0.224
1275696000000,0.362
1275699600000,0.493
1275703200000,0.572
1275706800000,0.587
1275710400000,0.564
1275714000000,0.483
1275717600000,0.37
1275721200000,0.267
1275724800000,0.148
1275728400000,0.03
1275732000000,0.0
1275735600000,0.0
1275739200000,0.0
1275742800000,0.0
1275746400000,0.0
1275750000000,0.0
1275753600000,0.0
1275757200000,0.0
1275760800000,0.0
1275764400000,0.0
1275768000000,0.0
1275771600000,0.0
1275775200000,0.066
1275778800000,0.146
1275782400000,0.236
1275786000000,0.313
1275789600000,0.377
1275793200000,0.415
1275796800000,0.462
1275800400000,0.456
1275804000000,0.368
1275807600000,0.232
1275811200000,0.106
1275814800000,0.014
1275818400000,0.0
1275822000000,0.0
1275825600000,0.0
1275829200000,0.0
1275832800000,0.0
1275836400000,0.0
1275840000000,0.0
1275843600000,0.0
1275847200000,0.0
1275850800000,0.0
1275854400000,0.0
1275858000000,0.0
1275861600000,0.037
1275865200000,0.116
1275868800000,0.188
1275872400000,0.278
1275876000000,0.332
1275879600000,0.375
1275883200000,0.377
1275886800000,0.354
1275890400000,0.283
1275894000000,0.195
1275897600000,0.104
1275901200000,0.022
1275904800000,0.0
1275908400000,0.0
1275912000000,0.0
1275915600000,0.0
1275919200000,0.0
1275922800000,0.0
1275926400000,0.0
1275930000000,0.0
1275933600000,0.0
1275937200000,0.0
1275940800000,0.0
1275944400000,0.0
1275948000000,0.054
1275951600000,0.15
1275955200000,0.254
1275958800000,0.368
1275962400000,0.451
1275966000000,0.507
1275969600000,0.528
1275973200000,0.496
1275976800000,0.425
1275980400000,0.314
1275984000000,0.173
1275987600000,0.038
1275991200000,0.0
1275994800000,0.0
1275998400000,0.0
1276002000000,0.0
1276005600000,0.0
1276009200000,0.0
1276012800000,0.0
1276016400000,0.0
1276020000000,0.0
1276023600000,0.0
1276027200000,0.0
1276030800000,0.0
1276034400000,0.066
1276038000000,0.177
1276041600000,0.299
1276045200000,0.418
1276048800000,0.468
1276052400000,0.483
1276056000000,0.468
1276059600000,0.42
1276063200000,0.335
1276066800000,0.219
1276070400000,0.097
1276074000000,0.016
1276077600000,0.0
1276081200000,0.0
1276084800000,0.0
1276088400000,0.0
1276092000000,0.0
1276095600000,0.0
1276099200000,0.0
1276102800000,0.0
1276106400000,0.0
1276110000000,0.0
1276113600000,0.0
1276117200000,0.0
1276120800000,0.05
1276124400000,0.145
1276128000000,0.197
1276131600000,0.247
1276135200000,0.287
1276138800000,0.309
1276142400000,0.29
1276146000000,0.26
1276149600000,0.219
1276153200000,0.146
1276156800000,0.073
1276160400000,0.011
1276164000000,0.0
1276167600000,0.0
1276171200000,0.0
1276174800000,0.0
1276178400000,0.0
1276182000000,0.0
1276185600000,0.0
1276189200000,0.0
1276192800000,0.0
1276196400000,0.0
1276200000000,0.0
1276203600000,0.0
1276207200000,0.079
1276210800000,0.223
1276214400000,0.377
1276218000000,0.481
1276221600000,0.564
1276225200000,0.586
1276228800000,0.549
1276232400000,0.47
1276236000000,0.38
1276239600000,0.279
1276243200000,0.144
1276246800000,0.031
1276250400000,0.0
1276254000000,0.0
1276257600000,0.0
1276261200000,0.0
1276264800000,0.0
1276268400000,0.0
1276272000000,0.0
1276275600000,0.0
1276279200000,0.0
1276282800000,0.0
1276286400000,0.0
1276290000000,0.0
1276293600000,0.048
1276297200000,0.142
1276300800000,0.252
1276304400000,0.33
1276308000000,0.366
1276311600000,0.375
1276315200000,0.352
1276318800000,0.317
1276322400000,0.262
1276326000000,0.19
1276329600000,0.099
1276333200000,0.021
1276336800000,0.0
1276340400000,0.0
1276344000000,0.0
1276347600000,0.0
1276351200000,0.0
1276354800000,0.0
1276358400000,0.0
1276362000000,0.0
1276365600000,0.0
1276369200000,0.0
1276372800000,0.0
1276376400000,0.0
1276380000000,0.072
1276383600000,0.188
1276387200000,0.302
1276390800000,0.378
1276394400000,0.418
1276398000000,0.43
1276401600000,0.409
1276405200000,0.341
1276408800000,0.281
1276412400000,0.203
1276416000000,0.099
1276419600000,0.018
1276423200000,0.0
1276426800000,0.0
1276430400000,0.0
1276434000000,0.0
1276437600000,0.0
1276441200000,0.0
1276444800000,0.0
1276448400000,0.0
1276452000000,0.0
1276455600000,0.0
1276459200000,0.0
1276462800000,0.0
1276466400000,0.063
1276470000000,0.179
1276473600000,0.298
1276477200000,0.39
1276480800000,0.413
1276484400000,0.388
1276488000000,0.429
1276491600000,0.432
1276495200000,0.386
1276498800000,0.309
1276502400000,0.186
1276506000000,0.046
1276509600000,0.0
1276513200000,0.0
1276516800000,0.0
1276520400000,0.0
1276524000000,0.0
1276527600000,0.0
1276531200000,0.0
1276534800000,0.0
1276538400000,0.0
1276542000000,0.0
1276545600000,0.0
1276549200000,0.0
1276552800000,0.108
1276556400000,0.277
1276560000000,0.426
1276563600000,0.514
1276567200000,0.557
1276570800000,0.576
1276574400000,0.594
1276578000000,0.541
1276581600000,0.438
1276585200000,0.311
1276588800000,0.173
1276592400000,0.04
1276596000000,0.0
1276599600000,0.0
1276603200000,0.0
1276606800000,0.0
1276610400000,0.0
1276614000000,0.0
1276617600000,0.0
1276621200000,0.0
1276624800000,0.0
1276628400000,0.0
1276632000000,0.0
1276635600000,0.0
1276639200000,0.065
1276642800000,0.18
1276646400000,0.294
1276650000000,0.372
1276653600000,0.411
1276657200000,0.403
1276660800000,0.373
1276664400000,0.334
1276668000000,0.268
1276671600000,0.188
1276675200000,0.102
1276678800000,0.022
1276682400000,0.0
1276686000000,0.0
1276689600000,0.0
1276693200000,0.0
1276696800000,0.0
1276700400000,0.0
1276704000000,0.0
1276707600000,0.0
1276711200000,0.0
1276714800000,0.0
1276718400000,0.0
1276722000000,0.0
1276725600000,0.031
1276729200000,0.096
1276732800000,0.179
1276736400000,0.269
1276740000000,0.339
1276743600000,0.373
1276747200000,0.389
1276750800000,0.358
1276754400000,0.305
1276758000000,0.211
1276761600000,0.111
1276765200000,0.02
1276768800000,0.0
1276772400000,0.0
1276776000000,0.0
1276779600000,0.0
1276783200000,0.0
1276786800000,0.0
1276790400000,0.0
1276794000000,0.0
1276797600000,0.0
1276801200000,0.0
1276804800000,0.0
1276808400000,0.0
1276812000000,0.059
1276815600000,0.165
1276819200000,0.251
1276822800000,0.323
1276826400000,0.375
1276830000000,0.427
1276833600000,0.457
1276837200000,0.446
1276840800000,0.379
1276844400000,0.272
1276848000000,0.143
1276851600000,0.027
1276855200000,0.0
1276858800000,0.0
1276862400000,0.0
1276866000000,0.0
1276869600000,0.0
1276873200000,0.0
1276876800000,0.0
1276880400000,0.0
1276884000000,0.0
1276887600000,0.0
1276891200000,0.0
1276894800000,0.0
1276898400000,0.051
1276902000000,0.086
1276905600000,0.138
1276909200000,0.191
1276912800000,0.224
1276916400000,0.239
1276920000000,0.24
1276923600000,0.211
1276927200000,0.17
1276930800000,0.111
1276934400000,0.055
1276938000000,0.007
1276941600000,0.0
1276945200000,0.0
1276948800000,0.0
1276952400000,0.0
1276956000000,0.0
1276959600000,0.0
1276963200000,0.0
1276966800000,0.0
1276970400000,0.0
1276974000000,0.0
1276977600000,0.0
1276981200000,0.0
1276984800000,0.063
1276988400000,0.179
1276992000000,0.312
1276995600000,0.425
1276999200000,0.517
1277002800000,0.561
1277006400000,0.559
1277010000000,0.52
1277013600000,0.447
1277017200000,0.34
1277020800000,0.198
1277024400000,0.05
1277028000000,0.0
1277031600000,0.0
1277035200000,0.0
1277038800000,0.0
1277042400000,0.0
1277046000000,0.0
1277049600000,0.0
1277053200000,0.0
1277056800000,0.0
1277060400000,0.0
1277064000000,0.0
1277067600000,0.0
1277071200000,0.085
1277074800000,0.252
1277078400000,0.414
1277082000000,0.526
1277085600000,0.592
1277089200000,0.616
1277092800000,0.598
1277096400000,0.522
1277100000000,0.395
1277103600000,0.248
1277107200000,0.116
1277110800000,0.023
1277114400000,0.0
1277118000000,0.0
1277121600000,0.0
1277125200000,0.0
1277128800000,0.0
1277132400000,0.0
1277136000000,0.0
1277139600000,0.0
1277143200000,0.0
1277146800000,0.0
1277150400000,0.0
1277154000000,0.0
1277157600000,0.055
1277161200000,0.172
1277164800000,0.301
1277168400000,0.385
1277172000000,0.427
1277175600000,0.443
1277179200000,0.435
1277182800000,0.412
1277186400000,0.353
1277190000000,0.266
1277193600000,0.146
1277197200000,0.027
1277200800000,0.0
1277204400000,0.0
1277208000000,0.0
1277211600000,0.0
1277215200000,0.0
1277218800000,0.0
1277222400000,0.0
1277226000000,0.0
1277229600000,0.0
1277233200000,0.0
1277236800000,0.0
1277240400000,0.0
1277244000000,0.053
1277247600000,0.15
1277251200000,0.261
1277254800000,0.369
1277258400000,0.465
1277262000000,0.517
1277265600000,0.545
1277269200000,0.511
1277272800000,0.436
1277276400000,0.297
1277280000000,0.14
1277283600000,0.029
1277287200000,0.0
1277290800000,0.0
1277294400000,0.0
1277298000000,0.0
1277301600000,0.0
1277305200000,0.0
1277308800000,0.0
1277312400000,0.0
1277316000000,0.0
1277319600000,0.0
1277323200000,0.0
1277326800000,0.0
1277330400000,0.07
1277334000000,0.173
1277337600000,0.271
1277341200000,0.333
1277344800000,0.362
1277348400000,0.394
1277352000000,0.374
1277355600000,0.332
1277359200000,0.261
1277362800000,0.175
1277366400000,0.081
1277370000000,0.011
1277373600000,0.0
1277377200000,0.0
1277380800000,0.0
1277384400000,0.0
1277388000000,0.0
1277391600000,0.0
1277395200000,0.0
1277398800000,0.0
1277402400000,0.0
1277406000000,0.0
1277409600000,0.0
1277413200000,0.0
1277416800000,0.09
1277420400000,0.226
1277424000000,0.371
1277427600000,0.485
1277431200000,0.544
1277434800000,0.548
1277438400000,0.515
1277442000000,0.434
1277445600000,0.362
1277449200000,0.259
1277452800000,0.133
1277456400000,0.027
1277460000000,0.0
1277463600000,0.0
1277467200000,0.0
1277470800000,0.0
1277474400000,0.0
1277478000000,0.0
1277481600000,0.0
1277485200000,0.0
1277488800000,0.0
1277492400000,0.0
1277496000000,0.0
1277499600000,0.0
1277503200000,0.02
1277506800000,0.081
1277510400000,0.176
1277514000000,0.263
1277517600000,0.306
1277521200000,0.361
1277524800000,0.376
1277528400000,0.347
1277532000000,0.268
1277535600000,0.145
1277539200000,0.059
1277542800000,0.006
1277546400000,0.0
1277550000000,0.0
1277553600000,0.0
1277557200000,0.0
1277560800000,0.0
1277564400000,0.0
1277568000000,0.0
1277571600000,0.0
1277575200000,0.0
1277578800000,0.0
1277582400000,0.0
1277586000000,0.0
1277589600000,0.04
1277593200000,0.132
1277596800000,0.238
1277600400000,0.334
1277604000000,0.412
1277607600000,0.46
1277611200000,0.466
1277614800000,0.473
1277618400000,0.402
1277622000000,0.305
1277625600000,0.176
1277629200000,0.043
1277632800000,0.0
1277636400000,0.0
1277640000000,0.0
1277643600000,0.0
1277647200000,0.0
1277650800000,0.0
1277654400000,0.0
1277658000000,0.0
1277661600000,0.0
1277665200000,0.0
1277668800000,0.0
1277672400000,0.0
1277676000000,0.04
1277679600000,0.122
1277683200000,0.207
1277686800000,0.273
1277690400000,0.329
1277694000000,0.343
1277697600000,0.335
1277701200000,0.316
1277704800000,0.248
1277708400000,0.164
1277712000000,0.079
1277715600000,0.013
1277719200000,0.0
1277722800000,0.0
1277726400000,0.0
1277730000000,0.0
1277733600000,0.0
1277737200000,0.0
1277740800000,0.0
1277744400000,0.0
1277748000000,0.0
1277751600000,0.0
1277755200000,0.0
1277758800000,0.0
1277762400000,0.037
1277766000000,0.084
1277769600000,0.118
1277773200000,0.156
1277776800000,0.191
1277780400000,0.237
1277784000000,0.26
1277787600000,0.235
1277791200000,0.198
1277794800000,0.141
1277798400000,0.072
1277802000000,0.012
1277805600000,0.0
1277809200000,0.0
1277812800000,0.0
1277816400000,0.0
1277820000000,0.0
1277823600000,0.0
1277827200000,0.0
1277830800000,0.0
1277834400000,0.0
1277838000000,0.0
1277841600000,0.0
1277845200000,0.0
1277848800000,0.07
1277852400000,0.222
1277856000000,0.381
1277859600000,0.502
1277863200000,0.575
1277866800000,0.614
1277870400000,0.589
1277874000000,0.524
1277877600000,0.421
1277881200000,0.287
1277884800000,0.136
1277888400000,0.025
1277892000000,0.0
1277895600000,0.0
1277899200000,0.0
1277902800000,0.0
1277906400000,0.0
1277910000000,0.0
1277913600000,0.0
1277917200000,0.0
1277920800000,0.0
1277924400000,0.0
1277928000000,0.0
1277931600000,0.0
1277935200000,0.076
1277938800000,0.213
1277942400000,0.355
1277946000000,0.475
1277949600000,0.556
1277953200000,0.596
1277956800000,0.589
1277960400000,0.543
1277964000000,0.448
1277967600000,0.321
1277971200000,0.169
1277974800000,0.034
1277978400000,0.0
1277982000000,0.0
1277985600000,0.0
1277989200000,0.0
1277992800000,0.0
1277996400000,0.0
1278000000000,0.0
1278003600000,0.0
1278007200000,0.0
1278010800000,0.0
1278014400000,0.0
1278018000000,0.0
1278021600000,0.088
1278025200000,0.241
1278028800000,0.377
1278032400000,0.487
1278036000000,0.567
1278039600000,0.612
1278043200000,0.612
1278046800000,0.574
1278050400000,0.489
1278054000000,0.341
1278057600000,0.18
1278061200000,0.039
1278064800000,0.0
1278068400000,0.0
1278072000000,0.0
1278075600000,0.0
1278079200000,0.0
1278082800000,0.0
1278086400000,0.0
1278090000000,0.0
1278093600000,0.0
1278097200000,0.0
1278100800000,0.0
1278104400000,0.0
1278108000000,0.042
1278111600000,0.117
1278115200000,0.198
1278118800000,0.271
1278122400000,0.297
1278126000000,0.273
1278129600000,0.261
1278133200000,0.245
1278136800000,0.203
1278140400000,0.153
1278144000000,0.075
1278147600000,0.013
1278151200000,0.0
1278154800000,0.0
1278158400000,0.0
1278162000000,0.0
1278165600000,0.0
1278169200000,0.0
1278172800000,0.0
1278176400000,0.0
1278180000000,0.0
1278183600000,0.0
1278187200000,0.0
1278190800000,0.0
1278194400000,0.037
1278198000000,0.109
1278201600000,0.181
1278205200000,0.243
1278208800000,0.29
1278212400000,0.312
1278216000000,0.318
1278219600000,0.297
1278223200000,0.274
1278226800000,0.212
1278230400000,0.118
1278234000000,0.024
1278237600000,0.0
1278241200000,0.0
1278244800000,0.0
1278248400000,0.0
1278252000000,0.0
1278255600000,0.0
1278259200000,0.0
1278262800000,0.0
1278266400000,0.0
1278270000000,0.0
1278273600000,0.0
1278277200000,0.0
1278280800000,0.061
1278284400000,0.168
1278288000000,0.277
1278291600000,0.372
1278295200000,0.434
1278298800000,0.498
1278302400000,0.519
1278306000000,0.502
1278309600000,0.411
1278313200000,0.305
1278316800000,0.162
1278320400000,0.035
1278324000000,0.0
1278327600000,0.0
1278331200000,0.0
1278334800000,0.0
1278338400000,0.0
1278342000000,0.0
1278345600000,0.0
1278349200000,0.0
1278352800000,0.0
1278356400000,0.0
1278360000000,0.0
1278363600000,0.0
1278367200000,0.079
1278370800000,0.218
1278374400000,0.349
1278378000000,0.461
1278381600000,0.539
1278385200000,0.566
1278388800000,0.589
1278392400000,0.557
1278396000000,0.463
1278399600000,0.335
1278403200000,0.193
1278406800000,0.048
1278410400000,0.0
1278414000000,0.0
1278417600000,0.0
1278421200000,0.0
1278424800000,0.0
1278428400000,0.0
1278432000000,0.0
1278435600000,0.0
1278439200000,0.0
1278442800000,0.0
1278446400000,0.0
1278450000000,0.0
1278453600000,0.05
1278457200000,0.129
1278460800000,0.195
1278464400000,0.268
1278468000000,0.328
1278471600000,0.356
1278475200000,0.347
1278478800000,0.3
1278482400000,0.24
1278486000000,0.143
1278489600000,0.068
1278493200000,0.01
1278496800000,0.0
1278500400000,0.0
1278504000000,0.0
1278507600000,0.0
1278511200000,0.0
1278514800000,0.0
1278518400000,0.0
1278522000000,0.0
1278525600000,0.0
1278529200000,0.0
1278532800000,0.0
1278536400000,0.0
1278540000000,0.095
1278543600000,0.258
1278547200000,0.411
1278550800000,0.519
1278554400000,0.569
1278558000000,0.575
1278561600000,0.562
1278565200000,0.543
1278568800000,0.461
1278572400000,0.353
1278576000000,0.188
1278579600000,0.041
1278583200000,0.0
1278586800000,0.0
1278590400000,0.0
1278594000000,0.0
1278597600000,0.0
1278601200000,0.0
1278604800000,0.0
1278608400000,0.0
1278612000000,0.0
1278615600000,0.0
1278619200000,0.0
1278622800000,0.0
1278626400000,0.058
1278630000000,0.165
1278633600000,0.253
1278637200000,0.324
1278640800000,0.386
1278644400000,0.397
1278648000000,0.372
1278651600000,0.317
1278655200000,0.244
1278658800000,0.152
1278662400000,0.069
1278666000000,0.008
1278669600000,0.0
1278673200000,0.0
1278676800000,0.0
1278680400000,0.0
1278684000000,0.0
1278687600000,0.0
1278691200000,0.0
1278694800000,0.0
1278698400000,0.0
1278702000000,0.0
1278705600000,0.0
1278709200000,0.0
1278712800000,0.059
1278716400000,0.149
1278720000000,0.251
1278723600000,0.349
1278727200000,0.398
1278730800000,0.394
1278734400000,0.357
1278738000000,0.31
1278741600000,0.236
1278745200000,0.147
1278748800000,0.073
1278752400000,0.012
1278756000000,0.0
1278759600000,0.0
1278763200000,0.0
1278766800000,0.0
1278770400000,0.0
1278774000000,0.0
1278777600000,0.0
1278781200000,0.0
1278784800000,0.0
1278788400000,0.0
1278792000000,0.0
1278795600000,0.0
1278799200000,0.035
1278802800000,0.098
1278806400000,0.144
1278810000000,0.184
1278813600000,0.224
1278817200000,0.238
1278820800000,0.218
1278824400000,0.191
1278828000000,0.146
1278831600000,0.093
1278835200000,0.049
1278838800000,0.008
1278842400000,0.0
1278846000000,0.0
1278849600000,0.0
1278853200000,0.0
1278856800000,0.0
1278860400000,0.0
1278864000000,0.0
1278867600000,0.0
1278871200000,0.0
1278874800000,0.0
1278878400000,0.0
1278882000000,0.0
1278885600000,0.039
1278889200000,0.128
1278892800000,0.22
1278896400000,0.3
1278900000000,0.346
1278903600000,0.355
1278907200000,0.357
1278910800000,0.339
1278914400000,0.309
1278918000000,0.211
1278921600000,0.102
1278925200000,0.019
1278928800000,0.0
1278932400000,0.0
1278936000000,0.0
1278939600000,0.0
1278943200000,0.0
1278946800000,0.0
1278950400000,0.0
1278954000000,0.0
1278957600000,0.0
1278961200000,0.0
1278964800000,0.0
1278968400000,0.0
1278972000000,0.025
1278975600000,0.073
1278979200000,0.122
1278982800000,0.172
1278986400000,0.206
1278990000000,0.194
1278993600000,0.187
1278997200000,0.176
1279000800000,0.144
1279004400000,0.1
1279008000000,0.046
1279011600000,0.004
1279015200000,0.0
1279018800000,0.0
1279022400000,0.0
1279026000000,0.0
1279029600000,0.0
1279033200000,0.0
1279036800000,0.0
1279040400000,0.0
1279044000000,0.0
1279047600000,0.0
1279051200000,0.0
1279054800000,0.0
1279058400000,0.034
1279062000000,0.106
1279065600000,0.181
1279069200000,0.239
1279072800000,0.274
1279076400000,0.29
1279080000000,0.285
1279083600000,0.266
1279087200000,0.214
1279090800000,0.139
1279094400000,0.067
1279098000000,0.008
1279101600000,0.0
1279105200000,0.0
1279108800000,0.0
1279112400000,0.0
1279116000000,0.0
1279119600000,0.0
1279123200000,0.0
1279126800000,0.0
1279130400000,0.0
1279134000000,0.0
1279137600000,0.0
1279141200000,0.0
1279144800000,0.058
1279148400000,0.163
1279152000000,0.264
1279155600000,0.362
1279159200000,0.423
1279162800000,0.45
1279166400000,0.462
1279170000000,0.433
1279173600000,0.377
1279177200000,0.285
1279180800000,0.157
1279184400000,0.035
1279188000000,0.0
1279191600000,0.0
1279195200000,0.0
1279198800000,0.0
1279202400000,0.0
1279206000000,0.0
1279209600000,0.0
1279213200000,0.0
1279216800000,0.0
1279220400000,0.0
1279224000000,0.0
1279227600000,0.0
1279231200000,0.085
1279234800000,0.212
1279238400000,0.333
1279242000000,0.442
1279245600000,0.502
1279249200000,0.51
1279252800000,0.514
1279256400000,0.463
1279260000000,0.36
1279263600000,0.249
1279267200000,0.122
1279270800000,0.019
1279274400000,0.0
1279278000000,0.0
1279281600000,0.0
1279285200000,0.0
1279288800000,0.0
1279292400000,0.0
1279296000000,0.0
1279299600000,0.0
1279303200000,0.0
1279306800000,0.0
1279310400000,0.0
1279314000000,0.0
1279317600000,0.034
1279321200000,0.126
1279324800000,0.234
1279328400000,0.338
1279332000000,0.399
1279335600000,0.446
1279339200000,0.47
1279342800000,0.438
1279346400000,0.354
1279350000000,0.233
1279353600000,0.101
1279357200000,0.014
1279360800000,0.0
1279364400000,0.0
1279368000000,0.0
1279371600000,0.0
1279375200000,0.0
1279378800000,0.0
1279382400000,0.0
1279386000000,0.0
1279389600000,0.0
1279393200000,0.0
1279396800000,0.0
1279400400000,0.0
1279404000000,0.049
1279407600000,0.144
1279411200000,0.223
1279414800000,0.287
1279418400000,0.324
1279422000000,0.33
1279425600000,0.317
1279429200000,0.258
1279432800000,0.182
1279436400000,0.108
1279440000000,0.049
1279443600000,0.006
1279447200000,0.0
1279450800000,0.0
1279454400000,0.0
1279458000000,0.0
1279461600000,0.0
1279465200000,0.0
1279468800000,0.0
1279472400000,0.0
1279476000000,0.0
1279479600000,0.0
1279483200000,0.0
1279486800000,0.0
1279490400000,0.043
1279494000000,0.131
1279497600000,0.219
1279501200000,0.283
1279504800000,0.34
1279508400000,0.372
1279512000000,0.376
1279515600000,0.337
1279519200000,0.265
1279522800000,0.174
1279526400000,0.084
1279530000000,0.011
1279533600000,0.0
1279537200000,0.0
1279540800000,0.0
1279544400000,0.0
1279548000000,0.0
1279551600000,0.0
1279555200000,0.0
1279558800000,0.0
1279562400000,0.0
1279566000000,0.0
1279569600000,0.0
1279573200000,0.0
1279576800000,0.033
1279580400000,0.116
1279584000000,0.208
1279587600000,0.287
1279591200000,0.351
1279594800000,0.386
1279598400000,0.397
1279602000000,0.359
1279605600000,0.279
1279609200000,0.193
1279612800000,0.091
1279616400000,0.011
1279620000000,0.0
1279623600000,0.0
1279627200000,0.0
1279630800000,0.0
1279634400000,0.0
1279638000000,0.0
1279641600000,0.0
1279645200000,0.0
1279648800000,0.0
1279652400000,0.0
1279656000000,0.0
1279659600000,0.0
1279663200000,0.037
1279666800000,0.111
1279670400000,0.178
1279674000000,0.251
1279677600000,0.32
1279681200000,0.339
1279684800000,0.348
1279688400000,0.334
1279692000000,0.29
1279695600000,0.21
1279699200000,0.108
1279702800000,0.014
1279706400000,0.0
1279710000000,0.0
1279713600000,0.0
1279717200000,0.0
1279720800000,0.0
1279724400000,0.0
1279728000000,0.0
1279731600000,0.0
1279735200000,0.0
1279738800000,0.0
1279742400000,0.0
1279746000000,0.0
1279749600000,0.041
1279753200000,0.15
1279756800000,0.254
1279760400000,0.354
1279764000000,0.435
1279767600000,0.459
1279771200000,0.454
1279774800000,0.369
1279778400000,0.269
1279782000000,0.179
1279785600000,0.087
1279789200000,0.011
1279792800000,0.0
1279796400000,0.0
1279800000000,0.0
1279803600000,0.0
1279807200000,0.0
1279810800000,0.0
1279814400000,0.0
1279818000000,0.0
1279821600000,0.0
1279825200000,0.0
1279828800000,0.0
1279832400000,0.0
1279836000000,0.051
1279839600000,0.165
1279843200000,0.284
1279846800000,0.376
1279850400000,0.437
1279854000000,0.453
1279857600000,0.407
1279861200000,0.332
1279864800000,0.262
1279868400000,0.162
1279872000000,0.078
1279875600000,0.01
1279879200000,0.0
1279882800000,0.0
1279886400000,0.0
1279890000000,0.0
1279893600000,0.0
1279897200000,0.0
1279900800000,0.0
1279904400000,0.0
1279908000000,0.0
1279911600000,0.0
1279915200000,0.0
1279918800000,0.0
1279922400000,0.04
1279926000000,0.115
1279929600000,0.183
1279933200000,0.252
1279936800000,0.31
1279940400000,0.351
1279944000000,0.357
1279947600000,0.322
1279951200000,0.255
1279954800000,0.172
1279958400000,0.083
1279962000000,0.014
1279965600000,0.0
1279969200000,0.0
1279972800000,0.0
1279976400000,0.0
1279980000000,0.0
1279983600000,0.0
1279987200000,0.0
1279990800000,0.0
1279994400000,0.0
1279998000000,0.0
1280001600000,0.0
1280005200000,0.0
1280008800000,0.064
1280012400000,0.174
1280016000000,0.293
1280019600000,0.392
1280023200000,0.45
1280026800000,0.476
1280030400000,0.461
1280034000000,0.419
1280037600000,0.331
1280041200000,0.199
1280044800000,0.093
1280048400000,0.013
1280052000000,0.0
1280055600000,0.0
1280059200000,0.0
1280062800000,0.0
1280066400000,0.0
1280070000000,0.0
1280073600000,0.0
1280077200000,0.0
1280080800000,0.0
1280084400000,0.0
1280088000000,0.0
1280091600000,0.0
1280095200000,0.062
1280098800000,0.188
1280102400000,0.305
1280106000000,0.417
1280109600000,0.461
1280113200000,0.475
1280116800000,0.432
1280120400000,0.382
1280124000000,0.304
1280127600000,0.203
1280131200000,0.097
1280134800000,0.013
1280138400000,0.0
1280142000000,0.0
1280145600000,0.0
1280149200000,0.0
1280152800000,0.0
1280156400000,0.0
1280160000000,0.0
1280163600000,0.0
1280167200000,0.0
1280170800000,0.0
1280174400000,0.0
1280178000000,0.0
1280181600000,0.022
1280185200000,0.09
1280188800000,0.177
1280192400000,0.253
1280196000000,0.312
1280199600000,0.334
1280203200000,0.311
1280206800000,0.274
1280210400000,0.219
1280214000000,0.149
1280217600000,0.069
1280221200000,0.007
1280224800000,0.0
1280228400000,0.0
1280232000000,0.0
1280235600000,0.0
1280239200000,0.0
1280242800000,0.0
1280246400000,0.0
1280250000000,0.0
1280253600000,0.0
1280257200000,0.0
1280260800000,0.0
1280264400000,0.0
1280268000000,0.032
1280271600000,0.123
1280275200000,0.228
1280278800000,0.351
1280282400000,0.424
1280286000000,0.455
1280289600000,0.438
1280293200000,0.387
1280296800000,0.304
1280300400000,0.206
1280304000000,0.096
1280307600000,0.012
1280311200000,0.0
1280314800000,0.0
1280318400000,0.0
1280322000000,0.0
1280325600000,0.0
1280329200000,0.0
1280332800000,0.0
1280336400000,0.0
1280340000000,0.0
1280343600000,0.0
1280347200000,0.0
1280350800000,0.0
1280354400000,0.044
1280358000000,0.147
1280361600000,0.235
1280365200000,0.293
1280368800000,0.33
1280372400000,0.339
1280376000000,0.319
1280379600000,0.28
1280383200000,0.248
1280386800000,0.166
1280390400000,0.075
1280394000000,0.01
1280397600000,0.0
1280401200000,0.0
1280404800000,0.0
1280408400000,0.0
1280412000000,0.0
1280415600000,0.0
1280419200000,0.0
1280422800000,0.0
1280426400000,0.0
1280430000000,0.0
1280433600000,0.0
1280437200000,0.0
1280440800000,0.035
1280444400000,0.115
1280448000000,0.189
1280451600000,0.229
1280455200000,0.255
1280458800000,0.251
1280462400000,0.228
1280466000000,0.209
1280469600000,0.178
1280473200000,0.12
1280476800000,0.056
1280480400000,0.006
1280484000000,0.0
1280487600000,0.0
1280491200000,0.0
1280494800000,0.0
1280498400000,0.0
1280502000000,0.0
1280505600000,0.0
1280509200000,0.0
1280512800000,0.0
1280516400000,0.0
1280520000000,0.0
1280523600000,0.0
1280527200000,0.012
1280530800000,0.057
1280534400000,0.117
1280538000000,0.177
1280541600000,0.24
1280545200000,0.306
1280548800000,0.325
1280552400000,0.301
1280556000000,0.239
1280559600000,0.167
1280563200000,0.091
1280566800000,0.018
1280570400000,0.0
1280574000000,0.0
1280577600000,0.0
1280581200000,0.0
1280584800000,0.0
1280588400000,0.0
1280592000000,0.0
1280595600000,0.0
1280599200000,0.0
1280602800000,0.0
1280606400000,0.0
1280610000000,0.0
1280613600000,0.105
1280617200000,0.284
1280620800000,0.447
1280624400000,0.574
1280628000000,0.656
1280631600000,0.692
1280635200000,0.684
1280638800000,0.63
1280642400000,0.532
1280646000000,0.396
1280649600000,0.214
1280653200000,0.046
1280656800000,0.0
1280660400000,0.0
1280664000000,0.0
1280667600000,0.0
1280671200000,0.0
1280674800000,0.0
1280678400000,0.0
1280682000000,0.0
1280685600000,0.0
1280689200000,0.0
1280692800000,0.0
1280696400000,0.0
1280700000000,0.057
1280703600000,0.169
1280707200000,0.273
1280710800000,0.36
1280714400000,0.412
1280718000000,0.442
1280721600000,0.407
1280725200000,0.383
1280728800000,0.326
1280732400000,0.237
1280736000000,0.111
1280739600000,0.018
1280743200000,0.0
1280746800000,0.0
1280750400000,0.0
1280754000000,0.0
1280757600000,0.0
1280761200000,0.0
1280764800000,0.0
1280768400000,0.0
1280772000000,0.0
1280775600000,0.0
1280779200000,0.0
1280782800000,0.0
1280786400000,0.021
1280790000000,0.09
1280793600000,0.168
1280797200000,0.25
1280800800000,0.305
1280804400000,0.329
1280808000000,0.337
1280811600000,0.307
1280815200000,0.25
1280818800000,0.169
1280822400000,0.067
1280826000000,0.007
1280829600000,0.0
1280833200000,0.0
1280836800000,0.0
1280840400000,0.0
1280844000000,0.0
1280847600000,0.0
1280851200000,0.0
1280854800000,0.0
1280858400000,0.0
1280862000000,0.0
1280865600000,0.0
1280869200000,0.0
1280872800000,0.03
1280876400000,0.111
1280880000000,0.203
1280883600000,0.276
1280887200000,0.328
1280890800000,0.329
1280894400000,0.298
1280898000000,0.26
1280901600000,0.195
1280905200000,0.124
1280908800000,0.052
1280912400000,0.003
1280916000000,0.0
1280919600000,0.0
1280923200000,0.0
1280926800000,0.0
1280930400000,0.0
1280934000000,0.0
1280937600000,0.0
1280941200000,0.0
1280944800000,0.0
1280948400000,0.0
1280952000000,0.0
1280955600000,0.0
1280959200000,0.085
1280962800000,0.246
1280966400000,0.399
1280970000000,0.522
1280973600000,0.606
1280977200000,0.646
1280980800000,0.628
1280984400000,0.575
1280988000000,0.497
1280991600000,0.336
1280995200000,0.19
1280998800000,0.039
1281002400000,0.0
1281006000000,0.0
1281009600000,0.0
1281013200000,0.0
1281016800000,0.0
1281020400000,0.0
1281024000000,0.0
1281027600000,0.0
1281031200000,0.0
1281034800000,0.0
1281038400000,0.0
1281042000000,0.0
1281045600000,0.07
1281049200000,0.188
1281052800000,0.279
1281056400000,0.419
1281060000000,0.487
1281063600000,0.481
1281067200000,0.403
1281070800000,0.307
1281074400000,0.227
1281078000000,0.156
1281081600000,0.074
1281085200000,0.008
1281088800000,0.0
1281092400000,0.0
1281096000000,0.0
1281099600000,0.0
1281103200000,0.0
1281106800000,0.0
1281110400000,0.0
1281114000000,0.0
1281117600000,0.0
1281121200000,0.0
1281124800000,0.0
1281128400000,0.0
1281132000000,0.034
1281135600000,0.117
1281139200000,0.202
1281142800000,0.263
1281146400000,0.281
1281150000000,0.264
1281153600000,0.254
1281157200000,0.232
1281160800000,0.198
1281164400000,0.146
1281168000000,0.077
1281171600000,0.009
1281175200000,0.0
1281178800000,0.0
1281182400000,0.0
1281186000000,0.0
1281189600000,0.0
1281193200000,0.0
1281196800000,0.0
1281200400000,0.0
1281204000000,0.0
1281207600000,0.0
1281211200000,0.0
1281214800000,0.0
1281218400000,0.025
1281222000000,0.094
1281225600000,0.175
1281229200000,0.252
1281232800000,0.306
1281236400000,0.357
1281240000000,0.359
1281243600000,0.303
1281247200000,0.243
1281250800000,0.173
1281254400000,0.087
1281258000000,0.013
1281261600000,0.0
1281265200000,0.0
1281268800000,0.0
1281272400000,0.0
1281276000000,0.0
1281279600000,0.0
1281283200000,0.0
1281286800000,0.0
1281290400000,0.0
1281294000000,0.0
1281297600000,0.0
1281301200000,0.0
1281304800000,0.062
1281308400000,0.21
1281312000000,0.33
1281315600000,0.451
1281319200000,0.553
1281322800000,0.577
1281326400000,0.516
1281330000000,0.392
1281333600000,0.262
1281337200000,0.17
1281340800000,0.085
1281344400000,0.013
1281348000000,0.0
1281351600000,0.0
1281355200000,0.0
1281358800000,0.0
1281362400000,0.0
1281366000000,0.0
1281369600000,0.0
1281373200000,0.0
1281376800000,0.0
1281380400000,0.0
1281384000000,0.0
1281387600000,0.0
1281391200000,0.041
1281394800000,0.153
1281398400000,0.302
1281402000000,0.424
1281405600000,0.491
1281409200000,0.515
1281412800000,0.518
1281416400000,0.493
1281420000000,0.42
1281423600000,0.307
1281427200000,0.151
1281430800000,0.024
1281434400000,0.0
1281438000000,0.0
1281441600000,0.0
1281445200000,0.0
1281448800000,0.0
1281452400000,0.0
1281456000000,0.0
1281459600000,0.0
1281463200000,0.0
1281466800000,0.0
1281470400000,0.0
1281474000000,0.0
1281477600000,0.03
1281481200000,0.113
1281484800000,0.247
1281488400000,0.382
1281492000000,0.467
1281495600000,0.524
1281499200000,0.536
1281502800000,0.49
1281506400000,0.385
1281510000000,0.237
1281513600000,0.1
1281517200000,0.009
1281520800000,0.0
1281524400000,0.0
1281528000000,0.0
1281531600000,0.0
1281535200000,0.0
1281538800000,0.0
1281542400000,0.0
1281546000000,0.0
1281549600000,0.0
1281553200000,0.0
1281556800000,0.0
1281560400000,0.0
1281564000000,0.079
1281567600000,0.233
1281571200000,0.371
1281574800000,0.485
1281578400000,0.553
1281582000000,0.564
1281585600000,0.512
1281589200000,0.413
1281592800000,0.299
1281596400000,0.178
1281600000000,0.075
1281603600000,0.006
1281607200000,0.0
1281610800000,0.0
1281614400000,0.0
1281618000000,0.0
1281621600000,0.0
1281625200000,0.0
1281628800000,0.0
1281632400000,0.0
1281636000000,0.0
1281639600000,0.0
1281643200000,0.0
1281646800000,0.0
1281650400000,0.035
1281654000000,0.122
1281657600000,0.193
1281661200000,0.279
1281664800000,0.357
1281668400000,0.39
1281672000000,0.342
1281675600000,0.301
1281679200000,0.235
1281682800000,0.169
1281686400000,0.085
1281690000000,0.011
1281693600000,0.0
1281697200000,0.0
1281700800000,0.0
1281704400000,0.0
1281708000000,0.0
1281711600000,0.0
1281715200000,0.0
1281718800000,0.0
1281722400000,0.0
1281726000000,0.0
1281729600000,0.0
1281733200000,0.0
1281736800000,0.078
1281740400000,0.239
1281744000000,0.387
1281747600000,0.508
1281751200000,0.59
1281754800000,0.618
1281758400000,0.594
1281762000000,0.536
1281765600000,0.448
1281769200000,0.329
1281772800000,0.184
1281776400000,0.035
1281780000000,0.0
1281783600000,0.0
1281787200000,0.0
1281790800000,0.0
1281794400000,0.0
1281798000000,0.0
1281801600000,0.0
1281805200000,0.0
1281808800000,0.0
1281812400000,0.0
1281816000000,0.0
1281819600000,0.0
1281823200000,0.063
1281826800000,0.191
1281830400000,0.31
1281834000000,0.434
1281837600000,0.51
1281841200000,0.521
1281844800000,0.502
1281848400000,0.475
1281852000000,0.392
1281855600000,0.286
1281859200000,0.154
1281862800000,0.026
1281866400000,0.0
1281870000000,0.0
1281873600000,0.0
1281877200000,0.0
1281880800000,0.0
1281884400000,0.0
1281888000000,0.0
1281891600000,0.0
1281895200000,0.0
1281898800000,0.0
1281902400000,0.0
1281906000000,0.0
1281909600000,0.082
1281913200000,0.238
1281916800000,0.375
1281920400000,0.479
1281924000000,0.516
1281927600000,0.498
1281931200000,0.433
1281934800000,0.341
1281938400000,0.235
1281942000000,0.143
1281945600000,0.055
1281949200000,0.002
1281952800000,0.0
1281956400000,0.0
1281960000000,0.0
1281963600000,0.0
1281967200000,0.0
1281970800000,0.0
1281974400000,0.0
1281978000000,0.0
1281981600000,0.0
1281985200000,0.0
1281988800000,0.0
1281992400000,0.0
1281996000000,0.037
1281999600000,0.133
1282003200000,0.227
1282006800000,0.315
1282010400000,0.372
1282014000000,0.4
1282017600000,0.384
1282021200000,0.349
1282024800000,0.287
1282028400000,0.196
1282032000000,0.097
1282035600000,0.012
1282039200000,0.0
1282042800000,0.0
1282046400000,0.0
1282050000000,0.0
1282053600000,0.0
1282057200000,0.0
1282060800000,0.0
1282064400000,0.0
1282068000000,0.0
1282071600000,0.0
1282075200000,0.0
1282078800000,0.0
1282082400000,0.039
1282086000000,0.147
1282089600000,0.27
1282093200000,0.385
1282096800000,0.491
1282100400000,0.554
1282104000000,0.553
1282107600000,0.513
1282111200000,0.403
1282114800000,0.236
1282118400000,0.106
1282122000000,0.011
1282125600000,0.0
1282129200000,0.0
1282132800000,0.0
1282136400000,0.0
1282140000000,0.0
1282143600000,0.0
1282147200000,0.0
1282150800000,0.0
1282154400000,0.0
1282158000000,0.0
1282161600000,0.0
1282165200000,0.0
1282168800000,0.037
1282172400000,0.12
1282176000000,0.215
1282179600000,0.284
1282183200000,0.346
1282186800000,0.394
1282190400000,0.419
1282194000000,0.406
1282197600000,0.343
1282201200000,0.245
1282204800000,0.116
1282208400000,0.018
1282212000000,0.0
1282215600000,0.0
1282219200000,0.0
1282222800000,0.0
1282226400000,0.0
1282230000000,0.0
1282233600000,0.0
1282237200000,0.0
1282240800000,0.0
1282244400000,0.0
1282248000000,0.0
1282251600000,0.0
1282255200000,0.026
1282258800000,0.099
1282262400000,0.189
1282266000000,0.283
1282269600000,0.354
1282273200000,0.387
1282276800000,0.346
1282280400000,0.283
1282284000000,0.199
1282287600000,0.134
1282291200000,0.059
1282294800000,0.004
1282298400000,0.0
1282302000000,0.0
1282305600000,0.0
1282309200000,0.0
1282312800000,0.0
1282316400000,0.0
1282320000000,0.0
1282323600000,0.0
1282327200000,0.0
1282330800000,0.0
1282334400000,0.0
1282338000000,0.0
1282341600000,0.027
1282345200000,0.1
1282348800000,0.175
1282352400000,0.24
1282356000000,0.292
1282359600000,0.314
1282363200000,0.308
1282366800000,0.271
1282370400000,0.212
1282374000000,0.139
1282377600000,0.062
1282381200000,0.005
1282384800000,0.0
1282388400000,0.0
1282392000000,0.0
1282395600000,0.0
1282399200000,0.0
1282402800000,0.0
1282406400000,0.0
1282410000000,0.0
1282413600000,0.0
1282417200000,0.0
1282420800000,0.0
1282424400000,0.0
1282428000000,0.049
1282431600000,0.169
1282435200000,0.306
1282438800000,0.403
1282442400000,0.462
1282446000000,0.492
1282449600000,0.469
1282453200000,0.421
1282456800000,0.323
1282460400000,0.22
1282464000000,0.109
1282467600000,0.012
1282471200000,0.0
1282474800000,0.0
1282478400000,0.0
1282482000000,0.0
1282485600000,0.0
1282489200000,0.0
1282492800000,0.0
1282496400000,0.0
1282500000000,0.0
1282503600000,0.0
1282507200000,0.0
1282510800000,0.0
1282514400000,0.057
1282518000000,0.191
1282521600000,0.344
1282525200000,0.5
1282528800000,0.628
1282532400000,0.695
1282536000000,0.69
1282539600000,0.632
1282543200000,0.524
1282546800000,0.369
1282550400000,0.182
1282554000000,0.028
1282557600000,0.0
1282561200000,0.0
1282564800000,0.0
1282568400000,0.0
1282572000000,0.0
1282575600000,0.0
1282579200000,0.0
1282582800000,0.0
1282586400000,0.0
1282590000000,0.0
1282593600000,0.0
1282597200000,0.0
1282600800000,0.029
1282604400000,0.116
1282608000000,0.201
1282611600000,0.273
1282615200000,0.324
1282618800000,0.351
1282622400000,0.346
1282626000000,0.299
1282629600000,0.224
1282633200000,0.148
1282636800000,0.065
1282640400000,0.004
1282644000000,0.0
1282647600000,0.0
1282651200000,0.0
1282654800000,0.0
1282658400000,0.0
1282662000000,0.0
1282665600000,0.0
1282669200000,0.0
1282672800000,0.0
1282676400000,0.0
1282680000000,0.0
1282683600000,0.0
1282687200000,0.039
1282690800000,0.131
1282694400000,0.223
1282698000000,0.294
1282701600000,0.338
1282705200000,0.328
1282708800000,0.309
1282712400000,0.277
1282716000000,0.226
1282719600000,0.159
1282723200000,0.079
1282726800000,0.009
1282730400000,0.0
1282734000000,0.0
1282737600000,0.0
1282741200000,0.0
1282744800000,0.0
1282748400000,0.0
1282752000000,0.0
1282755600000,0.0
1282759200000,0.0
1282762800000,0.0
1282766400000,0.0
1282770000000,0.0
1282773600000,0.064
1282777200000,0.199
1282780800000,0.326
1282784400000,0.404
1282788000000,0.452
1282791600000,0.457
1282795200000,0.418
1282798800000,0.353
1282802400000,0.266
1282806000000,0.179
1282809600000,0.084
1282813200000,0.008
1282816800000,0.0
1282820400000,0.0
1282824000000,0.0
1282827600000,0.0
1282831200000,0.0
1282834800000,0.0
1282838400000,0.0
1282842000000,0.0
1282845600000,0.0
1282849200000,0.0
1282852800000,0.0
1282856400000,0.0
1282860000000,0.04
1282863600000,0.161
1282867200000,0.333
1282870800000,0.51
1282874400000,0.624
1282878000000,0.673
1282881600000,0.655
1282885200000,0.597
1282888800000,0.441
1282892400000,0.308
1282896000000,0.152
1282899600000,0.023
1282903200000,0.0
1282906800000,0.0
1282910400000,0.0
1282914000000,0.0
1282917600000,0.0
1282921200000,0.0
1282924800000,0.0
1282928400000,0.0
1282932000000,0.0
1282935600000,0.0
1282939200000,0.0
1282942800000,0.0
1282946400000,0.059
1282950000000,0.196
1282953600000,0.314
1282957200000,0.397
1282960800000,0.426
1282964400000,0.417
1282968000000,0.39
1282971600000,0.304
1282975200000,0.194
1282978800000,0.101
1282982400000,0.036
1282986000000,0.0
1282989600000,0.0
1282993200000,0.0
1282996800000,0.0
1283000400000,0.0
1283004000000,0.0
1283007600000,0.0
1283011200000,0.0
1283014800000,0.0
1283018400000,0.0
1283022000000,0.0
1283025600000,0.0
1283029200000,0.0
1283032800000,0.028
1283036400000,0.115
1283040000000,0.238
1283043600000,0.377
1283047200000,0.554
1283050800000,0.634
1283054400000,0.636
1283058000000,0.584
1283061600000,0.453
1283065200000,0.305
1283068800000,0.155
1283072400000,0.023
1283076000000,0.0
1283079600000,0.0
1283083200000,0.0
1283086800000,0.0
1283090400000,0.0
1283094000000,0.0
1283097600000,0.0
1283101200000,0.0
1283104800000,0.0
1283108400000,0.0
1283112000000,0.0
1283115600000,0.0
1283119200000,0.067
1283122800000,0.243
1283126400000,0.428
1283130000000,0.568
1283133600000,0.66
1283137200000,0.689
1283140800000,0.681
1283144400000,0.62
1283148000000,0.518
1283151600000,0.366
1283155200000,0.197
1283158800000,0.032
1283162400000,0.0
1283166000000,0.0
1283169600000,0.0
1283173200000,0.0
1283176800000,0.0
1283180400000,0.0
1283184000000,0.0
1283187600000,0.0
1283191200000,0.0
1283194800000,0.0
1283198400000,0.0
1283202000000,0.0
1283205600000,0.068
1283209200000,0.209
1283212800000,0.36
1283216400000,0.487
1283220000000,0.583
1283223600000,0.626
1283227200000,0.61
1283230800000,0.532
1283234400000,0.393
1283238000000,0.262
1283241600000,0.116
1283245200000,0.013
1283248800000,0.0
1283252400000,0.0
1283256000000,0.0
1283259600000,0.0
1283263200000,0.0
1283266800000,0.0
1283270400000,0.0
1283274000000,0.0
1283277600000,0.0
1283281200000,0.0
1283284800000,0.0
1283288400000,0.0
1283292000000,0.043
1283295600000,0.156
1283299200000,0.272
1283302800000,0.38
1283306400000,0.437
1283310000000,0.464
1283313600000,0.439
1283317200000,0.37
1283320800000,0.236
1283324400000,0.145
1283328000000,0.068
1283331600000,0.004
1283335200000,0.0
1283338800000,0.0
1283342400000,0.0
1283346000000,0.0
1283349600000,0.0
1283353200000,0.0
1283356800000,0.0
1283360400000,0.0
1283364000000,0.0
1283367600000,0.0
1283371200000,0.0
1283374800000,0.0
1283378400000,0.02
1283382000000,0.092
1283385600000,0.188
1283389200000,0.308
1283392800000,0.41
1283396400000,0.451
1283400000000,0.413
1283403600000,0.319
1283407200000,0.225
1283410800000,0.148
1283414400000,0.07
1283418000000,0.004
1283421600000,0.0
1283425200000,0.0
1283428800000,0.0
1283432400000,0.0
1283436000000,0.0
1283439600000,0.0
1283443200000,0.0
1283446800000,0.0
1283450400000,0.0
1283454000000,0.0
1283457600000,0.0
1283461200000,0.0
1283464800000,0.03
1283468400000,0.125
1283472000000,0.261
1283475600000,0.378
1283479200000,0.458
1283482800000,0.476
1283486400000,0.448
1283490000000,0.381
1283493600000,0.308
1283497200000,0.224
1283500800000,0.109
1283504400000,0.012
1283508000000,0.0
1283511600000,0.0
1283515200000,0.0
1283518800000,0.0
1283522400000,0.0
1283526000000,0.0
1283529600000,0.0
1283533200000,0.0
1283536800000,0.0
1283540400000,0.0
1283544000000,0.0
1283547600000,0.0
1283551200000,0.097
1283554800000,0.29
1283558400000,0.458
1283562000000,0.563
1283565600000,0.627
1283569200000,0.625
1283572800000,0.577
1283576400000,0.498
1283580000000,0.402
1283583600000,0.276
1283587200000,0.122
1283590800000,0.013
1283594400000,0.0
1283598000000,0.0
1283601600000,0.0
1283605200000,0.0
1283608800000,0.0
1283612400000,0.0
1283616000000,0.0
1283619600000,0.0
1283623200000,0.0
1283626800000,0.0
1283630400000,0.0
1283634000000,0.0
1283637600000,0.026
1283641200000,0.108
1283644800000,0.2
1283648400000,0.289
1283652000000,0.347
1283655600000,0.4
1283659200000,0.468
1283662800000,0.504
1283666400000,0.457
1283670000000,0.324
1283673600000,0.153
1283677200000,0.016
1283680800000,0.0
1283684400000,0.0
1283688000000,0.0
1283691600000,0.0
1283695200000,0.0
1283698800000,0.0
1283702400000,0.0
1283706000000,0.0
1283709600000,0.0
1283713200000,0.0
1283716800000,0.0
1283720400000,0.0
1283724000000,0.045
1283727600000,0.163
1283731200000,0.295
1283734800000,0.408
1283738400000,0.5
1283742000000,0.536
1283745600000,0.543
1283749200000,0.491
1283752800000,0.412
1283756400000,0.294
1283760000000,0.136
1283763600000,0.014
1283767200000,0.0
1283770800000,0.0
1283774400000,0.0
1283778000000,0.0
1283781600000,0.0
1283785200000,0.0
1283788800000,0.0
1283792400000,0.0
1283796000000,0.0
1283799600000,0.0
1283803200000,0.0
1283806800000,0.0
1283810400000,0.017
1283814000000,0.074
1283817600000,0.156
1283821200000,0.249
1283824800000,0.304
1283828400000,0.344
1283832000000,0.329
1283835600000,0.272
1283839200000,0.207
1283842800000,0.132
1283846400000,0.052
1283850000000,0.001
1283853600000,0.0
1283857200000,0.0
1283860800000,0.0
1283864400000,0.0
1283868000000,0.0
1283871600000,0.0
1283875200000,0.0
1283878800000,0.0
1283882400000,0.0
1283886000000,0.0
1283889600000,0.0
1283893200000,0.0
1283896800000,0.02
1283900400000,0.11
1283904000000,0.238
1283907600000,0.383
1283911200000,0.51
1283914800000,0.598
1283918400000,0.616
1283922000000,0.569
1283925600000,0.458
1283929200000,0.31
1283932800000,0.143
1283936400000,0.014
1283940000000,0.0
1283943600000,0.0
1283947200000,0.0
1283950800000,0.0
1283954400000,0.0
1283958000000,0.0
1283961600000,0.0
1283965200000,0.0
1283968800000,0.0
1283972400000,0.0
1283976000000,0.0
1283979600000,0.0
1283983200000,0.049
1283986800000,0.184
1283990400000,0.297
1283994000000,0.392
1283997600000,0.444
1284001200000,0.449
1284004800000,0.412
1284008400000,0.355
1284012000000,0.256
1284015600000,0.149
1284019200000,0.058
1284022800000,0.003
1284026400000,0.0
1284030000000,0.0
1284033600000,0.0
1284037200000,0.0
1284040800000,0.0
1284044400000,0.0
1284048000000,0.0
1284051600000,0.0
1284055200000,0.0
1284058800000,0.0
1284062400000,0.0
1284066000000,0.0
1284069600000,0.012
1284073200000,0.062
1284076800000,0.134
1284080400000,0.196
1284084000000,0.264
1284087600000,0.289
1284091200000,0.325
1284094800000,0.297
1284098400000,0.228
1284102000000,0.137
1284105600000,0.055
1284109200000,0.0
1284112800000,0.0
1284116400000,0.0
1284120000000,0.0
1284123600000,0.0
1284127200000,0.0
1284130800000,0.0
1284134400000,0.0
1284138000000,0.0
1284141600000,0.0
1284145200000,0.0
1284148800000,0.0
1284152400000,0.0
1284156000000,0.012
1284159600000,0.07
1284163200000,0.142
1284166800000,0.205
1284170400000,0.24
1284174000000,0.244
1284177600000,0.235
1284181200000,0.198
1284184800000,0.158
1284188400000,0.107
1284192000000,0.05
1284195600000,0.001
1284199200000,0.0
1284202800000,0.0
1284206400000,0.0
1284210000000,0.0
1284213600000,0.0
1284217200000,0.0
1284220800000,0.0
1284224400000,0.0
1284228000000,0.0
1284231600000,0.0
1284235200000,0.0
1284238800000,0.0
1284242400000,0.042
1284246000000,0.153
1284249600000,0.261
1284253200000,0.345
1284256800000,0.373
1284260400000,0.385
1284264000000,0.372
1284267600000,0.337
1284271200000,0.276
1284274800000,0.198
1284278400000,0.101
1284282000000,0.014
1284285600000,0.0
1284289200000,0.0
1284292800000,0.0
1284296400000,0.0
1284300000000,0.0
1284303600000,0.0
1284307200000,0.0
1284310800000,0.0
1284314400000,0.0
1284318000000,0.0
1284321600000,0.0
1284325200000,0.0
1284328800000,0.012
1284332400000,0.06
1284336000000,0.112
1284339600000,0.158
1284343200000,0.201
1284346800000,0.247
1284350400000,0.298
1284354000000,0.306
1284357600000,0.277
1284361200000,0.182
1284364800000,0.041
1284368400000,0.0
1284372000000,0.0
1284375600000,0.0
1284379200000,0.0
1284382800000,0.0
1284386400000,0.0
1284390000000,0.0
1284393600000,0.0
1284397200000,0.0
1284400800000,0.0
1284404400000,0.0
1284408000000,0.0
1284411600000,0.0
1284415200000,0.027
1284418800000,0.125
1284422400000,0.268
1284426000000,0.396
1284429600000,0.489
1284433200000,0.523
1284436800000,0.521
1284440400000,0.463
1284444000000,0.361
1284447600000,0.231
1284451200000,0.105
1284454800000,0.008
1284458400000,0.0
1284462000000,0.0
1284465600000,0.0
1284469200000,0.0
1284472800000,0.0
1284476400000,0.0
1284480000000,0.0
1284483600000,0.0
1284487200000,0.0
1284490800000,0.0
1284494400000,0.0
1284498000000,0.0
1284501600000,0.057
1284505200000,0.222
1284508800000,0.402
1284512400000,0.541
1284516000000,0.648
1284519600000,0.684
1284523200000,0.662
1284526800000,0.585
1284530400000,0.403
1284534000000,0.27
1284537600000,0.116
1284541200000,0.006
1284544800000,0.0
1284548400000,0.0
1284552000000,0.0
1284555600000,0.0
1284559200000,0.0
1284562800000,0.0
1284566400000,0.0
1284570000000,0.0
1284573600000,0.0
1284577200000,0.0
1284580800000,0.0
1284584400000,0.0
1284588000000,0.018
1284591600000,0.106
1284595200000,0.213
1284598800000,0.316
1284602400000,0.401
1284606000000,0.439
1284609600000,0.453
1284613200000,0.413
1284616800000,0.317
1284620400000,0.196
1284624000000,0.081
1284627600000,0.004
1284631200000,0.0
1284634800000,0.0
1284638400000,0.0
1284642000000,0.0
1284645600000,0.0
1284649200000,0.0
1284652800000,0.0
1284656400000,0.0
1284660000000,0.0
1284663600000,0.0
1284667200000,0.0
1284670800000,0.0
1284674400000,0.027
1284678000000,0.118
1284681600000,0.21
1284685200000,0.298
1284688800000,0.371
1284692400000,0.414
1284696000000,0.43
1284699600000,0.354
1284703200000,0.247
1284706800000,0.157
1284710400000,0.064
1284714000000,0.003
1284717600000,0.0
1284721200000,0.0
1284724800000,0.0
1284728400000,0.0
1284732000000,0.0
1284735600000,0.0
1284739200000,0.0
1284742800000,0.0
1284746400000,0.0
1284750000000,0.0
1284753600000,0.0
1284757200000,0.0
1284760800000,0.025
1284764400000,0.103
1284768000000,0.184
1284771600000,0.263
1284775200000,0.327
1284778800000,0.358
1284782400000,0.343
1284786000000,0.295
1284789600000,0.218
1284793200000,0.135
1284796800000,0.055
1284800400000,0.001
1284804000000,0.0
1284807600000,0.0
1284811200000,0.0
1284814800000,0.0
1284818400000,0.0
1284822000000,0.0
1284825600000,0.0
1284829200000,0.0
1284832800000,0.0
1284836400000,0.0
1284840000000,0.0
1284843600000,0.0
1284847200000,0.023
1284850800000,0.102
1284854400000,0.193
1284858000000,0.285
1284861600000,0.354
1284865200000,0.399
1284868800000,0.405
1284872400000,0.373
1284876000000,0.286
1284879600000,0.19
1284883200000,0.083
1284886800000,0.006
1284890400000,0.0
1284894000000,0.0
1284897600000,0.0
1284901200000,0.0
1284904800000,0.0
1284908400000,0.0
1284912000000,0.0
1284915600000,0.0
1284919200000,0.0
1284922800000,0.0
1284926400000,0.0
1284930000000,0.0
1284933600000,0.019
1284937200000,0.098
1284940800000,0.178
1284944400000,0.256
1284948000000,0.295
1284951600000,0.318
1284955200000,0.298
1284958800000,0.258
1284962400000,0.191
1284966000000,0.104
1284969600000,0.038
1284973200000,0.0
1284976800000,0.0
1284980400000,0.0
1284984000000,0.0
1284987600000,0.0
1284991200000,0.0
1284994800000,0.0
1284998400000,0.0
1285002000000,0.0
1285005600000,0.0
1285009200000,0.0
1285012800000,0.0
1285016400000,0.0
1285020000000,0.01
1285023600000,0.063
1285027200000,0.128
1285030800000,0.186
1285034400000,0.233
1285038000000,0.252
1285041600000,0.236
1285045200000,0.192
1285048800000,0.155
1285052400000,0.099
1285056000000,0.042
1285059600000,0.0
1285063200000,0.0
1285066800000,0.0
1285070400000,0.0
1285074000000,0.0
1285077600000,0.0
1285081200000,0.0
1285084800000,0.0
1285088400000,0.0
1285092000000,0.0
1285095600000,0.0
1285099200000,0.0
1285102800000,0.0
1285106400000,0.079
1285110000000,0.278
1285113600000,0.465
1285117200000,0.609
1285120800000,0.7
1285124400000,0.735
1285128000000,0.725
1285131600000,0.668
1285135200000,0.568
1285138800000,0.415
1285142400000,0.215
1285146000000,0.018
1285149600000,0.0
1285153200000,0.0
1285156800000,0.0
1285160400000,0.0
1285164000000,0.0
1285167600000,0.0
1285171200000,0.0
1285174800000,0.0
1285178400000,0.0
1285182000000,0.0
1285185600000,0.0
1285189200000,0.0
1285192800000,0.083
1285196400000,0.28
1285200000000,0.456
1285203600000,0.588
1285207200000,0.67
1285210800000,0.704
1285214400000,0.696
1285218000000,0.638
1285221600000,0.539
1285225200000,0.38
1285228800000,0.192
1285232400000,0.019
1285236000000,0.0
1285239600000,0.0
1285243200000,0.0
1285246800000,0.0
1285250400000,0.0
1285254000000,0.0
1285257600000,0.0
1285261200000,0.0
1285264800000,0.0
1285268400000,0.0
1285272000000,0.0
1285275600000,0.0
1285279200000,0.052
1285282800000,0.182
1285286400000,0.313
1285290000000,0.415
1285293600000,0.491
1285297200000,0.518
1285300800000,0.532
1285304400000,0.484
1285308000000,0.387
1285311600000,0.258
1285315200000,0.122
1285318800000,0.01
1285322400000,0.0
1285326000000,0.0
1285329600000,0.0
1285333200000,0.0
1285336800000,0.0
1285340400000,0.0
1285344000000,0.0
1285347600000,0.0
1285351200000,0.0
1285354800000,0.0
1285358400000,0.0
1285362000000,0.0
1285365600000,0.048
1285369200000,0.194
1285372800000,0.344
1285376400000,0.459
1285380000000,0.515
1285383600000,0.527
1285387200000,0.521
1285390800000,0.456
1285394400000,0.36
1285398000000,0.242
1285401600000,0.105
1285405200000,0.006
1285408800000,0.0
1285412400000,0.0
1285416000000,0.0
1285419600000,0.0
1285423200000,0.0
1285426800000,0.0
1285430400000,0.0
1285434000000,0.0
1285437600000,0.0
1285441200000,0.0
1285444800000,0.0
1285448400000,0.0
1285452000000,0.024
1285455600000,0.116
1285459200000,0.206
1285462800000,0.278
1285466400000,0.312
1285470000000,0.296
1285473600000,0.299
1285477200000,0.26
1285480800000,0.198
1285484400000,0.122
1285488000000,0.047
1285491600000,0.0
1285495200000,0.0
1285498800000,0.0
1285502400000,0.0
1285506000000,0.0
1285509600000,0.0
1285513200000,0.0
1285516800000,0.0
1285520400000,0.0
1285524000000,0.0
1285527600000,0.0
1285531200000,0.0
1285534800000,0.0
1285538400000,0.019
1285542000000,0.108
1285545600000,0.212
1285549200000,0.318
1285552800000,0.423
1285556400000,0.454
1285560000000,0.433
1285563600000,0.385
1285567200000,0.303
1285570800000,0.212
1285574400000,0.092
1285578000000,0.005
1285581600000,0.0
1285585200000,0.0
1285588800000,0.0
1285592400000,0.0
1285596000000,0.0
1285599600000,0.0
1285603200000,0.0
1285606800000,0.0
1285610400000,0.0
1285614000000,0.0
1285617600000,0.0
1285621200000,0.0
1285624800000,0.02
1285628400000,0.1
1285632000000,0.16
1285635600000,0.184
1285639200000,0.219
1285642800000,0.245
1285646400000,0.248
1285650000000,0.239
1285653600000,0.214
1285657200000,0.155
1285660800000,0.068
1285664400000,0.002
1285668000000,0.0
1285671600000,0.0
1285675200000,0.0
1285678800000,0.0
1285682400000,0.0
1285686000000,0.0
1285689600000,0.0
1285693200000,0.0
1285696800000,0.0
1285700400000,0.0
1285704000000,0.0
1285707600000,0.0
1285711200000,0.031
1285714800000,0.138
1285718400000,0.259
1285722000000,0.33
1285725600000,0.371
1285729200000,0.369
1285732800000,0.346
1285736400000,0.285
1285740000000,0.212
1285743600000,0.125
1285747200000,0.052
1285750800000,0.0
1285754400000,0.0
1285758000000,0.0
1285761600000,0.0
1285765200000,0.0
1285768800000,0.0
1285772400000,0.0
1285776000000,0.0
1285779600000,0.0
1285783200000,0.0
1285786800000,0.0
1285790400000,0.0
1285794000000,0.0
1285797600000,0.04
1285801200000,0.181
1285804800000,0.299
1285808400000,0.378
1285812000000,0.413
1285815600000,0.417
1285819200000,0.399
1285822800000,0.339
1285826400000,0.247
1285830000000,0.148
1285833600000,0.053
1285837200000,0.0
1285840800000,0.0
1285844400000,0.0
1285848000000,0.0
1285851600000,0.0
1285855200000,0.0
1285858800000,0.0
1285862400000,0.0
1285866000000,0.0
1285869600000,0.0
1285873200000,0.0
1285876800000,0.0
1285880400000,0.0
1285884000000,0.008
1285887600000,0.068
1285891200000,0.141
1285894800000,0.245
1285898400000,0.35
1285902000000,0.375
1285905600000,0.343
1285909200000,0.321
1285912800000,0.261
1285916400000,0.15
1285920000000,0.052
1285923600000,0.0
1285927200000,0.0
1285930800000,0.0
1285934400000,0.0
1285938000000,0.0
1285941600000,0.0
1285945200000,0.0
1285948800000,0.0
1285952400000,0.0
1285956000000,0.0
1285959600000,0.0
1285963200000,0.0
1285966800000,0.0
1285970400000,0.023
1285974000000,0.114
1285977600000,0.203
1285981200000,0.269
1285984800000,0.327
1285988400000,0.341
1285992000000,0.323
1285995600000,0.29
1285999200000,0.227
1286002800000,0.149
1286006400000,0.064
1286010000000,0.0
1286013600000,0.0
1286017200000,0.0
1286020800000,0.0
1286024400000,0.0
1286028000000,0.0
1286031600000,0.0
1286035200000,0.0
1286038800000,0.0
1286042400000,0.0
1286046000000,0.0
1286049600000,0.0
1286053200000,0.0
1286056800000,0.017
1286060400000,0.103
1286064000000,0.22
1286067600000,0.34
1286071200000,0.433
1286074800000,0.475
1286078400000,0.474
1286082000000,0.421
1286085600000,0.321
1286089200000,0.196
1286092800000,0.072
1286096400000,0.0
1286100000000,0.0
1286103600000,0.0
1286107200000,0.0
1286110800000,0.0
1286114400000,0.0
1286118000000,0.0
1286121600000,0.0
1286125200000,0.0
1286128800000,0.0
1286132400000,0.0
1286136000000,0.0
1286139600000,0.0
1286143200000,0.024
1286146800000,0.124
1286150400000,0.246
1286154000000,0.363
1286157600000,0.414
1286161200000,0.424
1286164800000,0.413
1286168400000,0.36
1286172000000,0.272
1286175600000,0.177
1286179200000,0.063
1286182800000,0.0
1286186400000,0.0
1286190000000,0.0
1286193600000,0.0
1286197200000,0.0
1286200800000,0.0
1286204400000,0.0
1286208000000,0.0
1286211600000,0.0
1286215200000,0.0
1286218800000,0.0
1286222400000,0.0
1286226000000,0.0
1286229600000,0.016
1286233200000,0.098
1286236800000,0.195
1286240400000,0.303
1286244000000,0.389
1286247600000,0.434
1286251200000,0.458
1286254800000,0.423
1286258400000,0.346
1286262000000,0.25
1286265600000,0.115
1286269200000,0.005
1286272800000,0.0
1286276400000,0.0
1286280000000,0.0
1286283600000,0.0
1286287200000,0.0
1286290800000,0.0
1286294400000,0.0
1286298000000,0.0
1286301600000,0.0
1286305200000,0.0
1286308800000,0.0
1286312400000,0.0
1286316000000,0.017
1286319600000,0.089
1286323200000,0.173
1286326800000,0.288
1286330400000,0.379
1286334000000,0.437
1286337600000,0.429
1286341200000,0.415
1286344800000,0.349
1286348400000,0.237
1286352000000,0.09
1286355600000,0.0
1286359200000,0.0
1286362800000,0.0
1286366400000,0.0
1286370000000,0.0
1286373600000,0.0
1286377200000,0.0
1286380800000,0.0
1286384400000,0.0
1286388000000,0.0
1286391600000,0.0
1286395200000,0.0
1286398800000,0.0
1286402400000,0.027
1286406000000,0.132
1286409600000,0.268
1286413200000,0.421
1286416800000,0.545
1286420400000,0.57
1286424000000,0.542
1286427600000,0.487
1286431200000,0.389
1286434800000,0.215
1286438400000,0.076
1286442000000,0.0
1286445600000,0.0
1286449200000,0.0
1286452800000,0.0
1286456400000,0.0
1286460000000,0.0
1286463600000,0.0
1286467200000,0.0
1286470800000,0.0
1286474400000,0.0
1286478000000,0.0
1286481600000,0.0
1286485200000,0.0
1286488800000,0.013
1286492400000,0.082
1286496000000,0.158
1286499600000,0.233
1286503200000,0.291
1286506800000,0.297
1286510400000,0.259
1286514000000,0.243
1286517600000,0.19
1286521200000,0.11
1286524800000,0.035
1286528400000,0.0
1286532000000,0.0
1286535600000,0.0
1286539200000,0.0
1286542800000,0.0
1286546400000,0.0
1286550000000,0.0
1286553600000,0.0
1286557200000,0.0
1286560800000,0.0
1286564400000,0.0
1286568000000,0.0
1286571600000,0.0
1286575200000,0.021
1286578800000,0.1
1286582400000,0.184
1286586000000,0.269
1286589600000,0.331
1286593200000,0.335
1286596800000,0.304
1286600400000,0.252
1286604000000,0.195
1286607600000,0.121
1286611200000,0.044
1286614800000,0.0
1286618400000,0.0
1286622000000,0.0
1286625600000,0.0
1286629200000,0.0
1286632800000,0.0
1286636400000,0.0
1286640000000,0.0
1286643600000,0.0
1286647200000,0.0
1286650800000,0.0
1286654400000,0.0
1286658000000,0.0
1286661600000,0.022
1286665200000,0.131
1286668800000,0.259
1286672400000,0.373
1286676000000,0.408
1286679600000,0.392
1286683200000,0.356
1286686800000,0.289
1286690400000,0.205
1286694000000,0.12
1286697600000,0.045
1286701200000,0.0
1286704800000,0.0
1286708400000,0.0
1286712000000,0.0
1286715600000,0.0
1286719200000,0.0
1286722800000,0.0
1286726400000,0.0
1286730000000,0.0
1286733600000,0.0
1286737200000,0.0
1286740800000,0.0
1286744400000,0.0
1286748000000,0.025
1286751600000,0.126
1286755200000,0.231
1286758800000,0.322
1286762400000,0.351
1286766000000,0.328
1286769600000,0.311
1286773200000,0.298
1286776800000,0.263
1286780400000,0.175
1286784000000,0.071
1286787600000,0.0
1286791200000,0.0
1286794800000,0.0
1286798400000,0.0
1286802000000,0.0
1286805600000,0.0
1286809200000,0.0
1286812800000,0.0
1286816400000,0.0
1286820000000,0.0
1286823600000,0.0
1286827200000,0.0
1286830800000,0.0
1286834400000,0.041
1286838000000,0.167
1286841600000,0.265
1286845200000,0.328
1286848800000,0.37
1286852400000,0.357
1286856000000,0.35
1286859600000,0.311
1286863200000,0.237
1286866800000,0.143
1286870400000,0.044
1286874000000,0.0
1286877600000,0.0
1286881200000,0.0
1286884800000,0.0
1286888400000,0.0
1286892000000,0.0
1286895600000,0.0
1286899200000,0.0
1286902800000,0.0
1286906400000,0.0
1286910000000,0.0
1286913600000,0.0
1286917200000,0.0
1286920800000,0.014
1286924400000,0.085
1286928000000,0.169
1286931600000,0.242
1286935200000,0.296
1286938800000,0.313
1286942400000,0.292
1286946000000,0.248
1286949600000,0.171
1286953200000,0.094
1286956800000,0.032
1286960400000,0.0
1286964000000,0.0
1286967600000,0.0
1286971200000,0.0
1286974800000,0.0
1286978400000,0.0
1286982000000,0.0
1286985600000,0.0
1286989200000,0.0
1286992800000,0.0
1286996400000,0.0
1287000000000,0.0
1287003600000,0.0
1287007200000,0.019
1287010800000,0.104
1287014400000,0.199
1287018000000,0.281
1287021600000,0.347
1287025200000,0.365
1287028800000,0.335
1287032400000,0.279
1287036000000,0.212
1287039600000,0.127
1287043200000,0.047
1287046800000,0.0
1287050400000,0.0
1287054000000,0.0
1287057600000,0.0
1287061200000,0.0
1287064800000,0.0
1287068400000,0.0
1287072000000,0.0
1287075600000,0.0
1287079200000,0.0
1287082800000,0.0
1287086400000,0.0
1287090000000,0.0
1287093600000,0.012
1287097200000,0.085
1287100800000,0.152
1287104400000,0.2
1287108000000,0.238
1287111600000,0.247
1287115200000,0.237
1287118800000,0.2
1287122400000,0.147
1287126000000,0.094
1287129600000,0.037
1287133200000,0.0
1287136800000,0.0
1287140400000,0.0
1287144000000,0.0
1287147600000,0.0
1287151200000,0.0
1287154800000,0.0
1287158400000,0.0
1287162000000,0.0
1287165600000,0.0
1287169200000,0.0
1287172800000,0.0
1287176400000,0.0
1287180000000,0.039
1287183600000,0.188
1287187200000,0.34
1287190800000,0.445
1287194400000,0.517
1287198000000,0.541
1287201600000,0.524
1287205200000,0.432
1287208800000,0.329
1287212400000,0.203
1287216000000,0.075
1287219600000,0.0
1287223200000,0.0
1287226800000,0.0
1287230400000,0.0
1287234000000,0.0
1287237600000,0.0
1287241200000,0.0
1287244800000,0.0
1287248400000,0.0
1287252000000,0.0
1287255600000,0.0
1287259200000,0.0
1287262800000,0.0
1287266400000,0.011
1287270000000,0.088
1287273600000,0.182
1287277200000,0.269
1287280800000,0.314
1287284400000,0.358
1287288000000,0.391
1287291600000,0.35
1287295200000,0.274
1287298800000,0.176
1287302400000,0.078
1287306000000,0.0
1287309600000,0.0
1287313200000,0.0
1287316800000,0.0
1287320400000,0.0
1287324000000,0.0
1287327600000,0.0
1287331200000,0.0
1287334800000,0.0
1287338400000,0.0
1287342000000,0.0
1287345600000,0.0
1287349200000,0.0
1287352800000,0.044
1287356400000,0.181
1287360000000,0.272
1287363600000,0.327
1287367200000,0.409
1287370800000,0.418
1287374400000,0.416
1287378000000,0.355
1287381600000,0.251
1287385200000,0.148
1287388800000,0.052
1287392400000,0.0
1287396000000,0.0
1287399600000,0.0
1287403200000,0.0
1287406800000,0.0
1287410400000,0.0
1287414000000,0.0
1287417600000,0.0
1287421200000,0.0
1287424800000,0.0
1287428400000,0.0
1287432000000,0.0
1287435600000,0.0
1287439200000,0.008
1287442800000,0.072
1287446400000,0.147
1287450000000,0.215
1287453600000,0.251
1287457200000,0.242
1287460800000,0.221
1287464400000,0.176
1287468000000,0.116
1287471600000,0.075
1287475200000,0.028
1287478800000,0.0
1287482400000,0.0
1287486000000,0.0
1287489600000,0.0
1287493200000,0.0
1287496800000,0.0
1287500400000,0.0
1287504000000,0.0
1287507600000,0.0
1287511200000,0.0
1287514800000,0.0
1287518400000,0.0
1287522000000,0.0
1287525600000,0.02
1287529200000,0.146
1287532800000,0.297
1287536400000,0.389
1287540000000,0.473
1287543600000,0.5
1287547200000,0.488
1287550800000,0.42
1287554400000,0.307
1287558000000,0.191
1287561600000,0.074
1287565200000,0.0
1287568800000,0.0
1287572400000,0.0
1287576000000,0.0
1287579600000,0.0
1287583200000,0.0
1287586800000,0.0
1287590400000,0.0
1287594000000,0.0
1287597600000,0.0
1287601200000,0.0
1287604800000,0.0
1287608400000,0.0
1287612000000,0.011
1287615600000,0.082
1287619200000,0.173
1287622800000,0.235
1287626400000,0.281
1287630000000,0.302
1287633600000,0.294
1287637200000,0.254
1287640800000,0.196
1287644400000,0.122
1287648000000,0.047
1287651600000,0.0
1287655200000,0.0
1287658800000,0.0
1287662400000,0.0
1287666000000,0.0
1287669600000,0.0
1287673200000,0.0
1287676800000,0.0
1287680400000,0.0
1287684000000,0.0
1287687600000,0.0
1287691200000,0.0
1287694800000,0.0
1287698400000,0.009
1287702000000,0.083
1287705600000,0.176
1287709200000,0.263
1287712800000,0.332
1287716400000,0.348
1287720000000,0.326
1287723600000,0.269
1287727200000,0.204
1287730800000,0.107
1287734400000,0.03
1287738000000,0.0
1287741600000,0.0
1287745200000,0.0
1287748800000,0.0
1287752400000,0.0
1287756000000,0.0
1287759600000,0.0
1287763200000,0.0
1287766800000,0.0
1287770400000,0.0
1287774000000,0.0
1287777600000,0.0
1287781200000,0.0
1287784800000,0.019
1287788400000,0.128
1287792000000,0.254
1287795600000,0.359
1287799200000,0.451
1287802800000,0.503
1287806400000,0.488
1287810000000,0.407
1287813600000,0.3
1287817200000,0.18
1287820800000,0.065
1287824400000,0.0
1287828000000,0.0
1287831600000,0.0
1287835200000,0.0
1287838800000,0.0
1287842400000,0.0
1287846000000,0.0
1287849600000,0.0
1287853200000,0.0
1287856800000,0.0
1287860400000,0.0
1287864000000,0.0
1287867600000,0.0
1287871200000,0.009
1287874800000,0.076
1287878400000,0.156
1287882000000,0.235
1287885600000,0.3
1287889200000,0.33
1287892800000,0.324
1287896400000,0.276
1287900000000,0.206
1287903600000,0.123
1287907200000,0.048
1287910800000,0.0
1287914400000,0.0
1287918000000,0.0
1287921600000,0.0
1287925200000,0.0
1287928800000,0.0
1287932400000,0.0
1287936000000,0.0
1287939600000,0.0
1287943200000,0.0
1287946800000,0.0
1287950400000,0.0
1287954000000,0.0
1287957600000,0.005
1287961200000,0.059
1287964800000,0.125
1287968400000,0.183
1287972000000,0.23
1287975600000,0.253
1287979200000,0.252
1287982800000,0.224
1287986400000,0.162
1287990000000,0.094
1287993600000,0.029
1287997200000,0.0
1288000800000,0.0
1288004400000,0.0
1288008000000,0.0
1288011600000,0.0
1288015200000,0.0
1288018800000,0.0
1288022400000,0.0
1288026000000,0.0
1288029600000,0.0
1288033200000,0.0
1288036800000,0.0
1288040400000,0.0
1288044000000,0.008
1288047600000,0.086
1288051200000,0.186
1288054800000,0.261
1288058400000,0.318
1288062000000,0.341
1288065600000,0.331
1288069200000,0.278
1288072800000,0.203
1288076400000,0.117
1288080000000,0.036
1288083600000,0.0
1288087200000,0.0
1288090800000,0.0
1288094400000,0.0
1288098000000,0.0
1288101600000,0.0
1288105200000,0.0
1288108800000,0.0
1288112400000,0.0
1288116000000,0.0
1288119600000,0.0
1288123200000,0.0
1288126800000,0.0
1288130400000,0.017
1288134000000,0.124
1288137600000,0.26
1288141200000,0.376
1288144800000,0.466
1288148400000,0.511
1288152000000,0.485
1288155600000,0.393
1288159200000,0.291
1288162800000,0.164
1288166400000,0.052
1288170000000,0.0
1288173600000,0.0
1288177200000,0.0
1288180800000,0.0
1288184400000,0.0
1288188000000,0.0
1288191600000,0.0
1288195200000,0.0
1288198800000,0.0
1288202400000,0.0
1288206000000,0.0
1288209600000,0.0
1288213200000,0.0
1288216800000,0.006
1288220400000,0.061
1288224000000,0.122
1288227600000,0.176
1288231200000,0.21
1288234800000,0.215
1288238400000,0.208
1288242000000,0.179
1288245600000,0.124
1288249200000,0.07
1288252800000,0.022
1288256400000,0.0
1288260000000,0.0
1288263600000,0.0
1288267200000,0.0
1288270800000,0.0
1288274400000,0.0
1288278000000,0.0
1288281600000,0.0
1288285200000,0.0
1288288800000,0.0
1288292400000,0.0
1288296000000,0.0
1288299600000,0.0
1288303200000,0.01
1288306800000,0.081
1288310400000,0.185
1288314000000,0.29
1288317600000,0.365
1288321200000,0.446
1288324800000,0.483
1288328400000,0.424
1288332000000,0.334
1288335600000,0.2
1288339200000,0.062
1288342800000,0.0
1288346400000,0.0
1288350000000,0.0
1288353600000,0.0
1288357200000,0.0
1288360800000,0.0
1288364400000,0.0
1288368000000,0.0
1288371600000,0.0
1288375200000,0.0
1288378800000,0.0
1288382400000,0.0
1288386000000,0.0
1288389600000,0.002
1288393200000,0.04
1288396800000,0.09
1288400400000,0.128
1288404000000,0.16
1288407600000,0.177
1288411200000,0.176
1288414800000,0.151
1288418400000,0.11
1288422000000,0.063
1288425600000,0.019
1288429200000,0.0
1288432800000,0.0
1288436400000,0.0
1288440000000,0.0
1288443600000,0.0
1288447200000,0.0
1288450800000,0.0
1288454400000,0.0
1288458000000,0.0
1288461600000,0.0
1288465200000,0.0
1288468800000,0.0
1288472400000,0.0
1288476000000,0.015
1288479600000,0.114
1288483200000,0.232
1288486800000,0.351
1288490400000,0.451
1288494000000,0.522
1288497600000,0.53
1288501200000,0.5
1288504800000,0.419
1288508400000,0.292
1288512000000,0.131
1288515600000,0.002
1288519200000,0.0
1288522800000,0.0
1288526400000,0.0
1288530000000,0.0
1288533600000,0.0
1288537200000,0.0
1288540800000,0.0
1288544400000,0.0
1288548000000,0.0
1288551600000,0.0
1288555200000,0.0
1288558800000,0.0
1288562400000,0.02
1288566000000,0.121
1288569600000,0.233
1288573200000,0.313
1288576800000,0.317
1288580400000,0.269
1288584000000,0.209
1288587600000,0.134
1288591200000,0.073
1288594800000,0.049
1288598400000,0.024
1288602000000,0.0
1288605600000,0.0
1288609200000,0.0
1288612800000,0.0
1288616400000,0.0
1288620000000,0.0
1288623600000,0.0
1288627200000,0.0
1288630800000,0.0
1288634400000,0.0
1288638000000,0.0
1288641600000,0.0
1288645200000,0.0
1288648800000,0.017
1288652400000,0.12
1288656000000,0.248
1288659600000,0.344
1288663200000,0.421
1288666800000,0.429
1288670400000,0.389
1288674000000,0.358
1288677600000,0.276
1288681200000,0.174
1288684800000,0.065
1288688400000,0.0
1288692000000,0.0
1288695600000,0.0
1288699200000,0.0
1288702800000,0.0
1288706400000,0.0
1288710000000,0.0
1288713600000,0.0
1288717200000,0.0
1288720800000,0.0
1288724400000,0.0
1288728000000,0.0
1288731600000,0.0
1288735200000,0.012
1288738800000,0.117
1288742400000,0.268
1288746000000,0.424
1288749600000,0.513
1288753200000,0.553
1288756800000,0.511
1288760400000,0.452
1288764000000,0.341
1288767600000,0.204
1288771200000,0.069
1288774800000,0.0
1288778400000,0.0
1288782000000,0.0
1288785600000,0.0
1288789200000,0.0
1288792800000,0.0
1288796400000,0.0
1288800000000,0.0
1288803600000,0.0
1288807200000,0.0
1288810800000,0.0
1288814400000,0.0
1288818000000,0.0
1288821600000,0.022
1288825200000,0.149
1288828800000,0.272
1288832400000,0.355
1288836000000,0.364
1288839600000,0.321
1288843200000,0.272
1288846800000,0.224
1288850400000,0.165
1288854000000,0.094
1288857600000,0.035
1288861200000,0.0
1288864800000,0.0
1288868400000,0.0
1288872000000,0.0
1288875600000,0.0
1288879200000,0.0
1288882800000,0.0
1288886400000,0.0
1288890000000,0.0
1288893600000,0.0
1288897200000,0.0
1288900800000,0.0
1288904400000,0.0
1288908000000,0.022
1288911600000,0.164
1288915200000,0.363
1288918800000,0.516
1288922400000,0.573
1288926000000,0.589
1288929600000,0.556
1288933200000,0.446
1288936800000,0.301
1288940400000,0.146
1288944000000,0.05
1288947600000,0.0
1288951200000,0.0
1288954800000,0.0
1288958400000,0.0
1288962000000,0.0
1288965600000,0.0
1288969200000,0.0
1288972800000,0.0
1288976400000,0.0
1288980000000,0.0
1288983600000,0.0
1288987200000,0.0
1288990800000,0.0
1288994400000,0.012
1288998000000,0.114
1289001600000,0.242
1289005200000,0.349
1289008800000,0.428
1289012400000,0.456
1289016000000,0.408
1289019600000,0.334
1289023200000,0.237
1289026800000,0.136
1289030400000,0.046
1289034000000,0.0
1289037600000,0.0
1289041200000,0.0
1289044800000,0.0
1289048400000,0.0
1289052000000,0.0
1289055600000,0.0
1289059200000,0.0
1289062800000,0.0
1289066400000,0.0
1289070000000,0.0
1289073600000,0.0
1289077200000,0.0
1289080800000,0.016
1289084400000,0.116
1289088000000,0.239
1289091600000,0.334
1289095200000,0.414
1289098800000,0.451
1289102400000,0.44
1289106000000,0.378
1289109600000,0.252
1289113200000,0.14
1289116800000,0.048
1289120400000,0.0
1289124000000,0.0
1289127600000,0.0
1289131200000,0.0
1289134800000,0.0
1289138400000,0.0
1289142000000,0.0
1289145600000,0.0
1289149200000,0.0
1289152800000,0.0
1289156400000,0.0
1289160000000,0.0
1289163600000,0.0
1289167200000,0.016
1289170800000,0.13
1289174400000,0.27
1289178000000,0.425
1289181600000,0.531
1289185200000,0.559
1289188800000,0.529
1289192400000,0.46
1289196000000,0.366
1289199600000,0.226
1289203200000,0.085
1289206800000,0.0
1289210400000,0.0
1289214000000,0.0
1289217600000,0.0
1289221200000,0.0
1289224800000,0.0
1289228400000,0.0
1289232000000,0.0
1289235600000,0.0
1289239200000,0.0
1289242800000,0.0
1289246400000,0.0
1289250000000,0.0
1289253600000,0.018
1289257200000,0.146
1289260800000,0.303
1289264400000,0.433
1289268000000,0.527
1289271600000,0.54
1289275200000,0.477
1289278800000,0.312
1289282400000,0.187
1289286000000,0.096
1289289600000,0.027
1289293200000,0.0
1289296800000,0.0
1289300400000,0.0
1289304000000,0.0
1289307600000,0.0
1289311200000,0.0
1289314800000,0.0
1289318400000,0.0
1289322000000,0.0
1289325600000,0.0
1289329200000,0.0
1289332800000,0.0
1289336400000,0.0
1289340000000,0.006
1289343600000,0.077
1289347200000,0.179
1289350800000,0.291
1289354400000,0.361
1289358000000,0.366
1289361600000,0.369
1289365200000,0.332
1289368800000,0.261
1289372400000,0.156
1289376000000,0.059
1289379600000,0.0
1289383200000,0.0
1289386800000,0.0
1289390400000,0.0
1289394000000,0.0
1289397600000,0.0
1289401200000,0.0
1289404800000,0.0
1289408400000,0.0
1289412000000,0.0
1289415600000,0.0
1289419200000,0.0
1289422800000,0.0
1289426400000,0.008
1289430000000,0.084
1289433600000,0.169
1289437200000,0.242
1289440800000,0.315
1289444400000,0.343
1289448000000,0.333
1289451600000,0.283
1289455200000,0.215
1289458800000,0.138
1289462400000,0.051
1289466000000,0.0
1289469600000,0.0
1289473200000,0.0
1289476800000,0.0
1289480400000,0.0
1289484000000,0.0
1289487600000,0.0
1289491200000,0.0
1289494800000,0.0
1289498400000,0.0
1289502000000,0.0
1289505600000,0.0
1289509200000,0.0
1289512800000,0.038
1289516400000,0.208
1289520000000,0.392
1289523600000,0.524
1289527200000,0.591
1289530800000,0.595
1289534400000,0.556
1289538000000,0.462
1289541600000,0.329
1289545200000,0.213
1289548800000,0.089
1289552400000,0.0
1289556000000,0.0
1289559600000,0.0
1289563200000,0.0
1289566800000,0.0
1289570400000,0.0
1289574000000,0.0
1289577600000,0.0
1289581200000,0.0
1289584800000,0.0
1289588400000,0.0
1289592000000,0.0
1289595600000,0.0
1289599200000,0.016
1289602800000,0.124
1289606400000,0.249
1289610000000,0.372
1289613600000,0.451
1289617200000,0.475
1289620800000,0.475
1289624400000,0.447
1289628000000,0.371
1289631600000,0.245
1289635200000,0.098
1289638800000,0.0
1289642400000,0.0
1289646000000,0.0
1289649600000,0.0
1289653200000,0.0
1289656800000,0.0
1289660400000,0.0
1289664000000,0.0
1289667600000,0.0
1289671200000,0.0
1289674800000,0.0
1289678400000,0.0
1289682000000,0.0
1289685600000,0.017
1289689200000,0.134
1289692800000,0.275
1289696400000,0.383
1289700000000,0.439
1289703600000,0.466
1289707200000,0.458
1289710800000,0.415
1289714400000,0.315
1289718000000,0.201
1289721600000,0.073
1289725200000,0.0
1289728800000,0.0
1289732400000,0.0
1289736000000,0.0
1289739600000,0.0
1289743200000,0.0
1289746800000,0.0
1289750400000,0.0
1289754000000,0.0
1289757600000,0.0
1289761200000,0.0
1289764800000,0.0
1289768400000,0.0
1289772000000,0.003
1289775600000,0.073
1289779200000,0.194
1289782800000,0.329
1289786400000,0.437
1289790000000,0.514
1289793600000,0.518
1289797200000,0.448
1289800800000,0.345
1289804400000,0.194
1289808000000,0.068
1289811600000,0.0
1289815200000,0.0
1289818800000,0.0
1289822400000,0.0
1289826000000,0.0
1289829600000,0.0
1289833200000,0.0
1289836800000,0.0
1289840400000,0.0
1289844000000,0.0
1289847600000,0.0
1289851200000,0.0
1289854800000,0.0
1289858400000,0.009
1289862000000,0.084
1289865600000,0.161
1289869200000,0.231
1289872800000,0.302
1289876400000,0.374
1289880000000,0.406
1289883600000,0.395
1289887200000,0.334
1289890800000,0.23
1289894400000,0.091
1289898000000,0.0
1289901600000,0.0
1289905200000,0.0
1289908800000,0.0
1289912400000,0.0
1289916000000,0.0
1289919600000,0.0
1289923200000,0.0
1289926800000,0.0
1289930400000,0.0
1289934000000,0.0
1289937600000,0.0
1289941200000,0.0
1289944800000,0.01
1289948400000,0.117
1289952000000,0.267
1289955600000,0.392
1289959200000,0.487
1289962800000,0.511
1289966400000,0.445
1289970000000,0.346
1289973600000,0.225
1289977200000,0.114
1289980800000,0.032
1289984400000,0.0
1289988000000,0.0
1289991600000,0.0
1289995200000,0.0
1289998800000,0.0
1290002400000,0.0
1290006000000,0.0
1290009600000,0.0
1290013200000,0.0
1290016800000,0.0
1290020400000,0.0
1290024000000,0.0
1290027600000,0.0
1290031200000,0.01
1290034800000,0.085
1290038400000,0.164
1290042000000,0.271
1290045600000,0.368
1290049200000,0.44
1290052800000,0.409
1290056400000,0.32
1290060000000,0.231
1290063600000,0.144
1290067200000,0.051
1290070800000,0.0
1290074400000,0.0
1290078000000,0.0
1290081600000,0.0
1290085200000,0.0
1290088800000,0.0
1290092400000,0.0
1290096000000,0.0
1290099600000,0.0
1290103200000,0.0
1290106800000,0.0
1290110400000,0.0
1290114000000,0.0
1290117600000,0.005
1290121200000,0.069
1290124800000,0.148
1290128400000,0.214
1290132000000,0.268
1290135600000,0.3
1290139200000,0.297
1290142800000,0.268
1290146400000,0.219
1290150000000,0.155
1290153600000,0.057
1290157200000,0.0
1290160800000,0.0
1290164400000,0.0
1290168000000,0.0
1290171600000,0.0
1290175200000,0.0
1290178800000,0.0
1290182400000,0.0
1290186000000,0.0
1290189600000,0.0
1290193200000,0.0
1290196800000,0.0
1290200400000,0.0
1290204000000,0.015
1290207600000,0.121
1290211200000,0.231
1290214800000,0.323
1290218400000,0.389
1290222000000,0.416
1290225600000,0.41
1290229200000,0.376
1290232800000,0.318
1290236400000,0.219
1290240000000,0.092
1290243600000,0.0
1290247200000,0.0
1290250800000,0.0
1290254400000,0.0
1290258000000,0.0
1290261600000,0.0
1290265200000,0.0
1290268800000,0.0
1290272400000,0.0
1290276000000,0.0
1290279600000,0.0
1290283200000,0.0
1290286800000,0.0
1290290400000,0.005
1290294000000,0.072
1290297600000,0.15
1290301200000,0.185
1290304800000,0.199
1290308400000,0.191
1290312000000,0.171
1290315600000,0.146
1290319200000,0.111
1290322800000,0.071
1290326400000,0.024
1290330000000,0.0
1290333600000,0.0
1290337200000,0.0
1290340800000,0.0
1290344400000,0.0
1290348000000,0.0
1290351600000,0.0
1290355200000,0.0
1290358800000,0.0
1290362400000,0.0
1290366000000,0.0
1290369600000,0.0
1290373200000,0.0
1290376800000,0.01
1290380400000,0.104
1290384000000,0.219
1290387600000,0.288
1290391200000,0.33
1290394800000,0.332
1290398400000,0.304
1290402000000,0.247
1290405600000,0.155
1290409200000,0.078
1290412800000,0.024
1290416400000,0.0
1290420000000,0.0
1290423600000,0.0
1290427200000,0.0
1290430800000,0.0
1290434400000,0.0
1290438000000,0.0
1290441600000,0.0
1290445200000,0.0
1290448800000,0.0
1290452400000,0.0
1290456000000,0.0
1290459600000,0.0
1290463200000,0.01
1290466800000,0.104
1290470400000,0.215
1290474000000,0.313
1290477600000,0.373
1290481200000,0.398
1290484800000,0.401
1290488400000,0.364
1290492000000,0.294
1290495600000,0.193
1290499200000,0.076
1290502800000,0.0
1290506400000,0.0
1290510000000,0.0
1290513600000,0.0
1290517200000,0.0
1290520800000,0.0
1290524400000,0.0
1290528000000,0.0
1290531600000,0.0
1290535200000,0.0
1290538800000,0.0
1290542400000,0.0
1290546000000,0.0
1290549600000,0.025
1290553200000,0.181
1290556800000,0.366
1290560400000,0.519
1290564000000,0.614
1290567600000,0.649
1290571200000,0.637
1290574800000,0.588
1290578400000,0.486
1290582000000,0.34
1290585600000,0.153
1290589200000,0.001
1290592800000,0.0
1290596400000,0.0
1290600000000,0.0
1290603600000,0.0
1290607200000,0.0
1290610800000,0.0
1290614400000,0.0
1290618000000,0.0
1290621600000,0.0
1290625200000,0.0
1290628800000,0.0
1290632400000,0.0
1290636000000,0.01
1290639600000,0.09
1290643200000,0.173
1290646800000,0.244
1290650400000,0.281
1290654000000,0.292
1290657600000,0.276
1290661200000,0.249
1290664800000,0.202
1290668400000,0.133
1290672000000,0.057
1290675600000,0.0
1290679200000,0.0
1290682800000,0.0
1290686400000,0.0
1290690000000,0.0
1290693600000,0.0
1290697200000,0.0
1290700800000,0.0
1290704400000,0.0
1290708000000,0.0
1290711600000,0.0
1290715200000,0.0
1290718800000,0.0
1290722400000,0.006
1290726000000,0.083
1290729600000,0.195
1290733200000,0.266
1290736800000,0.292
1290740400000,0.305
1290744000000,0.333
1290747600000,0.303
1290751200000,0.209
1290754800000,0.129
1290758400000,0.046
1290762000000,0.0
1290765600000,0.0
1290769200000,0.0
1290772800000,0.0
1290776400000,0.0
1290780000000,0.0
1290783600000,0.0
1290787200000,0.0
1290790800000,0.0
1290794400000,0.0
1290798000000,0.0
1290801600000,0.0
1290805200000,0.0
1290808800000,0.001
1290812400000,0.061
1290816000000,0.156
1290819600000,0.268
1290823200000,0.353
1290826800000,0.374
1290830400000,0.352
1290834000000,0.296
1290837600000,0.223
1290841200000,0.137
1290844800000,0.047
1290848400000,0.0
1290852000000,0.0
1290855600000,0.0
1290859200000,0.0
1290862800000,0.0
1290866400000,0.0
1290870000000,0.0
1290873600000,0.0
1290877200000,0.0
1290880800000,0.0
1290884400000,0.0
1290888000000,0.0
1290891600000,0.0
1290895200000,0.005
1290898800000,0.075
1290902400000,0.136
1290906000000,0.198
1290909600000,0.255
1290913200000,0.287
1290916800000,0.308
1290920400000,0.334
1290924000000,0.263
1290927600000,0.164
1290931200000,0.052
1290934800000,0.0
1290938400000,0.0
1290942000000,0.0
1290945600000,0.0
1290949200000,0.0
1290952800000,0.0
1290956400000,0.0
1290960000000,0.0
1290963600000,0.0
1290967200000,0.0
1290970800000,0.0
1290974400000,0.0
1290978000000,0.0
1290981600000,0.003
1290985200000,0.072
1290988800000,0.178
1290992400000,0.321
1290996000000,0.481
1290999600000,0.596
1291003200000,0.647
1291006800000,0.614
1291010400000,0.514
1291014000000,0.358
1291017600000,0.151
1291021200000,0.0
1291024800000,0.0
1291028400000,0.0
1291032000000,0.0
1291035600000,0.0
1291039200000,0.0
1291042800000,0.0
1291046400000,0.0
1291050000000,0.0
1291053600000,0.0
1291057200000,0.0
1291060800000,0.0
1291064400000,0.0
1291068000000,0.023
1291071600000,0.175
1291075200000,0.351
1291078800000,0.512
1291082400000,0.616
1291086000000,0.667
1291089600000,0.66
1291093200000,0.608
1291096800000,0.492
1291100400000,0.33
1291104000000,0.145
1291107600000,0.0
1291111200000,0.0
1291114800000,0.0
1291118400000,0.0
1291122000000,0.0
1291125600000,0.0
1291129200000,0.0
1291132800000,0.0
1291136400000,0.0
1291140000000,0.0
1291143600000,0.0
1291147200000,0.0
1291150800000,0.0
1291154400000,0.006
1291158000000,0.094
1291161600000,0.222
1291165200000,0.363
1291168800000,0.468
1291172400000,0.533
1291176000000,0.556
1291179600000,0.527
1291183200000,0.438
1291186800000,0.293
1291190400000,0.118
1291194000000,0.0
1291197600000,0.0
1291201200000,0.0
1291204800000,0.0
1291208400000,0.0
1291212000000,0.0
1291215600000,0.0
1291219200000,0.0
1291222800000,0.0
1291226400000,0.0
1291230000000,0.0
1291233600000,0.0
1291237200000,0.0
1291240800000,0.018
1291244400000,0.161
1291248000000,0.365
1291251600000,0.534
1291255200000,0.642
1291258800000,0.677
1291262400000,0.665
1291266000000,0.585
1291269600000,0.433
1291273200000,0.255
1291276800000,0.082
1291280400000,0.0
1291284000000,0.0
1291287600000,0.0
1291291200000,0.0
1291294800000,0.0
1291298400000,0.0
1291302000000,0.0
1291305600000,0.0
1291309200000,0.0
1291312800000,0.0
1291316400000,0.0
1291320000000,0.0
1291323600000,0.0
1291327200000,0.0
1291330800000,0.047
1291334400000,0.11
1291338000000,0.163
1291341600000,0.212
1291345200000,0.289
1291348800000,0.371
1291352400000,0.374
1291356000000,0.295
1291359600000,0.186
1291363200000,0.054
1291366800000,0.0
1291370400000,0.0
1291374000000,0.0
1291377600000,0.0
1291381200000,0.0
1291384800000,0.0
1291388400000,0.0
1291392000000,0.0
1291395600000,0.0
1291399200000,0.0
1291402800000,0.0
1291406400000,0.0
1291410000000,0.0
1291413600000,0.0
1291417200000,0.048
1291420800000,0.121
1291424400000,0.192
1291428000000,0.246
1291431600000,0.285
1291435200000,0.311
1291438800000,0.318
1291442400000,0.263
1291446000000,0.179
1291449600000,0.072
1291453200000,0.0
1291456800000,0.0
1291460400000,0.0
1291464000000,0.0
1291467600000,0.0
1291471200000,0.0
1291474800000,0.0
1291478400000,0.0
1291482000000,0.0
1291485600000,0.0
1291489200000,0.0
1291492800000,0.0
1291496400000,0.0
1291500000000,0.0
1291503600000,0.055
1291507200000,0.145
1291510800000,0.253
1291514400000,0.348
1291518000000,0.41
1291521600000,0.41
1291525200000,0.368
1291528800000,0.292
1291532400000,0.184
1291536000000,0.066
1291539600000,0.0
1291543200000,0.0
1291546800000,0.0
1291550400000,0.0
1291554000000,0.0
1291557600000,0.0
1291561200000,0.0
1291564800000,0.0
1291568400000,0.0
1291572000000,0.0
1291575600000,0.0
1291579200000,0.0
1291582800000,0.0
1291586400000,0.026
1291590000000,0.187
1291593600000,0.356
1291597200000,0.485
1291600800000,0.544
1291604400000,0.501
1291608000000,0.394
1291611600000,0.284
1291615200000,0.159
1291618800000,0.078
1291622400000,0.02
1291626000000,0.0
1291629600000,0.0
1291633200000,0.0
1291636800000,0.0
1291640400000,0.0
1291644000000,0.0
1291647600000,0.0
1291651200000,0.0
1291654800000,0.0
1291658400000,0.0
1291662000000,0.0
1291665600000,0.0
1291669200000,0.0
1291672800000,0.008
1291676400000,0.088
1291680000000,0.185
1291683600000,0.287
1291687200000,0.399
1291690800000,0.479
1291694400000,0.51
1291698000000,0.483
1291701600000,0.402
1291705200000,0.267
1291708800000,0.101
1291712400000,0.0
1291716000000,0.0
1291719600000,0.0
1291723200000,0.0
1291726800000,0.0
1291730400000,0.0
1291734000000,0.0
1291737600000,0.0
1291741200000,0.0
1291744800000,0.0
1291748400000,0.0
1291752000000,0.0
1291755600000,0.0
1291759200000,0.015
1291762800000,0.131
1291766400000,0.289
1291770000000,0.423
1291773600000,0.518
1291777200000,0.551
1291780800000,0.539
1291784400000,0.466
1291788000000,0.348
1291791600000,0.216
1291795200000,0.081
1291798800000,0.0
1291802400000,0.0
1291806000000,0.0
1291809600000,0.0
1291813200000,0.0
1291816800000,0.0
1291820400000,0.0
1291824000000,0.0
1291827600000,0.0
1291831200000,0.0
1291834800000,0.0
1291838400000,0.0
1291842000000,0.0
1291845600000,0.02
1291849200000,0.159
1291852800000,0.312
1291856400000,0.426
1291860000000,0.501
1291863600000,0.522
1291867200000,0.511
1291870800000,0.451
1291874400000,0.344
1291878000000,0.202
1291881600000,0.062
1291885200000,0.0
1291888800000,0.0
1291892400000,0.0
1291896000000,0.0
1291899600000,0.0
1291903200000,0.0
1291906800000,0.0
1291910400000,0.0
1291914000000,0.0
1291917600000,0.0
1291921200000,0.0
1291924800000,0.0
1291928400000,0.0
1291932000000,0.0
1291935600000,0.024
1291939200000,0.06
1291942800000,0.097
1291946400000,0.134
1291950000000,0.157
1291953600000,0.195
1291957200000,0.205
1291960800000,0.169
1291964400000,0.109
1291968000000,0.037
1291971600000,0.0
1291975200000,0.0
1291978800000,0.0
1291982400000,0.0
1291986000000,0.0
1291989600000,0.0
1291993200000,0.0
1291996800000,0.0
1292000400000,0.0
1292004000000,0.0
1292007600000,0.0
1292011200000,0.0
1292014800000,0.0
1292018400000,0.005
1292022000000,0.077
1292025600000,0.168
1292029200000,0.24
1292032800000,0.285
1292036400000,0.334
1292040000000,0.32
1292043600000,0.284
1292047200000,0.219
1292050800000,0.12
1292054400000,0.034
1292058000000,0.0
1292061600000,0.0
1292065200000,0.0
1292068800000,0.0
1292072400000,0.0
1292076000000,0.0
1292079600000,0.0
1292083200000,0.0
1292086800000,0.0
1292090400000,0.0
1292094000000,0.0
1292097600000,0.0
1292101200000,0.0
1292104800000,0.002
1292108400000,0.08
1292112000000,0.188
1292115600000,0.291
1292119200000,0.378
1292122800000,0.405
1292126400000,0.4
1292130000000,0.356
1292133600000,0.259
1292137200000,0.144
1292140800000,0.041
1292144400000,0.0
1292148000000,0.0
1292151600000,0.0
1292155200000,0.0
1292158800000,0.0
1292162400000,0.0
1292166000000,0.0
1292169600000,0.0
1292173200000,0.0
1292176800000,0.0
1292180400000,0.0
1292184000000,0.0
1292187600000,0.0
1292191200000,0.001
1292194800000,0.055
1292198400000,0.13
1292202000000,0.203
1292205600000,0.273
1292209200000,0.286
1292212800000,0.285
1292216400000,0.284
1292220000000,0.204
1292223600000,0.128
1292227200000,0.041
1292230800000,0.0
1292234400000,0.0
1292238000000,0.0
1292241600000,0.0
1292245200000,0.0
1292248800000,0.0
1292252400000,0.0
1292256000000,0.0
1292259600000,0.0
1292263200000,0.0
1292266800000,0.0
1292270400000,0.0
1292274000000,0.0
1292277600000,0.02
1292281200000,0.158
1292284800000,0.307
1292288400000,0.4
1292292000000,0.483
1292295600000,0.543
1292299200000,0.548
1292302800000,0.518
1292306400000,0.415
1292310000000,0.27
1292313600000,0.111
1292317200000,0.0
1292320800000,0.0
1292324400000,0.0
1292328000000,0.0
1292331600000,0.0
1292335200000,0.0
1292338800000,0.0
1292342400000,0.0
1292346000000,0.0
1292349600000,0.0
1292353200000,0.0
1292356800000,0.0
1292360400000,0.0
1292364000000,0.019
1292367600000,0.142
1292371200000,0.254
1292374800000,0.354
1292378400000,0.439
1292382000000,0.461
1292385600000,0.442
1292389200000,0.377
1292392800000,0.272
1292396400000,0.168
1292400000000,0.056
1292403600000,0.0
1292407200000,0.0
1292410800000,0.0
1292414400000,0.0
1292418000000,0.0
1292421600000,0.0
1292425200000,0.0
1292428800000,0.0
1292432400000,0.0
1292436000000,0.0
1292439600000,0.0
1292443200000,0.0
1292446800000,0.0
1292450400000,0.008
1292454000000,0.088
1292457600000,0.195
1292461200000,0.332
1292464800000,0.481
1292468400000,0.553
1292472000000,0.595
1292475600000,0.559
1292479200000,0.474
1292482800000,0.307
1292486400000,0.114
1292490000000,0.0
1292493600000,0.0
1292497200000,0.0
1292500800000,0.0
1292504400000,0.0
1292508000000,0.0
1292511600000,0.0
1292515200000,0.0
1292518800000,0.0
1292522400000,0.0
1292526000000,0.0
1292529600000,0.0
1292533200000,0.0
1292536800000,0.014
1292540400000,0.112
1292544000000,0.21
1292547600000,0.294
1292551200000,0.338
1292554800000,0.362
1292558400000,0.359
1292562000000,0.329
1292565600000,0.301
1292569200000,0.225
1292572800000,0.093
1292576400000,0.0
1292580000000,0.0
1292583600000,0.0
1292587200000,0.0
1292590800000,0.0
1292594400000,0.0
1292598000000,0.0
1292601600000,0.0
1292605200000,0.0
1292608800000,0.0
1292612400000,0.0
1292616000000,0.0
1292619600000,0.0
1292623200000,0.024
1292626800000,0.175
1292630400000,0.359
1292634000000,0.511
1292637600000,0.606
1292641200000,0.654
1292644800000,0.642
1292648400000,0.58
1292652000000,0.483
1292655600000,0.331
1292659200000,0.13
1292662800000,0.0
1292666400000,0.0
1292670000000,0.0
1292673600000,0.0
1292677200000,0.0
1292680800000,0.0
1292684400000,0.0
1292688000000,0.0
1292691600000,0.0
1292695200000,0.0
1292698800000,0.0
1292702400000,0.0
1292706000000,0.0
1292709600000,0.026
1292713200000,0.184
1292716800000,0.388
1292720400000,0.561
1292724000000,0.647
1292727600000,0.687
1292731200000,0.674
1292734800000,0.594
1292738400000,0.483
1292742000000,0.319
1292745600000,0.122
1292749200000,0.0
1292752800000,0.0
1292756400000,0.0
1292760000000,0.0
1292763600000,0.0
1292767200000,0.0
1292770800000,0.0
1292774400000,0.0
1292778000000,0.0
1292781600000,0.0
1292785200000,0.0
1292788800000,0.0
1292792400000,0.0
1292796000000,0.018
1292799600000,0.129
1292803200000,0.251
1292806800000,0.359
1292810400000,0.336
1292814000000,0.291
1292817600000,0.312
1292821200000,0.301
1292824800000,0.256
1292828400000,0.168
1292832000000,0.052
1292835600000,0.0
1292839200000,0.0
1292842800000,0.0
1292846400000,0.0
1292850000000,0.0
1292853600000,0.0
1292857200000,0.0
1292860800000,0.0
1292864400000,0.0
1292868000000,0.0
1292871600000,0.0
1292875200000,0.0
1292878800000,0.0
1292882400000,0.011
1292886000000,0.102
1292889600000,0.199
1292893200000,0.279
1292896800000,0.349
1292900400000,0.425
1292904000000,0.416
1292907600000,0.353
1292911200000,0.339
1292914800000,0.213
1292918400000,0.061
1292922000000,0.0
1292925600000,0.0
1292929200000,0.0
1292932800000,0.0
1292936400000,0.0
1292940000000,0.0
1292943600000,0.0
1292947200000,0.0
1292950800000,0.0
1292954400000,0.0
1292958000000,0.0
1292961600000,0.0
1292965200000,0.0
1292968800000,0.022
1292972400000,0.178
1292976000000,0.363
1292979600000,0.533
1292983200000,0.636
1292986800000,0.693
1292990400000,0.689
1292994000000,0.62
1292997600000,0.495
1293001200000,0.311
1293004800000,0.104
1293008400000,0.0
1293012000000,0.0
1293015600000,0.0
1293019200000,0.0
1293022800000,0.0
1293026400000,0.0
1293030000000,0.0
1293033600000,0.0
1293037200000,0.0
1293040800000,0.0
1293044400000,0.0
1293048000000,0.0
1293051600000,0.0
1293055200000,0.013
1293058800000,0.114
1293062400000,0.245
1293066000000,0.389
1293069600000,0.498
1293073200000,0.555
1293076800000,0.539
1293080400000,0.477
1293084000000,0.388
1293087600000,0.229
1293091200000,0.073
1293094800000,0.0
1293098400000,0.0
1293102000000,0.0
1293105600000,0.0
1293109200000,0.0
1293112800000,0.0
1293116400000,0.0
1293120000000,0.0
1293123600000,0.0
1293127200000,0.0
1293130800000,0.0
1293134400000,0.0
1293138000000,0.0
1293141600000,0.008
1293145200000,0.099
1293148800000,0.221
1293152400000,0.309
1293156000000,0.332
1293159600000,0.347
1293163200000,0.315
1293166800000,0.257
1293170400000,0.215
1293174000000,0.114
1293177600000,0.032
1293181200000,0.0
1293184800000,0.0
1293188400000,0.0
1293192000000,0.0
1293195600000,0.0
1293199200000,0.0
1293202800000,0.0
1293206400000,0.0
1293210000000,0.0
1293213600000,0.0
1293217200000,0.0
1293220800000,0.0
1293224400000,0.0
1293228000000,0.002
1293231600000,0.07
1293235200000,0.153
1293238800000,0.218
1293242400000,0.261
1293246000000,0.277
1293249600000,0.269
1293253200000,0.239
1293256800000,0.189
1293260400000,0.112
1293264000000,0.033
1293267600000,0.0
1293271200000,0.0
1293274800000,0.0
1293278400000,0.0
1293282000000,0.0
1293285600000,0.0
1293289200000,0.0
1293292800000,0.0
1293296400000,0.0
1293300000000,0.0
1293303600000,0.0
1293307200000,0.0
1293310800000,0.0
1293314400000,0.005
1293318000000,0.082
1293321600000,0.183
1293325200000,0.278
1293328800000,0.358
1293332400000,0.399
1293336000000,0.407
1293339600000,0.366
1293343200000,0.3
1293346800000,0.194
1293350400000,0.067
1293354000000,0.0
1293357600000,0.0
1293361200000,0.0
1293364800000,0.0
1293368400000,0.0
1293372000000,0.0
1293375600000,0.0
1293379200000,0.0
1293382800000,0.0
1293386400000,0.0
1293390000000,0.0
1293393600000,0.0
1293397200000,0.0
1293400800000,0.003
1293404400000,0.064
1293408000000,0.15
1293411600000,0.227
1293415200000,0.293
1293418800000,0.325
1293422400000,0.299
1293426000000,0.255
1293429600000,0.186
1293433200000,0.104
1293436800000,0.031
1293440400000,0.0
1293444000000,0.0
1293447600000,0.0
1293451200000,0.0
1293454800000,0.0
1293458400000,0.0
1293462000000,0.0
1293465600000,0.0
1293469200000,0.0
1293472800000,0.0
1293476400000,0.0
1293480000000,0.0
1293483600000,0.0
1293487200000,0.006
1293490800000,0.08
1293494400000,0.165
1293498000000,0.241
1293501600000,0.355
1293505200000,0.471
1293508800000,0.562
1293512400000,0.565
1293516000000,0.489
1293519600000,0.326
1293523200000,0.123
1293526800000,0.0
1293530400000,0.0
1293534000000,0.0
1293537600000,0.0
1293541200000,0.0
1293544800000,0.0
1293548400000,0.0
1293552000000,0.0
1293555600000,0.0
1293559200000,0.0
1293562800000,0.0
1293566400000,0.0
1293570000000,0.0
1293573600000,0.002
1293577200000,0.079
1293580800000,0.173
1293584400000,0.228
1293588000000,0.309
1293591600000,0.367
1293595200000,0.426
1293598800000,0.442
1293602400000,0.363
1293606000000,0.237
1293609600000,0.083
1293613200000,0.0
1293616800000,0.0
1293620400000,0.0
1293624000000,0.0
1293627600000,0.0
1293631200000,0.0
1293634800000,0.0
1293638400000,0.0
1293642000000,0.0
1293645600000,0.0
1293649200000,0.0
1293652800000,0.0
1293656400000,0.0
1293660000000,0.006
1293663600000,0.081
1293667200000,0.163
1293670800000,0.243
1293674400000,0.305
1293678000000,0.331
1293681600000,0.335
1293685200000,0.301
1293688800000,0.24
1293692400000,0.152
1293696000000,0.052
1293699600000,0.0
1293703200000,0.0
1293706800000,0.0
1293710400000,0.0
1293714000000,0.0
1293717600000,0.0
1293721200000,0.0
1293724800000,0.0
1293728400000,0.0
1293732000000,0.0
1293735600000,0.0
1293739200000,0.0
1293742800000,0.0
1293746400000,0.01
1293750000000,0.112
1293753600000,0.245
1293757200000,0.38
1293760800000,0.515
1293764400000,0.602
1293768000000,0.614
1293771600000,0.582
1293775200000,0.443
1293778800000,0.286
1293782400000,0.121
1293786000000,0.0
1293789600000,0.0
1293793200000,0.0
1293796800000,0.0
1293800400000,0.0
1293804000000,0.0
1293807600000,0.0
1293811200000,0.0
1293814800000,0.0
1293818400000,0.0
1293822000000,0.0
1293825600000,0.0
1293829200000,0.0
1293832800000,0.018
1293836400000,0.151
