,Mn4
852076800000,0.187
852080400000,0.167
852084000000,0.138
852087600000,0.107
852091200000,0.079
852094800000,0.063
852098400000,0.061
852102000000,0.083
852105600000,0.142
852109200000,0.251
852112800000,0.341
852116400000,0.403
852120000000,0.422
852123600000,0.4
852127200000,0.367
852130800000,0.34
852134400000,0.33
852138000000,0.313
852141600000,0.316
852145200000,0.32
852148800000,0.352
852152400000,0.369
852156000000,0.341
852159600000,0.398
852163200000,0.401
852166800000,0.337
852170400000,0.281
852174000000,0.248
852177600000,0.232
852181200000,0.217
852184800000,0.217
852188400000,0.244
852192000000,0.284
852195600000,0.347
852199200000,0.422
852202800000,0.501
852206400000,0.535
852210000000,0.528
852213600000,0.516
852217200000,0.508
852220800000,0.459
852224400000,0.435
852228000000,0.41
852231600000,0.398
852235200000,0.397
852238800000,0.413
852242400000,0.391
852246000000,0.417
852249600000,0.466
852253200000,0.481
852256800000,0.491
852260400000,0.488
852264000000,0.475
852267600000,0.487
852271200000,0.51
852274800000,0.532
852278400000,0.527
852282000000,0.471
852285600000,0.403
852289200000,0.39
852292800000,0.341
852296400000,0.305
852300000000,0.259
852303600000,0.228
852307200000,0.19
852310800000,0.144
852314400000,0.114
852318000000,0.118
852321600000,0.148
852325200000,0.208
852328800000,0.277
852332400000,0.334
852336000000,0.408
852339600000,0.433
852343200000,0.415
852346800000,0.386
852350400000,0.37
852354000000,0.369
852357600000,0.388
852361200000,0.429
852364800000,0.446
852368400000,0.431
852372000000,0.422
852375600000,0.432
852379200000,0.395
852382800000,0.362
852386400000,0.338
852390000000,0.311
852393600000,0.289
852397200000,0.264
852400800000,0.258
852404400000,0.27
852408000000,0.28
852411600000,0.289
852415200000,0.243
852418800000,0.238
852422400000,0.264
852426000000,0.249
852429600000,0.225
852433200000,0.223
852436800000,0.242
852440400000,0.273
852444000000,0.315
852447600000,0.345
852451200000,0.347
852454800000,0.323
852458400000,0.305
852462000000,0.286
852465600000,0.241
852469200000,0.203
852472800000,0.196
852476400000,0.194
852480000000,0.185
852483600000,0.184
852487200000,0.187
852490800000,0.205
852494400000,0.233
852498000000,0.256
852501600000,0.231
852505200000,0.214
852508800000,0.227
852512400000,0.225
852516000000,0.236
852519600000,0.261
852523200000,0.282
852526800000,0.305
852530400000,0.343
852534000000,0.39
852537600000,0.391
852541200000,0.344
852544800000,0.296
852548400000,0.257
852552000000,0.231
852555600000,0.207
852559200000,0.179
852562800000,0.147
852566400000,0.121
852570000000,0.106
852573600000,0.101
852577200000,0.1
852580800000,0.098
852584400000,0.093
852588000000,0.077
852591600000,0.064
852595200000,0.061
852598800000,0.061
852602400000,0.059
852606000000,0.057
852609600000,0.053
852613200000,0.053
852616800000,0.058
852620400000,0.068
852624000000,0.076
852627600000,0.086
852631200000,0.088
852634800000,0.084
852638400000,0.076
852642000000,0.07
852645600000,0.067
852649200000,0.068
852652800000,0.074
852656400000,0.076
852660000000,0.076
852663600000,0.071
852667200000,0.065
852670800000,0.058
852674400000,0.043
852678000000,0.044
852681600000,0.048
852685200000,0.05
852688800000,0.054
852692400000,0.055
852696000000,0.057
852699600000,0.063
852703200000,0.084
852706800000,0.123
852710400000,0.172
852714000000,0.215
852717600000,0.227
852721200000,0.226
852724800000,0.213
852728400000,0.179
852732000000,0.141
852735600000,0.115
852739200000,0.096
852742800000,0.082
852746400000,0.073
852750000000,0.068
852753600000,0.064
852757200000,0.061
852760800000,0.052
852764400000,0.054
852768000000,0.05
852771600000,0.044
852775200000,0.037
852778800000,0.031
852782400000,0.027
852786000000,0.026
852789600000,0.029
852793200000,0.036
852796800000,0.049
852800400000,0.083
852804000000,0.11
852807600000,0.125
852811200000,0.136
852814800000,0.136
852818400000,0.127
852822000000,0.112
852825600000,0.101
852829200000,0.1
852832800000,0.111
852836400000,0.128
852840000000,0.098
852843600000,0.042
852847200000,0.03
852850800000,0.038
852854400000,0.038
852858000000,0.031
852861600000,0.031
852865200000,0.035
852868800000,0.034
852872400000,0.031
852876000000,0.036
852879600000,0.046
852883200000,0.061
852886800000,0.078
852890400000,0.081
852894000000,0.076
852897600000,0.066
852901200000,0.054
852904800000,0.046
852908400000,0.039
852912000000,0.031
852915600000,0.026
852919200000,0.024
852922800000,0.024
852926400000,0.024
852930000000,0.024
852933600000,0.022
852937200000,0.02
852940800000,0.018
852944400000,0.017
852948000000,0.018
852951600000,0.023
852955200000,0.029
852958800000,0.042
852962400000,0.061
852966000000,0.09
852969600000,0.119
852973200000,0.151
852976800000,0.176
852980400000,0.193
852984000000,0.208
852987600000,0.21
852991200000,0.204
852994800000,0.195
852998400000,0.192
853002000000,0.183
853005600000,0.161
853009200000,0.155
853012800000,0.167
853016400000,0.173
853020000000,0.153
853023600000,0.144
853027200000,0.134
853030800000,0.125
853034400000,0.112
853038000000,0.095
853041600000,0.087
853045200000,0.092
853048800000,0.108
853052400000,0.133
853056000000,0.149
853059600000,0.167
853063200000,0.201
853066800000,0.245
853070400000,0.256
853074000000,0.261
853077600000,0.259
853081200000,0.247
853084800000,0.243
853088400000,0.255
853092000000,0.252
853095600000,0.27
853099200000,0.3
853102800000,0.333
853106400000,0.362
853110000000,0.433
853113600000,0.583
853117200000,0.674
853120800000,0.704
853124400000,0.694
853128000000,0.657
853131600000,0.635
853135200000,0.606
853138800000,0.549
853142400000,0.471
853146000000,0.473
853149600000,0.495
853153200000,0.495
853156800000,0.515
853160400000,0.535
853164000000,0.562
853167600000,0.578
853171200000,0.569
853174800000,0.568
853178400000,0.563
853182000000,0.547
853185600000,0.552
853189200000,0.578
853192800000,0.618
853196400000,0.682
853200000000,0.791
853203600000,0.849
853207200000,0.88
853210800000,0.887
853214400000,0.877
853218000000,0.834
853221600000,0.779
853225200000,0.732
853228800000,0.683
853232400000,0.676
853236000000,0.692
853239600000,0.718
853243200000,0.732
853246800000,0.75
853250400000,0.758
853254000000,0.739
853257600000,0.7
853261200000,0.646
853264800000,0.588
853268400000,0.563
853272000000,0.555
853275600000,0.55
853279200000,0.562
853282800000,0.609
853286400000,0.677
853290000000,0.748
853293600000,0.8
853297200000,0.816
853300800000,0.807
853304400000,0.788
853308000000,0.765
853311600000,0.728
853315200000,0.698
853318800000,0.679
853322400000,0.663
853326000000,0.648
853329600000,0.637
853333200000,0.648
853336800000,0.644
853340400000,0.625
853344000000,0.601
853347600000,0.568
853351200000,0.563
853354800000,0.566
853358400000,0.547
853362000000,0.552
853365600000,0.555
853369200000,0.556
853372800000,0.623
853376400000,0.652
853380000000,0.654
853383600000,0.651
853387200000,0.623
853390800000,0.589
853394400000,0.544
853398000000,0.501
853401600000,0.433
853405200000,0.449
853408800000,0.468
853412400000,0.447
853416000000,0.422
853419600000,0.438
853423200000,0.436
853426800000,0.42
853430400000,0.425
853434000000,0.447
853437600000,0.454
853441200000,0.482
853444800000,0.497
853448400000,0.485
853452000000,0.496
853455600000,0.511
853459200000,0.578
853462800000,0.59
853466400000,0.594
853470000000,0.609
853473600000,0.633
853477200000,0.638
853480800000,0.623
853484400000,0.589
853488000000,0.551
853491600000,0.541
853495200000,0.538
853498800000,0.543
853502400000,0.54
853506000000,0.535
853509600000,0.548
853513200000,0.547
853516800000,0.541
853520400000,0.537
853524000000,0.563
853527600000,0.594
853531200000,0.606
853534800000,0.61
853538400000,0.633
853542000000,0.663
853545600000,0.72
853549200000,0.762
853552800000,0.786
853556400000,0.782
853560000000,0.748
853563600000,0.684
853567200000,0.63
853570800000,0.6
853574400000,0.559
853578000000,0.482
853581600000,0.401
853585200000,0.374
853588800000,0.376
853592400000,0.361
853596000000,0.334
853599600000,0.279
853603200000,0.255
853606800000,0.262
853610400000,0.3
853614000000,0.355
853617600000,0.404
853621200000,0.454
853624800000,0.448
853628400000,0.437
853632000000,0.492
853635600000,0.522
853639200000,0.535
853642800000,0.566
853646400000,0.603
853650000000,0.63
853653600000,0.645
853657200000,0.644
853660800000,0.613
853664400000,0.592
853668000000,0.589
853671600000,0.572
853675200000,0.549
853678800000,0.513
853682400000,0.479
853686000000,0.437
853689600000,0.413
853693200000,0.395
853696800000,0.409
853700400000,0.406
853704000000,0.442
853707600000,0.471
853711200000,0.476
853714800000,0.535
853718400000,0.566
853722000000,0.552
853725600000,0.525
853729200000,0.503
853732800000,0.481
853736400000,0.459
853740000000,0.46
853743600000,0.48
853747200000,0.481
853750800000,0.476
853754400000,0.479
853758000000,0.453
853761600000,0.413
853765200000,0.369
853768800000,0.339
853772400000,0.311
853776000000,0.291
853779600000,0.294
853783200000,0.315
853786800000,0.317
853790400000,0.311
853794000000,0.319
853797600000,0.305
853801200000,0.35
853804800000,0.371
853808400000,0.347
853812000000,0.326
853815600000,0.325
853819200000,0.33
853822800000,0.326
853826400000,0.309
853830000000,0.272
853833600000,0.231
853837200000,0.204
853840800000,0.207
853844400000,0.289
853848000000,0.379
853851600000,0.433
853855200000,0.451
853858800000,0.448
853862400000,0.444
853866000000,0.422
853869600000,0.391
853873200000,0.367
853876800000,0.369
853880400000,0.419
853884000000,0.444
853887600000,0.547
853891200000,0.55
853894800000,0.501
853898400000,0.46
853902000000,0.441
853905600000,0.438
853909200000,0.432
853912800000,0.432
853916400000,0.431
853920000000,0.42
853923600000,0.362
853927200000,0.332
853930800000,0.347
853934400000,0.368
853938000000,0.38
853941600000,0.361
853945200000,0.337
853948800000,0.334
853952400000,0.352
853956000000,0.374
853959600000,0.386
853963200000,0.376
853966800000,0.379
853970400000,0.327
853974000000,0.358
853977600000,0.386
853981200000,0.41
853984800000,0.438
853988400000,0.398
853992000000,0.348
853995600000,0.32
853999200000,0.305
854002800000,0.305
854006400000,0.298
854010000000,0.308
854013600000,0.339
854017200000,0.349
854020800000,0.337
854024400000,0.32
854028000000,0.305
854031600000,0.294
854035200000,0.294
854038800000,0.295
854042400000,0.291
854046000000,0.274
854049600000,0.261
854053200000,0.235
854056800000,0.175
854060400000,0.192
854064000000,0.21
854067600000,0.184
854071200000,0.135
854074800000,0.072
854078400000,0.029
854082000000,0.009
854085600000,0.002
854089200000,0.006
854092800000,0.032
854096400000,0.063
854100000000,0.09
854103600000,0.11
854107200000,0.121
854110800000,0.12
854114400000,0.119
854118000000,0.127
854121600000,0.146
854125200000,0.163
854128800000,0.188
854132400000,0.208
854136000000,0.206
854139600000,0.187
854143200000,0.148
854146800000,0.165
854150400000,0.172
854154000000,0.156
854157600000,0.138
854161200000,0.121
854164800000,0.112
854168400000,0.12
854172000000,0.143
854175600000,0.171
854179200000,0.2
854182800000,0.245
854186400000,0.294
854190000000,0.323
854193600000,0.328
854197200000,0.302
854200800000,0.262
854204400000,0.208
854208000000,0.172
854211600000,0.145
854215200000,0.125
854218800000,0.106
854222400000,0.1
854226000000,0.097
854229600000,0.079
854233200000,0.085
854236800000,0.113
854240400000,0.134
854244000000,0.155
854247600000,0.168
854251200000,0.195
854254800000,0.24
854258400000,0.289
854262000000,0.333
854265600000,0.335
854269200000,0.296
854272800000,0.274
854276400000,0.261
854280000000,0.235
854283600000,0.214
854287200000,0.194
854290800000,0.175
854294400000,0.152
854298000000,0.135
854301600000,0.131
854305200000,0.145
854308800000,0.155
854312400000,0.114
854316000000,0.077
854319600000,0.058
854323200000,0.069
854326800000,0.07
854330400000,0.065
854334000000,0.067
854337600000,0.068
854341200000,0.067
854344800000,0.064
854348400000,0.069
854352000000,0.076
854355600000,0.088
854359200000,0.108
854362800000,0.125
854366400000,0.154
854370000000,0.195
854373600000,0.201
854377200000,0.17
854380800000,0.154
854384400000,0.137
854388000000,0.126
854391600000,0.131
854395200000,0.138
854398800000,0.161
854402400000,0.166
854406000000,0.176
854409600000,0.187
854413200000,0.174
854416800000,0.152
854420400000,0.135
854424000000,0.133
854427600000,0.134
854431200000,0.136
854434800000,0.148
854438400000,0.155
854442000000,0.164
854445600000,0.18
854449200000,0.187
854452800000,0.172
854456400000,0.148
854460000000,0.119
854463600000,0.093
854467200000,0.071
854470800000,0.059
854474400000,0.05
854478000000,0.042
854481600000,0.039
854485200000,0.042
854488800000,0.034
854492400000,0.03
854496000000,0.03
854499600000,0.037
854503200000,0.057
854506800000,0.081
854510400000,0.104
854514000000,0.138
854517600000,0.186
854521200000,0.223
854524800000,0.227
854528400000,0.24
854532000000,0.263
854535600000,0.301
854539200000,0.339
854542800000,0.349
854546400000,0.352
854550000000,0.343
854553600000,0.343
854557200000,0.335
854560800000,0.347
854564400000,0.366
854568000000,0.395
854571600000,0.416
854575200000,0.413
854578800000,0.444
854582400000,0.52
854586000000,0.535
854589600000,0.525
854593200000,0.516
854596800000,0.508
854600400000,0.493
854604000000,0.476
854607600000,0.457
854611200000,0.431
854614800000,0.438
854618400000,0.498
854622000000,0.526
854625600000,0.519
854629200000,0.503
854632800000,0.475
854636400000,0.467
854640000000,0.477
854643600000,0.495
854647200000,0.535
854650800000,0.557
854654400000,0.52
854658000000,0.498
854661600000,0.511
854665200000,0.485
854668800000,0.486
854672400000,0.519
854676000000,0.556
854679600000,0.58
854683200000,0.59
854686800000,0.576
854690400000,0.544
854694000000,0.519
854697600000,0.518
854701200000,0.52
854704800000,0.507
854708400000,0.481
854712000000,0.429
854715600000,0.364
854719200000,0.323
854722800000,0.302
854726400000,0.302
854730000000,0.328
854733600000,0.349
854737200000,0.379
854740800000,0.396
854744400000,0.42
854748000000,0.438
854751600000,0.451
854755200000,0.586
854758800000,0.663
854762400000,0.688
854766000000,0.672
854769600000,0.636
854773200000,0.6
854776800000,0.574
854780400000,0.556
854784000000,0.513
854787600000,0.486
854791200000,0.467
854794800000,0.465
854798400000,0.472
854802000000,0.474
854805600000,0.442
854809200000,0.433
854812800000,0.423
854816400000,0.413
854820000000,0.414
854823600000,0.434
854827200000,0.447
854830800000,0.433
854834400000,0.389
854838000000,0.459
854841600000,0.494
854845200000,0.509
854848800000,0.525
854852400000,0.543
854856000000,0.568
854859600000,0.59
854863200000,0.603
854866800000,0.59
854870400000,0.532
854874000000,0.479
854877600000,0.438
854881200000,0.414
854884800000,0.383
854888400000,0.358
854892000000,0.312
854895600000,0.274
854899200000,0.261
854902800000,0.257
854906400000,0.265
854910000000,0.293
854913600000,0.298
854917200000,0.299
854920800000,0.272
854924400000,0.322
854928000000,0.376
854931600000,0.423
854935200000,0.48
854938800000,0.522
854942400000,0.55
854946000000,0.566
854949600000,0.561
854953200000,0.528
854956800000,0.466
854960400000,0.425
854964000000,0.405
854967600000,0.381
854971200000,0.357
854974800000,0.337
854978400000,0.321
854982000000,0.305
854985600000,0.294
854989200000,0.285
854992800000,0.294
854996400000,0.285
855000000000,0.285
855003600000,0.284
855007200000,0.261
855010800000,0.313
855014400000,0.38
855018000000,0.391
855021600000,0.393
855025200000,0.388
855028800000,0.371
855032400000,0.34
855036000000,0.316
855039600000,0.298
855043200000,0.258
855046800000,0.241
855050400000,0.229
855054000000,0.219
855057600000,0.198
855061200000,0.177
855064800000,0.162
855068400000,0.163
855072000000,0.176
855075600000,0.214
855079200000,0.233
855082800000,0.237
855086400000,0.233
855090000000,0.258
855093600000,0.302
855097200000,0.351
855100800000,0.465
855104400000,0.556
855108000000,0.615
855111600000,0.651
855115200000,0.663
855118800000,0.662
855122400000,0.661
855126000000,0.615
855129600000,0.564
855133200000,0.521
855136800000,0.466
855140400000,0.422
855144000000,0.366
855147600000,0.32
855151200000,0.274
855154800000,0.358
855158400000,0.492
855162000000,0.483
855165600000,0.435
855169200000,0.407
855172800000,0.384
855176400000,0.363
855180000000,0.315
855183600000,0.347
855187200000,0.438
855190800000,0.526
855194400000,0.535
855198000000,0.501
855201600000,0.494
855205200000,0.51
855208800000,0.508
855212400000,0.494
855216000000,0.47
855219600000,0.446
855223200000,0.374
855226800000,0.32
855230400000,0.274
855234000000,0.228
855237600000,0.205
855241200000,0.202
855244800000,0.2
855248400000,0.201
855252000000,0.199
855255600000,0.207
855259200000,0.22
855262800000,0.226
855266400000,0.208
855270000000,0.179
855273600000,0.167
855277200000,0.148
855280800000,0.13
855284400000,0.119
855288000000,0.111
855291600000,0.101
855295200000,0.088
855298800000,0.077
855302400000,0.073
855306000000,0.071
855309600000,0.065
855313200000,0.059
855316800000,0.055
855320400000,0.051
855324000000,0.055
855327600000,0.063
855331200000,0.071
855334800000,0.076
855338400000,0.073
855342000000,0.068
855345600000,0.055
855349200000,0.031
855352800000,0.011
855356400000,0.008
855360000000,0.007
855363600000,0.008
855367200000,0.006
855370800000,0.005
855374400000,0.004
855378000000,0.005
855381600000,0.007
855385200000,0.014
855388800000,0.029
855392400000,0.053
855396000000,0.068
855399600000,0.076
855403200000,0.075
855406800000,0.065
855410400000,0.051
855414000000,0.041
855417600000,0.035
855421200000,0.034
855424800000,0.032
855428400000,0.034
855432000000,0.038
855435600000,0.04
855439200000,0.036
855442800000,0.032
855446400000,0.033
855450000000,0.032
855453600000,0.031
855457200000,0.032
855460800000,0.035
855464400000,0.034
855468000000,0.033
855471600000,0.031
855475200000,0.029
855478800000,0.034
855482400000,0.041
855486000000,0.046
855489600000,0.054
855493200000,0.053
855496800000,0.042
855500400000,0.03
855504000000,0.019
855507600000,0.015
855511200000,0.019
855514800000,0.028
855518400000,0.037
855522000000,0.043
855525600000,0.041
855529200000,0.046
855532800000,0.06
855536400000,0.068
855540000000,0.071
855543600000,0.069
855547200000,0.065
855550800000,0.061
855554400000,0.059
855558000000,0.063
855561600000,0.07
855565200000,0.083
855568800000,0.095
855572400000,0.104
855576000000,0.108
855579600000,0.112
855583200000,0.113
855586800000,0.102
855590400000,0.081
855594000000,0.062
855597600000,0.051
855601200000,0.055
855604800000,0.067
855608400000,0.068
855612000000,0.057
855615600000,0.048
855619200000,0.058
855622800000,0.07
855626400000,0.089
855630000000,0.111
855633600000,0.136
855637200000,0.161
855640800000,0.178
855644400000,0.193
855648000000,0.208
855651600000,0.243
855655200000,0.276
855658800000,0.296
855662400000,0.304
855666000000,0.296
855669600000,0.3
855673200000,0.311
855676800000,0.328
855680400000,0.362
855684000000,0.407
855687600000,0.443
855691200000,0.47
855694800000,0.476
855698400000,0.442
855702000000,0.466
855705600000,0.471
855709200000,0.46
855712800000,0.459
855716400000,0.459
855720000000,0.463
855723600000,0.461
855727200000,0.459
855730800000,0.444
855734400000,0.407
855738000000,0.379
855741600000,0.389
855745200000,0.42
855748800000,0.397
855752400000,0.358
855756000000,0.341
855759600000,0.332
855763200000,0.305
855766800000,0.277
855770400000,0.272
855774000000,0.3
855777600000,0.341
855781200000,0.391
855784800000,0.41
855788400000,0.41
855792000000,0.444
855795600000,0.481
855799200000,0.484
855802800000,0.447
855806400000,0.425
855810000000,0.42
855813600000,0.439
855817200000,0.445
855820800000,0.45
855824400000,0.46
855828000000,0.457
855831600000,0.454
855835200000,0.445
855838800000,0.425
855842400000,0.391
855846000000,0.36
855849600000,0.346
855853200000,0.317
855856800000,0.275
855860400000,0.252
855864000000,0.257
855867600000,0.301
855871200000,0.315
855874800000,0.313
855878400000,0.386
855882000000,0.454
855885600000,0.496
855889200000,0.516
855892800000,0.532
855896400000,0.547
855900000000,0.558
855903600000,0.558
855907200000,0.547
855910800000,0.571
855914400000,0.601
855918000000,0.613
855921600000,0.535
855925200000,0.442
855928800000,0.309
855932400000,0.294
855936000000,0.395
855939600000,0.541
855943200000,0.641
855946800000,0.692
855950400000,0.649
855954000000,0.606
855957600000,0.58
855961200000,0.613
855964800000,0.689
855968400000,0.718
855972000000,0.7
855975600000,0.62
855979200000,0.547
855982800000,0.535
855986400000,0.539
855990000000,0.489
855993600000,0.406
855997200000,0.34
856000800000,0.302
856004400000,0.311
856008000000,0.305
856011600000,0.283
856015200000,0.271
856018800000,0.289
856022400000,0.3
856026000000,0.305
856029600000,0.305
856033200000,0.309
856036800000,0.291
856040400000,0.257
856044000000,0.201
856047600000,0.193
856051200000,0.211
856054800000,0.232
856058400000,0.277
856062000000,0.311
856065600000,0.343
856069200000,0.337
856072800000,0.274
856076400000,0.184
856080000000,0.12
856083600000,0.121
856087200000,0.145
856090800000,0.18
856094400000,0.192
856098000000,0.206
856101600000,0.195
856105200000,0.186
856108800000,0.192
856112400000,0.183
856116000000,0.168
856119600000,0.17
856123200000,0.168
856126800000,0.179
856130400000,0.179
856134000000,0.211
856137600000,0.305
856141200000,0.384
856144800000,0.414
856148400000,0.413
856152000000,0.425
856155600000,0.432
856159200000,0.43
856162800000,0.421
856166400000,0.398
856170000000,0.382
856173600000,0.348
856177200000,0.302
856180800000,0.247
856184400000,0.224
856188000000,0.211
856191600000,0.221
856195200000,0.268
856198800000,0.296
856202400000,0.348
856206000000,0.337
856209600000,0.334
856213200000,0.318
856216800000,0.27
856220400000,0.294
856224000000,0.368
856227600000,0.391
856231200000,0.386
856234800000,0.386
856238400000,0.386
856242000000,0.374
856245600000,0.352
856249200000,0.329
856252800000,0.31
856256400000,0.294
856260000000,0.275
856263600000,0.267
856267200000,0.264
856270800000,0.283
856274400000,0.317
856278000000,0.334
856281600000,0.404
856285200000,0.441
856288800000,0.482
856292400000,0.525
856296000000,0.562
856299600000,0.578
856303200000,0.601
856306800000,0.615
856310400000,0.69
856314000000,0.741
856317600000,0.766
856321200000,0.802
856324800000,0.826
856328400000,0.832
856332000000,0.809
856335600000,0.772
856339200000,0.714
856342800000,0.649
856346400000,0.613
856350000000,0.608
856353600000,0.615
856357200000,0.61
856360800000,0.605
856364400000,0.6
856368000000,0.618
856371600000,0.618
856375200000,0.599
856378800000,0.59
856382400000,0.566
856386000000,0.588
856389600000,0.619
856393200000,0.724
856396800000,0.809
856400400000,0.829
856404000000,0.832
856407600000,0.837
856411200000,0.845
856414800000,0.845
856418400000,0.835
856422000000,0.827
856425600000,0.781
856429200000,0.731
856432800000,0.718
856436400000,0.71
856440000000,0.718
856443600000,0.699
856447200000,0.665
856450800000,0.663
856454400000,0.67
856458000000,0.663
856461600000,0.645
856465200000,0.627
856468800000,0.62
856472400000,0.619
856476000000,0.682
856479600000,0.756
856483200000,0.827
856486800000,0.864
856490400000,0.885
856494000000,0.895
856497600000,0.898
856501200000,0.891
856504800000,0.875
856508400000,0.837
856512000000,0.791
856515600000,0.782
856519200000,0.794
856522800000,0.802
856526400000,0.802
856530000000,0.803
856533600000,0.802
856537200000,0.796
856540800000,0.811
856544400000,0.795
856548000000,0.767
856551600000,0.724
856555200000,0.72
856558800000,0.748
856562400000,0.816
856566000000,0.877
856569600000,0.924
856573200000,0.941
856576800000,0.949
856580400000,0.953
856584000000,0.954
856587600000,0.951
856591200000,0.947
856594800000,0.936
856598400000,0.908
856602000000,0.857
856605600000,0.822
856609200000,0.812
856612800000,0.811
856616400000,0.8
856620000000,0.789
856623600000,0.792
856627200000,0.794
856630800000,0.795
856634400000,0.791
856638000000,0.777
856641600000,0.773
856645200000,0.781
856648800000,0.798
856652400000,0.866
856656000000,0.913
856659600000,0.926
856663200000,0.927
856666800000,0.918
856670400000,0.897
856674000000,0.873
856677600000,0.844
856681200000,0.814
856684800000,0.772
856688400000,0.703
856692000000,0.632
856695600000,0.564
856699200000,0.544
856702800000,0.544
856706400000,0.553
856710000000,0.566
856713600000,0.566
856717200000,0.561
856720800000,0.561
856724400000,0.55
856728000000,0.538
856731600000,0.557
856735200000,0.526
856738800000,0.624
856742400000,0.716
856746000000,0.745
856749600000,0.756
856753200000,0.752
856756800000,0.737
856760400000,0.724
856764000000,0.723
856767600000,0.715
856771200000,0.676
856774800000,0.623
856778400000,0.593
856782000000,0.547
856785600000,0.523
856789200000,0.484
856792800000,0.456
856796400000,0.433
856800000000,0.414
856803600000,0.355
856807200000,0.337
856810800000,0.336
856814400000,0.365
856818000000,0.424
856821600000,0.473
856825200000,0.592
856828800000,0.69
856832400000,0.713
856836000000,0.732
856839600000,0.736
856843200000,0.725
856846800000,0.697
856850400000,0.657
856854000000,0.623
856857600000,0.578
856861200000,0.535
856864800000,0.491
856868400000,0.466
856872000000,0.444
856875600000,0.42
856879200000,0.388
856882800000,0.388
856886400000,0.388
856890000000,0.391
856893600000,0.393
856897200000,0.413
856900800000,0.426
856904400000,0.411
856908000000,0.391
856911600000,0.487
856915200000,0.523
856918800000,0.502
856922400000,0.458
856926000000,0.417
856929600000,0.391
856933200000,0.369
856936800000,0.362
856940400000,0.368
856944000000,0.367
856947600000,0.369
856951200000,0.364
856954800000,0.343
856958400000,0.38
856962000000,0.402
856965600000,0.38
856969200000,0.366
856972800000,0.361
856976400000,0.326
856980000000,0.303
856983600000,0.305
856987200000,0.312
856990800000,0.32
856994400000,0.294
856998000000,0.33
857001600000,0.343
857005200000,0.339
857008800000,0.346
857012400000,0.35
857016000000,0.341
857019600000,0.315
857023200000,0.283
857026800000,0.27
857030400000,0.251
857034000000,0.22
857037600000,0.216
857041200000,0.232
857044800000,0.234
857048400000,0.242
857052000000,0.222
857055600000,0.177
857059200000,0.136
857062800000,0.112
857066400000,0.111
857070000000,0.106
857073600000,0.1
857077200000,0.11
857080800000,0.116
857084400000,0.116
857088000000,0.151
857091600000,0.205
857095200000,0.227
857098800000,0.216
857102400000,0.193
857106000000,0.168
857109600000,0.159
857113200000,0.15
857116800000,0.146
857120400000,0.159
857124000000,0.183
857127600000,0.192
857131200000,0.205
857134800000,0.205
857138400000,0.202
857142000000,0.187
857145600000,0.164
857149200000,0.151
857152800000,0.136
857156400000,0.108
857160000000,0.093
857163600000,0.089
857167200000,0.078
857170800000,0.095
857174400000,0.132
857178000000,0.136
857181600000,0.134
857185200000,0.122
857188800000,0.106
857192400000,0.091
857196000000,0.07
857199600000,0.054
857203200000,0.052
857206800000,0.082
857210400000,0.124
857214000000,0.161
857217600000,0.173
857221200000,0.16
857224800000,0.144
857228400000,0.105
857232000000,0.09
857235600000,0.086
857239200000,0.104
857242800000,0.131
857246400000,0.154
857250000000,0.162
857253600000,0.171
857257200000,0.222
857260800000,0.305
857264400000,0.35
857268000000,0.377
857271600000,0.382
857275200000,0.358
857278800000,0.296
857282400000,0.223
857286000000,0.164
857289600000,0.117
857293200000,0.092
857296800000,0.077
857300400000,0.065
857304000000,0.051
857307600000,0.04
857311200000,0.042
857314800000,0.057
857318400000,0.062
857322000000,0.063
857325600000,0.07
857329200000,0.083
857332800000,0.093
857336400000,0.076
857340000000,0.05
857343600000,0.058
857347200000,0.066
857350800000,0.053
857354400000,0.048
857358000000,0.047
857361600000,0.049
857365200000,0.067
857368800000,0.095
857372400000,0.114
857376000000,0.147
857379600000,0.153
857383200000,0.182
857386800000,0.212
857390400000,0.214
857394000000,0.283
857397600000,0.316
857401200000,0.27
857404800000,0.251
857408400000,0.208
857412000000,0.159
857415600000,0.126
857419200000,0.098
857422800000,0.08
857426400000,0.065
857430000000,0.086
857433600000,0.119
857437200000,0.138
857440800000,0.139
857444400000,0.109
857448000000,0.082
857451600000,0.084
857455200000,0.11
857458800000,0.151
857462400000,0.216
857466000000,0.269
857469600000,0.311
857473200000,0.349
857476800000,0.379
857480400000,0.388
857484000000,0.4
857487600000,0.388
857491200000,0.401
857494800000,0.361
857498400000,0.313
857502000000,0.291
857505600000,0.278
857509200000,0.264
857512800000,0.245
857516400000,0.248
857520000000,0.291
857523600000,0.311
857527200000,0.307
857530800000,0.267
857534400000,0.222
857538000000,0.186
857541600000,0.132
857545200000,0.108
857548800000,0.092
857552400000,0.062
857556000000,0.051
857559600000,0.088
857563200000,0.193
857566800000,0.302
857570400000,0.407
857574000000,0.401
857577600000,0.422
857581200000,0.395
857584800000,0.344
857588400000,0.314
857592000000,0.332
857595600000,0.351
857599200000,0.32
857602800000,0.306
857606400000,0.388
857610000000,0.476
857613600000,0.527
857617200000,0.562
857620800000,0.578
857624400000,0.597
857628000000,0.6
857631600000,0.562
857635200000,0.487
857638800000,0.486
857642400000,0.545
857646000000,0.564
857649600000,0.547
857653200000,0.535
857656800000,0.519
857660400000,0.466
857664000000,0.42
857667600000,0.368
857671200000,0.344
857674800000,0.362
857678400000,0.406
857682000000,0.432
857685600000,0.425
857689200000,0.469
857692800000,0.525
857696400000,0.512
857700000000,0.471
857703600000,0.42
857707200000,0.368
857710800000,0.331
857714400000,0.304
857718000000,0.294
857721600000,0.3
857725200000,0.283
857728800000,0.259
857732400000,0.234
857736000000,0.207
857739600000,0.155
857743200000,0.115
857746800000,0.098
857750400000,0.09
857754000000,0.097
857757600000,0.111
857761200000,0.12
857764800000,0.124
857768400000,0.121
857772000000,0.104
857775600000,0.16
857779200000,0.196
857782800000,0.223
857786400000,0.248
857790000000,0.259
857793600000,0.275
857797200000,0.293
857800800000,0.309
857804400000,0.312
857808000000,0.282
857811600000,0.255
857815200000,0.258
857818800000,0.25
857822400000,0.221
857826000000,0.182
857829600000,0.16
857833200000,0.136
857836800000,0.116
857840400000,0.101
857844000000,0.09
857847600000,0.074
857851200000,0.072
857854800000,0.078
857858400000,0.069
857862000000,0.101
857865600000,0.152
857869200000,0.142
857872800000,0.12
857876400000,0.114
857880000000,0.107
857883600000,0.093
857887200000,0.075
857890800000,0.064
857894400000,0.063
857898000000,0.079
857901600000,0.105
857905200000,0.13
857908800000,0.138
857912400000,0.133
857916000000,0.134
857919600000,0.138
857923200000,0.146
857926800000,0.172
857930400000,0.189
857934000000,0.199
857937600000,0.21
857941200000,0.238
857944800000,0.249
857948400000,0.332
857952000000,0.401
857955600000,0.444
857959200000,0.474
857962800000,0.454
857966400000,0.402
857970000000,0.355
857973600000,0.318
857977200000,0.291
857980800000,0.274
857984400000,0.288
857988000000,0.302
857991600000,0.321
857995200000,0.337
857998800000,0.345
858002400000,0.346
858006000000,0.362
858009600000,0.362
858013200000,0.343
858016800000,0.316
858020400000,0.309
858024000000,0.32
858027600000,0.323
858031200000,0.278
858034800000,0.316
858038400000,0.314
858042000000,0.289
858045600000,0.269
858049200000,0.264
858052800000,0.268
858056400000,0.273
858060000000,0.279
858063600000,0.29
858067200000,0.305
858070800000,0.323
858074400000,0.316
858078000000,0.311
858081600000,0.319
858085200000,0.318
858088800000,0.319
858092400000,0.323
858096000000,0.315
858099600000,0.293
858103200000,0.256
858106800000,0.241
858110400000,0.228
858114000000,0.227
858117600000,0.18
858121200000,0.179
858124800000,0.181
858128400000,0.155
858132000000,0.122
858135600000,0.096
858139200000,0.084
858142800000,0.091
858146400000,0.112
858150000000,0.142
858153600000,0.181
858157200000,0.225
858160800000,0.256
858164400000,0.251
858168000000,0.213
858171600000,0.179
858175200000,0.148
858178800000,0.128
858182400000,0.115
858186000000,0.102
858189600000,0.092
858193200000,0.082
858196800000,0.078
858200400000,0.082
858204000000,0.074
858207600000,0.093
858211200000,0.112
858214800000,0.122
858218400000,0.132
858222000000,0.127
858225600000,0.123
858229200000,0.133
858232800000,0.159
858236400000,0.203
858240000000,0.264
858243600000,0.3
858247200000,0.306
858250800000,0.297
858254400000,0.278
858258000000,0.252
858261600000,0.227
858265200000,0.21
858268800000,0.19
858272400000,0.167
858276000000,0.179
858279600000,0.201
858283200000,0.207
858286800000,0.196
858290400000,0.175
858294000000,0.217
858297600000,0.224
858301200000,0.202
858304800000,0.173
858308400000,0.149
858312000000,0.14
858315600000,0.151
858319200000,0.171
858322800000,0.202
858326400000,0.238
858330000000,0.264
858333600000,0.27
858337200000,0.261
858340800000,0.247
858344400000,0.228
858348000000,0.211
858351600000,0.203
858355200000,0.208
858358800000,0.214
858362400000,0.208
858366000000,0.201
858369600000,0.193
858373200000,0.185
858376800000,0.167
858380400000,0.171
858384000000,0.17
858387600000,0.154
858391200000,0.137
858394800000,0.124
858398400000,0.113
858402000000,0.104
858405600000,0.099
858409200000,0.101
858412800000,0.107
858416400000,0.144
858420000000,0.192
858423600000,0.221
858427200000,0.232
858430800000,0.245
858434400000,0.264
858438000000,0.271
858441600000,0.259
858445200000,0.247
858448800000,0.245
858452400000,0.256
858456000000,0.278
858459600000,0.286
858463200000,0.241
858466800000,0.215
858470400000,0.182
858474000000,0.149
858477600000,0.12
858481200000,0.097
858484800000,0.072
858488400000,0.053
858492000000,0.046
858495600000,0.053
858499200000,0.08
858502800000,0.136
858506400000,0.192
858510000000,0.233
858513600000,0.254
858517200000,0.248
858520800000,0.214
858524400000,0.175
858528000000,0.144
858531600000,0.121
858535200000,0.105
858538800000,0.089
858542400000,0.079
858546000000,0.08
858549600000,0.074
858553200000,0.081
858556800000,0.069
858560400000,0.047
858564000000,0.027
858567600000,0.014
858571200000,0.002
858574800000,0.001
858578400000,0.003
858582000000,0.054
858585600000,0.092
858589200000,0.14
858592800000,0.179
858596400000,0.195
858600000000,0.185
858603600000,0.175
858607200000,0.16
858610800000,0.135
858614400000,0.111
858618000000,0.097
858621600000,0.088
858625200000,0.077
858628800000,0.068
858632400000,0.061
858636000000,0.045
858639600000,0.042
858643200000,0.036
858646800000,0.029
858650400000,0.021
858654000000,0.004
858657600000,0.0
858661200000,0.0
858664800000,0.011
858668400000,0.06
858672000000,0.1
858675600000,0.132
858679200000,0.145
858682800000,0.135
858686400000,0.115
858690000000,0.088
858693600000,0.066
858697200000,0.048
858700800000,0.038
858704400000,0.032
858708000000,0.029
858711600000,0.026
858715200000,0.026
858718800000,0.025
858722400000,0.018
858726000000,0.013
858729600000,0.008
858733200000,0.004
858736800000,0.001
858740400000,0.0
858744000000,0.0
858747600000,0.0
858751200000,0.0
858754800000,0.019
858758400000,0.041
858762000000,0.071
858765600000,0.089
858769200000,0.084
858772800000,0.067
858776400000,0.056
858780000000,0.055
858783600000,0.06
858787200000,0.066
858790800000,0.071
858794400000,0.073
858798000000,0.074
858801600000,0.083
858805200000,0.082
858808800000,0.054
858812400000,0.032
858816000000,0.015
858819600000,0.005
858823200000,0.0
858826800000,0.0
858830400000,0.0
858834000000,0.0
858837600000,0.0
858841200000,0.0
858844800000,0.019
858848400000,0.058
858852000000,0.101
858855600000,0.112
858859200000,0.103
858862800000,0.084
858866400000,0.063
858870000000,0.046
858873600000,0.036
858877200000,0.033
858880800000,0.037
858884400000,0.048
858888000000,0.062
858891600000,0.07
858895200000,0.059
858898800000,0.059
858902400000,0.052
858906000000,0.038
858909600000,0.025
858913200000,0.02
858916800000,0.013
858920400000,0.008
858924000000,0.009
858927600000,0.039
858931200000,0.073
858934800000,0.118
858938400000,0.155
858942000000,0.17
858945600000,0.169
858949200000,0.158
858952800000,0.134
858956400000,0.113
858960000000,0.101
858963600000,0.093
858967200000,0.094
858970800000,0.096
858974400000,0.103
858978000000,0.107
858981600000,0.091
858985200000,0.07
858988800000,0.045
858992400000,0.024
858996000000,0.012
858999600000,0.005
859003200000,0.003
859006800000,0.003
859010400000,0.01
859014000000,0.055
859017600000,0.111
859021200000,0.179
859024800000,0.22
859028400000,0.217
859032000000,0.185
859035600000,0.145
859039200000,0.112
859042800000,0.079
859046400000,0.059
859050000000,0.053
859053600000,0.046
859057200000,0.03
859060800000,0.021
859064400000,0.02
859068000000,0.018
859071600000,0.017
859075200000,0.016
859078800000,0.015
859082400000,0.016
859086000000,0.016
859089600000,0.018
859093200000,0.029
859096800000,0.051
859100400000,0.084
859104000000,0.136
859107600000,0.198
859111200000,0.24
859114800000,0.251
859118400000,0.257
859122000000,0.251
859125600000,0.23
859129200000,0.212
859132800000,0.197
859136400000,0.178
859140000000,0.154
859143600000,0.137
859147200000,0.131
859150800000,0.127
859154400000,0.107
859158000000,0.113
859161600000,0.115
859165200000,0.12
859168800000,0.133
859172400000,0.156
859176000000,0.174
859179600000,0.179
859183200000,0.201
859186800000,0.241
859190400000,0.265
859194000000,0.278
859197600000,0.273
859201200000,0.27
859204800000,0.264
859208400000,0.246
859212000000,0.219
859215600000,0.203
859219200000,0.197
859222800000,0.21
859226400000,0.222
859230000000,0.237
859233600000,0.264
859237200000,0.273
859240800000,0.258
859244400000,0.311
859248000000,0.352
859251600000,0.38
859255200000,0.396
859258800000,0.401
859262400000,0.398
859266000000,0.392
859269600000,0.376
859273200000,0.358
859276800000,0.337
859280400000,0.338
859284000000,0.328
859287600000,0.305
859291200000,0.278
859294800000,0.249
859298400000,0.209
859302000000,0.179
859305600000,0.163
859309200000,0.17
859312800000,0.185
859316400000,0.208
859320000000,0.229
859323600000,0.246
859327200000,0.225
859330800000,0.249
859334400000,0.261
859338000000,0.251
859341600000,0.236
859345200000,0.221
859348800000,0.217
859352400000,0.22
859356000000,0.231
859359600000,0.246
859363200000,0.245
859366800000,0.23
859370400000,0.223
859374000000,0.225
859377600000,0.238
859381200000,0.238
859384800000,0.226
859388400000,0.206
859392000000,0.184
859395600000,0.163
859399200000,0.137
859402800000,0.117
859406400000,0.112
859410000000,0.112
859413600000,0.101
859417200000,0.137
859420800000,0.212
859424400000,0.289
859428000000,0.362
859431600000,0.429
859435200000,0.476
859438800000,0.513
859442400000,0.528
859446000000,0.513
859449600000,0.457
859453200000,0.391
859456800000,0.342
859460400000,0.34
859464000000,0.316
859467600000,0.312
859471200000,0.313
859474800000,0.302
859478400000,0.289
859482000000,0.274
859485600000,0.291
859489200000,0.302
859492800000,0.323
859496400000,0.341
859500000000,0.367
859503600000,0.501
859507200000,0.649
859510800000,0.72
859514400000,0.732
859518000000,0.722
859521600000,0.684
859525200000,0.642
859528800000,0.59
859532400000,0.53
859536000000,0.456
859539600000,0.393
859543200000,0.349
859546800000,0.328
859550400000,0.314
859554000000,0.298
859557600000,0.28
859561200000,0.283
859564800000,0.272
859568400000,0.264
859572000000,0.285
859575600000,0.326
859579200000,0.371
859582800000,0.388
859586400000,0.338
859590000000,0.376
859593600000,0.402
859597200000,0.41
859600800000,0.413
859604400000,0.407
859608000000,0.385
859611600000,0.364
859615200000,0.347
859618800000,0.332
859622400000,0.296
859626000000,0.261
859629600000,0.221
859633200000,0.199
859636800000,0.187
859640400000,0.185
859644000000,0.174
859647600000,0.179
859651200000,0.19
859654800000,0.182
859658400000,0.189
859662000000,0.193
859665600000,0.2
859669200000,0.21
859672800000,0.199
859676400000,0.265
859680000000,0.362
859683600000,0.447
859687200000,0.5
859690800000,0.535
859694400000,0.561
859698000000,0.589
859701600000,0.618
859705200000,0.625
859708800000,0.571
859712400000,0.473
859716000000,0.422
859719600000,0.431
859723200000,0.457
859726800000,0.462
859730400000,0.459
859734000000,0.457
859737600000,0.476
859741200000,0.503
859744800000,0.532
859748400000,0.541
859752000000,0.52
859755600000,0.471
859759200000,0.403
859762800000,0.484
859766400000,0.525
859770000000,0.535
859773600000,0.556
859777200000,0.582
859780800000,0.586
859784400000,0.577
859788000000,0.559
859791600000,0.525
859795200000,0.464
859798800000,0.396
859802400000,0.361
859806000000,0.323
859809600000,0.28
859813200000,0.255
859816800000,0.244
859820400000,0.225
859824000000,0.213
859827600000,0.235
859831200000,0.276
859834800000,0.323
859838400000,0.381
859842000000,0.406
859845600000,0.368
859849200000,0.424
859852800000,0.479
859856400000,0.476
859860000000,0.454
859863600000,0.428
859867200000,0.409
859870800000,0.42
859874400000,0.483
859878000000,0.562
859881600000,0.574
859885200000,0.537
859888800000,0.531
859892400000,0.484
859896000000,0.457
859899600000,0.401
859903200000,0.343
859906800000,0.287
859910400000,0.255
859914000000,0.2
859917600000,0.153
859921200000,0.128
859924800000,0.124
859928400000,0.133
859932000000,0.127
859935600000,0.192
859939200000,0.375
859942800000,0.654
859946400000,0.823
859950000000,0.84
859953600000,0.731
859957200000,0.564
859960800000,0.418
859964400000,0.372
859968000000,0.325
859971600000,0.382
859975200000,0.479
859978800000,0.458
859982400000,0.328
859986000000,0.192
859989600000,0.161
859993200000,0.167
859996800000,0.138
860000400000,0.102
860004000000,0.085
860007600000,0.091
860011200000,0.118
860014800000,0.156
860018400000,0.185
860022000000,0.272
860025600000,0.331
860029200000,0.364
860032800000,0.376
860036400000,0.38
860040000000,0.37
860043600000,0.337
860047200000,0.286
860050800000,0.243
860054400000,0.2
860058000000,0.179
860061600000,0.169
860065200000,0.165
860068800000,0.164
860072400000,0.157
860076000000,0.148
860079600000,0.129
860083200000,0.112
860086800000,0.098
860090400000,0.086
860094000000,0.068
860097600000,0.059
860101200000,0.066
860104800000,0.06
860108400000,0.078
860112000000,0.076
860115600000,0.057
860119200000,0.041
860122800000,0.035
860126400000,0.037
860130000000,0.041
860133600000,0.043
860137200000,0.043
860140800000,0.043
860144400000,0.05
860148000000,0.058
860151600000,0.061
860155200000,0.068
860158800000,0.073
860162400000,0.077
860166000000,0.079
860169600000,0.079
860173200000,0.076
860176800000,0.073
860180400000,0.077
860184000000,0.087
860187600000,0.102
860191200000,0.093
860194800000,0.104
860198400000,0.112
860202000000,0.118
860205600000,0.121
860209200000,0.142
860212800000,0.18
860216400000,0.231
860220000000,0.283
860223600000,0.335
860227200000,0.361
860230800000,0.336
860234400000,0.289
860238000000,0.249
860241600000,0.227
860245200000,0.204
860248800000,0.193
860252400000,0.211
860256000000,0.222
860259600000,0.206
860263200000,0.204
860266800000,0.206
860270400000,0.204
860274000000,0.186
860277600000,0.15
860281200000,0.17
860284800000,0.18
860288400000,0.175
860292000000,0.168
860295600000,0.165
860299200000,0.16
860302800000,0.167
860306400000,0.177
860310000000,0.139
860313600000,0.088
860317200000,0.079
860320800000,0.103
860324400000,0.127
860328000000,0.134
860331600000,0.127
860335200000,0.11
860338800000,0.098
860342400000,0.093
860346000000,0.093
860349600000,0.094
860353200000,0.096
860356800000,0.083
860360400000,0.047
860364000000,0.031
860367600000,0.035
860371200000,0.025
860374800000,0.013
860378400000,0.009
860382000000,0.013
860385600000,0.02
860389200000,0.03
860392800000,0.042
860396400000,0.05
860400000000,0.055
860403600000,0.066
860407200000,0.079
860410800000,0.099
860414400000,0.093
860418000000,0.052
860421600000,0.062
860425200000,0.077
860428800000,0.076
860432400000,0.075
860436000000,0.086
860439600000,0.103
860443200000,0.122
860446800000,0.13
860450400000,0.107
860454000000,0.111
860457600000,0.116
860461200000,0.118
860464800000,0.112
860468400000,0.12
860472000000,0.136
860475600000,0.153
860479200000,0.167
860482800000,0.187
860486400000,0.208
860490000000,0.223
860493600000,0.237
860497200000,0.241
860500800000,0.243
860504400000,0.237
860508000000,0.235
860511600000,0.189
860515200000,0.146
860518800000,0.148
860522400000,0.167
860526000000,0.201
860529600000,0.226
860533200000,0.233
860536800000,0.213
860540400000,0.249
860544000000,0.239
860547600000,0.202
860551200000,0.17
860554800000,0.151
860558400000,0.138
860562000000,0.13
860565600000,0.124
860569200000,0.128
860572800000,0.14
860576400000,0.163
860580000000,0.192
860583600000,0.221
860587200000,0.236
860590800000,0.232
860594400000,0.218
860598000000,0.191
860601600000,0.171
860605200000,0.168
860608800000,0.177
860612400000,0.183
860616000000,0.193
860619600000,0.213
860623200000,0.203
860626800000,0.224
860630400000,0.192
860634000000,0.114
860637600000,0.057
860641200000,0.025
860644800000,0.017
860648400000,0.021
860652000000,0.03
860655600000,0.04
860659200000,0.049
860662800000,0.069
860666400000,0.088
860670000000,0.095
860673600000,0.099
860677200000,0.099
860680800000,0.104
860684400000,0.104
860688000000,0.099
860691600000,0.093
860695200000,0.087
860698800000,0.082
860702400000,0.08
860706000000,0.088
860709600000,0.088
860713200000,0.103
860716800000,0.119
860720400000,0.126
860724000000,0.13
860727600000,0.13
860731200000,0.13
860734800000,0.134
860738400000,0.145
860742000000,0.155
860745600000,0.157
860749200000,0.15
860752800000,0.14
860756400000,0.14
860760000000,0.154
860763600000,0.165
860767200000,0.157
860770800000,0.144
860774400000,0.133
860778000000,0.118
860781600000,0.106
860785200000,0.086
860788800000,0.07
860792400000,0.058
860796000000,0.043
860799600000,0.045
860803200000,0.041
860806800000,0.034
860810400000,0.025
860814000000,0.02
860817600000,0.021
860821200000,0.026
860824800000,0.035
860828400000,0.048
860832000000,0.065
860835600000,0.085
860839200000,0.095
860842800000,0.09
860846400000,0.084
860850000000,0.079
860853600000,0.072
860857200000,0.057
860860800000,0.045
860864400000,0.038
860868000000,0.038
860871600000,0.039
860875200000,0.039
860878800000,0.032
860882400000,0.021
860886000000,0.017
860889600000,0.011
860893200000,0.008
860896800000,0.006
860900400000,0.004
860904000000,0.002
860907600000,0.002
860911200000,0.003
860914800000,0.008
860918400000,0.014
860922000000,0.03
860925600000,0.048
860929200000,0.059
860932800000,0.067
860936400000,0.068
860940000000,0.061
860943600000,0.047
860947200000,0.035
860950800000,0.031
860954400000,0.036
860958000000,0.045
860961600000,0.054
860965200000,0.053
860968800000,0.035
860972400000,0.028
860976000000,0.021
860979600000,0.016
860983200000,0.013
860986800000,0.015
860990400000,0.02
860994000000,0.027
860997600000,0.036
861001200000,0.043
861004800000,0.048
861008400000,0.06
861012000000,0.073
861015600000,0.083
861019200000,0.084
861022800000,0.08
861026400000,0.069
861030000000,0.068
861033600000,0.077
861037200000,0.086
861040800000,0.09
861044400000,0.09
861048000000,0.1
861051600000,0.097
861055200000,0.068
861058800000,0.059
861062400000,0.049
861066000000,0.044
861069600000,0.038
861073200000,0.032
861076800000,0.026
861080400000,0.02
861084000000,0.015
861087600000,0.011
861091200000,0.013
861094800000,0.012
861098400000,0.008
861102000000,0.002
861105600000,0.0
861109200000,0.0
861112800000,0.0
861116400000,0.003
861120000000,0.019
861123600000,0.055
861127200000,0.097
861130800000,0.124
861134400000,0.139
861138000000,0.096
861141600000,0.049
861145200000,0.045
861148800000,0.026
861152400000,0.011
861156000000,0.005
861159600000,0.002
861163200000,0.001
861166800000,0.0
861170400000,0.0
861174000000,0.0
861177600000,0.005
861181200000,0.017
861184800000,0.03
861188400000,0.038
861192000000,0.035
861195600000,0.029
861199200000,0.024
861202800000,0.023
861206400000,0.025
861210000000,0.03
861213600000,0.035
861217200000,0.044
861220800000,0.059
861224400000,0.073
861228000000,0.068
861231600000,0.067
861235200000,0.059
861238800000,0.047
861242400000,0.038
861246000000,0.031
861249600000,0.025
861253200000,0.02
861256800000,0.015
861260400000,0.016
861264000000,0.021
861267600000,0.036
861271200000,0.053
861274800000,0.057
861278400000,0.052
861282000000,0.045
861285600000,0.043
861289200000,0.044
861292800000,0.045
861296400000,0.049
861300000000,0.054
861303600000,0.058
861307200000,0.065
861310800000,0.074
861314400000,0.064
861318000000,0.059
861321600000,0.045
861325200000,0.031
861328800000,0.02
861332400000,0.011
861336000000,0.006
861339600000,0.001
861343200000,0.001
861346800000,0.005
861350400000,0.022
861354000000,0.035
861357600000,0.038
861361200000,0.033
861364800000,0.025
861368400000,0.019
861372000000,0.017
861375600000,0.018
861379200000,0.025
861382800000,0.034
861386400000,0.046
861390000000,0.056
861393600000,0.061
861397200000,0.061
861400800000,0.045
861404400000,0.036
861408000000,0.025
861411600000,0.013
861415200000,0.004
861418800000,0.001
861422400000,0.0
861426000000,0.0
861429600000,0.0
861433200000,0.008
861436800000,0.024
861440400000,0.053
861444000000,0.055
861447600000,0.041
861451200000,0.025
861454800000,0.013
861458400000,0.004
861462000000,0.001
861465600000,0.0
861469200000,0.0
861472800000,0.0
861476400000,0.0
861480000000,0.0
861483600000,0.0
861487200000,0.0
861490800000,0.0
861494400000,0.0
861498000000,0.0
861501600000,0.0
861505200000,0.0
861508800000,0.0
861512400000,0.0
861516000000,0.0
861519600000,0.005
861523200000,0.027
861526800000,0.058
861530400000,0.065
861534000000,0.047
861537600000,0.025
861541200000,0.01
861544800000,0.003
861548400000,0.001
861552000000,0.0
861555600000,0.0
861559200000,0.0
861562800000,0.0
861566400000,0.0
861570000000,0.0
861573600000,0.0
861577200000,0.0
861580800000,0.0
861584400000,0.0
861588000000,0.0
861591600000,0.0
861595200000,0.0
861598800000,0.0
861602400000,0.0
861606000000,0.002
861609600000,0.019
861613200000,0.035
861616800000,0.047
861620400000,0.044
861624000000,0.036
861627600000,0.028
861631200000,0.023
861634800000,0.021
861638400000,0.019
861642000000,0.02
861645600000,0.025
861649200000,0.033
861652800000,0.039
861656400000,0.037
861660000000,0.027
861663600000,0.023
861667200000,0.015
861670800000,0.01
861674400000,0.007
861678000000,0.001
861681600000,0.002
861685200000,0.009
861688800000,0.021
861692400000,0.028
861696000000,0.032
861699600000,0.037
861703200000,0.041
861706800000,0.04
861710400000,0.037
861714000000,0.035
861717600000,0.031
861721200000,0.025
861724800000,0.017
861728400000,0.014
861732000000,0.015
861735600000,0.022
861739200000,0.027
861742800000,0.027
861746400000,0.018
861750000000,0.015
861753600000,0.009
861757200000,0.004
861760800000,0.003
861764400000,0.004
861768000000,0.008
861771600000,0.015
861775200000,0.027
861778800000,0.04
861782400000,0.047
861786000000,0.058
861789600000,0.062
861793200000,0.054
861796800000,0.05
861800400000,0.049
861804000000,0.054
861807600000,0.06
861811200000,0.068
861814800000,0.08
861818400000,0.087
861822000000,0.086
861825600000,0.083
861829200000,0.068
861832800000,0.046
861836400000,0.041
861840000000,0.028
861843600000,0.019
861847200000,0.013
861850800000,0.012
861854400000,0.011
861858000000,0.011
861861600000,0.021
861865200000,0.036
861868800000,0.052
861872400000,0.067
861876000000,0.078
861879600000,0.079
861883200000,0.078
861886800000,0.076
861890400000,0.074
861894000000,0.075
861897600000,0.08
861901200000,0.088
861904800000,0.092
861908400000,0.095
861912000000,0.101
861915600000,0.1
861919200000,0.083
861922800000,0.084
861926400000,0.076
861930000000,0.072
861933600000,0.068
861937200000,0.068
861940800000,0.068
861944400000,0.068
861948000000,0.072
861951600000,0.078
861955200000,0.086
861958800000,0.103
861962400000,0.114
861966000000,0.112
861969600000,0.104
861973200000,0.094
861976800000,0.082
861980400000,0.066
861984000000,0.054
861987600000,0.052
861991200000,0.057
861994800000,0.068
861998400000,0.085
862002000000,0.102
862005600000,0.099
862009200000,0.108
862012800000,0.104
862016400000,0.097
862020000000,0.093
862023600000,0.092
862027200000,0.093
862030800000,0.094
862034400000,0.096
862038000000,0.101
862041600000,0.112
862045200000,0.13
862048800000,0.134
862052400000,0.121
862056000000,0.106
862059600000,0.093
862063200000,0.076
862066800000,0.064
862070400000,0.057
862074000000,0.051
862077600000,0.047
862081200000,0.049
862084800000,0.063
862088400000,0.082
862092000000,0.089
862095600000,0.107
862099200000,0.112
862102800000,0.114
862106400000,0.122
862110000000,0.14
862113600000,0.162
862117200000,0.184
862120800000,0.201
862124400000,0.213
862128000000,0.218
862131600000,0.221
862135200000,0.22
862138800000,0.219
862142400000,0.2
862146000000,0.175
862149600000,0.14
862153200000,0.115
862156800000,0.095
862160400000,0.086
862164000000,0.087
862167600000,0.092
862171200000,0.097
862174800000,0.1
862178400000,0.088
862182000000,0.103
862185600000,0.115
862189200000,0.129
862192800000,0.141
862196400000,0.157
862200000000,0.186
862203600000,0.225
862207200000,0.27
862210800000,0.307
862214400000,0.319
862218000000,0.311
862221600000,0.289
862225200000,0.251
862228800000,0.211
862232400000,0.181
862236000000,0.147
862239600000,0.115
862243200000,0.092
862246800000,0.084
862250400000,0.085
862254000000,0.092
862257600000,0.107
862261200000,0.124
862264800000,0.114
862268400000,0.133
862272000000,0.133
862275600000,0.132
862279200000,0.137
862282800000,0.144
862286400000,0.151
862290000000,0.155
862293600000,0.158
862297200000,0.167
862300800000,0.179
862304400000,0.201
862308000000,0.222
862311600000,0.236
862315200000,0.251
862318800000,0.255
862322400000,0.243
862326000000,0.225
862329600000,0.206
862333200000,0.199
862336800000,0.201
862340400000,0.222
862344000000,0.249
862347600000,0.274
862351200000,0.249
862354800000,0.311
862358400000,0.341
862362000000,0.353
862365600000,0.374
862369200000,0.4
862372800000,0.439
862376400000,0.476
862380000000,0.513
862383600000,0.525
862387200000,0.459
862390800000,0.361
862394400000,0.278
862398000000,0.212
862401600000,0.178
862405200000,0.148
862408800000,0.13
862412400000,0.117
862416000000,0.104
862419600000,0.097
862423200000,0.096
862426800000,0.114
862430400000,0.135
862434000000,0.155
862437600000,0.17
862441200000,0.214
862444800000,0.288
862448400000,0.341
862452000000,0.355
862455600000,0.335
862459200000,0.304
862462800000,0.285
862466400000,0.303
862470000000,0.336
862473600000,0.323
862477200000,0.291
862480800000,0.245
862484400000,0.179
862488000000,0.118
862491600000,0.073
862495200000,0.046
862498800000,0.029
862502400000,0.02
862506000000,0.014
862509600000,0.013
862513200000,0.016
862516800000,0.028
862520400000,0.059
862524000000,0.089
862527600000,0.095
862531200000,0.068
862534800000,0.041
862538400000,0.028
862542000000,0.032
862545600000,0.046
862549200000,0.061
862552800000,0.073
862556400000,0.074
862560000000,0.065
862563600000,0.079
862567200000,0.102
862570800000,0.12
862574400000,0.141
862578000000,0.155
862581600000,0.164
862585200000,0.157
862588800000,0.133
862592400000,0.084
862596000000,0.045
862599600000,0.026
862603200000,0.019
862606800000,0.018
862610400000,0.023
862614000000,0.036
862617600000,0.042
862621200000,0.046
862624800000,0.053
862628400000,0.049
862632000000,0.041
862635600000,0.035
862639200000,0.03
862642800000,0.025
862646400000,0.022
862650000000,0.028
862653600000,0.037
862657200000,0.043
862660800000,0.051
862664400000,0.058
862668000000,0.057
862671600000,0.049
862675200000,0.041
862678800000,0.037
862682400000,0.039
862686000000,0.045
862689600000,0.054
862693200000,0.063
862696800000,0.065
862700400000,0.077
862704000000,0.089
862707600000,0.096
862711200000,0.08
862714800000,0.053
862718400000,0.031
862722000000,0.027
862725600000,0.031
862729200000,0.035
862732800000,0.036
862736400000,0.04
862740000000,0.039
862743600000,0.036
862747200000,0.035
862750800000,0.036
862754400000,0.037
862758000000,0.04
862761600000,0.046
862765200000,0.058
862768800000,0.069
862772400000,0.076
862776000000,0.085
862779600000,0.086
862783200000,0.067
862786800000,0.069
862790400000,0.069
862794000000,0.068
862797600000,0.066
862801200000,0.067
862804800000,0.068
862808400000,0.071
862812000000,0.076
862815600000,0.083
862819200000,0.089
862822800000,0.108
862826400000,0.135
862830000000,0.163
862833600000,0.186
862837200000,0.172
862840800000,0.135
862844400000,0.118
862848000000,0.118
862851600000,0.126
862855200000,0.133
862858800000,0.135
862862400000,0.142
862866000000,0.14
862869600000,0.126
862873200000,0.137
862876800000,0.155
862880400000,0.167
862884000000,0.177
862887600000,0.192
862891200000,0.197
862894800000,0.182
862898400000,0.166
862902000000,0.151
862905600000,0.131
862909200000,0.123
862912800000,0.12
862916400000,0.112
862920000000,0.104
862923600000,0.1
862927200000,0.094
862930800000,0.088
862934400000,0.085
862938000000,0.082
862941600000,0.079
862945200000,0.083
862948800000,0.084
862952400000,0.075
862956000000,0.063
862959600000,0.063
862963200000,0.064
862966800000,0.07
862970400000,0.077
862974000000,0.084
862977600000,0.091
862981200000,0.098
862984800000,0.107
862988400000,0.117
862992000000,0.119
862995600000,0.13
862999200000,0.144
863002800000,0.149
863006400000,0.144
863010000000,0.131
863013600000,0.106
863017200000,0.072
863020800000,0.043
863024400000,0.027
863028000000,0.019
863031600000,0.015
863035200000,0.016
863038800000,0.021
863042400000,0.024
863046000000,0.025
863049600000,0.023
863053200000,0.026
863056800000,0.038
863060400000,0.058
863064000000,0.076
863067600000,0.086
863071200000,0.088
863074800000,0.091
863078400000,0.095
863082000000,0.1
863085600000,0.104
863089200000,0.101
863092800000,0.099
863096400000,0.084
863100000000,0.065
863103600000,0.046
863107200000,0.023
863110800000,0.013
863114400000,0.016
863118000000,0.019
863121600000,0.021
863125200000,0.026
863128800000,0.029
863132400000,0.035
863136000000,0.043
863139600000,0.057
863143200000,0.067
863146800000,0.057
863150400000,0.045
863154000000,0.042
863157600000,0.062
863161200000,0.107
863164800000,0.148
863168400000,0.172
863172000000,0.175
863175600000,0.173
863179200000,0.174
863182800000,0.177
863186400000,0.186
863190000000,0.202
863193600000,0.21
863197200000,0.21
863200800000,0.22
863204400000,0.235
863208000000,0.201
863211600000,0.178
863215200000,0.154
863218800000,0.185
863222400000,0.209
863226000000,0.22
863229600000,0.22
863233200000,0.223
863236800000,0.239
863240400000,0.259
863244000000,0.282
863247600000,0.305
863251200000,0.32
863254800000,0.337
863258400000,0.342
863262000000,0.311
863265600000,0.298
863269200000,0.308
863272800000,0.328
863276400000,0.32
863280000000,0.3
863283600000,0.257
863287200000,0.195
863290800000,0.168
863294400000,0.166
863298000000,0.172
863301600000,0.139
863305200000,0.167
863308800000,0.202
863312400000,0.239
863316000000,0.268
863319600000,0.271
863323200000,0.271
863326800000,0.296
863330400000,0.328
863334000000,0.346
863337600000,0.348
863341200000,0.375
863344800000,0.41
863348400000,0.407
863352000000,0.391
863355600000,0.352
863359200000,0.297
863362800000,0.261
863366400000,0.279
863370000000,0.34
863373600000,0.376
863377200000,0.389
863380800000,0.388
863384400000,0.32
863388000000,0.208
863391600000,0.205
863395200000,0.225
863398800000,0.272
863402400000,0.28
863406000000,0.243
863409600000,0.189
863413200000,0.147
863416800000,0.114
863420400000,0.089
863424000000,0.069
863427600000,0.084
863431200000,0.147
863434800000,0.214
863438400000,0.227
863442000000,0.233
863445600000,0.241
863449200000,0.254
863452800000,0.227
863456400000,0.178
863460000000,0.155
863463600000,0.152
863467200000,0.181
863470800000,0.192
863474400000,0.151
863478000000,0.127
863481600000,0.153
863485200000,0.187
863488800000,0.245
863492400000,0.277
863496000000,0.259
863499600000,0.222
863503200000,0.186
863506800000,0.158
863510400000,0.134
863514000000,0.135
863517600000,0.152
863521200000,0.178
863524800000,0.177
863528400000,0.173
863532000000,0.163
863535600000,0.15
863539200000,0.152
863542800000,0.154
863546400000,0.144
863550000000,0.141
863553600000,0.144
863557200000,0.138
863560800000,0.115
863564400000,0.14
863568000000,0.161
863571600000,0.148
863575200000,0.127
863578800000,0.135
863582400000,0.146
863586000000,0.154
863589600000,0.161
863593200000,0.164
863596800000,0.158
863600400000,0.149
863604000000,0.144
863607600000,0.14
863611200000,0.14
863614800000,0.133
863618400000,0.132
863622000000,0.132
863625600000,0.123
863629200000,0.11
863632800000,0.106
863636400000,0.111
863640000000,0.112
863643600000,0.118
863647200000,0.111
863650800000,0.137
863654400000,0.148
863658000000,0.153
863661600000,0.155
863665200000,0.154
863668800000,0.141
863672400000,0.128
863676000000,0.118
863679600000,0.121
863683200000,0.124
863686800000,0.131
863690400000,0.142
863694000000,0.147
863697600000,0.141
863701200000,0.122
863704800000,0.099
863708400000,0.069
863712000000,0.032
863715600000,0.003
863719200000,0.005
863722800000,0.012
863726400000,0.009
863730000000,0.006
863733600000,0.006
863737200000,0.009
863740800000,0.015
863744400000,0.025
863748000000,0.035
863751600000,0.038
863755200000,0.032
863758800000,0.024
863762400000,0.019
863766000000,0.019
863769600000,0.021
863773200000,0.027
863776800000,0.032
863780400000,0.029
863784000000,0.024
863787600000,0.018
863791200000,0.014
863794800000,0.012
863798400000,0.012
863802000000,0.013
863805600000,0.021
863809200000,0.039
863812800000,0.046
863816400000,0.017
863820000000,0.008
863823600000,0.009
863827200000,0.009
863830800000,0.009
863834400000,0.008
863838000000,0.014
863841600000,0.026
863845200000,0.046
863848800000,0.063
863852400000,0.064
863856000000,0.055
863859600000,0.045
863863200000,0.039
863866800000,0.038
863870400000,0.054
863874000000,0.042
863877600000,0.006
863881200000,0.002
863884800000,0.003
863888400000,0.002
863892000000,0.001
863895600000,0.001
863899200000,0.0
863902800000,0.0
863906400000,0.0
863910000000,0.0
863913600000,0.0
863917200000,0.0
863920800000,0.0
863924400000,0.0
863928000000,0.0
863931600000,0.0
863935200000,0.0
863938800000,0.0
863942400000,0.0
863946000000,0.0
863949600000,0.0
863953200000,0.001
863956800000,0.001
863960400000,0.0
863964000000,0.0
863967600000,0.0
863971200000,0.0
863974800000,0.0
863978400000,0.0
863982000000,0.001
863985600000,0.005
863989200000,0.008
863992800000,0.009
863996400000,0.013
864000000000,0.014
864003600000,0.009
864007200000,0.005
864010800000,0.003
864014400000,0.002
864018000000,0.002
864021600000,0.007
864025200000,0.017
864028800000,0.023
864032400000,0.032
864036000000,0.037
864039600000,0.032
864043200000,0.027
864046800000,0.021
864050400000,0.017
864054000000,0.012
864057600000,0.009
864061200000,0.006
864064800000,0.002
864068400000,0.0
864072000000,0.0
864075600000,0.001
864079200000,0.001
864082800000,0.0
864086400000,0.0
864090000000,0.0
864093600000,0.0
864097200000,0.0
864100800000,0.002
864104400000,0.01
864108000000,0.022
864111600000,0.032
864115200000,0.033
864118800000,0.037
864122400000,0.047
864126000000,0.055
864129600000,0.062
864133200000,0.062
864136800000,0.055
864140400000,0.047
864144000000,0.042
864147600000,0.04
864151200000,0.039
864154800000,0.036
864158400000,0.032
864162000000,0.026
864165600000,0.017
864169200000,0.009
864172800000,0.002
864176400000,0.0
864180000000,0.0
864183600000,0.001
864187200000,0.014
864190800000,0.03
864194400000,0.052
864198000000,0.082
864201600000,0.126
864205200000,0.187
864208800000,0.251
864212400000,0.309
864216000000,0.362
864219600000,0.4
864223200000,0.432
864226800000,0.445
864230400000,0.413
864234000000,0.349
864237600000,0.279
864241200000,0.217
864244800000,0.164
864248400000,0.108
864252000000,0.061
864255600000,0.039
864259200000,0.035
864262800000,0.035
864266400000,0.035
864270000000,0.036
864273600000,0.038
864277200000,0.043
864280800000,0.047
864284400000,0.055
864288000000,0.058
864291600000,0.072
864295200000,0.094
864298800000,0.116
864302400000,0.14
864306000000,0.149
864309600000,0.154
864313200000,0.145
864316800000,0.128
864320400000,0.109
864324000000,0.085
864327600000,0.061
864331200000,0.038
864334800000,0.021
864338400000,0.009
864342000000,0.005
864345600000,0.002
864349200000,0.0
864352800000,0.0
864356400000,0.0
864360000000,0.0
864363600000,0.0
864367200000,0.0
864370800000,0.0
864374400000,0.0
864378000000,0.0
864381600000,0.002
864385200000,0.006
864388800000,0.012
864392400000,0.017
864396000000,0.02
864399600000,0.015
864403200000,0.008
864406800000,0.004
864410400000,0.001
864414000000,0.001
864417600000,0.0
864421200000,0.001
864424800000,0.001
864428400000,0.002
864432000000,0.005
864435600000,0.012
864439200000,0.029
864442800000,0.053
864446400000,0.076
864450000000,0.082
864453600000,0.071
864457200000,0.053
864460800000,0.037
864464400000,0.039
864468000000,0.055
864471600000,0.063
864475200000,0.064
864478800000,0.059
864482400000,0.062
864486000000,0.067
864489600000,0.063
864493200000,0.054
864496800000,0.04
864500400000,0.031
864504000000,0.025
864507600000,0.027
864511200000,0.027
864514800000,0.029
864518400000,0.034
864522000000,0.033
864525600000,0.026
864529200000,0.021
864532800000,0.018
864536400000,0.019
864540000000,0.024
864543600000,0.036
864547200000,0.054
864550800000,0.08
864554400000,0.105
864558000000,0.117
864561600000,0.125
864565200000,0.131
864568800000,0.136
864572400000,0.137
864576000000,0.13
864579600000,0.11
864583200000,0.08
864586800000,0.045
864590400000,0.018
864594000000,0.012
864597600000,0.017
864601200000,0.021
864604800000,0.034
864608400000,0.05
864612000000,0.062
864615600000,0.063
864619200000,0.058
864622800000,0.054
864626400000,0.048
864630000000,0.039
864633600000,0.035
864637200000,0.039
864640800000,0.049
864644400000,0.063
864648000000,0.084
864651600000,0.098
864655200000,0.103
864658800000,0.107
864662400000,0.122
864666000000,0.141
864669600000,0.158
864673200000,0.162
864676800000,0.16
864680400000,0.145
864684000000,0.111
864687600000,0.096
864691200000,0.098
864694800000,0.104
864698400000,0.125
864702000000,0.134
864705600000,0.126
864709200000,0.108
864712800000,0.083
864716400000,0.055
864720000000,0.038
864723600000,0.026
864727200000,0.032
864730800000,0.054
864734400000,0.088
864738000000,0.125
864741600000,0.176
864745200000,0.223
864748800000,0.265
864752400000,0.316
864756000000,0.322
864759600000,0.283
864763200000,0.216
864766800000,0.169
864770400000,0.133
864774000000,0.116
864777600000,0.112
864781200000,0.127
864784800000,0.179
864788400000,0.236
864792000000,0.275
864795600000,0.302
864799200000,0.317
864802800000,0.313
864806400000,0.253
864810000000,0.216
864813600000,0.202
864817200000,0.203
864820800000,0.202
864824400000,0.193
864828000000,0.186
864831600000,0.186
864835200000,0.191
864838800000,0.186
864842400000,0.167
864846000000,0.136
864849600000,0.1
864853200000,0.067
864856800000,0.046
864860400000,0.067
864864000000,0.093
864867600000,0.119
864871200000,0.144
864874800000,0.172
864878400000,0.192
864882000000,0.203
864885600000,0.194
864889200000,0.17
864892800000,0.147
864896400000,0.145
864900000000,0.168
864903600000,0.18
864907200000,0.189
864910800000,0.186
864914400000,0.177
864918000000,0.151
864921600000,0.117
864925200000,0.092
864928800000,0.077
864932400000,0.075
864936000000,0.074
864939600000,0.069
864943200000,0.057
864946800000,0.06
864950400000,0.071
864954000000,0.087
864957600000,0.101
864961200000,0.112
864964800000,0.114
864968400000,0.11
864972000000,0.09
864975600000,0.064
864979200000,0.045
864982800000,0.038
864986400000,0.039
864990000000,0.041
864993600000,0.046
864997200000,0.054
865000800000,0.061
865004400000,0.058
865008000000,0.051
865011600000,0.048
865015200000,0.049
865018800000,0.05
865022400000,0.048
865026000000,0.048
865029600000,0.047
865033200000,0.045
865036800000,0.044
865040400000,0.038
865044000000,0.034
865047600000,0.031
865051200000,0.024
865054800000,0.015
865058400000,0.009
865062000000,0.007
865065600000,0.005
865069200000,0.006
865072800000,0.008
865076400000,0.012
865080000000,0.015
865083600000,0.016
865087200000,0.017
865090800000,0.025
865094400000,0.038
865098000000,0.044
865101600000,0.047
865105200000,0.043
865108800000,0.036
865112400000,0.03
865116000000,0.017
865119600000,0.011
865123200000,0.006
865126800000,0.003
865130400000,0.001
865134000000,0.002
865137600000,0.002
865141200000,0.004
865144800000,0.014
865148400000,0.023
865152000000,0.029
865155600000,0.044
865159200000,0.054
865162800000,0.056
865166400000,0.057
865170000000,0.055
865173600000,0.053
865177200000,0.045
865180800000,0.033
865184400000,0.025
865188000000,0.023
865191600000,0.025
865195200000,0.023
865198800000,0.024
865202400000,0.025
865206000000,0.025
865209600000,0.023
865213200000,0.018
865216800000,0.014
865220400000,0.012
865224000000,0.015
865227600000,0.015
865231200000,0.014
865234800000,0.017
865238400000,0.022
865242000000,0.028
865245600000,0.033
865249200000,0.032
865252800000,0.032
865256400000,0.033
865260000000,0.035
865263600000,0.038
865267200000,0.042
865270800000,0.046
865274400000,0.046
865278000000,0.041
865281600000,0.031
865285200000,0.028
865288800000,0.027
865292400000,0.028
865296000000,0.03
865299600000,0.035
865303200000,0.049
865306800000,0.051
865310400000,0.039
865314000000,0.029
865317600000,0.025
865321200000,0.024
865324800000,0.022
865328400000,0.024
865332000000,0.034
865335600000,0.054
865339200000,0.084
865342800000,0.123
865346400000,0.143
865350000000,0.137
865353600000,0.112
865357200000,0.088
865360800000,0.072
865364400000,0.055
865368000000,0.035
865371600000,0.02
865375200000,0.008
865378800000,0.003
865382400000,0.002
865386000000,0.003
865389600000,0.006
865393200000,0.008
865396800000,0.008
865400400000,0.006
865404000000,0.005
865407600000,0.004
865411200000,0.006
865414800000,0.015
865418400000,0.029
865422000000,0.037
865425600000,0.044
865429200000,0.047
865432800000,0.049
865436400000,0.044
865440000000,0.037
865443600000,0.029
865447200000,0.017
865450800000,0.01
865454400000,0.011
865458000000,0.017
865461600000,0.017
865465200000,0.017
865468800000,0.019
865472400000,0.023
865476000000,0.031
865479600000,0.038
865483200000,0.043
865486800000,0.05
865490400000,0.056
865494000000,0.06
865497600000,0.061
865501200000,0.071
865504800000,0.084
865508400000,0.086
865512000000,0.087
865515600000,0.09
865519200000,0.096
865522800000,0.092
865526400000,0.081
865530000000,0.071
865533600000,0.063
865537200000,0.058
865540800000,0.053
865544400000,0.044
865548000000,0.023
865551600000,0.014
865555200000,0.01
865558800000,0.008
865562400000,0.011
865566000000,0.022
865569600000,0.04
865573200000,0.051
865576800000,0.056
865580400000,0.055
865584000000,0.054
865587600000,0.06
865591200000,0.073
865594800000,0.082
865598400000,0.094
865602000000,0.101
865605600000,0.101
865609200000,0.09
865612800000,0.07
865616400000,0.052
865620000000,0.04
865623600000,0.034
865627200000,0.034
865630800000,0.034
865634400000,0.028
865638000000,0.025
865641600000,0.02
865645200000,0.018
865648800000,0.018
865652400000,0.024
865656000000,0.029
865659600000,0.03
865663200000,0.027
865666800000,0.026
865670400000,0.028
865674000000,0.032
865677600000,0.034
865681200000,0.031
865684800000,0.028
865688400000,0.026
865692000000,0.022
865695600000,0.016
865699200000,0.011
865702800000,0.009
865706400000,0.01
865710000000,0.006
865713600000,0.0
865717200000,0.0
865720800000,0.0
865724400000,0.0
865728000000,0.003
865731600000,0.007
865735200000,0.013
865738800000,0.013
865742400000,0.008
865746000000,0.004
865749600000,0.002
865753200000,0.002
865756800000,0.002
865760400000,0.003
865764000000,0.003
865767600000,0.003
865771200000,0.002
865774800000,0.004
865778400000,0.01
865782000000,0.022
865785600000,0.03
865789200000,0.039
865792800000,0.05
865796400000,0.061
865800000000,0.072
865803600000,0.076
865807200000,0.07
865810800000,0.076
865814400000,0.079
865818000000,0.085
865821600000,0.088
865825200000,0.094
865828800000,0.099
865832400000,0.097
865836000000,0.101
865839600000,0.127
865843200000,0.171
865846800000,0.168
865850400000,0.17
865854000000,0.171
865857600000,0.167
865861200000,0.167
865864800000,0.155
865868400000,0.14
865872000000,0.129
865875600000,0.127
865879200000,0.136
865882800000,0.137
865886400000,0.125
865890000000,0.119
865893600000,0.1
865897200000,0.09
865900800000,0.081
865904400000,0.071
865908000000,0.062
865911600000,0.055
865915200000,0.053
865918800000,0.053
865922400000,0.049
865926000000,0.044
865929600000,0.043
865933200000,0.052
865936800000,0.068
865940400000,0.082
865944000000,0.094
865947600000,0.103
865951200000,0.107
865954800000,0.104
865958400000,0.1
865962000000,0.093
865965600000,0.085
865969200000,0.074
865972800000,0.063
865976400000,0.05
865980000000,0.03
865983600000,0.02
865987200000,0.015
865990800000,0.009
865994400000,0.006
865998000000,0.007
866001600000,0.005
866005200000,0.003
866008800000,0.005
866012400000,0.019
866016000000,0.017
866019600000,0.027
866023200000,0.038
866026800000,0.036
866030400000,0.033
866034000000,0.03
866037600000,0.03
866041200000,0.028
866044800000,0.028
866048400000,0.032
866052000000,0.039
866055600000,0.049
866059200000,0.058
866062800000,0.058
866066400000,0.045
866070000000,0.038
866073600000,0.035
866077200000,0.036
866080800000,0.031
866084400000,0.03
866088000000,0.038
866091600000,0.048
866095200000,0.054
866098800000,0.047
866102400000,0.046
866106000000,0.053
866109600000,0.056
866113200000,0.056
866116800000,0.057
866120400000,0.058
866124000000,0.057
866127600000,0.061
866131200000,0.073
866134800000,0.085
866138400000,0.094
866142000000,0.102
866145600000,0.106
866149200000,0.103
866152800000,0.076
866156400000,0.062
866160000000,0.049
866163600000,0.036
866167200000,0.026
866170800000,0.015
866174400000,0.008
866178000000,0.004
866181600000,0.002
866185200000,0.002
866188800000,0.016
866192400000,0.042
866196000000,0.06
866199600000,0.071
866203200000,0.088
866206800000,0.105
866210400000,0.125
866214000000,0.136
866217600000,0.14
866221200000,0.145
866224800000,0.153
866228400000,0.163
866232000000,0.164
866235600000,0.171
866239200000,0.161
866242800000,0.17
866246400000,0.178
866250000000,0.155
866253600000,0.123
866257200000,0.075
866260800000,0.038
866264400000,0.02
866268000000,0.01
866271600000,0.003
866275200000,0.001
866278800000,0.0
866282400000,0.0
866286000000,0.001
866289600000,0.005
866293200000,0.015
866296800000,0.024
866300400000,0.032
866304000000,0.041
866307600000,0.051
866311200000,0.061
866314800000,0.064
866318400000,0.069
866322000000,0.078
866325600000,0.072
866329200000,0.076
866332800000,0.083
866336400000,0.087
866340000000,0.09
866343600000,0.09
866347200000,0.086
866350800000,0.081
866354400000,0.072
866358000000,0.064
866361600000,0.058
866365200000,0.054
866368800000,0.057
866372400000,0.072
866376000000,0.1
866379600000,0.132
866383200000,0.159
866386800000,0.172
866390400000,0.17
866394000000,0.155
866397600000,0.133
866401200000,0.123
866404800000,0.112
866408400000,0.108
866412000000,0.089
866415600000,0.097
866419200000,0.103
866422800000,0.104
866426400000,0.099
866430000000,0.089
866433600000,0.075
866437200000,0.054
866440800000,0.031
866444400000,0.019
866448000000,0.021
866451600000,0.033
866455200000,0.05
866458800000,0.072
866462400000,0.097
866466000000,0.118
866469600000,0.126
866473200000,0.111
866476800000,0.094
866480400000,0.084
866484000000,0.073
866487600000,0.07
866491200000,0.071
866494800000,0.078
866498400000,0.087
866502000000,0.122
866505600000,0.152
866509200000,0.167
866512800000,0.157
866516400000,0.152
866520000000,0.141
866523600000,0.126
866527200000,0.113
866530800000,0.103
866534400000,0.109
866538000000,0.127
866541600000,0.164
866545200000,0.205
866548800000,0.244
866552400000,0.27
866556000000,0.284
866559600000,0.261
866563200000,0.23
866566800000,0.205
866570400000,0.177
866574000000,0.146
866577600000,0.121
866581200000,0.106
866584800000,0.087
866588400000,0.085
866592000000,0.092
866595600000,0.083
866599200000,0.065
866602800000,0.048
866606400000,0.037
866610000000,0.03
866613600000,0.032
866617200000,0.042
866620800000,0.066
866624400000,0.102
866628000000,0.153
866631600000,0.206
866635200000,0.261
866638800000,0.298
866642400000,0.317
866646000000,0.295
866649600000,0.275
866653200000,0.253
866656800000,0.228
866660400000,0.195
866664000000,0.178
866667600000,0.168
866671200000,0.145
866674800000,0.126
866678400000,0.134
866682000000,0.142
866685600000,0.148
866689200000,0.174
866692800000,0.198
866696400000,0.207
866700000000,0.22
866703600000,0.231
866707200000,0.234
866710800000,0.235
866714400000,0.235
866718000000,0.241
866721600000,0.252
866725200000,0.264
866728800000,0.28
866732400000,0.3
866736000000,0.32
866739600000,0.336
866743200000,0.341
866746800000,0.316
866750400000,0.261
866754000000,0.192
866757600000,0.14
866761200000,0.144
866764800000,0.133
866768400000,0.133
866772000000,0.133
866775600000,0.126
866779200000,0.11
866782800000,0.088
866786400000,0.07
866790000000,0.056
866793600000,0.048
866797200000,0.054
866800800000,0.062
866804400000,0.054
866808000000,0.05
866811600000,0.059
866815200000,0.076
866818800000,0.097
866822400000,0.12
866826000000,0.142
866829600000,0.153
866833200000,0.153
866836800000,0.138
866840400000,0.113
866844000000,0.086
866847600000,0.087
866851200000,0.095
866854800000,0.107
866858400000,0.115
866862000000,0.107
866865600000,0.094
866869200000,0.077
866872800000,0.062
866876400000,0.047
866880000000,0.035
866883600000,0.028
866887200000,0.029
866890800000,0.032
866894400000,0.036
866898000000,0.046
866901600000,0.06
866905200000,0.081
866908800000,0.105
866912400000,0.146
866916000000,0.152
866919600000,0.139
866923200000,0.115
866926800000,0.058
866930400000,0.025
866934000000,0.013
866937600000,0.01
866941200000,0.014
866944800000,0.014
866948400000,0.008
866952000000,0.005
866955600000,0.007
866959200000,0.014
866962800000,0.023
866966400000,0.032
866970000000,0.046
866973600000,0.057
866977200000,0.063
866980800000,0.083
866984400000,0.114
866988000000,0.161
866991600000,0.208
866995200000,0.233
866998800000,0.252
867002400000,0.265
867006000000,0.262
867009600000,0.264
867013200000,0.279
867016800000,0.269
867020400000,0.292
867024000000,0.345
867027600000,0.374
867031200000,0.372
867034800000,0.337
867038400000,0.3
867042000000,0.265
867045600000,0.251
867049200000,0.259
867052800000,0.264
867056400000,0.279
867060000000,0.289
867063600000,0.28
867067200000,0.305
867070800000,0.345
867074400000,0.358
867078000000,0.342
867081600000,0.317
867085200000,0.311
867088800000,0.313
867092400000,0.311
867096000000,0.296
867099600000,0.272
867103200000,0.241
867106800000,0.304
867110400000,0.401
867114000000,0.498
867117600000,0.562
867121200000,0.601
867124800000,0.642
867128400000,0.679
867132000000,0.68
867135600000,0.642
867139200000,0.573
867142800000,0.52
867146400000,0.501
867150000000,0.495
867153600000,0.532
867157200000,0.583
867160800000,0.607
867164400000,0.615
867168000000,0.599
867171600000,0.599
867175200000,0.618
867178800000,0.621
867182400000,0.608
867186000000,0.58
867189600000,0.541
867193200000,0.566
867196800000,0.586
867200400000,0.55
867204000000,0.485
867207600000,0.447
867211200000,0.425
867214800000,0.403
867218400000,0.376
867222000000,0.335
867225600000,0.294
867229200000,0.287
867232800000,0.316
867236400000,0.361
867240000000,0.41
867243600000,0.446
867247200000,0.499
867250800000,0.523
867254400000,0.523
867258000000,0.484
867261600000,0.441
867265200000,0.413
867268800000,0.413
867272400000,0.394
867276000000,0.317
867279600000,0.289
867283200000,0.289
867286800000,0.291
867290400000,0.287
867294000000,0.281
867297600000,0.27
867301200000,0.251
867304800000,0.233
867308400000,0.209
867312000000,0.181
867315600000,0.167
867319200000,0.174
867322800000,0.172
867326400000,0.162
867330000000,0.155
867333600000,0.16
867337200000,0.152
867340800000,0.138
867344400000,0.122
867348000000,0.107
867351600000,0.103
867355200000,0.104
867358800000,0.114
867362400000,0.097
867366000000,0.087
867369600000,0.077
867373200000,0.067
867376800000,0.055
867380400000,0.055
867384000000,0.06
867387600000,0.051
867391200000,0.03
867394800000,0.014
867398400000,0.008
867402000000,0.006
867405600000,0.005
867409200000,0.008
867412800000,0.018
867416400000,0.028
867420000000,0.027
867423600000,0.018
867427200000,0.014
867430800000,0.01
867434400000,0.006
867438000000,0.003
867441600000,0.001
867445200000,0.002
867448800000,0.002
867452400000,0.001
867456000000,0.0
867459600000,0.0
867463200000,0.0
867466800000,0.0
867470400000,0.0
867474000000,0.0
867477600000,0.0
867481200000,0.0
867484800000,0.0
867488400000,0.002
867492000000,0.009
867495600000,0.017
867499200000,0.025
867502800000,0.028
867506400000,0.027
867510000000,0.019
867513600000,0.01
867517200000,0.005
867520800000,0.002
867524400000,0.001
867528000000,0.001
867531600000,0.0
867535200000,0.0
867538800000,0.0
867542400000,0.0
867546000000,0.0
867549600000,0.0
867553200000,0.001
867556800000,0.007
867560400000,0.017
867564000000,0.027
867567600000,0.033
867571200000,0.035
867574800000,0.027
867578400000,0.015
867582000000,0.007
867585600000,0.003
867589200000,0.0
867592800000,0.0
867596400000,0.0
867600000000,0.0
867603600000,0.0
867607200000,0.0
867610800000,0.0
867614400000,0.0
867618000000,0.0
867621600000,0.0
867625200000,0.0
867628800000,0.0
867632400000,0.0
867636000000,0.0
867639600000,0.0
867643200000,0.004
867646800000,0.012
867650400000,0.021
867654000000,0.027
867657600000,0.031
867661200000,0.032
867664800000,0.028
867668400000,0.021
867672000000,0.014
867675600000,0.008
867679200000,0.004
867682800000,0.002
867686400000,0.001
867690000000,0.0
867693600000,0.0
867697200000,0.0
867700800000,0.0
867704400000,0.0
867708000000,0.0
867711600000,0.002
867715200000,0.009
867718800000,0.02
867722400000,0.03
867726000000,0.036
867729600000,0.031
867733200000,0.021
867736800000,0.014
867740400000,0.012
867744000000,0.013
867747600000,0.011
867751200000,0.007
867754800000,0.004
867758400000,0.003
867762000000,0.003
867765600000,0.004
867769200000,0.003
867772800000,0.001
867776400000,0.0
867780000000,0.0
867783600000,0.0
867787200000,0.001
867790800000,0.004
867794400000,0.002
867798000000,0.001
867801600000,0.002
867805200000,0.005
867808800000,0.015
867812400000,0.025
867816000000,0.035
867819600000,0.039
867823200000,0.038
867826800000,0.031
867830400000,0.024
867834000000,0.023
867837600000,0.022
867841200000,0.024
867844800000,0.03
867848400000,0.032
867852000000,0.03
867855600000,0.022
867859200000,0.012
867862800000,0.004
867866400000,0.001
867870000000,0.0
867873600000,0.0
867877200000,0.0
867880800000,0.0
867884400000,0.0
867888000000,0.001
867891600000,0.003
867895200000,0.006
867898800000,0.013
867902400000,0.025
867906000000,0.041
867909600000,0.054
867913200000,0.054
867916800000,0.048
867920400000,0.045
867924000000,0.045
867927600000,0.042
867931200000,0.038
867934800000,0.032
867938400000,0.026
867942000000,0.017
867945600000,0.01
867949200000,0.005
867952800000,0.002
867956400000,0.001
867960000000,0.001
867963600000,0.001
867967200000,0.002
867970800000,0.003
867974400000,0.005
867978000000,0.006
867981600000,0.009
867985200000,0.009
867988800000,0.006
867992400000,0.004
867996000000,0.003
867999600000,0.003
868003200000,0.004
868006800000,0.009
868010400000,0.019
868014000000,0.025
868017600000,0.025
868021200000,0.023
868024800000,0.02
868028400000,0.012
868032000000,0.005
868035600000,0.002
868039200000,0.001
868042800000,0.0
868046400000,0.0
868050000000,0.0
868053600000,0.0
868057200000,0.0
868060800000,0.0
868064400000,0.0
868068000000,0.0
868071600000,0.0
868075200000,0.001
868078800000,0.004
868082400000,0.015
868086000000,0.023
868089600000,0.033
868093200000,0.041
868096800000,0.042
868100400000,0.041
868104000000,0.047
868107600000,0.05
868111200000,0.041
868114800000,0.025
868118400000,0.011
868122000000,0.004
868125600000,0.002
868129200000,0.0
868132800000,0.0
868136400000,0.0
868140000000,0.0
868143600000,0.0
868147200000,0.0
868150800000,0.0
868154400000,0.0
868158000000,0.0
868161600000,0.0
868165200000,0.0
868168800000,0.001
868172400000,0.011
868176000000,0.023
868179600000,0.035
868183200000,0.044
868186800000,0.045
868190400000,0.042
868194000000,0.04
868197600000,0.036
868201200000,0.026
868204800000,0.011
868208400000,0.005
868212000000,0.003
868215600000,0.003
868219200000,0.004
868222800000,0.012
868226400000,0.028
868230000000,0.06
868233600000,0.092
868237200000,0.135
868240800000,0.183
868244400000,0.195
868248000000,0.171
868251600000,0.126
868255200000,0.073
868258800000,0.038
868262400000,0.018
868266000000,0.016
868269600000,0.021
868273200000,0.026
868276800000,0.032
868280400000,0.038
868284000000,0.051
868287600000,0.062
868291200000,0.076
868294800000,0.084
868298400000,0.087
868302000000,0.086
868305600000,0.085
868309200000,0.074
868312800000,0.048
868316400000,0.039
868320000000,0.032
868323600000,0.024
868327200000,0.016
868330800000,0.01
868334400000,0.007
868338000000,0.006
868341600000,0.005
868345200000,0.004
868348800000,0.005
868352400000,0.006
868356000000,0.006
868359600000,0.005
868363200000,0.005
868366800000,0.005
868370400000,0.006
868374000000,0.004
868377600000,0.002
868381200000,0.001
868384800000,0.0
868388400000,0.0
868392000000,0.001
868395600000,0.004
868399200000,0.005
868402800000,0.009
868406400000,0.019
868410000000,0.035
868413600000,0.062
868417200000,0.093
868420800000,0.111
868424400000,0.126
868428000000,0.134
868431600000,0.133
868435200000,0.133
868438800000,0.133
868442400000,0.128
868446000000,0.124
868449600000,0.128
868453200000,0.139
868456800000,0.148
868460400000,0.146
868464000000,0.139
868467600000,0.144
868471200000,0.159
868474800000,0.18
868478400000,0.201
868482000000,0.214
868485600000,0.215
868489200000,0.264
868492800000,0.318
868496400000,0.346
868500000000,0.342
868503600000,0.328
868507200000,0.304
868510800000,0.264
868514400000,0.213
868518000000,0.17
868521600000,0.154
868525200000,0.155
868528800000,0.171
868532400000,0.181
868536000000,0.18
868539600000,0.167
868543200000,0.147
868546800000,0.134
868550400000,0.118
868554000000,0.103
868557600000,0.089
868561200000,0.079
868564800000,0.076
868568400000,0.08
868572000000,0.079
868575600000,0.094
868579200000,0.108
868582800000,0.108
868586400000,0.096
868590000000,0.084
868593600000,0.078
868597200000,0.077
868600800000,0.078
868604400000,0.085
868608000000,0.099
868611600000,0.124
868615200000,0.159
868618800000,0.182
868622400000,0.195
868626000000,0.19
868629600000,0.196
868633200000,0.212
868636800000,0.208
868640400000,0.186
868644000000,0.149
868647600000,0.115
868651200000,0.08
868654800000,0.072
868658400000,0.062
868662000000,0.075
868665600000,0.089
868669200000,0.083
868672800000,0.073
868676400000,0.063
868680000000,0.059
868683600000,0.054
868687200000,0.042
868690800000,0.03
868694400000,0.023
868698000000,0.011
868701600000,0.004
868705200000,0.001
868708800000,0.001
868712400000,0.001
868716000000,0.002
868719600000,0.006
868723200000,0.015
868726800000,0.028
868730400000,0.045
868734000000,0.063
868737600000,0.079
868741200000,0.096
868744800000,0.096
868748400000,0.101
868752000000,0.088
868755600000,0.059
868759200000,0.027
868762800000,0.01
868766400000,0.004
868770000000,0.001
868773600000,0.001
868777200000,0.001
868780800000,0.001
868784400000,0.012
868788000000,0.043
868791600000,0.076
868795200000,0.115
868798800000,0.145
868802400000,0.179
868806000000,0.218
868809600000,0.27
868813200000,0.334
868816800000,0.379
868820400000,0.393
868824000000,0.397
868827600000,0.367
868831200000,0.322
868834800000,0.321
868838400000,0.291
868842000000,0.264
868845600000,0.235
868849200000,0.208
868852800000,0.18
868856400000,0.155
868860000000,0.123
868863600000,0.088
868867200000,0.06
868870800000,0.05
868874400000,0.044
868878000000,0.04
868881600000,0.038
868885200000,0.038
868888800000,0.041
868892400000,0.043
868896000000,0.042
868899600000,0.04
868903200000,0.036
868906800000,0.033
868910400000,0.029
868914000000,0.023
868917600000,0.015
868921200000,0.011
868924800000,0.007
868928400000,0.003
868932000000,0.002
868935600000,0.002
868939200000,0.001
868942800000,0.001
868946400000,0.001
868950000000,0.003
868953600000,0.009
868957200000,0.022
868960800000,0.035
868964400000,0.048
868968000000,0.065
868971600000,0.08
868975200000,0.086
868978800000,0.087
868982400000,0.082
868986000000,0.073
868989600000,0.067
868993200000,0.061
868996800000,0.058
869000400000,0.04
869004000000,0.018
869007600000,0.011
869011200000,0.007
869014800000,0.007
869018400000,0.007
869022000000,0.006
869025600000,0.007
869029200000,0.006
869032800000,0.004
869036400000,0.003
869040000000,0.003
869043600000,0.004
869047200000,0.003
869050800000,0.001
869054400000,0.0
869058000000,0.0
869061600000,0.0
869065200000,0.0
869068800000,0.0
869072400000,0.0
869076000000,0.0
869079600000,0.0
869083200000,0.001
869086800000,0.001
869090400000,0.001
869094000000,0.001
869097600000,0.001
869101200000,0.003
869104800000,0.015
869108400000,0.029
869112000000,0.035
869115600000,0.04
869119200000,0.046
869122800000,0.051
869126400000,0.053
869130000000,0.049
869133600000,0.04
869137200000,0.03
869140800000,0.021
869144400000,0.015
869148000000,0.015
869151600000,0.025
869155200000,0.039
869158800000,0.058
869162400000,0.08
869166000000,0.105
869169600000,0.127
869173200000,0.15
869176800000,0.155
869180400000,0.179
869184000000,0.195
869187600000,0.207
869191200000,0.211
869194800000,0.183
869198400000,0.142
869202000000,0.097
869205600000,0.073
869209200000,0.066
869212800000,0.065
869216400000,0.068
869220000000,0.069
869223600000,0.075
869227200000,0.088
869230800000,0.117
869234400000,0.162
869238000000,0.204
869241600000,0.202
869245200000,0.155
869248800000,0.105
869252400000,0.086
869256000000,0.068
869259600000,0.05
869263200000,0.041
869266800000,0.058
869270400000,0.111
869274000000,0.174
869277600000,0.227
869281200000,0.257
869284800000,0.254
869288400000,0.212
869292000000,0.151
869295600000,0.093
869299200000,0.063
869302800000,0.042
869306400000,0.033
869310000000,0.031
869313600000,0.034
869317200000,0.039
869320800000,0.047
869324400000,0.048
869328000000,0.041
869331600000,0.025
869335200000,0.013
869338800000,0.012
869342400000,0.02
869346000000,0.028
869349600000,0.03
869353200000,0.041
869356800000,0.068
869360400000,0.101
869364000000,0.133
869367600000,0.156
869371200000,0.174
869374800000,0.186
869378400000,0.187
869382000000,0.189
869385600000,0.191
869389200000,0.207
869392800000,0.255
869396400000,0.304
869400000000,0.342
869403600000,0.362
869407200000,0.378
869410800000,0.362
869414400000,0.328
869418000000,0.292
869421600000,0.252
869425200000,0.223
869428800000,0.2
869432400000,0.203
869436000000,0.194
869439600000,0.214
869443200000,0.238
869446800000,0.259
869450400000,0.278
869454000000,0.288
869457600000,0.285
869461200000,0.27
869464800000,0.233
869468400000,0.196
869472000000,0.169
869475600000,0.172
869479200000,0.206
869482800000,0.25
869486400000,0.289
869490000000,0.324
869493600000,0.352
869497200000,0.401
869500800000,0.412
869504400000,0.416
869508000000,0.407
869511600000,0.362
869515200000,0.323
869518800000,0.325
869522400000,0.346
869526000000,0.41
869529600000,0.453
869533200000,0.488
869536800000,0.504
869540400000,0.519
869544000000,0.523
869547600000,0.507
869551200000,0.488
869554800000,0.476
869558400000,0.472
869562000000,0.51
869565600000,0.549
869569200000,0.58
869572800000,0.571
869576400000,0.504
869580000000,0.456
869583600000,0.429
869587200000,0.406
869590800000,0.395
869594400000,0.376
869598000000,0.35
869601600000,0.334
869605200000,0.32
869608800000,0.319
869612400000,0.376
869616000000,0.458
869619600000,0.502
869623200000,0.502
869626800000,0.479
869630400000,0.464
869634000000,0.457
869637600000,0.442
869641200000,0.432
869644800000,0.42
869648400000,0.442
869652000000,0.479
869655600000,0.483
869659200000,0.476
869662800000,0.485
869666400000,0.506
869670000000,0.52
869673600000,0.523
869677200000,0.498
869680800000,0.47
869684400000,0.442
869688000000,0.422
869691600000,0.414
869695200000,0.387
869698800000,0.447
869702400000,0.513
869706000000,0.545
869709600000,0.547
869713200000,0.544
869716800000,0.54
869720400000,0.525
869724000000,0.501
869727600000,0.481
869731200000,0.459
869734800000,0.448
869738400000,0.472
869742000000,0.501
869745600000,0.528
869749200000,0.515
869752800000,0.473
869756400000,0.42
869760000000,0.386
869763600000,0.379
869767200000,0.355
869770800000,0.324
869774400000,0.294
869778000000,0.272
869781600000,0.25
869785200000,0.291
869788800000,0.343
869792400000,0.391
869796000000,0.437
869799600000,0.49
869803200000,0.532
869806800000,0.541
869810400000,0.527
869814000000,0.505
869817600000,0.476
869821200000,0.437
869824800000,0.466
869828400000,0.498
869832000000,0.495
869835600000,0.379
869839200000,0.267
869842800000,0.236
869846400000,0.231
869850000000,0.222
869853600000,0.197
869857200000,0.179
869860800000,0.169
869864400000,0.175
869868000000,0.163
869871600000,0.208
869875200000,0.272
869878800000,0.313
869882400000,0.357
869886000000,0.418
869889600000,0.45
869893200000,0.429
869896800000,0.386
869900400000,0.332
869904000000,0.26
869907600000,0.223
869911200000,0.236
869914800000,0.261
869918400000,0.296
869922000000,0.345
869925600000,0.374
869929200000,0.349
869932800000,0.294
869936400000,0.278
869940000000,0.274
869943600000,0.242
869947200000,0.223
869950800000,0.216
869954400000,0.188
869958000000,0.203
869961600000,0.256
869965200000,0.305
869968800000,0.341
869972400000,0.372
869976000000,0.39
869979600000,0.413
869983200000,0.389
869986800000,0.325
869990400000,0.264
869994000000,0.27
869997600000,0.245
870001200000,0.283
870004800000,0.316
870008400000,0.302
870012000000,0.263
870015600000,0.241
870019200000,0.222
870022800000,0.207
870026400000,0.2
870030000000,0.201
870033600000,0.21
870037200000,0.223
870040800000,0.219
870044400000,0.236
870048000000,0.264
870051600000,0.299
870055200000,0.32
870058800000,0.311
870062400000,0.281
870066000000,0.249
870069600000,0.216
870073200000,0.172
870076800000,0.141
870080400000,0.126
870084000000,0.137
870087600000,0.152
870091200000,0.164
870094800000,0.176
870098400000,0.186
870102000000,0.182
870105600000,0.183
870109200000,0.192
870112800000,0.196
870116400000,0.195
870120000000,0.204
870123600000,0.227
870127200000,0.223
870130800000,0.25
870134400000,0.289
870138000000,0.323
870141600000,0.349
870145200000,0.358
870148800000,0.343
870152400000,0.329
870156000000,0.315
870159600000,0.304
870163200000,0.286
870166800000,0.302
870170400000,0.379
870174000000,0.438
870177600000,0.468
870181200000,0.498
870184800000,0.499
870188400000,0.466
870192000000,0.416
870195600000,0.379
870199200000,0.357
870202800000,0.362
870206400000,0.384
870210000000,0.391
870213600000,0.365
870217200000,0.375
870220800000,0.353
870224400000,0.29
870228000000,0.223
870231600000,0.209
870235200000,0.22
870238800000,0.224
870242400000,0.218
870246000000,0.208
870249600000,0.212
870253200000,0.233
870256800000,0.284
870260400000,0.315
870264000000,0.342
870267600000,0.379
870271200000,0.411
870274800000,0.413
870278400000,0.395
870282000000,0.361
870285600000,0.343
870289200000,0.334
870292800000,0.32
870296400000,0.316
870300000000,0.294
870303600000,0.323
870307200000,0.341
870310800000,0.348
870314400000,0.351
870318000000,0.35
870321600000,0.34
870325200000,0.317
870328800000,0.281
870332400000,0.249
870336000000,0.228
870339600000,0.249
870343200000,0.286
870346800000,0.308
870350400000,0.337
870354000000,0.378
870357600000,0.422
870361200000,0.415
870364800000,0.368
870368400000,0.305
870372000000,0.238
870375600000,0.192
870379200000,0.163
870382800000,0.163
870386400000,0.144
870390000000,0.144
870393600000,0.142
870397200000,0.132
870400800000,0.123
870404400000,0.114
870408000000,0.095
870411600000,0.067
870415200000,0.041
870418800000,0.025
870422400000,0.026
870426000000,0.058
870429600000,0.13
870433200000,0.184
870436800000,0.213
870440400000,0.238
870444000000,0.261
870447600000,0.243
870451200000,0.212
870454800000,0.189
870458400000,0.177
870462000000,0.167
870465600000,0.155
870469200000,0.158
870472800000,0.133
870476400000,0.121
870480000000,0.117
870483600000,0.106
870487200000,0.086
870490800000,0.071
870494400000,0.064
870498000000,0.055
870501600000,0.048
870505200000,0.044
870508800000,0.044
870512400000,0.064
870516000000,0.104
870519600000,0.136
870523200000,0.161
870526800000,0.18
870530400000,0.201
870534000000,0.196
870537600000,0.175
870541200000,0.167
870544800000,0.175
870548400000,0.193
870552000000,0.21
870555600000,0.23
870559200000,0.204
870562800000,0.181
870566400000,0.188
870570000000,0.171
870573600000,0.125
870577200000,0.105
870580800000,0.103
870584400000,0.107
870588000000,0.096
870591600000,0.092
870595200000,0.091
870598800000,0.098
870602400000,0.118
870606000000,0.133
870609600000,0.149
870613200000,0.179
870616800000,0.227
870620400000,0.244
870624000000,0.247
870627600000,0.239
870631200000,0.221
870634800000,0.196
870638400000,0.176
870642000000,0.166
870645600000,0.148
870649200000,0.168
870652800000,0.191
870656400000,0.212
870660000000,0.225
870663600000,0.23
870667200000,0.232
870670800000,0.239
870674400000,0.246
870678000000,0.254
870681600000,0.253
870685200000,0.255
870688800000,0.272
870692400000,0.271
870696000000,0.259
870699600000,0.25
870703200000,0.249
870706800000,0.231
870710400000,0.199
870714000000,0.179
870717600000,0.167
870721200000,0.163
870724800000,0.167
870728400000,0.175
870732000000,0.159
870735600000,0.172
870739200000,0.185
870742800000,0.186
870746400000,0.18
870750000000,0.164
870753600000,0.135
870757200000,0.105
870760800000,0.084
870764400000,0.064
870768000000,0.045
870771600000,0.047
870775200000,0.051
870778800000,0.054
870782400000,0.068
870786000000,0.092
870789600000,0.127
870793200000,0.135
870796800000,0.125
870800400000,0.119
870804000000,0.104
870807600000,0.068
870811200000,0.034
870814800000,0.022
870818400000,0.018
870822000000,0.017
870825600000,0.017
870829200000,0.015
870832800000,0.016
870836400000,0.015
870840000000,0.013
870843600000,0.022
870847200000,0.034
870850800000,0.038
870854400000,0.044
870858000000,0.061
870861600000,0.07
870865200000,0.066
870868800000,0.067
870872400000,0.075
870876000000,0.086
870879600000,0.084
870883200000,0.078
870886800000,0.077
870890400000,0.079
870894000000,0.081
870897600000,0.08
870901200000,0.076
870904800000,0.057
870908400000,0.048
870912000000,0.047
870915600000,0.047
870919200000,0.047
870922800000,0.042
870926400000,0.036
870930000000,0.03
870933600000,0.024
870937200000,0.017
870940800000,0.014
870944400000,0.02
870948000000,0.032
870951600000,0.035
870955200000,0.035
870958800000,0.036
870962400000,0.041
870966000000,0.045
870969600000,0.046
870973200000,0.043
870976800000,0.039
870980400000,0.031
870984000000,0.027
870987600000,0.032
870991200000,0.038
870994800000,0.047
870998400000,0.06
871002000000,0.061
871005600000,0.058
871009200000,0.049
871012800000,0.031
871016400000,0.017
871020000000,0.009
871023600000,0.004
871027200000,0.002
871030800000,0.001
871034400000,0.001
871038000000,0.001
871041600000,0.001
871045200000,0.0
871048800000,0.001
871052400000,0.001
871056000000,0.002
871059600000,0.002
871063200000,0.002
871066800000,0.002
871070400000,0.001
871074000000,0.001
871077600000,0.001
871081200000,0.001
871084800000,0.001
871088400000,0.001
871092000000,0.001
871095600000,0.001
871099200000,0.0
871102800000,0.0
871106400000,0.0
871110000000,0.0
871113600000,0.0
871117200000,0.0
871120800000,0.001
871124400000,0.001
871128000000,0.004
871131600000,0.01
871135200000,0.019
871138800000,0.023
871142400000,0.023
871146000000,0.023
871149600000,0.025
871153200000,0.027
871156800000,0.03
871160400000,0.048
871164000000,0.074
871167600000,0.099
871171200000,0.162
871174800000,0.201
871178400000,0.205
871182000000,0.171
871185600000,0.128
871189200000,0.086
871192800000,0.05
871196400000,0.025
871200000000,0.009
871203600000,0.003
871207200000,0.002
871210800000,0.004
871214400000,0.015
871218000000,0.035
871221600000,0.058
871225200000,0.073
871228800000,0.075
871232400000,0.071
871236000000,0.072
871239600000,0.07
871243200000,0.063
871246800000,0.059
871250400000,0.049
871254000000,0.039
871257600000,0.044
871261200000,0.054
871264800000,0.063
871268400000,0.077
871272000000,0.092
871275600000,0.085
871279200000,0.062
871282800000,0.036
871286400000,0.014
871290000000,0.007
871293600000,0.004
871297200000,0.003
871300800000,0.002
871304400000,0.002
871308000000,0.006
871311600000,0.015
871315200000,0.033
871318800000,0.054
871322400000,0.068
871326000000,0.068
871329600000,0.06
871333200000,0.061
871336800000,0.073
871340400000,0.098
871344000000,0.13
871347600000,0.14
871351200000,0.15
871354800000,0.159
871358400000,0.163
871362000000,0.16
871365600000,0.138
871369200000,0.109
871372800000,0.086
871376400000,0.1
871380000000,0.139
871383600000,0.17
871387200000,0.2
871390800000,0.231
871394400000,0.274
871398000000,0.316
871401600000,0.352
871405200000,0.352
871408800000,0.307
871412400000,0.27
871416000000,0.241
871419600000,0.221
871423200000,0.193
871426800000,0.223
871430400000,0.273
871434000000,0.282
871437600000,0.291
871441200000,0.3
871444800000,0.31
871448400000,0.313
871452000000,0.294
871455600000,0.247
871459200000,0.186
871462800000,0.146
871466400000,0.142
871470000000,0.118
871473600000,0.101
871477200000,0.122
871480800000,0.144
871484400000,0.172
871488000000,0.204
871491600000,0.237
871495200000,0.241
871498800000,0.248
871502400000,0.239
871506000000,0.248
871509600000,0.222
871513200000,0.251
871516800000,0.282
871520400000,0.278
871524000000,0.276
871527600000,0.264
871531200000,0.264
871534800000,0.266
871538400000,0.233
871542000000,0.201
871545600000,0.18
871549200000,0.151
871552800000,0.142
871556400000,0.182
871560000000,0.233
871563600000,0.277
871567200000,0.31
871570800000,0.355
871574400000,0.376
871578000000,0.395
871581600000,0.43
871585200000,0.424
871588800000,0.398
871592400000,0.379
871596000000,0.343
871599600000,0.358
871603200000,0.374
871606800000,0.4
871610400000,0.441
871614000000,0.5
871617600000,0.534
871621200000,0.523
871624800000,0.476
871628400000,0.378
871632000000,0.285
871635600000,0.271
871639200000,0.332
871642800000,0.425
871646400000,0.485
871650000000,0.544
871653600000,0.534
871657200000,0.51
871660800000,0.491
871664400000,0.469
871668000000,0.454
871671600000,0.447
871675200000,0.454
871678800000,0.454
871682400000,0.413
871686000000,0.471
871689600000,0.537
871693200000,0.575
871696800000,0.593
871700400000,0.622
871704000000,0.668
871707600000,0.714
871711200000,0.698
871714800000,0.599
871718400000,0.457
871722000000,0.379
871725600000,0.346
871729200000,0.355
871732800000,0.391
871736400000,0.448
871740000000,0.494
871743600000,0.51
871747200000,0.507
871750800000,0.504
871754400000,0.519
871758000000,0.529
871761600000,0.535
871765200000,0.532
871768800000,0.529
871772400000,0.605
871776000000,0.653
871779600000,0.658
871783200000,0.638
871786800000,0.626
871790400000,0.607
871794000000,0.557
871797600000,0.498
871801200000,0.447
871804800000,0.433
871808400000,0.468
871812000000,0.506
871815600000,0.537
871819200000,0.59
871822800000,0.611
871826400000,0.615
871830000000,0.63
871833600000,0.583
871837200000,0.525
871840800000,0.488
871844400000,0.444
871848000000,0.42
871851600000,0.377
871855200000,0.278
871858800000,0.251
871862400000,0.272
871866000000,0.311
871869600000,0.333
871873200000,0.343
871876800000,0.344
871880400000,0.337
871884000000,0.325
871887600000,0.313
871891200000,0.302
871894800000,0.307
871898400000,0.331
871902000000,0.355
871905600000,0.362
871909200000,0.367
871912800000,0.366
871916400000,0.337
871920000000,0.276
871923600000,0.244
871927200000,0.241
871930800000,0.228
871934400000,0.225
871938000000,0.246
871941600000,0.24
871945200000,0.243
871948800000,0.261
871952400000,0.292
871956000000,0.324
871959600000,0.312
871963200000,0.293
871966800000,0.281
871970400000,0.272
871974000000,0.255
871977600000,0.233
871981200000,0.234
871984800000,0.261
871988400000,0.274
871992000000,0.284
871995600000,0.302
871999200000,0.328
872002800000,0.337
872006400000,0.335
872010000000,0.305
872013600000,0.225
872017200000,0.179
872020800000,0.156
872024400000,0.133
872028000000,0.104
872031600000,0.105
872035200000,0.133
872038800000,0.164
872042400000,0.199
872046000000,0.218
872049600000,0.201
872053200000,0.18
872056800000,0.152
872060400000,0.109
872064000000,0.071
872067600000,0.05
872071200000,0.026
872074800000,0.017
872078400000,0.022
872082000000,0.033
872085600000,0.055
872089200000,0.092
872092800000,0.127
872096400000,0.153
872100000000,0.164
872103600000,0.167
872107200000,0.157
872110800000,0.156
872114400000,0.141
872118000000,0.133
872121600000,0.147
872125200000,0.178
872128800000,0.205
872132400000,0.226
872136000000,0.22
872139600000,0.2
872143200000,0.169
872146800000,0.139
872150400000,0.105
872154000000,0.09
872157600000,0.094
872161200000,0.101
872164800000,0.112
872168400000,0.133
872172000000,0.159
872175600000,0.158
872179200000,0.137
872182800000,0.12
872186400000,0.103
872190000000,0.087
872193600000,0.069
872197200000,0.065
872200800000,0.07
872204400000,0.078
872208000000,0.111
872211600000,0.145
872215200000,0.167
872218800000,0.179
872222400000,0.167
872226000000,0.137
872229600000,0.095
872233200000,0.058
872236800000,0.029
872240400000,0.016
872244000000,0.011
872247600000,0.012
872251200000,0.024
872254800000,0.054
872258400000,0.102
872262000000,0.138
872265600000,0.159
872269200000,0.163
872272800000,0.144
872276400000,0.111
872280000000,0.076
872283600000,0.069
872287200000,0.074
872290800000,0.069
872294400000,0.061
872298000000,0.057
872301600000,0.062
872305200000,0.061
872308800000,0.051
872312400000,0.039
872316000000,0.026
872319600000,0.017
872323200000,0.009
872326800000,0.008
872330400000,0.018
872334000000,0.047
872337600000,0.096
872341200000,0.134
872344800000,0.157
872348400000,0.151
872352000000,0.134
872355600000,0.113
872359200000,0.093
872362800000,0.076
872366400000,0.06
872370000000,0.059
872373600000,0.064
872377200000,0.062
872380800000,0.07
872384400000,0.087
872388000000,0.107
872391600000,0.126
872395200000,0.136
872398800000,0.136
872402400000,0.129
872406000000,0.118
872409600000,0.099
872413200000,0.091
872416800000,0.094
872420400000,0.105
872424000000,0.117
872427600000,0.122
872431200000,0.131
872434800000,0.122
872438400000,0.111
872442000000,0.107
872445600000,0.111
872449200000,0.117
872452800000,0.114
872456400000,0.115
872460000000,0.117
872463600000,0.136
872467200000,0.172
872470800000,0.22
872474400000,0.267
872478000000,0.314
872481600000,0.349
872485200000,0.376
872488800000,0.383
872492400000,0.371
872496000000,0.311
872499600000,0.241
872503200000,0.221
872506800000,0.258
872510400000,0.311
872514000000,0.343
872517600000,0.369
872521200000,0.381
872524800000,0.364
872528400000,0.364
872532000000,0.324
872535600000,0.275
872539200000,0.226
872542800000,0.21
872546400000,0.192
872550000000,0.207
872553600000,0.232
872557200000,0.255
872560800000,0.285
872564400000,0.315
872568000000,0.337
872571600000,0.312
872575200000,0.241
872578800000,0.166
872582400000,0.113
872586000000,0.097
872589600000,0.105
872593200000,0.12
872596800000,0.148
872600400000,0.187
872604000000,0.236
872607600000,0.249
872611200000,0.243
872614800000,0.22
872618400000,0.187
872622000000,0.167
872625600000,0.152
872629200000,0.155
872632800000,0.139
872636400000,0.158
872640000000,0.199
872643600000,0.241
872647200000,0.28
872650800000,0.305
872654400000,0.302
872658000000,0.272
872661600000,0.22
872665200000,0.175
872668800000,0.135
872672400000,0.115
872676000000,0.118
872679600000,0.134
872683200000,0.172
872686800000,0.213
872690400000,0.236
872694000000,0.232
872697600000,0.215
872701200000,0.177
872704800000,0.142
872708400000,0.124
872712000000,0.107
872715600000,0.104
872719200000,0.098
872722800000,0.118
872726400000,0.15
872730000000,0.184
872733600000,0.223
872737200000,0.253
872740800000,0.267
872744400000,0.275
872748000000,0.277
872751600000,0.27
872755200000,0.245
872758800000,0.21
872762400000,0.181
872766000000,0.178
872769600000,0.212
872773200000,0.249
872776800000,0.259
872780400000,0.227
872784000000,0.171
872787600000,0.125
872791200000,0.094
872794800000,0.074
872798400000,0.05
872802000000,0.035
872805600000,0.025
872809200000,0.029
872812800000,0.032
872816400000,0.037
872820000000,0.054
872823600000,0.079
872827200000,0.108
872830800000,0.138
872834400000,0.16
872838000000,0.167
872841600000,0.158
872845200000,0.148
872848800000,0.134
872852400000,0.117
872856000000,0.11
872859600000,0.102
872863200000,0.078
872866800000,0.061
872870400000,0.052
872874000000,0.049
872877600000,0.05
872881200000,0.05
872884800000,0.047
872888400000,0.045
872892000000,0.032
872895600000,0.023
872899200000,0.017
872902800000,0.007
872906400000,0.002
872910000000,0.001
872913600000,0.0
872917200000,0.0
872920800000,0.0
872924400000,0.002
872928000000,0.003
872931600000,0.005
872935200000,0.009
872938800000,0.009
872942400000,0.008
872946000000,0.005
872949600000,0.002
872953200000,0.001
872956800000,0.0
872960400000,0.001
872964000000,0.001
872967600000,0.002
872971200000,0.002
872974800000,0.001
872978400000,0.001
872982000000,0.002
872985600000,0.002
872989200000,0.002
872992800000,0.001
872996400000,0.0
873000000000,0.0
873003600000,0.005
873007200000,0.009
873010800000,0.014
873014400000,0.016
873018000000,0.015
873021600000,0.016
873025200000,0.019
873028800000,0.022
873032400000,0.028
873036000000,0.041
873039600000,0.047
873043200000,0.048
873046800000,0.058
873050400000,0.072
873054000000,0.093
873057600000,0.107
873061200000,0.104
873064800000,0.079
873068400000,0.067
873072000000,0.07
873075600000,0.085
873079200000,0.106
873082800000,0.114
873086400000,0.112
873090000000,0.1
873093600000,0.09
873097200000,0.098
873100800000,0.101
873104400000,0.095
873108000000,0.102
873111600000,0.116
873115200000,0.126
873118800000,0.141
873122400000,0.169
873126000000,0.188
873129600000,0.194
873133200000,0.173
873136800000,0.141
873140400000,0.099
873144000000,0.067
873147600000,0.052
873151200000,0.047
873154800000,0.041
873158400000,0.034
873162000000,0.03
873165600000,0.036
873169200000,0.053
873172800000,0.073
873176400000,0.088
873180000000,0.09
873183600000,0.088
873187200000,0.09
873190800000,0.111
873194400000,0.149
873198000000,0.193
873201600000,0.233
873205200000,0.278
873208800000,0.311
873212400000,0.302
873216000000,0.269
873219600000,0.25
873223200000,0.207
873226800000,0.162
873230400000,0.13
873234000000,0.118
873237600000,0.103
873241200000,0.112
873244800000,0.12
873248400000,0.144
873252000000,0.182
873255600000,0.208
873259200000,0.21
873262800000,0.202
873266400000,0.193
873270000000,0.172
873273600000,0.143
873277200000,0.132
873280800000,0.143
873284400000,0.167
873288000000,0.21
873291600000,0.234
873295200000,0.233
873298800000,0.201
873302400000,0.159
873306000000,0.132
873309600000,0.102
873313200000,0.063
873316800000,0.048
873320400000,0.045
873324000000,0.035
873327600000,0.034
873331200000,0.038
873334800000,0.05
873338400000,0.068
873342000000,0.084
873345600000,0.098
873349200000,0.105
873352800000,0.101
873356400000,0.083
873360000000,0.063
873363600000,0.063
873367200000,0.074
873370800000,0.088
873374400000,0.1
873378000000,0.105
873381600000,0.096
873385200000,0.071
873388800000,0.042
873392400000,0.024
873396000000,0.017
873399600000,0.014
873403200000,0.011
873406800000,0.011
873410400000,0.009
873414000000,0.009
873417600000,0.009
873421200000,0.006
873424800000,0.004
873428400000,0.003
873432000000,0.004
873435600000,0.006
873439200000,0.012
873442800000,0.027
873446400000,0.035
873450000000,0.057
873453600000,0.073
873457200000,0.066
873460800000,0.048
873464400000,0.029
873468000000,0.013
873471600000,0.005
873475200000,0.001
873478800000,0.0
873482400000,0.0
873486000000,0.0
873489600000,0.0
873493200000,0.0
873496800000,0.0
873500400000,0.0
873504000000,0.0
873507600000,0.0
873511200000,0.0
873514800000,0.0
873518400000,0.0
873522000000,0.0
873525600000,0.001
873529200000,0.004
873532800000,0.007
873536400000,0.011
873540000000,0.018
873543600000,0.024
873547200000,0.025
873550800000,0.021
873554400000,0.011
873558000000,0.003
873561600000,0.001
873565200000,0.0
873568800000,0.0
873572400000,0.0
873576000000,0.0
873579600000,0.0
873583200000,0.0
873586800000,0.0
873590400000,0.0
873594000000,0.0
873597600000,0.0
873601200000,0.0
873604800000,0.0
873608400000,0.0
873612000000,0.003
873615600000,0.01
873619200000,0.014
873622800000,0.023
873626400000,0.032
873630000000,0.036
873633600000,0.038
873637200000,0.035
873640800000,0.025
873644400000,0.015
873648000000,0.011
873651600000,0.009
873655200000,0.009
873658800000,0.01
873662400000,0.01
873666000000,0.011
873669600000,0.011
873673200000,0.01
873676800000,0.01
873680400000,0.011
873684000000,0.011
873687600000,0.008
873691200000,0.004
873694800000,0.004
873698400000,0.003
873702000000,0.006
873705600000,0.015
873709200000,0.03
873712800000,0.039
873716400000,0.04
873720000000,0.046
873723600000,0.064
873727200000,0.069
873730800000,0.073
873734400000,0.093
873738000000,0.118
873741600000,0.136
873745200000,0.135
873748800000,0.112
873752400000,0.118
873756000000,0.12
873759600000,0.119
873763200000,0.136
873766800000,0.156
873770400000,0.169
873774000000,0.154
873777600000,0.13
873781200000,0.112
873784800000,0.093
873788400000,0.076
873792000000,0.064
873795600000,0.064
873799200000,0.066
873802800000,0.063
873806400000,0.061
873810000000,0.063
873813600000,0.068
873817200000,0.066
873820800000,0.055
873824400000,0.04
873828000000,0.026
873831600000,0.02
873835200000,0.024
873838800000,0.039
873842400000,0.048
873846000000,0.054
873849600000,0.053
873853200000,0.051
873856800000,0.053
873860400000,0.063
873864000000,0.079
873867600000,0.093
873871200000,0.104
873874800000,0.106
873878400000,0.096
873882000000,0.077
873885600000,0.059
873889200000,0.048
873892800000,0.041
873896400000,0.04
873900000000,0.038
873903600000,0.035
873907200000,0.032
873910800000,0.034
873914400000,0.034
873918000000,0.034
873921600000,0.034
873925200000,0.036
873928800000,0.033
873932400000,0.032
873936000000,0.037
873939600000,0.045
873943200000,0.047
873946800000,0.041
873950400000,0.042
873954000000,0.044
873957600000,0.034
873961200000,0.025
873964800000,0.032
873968400000,0.058
873972000000,0.085
873975600000,0.099
873979200000,0.111
873982800000,0.128
873986400000,0.148
873990000000,0.155
873993600000,0.135
873997200000,0.119
874000800000,0.118
874004400000,0.118
874008000000,0.096
874011600000,0.076
874015200000,0.052
874018800000,0.039
874022400000,0.043
874026000000,0.064
874029600000,0.086
874033200000,0.095
874036800000,0.092
874040400000,0.083
874044000000,0.074
874047600000,0.068
874051200000,0.069
874054800000,0.073
874058400000,0.073
874062000000,0.072
874065600000,0.07
874069200000,0.068
874072800000,0.068
874076400000,0.064
874080000000,0.064
874083600000,0.066
874087200000,0.071
874090800000,0.074
874094400000,0.066
874098000000,0.05
874101600000,0.035
874105200000,0.026
874108800000,0.036
874112400000,0.052
874116000000,0.068
874119600000,0.078
874123200000,0.082
874126800000,0.079
874130400000,0.084
874134000000,0.092
874137600000,0.101
874141200000,0.11
874144800000,0.11
874148400000,0.095
874152000000,0.079
874155600000,0.074
874159200000,0.084
874162800000,0.099
874166400000,0.102
874170000000,0.151
874173600000,0.131
874177200000,0.072
874180800000,0.052
874184400000,0.057
874188000000,0.063
874191600000,0.094
874195200000,0.164
874198800000,0.212
874202400000,0.227
874206000000,0.219
874209600000,0.195
874213200000,0.165
874216800000,0.135
874220400000,0.112
874224000000,0.096
874227600000,0.095
874231200000,0.11
874234800000,0.151
874238400000,0.22
874242000000,0.272
874245600000,0.273
874249200000,0.253
874252800000,0.248
874256400000,0.225
874260000000,0.194
874263600000,0.17
874267200000,0.153
874270800000,0.136
874274400000,0.116
874278000000,0.112
874281600000,0.113
874285200000,0.112
874288800000,0.108
874292400000,0.102
874296000000,0.093
874299600000,0.078
874303200000,0.064
874306800000,0.057
874310400000,0.063
874314000000,0.09
874317600000,0.127
874321200000,0.177
874324800000,0.202
874328400000,0.184
874332000000,0.17
874335600000,0.167
874339200000,0.161
874342800000,0.133
874346400000,0.09
874350000000,0.058
874353600000,0.039
874357200000,0.027
874360800000,0.023
874364400000,0.027
874368000000,0.033
874371600000,0.043
874375200000,0.055
874378800000,0.055
874382400000,0.045
874386000000,0.034
874389600000,0.026
874393200000,0.027
874396800000,0.035
874400400000,0.063
874404000000,0.103
874407600000,0.14
874411200000,0.178
874414800000,0.219
874418400000,0.27
874422000000,0.279
874425600000,0.245
874429200000,0.192
874432800000,0.154
874436400000,0.133
874440000000,0.127
874443600000,0.136
874447200000,0.139
874450800000,0.132
874454400000,0.132
874458000000,0.125
874461600000,0.115
874465200000,0.111
874468800000,0.107
874472400000,0.094
874476000000,0.069
874479600000,0.039
874483200000,0.02
874486800000,0.015
874490400000,0.025
874494000000,0.045
874497600000,0.061
874501200000,0.076
874504800000,0.091
874508400000,0.082
874512000000,0.061
874515600000,0.045
874519200000,0.032
874522800000,0.022
874526400000,0.013
874530000000,0.01
874533600000,0.011
874537200000,0.013
874540800000,0.019
874544400000,0.029
874548000000,0.045
874551600000,0.071
874555200000,0.108
874558800000,0.146
874562400000,0.177
874566000000,0.193
874569600000,0.198
874573200000,0.202
874576800000,0.227
874580400000,0.27
874584000000,0.315
874587600000,0.364
874591200000,0.386
874594800000,0.401
874598400000,0.38
874602000000,0.345
874605600000,0.266
874609200000,0.183
874612800000,0.149
874616400000,0.14
874620000000,0.123
874623600000,0.115
874627200000,0.119
874630800000,0.132
874634400000,0.149
874638000000,0.174
874641600000,0.202
874645200000,0.225
874648800000,0.231
874652400000,0.212
874656000000,0.175
874659600000,0.156
874663200000,0.166
874666800000,0.187
874670400000,0.212
874674000000,0.248
874677600000,0.292
874681200000,0.313
874684800000,0.291
874688400000,0.214
874692000000,0.155
874695600000,0.113
874699200000,0.057
874702800000,0.024
874706400000,0.014
874710000000,0.022
874713600000,0.041
874717200000,0.063
874720800000,0.088
874724400000,0.111
874728000000,0.131
874731600000,0.138
874735200000,0.126
874738800000,0.109
874742400000,0.093
874746000000,0.087
874749600000,0.088
874753200000,0.089
874756800000,0.093
874760400000,0.105
874764000000,0.13
874767600000,0.156
874771200000,0.16
874774800000,0.148
874778400000,0.133
874782000000,0.112
874785600000,0.095
874789200000,0.088
874792800000,0.084
874796400000,0.087
874800000000,0.093
874803600000,0.104
874807200000,0.115
874810800000,0.115
874814400000,0.108
874818000000,0.097
874821600000,0.084
874825200000,0.072
874828800000,0.064
874832400000,0.07
874836000000,0.083
874839600000,0.099
874843200000,0.113
874846800000,0.118
874850400000,0.117
874854000000,0.108
874857600000,0.1
874861200000,0.098
874864800000,0.105
874868400000,0.114
874872000000,0.117
874875600000,0.108
874879200000,0.093
874882800000,0.066
874886400000,0.03
874890000000,0.022
874893600000,0.018
874897200000,0.014
874900800000,0.017
874904400000,0.033
874908000000,0.044
874911600000,0.049
874915200000,0.054
874918800000,0.07
874922400000,0.086
874926000000,0.096
874929600000,0.103
874933200000,0.108
874936800000,0.119
874940400000,0.118
874944000000,0.101
874947600000,0.082
874951200000,0.064
874954800000,0.053
874958400000,0.046
874962000000,0.05
874965600000,0.051
874969200000,0.049
874972800000,0.047
874976400000,0.044
874980000000,0.045
874983600000,0.049
874987200000,0.058
874990800000,0.068
874994400000,0.08
874998000000,0.101
875001600000,0.13
875005200000,0.156
875008800000,0.174
875012400000,0.201
875016000000,0.243
875019600000,0.294
875023200000,0.341
875026800000,0.343
875030400000,0.307
875034000000,0.272
875037600000,0.242
875041200000,0.209
875044800000,0.184
875048400000,0.183
875052000000,0.174
875055600000,0.178
875059200000,0.185
875062800000,0.18
875066400000,0.175
875070000000,0.179
875073600000,0.186
875077200000,0.179
875080800000,0.165
875084400000,0.147
875088000000,0.131
875091600000,0.14
875095200000,0.164
875098800000,0.18
875102400000,0.185
875106000000,0.191
875109600000,0.192
875113200000,0.175
875116800000,0.148
875120400000,0.121
875124000000,0.096
875127600000,0.067
875131200000,0.027
875134800000,0.008
875138400000,0.004
875142000000,0.004
875145600000,0.004
875149200000,0.004
875152800000,0.005
875156400000,0.006
875160000000,0.012
875163600000,0.019
875167200000,0.022
875170800000,0.019
875174400000,0.011
875178000000,0.01
875181600000,0.012
875185200000,0.017
875188800000,0.024
875192400000,0.032
875196000000,0.041
875199600000,0.038
875203200000,0.031
875206800000,0.026
875210400000,0.021
875214000000,0.017
875217600000,0.022
875221200000,0.028
875224800000,0.029
875228400000,0.03
875232000000,0.032
875235600000,0.029
875239200000,0.024
875242800000,0.018
875246400000,0.014
875250000000,0.01
875253600000,0.01
875257200000,0.012
875260800000,0.017
875264400000,0.032
875268000000,0.05
875271600000,0.071
875275200000,0.094
875278800000,0.105
875282400000,0.091
875286000000,0.057
875289600000,0.029
875293200000,0.016
875296800000,0.012
875300400000,0.011
875304000000,0.009
875307600000,0.01
875311200000,0.01
875314800000,0.011
875318400000,0.015
875322000000,0.02
875325600000,0.024
875329200000,0.028
875332800000,0.034
875336400000,0.037
875340000000,0.042
875343600000,0.049
875347200000,0.057
875350800000,0.069
875354400000,0.078
875358000000,0.084
875361600000,0.093
875365200000,0.105
875368800000,0.118
875372400000,0.11
875376000000,0.082
875379600000,0.055
875383200000,0.039
875386800000,0.029
875390400000,0.023
875394000000,0.027
875397600000,0.03
875401200000,0.033
875404800000,0.037
875408400000,0.039
875412000000,0.042
875415600000,0.041
875419200000,0.038
875422800000,0.036
875426400000,0.037
875430000000,0.039
875433600000,0.046
875437200000,0.061
875440800000,0.07
875444400000,0.072
875448000000,0.072
875451600000,0.071
875455200000,0.067
875458800000,0.06
875462400000,0.055
875466000000,0.049
875469600000,0.04
875473200000,0.03
875476800000,0.022
875480400000,0.019
875484000000,0.013
875487600000,0.011
875491200000,0.01
875494800000,0.006
875498400000,0.005
875502000000,0.005
875505600000,0.007
875509200000,0.015
875512800000,0.041
875516400000,0.06
875520000000,0.082
875523600000,0.106
875527200000,0.112
875530800000,0.108
875534400000,0.108
875538000000,0.109
875541600000,0.103
875545200000,0.092
875548800000,0.079
875552400000,0.072
875556000000,0.062
875559600000,0.036
875563200000,0.019
875566800000,0.018
875570400000,0.019
875574000000,0.02
875577600000,0.023
875581200000,0.027
875584800000,0.032
875588400000,0.028
875592000000,0.017
875595600000,0.011
875599200000,0.012
875602800000,0.02
875606400000,0.032
875610000000,0.055
875613600000,0.071
875617200000,0.069
875620800000,0.061
875624400000,0.063
875628000000,0.07
875631600000,0.073
875635200000,0.065
875638800000,0.053
875642400000,0.038
875646000000,0.023
875649600000,0.012
875653200000,0.005
875656800000,0.002
875660400000,0.001
875664000000,0.0
875667600000,0.0
875671200000,0.0
875674800000,0.0
875678400000,0.0
875682000000,0.001
875685600000,0.003
875689200000,0.01
875692800000,0.012
875696400000,0.014
875700000000,0.012
875703600000,0.009
875707200000,0.006
875710800000,0.003
875714400000,0.001
875718000000,0.0
875721600000,0.0
875725200000,0.0
875728800000,0.0
875732400000,0.0
875736000000,0.0
875739600000,0.0
875743200000,0.0
875746800000,0.0
875750400000,0.0
875754000000,0.0
875757600000,0.0
875761200000,0.0
875764800000,0.0
875768400000,0.0
875772000000,0.0
875775600000,0.0
875779200000,0.002
875782800000,0.004
875786400000,0.01
875790000000,0.017
875793600000,0.021
875797200000,0.02
875800800000,0.017
875804400000,0.009
875808000000,0.003
875811600000,0.001
875815200000,0.0
875818800000,0.0
875822400000,0.0
875826000000,0.0
875829600000,0.0
875833200000,0.001
875836800000,0.002
875840400000,0.001
875844000000,0.001
875847600000,0.0
875851200000,0.0
875854800000,0.0
875858400000,0.0
875862000000,0.0
875865600000,0.0
875869200000,0.001
875872800000,0.004
875876400000,0.005
875880000000,0.004
875883600000,0.002
875887200000,0.001
875890800000,0.0
875894400000,0.0
875898000000,0.0
875901600000,0.0
875905200000,0.0
875908800000,0.0
875912400000,0.0
875916000000,0.0
875919600000,0.0
875923200000,0.0
875926800000,0.001
875930400000,0.0
875934000000,0.0
875937600000,0.0
875941200000,0.0
875944800000,0.0
875948400000,0.0
875952000000,0.003
875955600000,0.005
875959200000,0.007
875962800000,0.011
875966400000,0.013
875970000000,0.015
875973600000,0.017
875977200000,0.02
875980800000,0.023
875984400000,0.027
875988000000,0.034
875991600000,0.041
875995200000,0.044
875998800000,0.035
876002400000,0.02
876006000000,0.015
876009600000,0.017
876013200000,0.015
876016800000,0.012
876020400000,0.007
876024000000,0.003
876027600000,0.0
876031200000,0.0
876034800000,0.002
876038400000,0.003
876042000000,0.006
876045600000,0.008
876049200000,0.01
876052800000,0.011
876056400000,0.01
876060000000,0.007
876063600000,0.005
876067200000,0.005
876070800000,0.005
876074400000,0.007
876078000000,0.009
876081600000,0.012
876085200000,0.015
876088800000,0.015
876092400000,0.015
876096000000,0.011
876099600000,0.004
876103200000,0.001
876106800000,0.0
876110400000,0.0
876114000000,0.006
876117600000,0.032
876121200000,0.047
876124800000,0.056
876128400000,0.065
876132000000,0.067
876135600000,0.064
876139200000,0.062
876142800000,0.061
876146400000,0.063
876150000000,0.061
876153600000,0.055
876157200000,0.045
876160800000,0.013
876164400000,0.002
876168000000,0.001
876171600000,0.002
876175200000,0.001
876178800000,0.001
876182400000,0.002
876186000000,0.004
876189600000,0.008
876193200000,0.014
876196800000,0.023
876200400000,0.035
876204000000,0.041
876207600000,0.042
876211200000,0.039
876214800000,0.035
876218400000,0.03
876222000000,0.026
876225600000,0.025
876229200000,0.034
876232800000,0.049
876236400000,0.047
876240000000,0.036
876243600000,0.032
876247200000,0.034
876250800000,0.032
876254400000,0.029
876258000000,0.026
876261600000,0.015
876265200000,0.008
876268800000,0.004
876272400000,0.002
876276000000,0.001
876279600000,0.0
876283200000,0.0
876286800000,0.0
876290400000,0.001
876294000000,0.005
876297600000,0.007
876301200000,0.008
876304800000,0.007
876308400000,0.007
876312000000,0.009
876315600000,0.012
876319200000,0.015
876322800000,0.014
876326400000,0.007
876330000000,0.002
876333600000,0.001
876337200000,0.001
876340800000,0.002
876344400000,0.003
876348000000,0.001
876351600000,0.0
876355200000,0.0
876358800000,0.0
876362400000,0.0
876366000000,0.0
876369600000,0.0
876373200000,0.0
876376800000,0.0
876380400000,0.0
876384000000,0.0
876387600000,0.001
876391200000,0.003
876394800000,0.007
876398400000,0.005
876402000000,0.001
876405600000,0.0
876409200000,0.0
876412800000,0.0
876416400000,0.0
876420000000,0.0
876423600000,0.0
876427200000,0.0
876430800000,0.0
876434400000,0.0
876438000000,0.001
876441600000,0.001
876445200000,0.001
876448800000,0.0
876452400000,0.0
876456000000,0.0
876459600000,0.0
876463200000,0.006
876466800000,0.015
876470400000,0.023
876474000000,0.028
876477600000,0.031
876481200000,0.034
876484800000,0.031
876488400000,0.017
876492000000,0.005
876495600000,0.002
876499200000,0.0
876502800000,0.0
876506400000,0.0
876510000000,0.0
876513600000,0.001
876517200000,0.003
876520800000,0.004
876524400000,0.003
876528000000,0.002
876531600000,0.002
876535200000,0.002
876538800000,0.0
876542400000,0.0
876546000000,0.0
876549600000,0.0
876553200000,0.0
876556800000,0.001
876560400000,0.005
876564000000,0.009
876567600000,0.012
876571200000,0.013
876574800000,0.012
876578400000,0.011
876582000000,0.008
876585600000,0.007
876589200000,0.005
876592800000,0.003
876596400000,0.002
876600000000,0.002
876603600000,0.002
876607200000,0.002
876610800000,0.001
876614400000,0.001
876618000000,0.001
876621600000,0.001
876625200000,0.002
876628800000,0.002
876632400000,0.003
876636000000,0.005
876639600000,0.006
876643200000,0.009
876646800000,0.011
876650400000,0.008
876654000000,0.007
876657600000,0.008
876661200000,0.011
876664800000,0.008
876668400000,0.002
876672000000,0.001
876675600000,0.001
876679200000,0.0
876682800000,0.0
876686400000,0.0
876690000000,0.0
876693600000,0.001
876697200000,0.001
876700800000,0.001
876704400000,0.001
876708000000,0.0
876711600000,0.0
876715200000,0.0
876718800000,0.0
876722400000,0.001
876726000000,0.005
876729600000,0.009
876733200000,0.013
876736800000,0.011
876740400000,0.008
876744000000,0.005
876747600000,0.003
876751200000,0.002
876754800000,0.002
876758400000,0.004
876762000000,0.008
876765600000,0.013
876769200000,0.018
876772800000,0.022
876776400000,0.026
876780000000,0.025
876783600000,0.025
876787200000,0.026
876790800000,0.029
876794400000,0.03
876798000000,0.034
876801600000,0.038
876805200000,0.043
876808800000,0.053
876812400000,0.061
876816000000,0.07
876819600000,0.089
876823200000,0.105
876826800000,0.115
876830400000,0.119
876834000000,0.114
876837600000,0.104
876841200000,0.094
876844800000,0.087
876848400000,0.083
876852000000,0.083
876855600000,0.081
876859200000,0.077
876862800000,0.067
876866400000,0.046
876870000000,0.043
876873600000,0.038
876877200000,0.035
876880800000,0.031
876884400000,0.027
876888000000,0.025
876891600000,0.022
876895200000,0.022
876898800000,0.023
876902400000,0.025
876906000000,0.033
876909600000,0.036
876913200000,0.036
876916800000,0.033
876920400000,0.025
876924000000,0.014
876927600000,0.009
876931200000,0.008
876934800000,0.009
876938400000,0.011
876942000000,0.012
876945600000,0.012
876949200000,0.011
876952800000,0.006
876956400000,0.003
876960000000,0.002
876963600000,0.001
876967200000,0.0
876970800000,0.0
876974400000,0.0
876978000000,0.0
876981600000,0.0
876985200000,0.002
876988800000,0.005
876992400000,0.011
876996000000,0.016
876999600000,0.016
877003200000,0.013
877006800000,0.011
877010400000,0.007
877014000000,0.003
877017600000,0.001
877021200000,0.001
877024800000,0.002
877028400000,0.003
877032000000,0.004
877035600000,0.005
877039200000,0.004
877042800000,0.004
877046400000,0.002
877050000000,0.001
877053600000,0.0
877057200000,0.0
877060800000,0.0
877064400000,0.001
877068000000,0.001
877071600000,0.001
877075200000,0.001
877078800000,0.0
877082400000,0.0
877086000000,0.0
877089600000,0.0
877093200000,0.0
877096800000,0.0
877100400000,0.0
877104000000,0.001
877107600000,0.004
877111200000,0.009
877114800000,0.024
877118400000,0.048
877122000000,0.068
877125600000,0.067
877129200000,0.063
877132800000,0.068
877136400000,0.071
877140000000,0.069
877143600000,0.067
877147200000,0.063
877150800000,0.062
877154400000,0.072
877158000000,0.087
877161600000,0.103
877165200000,0.129
877168800000,0.143
877172400000,0.144
877176000000,0.137
877179600000,0.139
877183200000,0.148
877186800000,0.168
877190400000,0.18
877194000000,0.167
877197600000,0.137
877201200000,0.112
877204800000,0.1
877208400000,0.086
877212000000,0.064
877215600000,0.083
877219200000,0.105
877222800000,0.123
877226400000,0.141
877230000000,0.153
877233600000,0.15
877237200000,0.14
877240800000,0.117
877244400000,0.088
877248000000,0.099
877251600000,0.156
877255200000,0.223
877258800000,0.27
877262400000,0.309
877266000000,0.357
877269600000,0.395
877273200000,0.398
877276800000,0.372
877280400000,0.334
877284000000,0.294
877287600000,0.245
877291200000,0.185
877294800000,0.123
877298400000,0.069
877302000000,0.053
877305600000,0.064
877309200000,0.088
877312800000,0.11
877316400000,0.128
877320000000,0.14
877323600000,0.141
877327200000,0.123
877330800000,0.108
877334400000,0.105
877338000000,0.133
877341600000,0.18
877345200000,0.241
877348800000,0.311
877352400000,0.354
877356000000,0.369
877359600000,0.346
877363200000,0.305
877366800000,0.261
877370400000,0.223
877374000000,0.187
877377600000,0.157
877381200000,0.135
877384800000,0.105
877388400000,0.101
877392000000,0.105
877395600000,0.105
877399200000,0.102
877402800000,0.108
877406400000,0.12
877410000000,0.123
877413600000,0.113
877417200000,0.103
877420800000,0.102
877424400000,0.136
877428000000,0.178
877431600000,0.193
877435200000,0.182
877438800000,0.188
877442400000,0.198
877446000000,0.182
877449600000,0.171
877453200000,0.155
877456800000,0.138
877460400000,0.123
877464000000,0.106
877467600000,0.101
877471200000,0.091
877474800000,0.082
877478400000,0.08
877482000000,0.087
877485600000,0.1
877489200000,0.112
877492800000,0.115
877496400000,0.113
877500000000,0.101
877503600000,0.085
877507200000,0.068
877510800000,0.069
877514400000,0.084
877518000000,0.113
877521600000,0.157
877525200000,0.176
877528800000,0.209
877532400000,0.235
877536000000,0.219
877539600000,0.169
877543200000,0.121
877546800000,0.103
877550400000,0.094
877554000000,0.089
877557600000,0.081
877561200000,0.064
877564800000,0.05
877568400000,0.034
877572000000,0.026
877575600000,0.022
877579200000,0.019
877582800000,0.016
877586400000,0.014
877590000000,0.011
877593600000,0.01
877597200000,0.009
877600800000,0.007
877604400000,0.006
877608000000,0.009
877611600000,0.01
877615200000,0.009
877618800000,0.005
877622400000,0.001
877626000000,0.0
877629600000,0.0
877633200000,0.0
877636800000,0.0
877640400000,0.0
877644000000,0.0
877647600000,0.0
877651200000,0.0
877654800000,0.0
877658400000,0.0
877662000000,0.0
877665600000,0.0
877669200000,0.0
877672800000,0.0
877676400000,0.0
877680000000,0.0
877683600000,0.001
877687200000,0.002
877690800000,0.002
877694400000,0.001
877698000000,0.001
877701600000,0.001
877705200000,0.002
877708800000,0.002
877712400000,0.002
877716000000,0.002
877719600000,0.002
877723200000,0.003
877726800000,0.008
877730400000,0.018
877734000000,0.029
877737600000,0.039
877741200000,0.042
877744800000,0.045
877748400000,0.035
877752000000,0.018
877755600000,0.006
877759200000,0.002
877762800000,0.001
877766400000,0.001
877770000000,0.002
877773600000,0.004
877777200000,0.005
877780800000,0.009
877784400000,0.019
877788000000,0.026
877791600000,0.023
877795200000,0.014
877798800000,0.01
877802400000,0.008
877806000000,0.008
877809600000,0.011
877813200000,0.019
877816800000,0.024
877820400000,0.029
877824000000,0.031
877827600000,0.029
877831200000,0.027
877834800000,0.028
877838400000,0.031
877842000000,0.034
877845600000,0.037
877849200000,0.042
877852800000,0.046
877856400000,0.056
877860000000,0.061
877863600000,0.049
877867200000,0.034
877870800000,0.022
877874400000,0.014
877878000000,0.007
877881600000,0.004
877885200000,0.003
877888800000,0.003
877892400000,0.005
877896000000,0.006
877899600000,0.008
877903200000,0.011
877906800000,0.014
877910400000,0.013
877914000000,0.011
877917600000,0.008
877921200000,0.005
877924800000,0.005
877928400000,0.007
877932000000,0.008
877935600000,0.009
877939200000,0.008
877942800000,0.01
877946400000,0.019
877950000000,0.024
877953600000,0.012
877957200000,0.002
877960800000,0.0
877964400000,0.0
877968000000,0.0
877971600000,0.0
877975200000,0.002
877978800000,0.001
877982400000,0.0
877986000000,0.002
877989600000,0.012
877993200000,0.014
877996800000,0.011
878000400000,0.006
878004000000,0.005
878007600000,0.004
878011200000,0.002
878014800000,0.001
878018400000,0.002
878022000000,0.013
878025600000,0.029
878029200000,0.054
878032800000,0.067
878036400000,0.068
878040000000,0.061
878043600000,0.047
878047200000,0.037
878050800000,0.034
878054400000,0.041
878058000000,0.06
878061600000,0.085
878065200000,0.107
878068800000,0.115
878072400000,0.091
878076000000,0.054
878079600000,0.038
878083200000,0.025
878086800000,0.019
878090400000,0.013
878094000000,0.011
878097600000,0.011
878101200000,0.007
878104800000,0.006
878108400000,0.021
878112000000,0.03
878115600000,0.036
878119200000,0.039
878122800000,0.037
878126400000,0.029
878130000000,0.019
878133600000,0.012
878137200000,0.008
878140800000,0.007
878144400000,0.008
878148000000,0.008
878151600000,0.005
878155200000,0.002
878158800000,0.001
878162400000,0.002
878166000000,0.004
878169600000,0.006
878173200000,0.012
878176800000,0.026
878180400000,0.053
878184000000,0.078
878187600000,0.097
878191200000,0.108
878194800000,0.101
878198400000,0.078
878202000000,0.06
878205600000,0.054
878209200000,0.055
878212800000,0.06
878216400000,0.068
878220000000,0.071
878223600000,0.059
878227200000,0.043
878230800000,0.033
878234400000,0.023
878238000000,0.017
878241600000,0.012
878245200000,0.007
878248800000,0.002
878252400000,0.0
878256000000,0.0
878259600000,0.0
878263200000,0.0
878266800000,0.0
878270400000,0.001
878274000000,0.001
878277600000,0.003
878281200000,0.005
878284800000,0.006
878288400000,0.008
878292000000,0.007
878295600000,0.004
878299200000,0.001
878302800000,0.0
878306400000,0.0
878310000000,0.0
878313600000,0.0
878317200000,0.0
878320800000,0.0
878324400000,0.001
878328000000,0.006
878331600000,0.022
878335200000,0.025
878338800000,0.015
878342400000,0.009
878346000000,0.008
878349600000,0.008
878353200000,0.006
878356800000,0.003
878360400000,0.002
878364000000,0.002
878367600000,0.003
878371200000,0.006
878374800000,0.018
878378400000,0.037
878382000000,0.058
878385600000,0.076
878389200000,0.096
878392800000,0.088
878396400000,0.046
878400000000,0.03
878403600000,0.025
878407200000,0.028
878410800000,0.037
878414400000,0.05
878418000000,0.058
878421600000,0.045
878425200000,0.04
878428800000,0.039
878432400000,0.037
878436000000,0.041
878439600000,0.042
878443200000,0.037
878446800000,0.034
878450400000,0.038
878454000000,0.055
878457600000,0.084
878461200000,0.114
878464800000,0.129
878468400000,0.132
878472000000,0.106
878475600000,0.076
878479200000,0.056
878482800000,0.046
878486400000,0.04
878490000000,0.036
878493600000,0.029
878497200000,0.025
878500800000,0.024
878504400000,0.026
878508000000,0.023
878511600000,0.017
878515200000,0.011
878518800000,0.005
878522400000,0.002
878526000000,0.0
878529600000,0.0
878533200000,0.0
878536800000,0.0
878540400000,0.019
878544000000,0.048
878547600000,0.08
878551200000,0.09
878554800000,0.087
878558400000,0.074
878562000000,0.051
878565600000,0.02
878569200000,0.005
878572800000,0.004
878576400000,0.006
878580000000,0.008
878583600000,0.006
878587200000,0.004
878590800000,0.001
878594400000,0.0
878598000000,0.0
878601600000,0.0
878605200000,0.0
878608800000,0.0
878612400000,0.0
878616000000,0.0
878619600000,0.0
878623200000,0.0
878626800000,0.003
878630400000,0.008
878634000000,0.021
878637600000,0.039
878641200000,0.059
878644800000,0.064
878648400000,0.029
878652000000,0.014
878655600000,0.004
878659200000,0.0
878662800000,0.0
878666400000,0.0
878670000000,0.0
878673600000,0.0
878677200000,0.0
878680800000,0.0
878684400000,0.0
878688000000,0.0
878691600000,0.0
878695200000,0.0
878698800000,0.0
878702400000,0.0
878706000000,0.0
878709600000,0.0
878713200000,0.005
878716800000,0.014
878720400000,0.034
878724000000,0.042
878727600000,0.038
878731200000,0.037
878734800000,0.035
878738400000,0.03
878742000000,0.024
878745600000,0.02
878749200000,0.019
878752800000,0.019
878756400000,0.022
878760000000,0.026
878763600000,0.027
878767200000,0.021
878770800000,0.024
878774400000,0.021
878778000000,0.019
878781600000,0.018
878785200000,0.018
878788800000,0.016
878792400000,0.015
878796000000,0.032
878799600000,0.051
878803200000,0.075
878806800000,0.112
878810400000,0.153
878814000000,0.193
878817600000,0.23
878821200000,0.249
878824800000,0.246
878828400000,0.182
878832000000,0.144
878835600000,0.158
878839200000,0.177
878842800000,0.167
878846400000,0.163
878850000000,0.17
878853600000,0.17
878857200000,0.205
878860800000,0.22
878864400000,0.218
878868000000,0.22
878871600000,0.22
878875200000,0.233
878878800000,0.261
878882400000,0.31
878886000000,0.376
878889600000,0.43
878893200000,0.46
878896800000,0.466
878900400000,0.471
878904000000,0.464
878907600000,0.457
878911200000,0.454
878914800000,0.395
878918400000,0.328
878922000000,0.32
878925600000,0.328
878929200000,0.314
878932800000,0.289
878936400000,0.263
878940000000,0.224
878943600000,0.233
878947200000,0.22
878950800000,0.18
878954400000,0.144
878958000000,0.11
878961600000,0.087
878965200000,0.079
878968800000,0.086
878972400000,0.108
878976000000,0.14
878979600000,0.177
878983200000,0.206
878986800000,0.246
878990400000,0.279
878994000000,0.279
878997600000,0.259
879001200000,0.255
879004800000,0.266
879008400000,0.294
879012000000,0.331
879015600000,0.352
879019200000,0.301
879022800000,0.2
879026400000,0.118
879030000000,0.101
879033600000,0.092
879037200000,0.078
879040800000,0.062
879044400000,0.051
879048000000,0.048
879051600000,0.054
879055200000,0.07
879058800000,0.098
879062400000,0.139
879066000000,0.194
879069600000,0.233
879073200000,0.236
879076800000,0.22
879080400000,0.189
879084000000,0.154
879087600000,0.122
879091200000,0.101
879094800000,0.093
879098400000,0.092
879102000000,0.09
879105600000,0.086
879109200000,0.078
879112800000,0.06
879116400000,0.051
879120000000,0.044
879123600000,0.037
879127200000,0.032
879130800000,0.031
879134400000,0.035
879138000000,0.04
879141600000,0.045
879145200000,0.051
879148800000,0.06
879152400000,0.077
879156000000,0.086
879159600000,0.091
879163200000,0.09
879166800000,0.083
879170400000,0.078
879174000000,0.074
879177600000,0.072
879181200000,0.069
879184800000,0.066
879188400000,0.065
879192000000,0.064
879195600000,0.065
879199200000,0.06
879202800000,0.06
879206400000,0.061
879210000000,0.061
879213600000,0.06
879217200000,0.055
879220800000,0.054
879224400000,0.058
879228000000,0.068
879231600000,0.081
879235200000,0.096
879238800000,0.125
879242400000,0.148
879246000000,0.167
879249600000,0.168
879253200000,0.154
879256800000,0.13
879260400000,0.1
879264000000,0.076
879267600000,0.061
879271200000,0.056
879274800000,0.058
879278400000,0.061
879282000000,0.065
879285600000,0.055
879289200000,0.047
879292800000,0.044
879296400000,0.047
879300000000,0.058
879303600000,0.067
879307200000,0.065
879310800000,0.057
879314400000,0.048
879318000000,0.04
879321600000,0.035
879325200000,0.044
879328800000,0.054
879332400000,0.067
879336000000,0.074
879339600000,0.077
879343200000,0.084
879346800000,0.084
879350400000,0.082
879354000000,0.073
879357600000,0.057
879361200000,0.038
879364800000,0.025
879368400000,0.012
879372000000,0.005
879375600000,0.002
879379200000,0.002
879382800000,0.001
879386400000,0.0
879390000000,0.0
879393600000,0.0
879397200000,0.0
879400800000,0.001
879404400000,0.006
879408000000,0.012
879411600000,0.012
879415200000,0.007
879418800000,0.004
879422400000,0.003
879426000000,0.003
879429600000,0.002
879433200000,0.001
879436800000,0.001
879440400000,0.0
879444000000,0.0
879447600000,0.0
879451200000,0.0
879454800000,0.0
879458400000,0.001
879462000000,0.001
879465600000,0.002
879469200000,0.001
879472800000,0.001
879476400000,0.002
879480000000,0.006
879483600000,0.017
879487200000,0.027
879490800000,0.038
879494400000,0.045
879498000000,0.045
879501600000,0.032
879505200000,0.024
879508800000,0.018
879512400000,0.012
879516000000,0.007
879519600000,0.004
879523200000,0.002
879526800000,0.001
879530400000,0.001
879534000000,0.001
879537600000,0.002
879541200000,0.006
879544800000,0.013
879548400000,0.022
879552000000,0.039
879555600000,0.06
879559200000,0.072
879562800000,0.076
879566400000,0.077
879570000000,0.074
879573600000,0.068
879577200000,0.052
879580800000,0.041
879584400000,0.035
879588000000,0.03
879591600000,0.026
879595200000,0.022
879598800000,0.014
879602400000,0.006
879606000000,0.002
879609600000,0.001
879613200000,0.0
879616800000,0.0
879620400000,0.0
879624000000,0.0
879627600000,0.0
879631200000,0.001
879634800000,0.003
879638400000,0.003
879642000000,0.004
879645600000,0.005
879649200000,0.005
879652800000,0.004
879656400000,0.004
879660000000,0.006
879663600000,0.01
879667200000,0.015
879670800000,0.029
879674400000,0.045
879678000000,0.06
879681600000,0.072
879685200000,0.072
879688800000,0.057
879692400000,0.041
879696000000,0.033
879699600000,0.031
879703200000,0.035
879706800000,0.038
879710400000,0.035
879714000000,0.034
879717600000,0.033
879721200000,0.037
879724800000,0.046
879728400000,0.058
879732000000,0.075
879735600000,0.084
879739200000,0.084
879742800000,0.082
879746400000,0.079
879750000000,0.076
879753600000,0.073
879757200000,0.08
879760800000,0.083
879764400000,0.08
879768000000,0.071
879771600000,0.058
879775200000,0.045
879778800000,0.03
879782400000,0.021
879786000000,0.017
879789600000,0.015
879793200000,0.015
879796800000,0.016
879800400000,0.025
879804000000,0.035
879807600000,0.046
879811200000,0.058
879814800000,0.071
879818400000,0.092
879822000000,0.102
879825600000,0.111
879829200000,0.119
879832800000,0.124
879836400000,0.123
879840000000,0.118
879843600000,0.128
879847200000,0.136
879850800000,0.141
879854400000,0.149
879858000000,0.151
879861600000,0.146
879865200000,0.134
879868800000,0.12
879872400000,0.112
879876000000,0.112
879879600000,0.114
879883200000,0.12
879886800000,0.106
879890400000,0.073
879894000000,0.056
879897600000,0.05
879901200000,0.059
879904800000,0.069
879908400000,0.082
879912000000,0.093
879915600000,0.1
879919200000,0.104
879922800000,0.097
879926400000,0.087
879930000000,0.093
879933600000,0.103
879937200000,0.132
879940800000,0.169
879944400000,0.187
879948000000,0.187
879951600000,0.173
879955200000,0.17
879958800000,0.209
879962400000,0.272
879966000000,0.353
879969600000,0.415
879973200000,0.428
879976800000,0.386
879980400000,0.371
879984000000,0.414
879987600000,0.425
879991200000,0.442
879994800000,0.449
879998400000,0.445
880002000000,0.44
880005600000,0.435
880009200000,0.415
880012800000,0.357
880016400000,0.334
880020000000,0.335
880023600000,0.337
880027200000,0.332
880030800000,0.32
880034400000,0.315
880038000000,0.313
880041600000,0.305
880045200000,0.287
880048800000,0.272
880052400000,0.272
880056000000,0.285
880059600000,0.31
880063200000,0.31
880066800000,0.33
880070400000,0.358
880074000000,0.349
880077600000,0.335
880081200000,0.329
880084800000,0.327
880088400000,0.322
880092000000,0.312
880095600000,0.297
880099200000,0.26
880102800000,0.245
880106400000,0.237
880110000000,0.24
880113600000,0.243
880117200000,0.231
880120800000,0.231
880124400000,0.24
880128000000,0.229
880131600000,0.219
880135200000,0.216
880138800000,0.22
880142400000,0.245
880146000000,0.27
880149600000,0.258
880153200000,0.287
880156800000,0.338
880160400000,0.341
880164000000,0.315
880167600000,0.284
880171200000,0.249
880174800000,0.212
880178400000,0.181
880182000000,0.159
880185600000,0.145
880189200000,0.15
880192800000,0.152
880196400000,0.155
880200000000,0.156
880203600000,0.157
880207200000,0.158
880210800000,0.146
880214400000,0.131
880218000000,0.136
880221600000,0.147
880225200000,0.147
880228800000,0.146
880232400000,0.126
880236000000,0.094
880239600000,0.099
880243200000,0.115
880246800000,0.122
880250400000,0.125
880254000000,0.132
880257600000,0.138
880261200000,0.143
880264800000,0.144
880268400000,0.146
880272000000,0.141
880275600000,0.149
880279200000,0.151
880282800000,0.146
880286400000,0.14
880290000000,0.136
880293600000,0.139
880297200000,0.14
880300800000,0.147
880304400000,0.153
880308000000,0.167
880311600000,0.176
880315200000,0.178
880318800000,0.168
880322400000,0.137
880326000000,0.128
880329600000,0.135
880333200000,0.131
880336800000,0.131
880340400000,0.137
880344000000,0.147
880347600000,0.157
880351200000,0.169
880354800000,0.19
880358400000,0.219
880362000000,0.259
880365600000,0.282
880369200000,0.278
880372800000,0.257
880376400000,0.231
880380000000,0.207
880383600000,0.191
880387200000,0.176
880390800000,0.167
880394400000,0.159
880398000000,0.156
880401600000,0.156
880405200000,0.16
880408800000,0.137
880412400000,0.133
880416000000,0.14
880419600000,0.14
880423200000,0.144
880426800000,0.158
880430400000,0.177
880434000000,0.193
880437600000,0.208
880441200000,0.218
880444800000,0.21
880448400000,0.223
880452000000,0.221
880455600000,0.212
880459200000,0.196
880462800000,0.17
880466400000,0.138
880470000000,0.118
880473600000,0.108
880477200000,0.109
880480800000,0.118
880484400000,0.126
880488000000,0.142
880491600000,0.162
880495200000,0.16
880498800000,0.176
880502400000,0.21
880506000000,0.233
880509600000,0.255
880513200000,0.274
880516800000,0.295
880520400000,0.314
880524000000,0.329
880527600000,0.336
880531200000,0.323
880534800000,0.332
880538400000,0.332
880542000000,0.316
880545600000,0.291
880549200000,0.265
880552800000,0.248
880556400000,0.237
880560000000,0.222
880563600000,0.232
880567200000,0.255
880570800000,0.274
880574400000,0.29
880578000000,0.314
880581600000,0.325
880585200000,0.352
880588800000,0.454
880592400000,0.494
880596000000,0.495
880599600000,0.484
880603200000,0.474
880606800000,0.481
880610400000,0.501
880614000000,0.513
880617600000,0.496
880621200000,0.456
880624800000,0.449
880628400000,0.432
880632000000,0.383
880635600000,0.353
880639200000,0.328
880642800000,0.307
880646400000,0.311
880650000000,0.297
880653600000,0.285
880657200000,0.297
880660800000,0.296
880664400000,0.302
880668000000,0.281
880671600000,0.291
880675200000,0.332
880678800000,0.361
880682400000,0.371
880686000000,0.364
880689600000,0.338
880693200000,0.299
880696800000,0.251
880700400000,0.214
880704000000,0.19
880707600000,0.195
880711200000,0.195
880714800000,0.201
880718400000,0.218
880722000000,0.236
880725600000,0.264
880729200000,0.266
880732800000,0.285
880736400000,0.314
880740000000,0.358
880743600000,0.386
880747200000,0.391
880750800000,0.388
880754400000,0.341
880758000000,0.286
880761600000,0.289
880765200000,0.291
880768800000,0.266
880772400000,0.251
880776000000,0.233
880779600000,0.196
880783200000,0.149
880786800000,0.101
880790400000,0.068
880794000000,0.056
880797600000,0.054
880801200000,0.057
880804800000,0.059
880808400000,0.063
880812000000,0.068
880815600000,0.068
880819200000,0.065
880822800000,0.068
880826400000,0.078
880830000000,0.093
880833600000,0.111
880837200000,0.118
880840800000,0.119
880844400000,0.11
880848000000,0.127
880851600000,0.157
880855200000,0.194
880858800000,0.233
880862400000,0.267
880866000000,0.284
880869600000,0.281
880873200000,0.255
880876800000,0.223
880880400000,0.209
880884000000,0.204
880887600000,0.227
880891200000,0.281
880894800000,0.343
880898400000,0.381
880902000000,0.366
880905600000,0.355
880909200000,0.379
880912800000,0.411
880916400000,0.476
880920000000,0.525
880923600000,0.556
880927200000,0.586
880930800000,0.644
880934400000,0.693
880938000000,0.724
880941600000,0.732
880945200000,0.687
880948800000,0.611
880952400000,0.528
880956000000,0.457
880959600000,0.383
880963200000,0.313
880966800000,0.289
880970400000,0.294
880974000000,0.335
880977600000,0.368
880981200000,0.382
880984800000,0.386
880988400000,0.362
880992000000,0.325
880995600000,0.289
880999200000,0.271
881002800000,0.266
881006400000,0.266
881010000000,0.275
881013600000,0.278
881017200000,0.302
881020800000,0.392
881024400000,0.47
881028000000,0.526
881031600000,0.58
881035200000,0.613
881038800000,0.61
881042400000,0.574
881046000000,0.502
881049600000,0.391
881053200000,0.314
881056800000,0.274
881060400000,0.278
881064000000,0.332
881067600000,0.386
881071200000,0.429
881074800000,0.445
881078400000,0.432
881082000000,0.417
881085600000,0.424
881089200000,0.447
881092800000,0.472
881096400000,0.479
881100000000,0.398
881103600000,0.334
881107200000,0.366
881110800000,0.377
881114400000,0.376
881118000000,0.344
881121600000,0.297
881125200000,0.257
881128800000,0.219
881132400000,0.192
881136000000,0.18
881139600000,0.196
881143200000,0.2
881146800000,0.203
881150400000,0.193
881154000000,0.176
881157600000,0.182
881161200000,0.212
881164800000,0.249
881168400000,0.27
881172000000,0.276
881175600000,0.308
881179200000,0.367
881182800000,0.418
881186400000,0.428
881190000000,0.388
881193600000,0.391
881197200000,0.401
881200800000,0.422
881204400000,0.467
881208000000,0.513
881211600000,0.535
881215200000,0.545
881218800000,0.522
881222400000,0.48
881226000000,0.462
881229600000,0.483
881233200000,0.48
881236800000,0.482
881240400000,0.491
881244000000,0.535
881247600000,0.601
881251200000,0.638
881254800000,0.666
881258400000,0.679
881262000000,0.69
881265600000,0.701
881269200000,0.701
881272800000,0.698
881276400000,0.752
881280000000,0.82
881283600000,0.836
881287200000,0.839
881290800000,0.836
881294400000,0.823
881298000000,0.802
881301600000,0.785
881305200000,0.758
881308800000,0.695
881312400000,0.62
881316000000,0.59
881319600000,0.561
881323200000,0.554
881326800000,0.54
881330400000,0.525
881334000000,0.51
881337600000,0.506
881341200000,0.494
881344800000,0.489
881348400000,0.485
881352000000,0.51
881355600000,0.532
881359200000,0.514
881362800000,0.58
881366400000,0.661
881370000000,0.684
881373600000,0.676
881377200000,0.642
881380800000,0.593
881384400000,0.542
881388000000,0.495
881391600000,0.445
881395200000,0.369
881398800000,0.332
881402400000,0.32
881406000000,0.312
881409600000,0.301
881413200000,0.28
881416800000,0.261
881420400000,0.24
881424000000,0.227
881427600000,0.209
881431200000,0.195
881434800000,0.196
881438400000,0.214
881442000000,0.227
881445600000,0.218
881449200000,0.217
881452800000,0.221
881456400000,0.183
881460000000,0.139
881463600000,0.107
881467200000,0.093
881470800000,0.087
881474400000,0.083
881478000000,0.08
881481600000,0.084
881485200000,0.11
881488800000,0.135
881492400000,0.154
881496000000,0.158
881499600000,0.154
881503200000,0.152
881506800000,0.149
881510400000,0.12
881514000000,0.082
881517600000,0.075
881521200000,0.096
881524800000,0.106
881528400000,0.088
881532000000,0.05
881535600000,0.027
881539200000,0.016
881542800000,0.011
881546400000,0.01
881550000000,0.01
881553600000,0.014
881557200000,0.024
881560800000,0.04
881564400000,0.059
881568000000,0.079
881571600000,0.108
881575200000,0.133
881578800000,0.146
881582400000,0.151
881586000000,0.148
881589600000,0.134
881593200000,0.107
881596800000,0.074
881600400000,0.047
881604000000,0.029
881607600000,0.019
881611200000,0.015
881614800000,0.018
881618400000,0.021
881622000000,0.03
881625600000,0.037
881629200000,0.047
881632800000,0.061
881636400000,0.07
881640000000,0.074
881643600000,0.078
881647200000,0.08
881650800000,0.079
881654400000,0.075
881658000000,0.077
881661600000,0.078
881665200000,0.082
881668800000,0.093
881672400000,0.107
881676000000,0.125
881679600000,0.133
881683200000,0.134
881686800000,0.133
881690400000,0.127
881694000000,0.127
881697600000,0.132
881701200000,0.139
881704800000,0.145
881708400000,0.16
881712000000,0.224
881715600000,0.27
881719200000,0.3
881722800000,0.3
881726400000,0.291
881730000000,0.279
881733600000,0.266
881737200000,0.249
881740800000,0.223
881744400000,0.213
881748000000,0.204
881751600000,0.209
881755200000,0.208
881758800000,0.22
881762400000,0.231
881766000000,0.254
881769600000,0.289
881773200000,0.316
881776800000,0.334
881780400000,0.349
881784000000,0.358
881787600000,0.337
881791200000,0.278
881794800000,0.241
881798400000,0.256
881802000000,0.253
881805600000,0.257
881809200000,0.274
881812800000,0.291
881816400000,0.296
881820000000,0.294
881823600000,0.282
881827200000,0.257
881830800000,0.238
881834400000,0.227
881838000000,0.227
881841600000,0.204
881845200000,0.178
881848800000,0.147
881852400000,0.125
881856000000,0.112
881859600000,0.106
881863200000,0.108
881866800000,0.119
881870400000,0.135
881874000000,0.145
881877600000,0.139
881881200000,0.168
881884800000,0.227
881888400000,0.281
881892000000,0.332
881895600000,0.349
881899200000,0.358
881902800000,0.388
881906400000,0.413
881910000000,0.421
881913600000,0.386
881917200000,0.351
881920800000,0.327
881924400000,0.302
881928000000,0.261
881931600000,0.25
881935200000,0.233
881938800000,0.217
881942400000,0.213
881946000000,0.186
881949600000,0.151
881953200000,0.129
881956800000,0.127
881960400000,0.123
881964000000,0.136
881967600000,0.185
881971200000,0.275
881974800000,0.35
881978400000,0.412
881982000000,0.447
881985600000,0.472
881989200000,0.457
881992800000,0.41
881996400000,0.347
882000000000,0.311
882003600000,0.329
882007200000,0.368
882010800000,0.384
882014400000,0.362
882018000000,0.369
882021600000,0.372
882025200000,0.368
882028800000,0.358
882032400000,0.379
882036000000,0.413
882039600000,0.447
882043200000,0.485
882046800000,0.501
882050400000,0.477
882054000000,0.507
882057600000,0.547
882061200000,0.533
882064800000,0.513
882068400000,0.518
882072000000,0.527
882075600000,0.529
882079200000,0.529
882082800000,0.516
882086400000,0.476
882090000000,0.436
882093600000,0.402
882097200000,0.367
882100800000,0.332
882104400000,0.306
882108000000,0.293
882111600000,0.311
882115200000,0.35
882118800000,0.395
882122400000,0.432
882126000000,0.457
882129600000,0.47
882133200000,0.452
882136800000,0.413
882140400000,0.43
882144000000,0.485
882147600000,0.513
882151200000,0.532
882154800000,0.57
882158400000,0.618
882162000000,0.666
882165600000,0.71
882169200000,0.706
882172800000,0.663
882176400000,0.619
882180000000,0.591
882183600000,0.59
882187200000,0.587
882190800000,0.554
882194400000,0.552
882198000000,0.58
882201600000,0.599
882205200000,0.604
882208800000,0.615
882212400000,0.609
882216000000,0.583
882219600000,0.556
882223200000,0.529
882226800000,0.544
882230400000,0.599
882234000000,0.618
882237600000,0.631
882241200000,0.645
882244800000,0.658
882248400000,0.675
882252000000,0.695
882255600000,0.699
882259200000,0.682
882262800000,0.654
882266400000,0.618
882270000000,0.571
882273600000,0.504
882277200000,0.429
882280800000,0.361
882284400000,0.294
882288000000,0.274
882291600000,0.269
882295200000,0.289
882298800000,0.32
882302400000,0.345
882306000000,0.349
882309600000,0.349
882313200000,0.364
882316800000,0.413
882320400000,0.45
882324000000,0.444
882327600000,0.437
882331200000,0.441
882334800000,0.444
882338400000,0.454
882342000000,0.449
882345600000,0.407
882349200000,0.401
882352800000,0.397
882356400000,0.399
882360000000,0.382
882363600000,0.369
882367200000,0.371
882370800000,0.374
882374400000,0.376
882378000000,0.395
882381600000,0.422
882385200000,0.442
882388800000,0.454
882392400000,0.447
882396000000,0.404
882399600000,0.4
882403200000,0.398
882406800000,0.358
882410400000,0.334
882414000000,0.33
882417600000,0.333
882421200000,0.355
882424800000,0.398
882428400000,0.448
882432000000,0.475
882435600000,0.496
882439200000,0.486
882442800000,0.464
882446400000,0.433
882450000000,0.404
882453600000,0.373
882457200000,0.357
882460800000,0.331
882464400000,0.311
882468000000,0.31
882471600000,0.325
882475200000,0.343
882478800000,0.366
882482400000,0.325
882486000000,0.263
882489600000,0.24
882493200000,0.195
882496800000,0.158
882500400000,0.137
882504000000,0.13
882507600000,0.133
882511200000,0.154
882514800000,0.187
882518400000,0.233
882522000000,0.283
882525600000,0.313
882529200000,0.332
882532800000,0.315
882536400000,0.275
882540000000,0.236
882543600000,0.213
882547200000,0.201
882550800000,0.201
882554400000,0.196
882558000000,0.187
882561600000,0.184
882565200000,0.174
882568800000,0.136
882572400000,0.121
882576000000,0.152
882579600000,0.166
882583200000,0.17
882586800000,0.177
882590400000,0.186
882594000000,0.201
882597600000,0.214
882601200000,0.233
882604800000,0.27
882608400000,0.328
882612000000,0.368
882615600000,0.374
882619200000,0.334
882622800000,0.278
882626400000,0.232
882630000000,0.194
882633600000,0.159
882637200000,0.132
882640800000,0.114
882644400000,0.104
882648000000,0.099
882651600000,0.083
882655200000,0.061
882658800000,0.065
882662400000,0.07
882666000000,0.064
882669600000,0.061
882673200000,0.061
882676800000,0.068
882680400000,0.074
882684000000,0.09
882687600000,0.125
882691200000,0.172
882694800000,0.241
882698400000,0.302
882702000000,0.328
882705600000,0.337
882709200000,0.319
882712800000,0.288
882716400000,0.27
882720000000,0.251
882723600000,0.252
882727200000,0.258
882730800000,0.252
882734400000,0.255
882738000000,0.256
882741600000,0.221
882745200000,0.253
882748800000,0.261
882752400000,0.243
882756000000,0.211
882759600000,0.158
882763200000,0.113
882766800000,0.085
882770400000,0.076
882774000000,0.083
882777600000,0.105
882781200000,0.155
882784800000,0.208
882788400000,0.254
882792000000,0.273
882795600000,0.269
882799200000,0.253
882802800000,0.229
882806400000,0.205
882810000000,0.191
882813600000,0.187
882817200000,0.183
882820800000,0.176
882824400000,0.169
882828000000,0.146
882831600000,0.14
882835200000,0.137
882838800000,0.126
882842400000,0.111
882846000000,0.091
882849600000,0.077
882853200000,0.072
882856800000,0.081
882860400000,0.094
882864000000,0.114
882867600000,0.155
882871200000,0.201
882874800000,0.237
882878400000,0.271
882882000000,0.297
882885600000,0.306
882889200000,0.306
882892800000,0.3
882896400000,0.294
882900000000,0.291
882903600000,0.31
882907200000,0.336
882910800000,0.361
882914400000,0.34
882918000000,0.339
882921600000,0.345
882925200000,0.333
882928800000,0.319
882932400000,0.295
882936000000,0.265
882939600000,0.242
882943200000,0.227
882946800000,0.22
882950400000,0.214
882954000000,0.227
882957600000,0.241
882961200000,0.264
882964800000,0.282
882968400000,0.305
882972000000,0.311
882975600000,0.314
882979200000,0.312
882982800000,0.32
882986400000,0.324
882990000000,0.32
882993600000,0.308
882997200000,0.315
883000800000,0.296
883004400000,0.301
883008000000,0.362
883011600000,0.391
883015200000,0.407
883018800000,0.4
883022400000,0.379
883026000000,0.356
883029600000,0.33
883033200000,0.315
883036800000,0.312
883040400000,0.306
883044000000,0.286
883047600000,0.259
883051200000,0.243
883054800000,0.194
883058400000,0.144
883062000000,0.131
883065600000,0.125
883069200000,0.138
883072800000,0.162
883076400000,0.191
883080000000,0.251
883083600000,0.29
883087200000,0.279
883090800000,0.32
883094400000,0.361
883098000000,0.382
883101600000,0.411
883105200000,0.454
883108800000,0.501
883112400000,0.544
883116000000,0.578
883119600000,0.569
883123200000,0.515
883126800000,0.479
883130400000,0.478
883134000000,0.477
883137600000,0.489
883141200000,0.491
883144800000,0.479
883148400000,0.467
883152000000,0.449
883155600000,0.432
883159200000,0.446
883162800000,0.459
883166400000,0.481
883170000000,0.494
883173600000,0.501
883177200000,0.506
883180800000,0.602
883184400000,0.665
883188000000,0.702
883191600000,0.741
883195200000,0.772
883198800000,0.8
883202400000,0.825
883206000000,0.84
883209600000,0.821
883213200000,0.791
883216800000,0.772
883220400000,0.754
883224000000,0.74
883227600000,0.72
883231200000,0.711
883234800000,0.722
883238400000,0.744
883242000000,0.748
883245600000,0.731
883249200000,0.714
883252800000,0.697
883256400000,0.677
883260000000,0.657
883263600000,0.681
883267200000,0.756
883270800000,0.795
883274400000,0.808
883278000000,0.804
883281600000,0.799
883285200000,0.796
883288800000,0.793
883292400000,0.774
883296000000,0.728
883299600000,0.7
883303200000,0.681
883306800000,0.621
883310400000,0.58
883314000000,0.501
883317600000,0.434
883321200000,0.41
883324800000,0.421
883328400000,0.423
883332000000,0.404
883335600000,0.416
883339200000,0.429
883342800000,0.433
883346400000,0.431
883350000000,0.506
883353600000,0.625
883357200000,0.686
883360800000,0.71
883364400000,0.678
883368000000,0.625
883371600000,0.601
883375200000,0.593
883378800000,0.571
883382400000,0.518
883386000000,0.518
883389600000,0.528
883393200000,0.489
883396800000,0.445
883400400000,0.401
883404000000,0.367
883407600000,0.346
883411200000,0.32
883414800000,0.313
883418400000,0.322
883422000000,0.338
883425600000,0.347
883429200000,0.336
883432800000,0.276
883436400000,0.266
883440000000,0.294
883443600000,0.261
883447200000,0.202
883450800000,0.163
883454400000,0.144
883458000000,0.14
883461600000,0.141
883465200000,0.142
883468800000,0.14
883472400000,0.162
883476000000,0.18
883479600000,0.18
883483200000,0.171
883486800000,0.186
883490400000,0.208
883494000000,0.215
883497600000,0.233
883501200000,0.266
883504800000,0.323
883508400000,0.407
883512000000,0.468
883515600000,0.472
883519200000,0.48
883522800000,0.568
883526400000,0.635
883530000000,0.654
883533600000,0.664
883537200000,0.685
883540800000,0.706
883544400000,0.713
883548000000,0.712
883551600000,0.675
883555200000,0.616
883558800000,0.552
883562400000,0.493
883566000000,0.454
883569600000,0.447
883573200000,0.437
883576800000,0.442
883580400000,0.481
883584000000,0.541
883587600000,0.585
883591200000,0.589
883594800000,0.592
883598400000,0.613
883602000000,0.638
883605600000,0.623
883609200000,0.682
