,L12
852076800000,0.433
852080400000,0.577
852084000000,0.661
852087600000,0.689
852091200000,0.675
852094800000,0.611
852098400000,0.508
852102000000,0.348
852105600000,0.149
852109200000,0.0
852112800000,0.0
852116400000,0.0
852120000000,0.0
852123600000,0.0
852127200000,0.0
852130800000,0.0
852134400000,0.0
852138000000,0.0
852141600000,0.0
852145200000,0.0
852148800000,0.0
852152400000,0.0
852156000000,0.021
852159600000,0.177
852163200000,0.407
852166800000,0.494
852170400000,0.548
852174000000,0.533
852177600000,0.555
852181200000,0.552
852184800000,0.467
852188400000,0.32
852192000000,0.138
852195600000,0.0
852199200000,0.0
852202800000,0.0
852206400000,0.0
852210000000,0.0
852213600000,0.0
852217200000,0.0
852220800000,0.0
852224400000,0.0
852228000000,0.0
852231600000,0.0
852235200000,0.0
852238800000,0.0
852242400000,0.029
852246000000,0.233
852249600000,0.423
852253200000,0.575
852256800000,0.664
852260400000,0.696
852264000000,0.681
852267600000,0.619
852271200000,0.506
852274800000,0.313
852278400000,0.13
852282000000,0.0
852285600000,0.0
852289200000,0.0
852292800000,0.0
852296400000,0.0
852300000000,0.0
852303600000,0.0
852307200000,0.0
852310800000,0.0
852314400000,0.0
852318000000,0.0
852321600000,0.0
852325200000,0.0
852328800000,0.033
852332400000,0.24
852336000000,0.429
852339600000,0.569
852343200000,0.656
852346800000,0.694
852350400000,0.68
852354000000,0.617
852357600000,0.513
852361200000,0.335
852364800000,0.124
852368400000,0.0
852372000000,0.0
852375600000,0.0
852379200000,0.0
852382800000,0.0
852386400000,0.0
852390000000,0.0
852393600000,0.0
852397200000,0.0
852400800000,0.0
852404400000,0.0
852408000000,0.0
852411600000,0.0
852415200000,0.026
852418800000,0.222
852422400000,0.411
852426000000,0.556
852429600000,0.647
852433200000,0.686
852436800000,0.676
852440400000,0.622
852444000000,0.51
852447600000,0.346
852451200000,0.142
852454800000,0.0
852458400000,0.0
852462000000,0.0
852465600000,0.0
852469200000,0.0
852472800000,0.0
852476400000,0.0
852480000000,0.0
852483600000,0.0
852487200000,0.0
852490800000,0.0
852494400000,0.0
852498000000,0.0
852501600000,0.028
852505200000,0.211
852508800000,0.42
852512400000,0.574
852516000000,0.676
852519600000,0.715
852523200000,0.705
852526800000,0.645
852530400000,0.524
852534000000,0.318
852537600000,0.129
852541200000,0.0
852544800000,0.0
852548400000,0.0
852552000000,0.0
852555600000,0.0
852559200000,0.0
852562800000,0.0
852566400000,0.0
852570000000,0.0
852573600000,0.0
852577200000,0.0
852580800000,0.0
852584400000,0.0
852588000000,0.026
852591600000,0.212
852595200000,0.404
852598800000,0.543
852602400000,0.604
852606000000,0.65
852609600000,0.613
852613200000,0.561
852616800000,0.443
852620400000,0.299
852624000000,0.109
852627600000,0.0
852631200000,0.0
852634800000,0.0
852638400000,0.0
852642000000,0.0
852645600000,0.0
852649200000,0.0
852652800000,0.0
852656400000,0.0
852660000000,0.0
852663600000,0.0
852667200000,0.0
852670800000,0.0
852674400000,0.018
852678000000,0.174
852681600000,0.358
852685200000,0.517
852688800000,0.603
852692400000,0.618
852696000000,0.6
852699600000,0.497
852703200000,0.385
852706800000,0.257
852710400000,0.08
852714000000,0.0
852717600000,0.0
852721200000,0.0
852724800000,0.0
852728400000,0.0
852732000000,0.0
852735600000,0.0
852739200000,0.0
852742800000,0.0
852746400000,0.0
852750000000,0.0
852753600000,0.0
852757200000,0.0
852760800000,0.012
852764400000,0.142
852768000000,0.296
852771600000,0.408
852775200000,0.48
852778800000,0.507
852782400000,0.495
852786000000,0.436
852789600000,0.354
852793200000,0.218
852796800000,0.083
852800400000,0.0
852804000000,0.0
852807600000,0.0
852811200000,0.0
852814800000,0.0
852818400000,0.0
852822000000,0.0
852825600000,0.0
852829200000,0.0
852832800000,0.0
852836400000,0.0
852840000000,0.0
852843600000,0.0
852847200000,0.015
852850800000,0.16
852854400000,0.312
852858000000,0.433
852861600000,0.48
852865200000,0.538
852868800000,0.505
852872400000,0.466
852876000000,0.375
852879600000,0.228
852883200000,0.089
852886800000,0.0
852890400000,0.0
852894000000,0.0
852897600000,0.0
852901200000,0.0
852904800000,0.0
852908400000,0.0
852912000000,0.0
852915600000,0.0
852919200000,0.0
852922800000,0.0
852926400000,0.0
852930000000,0.0
852933600000,0.017
852937200000,0.167
852940800000,0.322
852944400000,0.45
852948000000,0.538
852951600000,0.557
852955200000,0.595
852958800000,0.535
852962400000,0.434
852966000000,0.274
852969600000,0.105
852973200000,0.0
852976800000,0.0
852980400000,0.0
852984000000,0.0
852987600000,0.0
852991200000,0.0
852994800000,0.0
852998400000,0.0
853002000000,0.0
853005600000,0.0
853009200000,0.0
853012800000,0.0
853016400000,0.0
853020000000,0.011
853023600000,0.135
853027200000,0.277
853030800000,0.392
853034400000,0.481
853038000000,0.544
853041600000,0.563
853045200000,0.535
853048800000,0.44
853052400000,0.269
853056000000,0.099
853059600000,0.0
853063200000,0.0
853066800000,0.0
853070400000,0.0
853074000000,0.0
853077600000,0.0
853081200000,0.0
853084800000,0.0
853088400000,0.0
853092000000,0.0
853095600000,0.0
853099200000,0.0
853102800000,0.0
853106400000,0.02
853110000000,0.197
853113600000,0.371
853117200000,0.507
853120800000,0.562
853124400000,0.609
853128000000,0.563
853131600000,0.516
853135200000,0.415
853138800000,0.27
853142400000,0.1
853146000000,0.0
853149600000,0.0
853153200000,0.0
853156800000,0.0
853160400000,0.0
853164000000,0.0
853167600000,0.0
853171200000,0.0
853174800000,0.0
853178400000,0.0
853182000000,0.0
853185600000,0.0
853189200000,0.0
853192800000,0.026
853196400000,0.206
853200000000,0.347
853203600000,0.457
853207200000,0.495
853210800000,0.507
853214400000,0.498
853218000000,0.454
853221600000,0.365
853225200000,0.228
853228800000,0.079
853232400000,0.0
853236000000,0.0
853239600000,0.0
853243200000,0.0
853246800000,0.0
853250400000,0.0
853254000000,0.0
853257600000,0.0
853261200000,0.0
853264800000,0.0
853268400000,0.0
853272000000,0.0
853275600000,0.0
853279200000,0.021
853282800000,0.205
853286400000,0.427
853290000000,0.572
853293600000,0.67
853297200000,0.707
853300800000,0.7
853304400000,0.639
853308000000,0.492
853311600000,0.31
853315200000,0.112
853318800000,0.0
853322400000,0.0
853326000000,0.0
853329600000,0.0
853333200000,0.0
853336800000,0.0
853340400000,0.0
853344000000,0.0
853347600000,0.0
853351200000,0.0
853354800000,0.0
853358400000,0.0
853362000000,0.0
853365600000,0.03
853369200000,0.224
853372800000,0.423
853376400000,0.563
853380000000,0.655
853383600000,0.692
853387200000,0.689
853390800000,0.629
853394400000,0.518
853398000000,0.348
853401600000,0.146
853405200000,0.0
853408800000,0.0
853412400000,0.0
853416000000,0.0
853419600000,0.0
853423200000,0.0
853426800000,0.0
853430400000,0.0
853434000000,0.0
853437600000,0.0
853441200000,0.0
853444800000,0.0
853448400000,0.0
853452000000,0.027
853455600000,0.202
853459200000,0.388
853462800000,0.561
853466400000,0.669
853470000000,0.711
853473600000,0.708
853477200000,0.652
853480800000,0.543
853484400000,0.382
853488000000,0.17
853491600000,0.0
853495200000,0.0
853498800000,0.0
853502400000,0.0
853506000000,0.0
853509600000,0.0
853513200000,0.0
853516800000,0.0
853520400000,0.0
853524000000,0.0
853527600000,0.0
853531200000,0.0
853534800000,0.0
853538400000,0.031
853542000000,0.221
853545600000,0.409
853549200000,0.552
853552800000,0.624
853556400000,0.655
853560000000,0.657
853563600000,0.584
853567200000,0.444
853570800000,0.253
853574400000,0.078
853578000000,0.0
853581600000,0.0
853585200000,0.0
853588800000,0.0
853592400000,0.0
853596000000,0.0
853599600000,0.0
853603200000,0.0
853606800000,0.0
853610400000,0.0
853614000000,0.0
853617600000,0.0
853621200000,0.0
853624800000,0.008
853628400000,0.095
853632000000,0.213
853635600000,0.333
853639200000,0.451
853642800000,0.551
853646400000,0.604
853650000000,0.555
853653600000,0.445
853657200000,0.3
853660800000,0.116
853664400000,0.0
853668000000,0.0
853671600000,0.0
853675200000,0.0
853678800000,0.0
853682400000,0.0
853686000000,0.0
853689600000,0.0
853693200000,0.0
853696800000,0.0
853700400000,0.0
853704000000,0.0
853707600000,0.0
853711200000,0.028
853714800000,0.217
853718400000,0.438
853722000000,0.585
853725600000,0.672
853729200000,0.716
853732800000,0.693
853736400000,0.639
853740000000,0.53
853743600000,0.37
853747200000,0.162
853750800000,0.0
853754400000,0.0
853758000000,0.0
853761600000,0.0
853765200000,0.0
853768800000,0.0
853772400000,0.0
853776000000,0.0
853779600000,0.0
853783200000,0.0
853786800000,0.0
853790400000,0.0
853794000000,0.0
853797600000,0.033
853801200000,0.213
853804800000,0.42
853808400000,0.572
853812000000,0.66
853815600000,0.699
853819200000,0.694
853822800000,0.654
853826400000,0.508
853830000000,0.371
853833600000,0.155
853837200000,0.0
853840800000,0.0
853844400000,0.0
853848000000,0.0
853851600000,0.0
853855200000,0.0
853858800000,0.0
853862400000,0.0
853866000000,0.0
853869600000,0.0
853873200000,0.0
853876800000,0.0
853880400000,0.0
853884000000,0.027
853887600000,0.187
853891200000,0.377
853894800000,0.534
853898400000,0.658
853902000000,0.702
853905600000,0.698
853909200000,0.623
853912800000,0.529
853916400000,0.373
853920000000,0.155
853923600000,0.0
853927200000,0.0
853930800000,0.0
853934400000,0.0
853938000000,0.0
853941600000,0.0
853945200000,0.0
853948800000,0.0
853952400000,0.0
853956000000,0.0
853959600000,0.0
853963200000,0.0
853966800000,0.0
853970400000,0.036
853974000000,0.241
853977600000,0.431
853981200000,0.57
853984800000,0.66
853988400000,0.692
853992000000,0.684
853995600000,0.605
853999200000,0.496
854002800000,0.339
854006400000,0.121
854010000000,0.0
854013600000,0.0
854017200000,0.0
854020800000,0.0
854024400000,0.0
854028000000,0.0
854031600000,0.0
854035200000,0.0
854038800000,0.0
854042400000,0.0
854046000000,0.0
854049600000,0.0
854053200000,0.0
854056800000,0.038
854060400000,0.249
854064000000,0.454
854067600000,0.598
854071200000,0.684
854074800000,0.719
854078400000,0.716
854082000000,0.659
854085600000,0.547
854089200000,0.386
854092800000,0.175
854096400000,0.002
854100000000,0.0
854103600000,0.0
854107200000,0.0
854110800000,0.0
854114400000,0.0
854118000000,0.0
854121600000,0.0
854125200000,0.0
854128800000,0.0
854132400000,0.0
854136000000,0.0
854139600000,0.0
854143200000,0.036
854146800000,0.243
854150400000,0.448
854154000000,0.595
854157600000,0.69
854161200000,0.732
854164800000,0.72
854168400000,0.656
854172000000,0.533
854175600000,0.349
854179200000,0.129
854182800000,0.0
854186400000,0.0
854190000000,0.0
854193600000,0.0
854197200000,0.0
854200800000,0.0
854204400000,0.0
854208000000,0.0
854211600000,0.0
854215200000,0.0
854218800000,0.0
854222400000,0.0
854226000000,0.0
854229600000,0.025
854233200000,0.201
854236800000,0.41
854240400000,0.546
854244000000,0.627
854247600000,0.657
854251200000,0.67
854254800000,0.625
854258400000,0.522
854262000000,0.364
854265600000,0.157
854269200000,0.0
854272800000,0.0
854276400000,0.0
854280000000,0.0
854283600000,0.0
854287200000,0.0
854290800000,0.0
854294400000,0.0
854298000000,0.0
854301600000,0.0
854305200000,0.0
854308800000,0.0
854312400000,0.0
854316000000,0.032
854319600000,0.222
854323200000,0.411
854326800000,0.538
854330400000,0.635
854334000000,0.678
854337600000,0.656
854341200000,0.587
854344800000,0.463
854348400000,0.306
854352000000,0.114
854355600000,0.0
854359200000,0.0
854362800000,0.0
854366400000,0.0
854370000000,0.0
854373600000,0.0
854377200000,0.0
854380800000,0.0
854384400000,0.0
854388000000,0.0
854391600000,0.0
854395200000,0.0
854398800000,0.0
854402400000,0.015
854406000000,0.141
854409600000,0.287
854413200000,0.409
854416800000,0.489
854420400000,0.522
854424000000,0.51
854427600000,0.444
854431200000,0.34
854434800000,0.195
854438400000,0.064
854442000000,0.0
854445600000,0.0
854449200000,0.0
854452800000,0.0
854456400000,0.0
854460000000,0.0
854463600000,0.0
854467200000,0.0
854470800000,0.0
854474400000,0.0
854478000000,0.0
854481600000,0.0
854485200000,0.0
854488800000,0.023
854492400000,0.183
854496000000,0.344
854499600000,0.476
854503200000,0.621
854506800000,0.656
854510400000,0.65
854514000000,0.594
854517600000,0.477
854521200000,0.299
854524800000,0.127
854528400000,0.0
854532000000,0.0
854535600000,0.0
854539200000,0.0
854542800000,0.0
854546400000,0.0
854550000000,0.0
854553600000,0.0
854557200000,0.0
854560800000,0.0
854564400000,0.0
854568000000,0.0
854571600000,0.0
854575200000,0.04
854578800000,0.23
854582400000,0.387
854586000000,0.471
854589600000,0.532
854593200000,0.591
854596800000,0.616
854600400000,0.601
854604000000,0.514
854607600000,0.35
854611200000,0.137
854614800000,0.0
854618400000,0.0
854622000000,0.0
854625600000,0.0
854629200000,0.0
854632800000,0.0
854636400000,0.0
854640000000,0.0
854643600000,0.0
854647200000,0.0
854650800000,0.0
854654400000,0.0
854658000000,0.0
854661600000,0.023
854665200000,0.177
854668800000,0.362
854672400000,0.511
854676000000,0.613
854679600000,0.667
854683200000,0.667
854686800000,0.618
854690400000,0.508
854694000000,0.348
854697600000,0.137
854701200000,0.0
854704800000,0.0
854708400000,0.0
854712000000,0.0
854715600000,0.0
854719200000,0.0
854722800000,0.0
854726400000,0.0
854730000000,0.0
854733600000,0.0
854737200000,0.0
854740800000,0.0
854744400000,0.0
854748000000,0.038
854751600000,0.232
854755200000,0.434
854758800000,0.572
854762400000,0.669
854766000000,0.704
854769600000,0.697
854773200000,0.635
854776800000,0.525
854780400000,0.357
854784000000,0.147
854787600000,0.001
854791200000,0.0
854794800000,0.0
854798400000,0.0
854802000000,0.0
854805600000,0.0
854809200000,0.0
854812800000,0.0
854816400000,0.0
854820000000,0.0
854823600000,0.0
854827200000,0.0
854830800000,0.0
854834400000,0.042
854838000000,0.25
854841600000,0.453
854845200000,0.576
854848800000,0.681
854852400000,0.726
854856000000,0.711
854859600000,0.651
854863200000,0.523
854866800000,0.376
854870400000,0.161
854874000000,0.001
854877600000,0.0
854881200000,0.0
854884800000,0.0
854888400000,0.0
854892000000,0.0
854895600000,0.0
854899200000,0.0
854902800000,0.0
854906400000,0.0
854910000000,0.0
854913600000,0.0
854917200000,0.0
854920800000,0.042
854924400000,0.235
854928000000,0.445
854931600000,0.593
854935200000,0.687
854938800000,0.713
854942400000,0.714
854946000000,0.657
854949600000,0.548
854953200000,0.386
854956800000,0.175
854960400000,0.003
854964000000,0.0
854967600000,0.0
854971200000,0.0
854974800000,0.0
854978400000,0.0
854982000000,0.0
854985600000,0.0
854989200000,0.0
854992800000,0.0
854996400000,0.0
855000000000,0.0
855003600000,0.0
855007200000,0.038
855010800000,0.221
855014400000,0.437
855018000000,0.574
855021600000,0.667
855025200000,0.703
855028800000,0.707
855032400000,0.652
855036000000,0.553
855039600000,0.394
855043200000,0.178
855046800000,0.004
855050400000,0.0
855054000000,0.0
855057600000,0.0
855061200000,0.0
855064800000,0.0
855068400000,0.0
855072000000,0.0
855075600000,0.0
855079200000,0.0
855082800000,0.0
855086400000,0.0
855090000000,0.0
855093600000,0.043
855097200000,0.238
855100800000,0.446
855104400000,0.589
855108000000,0.687
855111600000,0.727
855115200000,0.711
855118800000,0.635
855122400000,0.516
855126000000,0.356
855129600000,0.156
855133200000,0.001
855136800000,0.0
855140400000,0.0
855144000000,0.0
855147600000,0.0
855151200000,0.0
855154800000,0.0
855158400000,0.0
855162000000,0.0
855165600000,0.0
855169200000,0.0
855172800000,0.0
855176400000,0.0
855180000000,0.039
855183600000,0.227
855187200000,0.423
855190800000,0.577
855194400000,0.669
855198000000,0.705
855201600000,0.694
855205200000,0.627
855208800000,0.522
855212400000,0.352
855216000000,0.133
855219600000,0.0
855223200000,0.0
855226800000,0.0
855230400000,0.0
855234000000,0.0
855237600000,0.0
855241200000,0.0
855244800000,0.0
855248400000,0.0
855252000000,0.0
855255600000,0.0
855259200000,0.0
855262800000,0.0
855266400000,0.029
855270000000,0.194
855273600000,0.393
855277200000,0.519
855280800000,0.595
855284400000,0.642
855288000000,0.639
855291600000,0.592
855295200000,0.497
855298800000,0.346
855302400000,0.15
855306000000,0.001
855309600000,0.0
855313200000,0.0
855316800000,0.0
855320400000,0.0
855324000000,0.0
855327600000,0.0
855331200000,0.0
855334800000,0.0
855338400000,0.0
855342000000,0.0
855345600000,0.0
855349200000,0.0
855352800000,0.043
855356400000,0.24
855360000000,0.426
855363600000,0.541
855367200000,0.59
855370800000,0.589
855374400000,0.572
855378000000,0.471
855381600000,0.337
855385200000,0.175
855388800000,0.057
855392400000,0.0
855396000000,0.0
855399600000,0.0
855403200000,0.0
855406800000,0.0
855410400000,0.0
855414000000,0.0
855417600000,0.0
855421200000,0.0
855424800000,0.0
855428400000,0.0
855432000000,0.0
855435600000,0.0
855439200000,0.017
855442800000,0.136
855446400000,0.261
855450000000,0.369
855453600000,0.438
855457200000,0.486
855460800000,0.479
855464400000,0.442
855468000000,0.367
855471600000,0.234
855475200000,0.095
855478800000,0.0
855482400000,0.0
855486000000,0.0
855489600000,0.0
855493200000,0.0
855496800000,0.0
855500400000,0.0
855504000000,0.0
855507600000,0.0
855511200000,0.0
855514800000,0.0
855518400000,0.0
855522000000,0.0
855525600000,0.023
855529200000,0.151
855532800000,0.285
855536400000,0.37
855540000000,0.395
855543600000,0.428
855547200000,0.412
855550800000,0.386
855554400000,0.31
855558000000,0.201
855561600000,0.086
855565200000,0.0
855568800000,0.0
855572400000,0.0
855576000000,0.0
855579600000,0.0
855583200000,0.0
855586800000,0.0
855590400000,0.0
855594000000,0.0
855597600000,0.0
855601200000,0.0
855604800000,0.0
855608400000,0.0
855612000000,0.045
855615600000,0.233
855619200000,0.426
855622800000,0.558
855626400000,0.636
855630000000,0.667
855633600000,0.652
855637200000,0.596
855640800000,0.481
855644400000,0.319
855648000000,0.132
855651600000,0.003
855655200000,0.0
855658800000,0.0
855662400000,0.0
855666000000,0.0
855669600000,0.0
855673200000,0.0
855676800000,0.0
855680400000,0.0
855684000000,0.0
855687600000,0.0
855691200000,0.0
855694800000,0.0
855698400000,0.049
855702000000,0.247
855705600000,0.45
855709200000,0.583
855712800000,0.676
855716400000,0.706
855720000000,0.698
855723600000,0.644
855727200000,0.535
855730800000,0.338
855734400000,0.145
855738000000,0.003
855741600000,0.0
855745200000,0.0
855748800000,0.0
855752400000,0.0
855756000000,0.0
855759600000,0.0
855763200000,0.0
855766800000,0.0
855770400000,0.0
855774000000,0.0
855777600000,0.0
855781200000,0.0
855784800000,0.052
855788400000,0.254
855792000000,0.45
855795600000,0.582
855799200000,0.697
855802800000,0.742
855806400000,0.735
855810000000,0.677
855813600000,0.568
855817200000,0.402
855820800000,0.18
855824400000,0.005
855828000000,0.0
855831600000,0.0
855835200000,0.0
855838800000,0.0
855842400000,0.0
855846000000,0.0
855849600000,0.0
855853200000,0.0
855856800000,0.0
855860400000,0.0
855864000000,0.0
855867600000,0.0
855871200000,0.043
855874800000,0.226
855878400000,0.407
855882000000,0.556
855885600000,0.683
855889200000,0.728
855892800000,0.711
855896400000,0.646
855900000000,0.54
855903600000,0.367
855907200000,0.148
855910800000,0.002
855914400000,0.0
855918000000,0.0
855921600000,0.0
855925200000,0.0
855928800000,0.0
855932400000,0.0
855936000000,0.0
855939600000,0.0
855943200000,0.0
855946800000,0.0
855950400000,0.0
855954000000,0.0
855957600000,0.037
855961200000,0.223
855964800000,0.417
855968400000,0.542
855972000000,0.607
855975600000,0.666
855979200000,0.655
855982800000,0.597
855986400000,0.485
855990000000,0.326
855993600000,0.127
855997200000,0.003
856000800000,0.0
856004400000,0.0
856008000000,0.0
856011600000,0.0
856015200000,0.0
856018800000,0.0
856022400000,0.0
856026000000,0.0
856029600000,0.0
856033200000,0.0
856036800000,0.0
856040400000,0.0
856044000000,0.049
856047600000,0.241
856051200000,0.437
856054800000,0.593
856058400000,0.674
856062000000,0.717
856065600000,0.705
856069200000,0.647
856072800000,0.537
856076400000,0.382
856080000000,0.18
856083600000,0.008
856087200000,0.0
856090800000,0.0
856094400000,0.0
856098000000,0.0
856101600000,0.0
856105200000,0.0
856108800000,0.0
856112400000,0.0
856116000000,0.0
856119600000,0.0
856123200000,0.0
856126800000,0.0
856130400000,0.032
856134000000,0.179
856137600000,0.349
856141200000,0.479
856144800000,0.572
856148400000,0.63
856152000000,0.603
856155600000,0.542
856159200000,0.43
856162800000,0.283
856166400000,0.104
856170000000,0.0
856173600000,0.0
856177200000,0.0
856180800000,0.0
856184400000,0.0
856188000000,0.0
856191600000,0.0
856195200000,0.0
856198800000,0.0
856202400000,0.0
856206000000,0.0
856209600000,0.0
856213200000,0.0
856216800000,0.023
856220400000,0.134
856224000000,0.243
856227600000,0.332
856231200000,0.407
856234800000,0.475
856238400000,0.513
856242000000,0.499
856245600000,0.449
856249200000,0.336
856252800000,0.155
856256400000,0.004
856260000000,0.0
856263600000,0.0
856267200000,0.0
856270800000,0.0
856274400000,0.0
856278000000,0.0
856281600000,0.0
856285200000,0.0
856288800000,0.0
856292400000,0.0
856296000000,0.0
856299600000,0.0
856303200000,0.047
856306800000,0.23
856310400000,0.422
856314000000,0.554
856317600000,0.635
856321200000,0.658
856324800000,0.636
856328400000,0.558
856332000000,0.472
856335600000,0.328
856339200000,0.154
856342800000,0.005
856346400000,0.0
856350000000,0.0
856353600000,0.0
856357200000,0.0
856360800000,0.0
856364400000,0.0
856368000000,0.0
856371600000,0.0
856375200000,0.0
856378800000,0.0
856382400000,0.0
856386000000,0.0
856389600000,0.04
856393200000,0.225
856396800000,0.411
856400400000,0.528
856404000000,0.625
856407600000,0.626
856411200000,0.53
856414800000,0.412
856418400000,0.303
856422000000,0.19
856425600000,0.093
856429200000,0.002
856432800000,0.0
856436400000,0.0
856440000000,0.0
856443600000,0.0
856447200000,0.0
856450800000,0.0
856454400000,0.0
856458000000,0.0
856461600000,0.0
856465200000,0.0
856468800000,0.0
856472400000,0.0
856476000000,0.057
856479600000,0.267
856483200000,0.46
856486800000,0.613
856490400000,0.705
856494000000,0.743
856497600000,0.729
856501200000,0.672
856504800000,0.558
856508400000,0.396
856512000000,0.187
856515600000,0.007
856519200000,0.0
856522800000,0.0
856526400000,0.0
856530000000,0.0
856533600000,0.0
856537200000,0.0
856540800000,0.0
856544400000,0.0
856548000000,0.0
856551600000,0.0
856555200000,0.0
856558800000,0.0
856562400000,0.044
856566000000,0.212
856569600000,0.454
856573200000,0.589
856576800000,0.695
856580400000,0.736
856584000000,0.717
856587600000,0.673
856591200000,0.573
856594800000,0.402
856598400000,0.194
856602000000,0.007
856605600000,0.0
856609200000,0.0
856612800000,0.0
856616400000,0.0
856620000000,0.0
856623600000,0.0
856627200000,0.0
856630800000,0.0
856634400000,0.0
856638000000,0.0
856641600000,0.0
856645200000,0.0
856648800000,0.026
856652400000,0.149
856656000000,0.318
856659600000,0.527
856663200000,0.641
856666800000,0.705
856670400000,0.682
856674000000,0.634
856677600000,0.52
856681200000,0.346
856684800000,0.161
856688400000,0.007
856692000000,0.0
856695600000,0.0
856699200000,0.0
856702800000,0.0
856706400000,0.0
856710000000,0.0
856713600000,0.0
856717200000,0.0
856720800000,0.0
856724400000,0.0
856728000000,0.0
856731600000,0.0
856735200000,0.046
856738800000,0.232
856742400000,0.412
856746000000,0.491
856749600000,0.48
856753200000,0.416
856756800000,0.421
856760400000,0.421
856764000000,0.299
856767600000,0.189
856771200000,0.068
856774800000,0.0
856778400000,0.0
856782000000,0.0
856785600000,0.0
856789200000,0.0
856792800000,0.0
856796400000,0.0
856800000000,0.0
856803600000,0.0
856807200000,0.0
856810800000,0.0
856814400000,0.0
856818000000,0.0
856821600000,0.046
856825200000,0.254
856828800000,0.462
856832400000,0.623
856836000000,0.685
856839600000,0.691
856843200000,0.682
856846800000,0.63
856850400000,0.518
856854000000,0.349
856857600000,0.163
856861200000,0.01
856864800000,0.0
856868400000,0.0
856872000000,0.0
856875600000,0.0
856879200000,0.0
856882800000,0.0
856886400000,0.0
856890000000,0.0
856893600000,0.0
856897200000,0.0
856900800000,0.0
856904400000,0.0
856908000000,0.048
856911600000,0.224
856915200000,0.391
856918800000,0.59
856922400000,0.66
856926000000,0.683
856929600000,0.683
856933200000,0.607
856936800000,0.452
856940400000,0.279
856944000000,0.139
856947600000,0.009
856951200000,0.0
856954800000,0.0
856958400000,0.0
856962000000,0.0
856965600000,0.0
856969200000,0.0
856972800000,0.0
856976400000,0.0
856980000000,0.0
856983600000,0.0
856987200000,0.0
856990800000,0.0
856994400000,0.041
856998000000,0.205
857001600000,0.416
857005200000,0.557
857008800000,0.639
857012400000,0.659
857016000000,0.677
857019600000,0.597
857023200000,0.492
857026800000,0.339
857030400000,0.139
857034000000,0.008
857037600000,0.0
857041200000,0.0
857044800000,0.0
857048400000,0.0
857052000000,0.0
857055600000,0.0
857059200000,0.0
857062800000,0.0
857066400000,0.0
857070000000,0.0
857073600000,0.0
857077200000,0.0
857080800000,0.06
857084400000,0.247
857088000000,0.399
857091600000,0.551
857095200000,0.642
857098800000,0.661
857102400000,0.607
857106000000,0.537
857109600000,0.425
857113200000,0.283
857116800000,0.127
857120400000,0.006
857124000000,0.0
857127600000,0.0
857131200000,0.0
857134800000,0.0
857138400000,0.0
857142000000,0.0
857145600000,0.0
857149200000,0.0
857152800000,0.0
857156400000,0.0
857160000000,0.0
857163600000,0.0
857167200000,0.052
857170800000,0.249
857174400000,0.452
857178000000,0.578
857181600000,0.643
857185200000,0.606
857188800000,0.538
857192400000,0.445
857196000000,0.34
857199600000,0.215
857203200000,0.102
857206800000,0.004
857210400000,0.0
857214000000,0.0
857217600000,0.0
857221200000,0.0
857224800000,0.0
857228400000,0.0
857232000000,0.0
857235600000,0.0
857239200000,0.0
857242800000,0.0
857246400000,0.0
857250000000,0.0
857253600000,0.053
857257200000,0.233
857260800000,0.426
857264400000,0.563
857268000000,0.656
857271600000,0.705
857275200000,0.685
857278800000,0.598
857282400000,0.445
857286000000,0.28
857289600000,0.105
857293200000,0.003
857296800000,0.0
857300400000,0.0
857304000000,0.0
857307600000,0.0
857311200000,0.0
857314800000,0.0
857318400000,0.0
857322000000,0.0
857325600000,0.0
857329200000,0.0
857332800000,0.0
857336400000,0.0
857340000000,0.058
857343600000,0.236
857347200000,0.409
857350800000,0.529
857354400000,0.616
857358000000,0.637
857361600000,0.628
857365200000,0.571
857368800000,0.459
857372400000,0.338
857376000000,0.175
857379600000,0.009
857383200000,0.0
857386800000,0.0
857390400000,0.0
857394000000,0.0
857397600000,0.0
857401200000,0.0
857404800000,0.0
857408400000,0.0
857412000000,0.0
857415600000,0.0
857419200000,0.0
857422800000,0.0
857426400000,0.062
857430000000,0.257
857433600000,0.424
857437200000,0.593
857440800000,0.687
857444400000,0.722
857448000000,0.712
857451600000,0.655
857455200000,0.543
857458800000,0.378
857462400000,0.165
857466000000,0.009
857469600000,0.0
857473200000,0.0
857476800000,0.0
857480400000,0.0
857484000000,0.0
857487600000,0.0
857491200000,0.0
857494800000,0.0
857498400000,0.0
857502000000,0.0
857505600000,0.0
857509200000,0.0
857512800000,0.052
857516400000,0.238
857520000000,0.449
857523600000,0.602
857527200000,0.699
857530800000,0.726
857534400000,0.719
857538000000,0.646
857541600000,0.536
857545200000,0.36
857548800000,0.154
857552400000,0.011
857556000000,0.0
857559600000,0.0
857563200000,0.0
857566800000,0.0
857570400000,0.0
857574000000,0.0
857577600000,0.0
857581200000,0.0
857584800000,0.0
857588400000,0.0
857592000000,0.0
857595600000,0.0
857599200000,0.068
857602800000,0.218
857606400000,0.34
857610000000,0.427
857613600000,0.512
857617200000,0.591
857620800000,0.621
857624400000,0.548
857628000000,0.413
857631600000,0.289
857635200000,0.136
857638800000,0.008
857642400000,0.0
857646000000,0.0
857649600000,0.0
857653200000,0.0
857656800000,0.0
857660400000,0.0
857664000000,0.0
857667600000,0.0
857671200000,0.0
857674800000,0.0
857678400000,0.0
857682000000,0.0
857685600000,0.077
857689200000,0.282
857692800000,0.447
857696400000,0.611
857700000000,0.718
857703600000,0.761
857707200000,0.737
857710800000,0.679
857714400000,0.561
857718000000,0.388
857721600000,0.178
857725200000,0.014
857728800000,0.0
857732400000,0.0
857736000000,0.0
857739600000,0.0
857743200000,0.0
857746800000,0.0
857750400000,0.0
857754000000,0.0
857757600000,0.0
857761200000,0.0
857764800000,0.0
857768400000,0.0
857772000000,0.068
857775600000,0.263
857779200000,0.44
857782800000,0.602
857786400000,0.696
857790000000,0.749
857793600000,0.732
857797200000,0.677
857800800000,0.555
857804400000,0.391
857808000000,0.186
857811600000,0.016
857815200000,0.0
857818800000,0.0
857822400000,0.0
857826000000,0.0
857829600000,0.0
857833200000,0.0
857836800000,0.0
857840400000,0.0
857844000000,0.0
857847600000,0.0
857851200000,0.0
857854800000,0.0
857858400000,0.077
857862000000,0.282
857865600000,0.451
857869200000,0.599
857872800000,0.686
857876400000,0.723
857880000000,0.707
857883600000,0.602
857887200000,0.483
857890800000,0.324
857894400000,0.156
857898000000,0.012
857901600000,0.0
857905200000,0.0
857908800000,0.0
857912400000,0.0
857916000000,0.0
857919600000,0.0
857923200000,0.0
857926800000,0.0
857930400000,0.0
857934000000,0.0
857937600000,0.0
857941200000,0.0
857944800000,0.075
857948400000,0.269
857952000000,0.473
857955600000,0.575
857959200000,0.673
857962800000,0.702
857966400000,0.682
857970000000,0.623
857973600000,0.504
857977200000,0.337
857980800000,0.169
857984400000,0.014
857988000000,0.0
857991600000,0.0
857995200000,0.0
857998800000,0.0
858002400000,0.0
858006000000,0.0
858009600000,0.0
858013200000,0.0
858016800000,0.0
858020400000,0.0
858024000000,0.0
858027600000,0.0
858031200000,0.07
858034800000,0.254
858038400000,0.411
858042000000,0.588
858045600000,0.673
858049200000,0.716
858052800000,0.693
858056400000,0.603
858060000000,0.457
858063600000,0.28
858067200000,0.125
858070800000,0.01
858074400000,0.0
858078000000,0.0
858081600000,0.0
858085200000,0.0
858088800000,0.0
858092400000,0.0
858096000000,0.0
858099600000,0.0
858103200000,0.0
858106800000,0.0
858110400000,0.0
858114000000,0.0
858117600000,0.083
858121200000,0.293
858124800000,0.507
858128400000,0.639
858132000000,0.728
858135600000,0.776
858139200000,0.757
858142800000,0.699
858146400000,0.594
858150000000,0.432
858153600000,0.211
858157200000,0.022
858160800000,0.0
858164400000,0.0
858168000000,0.0
858171600000,0.0
858175200000,0.0
858178800000,0.0
858182400000,0.0
858186000000,0.0
858189600000,0.0
858193200000,0.0
858196800000,0.0
858200400000,0.0
858204000000,0.098
858207600000,0.32
858211200000,0.517
858214800000,0.656
858218400000,0.74
858222000000,0.779
858225600000,0.767
858229200000,0.703
858232800000,0.586
858236400000,0.431
858240000000,0.221
858243600000,0.024
858247200000,0.0
858250800000,0.0
858254400000,0.0
858258000000,0.0
858261600000,0.0
858265200000,0.0
858268800000,0.0
858272400000,0.0
858276000000,0.0
858279600000,0.0
858283200000,0.0
858286800000,0.0
858290400000,0.089
858294000000,0.288
858297600000,0.49
858301200000,0.629
858304800000,0.723
858308400000,0.753
858312000000,0.756
858315600000,0.68
858319200000,0.576
858322800000,0.409
858326400000,0.222
858330000000,0.022
858333600000,0.0
858337200000,0.0
858340800000,0.0
858344400000,0.0
858348000000,0.0
858351600000,0.0
858355200000,0.0
858358800000,0.0
858362400000,0.0
858366000000,0.0
858369600000,0.0
858373200000,0.0
858376800000,0.092
858380400000,0.298
858384000000,0.513
858387600000,0.652
858391200000,0.743
858394800000,0.786
858398400000,0.776
858402000000,0.716
858405600000,0.609
858409200000,0.447
858412800000,0.238
858416400000,0.03
858420000000,0.0
858423600000,0.0
858427200000,0.0
858430800000,0.0
858434400000,0.0
858438000000,0.0
858441600000,0.0
858445200000,0.0
858448800000,0.0
858452400000,0.0
858456000000,0.0
858459600000,0.0
858463200000,0.096
858466800000,0.308
858470400000,0.506
858474000000,0.64
858477600000,0.724
858481200000,0.754
858484800000,0.751
858488400000,0.694
858492000000,0.577
858495600000,0.388
858499200000,0.181
858502800000,0.017
858506400000,0.0
858510000000,0.0
858513600000,0.0
858517200000,0.0
858520800000,0.0
858524400000,0.0
858528000000,0.0
858531600000,0.0
858535200000,0.0
858538800000,0.0
858542400000,0.0
858546000000,0.0
858549600000,0.098
858553200000,0.323
858556800000,0.518
858560400000,0.659
858564000000,0.747
858567600000,0.784
858571200000,0.773
858574800000,0.715
858578400000,0.606
858582000000,0.445
858585600000,0.236
858589200000,0.029
858592800000,0.0
858596400000,0.0
858600000000,0.0
858603600000,0.0
858607200000,0.0
858610800000,0.0
858614400000,0.0
858618000000,0.0
858621600000,0.0
858625200000,0.0
858628800000,0.0
858632400000,0.0
858636000000,0.085
858639600000,0.296
858643200000,0.489
858646800000,0.649
858650400000,0.742
858654000000,0.779
858657600000,0.77
858661200000,0.712
858664800000,0.603
858668400000,0.442
858672000000,0.234
858675600000,0.029
858679200000,0.0
858682800000,0.0
858686400000,0.0
858690000000,0.0
858693600000,0.0
858697200000,0.0
858700800000,0.0
858704400000,0.0
858708000000,0.0
858711600000,0.0
858715200000,0.0
858718800000,0.0
858722400000,0.096
858726000000,0.317
858729600000,0.507
858733200000,0.646
858736800000,0.732
858740400000,0.769
858744000000,0.755
858747600000,0.695
858751200000,0.582
858754800000,0.426
858758400000,0.223
858762000000,0.023
858765600000,0.0
858769200000,0.0
858772800000,0.0
858776400000,0.0
858780000000,0.0
858783600000,0.0
858787200000,0.0
858790800000,0.0
858794400000,0.0
858798000000,0.0
858801600000,0.0
858805200000,0.0
858808800000,0.098
858812400000,0.319
858816000000,0.51
858819600000,0.648
858823200000,0.733
858826800000,0.765
858830400000,0.746
858834000000,0.684
858837600000,0.57
858841200000,0.396
858844800000,0.189
858848400000,0.019
858852000000,0.0
858855600000,0.0
858859200000,0.0
858862800000,0.0
858866400000,0.0
858870000000,0.0
858873600000,0.0
858877200000,0.0
858880800000,0.0
858884400000,0.0
858888000000,0.0
858891600000,0.0
858895200000,0.094
858898800000,0.312
858902400000,0.507
858906000000,0.647
858909600000,0.734
858913200000,0.771
858916800000,0.76
858920400000,0.702
858924000000,0.595
858927600000,0.435
858931200000,0.227
858934800000,0.026
858938400000,0.0
858942000000,0.0
858945600000,0.0
858949200000,0.0
858952800000,0.0
858956400000,0.0
858960000000,0.0
858963600000,0.0
858967200000,0.0
858970800000,0.0
858974400000,0.0
858978000000,0.0
858981600000,0.101
858985200000,0.324
858988800000,0.515
858992400000,0.653
858996000000,0.739
858999600000,0.774
859003200000,0.763
859006800000,0.705
859010400000,0.599
859014000000,0.44
859017600000,0.236
859021200000,0.032
859024800000,0.0
859028400000,0.0
859032000000,0.0
859035600000,0.0
859039200000,0.0
859042800000,0.0
859046400000,0.0
859050000000,0.0
859053600000,0.0
859057200000,0.0
859060800000,0.0
859064400000,0.0
859068000000,0.1
859071600000,0.322
859075200000,0.513
859078800000,0.65
859082400000,0.736
859086000000,0.772
859089600000,0.76
859093200000,0.699
859096800000,0.589
859100400000,0.433
859104000000,0.231
859107600000,0.031
859111200000,0.0
859114800000,0.0
859118400000,0.0
859122000000,0.0
859125600000,0.0
859129200000,0.0
859132800000,0.0
859136400000,0.0
859140000000,0.0
859143600000,0.0
859147200000,0.0
859150800000,0.0
859154400000,0.094
859158000000,0.311
859161600000,0.511
859165200000,0.65
859168800000,0.735
859172400000,0.769
859176000000,0.757
859179600000,0.701
859183200000,0.596
859186800000,0.439
859190400000,0.234
859194000000,0.032
859197600000,0.0
859201200000,0.0
859204800000,0.0
859208400000,0.0
859212000000,0.0
859215600000,0.0
859219200000,0.0
859222800000,0.0
859226400000,0.0
859230000000,0.0
859233600000,0.0
859237200000,0.0
859240800000,0.088
859244400000,0.291
859248000000,0.496
859251600000,0.65
859255200000,0.731
859258800000,0.766
859262400000,0.756
859266000000,0.697
859269600000,0.594
859273200000,0.434
859276800000,0.233
859280400000,0.03
859284000000,0.0
859287600000,0.0
859291200000,0.0
859294800000,0.0
859298400000,0.0
859302000000,0.0
859305600000,0.0
859309200000,0.0
859312800000,0.0
859316400000,0.0
859320000000,0.0
859323600000,0.0
859327200000,0.082
859330800000,0.285
859334400000,0.463
859338000000,0.627
859341600000,0.709
859345200000,0.749
859348800000,0.737
859352400000,0.675
859356000000,0.573
859359600000,0.418
859363200000,0.219
859366800000,0.028
859370400000,0.0
859374000000,0.0
859377600000,0.0
859381200000,0.0
859384800000,0.0
859388400000,0.0
859392000000,0.0
859395600000,0.0
859399200000,0.0
859402800000,0.0
859406400000,0.0
859410000000,0.0
859413600000,0.095
859417200000,0.322
859420800000,0.513
859424400000,0.654
859428000000,0.74
859431600000,0.778
859435200000,0.767
859438800000,0.709
859442400000,0.603
859446000000,0.445
859449600000,0.239
859453200000,0.034
859456800000,0.0
859460400000,0.0
859464000000,0.0
859467600000,0.0
859471200000,0.0
859474800000,0.0
859478400000,0.0
859482000000,0.0
859485600000,0.0
859489200000,0.0
859492800000,0.0
859496400000,0.0
859500000000,0.086
859503600000,0.292
859507200000,0.482
859510800000,0.612
859514400000,0.689
859518000000,0.708
859521600000,0.707
859525200000,0.66
859528800000,0.57
859532400000,0.423
859536000000,0.229
859539600000,0.03
859543200000,0.0
859546800000,0.0
859550400000,0.0
859554000000,0.0
859557600000,0.0
859561200000,0.0
859564800000,0.0
859568400000,0.0
859572000000,0.0
859575600000,0.0
859579200000,0.0
859582800000,0.0
859586400000,0.085
859590000000,0.279
859593600000,0.465
859597200000,0.624
859600800000,0.716
859604400000,0.722
859608000000,0.648
859611600000,0.558
859615200000,0.476
859618800000,0.37
859622400000,0.208
859626000000,0.029
859629600000,0.0
859633200000,0.0
859636800000,0.0
859640400000,0.0
859644000000,0.0
859647600000,0.0
859651200000,0.0
859654800000,0.0
859658400000,0.0
859662000000,0.0
859665600000,0.0
859669200000,0.0
859672800000,0.079
859676400000,0.254
859680000000,0.428
859683600000,0.55
859687200000,0.616
859690800000,0.658
859694400000,0.608
859698000000,0.518
859701600000,0.408
859705200000,0.264
859708800000,0.129
859712400000,0.014
859716000000,0.0
859719600000,0.0
859723200000,0.0
859726800000,0.0
859730400000,0.0
859734000000,0.0
859737600000,0.0
859741200000,0.0
859744800000,0.0
859748400000,0.0
859752000000,0.0
859755600000,0.0
859759200000,0.084
859762800000,0.286
859766400000,0.476
859770000000,0.632
859773600000,0.718
859777200000,0.753
859780800000,0.736
859784400000,0.666
859788000000,0.541
859791600000,0.372
859795200000,0.204
859798800000,0.033
859802400000,0.0
859806000000,0.0
859809600000,0.0
859813200000,0.0
859816800000,0.0
859820400000,0.0
859824000000,0.0
859827600000,0.0
859831200000,0.0
859834800000,0.0
859838400000,0.0
859842000000,0.0
859845600000,0.077
859849200000,0.289
859852800000,0.42
859856400000,0.52
859860000000,0.648
859863600000,0.761
859867200000,0.755
859870800000,0.705
859874400000,0.599
859878000000,0.431
859881600000,0.233
859885200000,0.035
859888800000,0.0
859892400000,0.0
859896000000,0.0
859899600000,0.0
859903200000,0.0
859906800000,0.0
859910400000,0.0
859914000000,0.0
859917600000,0.0
859921200000,0.0
859924800000,0.0
859928400000,0.0
859932000000,0.103
859935600000,0.314
859939200000,0.496
859942800000,0.63
859946400000,0.727
859950000000,0.761
859953600000,0.746
859957200000,0.692
859960800000,0.586
859964400000,0.431
859968000000,0.227
859971600000,0.029
859975200000,0.0
859978800000,0.0
859982400000,0.0
859986000000,0.0
859989600000,0.0
859993200000,0.0
859996800000,0.0
860000400000,0.0
860004000000,0.0
860007600000,0.0
860011200000,0.0
860014800000,0.0
860018400000,0.093
860022000000,0.296
860025600000,0.498
860029200000,0.634
860032800000,0.72
860036400000,0.746
860040000000,0.738
860043600000,0.695
860047200000,0.59
860050800000,0.437
860054400000,0.231
860058000000,0.035
860061600000,0.0
860065200000,0.0
860068800000,0.0
860072400000,0.0
860076000000,0.0
860079600000,0.0
860083200000,0.0
860086800000,0.0
860090400000,0.0
860094000000,0.0
860097600000,0.0
860101200000,0.0
860104800000,0.102
860108400000,0.313
860112000000,0.513
860115600000,0.64
860119200000,0.699
860122800000,0.736
860126400000,0.719
860130000000,0.652
860133600000,0.528
860137200000,0.398
860140800000,0.211
860144400000,0.026
860148000000,0.0
860151600000,0.0
860155200000,0.0
860158800000,0.0
860162400000,0.0
860166000000,0.0
860169600000,0.0
860173200000,0.0
860176800000,0.0
860180400000,0.0
860184000000,0.0
860187600000,0.0
860191200000,0.1
860194800000,0.311
860198400000,0.495
860202000000,0.625
860205600000,0.692
860209200000,0.698
860212800000,0.686
860216400000,0.653
860220000000,0.55
860223600000,0.382
860227200000,0.202
860230800000,0.031
860234400000,0.0
860238000000,0.0
860241600000,0.0
860245200000,0.0
860248800000,0.0
860252400000,0.0
860256000000,0.0
860259600000,0.0
860263200000,0.0
860266800000,0.0
860270400000,0.0
860274000000,0.0
860277600000,0.1
860281200000,0.307
860284800000,0.498
860288400000,0.614
860292000000,0.708
860295600000,0.741
860299200000,0.728
860302800000,0.671
860306400000,0.568
860310000000,0.417
860313600000,0.226
860317200000,0.033
860320800000,0.0
860324400000,0.0
860328000000,0.0
860331600000,0.0
860335200000,0.0
860338800000,0.0
860342400000,0.0
860346000000,0.0
860349600000,0.0
860353200000,0.0
860356800000,0.0
860360400000,0.0
860364000000,0.109
860367600000,0.319
860371200000,0.509
860374800000,0.644
860378400000,0.726
860382000000,0.76
860385600000,0.747
860389200000,0.691
860392800000,0.583
860396400000,0.43
860400000000,0.231
860403600000,0.038
860407200000,0.0
860410800000,0.0
860414400000,0.0
860418000000,0.0
860421600000,0.0
860425200000,0.0
860428800000,0.0
860432400000,0.0
860436000000,0.0
860439600000,0.0
860443200000,0.0
860446800000,0.0
860450400000,0.112
860454000000,0.324
860457600000,0.513
860461200000,0.652
860464800000,0.734
860468400000,0.768
860472000000,0.758
860475600000,0.702
860479200000,0.599
860482800000,0.445
860486400000,0.247
860490000000,0.043
860493600000,0.0
860497200000,0.0
860500800000,0.0
860504400000,0.0
860508000000,0.0
860511600000,0.0
860515200000,0.0
860518800000,0.0
860522400000,0.0
860526000000,0.0
860529600000,0.0
860533200000,0.0
860536800000,0.102
860540400000,0.309
860544000000,0.486
860547600000,0.632
860551200000,0.722
860554800000,0.76
860558400000,0.752
860562000000,0.694
860565600000,0.591
860569200000,0.439
860572800000,0.244
860576400000,0.043
860580000000,0.0
860583600000,0.0
860587200000,0.0
860590800000,0.0
860594400000,0.0
860598000000,0.0
860601600000,0.0
860605200000,0.0
860608800000,0.0
860612400000,0.0
860616000000,0.0
860619600000,0.0
860623200000,0.116
860626800000,0.334
860630400000,0.521
860634000000,0.656
860637600000,0.738
860641200000,0.773
860644800000,0.762
860648400000,0.705
860652000000,0.6
860655600000,0.446
860659200000,0.248
860662800000,0.044
860666400000,0.0
860670000000,0.0
860673600000,0.0
860677200000,0.0
860680800000,0.0
860684400000,0.0
860688000000,0.0
860691600000,0.0
860695200000,0.0
860698800000,0.0
860702400000,0.0
860706000000,0.0
860709600000,0.102
860713200000,0.312
860716800000,0.501
860720400000,0.64
860724000000,0.724
860727600000,0.76
860731200000,0.751
860734800000,0.696
860738400000,0.593
860742000000,0.44
860745600000,0.243
860749200000,0.042
860752800000,0.0
860756400000,0.0
860760000000,0.0
860763600000,0.0
860767200000,0.0
860770800000,0.0
860774400000,0.0
860778000000,0.0
860781600000,0.0
860785200000,0.0
860788800000,0.0
860792400000,0.0
860796000000,0.109
860799600000,0.327
860803200000,0.512
860806800000,0.645
860810400000,0.727
860814000000,0.761
860817600000,0.75
860821200000,0.695
860824800000,0.592
860828400000,0.44
860832000000,0.245
860835600000,0.045
860839200000,0.0
860842800000,0.0
860846400000,0.0
860850000000,0.0
860853600000,0.0
860857200000,0.0
860860800000,0.0
860864400000,0.0
860868000000,0.0
860871600000,0.0
860875200000,0.0
860878800000,0.0
860882400000,0.116
860886000000,0.329
860889600000,0.511
860893200000,0.643
860896800000,0.724
860900400000,0.758
860904000000,0.748
860907600000,0.693
860911200000,0.59
860914800000,0.438
860918400000,0.243
860922000000,0.045
860925600000,0.0
860929200000,0.0
860932800000,0.0
860936400000,0.0
860940000000,0.0
860943600000,0.0
860947200000,0.0
860950800000,0.0
860954400000,0.0
860958000000,0.0
860961600000,0.0
860965200000,0.0
860968800000,0.117
860972400000,0.327
860976000000,0.508
860979600000,0.64
860983200000,0.721
860986800000,0.755
860990400000,0.745
860994000000,0.689
860997600000,0.583
861001200000,0.429
861004800000,0.232
861008400000,0.038
861012000000,0.0
861015600000,0.0
861019200000,0.0
861022800000,0.0
861026400000,0.0
861030000000,0.0
861033600000,0.0
861037200000,0.0
861040800000,0.0
861044400000,0.0
861048000000,0.0
861051600000,0.0
861055200000,0.117
861058800000,0.326
861062400000,0.505
861066000000,0.637
861069600000,0.721
861073200000,0.756
861076800000,0.745
861080400000,0.692
861084000000,0.59
861087600000,0.44
861091200000,0.247
861094800000,0.047
861098400000,0.0
861102000000,0.0
861105600000,0.0
861109200000,0.0
861112800000,0.0
861116400000,0.0
861120000000,0.0
861123600000,0.0
861127200000,0.0
861130800000,0.0
861134400000,0.0
861138000000,0.0
861141600000,0.092
861145200000,0.3
861148800000,0.474
861152400000,0.599
861156000000,0.674
861159600000,0.715
861163200000,0.705
861166800000,0.642
861170400000,0.551
861174000000,0.39
861177600000,0.198
861181200000,0.034
861184800000,0.0
861188400000,0.0
861192000000,0.0
861195600000,0.0
861199200000,0.0
861202800000,0.0
861206400000,0.0
861210000000,0.0
861213600000,0.0
861217200000,0.0
861220800000,0.0
861224400000,0.0
861228000000,0.116
861231600000,0.324
861235200000,0.501
861238800000,0.629
861242400000,0.707
861246000000,0.729
861249600000,0.704
861253200000,0.63
861256800000,0.528
861260400000,0.394
861264000000,0.231
861267600000,0.047
861271200000,0.0
861274800000,0.0
861278400000,0.0
861282000000,0.0
861285600000,0.0
861289200000,0.0
861292800000,0.0
861296400000,0.0
861300000000,0.0
861303600000,0.0
861307200000,0.0
861310800000,0.0
861314400000,0.099
861318000000,0.295
861321600000,0.472
861325200000,0.598
861328800000,0.678
861332400000,0.699
861336000000,0.675
861339600000,0.608
861343200000,0.517
861346800000,0.395
861350400000,0.222
861354000000,0.044
861357600000,0.0
861361200000,0.0
861364800000,0.0
861368400000,0.0
861372000000,0.0
861375600000,0.0
861379200000,0.0
861382800000,0.0
861386400000,0.0
861390000000,0.0
861393600000,0.0
861397200000,0.0
861400800000,0.1
861404400000,0.286
861408000000,0.438
861411600000,0.558
861415200000,0.633
861418800000,0.662
861422400000,0.651
861426000000,0.599
861429600000,0.487
861433200000,0.368
861436800000,0.211
861440400000,0.042
861444000000,0.0
861447600000,0.0
861451200000,0.0
861454800000,0.0
861458400000,0.0
861462000000,0.0
861465600000,0.0
861469200000,0.0
861472800000,0.0
861476400000,0.0
861480000000,0.0
861483600000,0.0
861487200000,0.088
861490800000,0.269
861494400000,0.439
861498000000,0.586
861501600000,0.678
861505200000,0.721
861508800000,0.719
861512400000,0.669
861516000000,0.573
861519600000,0.428
861523200000,0.241
861526800000,0.049
861530400000,0.0
861534000000,0.0
861537600000,0.0
861541200000,0.0
861544800000,0.0
861548400000,0.0
861552000000,0.0
861555600000,0.0
861559200000,0.0
861562800000,0.0
861566400000,0.0
861570000000,0.0
861573600000,0.107
861577200000,0.314
861580800000,0.491
861584400000,0.63
861588000000,0.717
861591600000,0.753
861595200000,0.741
861598800000,0.686
861602400000,0.582
861606000000,0.433
861609600000,0.239
861613200000,0.047
861616800000,0.0
861620400000,0.0
861624000000,0.0
861627600000,0.0
861631200000,0.0
861634800000,0.0
861638400000,0.0
861642000000,0.0
861645600000,0.0
861649200000,0.0
861652800000,0.0
861656400000,0.0
861660000000,0.11
861663600000,0.315
861667200000,0.5
861670800000,0.63
861674400000,0.707
861678000000,0.738
861681600000,0.727
861685200000,0.671
861688800000,0.57
861692400000,0.416
861696000000,0.224
861699600000,0.045
861703200000,0.0
861706800000,0.0
861710400000,0.0
861714000000,0.0
861717600000,0.0
861721200000,0.0
861724800000,0.0
861728400000,0.0
861732000000,0.0
861735600000,0.0
861739200000,0.0
861742800000,0.0
861746400000,0.106
861750000000,0.298
861753600000,0.466
861757200000,0.593
861760800000,0.702
861764400000,0.74
861768000000,0.733
861771600000,0.678
861775200000,0.574
861778800000,0.419
861782400000,0.228
861786000000,0.045
861789600000,0.0
861793200000,0.0
861796800000,0.0
861800400000,0.0
861804000000,0.0
861807600000,0.0
861811200000,0.0
861814800000,0.0
861818400000,0.0
861822000000,0.0
861825600000,0.0
861829200000,0.0
861832800000,0.104
861836400000,0.316
861840000000,0.489
861843600000,0.625
861847200000,0.707
861850800000,0.746
861854400000,0.732
861858000000,0.678
861861600000,0.581
861865200000,0.431
861868800000,0.24
861872400000,0.049
861876000000,0.0
861879600000,0.0
861883200000,0.0
861886800000,0.0
861890400000,0.0
861894000000,0.0
861897600000,0.0
861901200000,0.0
861904800000,0.0
861908400000,0.0
861912000000,0.0
861915600000,0.0
861919200000,0.107
861922800000,0.291
861926400000,0.481
861930000000,0.603
861933600000,0.654
861937200000,0.66
861940800000,0.64
861944400000,0.616
861948000000,0.558
861951600000,0.426
861955200000,0.232
861958800000,0.041
861962400000,0.0
861966000000,0.0
861969600000,0.0
861973200000,0.0
861976800000,0.0
861980400000,0.0
861984000000,0.0
861987600000,0.0
861991200000,0.0
861994800000,0.0
861998400000,0.0
862002000000,0.0
862005600000,0.109
862009200000,0.306
862012800000,0.5
862016400000,0.636
862020000000,0.716
862023600000,0.75
862027200000,0.739
862030800000,0.684
862034400000,0.583
862038000000,0.432
862041600000,0.24
862045200000,0.048
862048800000,0.0
862052400000,0.0
862056000000,0.0
862059600000,0.0
862063200000,0.0
862066800000,0.0
862070400000,0.0
862074000000,0.0
862077600000,0.0
862081200000,0.0
862084800000,0.0
862088400000,0.0
862092000000,0.105
862095600000,0.292
862099200000,0.466
862102800000,0.617
862106400000,0.697
862110000000,0.732
862113600000,0.717
862117200000,0.658
862120800000,0.557
862124400000,0.408
862128000000,0.204
862131600000,0.038
862135200000,0.0
862138800000,0.0
862142400000,0.0
862146000000,0.0
862149600000,0.0
862153200000,0.0
862156800000,0.0
862160400000,0.0
862164000000,0.0
862167600000,0.0
862171200000,0.0
862174800000,0.0
862178400000,0.075
862182000000,0.26
862185600000,0.469
862189200000,0.623
862192800000,0.707
862196400000,0.74
862200000000,0.73
862203600000,0.676
862207200000,0.575
862210800000,0.433
862214400000,0.243
862218000000,0.052
862221600000,0.0
862225200000,0.0
862228800000,0.0
862232400000,0.0
862236000000,0.0
862239600000,0.0
862243200000,0.0
862246800000,0.0
862250400000,0.0
862254000000,0.0
862257600000,0.0
862261200000,0.0
862264800000,0.123
862268400000,0.318
862272000000,0.504
862275600000,0.633
862279200000,0.713
862282800000,0.746
862286400000,0.734
862290000000,0.678
862293600000,0.57
862297200000,0.424
862300800000,0.234
862304400000,0.047
862308000000,0.0
862311600000,0.0
862315200000,0.0
862318800000,0.0
862322400000,0.0
862326000000,0.0
862329600000,0.0
862333200000,0.0
862336800000,0.0
862340400000,0.0
862344000000,0.0
862347600000,0.0
862351200000,0.115
862354800000,0.321
862358400000,0.495
862362000000,0.626
862365600000,0.709
862369200000,0.743
862372800000,0.734
862376400000,0.68
862380000000,0.574
862383600000,0.413
862387200000,0.212
862390800000,0.039
862394400000,0.0
862398000000,0.0
862401600000,0.0
862405200000,0.0
862408800000,0.0
862412400000,0.0
862416000000,0.0
862419600000,0.0
862423200000,0.0
862426800000,0.0
862430400000,0.0
862434000000,0.0
862437600000,0.119
862441200000,0.329
862444800000,0.506
862448400000,0.631
862452000000,0.71
862455600000,0.742
862459200000,0.731
862462800000,0.678
862466400000,0.577
862470000000,0.435
862473600000,0.25
862477200000,0.056
862480800000,0.0
862484400000,0.0
862488000000,0.0
862491600000,0.0
862495200000,0.0
862498800000,0.0
862502400000,0.0
862506000000,0.0
862509600000,0.0
862513200000,0.0
862516800000,0.0
862520400000,0.0
862524000000,0.05
862527600000,0.14
862531200000,0.217
862534800000,0.259
862538400000,0.266
862542000000,0.294
862545600000,0.307
862549200000,0.29
862552800000,0.245
862556400000,0.171
862560000000,0.092
862563600000,0.018
862567200000,0.0
862570800000,0.0
862574400000,0.0
862578000000,0.0
862581600000,0.0
862585200000,0.0
862588800000,0.0
862592400000,0.0
862596000000,0.0
862599600000,0.0
862603200000,0.0
862606800000,0.0
862610400000,0.029
862614000000,0.109
862617600000,0.208
862621200000,0.305
862624800000,0.382
862628400000,0.409
862632000000,0.384
862635600000,0.343
862639200000,0.294
862642800000,0.228
862646400000,0.129
862650000000,0.025
862653600000,0.0
862657200000,0.0
862660800000,0.0
862664400000,0.0
862668000000,0.0
862671600000,0.0
862675200000,0.0
862678800000,0.0
862682400000,0.0
862686000000,0.0
862689600000,0.0
862693200000,0.0
862696800000,0.02
862700400000,0.072
862704000000,0.153
862707600000,0.254
862711200000,0.353
862714800000,0.399
862718400000,0.362
862722000000,0.303
862725600000,0.246
862729200000,0.179
862732800000,0.102
862736400000,0.018
862740000000,0.0
862743600000,0.0
862747200000,0.0
862750800000,0.0
862754400000,0.0
862758000000,0.0
862761600000,0.0
862765200000,0.0
862768800000,0.0
862772400000,0.0
862776000000,0.0
862779600000,0.0
862783200000,0.025
862786800000,0.095
862790400000,0.177
862794000000,0.234
862797600000,0.267
862801200000,0.256
862804800000,0.249
862808400000,0.225
862812000000,0.19
862815600000,0.14
862819200000,0.072
862822800000,0.011
862826400000,0.0
862830000000,0.0
862833600000,0.0
862837200000,0.0
862840800000,0.0
862844400000,0.0
862848000000,0.0
862851600000,0.0
862855200000,0.0
862858800000,0.0
862862400000,0.0
862866000000,0.0
862869600000,0.058
862873200000,0.193
862876800000,0.359
862880400000,0.516
862884000000,0.633
862887600000,0.685
862891200000,0.668
862894800000,0.611
862898400000,0.49
862902000000,0.33
862905600000,0.178
862909200000,0.04
862912800000,0.0
862916400000,0.0
862920000000,0.0
862923600000,0.0
862927200000,0.0
862930800000,0.0
862934400000,0.0
862938000000,0.0
862941600000,0.0
862945200000,0.0
862948800000,0.0
862952400000,0.0
862956000000,0.105
862959600000,0.283
862963200000,0.437
862966800000,0.553
862970400000,0.642
862974000000,0.687
862977600000,0.693
862981200000,0.643
862984800000,0.543
862988400000,0.396
862992000000,0.2
862995600000,0.038
862999200000,0.0
863002800000,0.0
863006400000,0.0
863010000000,0.0
863013600000,0.0
863017200000,0.0
863020800000,0.0
863024400000,0.0
863028000000,0.0
863031600000,0.0
863035200000,0.0
863038800000,0.0
863042400000,0.064
863046000000,0.173
863049600000,0.272
863053200000,0.381
863056800000,0.502
863060400000,0.555
863064000000,0.561
863067600000,0.548
863071200000,0.497
863074800000,0.376
863078400000,0.214
863082000000,0.048
863085600000,0.0
863089200000,0.0
863092800000,0.0
863096400000,0.0
863100000000,0.0
863103600000,0.0
863107200000,0.0
863110800000,0.0
863114400000,0.0
863118000000,0.0
863121600000,0.0
863125200000,0.0
863128800000,0.131
863132400000,0.337
863136000000,0.511
863139600000,0.637
863143200000,0.714
863146800000,0.745
863150400000,0.732
863154000000,0.676
863157600000,0.576
863161200000,0.431
863164800000,0.248
863168400000,0.058
863172000000,0.0
863175600000,0.0
863179200000,0.0
863182800000,0.0
863186400000,0.0
863190000000,0.0
863193600000,0.0
863197200000,0.0
863200800000,0.0
863204400000,0.0
863208000000,0.0
863211600000,0.0
863215200000,0.129
863218800000,0.323
863222400000,0.494
863226000000,0.621
863229600000,0.698
863233200000,0.73
863236800000,0.719
863240400000,0.665
863244000000,0.568
863247600000,0.424
863251200000,0.243
863254800000,0.056
863258400000,0.0
863262000000,0.0
863265600000,0.0
863269200000,0.0
863272800000,0.0
863276400000,0.0
863280000000,0.0
863283600000,0.0
863287200000,0.0
863290800000,0.0
863294400000,0.0
863298000000,0.0
863301600000,0.119
863305200000,0.313
863308800000,0.484
863312400000,0.61
863316000000,0.689
863319600000,0.723
863323200000,0.713
863326800000,0.662
863330400000,0.562
863334000000,0.421
863337600000,0.229
863341200000,0.055
863344800000,0.0
863348400000,0.0
863352000000,0.0
863355600000,0.0
863359200000,0.0
863362800000,0.0
863366400000,0.0
863370000000,0.0
863373600000,0.0
863377200000,0.0
863380800000,0.0
863384400000,0.0
863388000000,0.114
863391600000,0.309
863395200000,0.476
863398800000,0.607
863402400000,0.685
863406000000,0.719
863409600000,0.701
863413200000,0.643
863416800000,0.527
863420400000,0.371
863424000000,0.191
863427600000,0.046
863431200000,0.0
863434800000,0.0
863438400000,0.0
863442000000,0.0
863445600000,0.0
863449200000,0.0
863452800000,0.0
863456400000,0.0
863460000000,0.0
863463600000,0.0
863467200000,0.0
863470800000,0.0
863474400000,0.121
863478000000,0.316
863481600000,0.489
863485200000,0.616
863488800000,0.697
863492400000,0.732
863496000000,0.723
863499600000,0.671
863503200000,0.572
863506800000,0.431
863510400000,0.248
863514000000,0.059
863517600000,0.0
863521200000,0.0
863524800000,0.0
863528400000,0.0
863532000000,0.0
863535600000,0.0
863539200000,0.0
863542800000,0.0
863546400000,0.0
863550000000,0.0
863553600000,0.0
863557200000,0.0
863560800000,0.112
863564400000,0.303
863568000000,0.482
863571600000,0.619
863575200000,0.701
863578800000,0.735
863582400000,0.724
863586000000,0.67
863589600000,0.571
863593200000,0.423
863596800000,0.242
863600400000,0.058
863604000000,0.0
863607600000,0.0
863611200000,0.0
863614800000,0.0
863618400000,0.0
863622000000,0.0
863625600000,0.0
863629200000,0.0
863632800000,0.0
863636400000,0.0
863640000000,0.0
863643600000,0.0
863647200000,0.132
863650800000,0.334
863654400000,0.505
863658000000,0.63
863661600000,0.707
863665200000,0.739
863668800000,0.729
863672400000,0.676
863676000000,0.579
863679600000,0.436
863683200000,0.253
863686800000,0.061
863690400000,0.0
863694000000,0.0
863697600000,0.0
863701200000,0.0
863704800000,0.0
863708400000,0.0
863712000000,0.0
863715600000,0.0
863719200000,0.0
863722800000,0.0
863726400000,0.0
863730000000,0.0
863733600000,0.137
863737200000,0.336
863740800000,0.506
863744400000,0.63
863748000000,0.706
863751600000,0.738
863755200000,0.727
863758800000,0.673
863762400000,0.576
863766000000,0.433
863769600000,0.251
863773200000,0.061
863776800000,0.0
863780400000,0.0
863784000000,0.0
863787600000,0.0
863791200000,0.0
863794800000,0.0
863798400000,0.0
863802000000,0.0
863805600000,0.0
863809200000,0.0
863812800000,0.0
863816400000,0.0
863820000000,0.132
863823600000,0.327
863827200000,0.495
863830800000,0.619
863834400000,0.697
863838000000,0.729
863841600000,0.719
863845200000,0.666
863848800000,0.568
863852400000,0.427
863856000000,0.247
863859600000,0.06
863863200000,0.0
863866800000,0.0
863870400000,0.0
863874000000,0.0
863877600000,0.0
863881200000,0.0
863884800000,0.0
863888400000,0.0
863892000000,0.0
863895600000,0.0
863899200000,0.0
863902800000,0.0
863906400000,0.131
863910000000,0.321
863913600000,0.487
863917200000,0.606
863920800000,0.68
863924400000,0.707
863928000000,0.688
863931600000,0.63
863935200000,0.532
863938800000,0.403
863942400000,0.235
863946000000,0.057
863949600000,0.0
863953200000,0.0
863956800000,0.0
863960400000,0.0
863964000000,0.0
863967600000,0.0
863971200000,0.0
863974800000,0.0
863978400000,0.0
863982000000,0.0
863985600000,0.0
863989200000,0.0
863992800000,0.102
863996400000,0.267
864000000000,0.425
864003600000,0.542
864007200000,0.61
864010800000,0.627
864014400000,0.618
864018000000,0.551
864021600000,0.44
864025200000,0.307
864028800000,0.167
864032400000,0.038
864036000000,0.0
864039600000,0.0
864043200000,0.0
864046800000,0.0
864050400000,0.0
864054000000,0.0
864057600000,0.0
864061200000,0.0
864064800000,0.0
864068400000,0.0
864072000000,0.0
864075600000,0.0
864079200000,0.112
864082800000,0.283
864086400000,0.413
864090000000,0.487
864093600000,0.547
864097200000,0.607
864100800000,0.631
864104400000,0.617
864108000000,0.542
864111600000,0.409
864115200000,0.233
864118800000,0.056
864122400000,0.0
864126000000,0.0
864129600000,0.0
864133200000,0.0
864136800000,0.0
864140400000,0.0
864144000000,0.0
864147600000,0.0
864151200000,0.0
864154800000,0.0
864158400000,0.0
864162000000,0.0
864165600000,0.042
864169200000,0.128
864172800000,0.21
864176400000,0.278
864180000000,0.328
864183600000,0.358
864187200000,0.357
864190800000,0.31
864194400000,0.245
864198000000,0.167
864201600000,0.083
864205200000,0.014
864208800000,0.0
864212400000,0.0
864216000000,0.0
864219600000,0.0
864223200000,0.0
864226800000,0.0
864230400000,0.0
864234000000,0.0
864237600000,0.0
864241200000,0.0
864244800000,0.0
864248400000,0.0
864252000000,0.073
864255600000,0.181
864259200000,0.281
864262800000,0.342
864266400000,0.373
864270000000,0.386
864273600000,0.371
864277200000,0.343
864280800000,0.293
864284400000,0.219
864288000000,0.127
864291600000,0.031
864295200000,0.0
864298800000,0.0
864302400000,0.0
864306000000,0.0
864309600000,0.0
864313200000,0.0
864316800000,0.0
864320400000,0.0
864324000000,0.0
864327600000,0.0
864331200000,0.0
864334800000,0.0
864338400000,0.036
864342000000,0.11
864345600000,0.173
864349200000,0.217
864352800000,0.25
864356400000,0.262
864360000000,0.255
864363600000,0.23
864367200000,0.183
864370800000,0.131
864374400000,0.068
864378000000,0.012
864381600000,0.0
864385200000,0.0
864388800000,0.0
864392400000,0.0
864396000000,0.0
864399600000,0.0
864403200000,0.0
864406800000,0.0
864410400000,0.0
864414000000,0.0
864417600000,0.0
864421200000,0.0
864424800000,0.022
864428400000,0.07
864432000000,0.126
864435600000,0.193
864439200000,0.253
864442800000,0.285
864446400000,0.3
864450000000,0.276
864453600000,0.226
864457200000,0.153
864460800000,0.078
864464400000,0.013
864468000000,0.0
864471600000,0.0
864475200000,0.0
864478800000,0.0
864482400000,0.0
864486000000,0.0
864489600000,0.0
864493200000,0.0
864496800000,0.0
864500400000,0.0
864504000000,0.0
864507600000,0.0
864511200000,0.044
864514800000,0.12
864518400000,0.189
864522000000,0.228
864525600000,0.236
864529200000,0.235
864532800000,0.211
864536400000,0.182
864540000000,0.135
864543600000,0.086
864547200000,0.037
864550800000,0.003
864554400000,0.0
864558000000,0.0
864561600000,0.0
864565200000,0.0
864568800000,0.0
864572400000,0.0
864576000000,0.0
864579600000,0.0
864583200000,0.0
864586800000,0.0
864590400000,0.0
864594000000,0.0
864597600000,0.032
864601200000,0.109
864604800000,0.185
864608400000,0.245
864612000000,0.262
864615600000,0.238
864619200000,0.183
864622800000,0.138
864626400000,0.129
864630000000,0.101
864633600000,0.057
864637200000,0.011
864640800000,0.0
864644400000,0.0
864648000000,0.0
864651600000,0.0
864655200000,0.0
864658800000,0.0
864662400000,0.0
864666000000,0.0
864669600000,0.0
864673200000,0.0
864676800000,0.0
864680400000,0.0
864684000000,0.043
864687600000,0.123
864691200000,0.214
864694800000,0.281
864698400000,0.303
864702000000,0.3
864705600000,0.293
864709200000,0.284
864712800000,0.241
864716400000,0.162
864720000000,0.09
864723600000,0.018
864727200000,0.0
864730800000,0.0
864734400000,0.0
864738000000,0.0
864741600000,0.0
864745200000,0.0
864748800000,0.0
864752400000,0.0
864756000000,0.0
864759600000,0.0
864763200000,0.0
864766800000,0.0
864770400000,0.022
864774000000,0.077
864777600000,0.137
864781200000,0.182
864784800000,0.232
864788400000,0.272
864792000000,0.309
864795600000,0.323
864799200000,0.265
864802800000,0.18
864806400000,0.074
864810000000,0.012
864813600000,0.0
864817200000,0.0
864820800000,0.0
864824400000,0.0
864828000000,0.0
864831600000,0.0
864835200000,0.0
864838800000,0.0
864842400000,0.0
864846000000,0.0
864849600000,0.0
864853200000,0.0
864856800000,0.015
864860400000,0.08
864864000000,0.159
864867600000,0.221
864871200000,0.258
864874800000,0.246
864878400000,0.227
864882000000,0.199
864885600000,0.196
864889200000,0.146
864892800000,0.069
864896400000,0.009
864900000000,0.0
864903600000,0.0
864907200000,0.0
864910800000,0.0
864914400000,0.0
864918000000,0.0
864921600000,0.0
864925200000,0.0
864928800000,0.0
864932400000,0.0
864936000000,0.0
864939600000,0.0
864943200000,0.056
864946800000,0.161
864950400000,0.263
864954000000,0.341
864957600000,0.405
864961200000,0.445
864964800000,0.455
864968400000,0.422
864972000000,0.343
864975600000,0.244
864979200000,0.13
864982800000,0.029
864986400000,0.0
864990000000,0.0
864993600000,0.0
864997200000,0.0
865000800000,0.0
865004400000,0.0
865008000000,0.0
865011600000,0.0
865015200000,0.0
865018800000,0.0
865022400000,0.0
865026000000,0.0
865029600000,0.079
865033200000,0.2
865036800000,0.296
865040400000,0.383
865044000000,0.445
865047600000,0.481
865051200000,0.488
865054800000,0.446
865058400000,0.35
865062000000,0.227
865065600000,0.109
865069200000,0.021
865072800000,0.0
865076400000,0.0
865080000000,0.0
865083600000,0.0
865087200000,0.0
865090800000,0.0
865094400000,0.0
865098000000,0.0
865101600000,0.0
865105200000,0.0
865108800000,0.0
865112400000,0.0
865116000000,0.038
865119600000,0.111
865123200000,0.181
865126800000,0.252
865130400000,0.299
865134000000,0.315
865137600000,0.313
865141200000,0.281
865144800000,0.242
865148400000,0.185
865152000000,0.113
865155600000,0.026
865159200000,0.0
865162800000,0.0
865166400000,0.0
865170000000,0.0
865173600000,0.0
865177200000,0.0
865180800000,0.0
865184400000,0.0
865188000000,0.0
865191600000,0.0
865195200000,0.0
865198800000,0.0
865202400000,0.067
865206000000,0.159
865209600000,0.243
865213200000,0.336
865216800000,0.412
865220400000,0.467
865224000000,0.487
865227600000,0.464
865231200000,0.387
865234800000,0.283
865238400000,0.157
865242000000,0.039
865245600000,0.0
865249200000,0.0
865252800000,0.0
865256400000,0.0
865260000000,0.0
865263600000,0.0
865267200000,0.0
865270800000,0.0
865274400000,0.0
865278000000,0.0
865281600000,0.0
865285200000,0.0
865288800000,0.051
865292400000,0.159
865296000000,0.293
865299600000,0.417
865303200000,0.484
865306800000,0.511
865310400000,0.506
865314000000,0.469
865317600000,0.401
865321200000,0.293
865324800000,0.154
865328400000,0.034
865332000000,0.0
865335600000,0.0
865339200000,0.0
865342800000,0.0
865346400000,0.0
865350000000,0.0
865353600000,0.0
865357200000,0.0
865360800000,0.0
865364400000,0.0
865368000000,0.0
865371600000,0.0
865375200000,0.076
865378800000,0.176
865382400000,0.288
865386000000,0.39
865389600000,0.469
865393200000,0.511
865396800000,0.529
865400400000,0.507
865404000000,0.433
865407600000,0.32
865411200000,0.185
865414800000,0.047
865418400000,0.0
865422000000,0.0
865425600000,0.0
865429200000,0.0
865432800000,0.0
865436400000,0.0
865440000000,0.0
865443600000,0.0
865447200000,0.0
865450800000,0.0
865454400000,0.0
865458000000,0.0
865461600000,0.084
865465200000,0.216
865468800000,0.326
865472400000,0.434
865476000000,0.529
865479600000,0.517
865483200000,0.502
865486800000,0.471
865490400000,0.422
865494000000,0.337
865497600000,0.202
865501200000,0.051
865504800000,0.0
865508400000,0.0
865512000000,0.0
865515600000,0.0
865519200000,0.0
865522800000,0.0
865526400000,0.0
865530000000,0.0
865533600000,0.0
865537200000,0.0
865540800000,0.0
865544400000,0.0
865548000000,0.107
865551600000,0.261
865555200000,0.383
865558800000,0.491
865562400000,0.554
865566000000,0.588
865569600000,0.568
865573200000,0.501
865576800000,0.384
865580400000,0.239
865584000000,0.127
865587600000,0.036
865591200000,0.0
865594800000,0.0
865598400000,0.0
865602000000,0.0
865605600000,0.0
865609200000,0.0
865612800000,0.0
865616400000,0.0
865620000000,0.0
865623600000,0.0
865627200000,0.0
865630800000,0.0
865634400000,0.095
865638000000,0.241
865641600000,0.376
865645200000,0.483
865648800000,0.531
865652400000,0.529
865656000000,0.536
865659600000,0.49
865663200000,0.418
865666800000,0.298
865670400000,0.149
865674000000,0.035
865677600000,0.0
865681200000,0.0
865684800000,0.0
865688400000,0.0
865692000000,0.0
865695600000,0.0
865699200000,0.0
865702800000,0.0
865706400000,0.0
865710000000,0.0
865713600000,0.0
865717200000,0.0
865720800000,0.083
865724400000,0.179
865728000000,0.242
865731600000,0.291
865735200000,0.328
865738800000,0.348
865742400000,0.388
865746000000,0.386
865749600000,0.36
865753200000,0.288
865756800000,0.168
865760400000,0.046
865764000000,0.0
865767600000,0.0
865771200000,0.0
865774800000,0.0
865778400000,0.0
865782000000,0.0
865785600000,0.0
865789200000,0.0
865792800000,0.0
865796400000,0.0
865800000000,0.0
865803600000,0.0
865807200000,0.088
865810800000,0.215
865814400000,0.326
865818000000,0.419
865821600000,0.465
865825200000,0.475
865828800000,0.445
865832400000,0.4
865836000000,0.331
865839600000,0.234
865843200000,0.117
865846800000,0.026
865850400000,0.0
865854000000,0.0
865857600000,0.0
865861200000,0.0
865864800000,0.0
865868400000,0.0
865872000000,0.0
865875600000,0.0
865879200000,0.0
865882800000,0.0
865886400000,0.0
865890000000,0.0
865893600000,0.064
865897200000,0.174
865900800000,0.291
865904400000,0.367
865908000000,0.422
865911600000,0.426
865915200000,0.411
865918800000,0.374
865922400000,0.297
865926000000,0.193
865929600000,0.102
865933200000,0.022
865936800000,0.0
865940400000,0.0
865944000000,0.0
865947600000,0.0
865951200000,0.0
865954800000,0.0
865958400000,0.0
865962000000,0.0
865965600000,0.0
865969200000,0.0
865972800000,0.0
865976400000,0.0
865980000000,0.049
865983600000,0.134
865987200000,0.226
865990800000,0.31
865994400000,0.388
865998000000,0.437
866001600000,0.438
866005200000,0.397
866008800000,0.357
866012400000,0.274
866016000000,0.157
866019600000,0.04
866023200000,0.0
866026800000,0.0
866030400000,0.0
866034000000,0.0
866037600000,0.0
866041200000,0.0
866044800000,0.0
866048400000,0.0
866052000000,0.0
866055600000,0.0
866059200000,0.0
866062800000,0.0
866066400000,0.112
866070000000,0.26
866073600000,0.39
866077200000,0.483
866080800000,0.534
866084400000,0.543
866088000000,0.527
866091600000,0.474
866095200000,0.385
866098800000,0.27
866102400000,0.15
866106000000,0.038
866109600000,0.0
866113200000,0.0
866116800000,0.0
866120400000,0.0
866124000000,0.0
866127600000,0.0
866131200000,0.0
866134800000,0.0
866138400000,0.0
866142000000,0.0
866145600000,0.0
866149200000,0.0
866152800000,0.111
866156400000,0.263
866160000000,0.394
866163600000,0.508
866167200000,0.58
866170800000,0.602
866174400000,0.584
866178000000,0.543
866181600000,0.459
866185200000,0.333
866188800000,0.184
866192400000,0.047
866196000000,0.0
866199600000,0.0
866203200000,0.0
866206800000,0.0
866210400000,0.0
866214000000,0.0
866217600000,0.0
866221200000,0.0
866224800000,0.0
866228400000,0.0
866232000000,0.0
866235600000,0.0
866239200000,0.101
866242800000,0.254
866246400000,0.393
866250000000,0.502
866253600000,0.566
866257200000,0.585
866260800000,0.579
866264400000,0.533
866268000000,0.429
866271600000,0.294
866275200000,0.145
866278800000,0.03
866282400000,0.0
866286000000,0.0
866289600000,0.0
866293200000,0.0
866296800000,0.0
866300400000,0.0
866304000000,0.0
866307600000,0.0
866311200000,0.0
866314800000,0.0
866318400000,0.0
866322000000,0.0
866325600000,0.108
866329200000,0.268
866332800000,0.397
866336400000,0.467
866340000000,0.516
866343600000,0.534
866347200000,0.53
866350800000,0.5
866354400000,0.428
866358000000,0.317
866361600000,0.184
866365200000,0.049
866368800000,0.0
866372400000,0.0
866376000000,0.0
866379600000,0.0
866383200000,0.0
866386800000,0.0
866390400000,0.0
866394000000,0.0
866397600000,0.0
866401200000,0.0
866404800000,0.0
866408400000,0.0
866412000000,0.064
866415600000,0.181
866419200000,0.291
866422800000,0.383
866426400000,0.442
866430000000,0.487
866433600000,0.51
866437200000,0.502
866440800000,0.459
866444400000,0.355
866448000000,0.209
866451600000,0.059
866455200000,0.0
866458800000,0.0
866462400000,0.0
866466000000,0.0
866469600000,0.0
866473200000,0.0
866476800000,0.0
866480400000,0.0
866484000000,0.0
866487600000,0.0
866491200000,0.0
866494800000,0.0
866498400000,0.087
866502000000,0.195
866505600000,0.268
866509200000,0.299
866512800000,0.308
866516400000,0.288
866520000000,0.267
866523600000,0.248
866527200000,0.209
866530800000,0.153
866534400000,0.086
866538000000,0.022
866541600000,0.0
866545200000,0.0
866548800000,0.0
866552400000,0.0
866556000000,0.0
866559600000,0.0
866563200000,0.0
866566800000,0.0
866570400000,0.0
866574000000,0.0
866577600000,0.0
866581200000,0.0
866584800000,0.048
866588400000,0.117
866592000000,0.178
866595600000,0.231
866599200000,0.262
866602800000,0.284
866606400000,0.264
866610000000,0.234
866613600000,0.19
866617200000,0.129
866620800000,0.067
866624400000,0.013
866628000000,0.0
866631600000,0.0
866635200000,0.0
866638800000,0.0
866642400000,0.0
866646000000,0.0
866649600000,0.0
866653200000,0.0
866656800000,0.0
866660400000,0.0
866664000000,0.0
866667600000,0.0
866671200000,0.051
866674800000,0.15
866678400000,0.241
866682000000,0.321
866685600000,0.363
866689200000,0.383
866692800000,0.364
866696400000,0.308
866700000000,0.236
866703600000,0.148
866707200000,0.082
866710800000,0.019
866714400000,0.0
866718000000,0.0
866721600000,0.0
866725200000,0.0
866728800000,0.0
866732400000,0.0
866736000000,0.0
866739600000,0.0
866743200000,0.0
866746800000,0.0
866750400000,0.0
866754000000,0.0
866757600000,0.048
866761200000,0.152
866764800000,0.26
866768400000,0.329
866772000000,0.363
866775600000,0.38
866779200000,0.353
866782800000,0.299
866786400000,0.224
866790000000,0.15
866793600000,0.078
866797200000,0.017
866800800000,0.0
866804400000,0.0
866808000000,0.0
866811600000,0.0
866815200000,0.0
866818800000,0.0
866822400000,0.0
866826000000,0.0
866829600000,0.0
866833200000,0.0
866836800000,0.0
866840400000,0.0
866844000000,0.03
866847600000,0.094
866851200000,0.16
866854800000,0.188
866858400000,0.203
866862000000,0.206
866865600000,0.213
866869200000,0.207
866872800000,0.177
866876400000,0.123
866880000000,0.068
866883600000,0.015
866887200000,0.0
866890800000,0.0
866894400000,0.0
866898000000,0.0
866901600000,0.0
866905200000,0.0
866908800000,0.0
866912400000,0.0
866916000000,0.0
866919600000,0.0
866923200000,0.0
866926800000,0.0
866930400000,0.027
866934000000,0.092
866937600000,0.174
866941200000,0.252
866944800000,0.336
866948400000,0.402
866952000000,0.456
866955600000,0.426
866959200000,0.362
866962800000,0.254
866966400000,0.144
866970000000,0.039
866973600000,0.0
866977200000,0.0
866980800000,0.0
866984400000,0.0
866988000000,0.0
866991600000,0.0
866995200000,0.0
866998800000,0.0
867002400000,0.0
867006000000,0.0
867009600000,0.0
867013200000,0.0
867016800000,0.078
867020400000,0.207
867024000000,0.31
867027600000,0.337
867031200000,0.336
867034800000,0.287
867038400000,0.24
867042000000,0.199
867045600000,0.159
867049200000,0.107
867052800000,0.054
867056400000,0.009
867060000000,0.0
867063600000,0.0
867067200000,0.0
867070800000,0.0
867074400000,0.0
867078000000,0.0
867081600000,0.0
867085200000,0.0
867088800000,0.0
867092400000,0.0
867096000000,0.0
867099600000,0.0
867103200000,0.099
867106800000,0.25
867110400000,0.394
867114000000,0.512
867117600000,0.601
867121200000,0.585
867124800000,0.594
867128400000,0.57
867132000000,0.473
867135600000,0.344
867139200000,0.177
867142800000,0.04
867146400000,0.0
867150000000,0.0
867153600000,0.0
867157200000,0.0
867160800000,0.0
867164400000,0.0
867168000000,0.0
867171600000,0.0
867175200000,0.0
867178800000,0.0
867182400000,0.0
867186000000,0.0
867189600000,0.061
867193200000,0.161
867196800000,0.241
867200400000,0.306
867204000000,0.328
867207600000,0.341
867211200000,0.332
867214800000,0.257
867218400000,0.187
867222000000,0.123
867225600000,0.057
867229200000,0.011
867232800000,0.0
867236400000,0.0
867240000000,0.0
867243600000,0.0
867247200000,0.0
867250800000,0.0
867254400000,0.0
867258000000,0.0
867261600000,0.0
867265200000,0.0
867268800000,0.0
867272400000,0.0
867276000000,0.022
867279600000,0.074
867283200000,0.138
867286800000,0.196
867290400000,0.233
867294000000,0.244
867297600000,0.24
867301200000,0.218
867304800000,0.169
867308400000,0.109
867312000000,0.054
867315600000,0.008
867319200000,0.0
867322800000,0.0
867326400000,0.0
867330000000,0.0
867333600000,0.0
867337200000,0.0
867340800000,0.0
867344400000,0.0
867348000000,0.0
867351600000,0.0
867355200000,0.0
867358800000,0.0
867362400000,0.047
867366000000,0.131
867369600000,0.229
867373200000,0.314
867376800000,0.366
867380400000,0.373
867384000000,0.364
867387600000,0.333
867391200000,0.269
867394800000,0.187
867398400000,0.102
867402000000,0.023
867405600000,0.0
867409200000,0.0
867412800000,0.0
867416400000,0.0
867420000000,0.0
867423600000,0.0
867427200000,0.0
867430800000,0.0
867434400000,0.0
867438000000,0.0
867441600000,0.0
867445200000,0.0
867448800000,0.051
867452400000,0.142
867456000000,0.219
867459600000,0.281
867463200000,0.309
867466800000,0.316
867470400000,0.312
867474000000,0.299
867477600000,0.253
867481200000,0.176
867484800000,0.096
867488400000,0.022
867492000000,0.0
867495600000,0.0
867499200000,0.0
867502800000,0.0
867506400000,0.0
867510000000,0.0
867513600000,0.0
867517200000,0.0
867520800000,0.0
867524400000,0.0
867528000000,0.0
867531600000,0.0
867535200000,0.035
867538800000,0.101
867542400000,0.177
867546000000,0.241
867549600000,0.292
867553200000,0.322
867556800000,0.32
867560400000,0.294
867564000000,0.246
867567600000,0.186
867571200000,0.1
867574800000,0.024
867578400000,0.0
867582000000,0.0
867585600000,0.0
867589200000,0.0
867592800000,0.0
867596400000,0.0
867600000000,0.0
867603600000,0.0
867607200000,0.0
867610800000,0.0
867614400000,0.0
867618000000,0.0
867621600000,0.044
867625200000,0.121
867628800000,0.193
867632400000,0.258
867636000000,0.309
867639600000,0.35
867643200000,0.361
867646800000,0.33
867650400000,0.288
867654000000,0.216
867657600000,0.118
867661200000,0.027
867664800000,0.0
867668400000,0.0
867672000000,0.0
867675600000,0.0
867679200000,0.0
867682800000,0.0
867686400000,0.0
867690000000,0.0
867693600000,0.0
867697200000,0.0
867700800000,0.0
867704400000,0.0
867708000000,0.073
867711600000,0.192
867715200000,0.3
867718800000,0.389
867722400000,0.441
867726000000,0.455
867729600000,0.432
867733200000,0.385
867736800000,0.312
867740400000,0.218
867744000000,0.115
867747600000,0.025
867751200000,0.0
867754800000,0.0
867758400000,0.0
867762000000,0.0
867765600000,0.0
867769200000,0.0
867772800000,0.0
867776400000,0.0
867780000000,0.0
867783600000,0.0
867787200000,0.0
867790800000,0.0
867794400000,0.047
867798000000,0.128
867801600000,0.221
867805200000,0.299
867808800000,0.361
867812400000,0.392
867816000000,0.374
867819600000,0.298
867823200000,0.248
867826800000,0.171
867830400000,0.087
867834000000,0.02
867837600000,0.0
867841200000,0.0
867844800000,0.0
867848400000,0.0
867852000000,0.0
867855600000,0.0
867859200000,0.0
867862800000,0.0
867866400000,0.0
867870000000,0.0
867873600000,0.0
867877200000,0.0
867880800000,0.038
867884400000,0.103
867888000000,0.143
867891600000,0.172
867895200000,0.194
867898800000,0.205
867902400000,0.208
867906000000,0.209
867909600000,0.169
867913200000,0.12
867916800000,0.061
867920400000,0.011
867924000000,0.0
867927600000,0.0
867931200000,0.0
867934800000,0.0
867938400000,0.0
867942000000,0.0
867945600000,0.0
867949200000,0.0
867952800000,0.0
867956400000,0.0
867960000000,0.0
867963600000,0.0
867967200000,0.042
867970800000,0.122
867974400000,0.202
867978000000,0.274
867981600000,0.333
867985200000,0.356
867988800000,0.356
867992400000,0.311
867996000000,0.242
867999600000,0.168
868003200000,0.089
868006800000,0.019
868010400000,0.0
868014000000,0.0
868017600000,0.0
868021200000,0.0
868024800000,0.0
868028400000,0.0
868032000000,0.0
868035600000,0.0
868039200000,0.0
868042800000,0.0
868046400000,0.0
868050000000,0.0
868053600000,0.081
868057200000,0.219
868060800000,0.325
868064400000,0.397
868068000000,0.455
868071600000,0.489
868075200000,0.489
868078800000,0.458
868082400000,0.37
868086000000,0.276
868089600000,0.161
868093200000,0.043
868096800000,0.0
868100400000,0.0
868104000000,0.0
868107600000,0.0
868111200000,0.0
868114800000,0.0
868118400000,0.0
868122000000,0.0
868125600000,0.0
868129200000,0.0
868132800000,0.0
868136400000,0.0
868140000000,0.094
868143600000,0.225
868147200000,0.319
868150800000,0.377
868154400000,0.411
868158000000,0.399
868161600000,0.357
868165200000,0.3
868168800000,0.22
868172400000,0.144
868176000000,0.075
868179600000,0.013
868183200000,0.0
868186800000,0.0
868190400000,0.0
868194000000,0.0
868197600000,0.0
868201200000,0.0
868204800000,0.0
868208400000,0.0
868212000000,0.0
868215600000,0.0
868219200000,0.0
868222800000,0.0
868226400000,0.037
868230000000,0.102
868233600000,0.166
868237200000,0.205
868240800000,0.223
868244400000,0.229
868248000000,0.22
868251600000,0.197
868255200000,0.157
868258800000,0.111
868262400000,0.057
868266000000,0.01
868269600000,0.0
868273200000,0.0
868276800000,0.0
868280400000,0.0
868284000000,0.0
868287600000,0.0
868291200000,0.0
868294800000,0.0
868298400000,0.0
868302000000,0.0
868305600000,0.0
868309200000,0.0
868312800000,0.031
868316400000,0.109
868320000000,0.211
868323600000,0.312
868327200000,0.376
868330800000,0.403
868334400000,0.403
868338000000,0.37
868341600000,0.288
868345200000,0.187
868348800000,0.093
868352400000,0.021
868356000000,0.0
868359600000,0.0
868363200000,0.0
868366800000,0.0
868370400000,0.0
868374000000,0.0
868377600000,0.0
868381200000,0.0
868384800000,0.0
868388400000,0.0
868392000000,0.0
868395600000,0.0
868399200000,0.06
868402800000,0.164
868406400000,0.241
868410000000,0.298
868413600000,0.345
868417200000,0.399
868420800000,0.442
868424400000,0.412
868428000000,0.311
868431600000,0.194
868435200000,0.089
868438800000,0.018
868442400000,0.0
868446000000,0.0
868449600000,0.0
868453200000,0.0
868456800000,0.0
868460400000,0.0
868464000000,0.0
868467600000,0.0
868471200000,0.0
868474800000,0.0
868478400000,0.0
868482000000,0.0
868485600000,0.043
868489200000,0.13
868492800000,0.214
868496400000,0.268
868500000000,0.316
868503600000,0.332
868507200000,0.338
868510800000,0.3
868514400000,0.25
868518000000,0.18
868521600000,0.094
868525200000,0.02
868528800000,0.0
868532400000,0.0
868536000000,0.0
868539600000,0.0
868543200000,0.0
868546800000,0.0
868550400000,0.0
868554000000,0.0
868557600000,0.0
868561200000,0.0
868564800000,0.0
868568400000,0.0
868572000000,0.065
868575600000,0.173
868579200000,0.258
868582800000,0.304
868586400000,0.329
868590000000,0.338
868593600000,0.318
868597200000,0.284
868600800000,0.233
868604400000,0.161
868608000000,0.09
868611600000,0.016
868615200000,0.0
868618800000,0.0
868622400000,0.0
868626000000,0.0
868629600000,0.0
868633200000,0.0
868636800000,0.0
868640400000,0.0
868644000000,0.0
868647600000,0.0
868651200000,0.0
868654800000,0.0
868658400000,0.062
868662000000,0.174
868665600000,0.271
868669200000,0.335
868672800000,0.383
868676400000,0.383
868680000000,0.377
868683600000,0.327
868687200000,0.231
868690800000,0.154
868694400000,0.074
868698000000,0.012
868701600000,0.0
868705200000,0.0
868708800000,0.0
868712400000,0.0
868716000000,0.0
868719600000,0.0
868723200000,0.0
868726800000,0.0
868730400000,0.0
868734000000,0.0
868737600000,0.0
868741200000,0.0
868744800000,0.096
868748400000,0.24
868752000000,0.333
868755600000,0.373
868759200000,0.397
868762800000,0.38
868766400000,0.365
868770000000,0.31
868773600000,0.228
868777200000,0.139
868780800000,0.069
868784400000,0.011
868788000000,0.0
868791600000,0.0
868795200000,0.0
868798800000,0.0
868802400000,0.0
868806000000,0.0
868809600000,0.0
868813200000,0.0
868816800000,0.0
868820400000,0.0
868824000000,0.0
868827600000,0.0
868831200000,0.066
868834800000,0.19
868838400000,0.294
868842000000,0.367
868845600000,0.388
868849200000,0.362
868852800000,0.307
868856400000,0.269
868860000000,0.215
868863600000,0.143
868867200000,0.072
868870800000,0.013
868874400000,0.0
868878000000,0.0
868881600000,0.0
868885200000,0.0
868888800000,0.0
868892400000,0.0
868896000000,0.0
868899600000,0.0
868903200000,0.0
868906800000,0.0
868910400000,0.0
868914000000,0.0
868917600000,0.064
868921200000,0.19
868924800000,0.309
868928400000,0.404
868932000000,0.461
868935600000,0.489
868939200000,0.437
868942800000,0.378
868946400000,0.294
868950000000,0.194
868953600000,0.106
868957200000,0.024
868960800000,0.0
868964400000,0.0
868968000000,0.0
868971600000,0.0
868975200000,0.0
868978800000,0.0
868982400000,0.0
868986000000,0.0
868989600000,0.0
868993200000,0.0
868996800000,0.0
869000400000,0.0
869004000000,0.093
869007600000,0.254
869011200000,0.416
869014800000,0.537
869018400000,0.603
869022000000,0.628
869025600000,0.606
869029200000,0.533
869032800000,0.415
869036400000,0.249
869040000000,0.127
869043600000,0.027
869047200000,0.0
869050800000,0.0
869054400000,0.0
869058000000,0.0
869061600000,0.0
869065200000,0.0
869068800000,0.0
869072400000,0.0
869076000000,0.0
869079600000,0.0
869083200000,0.0
869086800000,0.0
869090400000,0.044
869094000000,0.133
869097600000,0.22
869101200000,0.272
869104800000,0.287
869108400000,0.288
869112000000,0.277
869115600000,0.248
869119200000,0.2
869122800000,0.147
869126400000,0.075
869130000000,0.016
869133600000,0.0
869137200000,0.0
869140800000,0.0
869144400000,0.0
869148000000,0.0
869151600000,0.0
869155200000,0.0
869158800000,0.0
869162400000,0.0
869166000000,0.0
869169600000,0.0
869173200000,0.0
869176800000,0.047
869180400000,0.135
869184000000,0.226
869187600000,0.285
869191200000,0.311
869194800000,0.315
869198400000,0.29
869202000000,0.253
869205600000,0.204
869209200000,0.141
869212800000,0.078
869216400000,0.015
869220000000,0.0
869223600000,0.0
869227200000,0.0
869230800000,0.0
869234400000,0.0
869238000000,0.0
869241600000,0.0
869245200000,0.0
869248800000,0.0
869252400000,0.0
869256000000,0.0
869259600000,0.0
869263200000,0.054
869266800000,0.139
869270400000,0.222
869274000000,0.284
869277600000,0.31
869281200000,0.288
869284800000,0.269
869288400000,0.225
869292000000,0.165
869295600000,0.1
869299200000,0.041
869302800000,0.002
869306400000,0.0
869310000000,0.0
869313600000,0.0
869317200000,0.0
869320800000,0.0
869324400000,0.0
869328000000,0.0
869331600000,0.0
869335200000,0.0
869338800000,0.0
869342400000,0.0
869346000000,0.0
869349600000,0.023
869353200000,0.08
869356800000,0.153
869360400000,0.226
869364000000,0.281
869367600000,0.305
869371200000,0.304
869374800000,0.278
869378400000,0.229
869382000000,0.165
869385600000,0.089
869389200000,0.015
869392800000,0.0
869396400000,0.0
869400000000,0.0
869403600000,0.0
869407200000,0.0
869410800000,0.0
869414400000,0.0
869418000000,0.0
869421600000,0.0
869425200000,0.0
869428800000,0.0
869432400000,0.0
869436000000,0.016
869439600000,0.069
869443200000,0.151
869446800000,0.246
869450400000,0.334
869454000000,0.376
869457600000,0.37
869461200000,0.321
869464800000,0.27
869468400000,0.196
869472000000,0.11
869475600000,0.026
869479200000,0.0
869482800000,0.0
869486400000,0.0
869490000000,0.0
869493600000,0.0
869497200000,0.0
869500800000,0.0
869504400000,0.0
869508000000,0.0
869511600000,0.0
869515200000,0.0
869518800000,0.0
869522400000,0.069
869526000000,0.185
869529600000,0.313
869533200000,0.394
869536800000,0.445
869540400000,0.448
869544000000,0.434
869547600000,0.399
869551200000,0.326
869554800000,0.231
869558400000,0.125
869562000000,0.027
869565600000,0.0
869569200000,0.0
869572800000,0.0
869576400000,0.0
869580000000,0.0
869583600000,0.0
869587200000,0.0
869590800000,0.0
869594400000,0.0
869598000000,0.0
869601600000,0.0
869605200000,0.0
869608800000,0.075
869612400000,0.159
869616000000,0.247
869619600000,0.292
869623200000,0.32
869626800000,0.291
869630400000,0.276
869634000000,0.23
869637600000,0.171
869641200000,0.111
869644800000,0.045
869648400000,0.004
869652000000,0.0
869655600000,0.0
869659200000,0.0
869662800000,0.0
869666400000,0.0
869670000000,0.0
869673600000,0.0
869677200000,0.0
869680800000,0.0
869684400000,0.0
869688000000,0.0
869691600000,0.0
869695200000,0.026
869698800000,0.089
869702400000,0.161
869706000000,0.229
869709600000,0.28
869713200000,0.307
869716800000,0.286
869720400000,0.248
869724000000,0.196
869727600000,0.13
869731200000,0.059
869734800000,0.008
869738400000,0.0
869742000000,0.0
869745600000,0.0
869749200000,0.0
869752800000,0.0
869756400000,0.0
869760000000,0.0
869763600000,0.0
869767200000,0.0
869770800000,0.0
869774400000,0.0
869778000000,0.0
869781600000,0.033
869785200000,0.109
869788800000,0.192
869792400000,0.251
869796000000,0.253
869799600000,0.206
869803200000,0.201
869806800000,0.192
869810400000,0.174
869814000000,0.128
869817600000,0.07
869821200000,0.012
869824800000,0.0
869828400000,0.0
869832000000,0.0
869835600000,0.0
869839200000,0.0
869842800000,0.0
869846400000,0.0
869850000000,0.0
869853600000,0.0
869857200000,0.0
869860800000,0.0
869864400000,0.0
869868000000,0.048
869871600000,0.154
869875200000,0.267
869878800000,0.361
869882400000,0.423
869886000000,0.435
869889600000,0.411
869893200000,0.356
869896800000,0.269
869900400000,0.166
869904000000,0.071
869907600000,0.007
869911200000,0.0
869914800000,0.0
869918400000,0.0
869922000000,0.0
869925600000,0.0
869929200000,0.0
869932800000,0.0
869936400000,0.0
869940000000,0.0
869943600000,0.0
869947200000,0.0
869950800000,0.0
869954400000,0.037
869958000000,0.121
869961600000,0.225
869965200000,0.319
869968800000,0.388
869972400000,0.397
869976000000,0.362
869979600000,0.288
869983200000,0.206
869986800000,0.133
869990400000,0.059
869994000000,0.008
869997600000,0.0
870001200000,0.0
870004800000,0.0
870008400000,0.0
870012000000,0.0
870015600000,0.0
870019200000,0.0
870022800000,0.0
870026400000,0.0
870030000000,0.0
870033600000,0.0
870037200000,0.0
870040800000,0.012
870044400000,0.064
870048000000,0.16
870051600000,0.296
870055200000,0.401
870058800000,0.32
870062400000,0.296
870066000000,0.272
870069600000,0.215
870073200000,0.131
870076800000,0.056
870080400000,0.005
870084000000,0.0
870087600000,0.0
870091200000,0.0
870094800000,0.0
870098400000,0.0
870102000000,0.0
870105600000,0.0
870109200000,0.0
870112800000,0.0
870116400000,0.0
870120000000,0.0
870123600000,0.0
870127200000,0.021
870130800000,0.077
870134400000,0.139
870138000000,0.208
870141600000,0.258
870145200000,0.266
870148800000,0.267
870152400000,0.246
870156000000,0.201
870159600000,0.147
870163200000,0.088
870166800000,0.014
870170400000,0.0
870174000000,0.0
870177600000,0.0
870181200000,0.0
870184800000,0.0
870188400000,0.0
870192000000,0.0
870195600000,0.0
870199200000,0.0
870202800000,0.0
870206400000,0.0
870210000000,0.0
870213600000,0.042
870217200000,0.124
870220800000,0.206
870224400000,0.268
870228000000,0.304
870231600000,0.322
870235200000,0.3
870238800000,0.245
870242400000,0.18
870246000000,0.107
870249600000,0.046
870253200000,0.003
870256800000,0.0
870260400000,0.0
870264000000,0.0
870267600000,0.0
870271200000,0.0
870274800000,0.0
870278400000,0.0
870282000000,0.0
870285600000,0.0
870289200000,0.0
870292800000,0.0
870296400000,0.0
870300000000,0.021
870303600000,0.073
870307200000,0.131
870310800000,0.183
870314400000,0.22
870318000000,0.238
870321600000,0.236
870325200000,0.218
870328800000,0.184
870332400000,0.127
870336000000,0.061
870339600000,0.008
870343200000,0.0
870346800000,0.0
870350400000,0.0
870354000000,0.0
870357600000,0.0
870361200000,0.0
870364800000,0.0
870368400000,0.0
870372000000,0.0
870375600000,0.0
870379200000,0.0
870382800000,0.0
870386400000,0.028
870390000000,0.1
870393600000,0.207
870397200000,0.275
870400800000,0.322
870404400000,0.358
870408000000,0.381
870411600000,0.37
870415200000,0.324
870418800000,0.235
870422400000,0.128
870426000000,0.026
870429600000,0.0
870433200000,0.0
870436800000,0.0
870440400000,0.0
870444000000,0.0
870447600000,0.0
870451200000,0.0
870454800000,0.0
870458400000,0.0
870462000000,0.0
870465600000,0.0
870469200000,0.0
870472800000,0.058
870476400000,0.18
870480000000,0.302
870483600000,0.401
870487200000,0.461
870490800000,0.524
870494400000,0.548
870498000000,0.523
870501600000,0.452
870505200000,0.335
870508800000,0.187
870512400000,0.042
870516000000,0.0
870519600000,0.0
870523200000,0.0
870526800000,0.0
870530400000,0.0
870534000000,0.0
870537600000,0.0
870541200000,0.0
870544800000,0.0
870548400000,0.0
870552000000,0.0
870555600000,0.0
870559200000,0.033
870562800000,0.118
870566400000,0.23
870570000000,0.314
870573600000,0.375
870577200000,0.42
870580800000,0.434
870584400000,0.409
870588000000,0.336
870591600000,0.247
870595200000,0.14
870598800000,0.025
870602400000,0.0
870606000000,0.0
870609600000,0.0
870613200000,0.0
870616800000,0.0
870620400000,0.0
870624000000,0.0
870627600000,0.0
870631200000,0.0
870634800000,0.0
870638400000,0.0
870642000000,0.0
870645600000,0.031
870649200000,0.115
870652800000,0.175
870656400000,0.199
870660000000,0.231
870663600000,0.265
870667200000,0.272
870670800000,0.248
870674400000,0.202
870678000000,0.136
870681600000,0.06
870685200000,0.007
870688800000,0.0
870692400000,0.0
870696000000,0.0
870699600000,0.0
870703200000,0.0
870706800000,0.0
870710400000,0.0
870714000000,0.0
870717600000,0.0
870721200000,0.0
870724800000,0.0
870728400000,0.0
870732000000,0.048
870735600000,0.174
870739200000,0.305
870742800000,0.361
870746400000,0.362
870750000000,0.41
870753600000,0.446
870757200000,0.382
870760800000,0.271
870764400000,0.161
870768000000,0.075
870771600000,0.011
870775200000,0.0
870778800000,0.0
870782400000,0.0
870786000000,0.0
870789600000,0.0
870793200000,0.0
870796800000,0.0
870800400000,0.0
870804000000,0.0
870807600000,0.0
870811200000,0.0
870814800000,0.0
870818400000,0.036
870822000000,0.129
870825600000,0.222
870829200000,0.287
870832800000,0.315
870836400000,0.327
870840000000,0.317
870843600000,0.284
870847200000,0.24
870850800000,0.165
870854400000,0.082
870858000000,0.012
870861600000,0.0
870865200000,0.0
870868800000,0.0
870872400000,0.0
870876000000,0.0
870879600000,0.0
870883200000,0.0
870886800000,0.0
870890400000,0.0
870894000000,0.0
870897600000,0.0
870901200000,0.0
870904800000,0.08
870908400000,0.238
870912000000,0.393
870915600000,0.52
870919200000,0.599
870922800000,0.629
870926400000,0.598
870930000000,0.53
870933600000,0.424
870937200000,0.299
870940800000,0.141
870944400000,0.025
870948000000,0.0
870951600000,0.0
870955200000,0.0
870958800000,0.0
870962400000,0.0
870966000000,0.0
870969600000,0.0
870973200000,0.0
870976800000,0.0
870980400000,0.0
870984000000,0.0
870987600000,0.0
870991200000,0.047
870994800000,0.157
870998400000,0.275
871002000000,0.363
871005600000,0.406
871009200000,0.403
871012800000,0.363
871016400000,0.323
871020000000,0.265
871023600000,0.181
871027200000,0.089
871030800000,0.013
871034400000,0.0
871038000000,0.0
871041600000,0.0
871045200000,0.0
871048800000,0.0
871052400000,0.0
871056000000,0.0
871059600000,0.0
871063200000,0.0
871066800000,0.0
871070400000,0.0
871074000000,0.0
871077600000,0.03
871081200000,0.106
871084800000,0.193
871088400000,0.289
871092000000,0.346
871095600000,0.378
871099200000,0.38
871102800000,0.363
871106400000,0.343
871110000000,0.246
871113600000,0.134
871117200000,0.027
871120800000,0.0
871124400000,0.0
871128000000,0.0
871131600000,0.0
871135200000,0.0
871138800000,0.0
871142400000,0.0
871146000000,0.0
871149600000,0.0
871153200000,0.0
871156800000,0.0
871160400000,0.0
871164000000,0.043
871167600000,0.132
871171200000,0.222
871174800000,0.297
871178400000,0.355
871182000000,0.379
871185600000,0.371
871189200000,0.331
871192800000,0.261
871196400000,0.178
871200000000,0.089
871203600000,0.014
871207200000,0.0
871210800000,0.0
871214400000,0.0
871218000000,0.0
871221600000,0.0
871225200000,0.0
871228800000,0.0
871232400000,0.0
871236000000,0.0
871239600000,0.0
871243200000,0.0
871246800000,0.0
871250400000,0.056
871254000000,0.169
871257600000,0.273
871261200000,0.338
871264800000,0.389
871268400000,0.419
871272000000,0.422
871275600000,0.414
871279200000,0.357
871282800000,0.256
871286400000,0.14
871290000000,0.026
871293600000,0.0
871297200000,0.0
871300800000,0.0
871304400000,0.0
871308000000,0.0
871311600000,0.0
871315200000,0.0
871318800000,0.0
871322400000,0.0
871326000000,0.0
871329600000,0.0
871333200000,0.0
871336800000,0.054
871340400000,0.17
871344000000,0.287
871347600000,0.411
871351200000,0.51
871354800000,0.566
871358400000,0.567
871362000000,0.514
871365600000,0.444
871369200000,0.316
871372800000,0.166
871376400000,0.032
871380000000,0.0
871383600000,0.0
871387200000,0.0
871390800000,0.0
871394400000,0.0
871398000000,0.0
871401600000,0.0
871405200000,0.0
871408800000,0.0
871412400000,0.0
871416000000,0.0
871419600000,0.0
871423200000,0.046
871426800000,0.172
871430400000,0.319
871434000000,0.422
871437600000,0.467
871441200000,0.493
871444800000,0.465
871448400000,0.43
871452000000,0.343
871455600000,0.232
871459200000,0.11
871462800000,0.017
871466400000,0.0
871470000000,0.0
871473600000,0.0
871477200000,0.0
871480800000,0.0
871484400000,0.0
871488000000,0.0
871491600000,0.0
871495200000,0.0
871498800000,0.0
871502400000,0.0
871506000000,0.0
871509600000,0.025
871513200000,0.086
871516800000,0.159
871520400000,0.224
871524000000,0.288
871527600000,0.33
871531200000,0.341
871534800000,0.319
871538400000,0.277
871542000000,0.198
871545600000,0.102
871549200000,0.017
871552800000,0.0
871556400000,0.0
871560000000,0.0
871563600000,0.0
871567200000,0.0
871570800000,0.0
871574400000,0.0
871578000000,0.0
871581600000,0.0
871585200000,0.0
871588800000,0.0
871592400000,0.0
871596000000,0.038
871599600000,0.139
871603200000,0.276
871606800000,0.39
871610400000,0.458
871614000000,0.482
871617600000,0.452
871621200000,0.387
871624800000,0.289
871628400000,0.184
871632000000,0.09
871635600000,0.013
871639200000,0.0
871642800000,0.0
871646400000,0.0
871650000000,0.0
871653600000,0.0
871657200000,0.0
871660800000,0.0
871664400000,0.0
871668000000,0.0
871671600000,0.0
871675200000,0.0
871678800000,0.0
871682400000,0.072
871686000000,0.228
871689600000,0.382
871693200000,0.494
871696800000,0.534
871700400000,0.523
871704000000,0.442
871707600000,0.346
871711200000,0.263
871714800000,0.187
871718400000,0.119
871722000000,0.026
871725600000,0.0
871729200000,0.0
871732800000,0.0
871736400000,0.0
871740000000,0.0
871743600000,0.0
871747200000,0.0
871750800000,0.0
871754400000,0.0
871758000000,0.0
871761600000,0.0
871765200000,0.0
871768800000,0.058
871772400000,0.196
871776000000,0.333
871779600000,0.442
871783200000,0.528
871786800000,0.553
871790400000,0.55
871794000000,0.502
871797600000,0.412
871801200000,0.297
871804800000,0.142
871808400000,0.019
871812000000,0.0
871815600000,0.0
871819200000,0.0
871822800000,0.0
871826400000,0.0
871830000000,0.0
871833600000,0.0
871837200000,0.0
871840800000,0.0
871844400000,0.0
871848000000,0.0
871851600000,0.0
871855200000,0.079
871858800000,0.217
871862400000,0.305
871866000000,0.377
871869600000,0.411
871873200000,0.438
871876800000,0.414
871880400000,0.356
871884000000,0.315
871887600000,0.25
871891200000,0.14
871894800000,0.025
871898400000,0.0
871902000000,0.0
871905600000,0.0
871909200000,0.0
871912800000,0.0
871916400000,0.0
871920000000,0.0
871923600000,0.0
871927200000,0.0
871930800000,0.0
871934400000,0.0
871938000000,0.0
871941600000,0.033
871945200000,0.11
871948800000,0.186
871952400000,0.243
871956000000,0.281
871959600000,0.294
871963200000,0.287
871966800000,0.249
871970400000,0.205
871974000000,0.134
871977600000,0.062
871981200000,0.005
871984800000,0.0
871988400000,0.0
871992000000,0.0
871995600000,0.0
871999200000,0.0
872002800000,0.0
872006400000,0.0
872010000000,0.0
872013600000,0.0
872017200000,0.0
872020800000,0.0
872024400000,0.0
872028000000,0.012
872031600000,0.069
872035200000,0.142
872038800000,0.201
872042400000,0.224
872046000000,0.22
872049600000,0.217
872053200000,0.188
872056800000,0.152
872060400000,0.095
872064000000,0.039
872067600000,0.0
872071200000,0.0
872074800000,0.0
872078400000,0.0
872082000000,0.0
872085600000,0.0
872089200000,0.0
872092800000,0.0
872096400000,0.0
872100000000,0.0
872103600000,0.0
872107200000,0.0
872110800000,0.0
872114400000,0.033
872118000000,0.131
872121600000,0.222
872125200000,0.288
872128800000,0.312
872132400000,0.274
872136000000,0.221
872139600000,0.187
872143200000,0.163
872146800000,0.118
872150400000,0.054
872154000000,0.003
872157600000,0.0
872161200000,0.0
872164800000,0.0
872168400000,0.0
872172000000,0.0
872175600000,0.0
872179200000,0.0
872182800000,0.0
872186400000,0.0
872190000000,0.0
872193600000,0.0
872197200000,0.0
872200800000,0.021
872204400000,0.069
872208000000,0.115
872211600000,0.185
872215200000,0.261
872218800000,0.273
872222400000,0.248
872226000000,0.208
872229600000,0.168
872233200000,0.127
872236800000,0.061
872240400000,0.004
872244000000,0.0
872247600000,0.0
872251200000,0.0
872254800000,0.0
872258400000,0.0
872262000000,0.0
872265600000,0.0
872269200000,0.0
872272800000,0.0
872276400000,0.0
872280000000,0.0
872283600000,0.0
872287200000,0.015
872290800000,0.072
872294400000,0.132
872298000000,0.188
872301600000,0.235
872305200000,0.234
872308800000,0.223
872312400000,0.185
872316000000,0.141
872319600000,0.102
872323200000,0.051
872326800000,0.002
872330400000,0.0
872334000000,0.0
872337600000,0.0
872341200000,0.0
872344800000,0.0
872348400000,0.0
872352000000,0.0
872355600000,0.0
872359200000,0.0
872362800000,0.0
872366400000,0.0
872370000000,0.0
872373600000,0.041
872377200000,0.141
872380800000,0.238
872384400000,0.329
872388000000,0.398
872391600000,0.426
872395200000,0.387
872398800000,0.34
872402400000,0.277
872406000000,0.185
872409600000,0.082
872413200000,0.007
872416800000,0.0
872420400000,0.0
872424000000,0.0
872427600000,0.0
872431200000,0.0
872434800000,0.0
872438400000,0.0
872442000000,0.0
872445600000,0.0
872449200000,0.0
872452800000,0.0
872456400000,0.0
872460000000,0.063
872463600000,0.194
872467200000,0.342
872470800000,0.471
872474400000,0.552
872478000000,0.581
872481600000,0.563
872485200000,0.516
872488800000,0.407
872492400000,0.251
872496000000,0.113
872499600000,0.013
872503200000,0.0
872506800000,0.0
872510400000,0.0
872514000000,0.0
872517600000,0.0
872521200000,0.0
872524800000,0.0
872528400000,0.0
872532000000,0.0
872535600000,0.0
872539200000,0.0
872542800000,0.0
872546400000,0.04
872550000000,0.136
872553600000,0.265
872557200000,0.372
872560800000,0.428
872564400000,0.382
872568000000,0.285
872571600000,0.227
872575200000,0.181
872578800000,0.12
872582400000,0.053
872586000000,0.005
872589600000,0.0
872593200000,0.0
872596800000,0.0
872600400000,0.0
872604000000,0.0
872607600000,0.0
872611200000,0.0
872614800000,0.0
872618400000,0.0
872622000000,0.0
872625600000,0.0
872629200000,0.0
872632800000,0.031
872636400000,0.135
872640000000,0.277
872643600000,0.462
872647200000,0.57
872650800000,0.405
872654400000,0.3
872658000000,0.252
872661600000,0.214
872665200000,0.149
872668800000,0.069
872672400000,0.006
872676000000,0.0
872679600000,0.0
872683200000,0.0
872686800000,0.0
872690400000,0.0
872694000000,0.0
872697600000,0.0
872701200000,0.0
872704800000,0.0
872708400000,0.0
872712000000,0.0
872715600000,0.0
872719200000,0.027
872722800000,0.111
872726400000,0.207
872730000000,0.288
872733600000,0.352
872737200000,0.393
872740800000,0.409
872744400000,0.397
872748000000,0.329
872751600000,0.224
872755200000,0.109
872758800000,0.011
872762400000,0.0
872766000000,0.0
872769600000,0.0
872773200000,0.0
872776800000,0.0
872780400000,0.0
872784000000,0.0
872787600000,0.0
872791200000,0.0
872794800000,0.0
872798400000,0.0
872802000000,0.0
872805600000,0.03
872809200000,0.129
872812800000,0.232
872816400000,0.313
872820000000,0.379
872823600000,0.41
872827200000,0.407
872830800000,0.356
872834400000,0.232
872838000000,0.123
872841600000,0.047
872845200000,0.001
872848800000,0.0
872852400000,0.0
872856000000,0.0
872859600000,0.0
872863200000,0.0
872866800000,0.0
872870400000,0.0
872874000000,0.0
872877600000,0.0
872881200000,0.0
872884800000,0.0
872888400000,0.0
872892000000,0.047
872895600000,0.156
872899200000,0.267
872902800000,0.359
872906400000,0.41
872910000000,0.418
872913600000,0.402
872917200000,0.378
872920800000,0.314
872924400000,0.219
872928000000,0.112
872931600000,0.015
872935200000,0.0
872938800000,0.0
872942400000,0.0
872946000000,0.0
872949600000,0.0
872953200000,0.0
872956800000,0.0
872960400000,0.0
872964000000,0.0
872967600000,0.0
872971200000,0.0
872974800000,0.0
872978400000,0.023
872982000000,0.106
872985600000,0.196
872989200000,0.241
872992800000,0.263
872996400000,0.276
873000000000,0.282
873003600000,0.262
873007200000,0.205
873010800000,0.142
873014400000,0.077
873018000000,0.009
873021600000,0.0
873025200000,0.0
873028800000,0.0
873032400000,0.0
873036000000,0.0
873039600000,0.0
873043200000,0.0
873046800000,0.0
873050400000,0.0
873054000000,0.0
873057600000,0.0
873061200000,0.0
873064800000,0.02
873068400000,0.095
873072000000,0.196
873075600000,0.294
873079200000,0.375
873082800000,0.42
873086400000,0.419
873090000000,0.406
873093600000,0.346
873097200000,0.248
873100800000,0.137
873104400000,0.021
873108000000,0.0
873111600000,0.0
873115200000,0.0
873118800000,0.0
873122400000,0.0
873126000000,0.0
873129600000,0.0
873133200000,0.0
873136800000,0.0
873140400000,0.0
873144000000,0.0
873147600000,0.0
873151200000,0.029
873154800000,0.111
873158400000,0.218
873162000000,0.332
873165600000,0.417
873169200000,0.454
873172800000,0.485
873176400000,0.473
873180000000,0.415
873183600000,0.301
873187200000,0.159
873190800000,0.024
873194400000,0.0
873198000000,0.0
873201600000,0.0
873205200000,0.0
873208800000,0.0
873212400000,0.0
873216000000,0.0
873219600000,0.0
873223200000,0.0
873226800000,0.0
873230400000,0.0
873234000000,0.0
873237600000,0.074
873241200000,0.233
873244800000,0.372
873248400000,0.48
873252000000,0.537
873255600000,0.554
873259200000,0.542
873262800000,0.481
873266400000,0.393
873270000000,0.272
873273600000,0.131
873277200000,0.019
873280800000,0.0
873284400000,0.0
873288000000,0.0
873291600000,0.0
873295200000,0.0
873298800000,0.0
873302400000,0.0
873306000000,0.0
873309600000,0.0
873313200000,0.0
873316800000,0.0
873320400000,0.0
873324000000,0.033
873327600000,0.109
873331200000,0.191
873334800000,0.259
873338400000,0.302
873342000000,0.317
873345600000,0.321
873349200000,0.285
873352800000,0.222
873356400000,0.143
873360000000,0.058
873363600000,0.003
873367200000,0.0
873370800000,0.0
873374400000,0.0
873378000000,0.0
873381600000,0.0
873385200000,0.0
873388800000,0.0
873392400000,0.0
873396000000,0.0
873399600000,0.0
873403200000,0.0
873406800000,0.0
873410400000,0.018
873414000000,0.086
873417600000,0.163
873421200000,0.23
873424800000,0.281
873428400000,0.311
873432000000,0.292
873435600000,0.249
873439200000,0.201
873442800000,0.14
873446400000,0.07
873450000000,0.006
873453600000,0.0
873457200000,0.0
873460800000,0.0
873464400000,0.0
873468000000,0.0
873471600000,0.0
873475200000,0.0
873478800000,0.0
873482400000,0.0
873486000000,0.0
873489600000,0.0
873493200000,0.0
873496800000,0.046
873500400000,0.167
873504000000,0.272
873507600000,0.371
873511200000,0.418
873514800000,0.396
873518400000,0.357
873522000000,0.305
873525600000,0.227
873529200000,0.157
873532800000,0.073
873536400000,0.005
873540000000,0.0
873543600000,0.0
873547200000,0.0
873550800000,0.0
873554400000,0.0
873558000000,0.0
873561600000,0.0
873565200000,0.0
873568800000,0.0
873572400000,0.0
873576000000,0.0
873579600000,0.0
873583200000,0.033
873586800000,0.121
873590400000,0.221
873594000000,0.318
873597600000,0.389
873601200000,0.408
873604800000,0.396
873608400000,0.374
873612000000,0.32
873615600000,0.223
873619200000,0.103
873622800000,0.012
873626400000,0.0
873630000000,0.0
873633600000,0.0
873637200000,0.0
873640800000,0.0
873644400000,0.0
873648000000,0.0
873651600000,0.0
873655200000,0.0
873658800000,0.0
873662400000,0.0
873666000000,0.0
873669600000,0.064
873673200000,0.221
873676800000,0.389
873680400000,0.483
873684000000,0.556
873687600000,0.582
873691200000,0.565
873694800000,0.507
873698400000,0.408
873702000000,0.275
873705600000,0.142
873709200000,0.019
873712800000,0.0
873716400000,0.0
873720000000,0.0
873723600000,0.0
873727200000,0.0
873730800000,0.0
873734400000,0.0
873738000000,0.0
873741600000,0.0
873745200000,0.0
873748800000,0.0
873752400000,0.0
873756000000,0.083
873759600000,0.28
873763200000,0.47
873766800000,0.604
873770400000,0.684
873774000000,0.703
873777600000,0.636
873781200000,0.553
873784800000,0.397
873788400000,0.248
873792000000,0.123
873795600000,0.013
873799200000,0.0
873802800000,0.0
873806400000,0.0
873810000000,0.0
873813600000,0.0
873817200000,0.0
873820800000,0.0
873824400000,0.0
873828000000,0.0
873831600000,0.0
873835200000,0.0
873838800000,0.0
873842400000,0.025
873846000000,0.098
873849600000,0.201
873853200000,0.286
873856800000,0.375
873860400000,0.362
873864000000,0.334
873867600000,0.29
873871200000,0.217
873874800000,0.13
873878400000,0.057
873882000000,0.002
873885600000,0.0
873889200000,0.0
873892800000,0.0
873896400000,0.0
873900000000,0.0
873903600000,0.0
873907200000,0.0
873910800000,0.0
873914400000,0.0
873918000000,0.0
873921600000,0.0
873925200000,0.0
873928800000,0.051
873932400000,0.176
873936000000,0.271
873939600000,0.31
873943200000,0.334
873946800000,0.338
873950400000,0.307
873954000000,0.268
873957600000,0.222
873961200000,0.148
873964800000,0.063
873968400000,0.004
873972000000,0.0
873975600000,0.0
873979200000,0.0
873982800000,0.0
873986400000,0.0
873990000000,0.0
873993600000,0.0
873997200000,0.0
874000800000,0.0
874004400000,0.0
874008000000,0.0
874011600000,0.0
874015200000,0.033
874018800000,0.138
874022400000,0.265
874026000000,0.377
874029600000,0.452
874033200000,0.478
874036800000,0.461
874040400000,0.391
874044000000,0.31
874047600000,0.169
874051200000,0.077
874054800000,0.005
874058400000,0.0
874062000000,0.0
874065600000,0.0
874069200000,0.0
874072800000,0.0
874076400000,0.0
874080000000,0.0
874083600000,0.0
874087200000,0.0
874090800000,0.0
874094400000,0.0
874098000000,0.0
874101600000,0.047
874105200000,0.176
874108800000,0.308
874112400000,0.411
874116000000,0.484
874119600000,0.505
874123200000,0.507
874126800000,0.452
874130400000,0.368
874134000000,0.262
874137600000,0.133
874141200000,0.018
874144800000,0.0
874148400000,0.0
874152000000,0.0
874155600000,0.0
874159200000,0.0
874162800000,0.0
874166400000,0.0
874170000000,0.0
874173600000,0.0
874177200000,0.0
874180800000,0.0
874184400000,0.0
874188000000,0.043
874191600000,0.16
874195200000,0.272
874198800000,0.363
874202400000,0.416
874206000000,0.409
874209600000,0.382
874213200000,0.319
874216800000,0.226
874220400000,0.125
874224000000,0.046
874227600000,0.0
874231200000,0.0
874234800000,0.0
874238400000,0.0
874242000000,0.0
874245600000,0.0
874249200000,0.0
874252800000,0.0
874256400000,0.0
874260000000,0.0
874263600000,0.0
874267200000,0.0
874270800000,0.0
874274400000,0.034
874278000000,0.141
874281600000,0.258
874285200000,0.356
874288800000,0.428
874292400000,0.448
874296000000,0.44
874299600000,0.401
874303200000,0.318
874306800000,0.186
874310400000,0.081
874314000000,0.004
874317600000,0.0
874321200000,0.0
874324800000,0.0
874328400000,0.0
874332000000,0.0
874335600000,0.0
874339200000,0.0
874342800000,0.0
874346400000,0.0
874350000000,0.0
874353600000,0.0
874357200000,0.0
874360800000,0.039
874364400000,0.149
874368000000,0.255
874371600000,0.33
874375200000,0.383
874378800000,0.393
874382400000,0.389
874386000000,0.365
874389600000,0.303
874393200000,0.214
874396800000,0.112
874400400000,0.013
874404000000,0.0
874407600000,0.0
874411200000,0.0
874414800000,0.0
874418400000,0.0
874422000000,0.0
874425600000,0.0
874429200000,0.0
874432800000,0.0
874436400000,0.0
874440000000,0.0
874443600000,0.0
874447200000,0.068
874450800000,0.238
874454400000,0.394
874458000000,0.501
874461600000,0.554
874465200000,0.567
874468800000,0.548
874472400000,0.474
874476000000,0.381
874479600000,0.261
874483200000,0.126
874486800000,0.011
874490400000,0.0
874494000000,0.0
874497600000,0.0
874501200000,0.0
874504800000,0.0
874508400000,0.0
874512000000,0.0
874515600000,0.0
874519200000,0.0
874522800000,0.0
874526400000,0.0
874530000000,0.0
874533600000,0.019
874537200000,0.108
874540800000,0.21
874544400000,0.317
874548000000,0.397
874551600000,0.396
874555200000,0.392
874558800000,0.341
874562400000,0.267
874566000000,0.184
874569600000,0.09
874573200000,0.006
874576800000,0.0
874580400000,0.0
874584000000,0.0
874587600000,0.0
874591200000,0.0
874594800000,0.0
874598400000,0.0
874602000000,0.0
874605600000,0.0
874609200000,0.0
874612800000,0.0
874616400000,0.0
874620000000,0.059
874623600000,0.222
874627200000,0.376
874630800000,0.482
874634400000,0.544
874638000000,0.558
874641600000,0.513
874645200000,0.442
874648800000,0.321
874652400000,0.186
874656000000,0.09
874659600000,0.007
874663200000,0.0
874666800000,0.0
874670400000,0.0
874674000000,0.0
874677600000,0.0
874681200000,0.0
874684800000,0.0
874688400000,0.0
874692000000,0.0
874695600000,0.0
874699200000,0.0
874702800000,0.0
874706400000,0.042
874710000000,0.157
874713600000,0.277
874717200000,0.374
874720800000,0.399
874724400000,0.375
874728000000,0.355
874731600000,0.318
874735200000,0.247
874738800000,0.164
874742400000,0.073
874746000000,0.003
874749600000,0.0
874753200000,0.0
874756800000,0.0
874760400000,0.0
874764000000,0.0
874767600000,0.0
874771200000,0.0
874774800000,0.0
874778400000,0.0
874782000000,0.0
874785600000,0.0
874789200000,0.0
874792800000,0.027
874796400000,0.127
874800000000,0.225
874803600000,0.32
874807200000,0.352
874810800000,0.341
874814400000,0.312
874818000000,0.259
874821600000,0.192
874825200000,0.115
874828800000,0.047
874832400000,0.0
874836000000,0.0
874839600000,0.0
874843200000,0.0
874846800000,0.0
874850400000,0.0
874854000000,0.0
874857600000,0.0
874861200000,0.0
874864800000,0.0
874868400000,0.0
874872000000,0.0
874875600000,0.0
874879200000,0.043
874882800000,0.174
874886400000,0.298
874890000000,0.359
874893600000,0.385
874897200000,0.406
874900800000,0.391
874904400000,0.357
874908000000,0.283
874911600000,0.19
874915200000,0.084
874918800000,0.004
874922400000,0.0
874926000000,0.0
874929600000,0.0
874933200000,0.0
874936800000,0.0
874940400000,0.0
874944000000,0.0
874947600000,0.0
874951200000,0.0
874954800000,0.0
874958400000,0.0
874962000000,0.0
874965600000,0.022
874969200000,0.107
874972800000,0.205
874976400000,0.285
874980000000,0.343
874983600000,0.366
874987200000,0.383
874990800000,0.352
874994400000,0.262
874998000000,0.173
875001600000,0.084
875005200000,0.004
875008800000,0.0
875012400000,0.0
875016000000,0.0
875019600000,0.0
875023200000,0.0
875026800000,0.0
875030400000,0.0
875034000000,0.0
875037600000,0.0
875041200000,0.0
875044800000,0.0
875048400000,0.0
875052000000,0.031
875055600000,0.152
875059200000,0.32
875062800000,0.435
875066400000,0.446
875070000000,0.388
875073600000,0.304
875077200000,0.253
875080800000,0.192
875084400000,0.126
875088000000,0.056
875091600000,0.0
875095200000,0.0
875098800000,0.0
875102400000,0.0
875106000000,0.0
875109600000,0.0
875113200000,0.0
875116800000,0.0
875120400000,0.0
875124000000,0.0
875127600000,0.0
875131200000,0.0
875134800000,0.0
875138400000,0.029
875142000000,0.132
875145600000,0.242
875149200000,0.328
875152800000,0.36
875156400000,0.365
875160000000,0.318
875163600000,0.274
875167200000,0.171
875170800000,0.071
875174400000,0.024
875178000000,0.0
875181600000,0.0
875185200000,0.0
875188800000,0.0
875192400000,0.0
875196000000,0.0
875199600000,0.0
875203200000,0.0
875206800000,0.0
875210400000,0.0
875214000000,0.0
875217600000,0.0
875221200000,0.0
875224800000,0.01
875228400000,0.065
875232000000,0.133
875235600000,0.205
875239200000,0.265
875242800000,0.292
875246400000,0.277
875250000000,0.24
875253600000,0.186
875257200000,0.127
875260800000,0.061
875264400000,0.002
875268000000,0.0
875271600000,0.0
875275200000,0.0
875278800000,0.0
875282400000,0.0
875286000000,0.0
875289600000,0.0
875293200000,0.0
875296800000,0.0
875300400000,0.0
875304000000,0.0
875307600000,0.0
875311200000,0.05
875314800000,0.194
875318400000,0.308
875322000000,0.388
875325600000,0.425
875329200000,0.422
875332800000,0.404
875336400000,0.362
875340000000,0.292
875343600000,0.21
875347200000,0.099
875350800000,0.006
875354400000,0.0
875358000000,0.0
875361600000,0.0
875365200000,0.0
875368800000,0.0
875372400000,0.0
875376000000,0.0
875379600000,0.0
875383200000,0.0
875386800000,0.0
875390400000,0.0
875394000000,0.0
875397600000,0.043
875401200000,0.184
875404800000,0.299
875408400000,0.384
875412000000,0.424
875415600000,0.411
875419200000,0.4
875422800000,0.349
875426400000,0.299
875430000000,0.209
875433600000,0.102
875437200000,0.006
875440800000,0.0
875444400000,0.0
875448000000,0.0
875451600000,0.0
875455200000,0.0
875458800000,0.0
875462400000,0.0
875466000000,0.0
875469600000,0.0
875473200000,0.0
875476800000,0.0
875480400000,0.0
875484000000,0.021
875487600000,0.101
875491200000,0.176
875494800000,0.232
875498400000,0.283
875502000000,0.297
875505600000,0.284
875509200000,0.26
875512800000,0.197
875516400000,0.125
875520000000,0.052
875523600000,0.0
875527200000,0.0
875530800000,0.0
875534400000,0.0
875538000000,0.0
875541600000,0.0
875545200000,0.0
875548800000,0.0
875552400000,0.0
875556000000,0.0
875559600000,0.0
875563200000,0.0
875566800000,0.0
875570400000,0.025
875574000000,0.128
875577600000,0.249
875581200000,0.349
875584800000,0.39
875588400000,0.374
875592000000,0.326
875595600000,0.264
875599200000,0.181
875602800000,0.115
875606400000,0.046
875610000000,0.0
875613600000,0.0
875617200000,0.0
875620800000,0.0
875624400000,0.0
875628000000,0.0
875631600000,0.0
875635200000,0.0
875638800000,0.0
875642400000,0.0
875646000000,0.0
875649600000,0.0
875653200000,0.0
875656800000,0.023
875660400000,0.117
875664000000,0.219
875667600000,0.305
875671200000,0.396
875674800000,0.442
875678400000,0.411
875682000000,0.338
875685600000,0.266
875689200000,0.18
875692800000,0.082
875696400000,0.003
875700000000,0.0
875703600000,0.0
875707200000,0.0
875710800000,0.0
875714400000,0.0
875718000000,0.0
875721600000,0.0
875725200000,0.0
875728800000,0.0
875732400000,0.0
875736000000,0.0
875739600000,0.0
875743200000,0.042
875746800000,0.176
875750400000,0.308
875754000000,0.382
875757600000,0.404
875761200000,0.415
875764800000,0.424
875768400000,0.424
875772000000,0.396
875775600000,0.3
875779200000,0.163
875782800000,0.015
875786400000,0.0
875790000000,0.0
875793600000,0.0
875797200000,0.0
875800800000,0.0
875804400000,0.0
875808000000,0.0
875811600000,0.0
875815200000,0.0
875818800000,0.0
875822400000,0.0
875826000000,0.0
875829600000,0.071
875833200000,0.265
875836800000,0.479
875840400000,0.62
875844000000,0.709
875847600000,0.746
875851200000,0.738
875854800000,0.676
875858400000,0.578
875862000000,0.421
875865600000,0.219
875869200000,0.016
875872800000,0.0
875876400000,0.0
875880000000,0.0
875883600000,0.0
875887200000,0.0
875890800000,0.0
875894400000,0.0
875898000000,0.0
875901600000,0.0
875905200000,0.0
875908800000,0.0
875912400000,0.0
875916000000,0.078
875919600000,0.277
875923200000,0.472
875926800000,0.594
875930400000,0.683
875934000000,0.742
875937600000,0.742
875941200000,0.685
875944800000,0.579
875948400000,0.423
875952000000,0.223
875955600000,0.018
875959200000,0.0
875962800000,0.0
875966400000,0.0
875970000000,0.0
875973600000,0.0
875977200000,0.0
875980800000,0.0
875984400000,0.0
875988000000,0.0
875991600000,0.0
875995200000,0.0
875998800000,0.0
876002400000,0.072
876006000000,0.265
876009600000,0.461
876013200000,0.617
876016800000,0.703
876020400000,0.739
876024000000,0.724
876027600000,0.67
876031200000,0.562
876034800000,0.407
876038400000,0.207
876042000000,0.016
876045600000,0.0
876049200000,0.0
876052800000,0.0
876056400000,0.0
876060000000,0.0
876063600000,0.0
876067200000,0.0
876070800000,0.0
876074400000,0.0
876078000000,0.0
876081600000,0.0
876085200000,0.0
876088800000,0.067
876092400000,0.26
876096000000,0.443
876099600000,0.581
876103200000,0.684
876106800000,0.722
876110400000,0.712
876114000000,0.652
876117600000,0.548
876121200000,0.389
876124800000,0.193
876128400000,0.012
876132000000,0.0
876135600000,0.0
876139200000,0.0
876142800000,0.0
876146400000,0.0
876150000000,0.0
876153600000,0.0
876157200000,0.0
876160800000,0.0
876164400000,0.0
876168000000,0.0
876171600000,0.0
876175200000,0.055
876178800000,0.23
876182400000,0.418
876186000000,0.554
876189600000,0.632
876193200000,0.647
876196800000,0.63
876200400000,0.556
876204000000,0.433
876207600000,0.266
876211200000,0.102
876214800000,0.002
876218400000,0.0
876222000000,0.0
876225600000,0.0
876229200000,0.0
876232800000,0.0
876236400000,0.0
876240000000,0.0
876243600000,0.0
876247200000,0.0
876250800000,0.0
876254400000,0.0
876258000000,0.0
876261600000,0.028
876265200000,0.143
876268800000,0.264
876272400000,0.371
876276000000,0.461
876279600000,0.469
876283200000,0.458
876286800000,0.413
876290400000,0.339
876294000000,0.245
876297600000,0.111
876301200000,0.005
876304800000,0.0
876308400000,0.0
876312000000,0.0
876315600000,0.0
876319200000,0.0
876322800000,0.0
876326400000,0.0
876330000000,0.0
876333600000,0.0
876337200000,0.0
876340800000,0.0
876344400000,0.0
876348000000,0.036
876351600000,0.189
876355200000,0.35
876358800000,0.466
876362400000,0.537
876366000000,0.569
876369600000,0.558
876373200000,0.464
876376800000,0.353
876380400000,0.215
876384000000,0.092
876387600000,0.002
876391200000,0.0
876394800000,0.0
876398400000,0.0
876402000000,0.0
876405600000,0.0
876409200000,0.0
876412800000,0.0
876416400000,0.0
876420000000,0.0
876423600000,0.0
876427200000,0.0
876430800000,0.0
876434400000,0.042
876438000000,0.191
876441600000,0.335
876445200000,0.447
876448800000,0.517
876452400000,0.542
876456000000,0.524
876459600000,0.47
876463200000,0.385
876466800000,0.254
876470400000,0.113
876474000000,0.004
876477600000,0.0
876481200000,0.0
876484800000,0.0
876488400000,0.0
876492000000,0.0
876495600000,0.0
876499200000,0.0
876502800000,0.0
876506400000,0.0
876510000000,0.0
876513600000,0.0
876517200000,0.0
876520800000,0.058
876524400000,0.245
876528000000,0.403
876531600000,0.526
876535200000,0.602
876538800000,0.626
876542400000,0.577
876546000000,0.49
876549600000,0.376
876553200000,0.253
876556800000,0.122
876560400000,0.005
876564000000,0.0
876567600000,0.0
876571200000,0.0
876574800000,0.0
876578400000,0.0
876582000000,0.0
876585600000,0.0
876589200000,0.0
876592800000,0.0
876596400000,0.0
876600000000,0.0
876603600000,0.0
876607200000,0.035
876610800000,0.154
876614400000,0.272
876618000000,0.349
876621600000,0.391
876625200000,0.377
876628800000,0.327
876632400000,0.254
876636000000,0.183
876639600000,0.112
876643200000,0.051
876646800000,0.0
876650400000,0.0
876654000000,0.0
876657600000,0.0
876661200000,0.0
876664800000,0.0
876668400000,0.0
876672000000,0.0
876675600000,0.0
876679200000,0.0
876682800000,0.0
876686400000,0.0
876690000000,0.0
876693600000,0.017
876697200000,0.104
876700800000,0.2
876704400000,0.287
876708000000,0.348
876711600000,0.371
876715200000,0.369
876718800000,0.325
876722400000,0.271
876726000000,0.17
876729600000,0.064
876733200000,0.0
876736800000,0.0
876740400000,0.0
876744000000,0.0
876747600000,0.0
876751200000,0.0
876754800000,0.0
876758400000,0.0
876762000000,0.0
876765600000,0.0
876769200000,0.0
876772800000,0.0
876776400000,0.0
876780000000,0.039
876783600000,0.184
876787200000,0.325
876790800000,0.432
876794400000,0.516
876798000000,0.55
876801600000,0.515
876805200000,0.455
876808800000,0.36
876812400000,0.243
876816000000,0.101
876819600000,0.002
876823200000,0.0
876826800000,0.0
876830400000,0.0
876834000000,0.0
876837600000,0.0
876841200000,0.0
876844800000,0.0
876848400000,0.0
876852000000,0.0
876855600000,0.0
876859200000,0.0
876862800000,0.0
876866400000,0.043
876870000000,0.211
876873600000,0.399
876877200000,0.507
876880800000,0.579
876884400000,0.585
876888000000,0.528
876891600000,0.418
876895200000,0.313
876898800000,0.201
876902400000,0.093
876906000000,0.002
876909600000,0.0
876913200000,0.0
876916800000,0.0
876920400000,0.0
876924000000,0.0
876927600000,0.0
876931200000,0.0
876934800000,0.0
876938400000,0.0
876942000000,0.0
876945600000,0.0
876949200000,0.0
876952800000,0.047
876956400000,0.218
876960000000,0.406
876963600000,0.547
876967200000,0.625
876970800000,0.648
876974400000,0.612
876978000000,0.519
876981600000,0.391
876985200000,0.26
876988800000,0.123
876992400000,0.005
876996000000,0.0
876999600000,0.0
877003200000,0.0
877006800000,0.0
877010400000,0.0
877014000000,0.0
877017600000,0.0
877021200000,0.0
877024800000,0.0
877028400000,0.0
877032000000,0.0
877035600000,0.0
877039200000,0.05
877042800000,0.229
877046400000,0.429
877050000000,0.598
877053600000,0.677
877057200000,0.708
877060800000,0.688
877064400000,0.612
877068000000,0.518
877071600000,0.376
877075200000,0.183
877078800000,0.006
877082400000,0.0
877086000000,0.0
877089600000,0.0
877093200000,0.0
877096800000,0.0
877100400000,0.0
877104000000,0.0
877107600000,0.0
877111200000,0.0
877114800000,0.0
877118400000,0.0
877122000000,0.0
877125600000,0.043
877129200000,0.208
877132800000,0.399
877136400000,0.543
877140000000,0.632
877143600000,0.652
877147200000,0.621
877150800000,0.529
877154400000,0.433
877158000000,0.289
877161600000,0.131
877165200000,0.002
877168800000,0.0
877172400000,0.0
877176000000,0.0
877179600000,0.0
877183200000,0.0
877186800000,0.0
877190400000,0.0
877194000000,0.0
877197600000,0.0
877201200000,0.0
877204800000,0.0
877208400000,0.0
877212000000,0.026
877215600000,0.165
877219200000,0.335
877222800000,0.515
877226400000,0.607
877230000000,0.633
877233600000,0.612
877237200000,0.539
877240800000,0.433
877244400000,0.307
877248000000,0.145
877251600000,0.005
877255200000,0.0
877258800000,0.0
877262400000,0.0
877266000000,0.0
877269600000,0.0
877273200000,0.0
877276800000,0.0
877280400000,0.0
877284000000,0.0
877287600000,0.0
877291200000,0.0
877294800000,0.0
877298400000,0.044
877302000000,0.216
877305600000,0.401
877309200000,0.542
877312800000,0.624
877316400000,0.656
877320000000,0.648
877323600000,0.585
877327200000,0.47
877330800000,0.299
877334400000,0.121
877338000000,0.001
877341600000,0.0
877345200000,0.0
877348800000,0.0
877352400000,0.0
877356000000,0.0
877359600000,0.0
877363200000,0.0
877366800000,0.0
877370400000,0.0
877374000000,0.0
877377600000,0.0
877381200000,0.0
877384800000,0.021
877388400000,0.124
877392000000,0.278
877395600000,0.435
877399200000,0.573
877402800000,0.565
877406400000,0.52
877410000000,0.464
877413600000,0.365
877417200000,0.254
877420800000,0.111
877424400000,0.002
877428000000,0.0
877431600000,0.0
877435200000,0.0
877438800000,0.0
877442400000,0.0
877446000000,0.0
877449600000,0.0
877453200000,0.0
877456800000,0.0
877460400000,0.0
877464000000,0.0
877467600000,0.0
877471200000,0.03
877474800000,0.164
877478400000,0.348
877482000000,0.519
877485600000,0.623
877489200000,0.675
877492800000,0.668
877496400000,0.613
877500000000,0.507
877503600000,0.355
877507200000,0.16
877510800000,0.004
877514400000,0.0
877518000000,0.0
877521600000,0.0
877525200000,0.0
877528800000,0.0
877532400000,0.0
877536000000,0.0
877539600000,0.0
877543200000,0.0
877546800000,0.0
877550400000,0.0
877554000000,0.0
877557600000,0.028
877561200000,0.173
877564800000,0.367
877568400000,0.523
877572000000,0.616
877575600000,0.641
877579200000,0.613
877582800000,0.548
877586400000,0.446
877590000000,0.313
877593600000,0.136
877597200000,0.004
877600800000,0.0
877604400000,0.0
877608000000,0.0
877611600000,0.0
877615200000,0.0
877618800000,0.0
877622400000,0.0
877626000000,0.0
877629600000,0.0
877633200000,0.0
877636800000,0.0
877640400000,0.0
877644000000,0.024
877647600000,0.169
877651200000,0.354
877654800000,0.47
877658400000,0.515
877662000000,0.498
877665600000,0.443
877669200000,0.365
877672800000,0.267
877676400000,0.154
877680000000,0.058
877683600000,0.0
877687200000,0.0
877690800000,0.0
877694400000,0.0
877698000000,0.0
877701600000,0.0
877705200000,0.0
877708800000,0.0
877712400000,0.0
877716000000,0.0
877719600000,0.0
877723200000,0.0
877726800000,0.0
877730400000,0.016
877734000000,0.103
877737600000,0.21
877741200000,0.308
877744800000,0.375
877748400000,0.419
877752000000,0.443
877755600000,0.411
877759200000,0.321
877762800000,0.225
877766400000,0.1
877770000000,0.0
877773600000,0.0
877777200000,0.0
877780800000,0.0
877784400000,0.0
877788000000,0.0
877791600000,0.0
877795200000,0.0
877798800000,0.0
877802400000,0.0
877806000000,0.0
877809600000,0.0
877813200000,0.0
877816800000,0.031
877820400000,0.187
877824000000,0.379
877827600000,0.544
877831200000,0.639
877834800000,0.692
877838400000,0.695
877842000000,0.642
877845600000,0.538
877849200000,0.381
877852800000,0.179
877856400000,0.004
877860000000,0.0
877863600000,0.0
877867200000,0.0
877870800000,0.0
877874400000,0.0
877878000000,0.0
877881600000,0.0
877885200000,0.0
877888800000,0.0
877892400000,0.0
877896000000,0.0
877899600000,0.0
877903200000,0.04
877906800000,0.216
877910400000,0.424
877914000000,0.562
877917600000,0.665
877921200000,0.703
877924800000,0.692
877928400000,0.633
877932000000,0.529
877935600000,0.367
877939200000,0.163
877942800000,0.003
877946400000,0.0
877950000000,0.0
877953600000,0.0
877957200000,0.0
877960800000,0.0
877964400000,0.0
877968000000,0.0
877971600000,0.0
877975200000,0.0
877978800000,0.0
877982400000,0.0
877986000000,0.0
877989600000,0.043
877993200000,0.227
877996800000,0.413
878000400000,0.549
878004000000,0.613
878007600000,0.639
878011200000,0.616
878014800000,0.511
878018400000,0.403
878022000000,0.244
878025600000,0.104
878029200000,0.0
878032800000,0.0
878036400000,0.0
878040000000,0.0
878043600000,0.0
878047200000,0.0
878050800000,0.0
878054400000,0.0
878058000000,0.0
878061600000,0.0
878065200000,0.0
878068800000,0.0
878072400000,0.0
878076000000,0.029
878079600000,0.173
878083200000,0.337
878086800000,0.491
878090400000,0.564
878094000000,0.579
878097600000,0.573
878101200000,0.53
878104800000,0.425
878108400000,0.278
878112000000,0.114
878115600000,0.0
878119200000,0.0
878122800000,0.0
878126400000,0.0
878130000000,0.0
878133600000,0.0
878137200000,0.0
878140800000,0.0
878144400000,0.0
878148000000,0.0
878151600000,0.0
878155200000,0.0
878158800000,0.0
878162400000,0.005
878166000000,0.065
878169600000,0.133
878173200000,0.2
878176800000,0.264
878180400000,0.299
878184000000,0.316
878187600000,0.268
878191200000,0.206
878194800000,0.127
878198400000,0.045
878202000000,0.0
878205600000,0.0
878209200000,0.0
878212800000,0.0
878216400000,0.0
878220000000,0.0
878223600000,0.0
878227200000,0.0
878230800000,0.0
878234400000,0.0
878238000000,0.0
878241600000,0.0
878245200000,0.0
878248800000,0.013
878252400000,0.111
878256000000,0.233
878259600000,0.345
878263200000,0.403
878266800000,0.415
878270400000,0.414
878274000000,0.377
878277600000,0.299
878281200000,0.204
878284800000,0.091
878288400000,0.0
878292000000,0.0
878295600000,0.0
878299200000,0.0
878302800000,0.0
878306400000,0.0
878310000000,0.0
878313600000,0.0
878317200000,0.0
878320800000,0.0
878324400000,0.0
878328000000,0.0
878331600000,0.0
878335200000,0.03
878338800000,0.195
878342400000,0.369
878346000000,0.525
878349600000,0.635
878353200000,0.656
878356800000,0.668
878360400000,0.62
878364000000,0.533
878367600000,0.375
878371200000,0.18
878374800000,0.003
878378400000,0.0
878382000000,0.0
878385600000,0.0
878389200000,0.0
878392800000,0.0
878396400000,0.0
878400000000,0.0
878403600000,0.0
878407200000,0.0
878410800000,0.0
878414400000,0.0
878418000000,0.0
878421600000,0.041
878425200000,0.229
878428800000,0.434
878432400000,0.563
878436000000,0.643
878439600000,0.681
878443200000,0.68
878446800000,0.631
878450400000,0.528
878454000000,0.348
878457600000,0.162
878461200000,0.002
878464800000,0.0
878468400000,0.0
878472000000,0.0
878475600000,0.0
878479200000,0.0
878482800000,0.0
878486400000,0.0
878490000000,0.0
878493600000,0.0
878497200000,0.0
878500800000,0.0
878504400000,0.0
878508000000,0.029
878511600000,0.183
878515200000,0.361
878518800000,0.49
878522400000,0.554
878526000000,0.607
878529600000,0.605
878533200000,0.554
878536800000,0.457
878540400000,0.308
878544000000,0.142
878547600000,0.001
878551200000,0.0
878554800000,0.0
878558400000,0.0
878562000000,0.0
878565600000,0.0
878569200000,0.0
878572800000,0.0
878576400000,0.0
878580000000,0.0
878583600000,0.0
878587200000,0.0
878590800000,0.0
878594400000,0.028
878598000000,0.198
878601600000,0.39
878605200000,0.522
878608800000,0.62
878612400000,0.622
878616000000,0.642
878619600000,0.58
878623200000,0.48
878626800000,0.334
878630400000,0.153
878634000000,0.0
878637600000,0.0
878641200000,0.0
878644800000,0.0
878648400000,0.0
878652000000,0.0
878655600000,0.0
878659200000,0.0
878662800000,0.0
878666400000,0.0
878670000000,0.0
878673600000,0.0
878677200000,0.0
878680800000,0.031
878684400000,0.199
878688000000,0.416
878691600000,0.556
878695200000,0.649
878698800000,0.687
878702400000,0.678
878706000000,0.624
878709600000,0.516
878713200000,0.36
878716800000,0.158
878720400000,0.0
878724000000,0.0
878727600000,0.0
878731200000,0.0
878734800000,0.0
878738400000,0.0
878742000000,0.0
878745600000,0.0
878749200000,0.0
878752800000,0.0
878756400000,0.0
878760000000,0.0
878763600000,0.0
878767200000,0.027
878770800000,0.205
878774400000,0.399
878778000000,0.555
878781600000,0.637
878785200000,0.66
878788800000,0.664
878792400000,0.598
878796000000,0.496
878799600000,0.308
878803200000,0.14
878806800000,0.0
878810400000,0.0
878814000000,0.0
878817600000,0.0
878821200000,0.0
878824800000,0.0
878828400000,0.0
878832000000,0.0
878835600000,0.0
878839200000,0.0
878842800000,0.0
878846400000,0.0
878850000000,0.0
878853600000,0.036
878857200000,0.218
878860800000,0.421
878864400000,0.582
878868000000,0.678
878871600000,0.717
878875200000,0.708
878878800000,0.649
878882400000,0.539
878886000000,0.378
878889600000,0.174
878893200000,0.001
878896800000,0.0
878900400000,0.0
878904000000,0.0
878907600000,0.0
878911200000,0.0
878914800000,0.0
878918400000,0.0
878922000000,0.0
878925600000,0.0
878929200000,0.0
878932800000,0.0
878936400000,0.0
878940000000,0.036
878943600000,0.218
878947200000,0.427
878950800000,0.575
878954400000,0.626
878958000000,0.667
878961600000,0.627
878965200000,0.576
878968800000,0.463
878972400000,0.299
878976000000,0.136
878979600000,0.001
878983200000,0.0
878986800000,0.0
878990400000,0.0
878994000000,0.0
878997600000,0.0
879001200000,0.0
879004800000,0.0
879008400000,0.0
879012000000,0.0
879015600000,0.0
879019200000,0.0
879022800000,0.0
879026400000,0.032
879030000000,0.196
879033600000,0.363
879037200000,0.448
879040800000,0.502
879044400000,0.499
879048000000,0.489
879051600000,0.425
879055200000,0.352
879058800000,0.249
879062400000,0.11
879066000000,0.0
879069600000,0.0
879073200000,0.0
879076800000,0.0
879080400000,0.0
879084000000,0.0
879087600000,0.0
879091200000,0.0
879094800000,0.0
879098400000,0.0
879102000000,0.0
879105600000,0.0
879109200000,0.0
879112800000,0.034
879116400000,0.225
879120000000,0.415
879123600000,0.561
879127200000,0.641
879130800000,0.644
879134400000,0.655
879138000000,0.61
879141600000,0.507
879145200000,0.358
879148800000,0.168
879152400000,0.0
879156000000,0.0
879159600000,0.0
879163200000,0.0
879166800000,0.0
879170400000,0.0
879174000000,0.0
879177600000,0.0
879181200000,0.0
879184800000,0.0
879188400000,0.0
879192000000,0.0
879195600000,0.0
879199200000,0.035
879202800000,0.216
879206400000,0.424
879210000000,0.557
879213600000,0.648
879217200000,0.687
879220800000,0.681
879224400000,0.625
879228000000,0.518
879231600000,0.351
879235200000,0.16
879238800000,0.0
879242400000,0.0
879246000000,0.0
879249600000,0.0
879253200000,0.0
879256800000,0.0
879260400000,0.0
879264000000,0.0
879267600000,0.0
879271200000,0.0
879274800000,0.0
879278400000,0.0
879282000000,0.0
879285600000,0.031
879289200000,0.195
879292800000,0.401
879296400000,0.548
879300000000,0.623
879303600000,0.65
879307200000,0.635
879310800000,0.569
879314400000,0.442
879318000000,0.278
879321600000,0.101
879325200000,0.0
879328800000,0.0
879332400000,0.0
879336000000,0.0
879339600000,0.0
879343200000,0.0
879346800000,0.0
879350400000,0.0
879354000000,0.0
879357600000,0.0
879361200000,0.0
879364800000,0.0
879368400000,0.0
879372000000,0.033
879375600000,0.205
879379200000,0.394
879382800000,0.568
879386400000,0.661
879390000000,0.698
879393600000,0.69
879397200000,0.632
879400800000,0.517
879404400000,0.363
879408000000,0.156
879411600000,0.0
879415200000,0.0
879418800000,0.0
879422400000,0.0
879426000000,0.0
879429600000,0.0
879433200000,0.0
879436800000,0.0
879440400000,0.0
879444000000,0.0
879447600000,0.0
879451200000,0.0
879454800000,0.0
879458400000,0.032
879462000000,0.206
879465600000,0.402
879469200000,0.522
879472800000,0.604
879476400000,0.633
879480000000,0.591
879483600000,0.513
879487200000,0.376
879490800000,0.218
879494400000,0.078
879498000000,0.0
879501600000,0.0
879505200000,0.0
879508800000,0.0
879512400000,0.0
879516000000,0.0
879519600000,0.0
879523200000,0.0
879526800000,0.0
879530400000,0.0
879534000000,0.0
879537600000,0.0
879541200000,0.0
879544800000,0.013
879548400000,0.126
879552000000,0.257
879555600000,0.374
879559200000,0.438
879562800000,0.475
879566400000,0.427
879570000000,0.357
879573600000,0.252
879577200000,0.136
879580800000,0.039
879584400000,0.0
879588000000,0.0
879591600000,0.0
879595200000,0.0
879598800000,0.0
879602400000,0.0
879606000000,0.0
879609600000,0.0
879613200000,0.0
879616800000,0.0
879620400000,0.0
879624000000,0.0
879627600000,0.0
879631200000,0.001
879634800000,0.059
879638400000,0.131
879642000000,0.194
879645600000,0.241
879649200000,0.268
879652800000,0.261
879656400000,0.225
879660000000,0.153
879663600000,0.092
879667200000,0.029
879670800000,0.0
879674400000,0.0
879678000000,0.0
879681600000,0.0
879685200000,0.0
879688800000,0.0
879692400000,0.0
879696000000,0.0
879699600000,0.0
879703200000,0.0
879706800000,0.0
879710400000,0.0
879714000000,0.0
879717600000,0.007
879721200000,0.1
879724800000,0.252
879728400000,0.429
879732000000,0.558
879735600000,0.611
879739200000,0.613
879742800000,0.572
879746400000,0.486
879750000000,0.337
879753600000,0.145
879757200000,0.0
879760800000,0.0
879764400000,0.0
879768000000,0.0
879771600000,0.0
879775200000,0.0
879778800000,0.0
879782400000,0.0
879786000000,0.0
879789600000,0.0
879793200000,0.0
879796800000,0.0
879800400000,0.0
879804000000,0.024
879807600000,0.189
879811200000,0.371
879814800000,0.513
879818400000,0.587
879822000000,0.59
879825600000,0.563
879829200000,0.5
879832800000,0.397
879836400000,0.259
879840000000,0.104
879843600000,0.0
879847200000,0.0
879850800000,0.0
879854400000,0.0
879858000000,0.0
879861600000,0.0
879865200000,0.0
879868800000,0.0
879872400000,0.0
879876000000,0.0
879879600000,0.0
879883200000,0.0
879886800000,0.0
879890400000,0.027
879894000000,0.197
879897600000,0.385
879901200000,0.539
879904800000,0.617
879908400000,0.637
879912000000,0.619
879915600000,0.56
879919200000,0.457
879922800000,0.312
879926400000,0.142
879930000000,0.0
879933600000,0.0
879937200000,0.0
879940800000,0.0
879944400000,0.0
879948000000,0.0
879951600000,0.0
879955200000,0.0
879958800000,0.0
879962400000,0.0
879966000000,0.0
879969600000,0.0
879973200000,0.0
879976800000,0.03
879980400000,0.205
879984000000,0.413
879987600000,0.555
879991200000,0.642
879994800000,0.684
879998400000,0.658
880002000000,0.592
880005600000,0.492
880009200000,0.332
880012800000,0.147
880016400000,0.0
880020000000,0.0
880023600000,0.0
880027200000,0.0
880030800000,0.0
880034400000,0.0
880038000000,0.0
880041600000,0.0
880045200000,0.0
880048800000,0.0
880052400000,0.0
880056000000,0.0
880059600000,0.0
880063200000,0.035
880066800000,0.226
880070400000,0.417
880074000000,0.545
880077600000,0.636
880081200000,0.662
880084800000,0.672
880088400000,0.621
880092000000,0.522
880095600000,0.366
880099200000,0.157
880102800000,0.0
880106400000,0.0
880110000000,0.0
880113600000,0.0
880117200000,0.0
880120800000,0.0
880124400000,0.0
880128000000,0.0
880131600000,0.0
880135200000,0.0
880138800000,0.0
880142400000,0.0
880146000000,0.0
880149600000,0.034
880153200000,0.224
880156800000,0.405
880160400000,0.553
880164000000,0.671
880167600000,0.707
880171200000,0.696
880174800000,0.639
880178400000,0.531
880182000000,0.369
880185600000,0.164
880189200000,0.0
880192800000,0.0
880196400000,0.0
880200000000,0.0
880203600000,0.0
880207200000,0.0
880210800000,0.0
880214400000,0.0
880218000000,0.0
880221600000,0.0
880225200000,0.0
880228800000,0.0
880232400000,0.0
880236000000,0.036
880239600000,0.228
880243200000,0.425
880246800000,0.575
880250400000,0.663
880254000000,0.701
880257600000,0.69
880261200000,0.633
880264800000,0.525
880268400000,0.366
880272000000,0.167
880275600000,0.0
880279200000,0.0
880282800000,0.0
880286400000,0.0
880290000000,0.0
880293600000,0.0
880297200000,0.0
880300800000,0.0
880304400000,0.0
880308000000,0.0
880311600000,0.0
880315200000,0.0
880318800000,0.0
880322400000,0.038
880326000000,0.24
880329600000,0.439
880333200000,0.58
880336800000,0.666
880340400000,0.702
880344000000,0.689
880347600000,0.632
880351200000,0.52
880354800000,0.369
880358400000,0.161
880362000000,0.0
880365600000,0.0
880369200000,0.0
880372800000,0.0
880376400000,0.0
880380000000,0.0
880383600000,0.0
880387200000,0.0
880390800000,0.0
880394400000,0.0
880398000000,0.0
880401600000,0.0
880405200000,0.0
880408800000,0.029
880412400000,0.22
880416000000,0.419
880419600000,0.573
880423200000,0.664
880426800000,0.703
880430400000,0.695
880434000000,0.634
880437600000,0.527
880441200000,0.363
880444800000,0.157
880448400000,0.0
880452000000,0.0
880455600000,0.0
880459200000,0.0
880462800000,0.0
880466400000,0.0
880470000000,0.0
880473600000,0.0
880477200000,0.0
880480800000,0.0
880484400000,0.0
880488000000,0.0
880491600000,0.0
880495200000,0.027
880498800000,0.202
880502400000,0.414
880506000000,0.551
880509600000,0.638
880513200000,0.675
880516800000,0.68
880520400000,0.63
880524000000,0.523
880527600000,0.364
880531200000,0.147
880534800000,0.0
880538400000,0.0
880542000000,0.0
880545600000,0.0
880549200000,0.0
880552800000,0.0
880556400000,0.0
880560000000,0.0
880563600000,0.0
880567200000,0.0
880570800000,0.0
880574400000,0.0
880578000000,0.0
880581600000,0.029
880585200000,0.209
880588800000,0.398
880592400000,0.559
880596000000,0.644
880599600000,0.68
880603200000,0.659
880606800000,0.599
880610400000,0.49
880614000000,0.316
880617600000,0.121
880621200000,0.0
880624800000,0.0
880628400000,0.0
880632000000,0.0
880635600000,0.0
880639200000,0.0
880642800000,0.0
880646400000,0.0
880650000000,0.0
880653600000,0.0
880657200000,0.0
880660800000,0.0
880664400000,0.0
880668000000,0.027
880671600000,0.203
880675200000,0.383
880678800000,0.495
880682400000,0.628
880686000000,0.656
880689600000,0.669
880693200000,0.608
880696800000,0.466
880700400000,0.3
880704000000,0.124
880707600000,0.0
880711200000,0.0
880714800000,0.0
880718400000,0.0
880722000000,0.0
880725600000,0.0
880729200000,0.0
880732800000,0.0
880736400000,0.0
880740000000,0.0
880743600000,0.0
880747200000,0.0
880750800000,0.0
880754400000,0.028
880758000000,0.213
880761600000,0.388
880765200000,0.506
880768800000,0.609
880772400000,0.656
880776000000,0.667
880779600000,0.608
880783200000,0.497
880786800000,0.337
880790400000,0.145
880794000000,0.0
880797600000,0.0
880801200000,0.0
880804800000,0.0
880808400000,0.0
880812000000,0.0
880815600000,0.0
880819200000,0.0
880822800000,0.0
880826400000,0.0
880830000000,0.0
880833600000,0.0
880837200000,0.0
880840800000,0.029
880844400000,0.219
880848000000,0.398
880851600000,0.543
880855200000,0.628
880858800000,0.667
880862400000,0.668
880866000000,0.617
880869600000,0.516
880873200000,0.357
880876800000,0.146
880880400000,0.0
880884000000,0.0
880887600000,0.0
880891200000,0.0
880894800000,0.0
880898400000,0.0
880902000000,0.0
880905600000,0.0
880909200000,0.0
880912800000,0.0
880916400000,0.0
880920000000,0.0
880923600000,0.0
880927200000,0.038
880930800000,0.249
880934400000,0.443
880938000000,0.576
880941600000,0.67
880945200000,0.703
880948800000,0.691
880952400000,0.614
880956000000,0.484
880959600000,0.325
880963200000,0.132
880966800000,0.0
880970400000,0.0
880974000000,0.0
880977600000,0.0
880981200000,0.0
880984800000,0.0
880988400000,0.0
880992000000,0.0
880995600000,0.0
880999200000,0.0
881002800000,0.0
881006400000,0.0
881010000000,0.0
881013600000,0.029
881017200000,0.216
881020800000,0.409
881024400000,0.568
881028000000,0.651
881031600000,0.689
881035200000,0.687
881038800000,0.629
881042400000,0.516
881046000000,0.359
881049600000,0.151
881053200000,0.0
881056800000,0.0
881060400000,0.0
881064000000,0.0
881067600000,0.0
881071200000,0.0
881074800000,0.0
881078400000,0.0
881082000000,0.0
881085600000,0.0
881089200000,0.0
881092800000,0.0
881096400000,0.0
881100000000,0.028
881103600000,0.203
881107200000,0.394
881110800000,0.544
881114400000,0.648
881118000000,0.691
881121600000,0.683
881125200000,0.628
881128800000,0.522
881132400000,0.352
881136000000,0.149
881139600000,0.0
881143200000,0.0
881146800000,0.0
881150400000,0.0
881154000000,0.0
881157600000,0.0
881161200000,0.0
881164800000,0.0
881168400000,0.0
881172000000,0.0
881175600000,0.0
881179200000,0.0
881182800000,0.0
881186400000,0.011
881190000000,0.116
881193600000,0.23
881197200000,0.343
881200800000,0.457
881204400000,0.488
881208000000,0.534
881211600000,0.495
881215200000,0.408
881218800000,0.272
881222400000,0.101
881226000000,0.0
881229600000,0.0
881233200000,0.0
881236800000,0.0
881240400000,0.0
881244000000,0.0
881247600000,0.0
881251200000,0.0
881254800000,0.0
881258400000,0.0
881262000000,0.0
881265600000,0.0
881269200000,0.0
881272800000,0.02
881276400000,0.182
881280000000,0.356
881283600000,0.467
881287200000,0.578
881290800000,0.58
881294400000,0.568
881298000000,0.538
881301600000,0.479
881305200000,0.331
881308800000,0.13
881312400000,0.0
881316000000,0.0
881319600000,0.0
881323200000,0.0
881326800000,0.0
881330400000,0.0
881334000000,0.0
881337600000,0.0
881341200000,0.0
881344800000,0.0
881348400000,0.0
881352000000,0.0
881355600000,0.0
881359200000,0.021
881362800000,0.189
881366400000,0.387
881370000000,0.515
881373600000,0.628
881377200000,0.664
881380800000,0.655
881384400000,0.593
881388000000,0.496
881391600000,0.331
881395200000,0.13
881398800000,0.0
881402400000,0.0
881406000000,0.0
881409600000,0.0
881413200000,0.0
881416800000,0.0
881420400000,0.0
881424000000,0.0
881427600000,0.0
881431200000,0.0
881434800000,0.0
881438400000,0.0
881442000000,0.0
881445600000,0.03
881449200000,0.217
881452800000,0.399
881456400000,0.55
881460000000,0.631
881463600000,0.677
881467200000,0.667
881470800000,0.599
881474400000,0.489
881478000000,0.338
881481600000,0.107
881485200000,0.0
881488800000,0.0
881492400000,0.0
881496000000,0.0
881499600000,0.0
881503200000,0.0
881506800000,0.0
881510400000,0.0
881514000000,0.0
881517600000,0.0
881521200000,0.0
881524800000,0.0
881528400000,0.0
881532000000,0.025
881535600000,0.197
881539200000,0.401
881542800000,0.552
881546400000,0.643
881550000000,0.683
881553600000,0.676
881557200000,0.616
881560800000,0.51
881564400000,0.352
881568000000,0.151
881571600000,0.0
881575200000,0.0
881578800000,0.0
881582400000,0.0
881586000000,0.0
881589600000,0.0
881593200000,0.0
881596800000,0.0
881600400000,0.0
881604000000,0.0
881607600000,0.0
881611200000,0.0
881614800000,0.0
881618400000,0.025
881622000000,0.193
881625600000,0.378
881629200000,0.54
881632800000,0.624
881636400000,0.66
881640000000,0.655
881643600000,0.602
881647200000,0.487
881650800000,0.301
881654400000,0.115
881658000000,0.0
881661600000,0.0
881665200000,0.0
881668800000,0.0
881672400000,0.0
881676000000,0.0
881679600000,0.0
881683200000,0.0
881686800000,0.0
881690400000,0.0
881694000000,0.0
881697600000,0.0
881701200000,0.0
881704800000,0.019
881708400000,0.18
881712000000,0.348
881715600000,0.477
881719200000,0.537
881722800000,0.596
881726400000,0.553
881730000000,0.488
881733600000,0.394
881737200000,0.242
881740800000,0.09
881744400000,0.0
881748000000,0.0
881751600000,0.0
881755200000,0.0
881758800000,0.0
881762400000,0.0
881766000000,0.0
881769600000,0.0
881773200000,0.0
881776800000,0.0
881780400000,0.0
881784000000,0.0
881787600000,0.0
881791200000,0.014
881794800000,0.153
881798400000,0.309
881802000000,0.434
881805600000,0.51
881809200000,0.543
881812800000,0.556
881816400000,0.504
881820000000,0.373
881823600000,0.23
881827200000,0.083
881830800000,0.0
881834400000,0.0
881838000000,0.0
881841600000,0.0
881845200000,0.0
881848800000,0.0
881852400000,0.0
881856000000,0.0
881859600000,0.0
881863200000,0.0
881866800000,0.0
881870400000,0.0
881874000000,0.0
881877600000,0.01
881881200000,0.131
881884800000,0.295
881888400000,0.438
881892000000,0.533
881895600000,0.561
881899200000,0.563
881902800000,0.494
881906400000,0.403
881910000000,0.264
881913600000,0.103
881917200000,0.0
881920800000,0.0
881924400000,0.0
881928000000,0.0
881931600000,0.0
881935200000,0.0
881938800000,0.0
881942400000,0.0
881946000000,0.0
881949600000,0.0
881953200000,0.0
881956800000,0.0
881960400000,0.0
881964000000,0.025
881967600000,0.199
881971200000,0.386
881974800000,0.52
881978400000,0.6
881982000000,0.658
881985600000,0.643
881989200000,0.583
881992800000,0.48
881996400000,0.319
882000000000,0.116
882003600000,0.0
882007200000,0.0
882010800000,0.0
882014400000,0.0
882018000000,0.0
882021600000,0.0
882025200000,0.0
882028800000,0.0
882032400000,0.0
882036000000,0.0
882039600000,0.0
882043200000,0.0
882046800000,0.0
882050400000,0.018
882054000000,0.168
882057600000,0.343
882061200000,0.463
882064800000,0.528
882068400000,0.546
882072000000,0.56
882075600000,0.526
882079200000,0.444
882082800000,0.31
882086400000,0.113
882090000000,0.0
882093600000,0.0
882097200000,0.0
882100800000,0.0
882104400000,0.0
882108000000,0.0
882111600000,0.0
882115200000,0.0
882118800000,0.0
882122400000,0.0
882126000000,0.0
882129600000,0.0
882133200000,0.0
882136800000,0.019
882140400000,0.186
882144000000,0.387
882147600000,0.547
882151200000,0.638
882154800000,0.683
882158400000,0.676
882162000000,0.616
882165600000,0.491
882169200000,0.331
882172800000,0.13
882176400000,0.0
882180000000,0.0
882183600000,0.0
882187200000,0.0
882190800000,0.0
882194400000,0.0
882198000000,0.0
882201600000,0.0
882205200000,0.0
882208800000,0.0
882212400000,0.0
882216000000,0.0
882219600000,0.0
882223200000,0.022
882226800000,0.182
882230400000,0.369
882234000000,0.514
882237600000,0.625
882241200000,0.659
882244800000,0.641
882248400000,0.594
882252000000,0.492
882255600000,0.326
882259200000,0.12
882262800000,0.0
882266400000,0.0
882270000000,0.0
882273600000,0.0
882277200000,0.0
882280800000,0.0
882284400000,0.0
882288000000,0.0
882291600000,0.0
882295200000,0.0
882298800000,0.0
882302400000,0.0
882306000000,0.0
882309600000,0.024
882313200000,0.201
882316800000,0.398
882320400000,0.545
882324000000,0.635
882327600000,0.638
882331200000,0.626
882334800000,0.574
882338400000,0.474
882342000000,0.342
882345600000,0.143
882349200000,0.0
882352800000,0.0
882356400000,0.0
882360000000,0.0
882363600000,0.0
882367200000,0.0
882370800000,0.0
882374400000,0.0
882378000000,0.0
882381600000,0.0
882385200000,0.0
882388800000,0.0
882392400000,0.0
882396000000,0.027
882399600000,0.205
882403200000,0.424
882406800000,0.557
882410400000,0.643
882414000000,0.679
882417600000,0.668
882421200000,0.62
882424800000,0.512
882428400000,0.339
882432000000,0.115
882435600000,0.0
882439200000,0.0
882442800000,0.0
882446400000,0.0
882450000000,0.0
882453600000,0.0
882457200000,0.0
882460800000,0.0
882464400000,0.0
882468000000,0.0
882471600000,0.0
882475200000,0.0
882478800000,0.0
882482400000,0.02
882486000000,0.162
882489600000,0.344
882493200000,0.466
882496800000,0.577
882500400000,0.618
882504000000,0.625
882507600000,0.572
882511200000,0.471
882514800000,0.306
882518400000,0.123
882522000000,0.0
882525600000,0.0
882529200000,0.0
882532800000,0.0
882536400000,0.0
882540000000,0.0
882543600000,0.0
882547200000,0.0
882550800000,0.0
882554400000,0.0
882558000000,0.0
882561600000,0.0
882565200000,0.0
882568800000,0.026
882572400000,0.207
882576000000,0.392
882579600000,0.548
882583200000,0.616
882586800000,0.665
882590400000,0.649
882594000000,0.601
882597600000,0.48
882601200000,0.325
882604800000,0.126
882608400000,0.0
882612000000,0.0
882615600000,0.0
882619200000,0.0
882622800000,0.0
882626400000,0.0
882630000000,0.0
882633600000,0.0
882637200000,0.0
882640800000,0.0
882644400000,0.0
882648000000,0.0
882651600000,0.0
882655200000,0.032
882658800000,0.229
882662400000,0.42
882666000000,0.561
882669600000,0.651
882673200000,0.693
882676800000,0.688
882680400000,0.629
882684000000,0.526
882687600000,0.364
882691200000,0.153
882694800000,0.0
882698400000,0.0
882702000000,0.0
882705600000,0.0
882709200000,0.0
882712800000,0.0
882716400000,0.0
882720000000,0.0
882723600000,0.0
882727200000,0.0
882730800000,0.0
882734400000,0.0
882738000000,0.0
882741600000,0.026
882745200000,0.2
882748800000,0.387
882752400000,0.534
882756000000,0.617
882759600000,0.651
882763200000,0.673
882766800000,0.615
882770400000,0.514
882774000000,0.353
882777600000,0.153
882781200000,0.0
882784800000,0.0
882788400000,0.0
882792000000,0.0
882795600000,0.0
882799200000,0.0
882802800000,0.0
882806400000,0.0
882810000000,0.0
882813600000,0.0
882817200000,0.0
882820800000,0.0
882824400000,0.0
882828000000,0.02
882831600000,0.182
882835200000,0.364
882838800000,0.535
882842400000,0.634
882846000000,0.669
882849600000,0.671
882853200000,0.618
882856800000,0.505
882860400000,0.347
882864000000,0.133
882867600000,0.0
882871200000,0.0
882874800000,0.0
882878400000,0.0
882882000000,0.0
882885600000,0.0
882889200000,0.0
882892800000,0.0
882896400000,0.0
882900000000,0.0
882903600000,0.0
882907200000,0.0
882910800000,0.0
882914400000,0.022
882918000000,0.195
882921600000,0.381
882925200000,0.564
882928800000,0.652
882932400000,0.698
882936000000,0.692
882939600000,0.637
882943200000,0.529
882946800000,0.364
882950400000,0.156
882954000000,0.0
882957600000,0.0
882961200000,0.0
882964800000,0.0
882968400000,0.0
882972000000,0.0
882975600000,0.0
882979200000,0.0
882982800000,0.0
882986400000,0.0
882990000000,0.0
882993600000,0.0
882997200000,0.0
883000800000,0.028
883004400000,0.213
883008000000,0.41
883011600000,0.553
883015200000,0.64
883018800000,0.674
883022400000,0.665
883026000000,0.59
883029600000,0.492
883033200000,0.325
883036800000,0.126
883040400000,0.0
883044000000,0.0
883047600000,0.0
883051200000,0.0
883054800000,0.0
883058400000,0.0
883062000000,0.0
883065600000,0.0
883069200000,0.0
883072800000,0.0
883076400000,0.0
883080000000,0.0
883083600000,0.0
883087200000,0.012
883090800000,0.137
883094400000,0.323
883098000000,0.461
883101600000,0.58
883105200000,0.631
883108800000,0.628
883112400000,0.581
883116000000,0.473
883119600000,0.296
883123200000,0.116
883126800000,0.0
883130400000,0.0
883134000000,0.0
883137600000,0.0
883141200000,0.0
883144800000,0.0
883148400000,0.0
883152000000,0.0
883155600000,0.0
883159200000,0.0
883162800000,0.0
883166400000,0.0
883170000000,0.0
883173600000,0.02
883177200000,0.182
883180800000,0.395
883184400000,0.563
883188000000,0.662
883191600000,0.702
883195200000,0.695
883198800000,0.634
883202400000,0.52
883206000000,0.351
883209600000,0.135
883213200000,0.0
883216800000,0.0
883220400000,0.0
883224000000,0.0
883227600000,0.0
883231200000,0.0
883234800000,0.0
883238400000,0.0
883242000000,0.0
883245600000,0.0
883249200000,0.0
883252800000,0.0
883256400000,0.0
883260000000,0.017
883263600000,0.163
883267200000,0.376
883270800000,0.504
883274400000,0.599
883278000000,0.627
883281600000,0.644
883285200000,0.556
883288800000,0.472
883292400000,0.313
883296000000,0.093
883299600000,0.0
883303200000,0.0
883306800000,0.0
883310400000,0.0
883314000000,0.0
883317600000,0.0
883321200000,0.0
883324800000,0.0
883328400000,0.0
883332000000,0.0
883335600000,0.0
883339200000,0.0
883342800000,0.0
883346400000,0.021
883350000000,0.187
883353600000,0.368
883357200000,0.497
883360800000,0.583
883364400000,0.622
883368000000,0.62
883371600000,0.567
883375200000,0.41
883378800000,0.273
883382400000,0.101
883386000000,0.0
883389600000,0.0
883393200000,0.0
883396800000,0.0
883400400000,0.0
883404000000,0.0
883407600000,0.0
883411200000,0.0
883414800000,0.0
883418400000,0.0
883422000000,0.0
883425600000,0.0
883429200000,0.0
883432800000,0.022
883436400000,0.192
883440000000,0.381
883443600000,0.521
883447200000,0.567
883450800000,0.563
883454400000,0.523
883458000000,0.471
883461600000,0.384
883465200000,0.262
883468800000,0.106
883472400000,0.0
883476000000,0.0
883479600000,0.0
883483200000,0.0
883486800000,0.0
883490400000,0.0
883494000000,0.0
883497600000,0.0
883501200000,0.0
883504800000,0.0
883508400000,0.0
883512000000,0.0
883515600000,0.0
883519200000,0.028
883522800000,0.216
883526400000,0.4
883530000000,0.562
883533600000,0.666
883537200000,0.699
883540800000,0.689
883544400000,0.624
883548000000,0.514
883551600000,0.353
883555200000,0.148
883558800000,0.0
883562400000,0.0
883566000000,0.0
883569600000,0.0
883573200000,0.0
883576800000,0.0
883580400000,0.0
883584000000,0.0
883587600000,0.0
883591200000,0.0
883594800000,0.0
883598400000,0.0
883602000000,0.0
883605600000,0.043
883609200000,0.227
