,L13
1514764800000,0.899
1514768400000,0.901
1514772000000,0.907
1514775600000,0.909
1514779200000,0.912
1514782800000,0.904
1514786400000,0.884
1514790000000,0.858
1514793600000,0.833
1514797200000,0.842
1514800800000,0.869
1514804400000,0.895
1514808000000,0.911
1514811600000,0.924
1514815200000,0.934
1514818800000,0.941
1514822400000,0.939
1514826000000,0.932
1514829600000,0.923
1514833200000,0.92
1514836800000,0.922
1514840400000,0.93
1514844000000,0.941
1514847600000,0.948
1514851200000,0.951
1514854800000,0.95
1514858400000,0.958
1514862000000,0.96
1514865600000,0.955
1514869200000,0.947
1514872800000,0.944
1514876400000,0.942
1514880000000,0.945
1514883600000,0.943
1514887200000,0.944
1514890800000,0.956
1514894400000,0.961
1514898000000,0.958
1514901600000,0.943
1514905200000,0.917
1514908800000,0.884
1514912400000,0.849
1514916000000,0.807
1514919600000,0.772
1514923200000,0.722
1514926800000,0.704
1514930400000,0.678
1514934000000,0.652
1514937600000,0.733
1514941200000,0.812
1514944800000,0.812
1514948400000,0.785
1514952000000,0.734
1514955600000,0.606
1514959200000,0.485
1514962800000,0.445
1514966400000,0.547
1514970000000,0.642
1514973600000,0.681
1514977200000,0.666
1514980800000,0.653
1514984400000,0.666
1514988000000,0.666
1514991600000,0.621
1514995200000,0.617
1514998800000,0.604
1515002400000,0.613
1515006000000,0.644
1515009600000,0.669
1515013200000,0.677
1515016800000,0.668
1515020400000,0.635
1515024000000,0.746
1515027600000,0.833
1515031200000,0.867
1515034800000,0.857
1515038400000,0.833
1515042000000,0.797
1515045600000,0.751
1515049200000,0.628
1515052800000,0.516
1515056400000,0.448
1515060000000,0.461
1515063600000,0.484
1515067200000,0.457
1515070800000,0.459
1515074400000,0.457
1515078000000,0.472
1515081600000,0.448
1515085200000,0.415
1515088800000,0.4
1515092400000,0.394
1515096000000,0.395
1515099600000,0.398
1515103200000,0.369
1515106800000,0.345
1515110400000,0.433
1515114000000,0.568
1515117600000,0.593
1515121200000,0.562
1515124800000,0.523
1515128400000,0.488
1515132000000,0.442
1515135600000,0.355
1515139200000,0.318
1515142800000,0.314
1515146400000,0.307
1515150000000,0.35
1515153600000,0.373
1515157200000,0.391
1515160800000,0.38
1515164400000,0.349
1515168000000,0.337
1515171600000,0.325
1515175200000,0.323
1515178800000,0.328
1515182400000,0.337
1515186000000,0.36
1515189600000,0.362
1515193200000,0.418
1515196800000,0.576
1515200400000,0.696
1515204000000,0.721
1515207600000,0.725
1515211200000,0.708
1515214800000,0.69
1515218400000,0.657
1515222000000,0.533
1515225600000,0.42
1515229200000,0.348
1515232800000,0.306
1515236400000,0.291
1515240000000,0.282
1515243600000,0.272
1515247200000,0.234
1515250800000,0.243
1515254400000,0.247
1515258000000,0.264
1515261600000,0.269
1515265200000,0.251
1515268800000,0.226
1515272400000,0.207
1515276000000,0.168
1515279600000,0.144
1515283200000,0.238
1515286800000,0.297
1515290400000,0.289
1515294000000,0.261
1515297600000,0.217
1515301200000,0.166
1515304800000,0.144
1515308400000,0.145
1515312000000,0.148
1515315600000,0.202
1515319200000,0.245
1515322800000,0.246
1515326400000,0.229
1515330000000,0.209
1515333600000,0.194
1515337200000,0.184
1515340800000,0.167
1515344400000,0.172
1515348000000,0.164
1515351600000,0.163
1515355200000,0.152
1515358800000,0.144
1515362400000,0.154
1515366000000,0.143
1515369600000,0.165
1515373200000,0.209
1515376800000,0.204
1515380400000,0.154
1515384000000,0.111
1515387600000,0.079
1515391200000,0.068
1515394800000,0.063
1515398400000,0.066
1515402000000,0.098
1515405600000,0.124
1515409200000,0.123
1515412800000,0.114
1515416400000,0.109
1515420000000,0.108
1515423600000,0.106
1515427200000,0.11
1515430800000,0.127
1515434400000,0.155
1515438000000,0.185
1515441600000,0.207
1515445200000,0.23
1515448800000,0.244
1515452400000,0.216
1515456000000,0.313
1515459600000,0.456
1515463200000,0.522
1515466800000,0.561
1515470400000,0.575
1515474000000,0.574
1515477600000,0.575
1515481200000,0.567
1515484800000,0.465
1515488400000,0.423
1515492000000,0.41
1515495600000,0.403
1515499200000,0.392
1515502800000,0.361
1515506400000,0.362
1515510000000,0.381
1515513600000,0.395
1515517200000,0.386
1515520800000,0.401
1515524400000,0.404
1515528000000,0.395
1515531600000,0.416
1515535200000,0.422
1515538800000,0.406
1515542400000,0.509
1515546000000,0.605
1515549600000,0.639
1515553200000,0.615
1515556800000,0.561
1515560400000,0.511
1515564000000,0.476
1515567600000,0.407
1515571200000,0.305
1515574800000,0.294
1515578400000,0.32
1515582000000,0.296
1515585600000,0.295
1515589200000,0.308
1515592800000,0.333
1515596400000,0.325
1515600000000,0.3
1515603600000,0.294
1515607200000,0.302
1515610800000,0.295
1515614400000,0.291
1515618000000,0.248
1515621600000,0.229
1515625200000,0.185
1515628800000,0.214
1515632400000,0.309
1515636000000,0.341
1515639600000,0.305
1515643200000,0.251
1515646800000,0.221
1515650400000,0.217
1515654000000,0.223
1515657600000,0.199
1515661200000,0.199
1515664800000,0.192
1515668400000,0.192
1515672000000,0.272
1515675600000,0.398
1515679200000,0.481
1515682800000,0.532
1515686400000,0.556
1515690000000,0.58
1515693600000,0.678
1515697200000,0.726
1515700800000,0.751
1515704400000,0.646
1515708000000,0.468
1515711600000,0.433
1515715200000,0.51
1515718800000,0.644
1515722400000,0.722
1515726000000,0.8
1515729600000,0.86
1515733200000,0.886
1515736800000,0.886
1515740400000,0.864
1515744000000,0.836
1515747600000,0.814
1515751200000,0.83
1515754800000,0.837
1515758400000,0.843
1515762000000,0.843
1515765600000,0.85
1515769200000,0.852
1515772800000,0.854
1515776400000,0.861
1515780000000,0.865
1515783600000,0.861
1515787200000,0.854
1515790800000,0.86
1515794400000,0.871
1515798000000,0.889
1515801600000,0.934
1515805200000,0.965
1515808800000,0.98
1515812400000,0.98
1515816000000,0.978
1515819600000,0.975
1515823200000,0.97
1515826800000,0.962
1515830400000,0.952
1515834000000,0.94
1515837600000,0.936
1515841200000,0.932
1515844800000,0.925
1515848400000,0.919
1515852000000,0.914
1515855600000,0.912
1515859200000,0.915
1515862800000,0.917
1515866400000,0.916
1515870000000,0.914
1515873600000,0.911
1515877200000,0.906
1515880800000,0.888
1515884400000,0.867
1515888000000,0.891
1515891600000,0.927
1515895200000,0.951
1515898800000,0.95
1515902400000,0.943
1515906000000,0.93
1515909600000,0.89
1515913200000,0.859
1515916800000,0.827
1515920400000,0.805
1515924000000,0.794
1515927600000,0.792
1515931200000,0.791
1515934800000,0.786
1515938400000,0.788
1515942000000,0.779
1515945600000,0.765
1515949200000,0.744
1515952800000,0.713
1515956400000,0.685
1515960000000,0.655
1515963600000,0.651
1515967200000,0.666
1515970800000,0.672
1515974400000,0.722
1515978000000,0.749
1515981600000,0.802
1515985200000,0.795
1515988800000,0.758
1515992400000,0.69
1515996000000,0.611
1515999600000,0.538
1516003200000,0.466
1516006800000,0.407
1516010400000,0.31
1516014000000,0.297
1516017600000,0.315
1516021200000,0.306
1516024800000,0.266
1516028400000,0.288
1516032000000,0.325
1516035600000,0.296
1516039200000,0.307
1516042800000,0.282
1516046400000,0.241
1516050000000,0.274
1516053600000,0.295
1516057200000,0.282
1516060800000,0.325
1516064400000,0.537
1516068000000,0.612
1516071600000,0.591
1516075200000,0.557
1516078800000,0.54
1516082400000,0.498
1516086000000,0.386
1516089600000,0.3
1516093200000,0.33
1516096800000,0.3
1516100400000,0.323
1516104000000,0.305
1516107600000,0.296
1516111200000,0.315
1516114800000,0.335
1516118400000,0.332
1516122000000,0.311
1516125600000,0.287
1516129200000,0.26
1516132800000,0.388
1516136400000,0.484
1516140000000,0.488
1516143600000,0.373
1516147200000,0.379
1516150800000,0.513
1516154400000,0.621
1516158000000,0.629
1516161600000,0.519
1516165200000,0.338
1516168800000,0.253
1516172400000,0.214
1516176000000,0.19
1516179600000,0.232
1516183200000,0.269
1516186800000,0.334
1516190400000,0.368
1516194000000,0.362
1516197600000,0.394
1516201200000,0.42
1516204800000,0.422
1516208400000,0.404
1516212000000,0.364
1516215600000,0.362
1516219200000,0.329
1516222800000,0.323
1516226400000,0.318
1516230000000,0.293
1516233600000,0.425
1516237200000,0.566
1516240800000,0.586
1516244400000,0.581
1516248000000,0.537
1516251600000,0.495
1516255200000,0.466
1516258800000,0.376
1516262400000,0.259
1516266000000,0.22
1516269600000,0.204
1516273200000,0.186
1516276800000,0.206
1516280400000,0.243
1516284000000,0.328
1516287600000,0.428
1516291200000,0.448
1516294800000,0.515
1516298400000,0.589
1516302000000,0.602
1516305600000,0.599
1516309200000,0.59
1516312800000,0.569
1516316400000,0.519
1516320000000,0.504
1516323600000,0.59
1516327200000,0.571
1516330800000,0.5
1516334400000,0.447
1516338000000,0.42
1516341600000,0.451
1516345200000,0.463
1516348800000,0.441
1516352400000,0.417
1516356000000,0.416
1516359600000,0.42
1516363200000,0.442
1516366800000,0.485
1516370400000,0.546
1516374000000,0.577
1516377600000,0.571
1516381200000,0.572
1516384800000,0.544
1516388400000,0.51
1516392000000,0.478
1516395600000,0.442
1516399200000,0.476
1516402800000,0.464
1516406400000,0.526
1516410000000,0.655
1516413600000,0.74
1516417200000,0.74
1516420800000,0.7
1516424400000,0.658
1516428000000,0.62
1516431600000,0.547
1516435200000,0.417
1516438800000,0.354
1516442400000,0.326
1516446000000,0.328
1516449600000,0.355
1516453200000,0.379
1516456800000,0.403
1516460400000,0.409
1516464000000,0.414
1516467600000,0.438
1516471200000,0.465
1516474800000,0.452
1516478400000,0.367
1516482000000,0.291
1516485600000,0.281
1516489200000,0.251
1516492800000,0.401
1516496400000,0.586
1516500000000,0.613
1516503600000,0.571
1516507200000,0.495
1516510800000,0.449
1516514400000,0.468
1516518000000,0.475
1516521600000,0.402
1516525200000,0.322
1516528800000,0.325
1516532400000,0.287
1516536000000,0.259
1516539600000,0.259
1516543200000,0.267
1516546800000,0.264
1516550400000,0.251
1516554000000,0.286
1516557600000,0.294
1516561200000,0.274
1516564800000,0.267
1516568400000,0.253
1516572000000,0.227
1516575600000,0.203
1516579200000,0.253
1516582800000,0.42
1516586400000,0.503
1516590000000,0.51
1516593600000,0.457
1516597200000,0.371
1516600800000,0.32
1516604400000,0.305
1516608000000,0.256
1516611600000,0.234
1516615200000,0.249
1516618800000,0.249
1516622400000,0.251
1516626000000,0.261
1516629600000,0.286
1516633200000,0.279
1516636800000,0.251
1516640400000,0.252
1516644000000,0.259
1516647600000,0.259
1516651200000,0.262
1516654800000,0.255
1516658400000,0.233
1516662000000,0.195
1516665600000,0.192
1516669200000,0.232
1516672800000,0.241
1516676400000,0.232
1516680000000,0.212
1516683600000,0.186
1516687200000,0.167
1516690800000,0.156
1516694400000,0.122
1516698000000,0.152
1516701600000,0.201
1516705200000,0.251
1516708800000,0.295
1516712400000,0.314
1516716000000,0.297
1516719600000,0.287
1516723200000,0.282
1516726800000,0.294
1516730400000,0.285
1516734000000,0.278
1516737600000,0.274
1516741200000,0.278
1516744800000,0.277
1516748400000,0.247
1516752000000,0.316
1516755600000,0.371
1516759200000,0.365
1516762800000,0.358
1516766400000,0.355
1516770000000,0.358
1516773600000,0.362
1516777200000,0.336
1516780800000,0.261
1516784400000,0.237
1516788000000,0.237
1516791600000,0.241
1516795200000,0.244
1516798800000,0.237
1516802400000,0.231
1516806000000,0.22
1516809600000,0.217
1516813200000,0.22
1516816800000,0.229
1516820400000,0.241
1516824000000,0.251
1516827600000,0.249
1516831200000,0.259
1516834800000,0.223
1516838400000,0.265
1516842000000,0.296
1516845600000,0.293
1516849200000,0.325
1516852800000,0.328
1516856400000,0.3
1516860000000,0.265
1516863600000,0.295
1516867200000,0.328
1516870800000,0.332
1516874400000,0.389
1516878000000,0.391
1516881600000,0.381
1516885200000,0.355
1516888800000,0.364
1516892400000,0.311
1516896000000,0.269
1516899600000,0.245
1516903200000,0.22
1516906800000,0.2
1516910400000,0.184
1516914000000,0.171
1516917600000,0.147
1516921200000,0.105
1516924800000,0.118
1516928400000,0.146
1516932000000,0.139
1516935600000,0.135
1516939200000,0.136
1516942800000,0.141
1516946400000,0.153
1516950000000,0.154
1516953600000,0.146
1516957200000,0.163
1516960800000,0.18
1516964400000,0.192
1516968000000,0.201
1516971600000,0.235
1516975200000,0.259
1516978800000,0.276
1516982400000,0.282
1516986000000,0.283
1516989600000,0.294
1516993200000,0.346
1516996800000,0.405
1517000400000,0.466
1517004000000,0.472
1517007600000,0.464
1517011200000,0.534
1517014800000,0.564
1517018400000,0.602
1517022000000,0.626
1517025600000,0.604
1517029200000,0.618
1517032800000,0.644
1517036400000,0.661
1517040000000,0.707
1517043600000,0.72
1517047200000,0.684
1517050800000,0.674
1517054400000,0.681
1517058000000,0.644
1517061600000,0.613
1517065200000,0.647
1517068800000,0.711
1517072400000,0.744
1517076000000,0.768
1517079600000,0.772
1517083200000,0.783
1517086800000,0.765
1517090400000,0.737
1517094000000,0.711
1517097600000,0.738
1517101200000,0.766
1517104800000,0.802
1517108400000,0.84
1517112000000,0.829
1517115600000,0.801
1517119200000,0.758
1517122800000,0.682
1517126400000,0.601
1517130000000,0.586
1517133600000,0.51
1517137200000,0.425
1517140800000,0.365
1517144400000,0.334
1517148000000,0.341
1517151600000,0.361
1517155200000,0.379
1517158800000,0.383
1517162400000,0.375
1517166000000,0.384
1517169600000,0.391
1517173200000,0.383
1517176800000,0.341
1517180400000,0.245
1517184000000,0.245
1517187600000,0.227
1517191200000,0.182
1517194800000,0.17
1517198400000,0.176
1517202000000,0.178
1517205600000,0.169
1517209200000,0.157
1517212800000,0.136
1517216400000,0.168
1517220000000,0.207
1517223600000,0.237
1517227200000,0.274
1517230800000,0.316
1517234400000,0.355
1517238000000,0.353
1517241600000,0.327
1517245200000,0.294
1517248800000,0.31
1517252400000,0.319
1517256000000,0.338
1517259600000,0.358
1517263200000,0.364
1517266800000,0.328
1517270400000,0.481
1517274000000,0.578
1517277600000,0.586
1517281200000,0.556
1517284800000,0.504
1517288400000,0.464
1517292000000,0.441
1517295600000,0.396
1517299200000,0.32
1517302800000,0.283
1517306400000,0.286
1517310000000,0.294
1517313600000,0.305
1517317200000,0.322
1517320800000,0.343
1517324400000,0.343
1517328000000,0.314
1517331600000,0.322
1517335200000,0.337
1517338800000,0.328
1517342400000,0.307
1517346000000,0.308
1517349600000,0.289
1517353200000,0.264
1517356800000,0.317
1517360400000,0.423
1517364000000,0.466
1517367600000,0.471
1517371200000,0.456
1517374800000,0.413
1517378400000,0.355
1517382000000,0.305
1517385600000,0.218
1517389200000,0.206
1517392800000,0.233
1517396400000,0.258
1517400000000,0.278
1517403600000,0.281
1517407200000,0.269
1517410800000,0.256
1517414400000,0.252
1517418000000,0.238
1517421600000,0.229
1517425200000,0.233
1517428800000,0.226
1517432400000,0.212
1517436000000,0.181
1517439600000,0.144
1517443200000,0.185
1517446800000,0.228
1517450400000,0.259
1517454000000,0.283
1517457600000,0.296
1517461200000,0.311
1517464800000,0.341
1517468400000,0.366
1517472000000,0.318
1517475600000,0.293
1517479200000,0.34
1517482800000,0.358
1517486400000,0.391
1517490000000,0.414
1517493600000,0.492
1517497200000,0.496
1517500800000,0.501
1517504400000,0.51
1517508000000,0.491
1517511600000,0.449
1517515200000,0.437
1517518800000,0.422
1517522400000,0.416
1517526000000,0.394
1517529600000,0.529
1517533200000,0.597
1517536800000,0.615
1517540400000,0.618
1517544000000,0.625
1517547600000,0.643
1517551200000,0.654
1517554800000,0.599
1517558400000,0.519
1517562000000,0.476
1517565600000,0.492
1517569200000,0.527
1517572800000,0.526
1517576400000,0.464
1517580000000,0.445
1517583600000,0.442
1517587200000,0.481
1517590800000,0.491
1517594400000,0.465
1517598000000,0.466
1517601600000,0.444
1517605200000,0.425
1517608800000,0.376
1517612400000,0.35
1517616000000,0.519
1517619600000,0.638
1517623200000,0.647
1517626800000,0.616
1517630400000,0.574
1517634000000,0.536
1517637600000,0.479
1517641200000,0.398
1517644800000,0.311
1517648400000,0.343
1517652000000,0.391
1517655600000,0.432
1517659200000,0.447
1517662800000,0.489
1517666400000,0.443
1517670000000,0.428
1517673600000,0.398
1517677200000,0.388
1517680800000,0.376
1517684400000,0.346
1517688000000,0.368
1517691600000,0.363
1517695200000,0.363
1517698800000,0.36
1517702400000,0.395
1517706000000,0.503
1517709600000,0.554
1517713200000,0.58
1517716800000,0.594
1517720400000,0.591
1517724000000,0.559
1517727600000,0.473
1517731200000,0.37
1517734800000,0.315
1517738400000,0.374
1517742000000,0.447
1517745600000,0.476
1517749200000,0.5
1517752800000,0.534
1517756400000,0.541
1517760000000,0.566
1517763600000,0.519
1517767200000,0.432
1517770800000,0.364
1517774400000,0.352
1517778000000,0.355
1517781600000,0.341
1517785200000,0.459
1517788800000,0.618
1517792400000,0.757
1517796000000,0.788
1517799600000,0.781
1517803200000,0.772
1517806800000,0.768
1517810400000,0.763
1517814000000,0.72
1517817600000,0.634
1517821200000,0.599
1517824800000,0.596
1517828400000,0.62
1517832000000,0.635
1517835600000,0.623
1517839200000,0.61
1517842800000,0.599
1517846400000,0.586
1517850000000,0.494
1517853600000,0.488
1517857200000,0.506
1517860800000,0.573
1517864400000,0.618
1517868000000,0.612
1517871600000,0.596
1517875200000,0.779
1517878800000,0.836
1517882400000,0.838
1517886000000,0.832
1517889600000,0.812
1517893200000,0.786
1517896800000,0.753
1517900400000,0.693
1517904000000,0.615
1517907600000,0.565
1517911200000,0.538
1517914800000,0.473
1517918400000,0.406
1517922000000,0.395
1517925600000,0.402
1517929200000,0.407
1517932800000,0.416
1517936400000,0.43
1517940000000,0.42
1517943600000,0.413
1517947200000,0.408
1517950800000,0.447
1517954400000,0.407
1517958000000,0.422
1517961600000,0.535
1517965200000,0.575
1517968800000,0.529
1517972400000,0.476
1517976000000,0.429
1517979600000,0.388
1517983200000,0.364
1517986800000,0.331
1517990400000,0.279
1517994000000,0.286
1517997600000,0.316
1518001200000,0.3
1518004800000,0.272
1518008400000,0.24
1518012000000,0.216
1518015600000,0.202
1518019200000,0.194
1518022800000,0.169
1518026400000,0.141
1518030000000,0.112
1518033600000,0.081
1518037200000,0.051
1518040800000,0.027
1518044400000,0.011
1518048000000,0.001
1518051600000,0.0
1518055200000,0.0
1518058800000,0.0
1518062400000,0.0
1518066000000,0.0
1518069600000,0.0
1518073200000,0.001
1518076800000,0.0
1518080400000,0.003
1518084000000,0.022
1518087600000,0.05
1518091200000,0.069
1518094800000,0.087
1518098400000,0.112
1518102000000,0.124
1518105600000,0.135
1518109200000,0.145
1518112800000,0.149
1518116400000,0.151
1518120000000,0.144
1518123600000,0.121
1518127200000,0.087
1518130800000,0.045
1518134400000,0.038
1518138000000,0.03
1518141600000,0.028
1518145200000,0.034
1518148800000,0.036
1518152400000,0.031
1518156000000,0.021
1518159600000,0.012
1518163200000,0.012
1518166800000,0.019
1518170400000,0.025
1518174000000,0.018
1518177600000,0.012
1518181200000,0.011
1518184800000,0.014
1518188400000,0.015
1518192000000,0.014
1518195600000,0.015
1518199200000,0.015
1518202800000,0.008
1518206400000,0.001
1518210000000,0.0
1518213600000,0.002
1518217200000,0.004
1518220800000,0.002
1518224400000,0.0
1518228000000,0.0
1518231600000,0.001
1518235200000,0.002
1518238800000,0.002
1518242400000,0.001
1518246000000,0.001
1518249600000,0.001
1518253200000,0.001
1518256800000,0.002
1518260400000,0.005
1518264000000,0.011
1518267600000,0.02
1518271200000,0.031
1518274800000,0.043
1518278400000,0.055
1518282000000,0.068
1518285600000,0.077
1518289200000,0.08
1518292800000,0.083
1518296400000,0.104
1518300000000,0.122
1518303600000,0.128
1518307200000,0.156
1518310800000,0.185
1518314400000,0.233
1518318000000,0.261
1518321600000,0.27
1518325200000,0.264
1518328800000,0.254
1518332400000,0.245
1518336000000,0.223
1518339600000,0.241
1518343200000,0.255
1518346800000,0.235
1518350400000,0.201
1518354000000,0.2
1518357600000,0.249
1518361200000,0.254
1518364800000,0.249
1518368400000,0.231
1518372000000,0.258
1518375600000,0.295
1518379200000,0.328
1518382800000,0.349
1518386400000,0.344
1518390000000,0.361
1518393600000,0.519
1518397200000,0.753
1518400800000,0.808
1518404400000,0.856
1518408000000,0.894
1518411600000,0.894
1518415200000,0.876
1518418800000,0.826
1518422400000,0.785
1518426000000,0.802
1518429600000,0.818
1518433200000,0.834
1518436800000,0.838
1518440400000,0.841
1518444000000,0.849
1518447600000,0.854
1518451200000,0.85
1518454800000,0.845
1518458400000,0.842
1518462000000,0.842
1518465600000,0.846
1518469200000,0.876
1518472800000,0.895
1518476400000,0.914
1518480000000,0.941
1518483600000,0.959
1518487200000,0.97
1518490800000,0.972
1518494400000,0.98
1518498000000,0.969
1518501600000,0.946
1518505200000,0.93
1518508800000,0.922
1518512400000,0.916
1518516000000,0.913
1518519600000,0.918
1518523200000,0.942
1518526800000,0.961
1518530400000,0.964
1518534000000,0.96
1518537600000,0.955
1518541200000,0.948
1518544800000,0.932
1518548400000,0.9
1518552000000,0.834
1518555600000,0.75
1518559200000,0.666
1518562800000,0.529
1518566400000,0.526
1518570000000,0.656
1518573600000,0.68
1518577200000,0.713
1518580800000,0.709
1518584400000,0.675
1518588000000,0.6
1518591600000,0.539
1518595200000,0.491
1518598800000,0.455
1518602400000,0.416
1518606000000,0.406
1518609600000,0.389
1518613200000,0.376
1518616800000,0.355
1518620400000,0.345
1518624000000,0.345
1518627600000,0.325
1518631200000,0.3
1518634800000,0.282
1518638400000,0.267
1518642000000,0.265
1518645600000,0.259
1518649200000,0.251
1518652800000,0.332
1518656400000,0.42
1518660000000,0.44
1518663600000,0.44
1518667200000,0.447
1518670800000,0.442
1518674400000,0.444
1518678000000,0.441
1518681600000,0.351
1518685200000,0.294
1518688800000,0.27
1518692400000,0.26
1518696000000,0.274
1518699600000,0.277
1518703200000,0.261
1518706800000,0.238
1518710400000,0.211
1518714000000,0.171
1518717600000,0.144
1518721200000,0.139
1518724800000,0.126
1518728400000,0.105
1518732000000,0.081
1518735600000,0.08
1518739200000,0.087
1518742800000,0.068
1518746400000,0.056
1518750000000,0.057
1518753600000,0.062
1518757200000,0.063
1518760800000,0.061
1518764400000,0.06
1518768000000,0.064
1518771600000,0.093
1518775200000,0.134
1518778800000,0.152
1518782400000,0.161
1518786000000,0.168
1518789600000,0.179
1518793200000,0.186
1518796800000,0.205
1518800400000,0.227
1518804000000,0.214
1518807600000,0.201
1518811200000,0.2
1518814800000,0.212
1518818400000,0.215
1518822000000,0.192
1518825600000,0.249
1518829200000,0.286
1518832800000,0.315
1518836400000,0.328
1518840000000,0.334
1518843600000,0.336
1518847200000,0.341
1518850800000,0.352
1518854400000,0.307
1518858000000,0.255
1518861600000,0.271
1518865200000,0.281
1518868800000,0.291
1518872400000,0.308
1518876000000,0.308
1518879600000,0.317
1518883200000,0.341
1518886800000,0.329
1518890400000,0.352
1518894000000,0.369
1518897600000,0.394
1518901200000,0.398
1518904800000,0.383
1518908400000,0.334
1518912000000,0.493
1518915600000,0.572
1518919200000,0.574
1518922800000,0.55
1518926400000,0.513
1518930000000,0.472
1518933600000,0.461
1518937200000,0.438
1518940800000,0.367
1518944400000,0.382
1518948000000,0.444
1518951600000,0.476
1518955200000,0.472
1518958800000,0.441
1518962400000,0.464
1518966000000,0.485
1518969600000,0.491
1518973200000,0.466
1518976800000,0.431
1518980400000,0.454
1518984000000,0.445
1518987600000,0.444
1518991200000,0.413
1518994800000,0.429
1518998400000,0.607
1519002000000,0.713
1519005600000,0.744
1519009200000,0.727
1519012800000,0.689
1519016400000,0.633
1519020000000,0.575
1519023600000,0.503
1519027200000,0.347
1519030800000,0.278
1519034400000,0.298
1519038000000,0.297
1519041600000,0.296
1519045200000,0.317
1519048800000,0.326
1519052400000,0.355
1519056000000,0.438
1519059600000,0.509
1519063200000,0.58
1519066800000,0.586
1519070400000,0.545
1519074000000,0.513
1519077600000,0.488
1519081200000,0.434
1519084800000,0.591
1519088400000,0.652
1519092000000,0.634
1519095600000,0.614
1519099200000,0.624
1519102800000,0.638
1519106400000,0.635
1519110000000,0.59
1519113600000,0.454
1519117200000,0.392
1519120800000,0.376
1519124400000,0.41
1519128000000,0.415
1519131600000,0.371
1519135200000,0.408
1519138800000,0.408
1519142400000,0.402
1519146000000,0.38
1519149600000,0.334
1519153200000,0.311
1519156800000,0.303
1519160400000,0.311
1519164000000,0.274
1519167600000,0.279
1519171200000,0.398
1519174800000,0.459
1519178400000,0.453
1519182000000,0.441
1519185600000,0.428
1519189200000,0.412
1519192800000,0.401
1519196400000,0.394
1519200000000,0.33
1519203600000,0.324
1519207200000,0.359
1519210800000,0.362
1519214400000,0.357
1519218000000,0.337
1519221600000,0.335
1519225200000,0.328
1519228800000,0.315
1519232400000,0.294
1519236000000,0.289
1519239600000,0.285
1519243200000,0.279
1519246800000,0.297
1519250400000,0.29
1519254000000,0.251
1519257600000,0.325
1519261200000,0.357
1519264800000,0.395
1519268400000,0.421
1519272000000,0.433
1519275600000,0.442
1519279200000,0.434
1519282800000,0.407
1519286400000,0.338
1519290000000,0.3
1519293600000,0.315
1519297200000,0.334
1519300800000,0.352
1519304400000,0.349
1519308000000,0.328
1519311600000,0.361
1519315200000,0.362
1519318800000,0.347
1519322400000,0.34
1519326000000,0.341
1519329600000,0.352
1519333200000,0.376
1519336800000,0.382
1519340400000,0.391
1519344000000,0.542
1519347600000,0.614
1519351200000,0.644
1519354800000,0.636
1519358400000,0.604
1519362000000,0.574
1519365600000,0.553
1519369200000,0.546
1519372800000,0.501
1519376400000,0.51
1519380000000,0.557
1519383600000,0.607
1519387200000,0.613
1519390800000,0.58
1519394400000,0.583
1519398000000,0.549
1519401600000,0.459
1519405200000,0.444
1519408800000,0.456
1519412400000,0.457
1519416000000,0.452
1519419600000,0.484
1519423200000,0.53
1519426800000,0.609
1519430400000,0.729
1519434000000,0.823
1519437600000,0.851
1519441200000,0.849
1519444800000,0.829
1519448400000,0.806
1519452000000,0.781
1519455600000,0.725
1519459200000,0.623
1519462800000,0.506
1519466400000,0.454
1519470000000,0.444
1519473600000,0.446
1519477200000,0.552
1519480800000,0.532
1519484400000,0.488
1519488000000,0.516
1519491600000,0.523
1519495200000,0.504
1519498800000,0.529
1519502400000,0.536
1519506000000,0.52
1519509600000,0.476
1519513200000,0.394
1519516800000,0.356
1519520400000,0.402
1519524000000,0.404
1519527600000,0.429
1519531200000,0.466
1519534800000,0.489
1519538400000,0.468
1519542000000,0.401
1519545600000,0.325
1519549200000,0.296
1519552800000,0.311
1519556400000,0.344
1519560000000,0.369
1519563600000,0.367
1519567200000,0.364
1519570800000,0.314
1519574400000,0.279
1519578000000,0.248
1519581600000,0.228
1519585200000,0.218
1519588800000,0.216
1519592400000,0.234
1519596000000,0.243
1519599600000,0.237
1519603200000,0.347
1519606800000,0.432
1519610400000,0.459
1519614000000,0.459
1519617600000,0.446
1519621200000,0.437
1519624800000,0.443
1519628400000,0.442
1519632000000,0.376
1519635600000,0.34
1519639200000,0.35
1519642800000,0.366
1519646400000,0.377
1519650000000,0.386
1519653600000,0.388
1519657200000,0.36
1519660800000,0.317
1519664400000,0.291
1519668000000,0.291
1519671600000,0.326
1519675200000,0.335
1519678800000,0.3
1519682400000,0.256
1519686000000,0.236
1519689600000,0.259
1519693200000,0.297
1519696800000,0.289
1519700400000,0.269
1519704000000,0.257
1519707600000,0.254
1519711200000,0.243
1519714800000,0.204
1519718400000,0.179
1519722000000,0.2
1519725600000,0.245
1519729200000,0.311
1519732800000,0.344
1519736400000,0.372
1519740000000,0.392
1519743600000,0.373
1519747200000,0.34
1519750800000,0.291
1519754400000,0.261
1519758000000,0.252
1519761600000,0.248
1519765200000,0.23
1519768800000,0.188
1519772400000,0.151
1519776000000,0.22
1519779600000,0.279
1519783200000,0.278
1519786800000,0.265
1519790400000,0.256
1519794000000,0.251
1519797600000,0.249
1519801200000,0.247
1519804800000,0.201
1519808400000,0.191
1519812000000,0.206
1519815600000,0.209
1519819200000,0.225
1519822800000,0.251
1519826400000,0.227
1519830000000,0.202
1519833600000,0.195
1519837200000,0.196
1519840800000,0.202
1519844400000,0.207
1519848000000,0.236
1519851600000,0.233
1519855200000,0.219
1519858800000,0.191
1519862400000,0.286
1519866000000,0.35
1519869600000,0.365
1519873200000,0.358
1519876800000,0.35
1519880400000,0.352
1519884000000,0.356
1519887600000,0.347
1519891200000,0.316
1519894800000,0.278
1519898400000,0.278
1519902000000,0.277
1519905600000,0.272
1519909200000,0.264
1519912800000,0.238
1519916400000,0.233
1519920000000,0.219
1519923600000,0.209
1519927200000,0.206
1519930800000,0.212
1519934400000,0.226
1519938000000,0.259
1519941600000,0.252
1519945200000,0.241
1519948800000,0.311
1519952400000,0.334
1519956000000,0.359
1519959600000,0.367
1519963200000,0.364
1519966800000,0.359
1519970400000,0.382
1519974000000,0.459
1519977600000,0.441
1519981200000,0.355
1519984800000,0.279
1519988400000,0.251
1519992000000,0.274
1519995600000,0.285
1519999200000,0.292
1520002800000,0.274
1520006400000,0.272
1520010000000,0.245
1520013600000,0.174
1520017200000,0.106
1520020800000,0.092
1520024400000,0.125
1520028000000,0.155
1520031600000,0.179
1520035200000,0.281
1520038800000,0.332
1520042400000,0.323
1520046000000,0.32
1520049600000,0.318
1520053200000,0.326
1520056800000,0.354
1520060400000,0.345
1520064000000,0.302
1520067600000,0.302
1520071200000,0.315
1520074800000,0.315
1520078400000,0.337
1520082000000,0.364
1520085600000,0.379
1520089200000,0.386
1520092800000,0.388
1520096400000,0.377
1520100000000,0.383
1520103600000,0.434
1520107200000,0.432
1520110800000,0.447
1520114400000,0.432
1520118000000,0.404
1520121600000,0.565
1520125200000,0.633
1520128800000,0.638
1520132400000,0.613
1520136000000,0.583
1520139600000,0.556
1520143200000,0.525
1520146800000,0.494
1520150400000,0.432
1520154000000,0.39
1520157600000,0.419
1520161200000,0.43
1520164800000,0.425
1520168400000,0.423
1520172000000,0.417
1520175600000,0.429
1520179200000,0.418
1520182800000,0.433
1520186400000,0.431
1520190000000,0.41
1520193600000,0.395
1520197200000,0.379
1520200800000,0.338
1520204400000,0.289
1520208000000,0.415
1520211600000,0.491
1520215200000,0.49
1520218800000,0.457
1520222400000,0.397
1520226000000,0.334
1520229600000,0.286
1520233200000,0.265
1520236800000,0.245
1520240400000,0.225
1520244000000,0.245
1520247600000,0.252
1520251200000,0.249
1520254800000,0.235
1520258400000,0.223
1520262000000,0.221
1520265600000,0.231
1520269200000,0.245
1520272800000,0.253
1520276400000,0.264
1520280000000,0.285
1520283600000,0.317
1520287200000,0.295
1520290800000,0.33
1520294400000,0.488
1520298000000,0.583
1520301600000,0.618
1520305200000,0.618
1520308800000,0.598
1520312400000,0.568
1520316000000,0.541
1520319600000,0.519
1520323200000,0.435
1520326800000,0.358
1520330400000,0.359
1520334000000,0.322
1520337600000,0.315
1520341200000,0.374
1520344800000,0.393
1520348400000,0.4
1520352000000,0.401
1520355600000,0.4
1520359200000,0.388
1520362800000,0.388
1520366400000,0.386
1520370000000,0.41
1520373600000,0.369
1520377200000,0.391
1520380800000,0.558
1520384400000,0.59
1520388000000,0.556
1520391600000,0.507
1520395200000,0.467
1520398800000,0.442
1520402400000,0.421
1520406000000,0.395
1520409600000,0.325
1520413200000,0.299
1520416800000,0.32
1520420400000,0.318
1520424000000,0.311
1520427600000,0.297
1520431200000,0.267
1520434800000,0.244
1520438400000,0.233
1520442000000,0.211
1520445600000,0.19
1520449200000,0.182
1520452800000,0.189
1520456400000,0.205
1520460000000,0.201
1520463600000,0.167
1520467200000,0.214
1520470800000,0.223
1520474400000,0.202
1520478000000,0.192
1520481600000,0.196
1520485200000,0.199
1520488800000,0.203
1520492400000,0.218
1520496000000,0.22
1520499600000,0.236
1520503200000,0.272
1520506800000,0.291
1520510400000,0.309
1520514000000,0.32
1520517600000,0.336
1520521200000,0.348
1520524800000,0.36
1520528400000,0.368
1520532000000,0.348
1520535600000,0.332
1520539200000,0.328
1520542800000,0.337
1520546400000,0.305
1520550000000,0.3
1520553600000,0.396
1520557200000,0.423
1520560800000,0.406
1520564400000,0.404
1520568000000,0.407
1520571600000,0.401
1520575200000,0.407
1520578800000,0.422
1520582400000,0.413
1520586000000,0.372
1520589600000,0.372
1520593200000,0.374
1520596800000,0.391
1520600400000,0.402
1520604000000,0.395
1520607600000,0.388
1520611200000,0.368
1520614800000,0.352
1520618400000,0.348
1520622000000,0.343
1520625600000,0.42
1520629200000,0.459
1520632800000,0.453
1520636400000,0.474
1520640000000,0.613
1520643600000,0.672
1520647200000,0.657
1520650800000,0.672
1520654400000,0.706
1520658000000,0.745
1520661600000,0.752
1520665200000,0.708
1520668800000,0.615
1520672400000,0.566
1520676000000,0.606
1520679600000,0.7
1520683200000,0.765
1520686800000,0.754
1520690400000,0.711
1520694000000,0.701
1520697600000,0.727
1520701200000,0.712
1520704800000,0.724
1520708400000,0.746
1520712000000,0.757
1520715600000,0.771
1520719200000,0.778
1520722800000,0.819
1520726400000,0.871
1520730000000,0.905
1520733600000,0.906
1520737200000,0.901
1520740800000,0.884
1520744400000,0.87
1520748000000,0.849
1520751600000,0.815
1520755200000,0.742
1520758800000,0.67
1520762400000,0.635
1520766000000,0.653
1520769600000,0.691
1520773200000,0.714
1520776800000,0.721
1520780400000,0.714
1520784000000,0.713
1520787600000,0.716
1520791200000,0.718
1520794800000,0.72
1520798400000,0.761
1520802000000,0.737
1520805600000,0.721
1520809200000,0.748
1520812800000,0.846
1520816400000,0.874
1520820000000,0.865
1520823600000,0.851
1520827200000,0.84
1520830800000,0.821
1520834400000,0.795
1520838000000,0.731
1520841600000,0.606
1520845200000,0.518
1520848800000,0.517
1520852400000,0.494
1520856000000,0.523
1520859600000,0.537
1520863200000,0.516
1520866800000,0.508
1520870400000,0.491
1520874000000,0.478
1520877600000,0.47
1520881200000,0.422
1520884800000,0.402
1520888400000,0.407
1520892000000,0.378
1520895600000,0.454
1520899200000,0.639
1520902800000,0.696
1520906400000,0.677
1520910000000,0.644
1520913600000,0.611
1520917200000,0.579
1520920800000,0.538
1520924400000,0.479
1520928000000,0.388
1520931600000,0.363
1520935200000,0.387
1520938800000,0.411
1520942400000,0.401
1520946000000,0.399
1520949600000,0.382
1520953200000,0.406
1520956800000,0.423
1520960400000,0.421
1520964000000,0.42
1520967600000,0.413
1520971200000,0.413
1520974800000,0.406
1520978400000,0.345
1520982000000,0.361
1520985600000,0.505
1520989200000,0.525
1520992800000,0.505
1520996400000,0.466
1521000000000,0.421
1521003600000,0.401
1521007200000,0.401
1521010800000,0.417
1521014400000,0.404
1521018000000,0.405
1521021600000,0.431
1521025200000,0.431
1521028800000,0.425
1521032400000,0.41
1521036000000,0.362
1521039600000,0.345
1521043200000,0.291
1521046800000,0.252
1521050400000,0.234
1521054000000,0.22
1521057600000,0.21
1521061200000,0.22
1521064800000,0.183
1521068400000,0.186
1521072000000,0.314
1521075600000,0.45
1521079200000,0.752
1521082800000,0.814
1521086400000,0.66
1521090000000,0.457
1521093600000,0.459
1521097200000,0.493
1521100800000,0.391
1521104400000,0.261
1521108000000,0.164
1521111600000,0.121
1521115200000,0.107
1521118800000,0.076
1521122400000,0.048
1521126000000,0.044
1521129600000,0.057
1521133200000,0.077
1521136800000,0.096
1521140400000,0.104
1521144000000,0.102
1521147600000,0.1
1521151200000,0.092
1521154800000,0.094
1521158400000,0.132
1521162000000,0.157
1521165600000,0.194
1521169200000,0.226
1521172800000,0.249
1521176400000,0.251
1521180000000,0.234
1521183600000,0.22
1521187200000,0.208
1521190800000,0.274
1521194400000,0.386
1521198000000,0.398
1521201600000,0.332
1521205200000,0.305
1521208800000,0.3
1521212400000,0.299
1521216000000,0.293
1521219600000,0.286
1521223200000,0.29
1521226800000,0.312
1521230400000,0.345
1521234000000,0.365
1521237600000,0.341
1521241200000,0.374
1521244800000,0.515
1521248400000,0.544
1521252000000,0.544
1521255600000,0.539
1521259200000,0.531
1521262800000,0.521
1521266400000,0.516
1521270000000,0.521
1521273600000,0.494
1521277200000,0.454
1521280800000,0.477
1521284400000,0.501
1521288000000,0.537
1521291600000,0.55
1521295200000,0.571
1521298800000,0.574
1521302400000,0.575
1521306000000,0.568
1521309600000,0.538
1521313200000,0.486
1521316800000,0.475
1521320400000,0.47
1521324000000,0.414
1521327600000,0.459
1521331200000,0.574
1521334800000,0.574
1521338400000,0.549
1521342000000,0.523
1521345600000,0.502
1521349200000,0.484
1521352800000,0.47
1521356400000,0.458
1521360000000,0.376
1521363600000,0.328
1521367200000,0.323
1521370800000,0.328
1521374400000,0.337
1521378000000,0.345
1521381600000,0.345
1521385200000,0.333
1521388800000,0.362
1521392400000,0.326
1521396000000,0.324
1521399600000,0.341
1521403200000,0.369
1521406800000,0.373
1521410400000,0.339
1521414000000,0.328
1521417600000,0.393
1521421200000,0.388
1521424800000,0.367
1521428400000,0.35
1521432000000,0.329
1521435600000,0.309
1521439200000,0.302
1521442800000,0.302
1521446400000,0.277
1521450000000,0.241
1521453600000,0.259
1521457200000,0.25
1521460800000,0.234
1521464400000,0.227
1521468000000,0.213
1521471600000,0.207
1521475200000,0.201
1521478800000,0.189
1521482400000,0.164
1521486000000,0.141
1521489600000,0.131
1521493200000,0.127
1521496800000,0.119
1521500400000,0.133
1521504000000,0.154
1521507600000,0.159
1521511200000,0.155
1521514800000,0.147
1521518400000,0.146
1521522000000,0.152
1521525600000,0.158
1521529200000,0.165
1521532800000,0.157
1521536400000,0.177
1521540000000,0.202
1521543600000,0.209
1521547200000,0.207
1521550800000,0.199
1521554400000,0.192
1521558000000,0.185
1521561600000,0.182
1521565200000,0.192
1521568800000,0.223
1521572400000,0.276
1521576000000,0.317
1521579600000,0.315
1521583200000,0.251
1521586800000,0.179
1521590400000,0.192
1521594000000,0.187
1521597600000,0.192
1521601200000,0.222
1521604800000,0.256
1521608400000,0.281
1521612000000,0.299
1521615600000,0.312
1521619200000,0.294
1521622800000,0.295
1521626400000,0.314
1521630000000,0.311
1521633600000,0.306
1521637200000,0.307
1521640800000,0.305
1521644400000,0.297
1521648000000,0.291
1521651600000,0.288
1521655200000,0.278
1521658800000,0.262
1521662400000,0.243
1521666000000,0.241
1521669600000,0.241
1521673200000,0.231
1521676800000,0.297
1521680400000,0.315
1521684000000,0.326
1521687600000,0.334
1521691200000,0.335
1521694800000,0.328
1521698400000,0.319
1521702000000,0.325
1521705600000,0.333
1521709200000,0.343
1521712800000,0.37
1521716400000,0.367
1521720000000,0.37
1521723600000,0.369
1521727200000,0.365
1521730800000,0.33
1521734400000,0.355
1521738000000,0.386
1521741600000,0.423
1521745200000,0.47
1521748800000,0.508
1521752400000,0.568
1521756000000,0.582
1521759600000,0.656
1521763200000,0.733
1521766800000,0.812
1521770400000,0.821
1521774000000,0.817
1521777600000,0.819
1521781200000,0.821
1521784800000,0.825
1521788400000,0.798
1521792000000,0.738
1521795600000,0.674
1521799200000,0.636
1521802800000,0.641
1521806400000,0.647
1521810000000,0.655
1521813600000,0.662
1521817200000,0.646
1521820800000,0.625
1521824400000,0.618
1521828000000,0.614
1521831600000,0.615
1521835200000,0.618
1521838800000,0.633
1521842400000,0.66
1521846000000,0.757
1521849600000,0.862
1521853200000,0.902
1521856800000,0.903
1521860400000,0.886
1521864000000,0.869
1521867600000,0.855
1521871200000,0.84
1521874800000,0.814
1521878400000,0.73
1521882000000,0.63
1521885600000,0.606
1521889200000,0.625
1521892800000,0.644
1521896400000,0.652
1521900000000,0.658
1521903600000,0.644
1521907200000,0.582
1521910800000,0.527
1521914400000,0.506
1521918000000,0.497
1521921600000,0.484
1521925200000,0.509
1521928800000,0.535
1521932400000,0.606
1521936000000,0.734
1521939600000,0.763
1521943200000,0.759
1521946800000,0.748
1521950400000,0.737
1521954000000,0.738
1521957600000,0.737
1521961200000,0.727
1521964800000,0.655
1521968400000,0.603
1521972000000,0.571
1521975600000,0.571
1521979200000,0.59
1521982800000,0.603
1521986400000,0.621
1521990000000,0.621
1521993600000,0.599
1521997200000,0.591
1522000800000,0.562
1522004400000,0.468
1522008000000,0.437
1522011600000,0.417
1522015200000,0.408
1522018800000,0.501
1522022400000,0.601
1522026000000,0.59
1522029600000,0.547
1522033200000,0.501
1522036800000,0.474
1522040400000,0.464
1522044000000,0.461
1522047600000,0.467
1522051200000,0.434
1522054800000,0.432
1522058400000,0.449
1522062000000,0.434
1522065600000,0.397
1522069200000,0.364
1522072800000,0.35
1522076400000,0.294
1522080000000,0.265
1522083600000,0.259
1522087200000,0.28
1522090800000,0.278
1522094400000,0.277
1522098000000,0.285
1522101600000,0.243
1522105200000,0.212
1522108800000,0.31
1522112400000,0.338
1522116000000,0.35
1522119600000,0.364
1522123200000,0.374
1522126800000,0.383
1522130400000,0.393
1522134000000,0.404
1522137600000,0.35
1522141200000,0.325
1522144800000,0.291
1522148400000,0.254
1522152000000,0.231
1522155600000,0.208
1522159200000,0.22
1522162800000,0.226
1522166400000,0.254
1522170000000,0.309
1522173600000,0.308
1522177200000,0.251
1522180800000,0.229
1522184400000,0.231
1522188000000,0.241
1522191600000,0.306
1522195200000,0.438
1522198800000,0.454
1522202400000,0.437
1522206000000,0.431
1522209600000,0.414
1522213200000,0.41
1522216800000,0.401
1522220400000,0.382
1522224000000,0.328
1522227600000,0.351
1522231200000,0.341
1522234800000,0.3
1522238400000,0.328
1522242000000,0.313
1522245600000,0.263
1522249200000,0.23
1522252800000,0.232
1522256400000,0.237
1522260000000,0.21
1522263600000,0.192
1522267200000,0.18
1522270800000,0.176
1522274400000,0.153
1522278000000,0.155
1522281600000,0.22
1522285200000,0.236
1522288800000,0.233
1522292400000,0.236
1522296000000,0.24
1522299600000,0.236
1522303200000,0.237
1522306800000,0.248
1522310400000,0.212
1522314000000,0.22
1522317600000,0.246
1522321200000,0.264
1522324800000,0.274
1522328400000,0.253
1522332000000,0.212
1522335600000,0.172
1522339200000,0.158
1522342800000,0.168
1522346400000,0.178
1522350000000,0.181
1522353600000,0.156
1522357200000,0.124
1522360800000,0.083
1522364400000,0.105
1522368000000,0.111
1522371600000,0.125
1522375200000,0.155
1522378800000,0.21
1522382400000,0.261
1522386000000,0.317
1522389600000,0.376
1522393200000,0.414
1522396800000,0.38
1522400400000,0.343
1522404000000,0.331
1522407600000,0.308
1522411200000,0.283
1522414800000,0.319
1522418400000,0.315
1522422000000,0.314
1522425600000,0.305
1522429200000,0.315
1522432800000,0.34
1522436400000,0.346
1522440000000,0.346
1522443600000,0.316
1522447200000,0.264
1522450800000,0.295
1522454400000,0.425
1522458000000,0.46
1522461600000,0.458
1522465200000,0.444
1522468800000,0.414
1522472400000,0.385
1522476000000,0.358
1522479600000,0.336
1522483200000,0.285
1522486800000,0.297
1522490400000,0.353
1522494000000,0.353
1522497600000,0.359
1522501200000,0.368
1522504800000,0.339
1522508400000,0.311
1522512000000,0.34
1522515600000,0.334
1522519200000,0.326
1522522800000,0.296
1522526400000,0.26
1522530000000,0.238
1522533600000,0.187
1522537200000,0.168
1522540800000,0.224
1522544400000,0.232
1522548000000,0.211
1522551600000,0.207
1522555200000,0.22
1522558800000,0.247
1522562400000,0.27
1522566000000,0.288
1522569600000,0.262
1522573200000,0.274
1522576800000,0.291
1522580400000,0.309
1522584000000,0.313
1522587600000,0.313
1522591200000,0.347
1522594800000,0.338
1522598400000,0.328
1522602000000,0.305
1522605600000,0.289
1522609200000,0.277
1522612800000,0.251
1522616400000,0.234
1522620000000,0.196
1522623600000,0.194
1522627200000,0.245
1522630800000,0.227
1522634400000,0.211
1522638000000,0.201
1522641600000,0.188
1522645200000,0.179
1522648800000,0.179
1522652400000,0.194
1522656000000,0.209
1522659600000,0.227
1522663200000,0.27
1522666800000,0.279
1522670400000,0.28
1522674000000,0.259
1522677600000,0.249
1522681200000,0.242
1522684800000,0.248
1522688400000,0.228
1522692000000,0.212
1522695600000,0.217
1522699200000,0.221
1522702800000,0.229
1522706400000,0.2
1522710000000,0.218
1522713600000,0.245
1522717200000,0.209
1522720800000,0.175
1522724400000,0.141
1522728000000,0.119
1522731600000,0.107
1522735200000,0.111
1522738800000,0.128
1522742400000,0.148
1522746000000,0.185
1522749600000,0.251
1522753200000,0.279
1522756800000,0.292
1522760400000,0.272
1522764000000,0.256
1522767600000,0.261
1522771200000,0.271
1522774800000,0.267
1522778400000,0.262
1522782000000,0.261
1522785600000,0.259
1522789200000,0.248
1522792800000,0.199
1522796400000,0.201
1522800000000,0.235
1522803600000,0.206
1522807200000,0.181
1522810800000,0.172
1522814400000,0.171
1522818000000,0.18
1522821600000,0.198
1522825200000,0.224
1522828800000,0.237
1522832400000,0.249
1522836000000,0.283
1522839600000,0.294
1522843200000,0.302
1522846800000,0.306
1522850400000,0.322
1522854000000,0.325
1522857600000,0.332
1522861200000,0.369
1522864800000,0.404
1522868400000,0.408
1522872000000,0.398
1522875600000,0.376
1522879200000,0.304
1522882800000,0.314
1522886400000,0.317
1522890000000,0.281
1522893600000,0.253
1522897200000,0.228
1522900800000,0.215
1522904400000,0.212
1522908000000,0.22
1522911600000,0.229
1522915200000,0.226
1522918800000,0.242
1522922400000,0.27
1522926000000,0.277
1522929600000,0.283
1522933200000,0.292
1522936800000,0.305
1522940400000,0.313
1522944000000,0.316
1522947600000,0.294
1522951200000,0.255
1522954800000,0.218
1522958400000,0.2
1522962000000,0.214
1522965600000,0.21
1522969200000,0.223
1522972800000,0.31
1522976400000,0.36
1522980000000,0.358
1522983600000,0.343
1522987200000,0.325
1522990800000,0.312
1522994400000,0.303
1522998000000,0.292
1523001600000,0.258
1523005200000,0.258
1523008800000,0.296
1523012400000,0.311
1523016000000,0.318
1523019600000,0.349
1523023200000,0.362
1523026800000,0.356
1523030400000,0.334
1523034000000,0.337
1523037600000,0.364
1523041200000,0.371
1523044800000,0.367
1523048400000,0.343
1523052000000,0.294
1523055600000,0.352
1523059200000,0.472
1523062800000,0.516
1523066400000,0.56
1523070000000,0.58
1523073600000,0.578
1523077200000,0.578
1523080800000,0.583
1523084400000,0.592
1523088000000,0.559
1523091600000,0.484
1523095200000,0.467
1523098800000,0.488
1523102400000,0.516
1523106000000,0.56
1523109600000,0.509
1523113200000,0.469
1523116800000,0.456
1523120400000,0.46
1523124000000,0.471
1523127600000,0.466
1523131200000,0.454
1523134800000,0.457
1523138400000,0.431
1523142000000,0.596
1523145600000,0.77
1523149200000,0.801
1523152800000,0.802
1523156400000,0.797
1523160000000,0.786
1523163600000,0.773
1523167200000,0.759
1523170800000,0.72
1523174400000,0.599
1523178000000,0.494
1523181600000,0.545
1523185200000,0.598
1523188800000,0.575
1523192400000,0.51
1523196000000,0.476
1523199600000,0.457
1523203200000,0.369
1523206800000,0.331
1523210400000,0.315
1523214000000,0.32
1523217600000,0.305
1523221200000,0.306
1523224800000,0.28
1523228400000,0.306
1523232000000,0.397
1523235600000,0.396
1523239200000,0.352
1523242800000,0.328
1523246400000,0.316
1523250000000,0.312
1523253600000,0.323
1523257200000,0.336
1523260800000,0.323
1523264400000,0.298
1523268000000,0.31
1523271600000,0.313
1523275200000,0.329
1523278800000,0.334
1523282400000,0.34
1523286000000,0.302
1523289600000,0.281
1523293200000,0.333
1523296800000,0.368
1523300400000,0.365
1523304000000,0.345
1523307600000,0.322
1523311200000,0.274
1523314800000,0.277
1523318400000,0.318
1523322000000,0.343
1523325600000,0.33
1523329200000,0.318
1523332800000,0.31
1523336400000,0.3
1523340000000,0.296
1523343600000,0.288
1523347200000,0.241
1523350800000,0.233
1523354400000,0.24
1523358000000,0.235
1523361600000,0.235
1523365200000,0.24
1523368800000,0.246
1523372400000,0.243
1523376000000,0.228
1523379600000,0.221
1523383200000,0.2
1523386800000,0.181
1523390400000,0.179
1523394000000,0.186
1523397600000,0.158
1523401200000,0.163
1523404800000,0.223
1523408400000,0.229
1523412000000,0.243
1523415600000,0.253
1523419200000,0.252
1523422800000,0.249
1523426400000,0.249
1523430000000,0.252
1523433600000,0.233
1523437200000,0.205
1523440800000,0.217
1523444400000,0.216
1523448000000,0.219
1523451600000,0.229
1523455200000,0.236
1523458800000,0.227
1523462400000,0.233
1523466000000,0.23
1523469600000,0.227
1523473200000,0.225
1523476800000,0.227
1523480400000,0.233
1523484000000,0.199
1523487600000,0.216
1523491200000,0.285
1523494800000,0.315
1523498400000,0.335
1523502000000,0.345
1523505600000,0.334
1523509200000,0.326
1523512800000,0.319
1523516400000,0.297
1523520000000,0.241
1523523600000,0.205
1523527200000,0.225
1523530800000,0.237
1523534400000,0.237
1523538000000,0.231
1523541600000,0.225
1523545200000,0.216
1523548800000,0.215
1523552400000,0.225
1523556000000,0.238
1523559600000,0.294
1523563200000,0.364
1523566800000,0.374
1523570400000,0.343
1523574000000,0.398
1523577600000,0.506
1523581200000,0.535
1523584800000,0.519
1523588400000,0.502
1523592000000,0.493
1523595600000,0.495
1523599200000,0.5
1523602800000,0.51
1523606400000,0.464
1523610000000,0.42
1523613600000,0.403
1523617200000,0.381
1523620800000,0.345
1523624400000,0.348
1523628000000,0.32
1523631600000,0.279
1523635200000,0.249
1523638800000,0.23
1523642400000,0.22
1523646000000,0.22
1523649600000,0.241
1523653200000,0.236
1523656800000,0.202
1523660400000,0.236
1523664000000,0.312
1523667600000,0.323
1523671200000,0.333
1523674800000,0.358
1523678400000,0.391
1523682000000,0.424
1523685600000,0.451
1523689200000,0.467
1523692800000,0.444
1523696400000,0.383
1523700000000,0.352
1523703600000,0.347
1523707200000,0.317
1523710800000,0.326
1523714400000,0.335
1523718000000,0.341
1523721600000,0.328
1523725200000,0.331
1523728800000,0.293
1523732400000,0.267
1523736000000,0.274
1523739600000,0.279
1523743200000,0.252
1523746800000,0.346
1523750400000,0.437
1523754000000,0.416
1523757600000,0.387
1523761200000,0.371
1523764800000,0.367
1523768400000,0.375
1523772000000,0.379
1523775600000,0.379
1523779200000,0.361
1523782800000,0.334
1523786400000,0.374
1523790000000,0.398
1523793600000,0.398
1523797200000,0.391
1523800800000,0.382
1523804400000,0.374
1523808000000,0.371
1523811600000,0.385
1523815200000,0.392
1523818800000,0.403
1523822400000,0.408
1523826000000,0.42
1523829600000,0.355
1523833200000,0.386
1523836800000,0.479
1523840400000,0.483
1523844000000,0.484
1523847600000,0.501
1523851200000,0.513
1523854800000,0.53
1523858400000,0.548
1523862000000,0.556
1523865600000,0.517
1523869200000,0.418
1523872800000,0.367
1523876400000,0.352
1523880000000,0.36
1523883600000,0.356
1523887200000,0.361
1523890800000,0.345
1523894400000,0.325
1523898000000,0.318
1523901600000,0.317
1523905200000,0.322
1523908800000,0.316
1523912400000,0.31
1523916000000,0.235
1523919600000,0.28
1523923200000,0.283
1523926800000,0.241
1523930400000,0.22
1523934000000,0.203
1523937600000,0.204
1523941200000,0.223
1523944800000,0.234
1523948400000,0.251
1523952000000,0.256
1523955600000,0.245
1523959200000,0.281
1523962800000,0.3
1523966400000,0.333
1523970000000,0.371
1523973600000,0.34
1523977200000,0.317
1523980800000,0.27
1523984400000,0.233
1523988000000,0.211
1523991600000,0.212
1523995200000,0.207
1523998800000,0.211
1524002400000,0.177
1524006000000,0.208
1524009600000,0.254
1524013200000,0.264
1524016800000,0.261
1524020400000,0.261
1524024000000,0.275
1524027600000,0.3
1524031200000,0.326
1524034800000,0.35
1524038400000,0.341
1524042000000,0.309
1524045600000,0.335
1524049200000,0.337
1524052800000,0.337
1524056400000,0.333
1524060000000,0.324
1524063600000,0.313
1524067200000,0.291
1524070800000,0.283
1524074400000,0.28
1524078000000,0.274
1524081600000,0.26
1524085200000,0.254
1524088800000,0.212
1524092400000,0.219
1524096000000,0.255
1524099600000,0.249
1524103200000,0.236
1524106800000,0.225
1524110400000,0.218
1524114000000,0.216
1524117600000,0.223
1524121200000,0.238
1524124800000,0.242
1524128400000,0.239
1524132000000,0.285
1524135600000,0.302
1524139200000,0.308
1524142800000,0.315
1524146400000,0.314
1524150000000,0.302
1524153600000,0.287
1524157200000,0.278
1524160800000,0.283
1524164400000,0.293
1524168000000,0.291
1524171600000,0.289
1524175200000,0.237
1524178800000,0.24
1524182400000,0.31
1524186000000,0.332
1524189600000,0.321
1524193200000,0.293
1524196800000,0.262
1524200400000,0.239
1524204000000,0.219
1524207600000,0.202
1524211200000,0.176
1524214800000,0.178
1524218400000,0.217
1524222000000,0.222
1524225600000,0.217
1524229200000,0.221
1524232800000,0.233
1524236400000,0.221
1524240000000,0.193
1524243600000,0.17
1524247200000,0.16
1524250800000,0.156
1524254400000,0.161
1524258000000,0.188
1524261600000,0.185
1524265200000,0.188
1524268800000,0.237
1524272400000,0.244
1524276000000,0.244
1524279600000,0.223
1524283200000,0.191
1524286800000,0.164
1524290400000,0.144
1524294000000,0.133
1524297600000,0.126
1524301200000,0.139
1524304800000,0.191
1524308400000,0.21
1524312000000,0.228
1524315600000,0.249
1524319200000,0.264
1524322800000,0.248
1524326400000,0.225
1524330000000,0.201
1524333600000,0.17
1524337200000,0.141
1524340800000,0.121
1524344400000,0.124
1524348000000,0.118
1524351600000,0.136
1524355200000,0.16
1524358800000,0.168
1524362400000,0.155
1524366000000,0.114
1524369600000,0.078
1524373200000,0.048
1524376800000,0.031
1524380400000,0.031
1524384000000,0.051
1524387600000,0.09
1524391200000,0.169
1524394800000,0.254
1524398400000,0.338
1524402000000,0.341
1524405600000,0.371
1524409200000,0.371
1524412800000,0.413
1524416400000,0.401
1524420000000,0.388
1524423600000,0.394
1524427200000,0.398
1524430800000,0.38
1524434400000,0.343
1524438000000,0.426
1524441600000,0.422
1524445200000,0.367
1524448800000,0.333
1524452400000,0.31
1524456000000,0.289
1524459600000,0.274
1524463200000,0.275
1524466800000,0.286
1524470400000,0.294
1524474000000,0.294
1524477600000,0.298
1524481200000,0.315
1524484800000,0.299
1524488400000,0.291
1524492000000,0.274
1524495600000,0.243
1524499200000,0.208
1524502800000,0.185
1524506400000,0.155
1524510000000,0.127
1524513600000,0.103
1524517200000,0.088
1524520800000,0.072
1524524400000,0.089
1524528000000,0.082
1524531600000,0.069
1524535200000,0.056
1524538800000,0.045
1524542400000,0.038
1524546000000,0.039
1524549600000,0.048
1524553200000,0.068
1524556800000,0.102
1524560400000,0.141
1524564000000,0.188
1524567600000,0.193
1524571200000,0.194
1524574800000,0.188
1524578400000,0.178
1524582000000,0.163
1524585600000,0.137
1524589200000,0.118
1524592800000,0.106
1524596400000,0.101
1524600000000,0.103
1524603600000,0.117
1524607200000,0.1
1524610800000,0.114
1524614400000,0.129
1524618000000,0.137
1524621600000,0.155
1524625200000,0.179
1524628800000,0.201
1524632400000,0.22
1524636000000,0.24
1524639600000,0.252
1524643200000,0.252
1524646800000,0.253
1524650400000,0.274
1524654000000,0.264
1524657600000,0.256
1524661200000,0.255
1524664800000,0.257
1524668400000,0.225
1524672000000,0.189
1524675600000,0.165
1524679200000,0.144
1524682800000,0.122
1524686400000,0.104
1524690000000,0.118
1524693600000,0.124
1524697200000,0.16
1524700800000,0.225
1524704400000,0.251
1524708000000,0.274
1524711600000,0.282
1524715200000,0.283
1524718800000,0.291
1524722400000,0.297
1524726000000,0.297
1524729600000,0.28
1524733200000,0.243
1524736800000,0.255
1524740400000,0.267
1524744000000,0.277
1524747600000,0.296
1524751200000,0.306
1524754800000,0.3
1524758400000,0.305
1524762000000,0.29
1524765600000,0.271
1524769200000,0.251
1524772800000,0.241
1524776400000,0.257
1524780000000,0.22
1524783600000,0.22
1524787200000,0.225
1524790800000,0.208
1524794400000,0.197
1524798000000,0.192
1524801600000,0.193
1524805200000,0.204
1524808800000,0.227
1524812400000,0.259
1524816000000,0.279
1524819600000,0.276
1524823200000,0.302
1524826800000,0.326
1524830400000,0.349
1524834000000,0.362
1524837600000,0.377
1524841200000,0.374
1524844800000,0.352
1524848400000,0.32
1524852000000,0.291
1524855600000,0.277
1524859200000,0.263
1524862800000,0.26
1524866400000,0.227
1524870000000,0.294
1524873600000,0.328
1524877200000,0.338
1524880800000,0.355
1524884400000,0.374
1524888000000,0.376
1524891600000,0.369
1524895200000,0.352
1524898800000,0.328
1524902400000,0.286
1524906000000,0.256
1524909600000,0.252
1524913200000,0.259
1524916800000,0.267
1524920400000,0.283
1524924000000,0.307
1524927600000,0.313
1524931200000,0.309
1524934800000,0.311
1524938400000,0.286
1524942000000,0.255
1524945600000,0.227
1524949200000,0.206
1524952800000,0.192
1524956400000,0.223
1524960000000,0.307
1524963600000,0.367
1524967200000,0.413
1524970800000,0.432
1524974400000,0.424
1524978000000,0.395
1524981600000,0.349
1524985200000,0.31
1524988800000,0.261
1524992400000,0.23
1524996000000,0.256
1524999600000,0.274
1525003200000,0.28
1525006800000,0.268
1525010400000,0.259
1525014000000,0.228
1525017600000,0.192
1525021200000,0.167
1525024800000,0.151
1525028400000,0.142
1525032000000,0.14
1525035600000,0.149
1525039200000,0.12
1525042800000,0.168
1525046400000,0.208
1525050000000,0.233
1525053600000,0.267
1525057200000,0.293
1525060800000,0.311
1525064400000,0.328
1525068000000,0.338
1525071600000,0.332
1525075200000,0.268
1525078800000,0.215
1525082400000,0.197
1525086000000,0.183
1525089600000,0.182
1525093200000,0.195
1525096800000,0.218
1525100400000,0.228
1525104000000,0.238
1525107600000,0.239
1525111200000,0.241
1525114800000,0.247
1525118400000,0.243
1525122000000,0.244
1525125600000,0.204
1525129200000,0.233
1525132800000,0.311
1525136400000,0.349
1525140000000,0.374
1525143600000,0.392
1525147200000,0.403
1525150800000,0.398
1525154400000,0.391
1525158000000,0.369
1525161600000,0.329
1525165200000,0.283
1525168800000,0.279
1525172400000,0.272
1525176000000,0.272
1525179600000,0.281
1525183200000,0.274
1525186800000,0.264
1525190400000,0.273
1525194000000,0.297
1525197600000,0.31
1525201200000,0.315
1525204800000,0.314
1525208400000,0.3
1525212000000,0.246
1525215600000,0.243
1525219200000,0.32
1525222800000,0.376
1525226400000,0.418
1525230000000,0.432
1525233600000,0.391
1525237200000,0.32
1525240800000,0.231
1525244400000,0.158
1525248000000,0.146
1525251600000,0.201
1525255200000,0.218
1525258800000,0.214
1525262400000,0.234
1525266000000,0.282
1525269600000,0.312
1525273200000,0.314
1525276800000,0.317
1525280400000,0.321
1525284000000,0.3
1525287600000,0.279
1525291200000,0.266
1525294800000,0.255
1525298400000,0.237
1525302000000,0.256
1525305600000,0.264
1525309200000,0.302
1525312800000,0.316
1525316400000,0.316
1525320000000,0.288
1525323600000,0.263
1525327200000,0.241
1525330800000,0.216
1525334400000,0.194
1525338000000,0.231
1525341600000,0.305
1525345200000,0.348
1525348800000,0.353
1525352400000,0.362
1525356000000,0.367
1525359600000,0.341
1525363200000,0.294
1525366800000,0.263
1525370400000,0.218
1525374000000,0.22
1525377600000,0.251
1525381200000,0.3
1525384800000,0.279
1525388400000,0.308
1525392000000,0.427
1525395600000,0.488
1525399200000,0.471
1525402800000,0.418
1525406400000,0.344
1525410000000,0.279
1525413600000,0.235
1525417200000,0.206
1525420800000,0.176
1525424400000,0.164
1525428000000,0.195
1525431600000,0.21
1525435200000,0.214
1525438800000,0.234
1525442400000,0.254
1525446000000,0.242
1525449600000,0.223
1525453200000,0.223
1525456800000,0.24
1525460400000,0.248
1525464000000,0.245
1525467600000,0.234
1525471200000,0.186
1525474800000,0.194
1525478400000,0.269
1525482000000,0.337
1525485600000,0.325
1525489200000,0.278
1525492800000,0.233
1525496400000,0.201
1525500000000,0.183
1525503600000,0.174
1525507200000,0.165
1525510800000,0.179
1525514400000,0.247
1525518000000,0.285
1525521600000,0.311
1525525200000,0.325
1525528800000,0.325
1525532400000,0.32
1525536000000,0.309
1525539600000,0.278
1525543200000,0.251
1525546800000,0.231
1525550400000,0.205
1525554000000,0.169
1525557600000,0.112
1525561200000,0.094
1525564800000,0.071
1525568400000,0.054
1525572000000,0.043
1525575600000,0.038
1525579200000,0.034
1525582800000,0.029
1525586400000,0.035
1525590000000,0.053
1525593600000,0.081
1525597200000,0.125
1525600800000,0.184
1525604400000,0.208
1525608000000,0.233
1525611600000,0.254
1525615200000,0.256
1525618800000,0.242
1525622400000,0.223
1525626000000,0.201
1525629600000,0.179
1525633200000,0.155
1525636800000,0.136
1525640400000,0.119
1525644000000,0.087
1525647600000,0.077
1525651200000,0.071
1525654800000,0.059
1525658400000,0.045
1525662000000,0.036
1525665600000,0.032
1525669200000,0.029
1525672800000,0.03
1525676400000,0.034
1525680000000,0.046
1525683600000,0.079
1525687200000,0.141
1525690800000,0.174
1525694400000,0.192
1525698000000,0.206
1525701600000,0.212
1525705200000,0.213
1525708800000,0.205
1525712400000,0.184
1525716000000,0.152
1525719600000,0.127
1525723200000,0.105
1525726800000,0.086
1525730400000,0.055
1525734000000,0.042
1525737600000,0.026
1525741200000,0.011
1525744800000,0.003
1525748400000,0.0
1525752000000,0.0
1525755600000,0.0
1525759200000,0.0
1525762800000,0.002
1525766400000,0.014
1525770000000,0.041
1525773600000,0.084
1525777200000,0.124
1525780800000,0.158
1525784400000,0.184
1525788000000,0.188
1525791600000,0.169
1525795200000,0.137
1525798800000,0.11
1525802400000,0.104
1525806000000,0.111
1525809600000,0.122
1525813200000,0.119
1525816800000,0.072
1525820400000,0.049
1525824000000,0.024
1525827600000,0.008
1525831200000,0.002
1525834800000,0.002
1525838400000,0.008
1525842000000,0.025
1525845600000,0.059
1525849200000,0.108
1525852800000,0.162
1525856400000,0.199
1525860000000,0.264
1525863600000,0.277
1525867200000,0.278
1525870800000,0.264
1525874400000,0.233
1525878000000,0.197
1525881600000,0.167
1525885200000,0.137
1525888800000,0.11
1525892400000,0.083
1525896000000,0.085
1525899600000,0.134
1525903200000,0.137
1525906800000,0.135
1525910400000,0.183
1525914000000,0.213
1525917600000,0.208
1525921200000,0.184
1525924800000,0.15
1525928400000,0.127
1525932000000,0.122
1525935600000,0.131
1525939200000,0.155
1525942800000,0.192
1525946400000,0.249
1525950000000,0.274
1525953600000,0.282
1525957200000,0.296
1525960800000,0.324
1525964400000,0.309
1525968000000,0.279
1525971600000,0.249
1525975200000,0.219
1525978800000,0.186
1525982400000,0.155
1525986000000,0.139
1525989600000,0.117
1525993200000,0.135
1525996800000,0.151
1526000400000,0.159
1526004000000,0.171
1526007600000,0.171
1526011200000,0.162
1526014800000,0.155
1526018400000,0.163
1526022000000,0.175
1526025600000,0.179
1526029200000,0.192
1526032800000,0.234
1526036400000,0.252
1526040000000,0.264
1526043600000,0.278
1526047200000,0.287
1526050800000,0.271
1526054400000,0.241
1526058000000,0.208
1526061600000,0.192
1526065200000,0.177
1526068800000,0.167
1526072400000,0.168
1526076000000,0.149
1526079600000,0.16
1526083200000,0.17
1526086800000,0.155
1526090400000,0.152
1526094000000,0.158
1526097600000,0.167
1526101200000,0.17
1526104800000,0.159
1526108400000,0.152
1526112000000,0.152
1526115600000,0.168
1526119200000,0.216
1526122800000,0.22
1526126400000,0.212
1526130000000,0.216
1526133600000,0.22
1526137200000,0.205
1526140800000,0.201
1526144400000,0.214
1526148000000,0.236
1526151600000,0.249
1526155200000,0.255
1526158800000,0.227
1526162400000,0.144
1526166000000,0.148
1526169600000,0.154
1526173200000,0.148
1526176800000,0.141
1526180400000,0.137
1526184000000,0.133
1526187600000,0.118
1526191200000,0.096
1526194800000,0.076
1526198400000,0.06
1526202000000,0.062
1526205600000,0.091
1526209200000,0.11
1526212800000,0.131
1526216400000,0.154
1526220000000,0.173
1526223600000,0.185
1526227200000,0.172
1526230800000,0.153
1526234400000,0.136
1526238000000,0.121
1526241600000,0.112
1526245200000,0.101
1526248800000,0.083
1526252400000,0.075
1526256000000,0.076
1526259600000,0.096
1526263200000,0.093
1526266800000,0.084
1526270400000,0.077
1526274000000,0.068
1526277600000,0.062
1526281200000,0.053
1526284800000,0.054
1526288400000,0.077
1526292000000,0.113
1526295600000,0.14
1526299200000,0.17
1526302800000,0.202
1526306400000,0.223
1526310000000,0.218
1526313600000,0.215
1526317200000,0.208
1526320800000,0.2
1526324400000,0.2
1526328000000,0.194
1526331600000,0.18
1526335200000,0.133
1526338800000,0.108
1526342400000,0.121
1526346000000,0.115
1526349600000,0.086
1526353200000,0.067
1526356800000,0.059
1526360400000,0.058
1526364000000,0.064
1526367600000,0.08
1526371200000,0.107
1526374800000,0.136
1526378400000,0.185
1526382000000,0.215
1526385600000,0.221
1526389200000,0.231
1526392800000,0.234
1526396400000,0.236
1526400000000,0.236
1526403600000,0.236
1526407200000,0.254
1526410800000,0.271
1526414400000,0.272
1526418000000,0.255
1526421600000,0.191
1526425200000,0.19
1526428800000,0.213
1526432400000,0.191
1526436000000,0.161
1526439600000,0.145
1526443200000,0.132
1526446800000,0.114
1526450400000,0.101
1526454000000,0.088
1526457600000,0.077
1526461200000,0.087
1526464800000,0.121
1526468400000,0.141
1526472000000,0.159
1526475600000,0.172
1526479200000,0.179
1526482800000,0.182
1526486400000,0.183
1526490000000,0.18
1526493600000,0.175
1526497200000,0.165
1526500800000,0.149
1526504400000,0.121
1526508000000,0.077
1526511600000,0.049
1526515200000,0.045
1526518800000,0.034
1526522400000,0.021
1526526000000,0.014
1526529600000,0.011
1526533200000,0.008
1526536800000,0.008
1526540400000,0.011
1526544000000,0.016
1526547600000,0.038
1526551200000,0.085
1526554800000,0.128
1526558400000,0.161
1526562000000,0.182
1526565600000,0.192
1526569200000,0.171
1526572800000,0.14
1526576400000,0.106
1526580000000,0.081
1526583600000,0.068
1526587200000,0.06
1526590800000,0.058
1526594400000,0.045
1526598000000,0.047
1526601600000,0.039
1526605200000,0.03
1526608800000,0.021
1526612400000,0.012
1526616000000,0.006
1526619600000,0.004
1526623200000,0.005
1526626800000,0.007
1526630400000,0.013
1526634000000,0.034
1526637600000,0.086
1526641200000,0.137
1526644800000,0.175
1526648400000,0.195
1526652000000,0.206
1526655600000,0.201
1526659200000,0.195
1526662800000,0.192
1526666400000,0.186
1526670000000,0.175
1526673600000,0.155
1526677200000,0.136
1526680800000,0.1
1526684400000,0.081
1526688000000,0.072
1526691600000,0.071
1526695200000,0.076
1526698800000,0.079
1526702400000,0.082
1526706000000,0.084
1526709600000,0.086
1526713200000,0.089
1526716800000,0.096
1526720400000,0.12
1526724000000,0.18
1526727600000,0.2
1526731200000,0.201
1526734800000,0.2
1526738400000,0.204
1526742000000,0.199
1526745600000,0.188
1526749200000,0.185
1526752800000,0.186
1526756400000,0.18
1526760000000,0.179
1526763600000,0.188
1526767200000,0.155
1526770800000,0.146
1526774400000,0.146
1526778000000,0.137
1526781600000,0.132
1526785200000,0.126
1526788800000,0.117
1526792400000,0.103
1526796000000,0.085
1526799600000,0.069
1526803200000,0.067
1526806800000,0.085
1526810400000,0.131
1526814000000,0.146
1526817600000,0.151
1526821200000,0.152
1526824800000,0.145
1526828400000,0.133
1526832000000,0.12
1526835600000,0.112
1526839200000,0.111
1526842800000,0.112
1526846400000,0.125
1526850000000,0.122
1526853600000,0.093
1526857200000,0.076
1526860800000,0.093
1526864400000,0.091
1526868000000,0.072
1526871600000,0.067
1526875200000,0.064
1526878800000,0.063
1526882400000,0.063
1526886000000,0.064
1526889600000,0.059
1526893200000,0.061
1526896800000,0.086
1526900400000,0.101
1526904000000,0.113
1526907600000,0.124
1526911200000,0.134
1526914800000,0.15
1526918400000,0.168
1526922000000,0.185
1526925600000,0.199
1526929200000,0.207
1526932800000,0.208
1526936400000,0.195
1526940000000,0.143
1526943600000,0.101
1526947200000,0.089
1526950800000,0.061
1526954400000,0.033
1526958000000,0.016
1526961600000,0.007
1526965200000,0.002
1526968800000,0.0
1526972400000,0.0
1526976000000,0.0
1526979600000,0.0
1526983200000,0.0
1526986800000,0.003
1526990400000,0.018
1526994000000,0.045
1526997600000,0.076
1527001200000,0.087
1527004800000,0.086
1527008400000,0.086
1527012000000,0.087
1527015600000,0.093
1527019200000,0.103
1527022800000,0.116
1527026400000,0.101
1527030000000,0.094
1527033600000,0.104
1527037200000,0.096
1527040800000,0.082
1527044400000,0.072
1527048000000,0.058
1527051600000,0.05
1527055200000,0.048
1527058800000,0.049
1527062400000,0.05
1527066000000,0.07
1527069600000,0.106
1527073200000,0.14
1527076800000,0.176
1527080400000,0.2
1527084000000,0.223
1527087600000,0.217
1527091200000,0.2
1527094800000,0.18
1527098400000,0.174
1527102000000,0.168
1527105600000,0.164
1527109200000,0.16
1527112800000,0.116
1527116400000,0.1
1527120000000,0.115
1527123600000,0.101
1527127200000,0.084
1527130800000,0.084
1527134400000,0.086
1527138000000,0.098
1527141600000,0.115
1527145200000,0.141
1527148800000,0.163
1527152400000,0.184
1527156000000,0.241
1527159600000,0.261
1527163200000,0.264
1527166800000,0.264
1527170400000,0.251
1527174000000,0.219
1527177600000,0.188
1527181200000,0.164
1527184800000,0.143
1527188400000,0.135
1527192000000,0.131
1527195600000,0.127
1527199200000,0.106
1527202800000,0.113
1527206400000,0.124
1527210000000,0.124
1527213600000,0.127
1527217200000,0.125
1527220800000,0.111
1527224400000,0.089
1527228000000,0.068
1527231600000,0.06
1527235200000,0.058
1527238800000,0.076
1527242400000,0.115
1527246000000,0.128
1527249600000,0.126
1527253200000,0.116
1527256800000,0.106
1527260400000,0.085
1527264000000,0.071
1527267600000,0.067
1527271200000,0.076
1527274800000,0.09
1527278400000,0.108
1527282000000,0.131
1527285600000,0.118
1527289200000,0.104
1527292800000,0.124
1527296400000,0.113
1527300000000,0.098
1527303600000,0.085
1527307200000,0.076
1527310800000,0.074
1527314400000,0.077
1527318000000,0.08
1527321600000,0.082
1527325200000,0.104
1527328800000,0.16
1527332400000,0.19
1527336000000,0.209
1527339600000,0.234
1527343200000,0.259
1527346800000,0.263
1527350400000,0.244
1527354000000,0.229
1527357600000,0.206
1527361200000,0.192
1527364800000,0.172
1527368400000,0.152
1527372000000,0.113
1527375600000,0.09
1527379200000,0.076
1527382800000,0.048
1527386400000,0.032
1527390000000,0.023
1527393600000,0.023
1527397200000,0.03
1527400800000,0.044
1527404400000,0.055
1527408000000,0.065
1527411600000,0.09
1527415200000,0.134
1527418800000,0.164
1527422400000,0.19
1527426000000,0.204
1527429600000,0.212
1527433200000,0.205
1527436800000,0.187
1527440400000,0.177
1527444000000,0.167
1527447600000,0.155
1527451200000,0.155
1527454800000,0.154
1527458400000,0.141
1527462000000,0.125
1527465600000,0.13
1527469200000,0.138
1527472800000,0.141
1527476400000,0.16
1527480000000,0.173
1527483600000,0.176
1527487200000,0.161
1527490800000,0.131
1527494400000,0.122
1527498000000,0.152
1527501600000,0.168
1527505200000,0.173
1527508800000,0.177
1527512400000,0.178
1527516000000,0.179
1527519600000,0.185
1527523200000,0.184
1527526800000,0.177
1527530400000,0.167
1527534000000,0.161
1527537600000,0.177
1527541200000,0.207
1527544800000,0.177
1527548400000,0.084
1527552000000,0.061
1527555600000,0.046
1527559200000,0.04
1527562800000,0.062
1527566400000,0.105
1527570000000,0.155
1527573600000,0.182
1527577200000,0.188
1527580800000,0.188
1527584400000,0.201
1527588000000,0.245
1527591600000,0.249
1527595200000,0.254
1527598800000,0.255
1527602400000,0.252
1527606000000,0.241
1527609600000,0.228
1527613200000,0.219
1527616800000,0.203
1527620400000,0.197
1527624000000,0.191
1527627600000,0.178
1527631200000,0.144
1527634800000,0.129
1527638400000,0.131
1527642000000,0.147
1527645600000,0.151
1527649200000,0.146
1527652800000,0.149
1527656400000,0.146
1527660000000,0.143
1527663600000,0.139
1527667200000,0.137
1527670800000,0.161
1527674400000,0.211
1527678000000,0.222
1527681600000,0.208
1527685200000,0.202
1527688800000,0.218
1527692400000,0.238
1527696000000,0.263
1527699600000,0.266
1527703200000,0.259
1527706800000,0.236
1527710400000,0.218
1527714000000,0.199
1527717600000,0.152
1527721200000,0.159
1527724800000,0.201
1527728400000,0.214
1527732000000,0.228
1527735600000,0.237
1527739200000,0.233
1527742800000,0.217
1527746400000,0.2
1527750000000,0.186
1527753600000,0.16
1527757200000,0.14
1527760800000,0.14
1527764400000,0.119
1527768000000,0.1
1527771600000,0.082
1527775200000,0.081
1527778800000,0.077
1527782400000,0.07
1527786000000,0.071
1527789600000,0.071
1527793200000,0.072
1527796800000,0.069
1527800400000,0.068
1527804000000,0.065
1527807600000,0.064
1527811200000,0.072
1527814800000,0.055
1527818400000,0.039
1527822000000,0.021
1527825600000,0.008
1527829200000,0.002
1527832800000,0.0
1527836400000,0.0
1527840000000,0.0
1527843600000,0.004
1527847200000,0.029
1527850800000,0.054
1527854400000,0.064
1527858000000,0.067
1527861600000,0.068
1527865200000,0.055
1527868800000,0.038
1527872400000,0.032
1527876000000,0.023
1527879600000,0.015
1527883200000,0.01
1527886800000,0.013
1527890400000,0.021
1527894000000,0.024
1527897600000,0.029
1527901200000,0.019
1527904800000,0.006
1527908400000,0.0
1527912000000,0.0
1527915600000,0.001
1527919200000,0.005
1527922800000,0.001
1527926400000,0.0
1527930000000,0.0
1527933600000,0.0
1527937200000,0.011
1527940800000,0.049
1527944400000,0.103
1527948000000,0.172
1527951600000,0.226
1527955200000,0.262
1527958800000,0.273
1527962400000,0.278
1527966000000,0.279
1527969600000,0.271
1527973200000,0.228
1527976800000,0.148
1527980400000,0.073
1527984000000,0.045
1527987600000,0.035
1527991200000,0.028
1527994800000,0.029
1527998400000,0.027
1528002000000,0.023
1528005600000,0.018
1528009200000,0.014
1528012800000,0.013
1528016400000,0.011
1528020000000,0.006
1528023600000,0.001
1528027200000,0.0
1528030800000,0.0
1528034400000,0.0
1528038000000,0.0
1528041600000,0.0
1528045200000,0.001
1528048800000,0.002
1528052400000,0.001
1528056000000,0.001
1528059600000,0.001
1528063200000,0.001
1528066800000,0.003
1528070400000,0.006
1528074000000,0.011
1528077600000,0.018
1528081200000,0.021
1528084800000,0.024
1528088400000,0.032
1528092000000,0.041
1528095600000,0.039
1528099200000,0.035
1528102800000,0.046
1528106400000,0.059
1528110000000,0.058
1528113600000,0.054
1528117200000,0.053
1528120800000,0.059
1528124400000,0.049
1528128000000,0.033
1528131600000,0.022
1528135200000,0.015
1528138800000,0.012
1528142400000,0.012
1528146000000,0.015
1528149600000,0.017
1528153200000,0.023
1528156800000,0.015
1528160400000,0.013
1528164000000,0.014
1528167600000,0.016
1528171200000,0.018
1528174800000,0.015
1528178400000,0.009
1528182000000,0.005
1528185600000,0.004
1528189200000,0.006
1528192800000,0.012
1528196400000,0.019
1528200000000,0.016
1528203600000,0.006
1528207200000,0.001
1528210800000,0.0
1528214400000,0.001
1528218000000,0.004
1528221600000,0.005
1528225200000,0.005
1528228800000,0.006
1528232400000,0.008
1528236000000,0.01
1528239600000,0.015
1528243200000,0.015
1528246800000,0.016
1528250400000,0.019
1528254000000,0.024
1528257600000,0.034
1528261200000,0.072
1528264800000,0.151
1528268400000,0.231
1528272000000,0.243
1528275600000,0.203
1528279200000,0.18
1528282800000,0.194
1528286400000,0.228
1528290000000,0.259
1528293600000,0.29
1528297200000,0.342
1528300800000,0.388
1528304400000,0.399
1528308000000,0.412
1528311600000,0.453
1528315200000,0.55
1528318800000,0.618
1528322400000,0.56
1528326000000,0.431
1528329600000,0.383
1528333200000,0.402
1528336800000,0.437
1528340400000,0.552
1528344000000,0.682
1528347600000,0.751
1528351200000,0.825
1528354800000,0.844
1528358400000,0.806
1528362000000,0.739
1528365600000,0.652
1528369200000,0.624
1528372800000,0.615
1528376400000,0.599
1528380000000,0.58
1528383600000,0.598
1528387200000,0.627
1528390800000,0.617
1528394400000,0.685
1528398000000,0.679
1528401600000,0.661
1528405200000,0.611
1528408800000,0.543
1528412400000,0.481
1528416000000,0.489
1528419600000,0.582
1528423200000,0.7
1528426800000,0.782
1528430400000,0.84
1528434000000,0.873
1528437600000,0.886
1528441200000,0.889
1528444800000,0.902
1528448400000,0.938
1528452000000,0.936
1528455600000,0.884
1528459200000,0.884
1528462800000,0.882
1528466400000,0.809
1528470000000,0.858
1528473600000,0.879
1528477200000,0.819
1528480800000,0.69
1528484400000,0.653
1528488000000,0.676
1528491600000,0.7
1528495200000,0.674
1528498800000,0.566
1528502400000,0.667
1528506000000,0.779
1528509600000,0.849
1528513200000,0.886
1528516800000,0.898
1528520400000,0.898
1528524000000,0.884
1528527600000,0.862
1528531200000,0.842
1528534800000,0.827
1528538400000,0.829
1528542000000,0.846
1528545600000,0.821
1528549200000,0.807
1528552800000,0.782
1528556400000,0.752
1528560000000,0.726
1528563600000,0.721
1528567200000,0.714
1528570800000,0.713
1528574400000,0.73
1528578000000,0.736
1528581600000,0.737
1528585200000,0.756
1528588800000,0.831
1528592400000,0.902
1528596000000,0.923
1528599600000,0.935
1528603200000,0.947
1528606800000,0.949
1528610400000,0.945
1528614000000,0.93
1528617600000,0.91
1528621200000,0.891
1528624800000,0.88
1528628400000,0.86
1528632000000,0.832
1528635600000,0.827
1528639200000,0.844
1528642800000,0.855
1528646400000,0.839
1528650000000,0.802
1528653600000,0.781
1528657200000,0.772
1528660800000,0.782
1528664400000,0.782
1528668000000,0.761
1528671600000,0.784
1528675200000,0.845
1528678800000,0.873
1528682400000,0.884
1528686000000,0.891
1528689600000,0.891
1528693200000,0.88
1528696800000,0.837
1528700400000,0.764
1528704000000,0.665
1528707600000,0.584
1528711200000,0.599
1528714800000,0.58
1528718400000,0.54
1528722000000,0.45
1528725600000,0.449
1528729200000,0.456
1528732800000,0.502
1528736400000,0.518
1528740000000,0.526
1528743600000,0.522
1528747200000,0.495
1528750800000,0.435
1528754400000,0.401
1528758000000,0.413
1528761600000,0.535
1528765200000,0.618
1528768800000,0.675
1528772400000,0.695
1528776000000,0.688
1528779600000,0.685
1528783200000,0.645
1528786800000,0.578
1528790400000,0.501
1528794000000,0.506
1528797600000,0.551
1528801200000,0.552
1528804800000,0.54
1528808400000,0.541
1528812000000,0.538
1528815600000,0.519
1528819200000,0.488
1528822800000,0.481
1528826400000,0.508
1528830000000,0.526
1528833600000,0.504
1528837200000,0.48
1528840800000,0.448
1528844400000,0.457
1528848000000,0.562
1528851600000,0.645
1528855200000,0.676
1528858800000,0.697
1528862400000,0.7
1528866000000,0.679
1528869600000,0.633
1528873200000,0.535
1528876800000,0.447
1528880400000,0.374
1528884000000,0.331
1528887600000,0.306
1528891200000,0.274
1528894800000,0.285
1528898400000,0.297
1528902000000,0.299
1528905600000,0.318
1528909200000,0.33
1528912800000,0.316
1528916400000,0.324
1528920000000,0.313
1528923600000,0.294
1528927200000,0.295
1528930800000,0.299
1528934400000,0.352
1528938000000,0.386
1528941600000,0.42
1528945200000,0.472
1528948800000,0.546
1528952400000,0.579
1528956000000,0.523
1528959600000,0.425
1528963200000,0.367
1528966800000,0.337
1528970400000,0.323
1528974000000,0.328
1528977600000,0.337
1528981200000,0.351
1528984800000,0.369
1528988400000,0.364
1528992000000,0.362
1528995600000,0.342
1528999200000,0.323
1529002800000,0.312
1529006400000,0.32
1529010000000,0.32
1529013600000,0.278
1529017200000,0.278
1529020800000,0.374
1529024400000,0.434
1529028000000,0.476
1529031600000,0.516
1529035200000,0.558
1529038800000,0.572
1529042400000,0.552
1529046000000,0.515
1529049600000,0.417
1529053200000,0.31
1529056800000,0.282
1529060400000,0.276
1529064000000,0.269
1529067600000,0.264
1529071200000,0.262
1529074800000,0.279
1529078400000,0.308
1529082000000,0.305
1529085600000,0.335
1529089200000,0.36
1529092800000,0.38
1529096400000,0.386
1529100000000,0.341
1529103600000,0.453
1529107200000,0.538
1529110800000,0.554
1529114400000,0.549
1529118000000,0.538
1529121600000,0.51
1529125200000,0.475
1529128800000,0.437
1529132400000,0.388
1529136000000,0.315
1529139600000,0.266
1529143200000,0.267
1529146800000,0.252
1529150400000,0.228
1529154000000,0.202
1529157600000,0.214
1529161200000,0.218
1529164800000,0.255
1529168400000,0.272
1529172000000,0.328
1529175600000,0.328
1529179200000,0.332
1529182800000,0.312
1529186400000,0.251
1529190000000,0.263
1529193600000,0.33
1529197200000,0.367
1529200800000,0.387
1529204400000,0.401
1529208000000,0.41
1529211600000,0.378
1529215200000,0.328
1529218800000,0.272
1529222400000,0.214
1529226000000,0.192
1529229600000,0.195
1529233200000,0.196
1529236800000,0.22
1529240400000,0.239
1529244000000,0.252
1529247600000,0.272
1529251200000,0.311
1529254800000,0.331
1529258400000,0.332
1529262000000,0.318
1529265600000,0.3
1529269200000,0.281
1529272800000,0.22
1529276400000,0.155
1529280000000,0.129
1529283600000,0.142
1529287200000,0.157
1529290800000,0.16
1529294400000,0.147
1529298000000,0.127
1529301600000,0.101
1529305200000,0.08
1529308800000,0.068
1529312400000,0.087
1529316000000,0.101
1529319600000,0.086
1529323200000,0.07
1529326800000,0.058
1529330400000,0.054
1529334000000,0.051
1529337600000,0.054
1529341200000,0.064
1529344800000,0.07
1529348400000,0.08
1529352000000,0.085
1529355600000,0.084
1529359200000,0.07
1529362800000,0.051
1529366400000,0.041
1529370000000,0.038
1529373600000,0.036
1529377200000,0.051
1529380800000,0.079
1529384400000,0.119
1529388000000,0.162
1529391600000,0.185
1529395200000,0.149
1529398800000,0.118
1529402400000,0.096
1529406000000,0.076
1529409600000,0.058
1529413200000,0.045
1529416800000,0.038
1529420400000,0.039
1529424000000,0.046
1529427600000,0.055
1529431200000,0.058
1529434800000,0.063
1529438400000,0.075
1529442000000,0.097
1529445600000,0.11
1529449200000,0.09
1529452800000,0.082
1529456400000,0.093
1529460000000,0.1
1529463600000,0.103
1529467200000,0.104
1529470800000,0.105
1529474400000,0.101
1529478000000,0.101
1529481600000,0.087
1529485200000,0.084
1529488800000,0.096
1529492400000,0.104
1529496000000,0.121
1529499600000,0.14
1529503200000,0.157
1529506800000,0.167
1529510400000,0.172
1529514000000,0.172
1529517600000,0.167
1529521200000,0.16
1529524800000,0.147
1529528400000,0.125
1529532000000,0.082
1529535600000,0.048
1529539200000,0.041
1529542800000,0.042
1529546400000,0.045
1529550000000,0.051
1529553600000,0.058
1529557200000,0.072
1529560800000,0.086
1529564400000,0.105
1529568000000,0.106
1529571600000,0.113
1529575200000,0.121
1529578800000,0.103
1529582400000,0.077
1529586000000,0.055
1529589600000,0.037
1529593200000,0.028
1529596800000,0.024
1529600400000,0.019
1529604000000,0.017
1529607600000,0.017
1529611200000,0.024
1529614800000,0.042
1529618400000,0.049
1529622000000,0.052
1529625600000,0.057
1529629200000,0.064
1529632800000,0.068
1529636400000,0.058
1529640000000,0.039
1529643600000,0.026
1529647200000,0.015
1529650800000,0.005
1529654400000,0.001
1529658000000,0.001
1529661600000,0.001
1529665200000,0.003
1529668800000,0.013
1529672400000,0.04
1529676000000,0.084
1529679600000,0.134
1529683200000,0.173
1529686800000,0.213
1529690400000,0.251
1529694000000,0.242
1529697600000,0.191
1529701200000,0.118
1529704800000,0.06
1529708400000,0.046
1529712000000,0.037
1529715600000,0.028
1529719200000,0.013
1529722800000,0.005
1529726400000,0.003
1529730000000,0.003
1529733600000,0.002
1529737200000,0.0
1529740800000,0.001
1529744400000,0.002
1529748000000,0.012
1529751600000,0.025
1529755200000,0.034
1529758800000,0.043
1529762400000,0.055
1529766000000,0.054
1529769600000,0.047
1529773200000,0.045
1529776800000,0.042
1529780400000,0.037
1529784000000,0.032
1529787600000,0.031
1529791200000,0.022
1529794800000,0.011
1529798400000,0.005
1529802000000,0.002
1529805600000,0.0
1529809200000,0.0
1529812800000,0.0
1529816400000,0.0
1529820000000,0.0
1529823600000,0.0
1529827200000,0.001
1529830800000,0.017
1529834400000,0.065
1529838000000,0.112
1529841600000,0.138
1529845200000,0.154
1529848800000,0.165
1529852400000,0.154
1529856000000,0.15
1529859600000,0.145
1529863200000,0.139
1529866800000,0.139
1529870400000,0.152
1529874000000,0.141
1529877600000,0.096
1529881200000,0.049
1529884800000,0.022
1529888400000,0.009
1529892000000,0.003
1529895600000,0.004
1529899200000,0.008
1529902800000,0.011
1529906400000,0.011
1529910000000,0.012
1529913600000,0.018
1529917200000,0.03
1529920800000,0.05
1529924400000,0.061
1529928000000,0.068
1529931600000,0.062
1529935200000,0.049
1529938800000,0.036
1529942400000,0.03
1529946000000,0.025
1529949600000,0.026
1529953200000,0.028
1529956800000,0.034
1529960400000,0.033
1529964000000,0.013
1529967600000,0.001
1529971200000,0.0
1529974800000,0.0
1529978400000,0.0
1529982000000,0.0
1529985600000,0.0
1529989200000,0.0
1529992800000,0.0
1529996400000,0.0
1530000000000,0.0
1530003600000,0.0
1530007200000,0.0
1530010800000,0.0
1530014400000,0.002
1530018000000,0.003
1530021600000,0.001
1530025200000,0.0
1530028800000,0.0
1530032400000,0.0
1530036000000,0.0
1530039600000,0.0
1530043200000,0.0
1530046800000,0.0
1530050400000,0.0
1530054000000,0.0
1530057600000,0.0
1530061200000,0.0
1530064800000,0.0
1530068400000,0.0
1530072000000,0.004
1530075600000,0.01
1530079200000,0.019
1530082800000,0.028
1530086400000,0.036
1530090000000,0.038
1530093600000,0.035
1530097200000,0.022
1530100800000,0.011
1530104400000,0.006
1530108000000,0.003
1530111600000,0.003
1530115200000,0.003
1530118800000,0.002
1530122400000,0.001
1530126000000,0.0
1530129600000,0.0
1530133200000,0.001
1530136800000,0.004
1530140400000,0.006
1530144000000,0.012
1530147600000,0.021
1530151200000,0.032
1530154800000,0.043
1530158400000,0.056
1530162000000,0.077
1530165600000,0.103
1530169200000,0.118
1530172800000,0.102
1530176400000,0.073
1530180000000,0.055
1530183600000,0.032
1530187200000,0.016
1530190800000,0.01
1530194400000,0.009
1530198000000,0.009
1530201600000,0.011
1530205200000,0.019
1530208800000,0.037
1530212400000,0.07
1530216000000,0.122
1530219600000,0.178
1530223200000,0.186
1530226800000,0.171
1530230400000,0.207
1530234000000,0.226
1530237600000,0.245
1530241200000,0.27
1530244800000,0.295
1530248400000,0.304
1530252000000,0.285
1530255600000,0.264
1530259200000,0.225
1530262800000,0.212
1530266400000,0.234
1530270000000,0.241
1530273600000,0.254
1530277200000,0.27
1530280800000,0.291
1530284400000,0.297
1530288000000,0.3
1530291600000,0.3
1530295200000,0.298
1530298800000,0.286
1530302400000,0.275
1530306000000,0.254
1530309600000,0.191
1530313200000,0.152
1530316800000,0.177
1530320400000,0.217
1530324000000,0.274
1530327600000,0.3
1530331200000,0.282
1530334800000,0.259
1530338400000,0.22
1530342000000,0.177
1530345600000,0.133
1530349200000,0.145
1530352800000,0.17
1530356400000,0.168
1530360000000,0.167
1530363600000,0.16
1530367200000,0.161
1530370800000,0.171
1530374400000,0.193
1530378000000,0.225
1530381600000,0.243
1530385200000,0.245
1530388800000,0.233
1530392400000,0.235
1530396000000,0.211
1530399600000,0.171
1530403200000,0.194
1530406800000,0.223
1530410400000,0.248
1530414000000,0.273
1530417600000,0.275
1530421200000,0.251
1530424800000,0.201
1530428400000,0.134
1530432000000,0.093
1530435600000,0.111
1530439200000,0.152
1530442800000,0.184
1530446400000,0.212
1530450000000,0.229
1530453600000,0.24
1530457200000,0.241
1530460800000,0.231
1530464400000,0.233
1530468000000,0.237
1530471600000,0.235
1530475200000,0.236
1530478800000,0.234
1530482400000,0.212
1530486000000,0.167
1530489600000,0.172
1530493200000,0.167
1530496800000,0.155
1530500400000,0.136
1530504000000,0.109
1530507600000,0.077
1530511200000,0.057
1530514800000,0.041
1530518400000,0.032
1530522000000,0.033
1530525600000,0.058
1530529200000,0.077
1530532800000,0.092
1530536400000,0.104
1530540000000,0.118
1530543600000,0.125
1530547200000,0.125
1530550800000,0.125
1530554400000,0.124
1530558000000,0.133
1530561600000,0.144
1530565200000,0.158
1530568800000,0.129
1530572400000,0.101
1530576000000,0.122
1530579600000,0.149
1530583200000,0.167
1530586800000,0.168
1530590400000,0.164
1530594000000,0.162
1530597600000,0.156
1530601200000,0.144
1530604800000,0.124
1530608400000,0.135
1530612000000,0.171
1530615600000,0.183
1530619200000,0.194
1530622800000,0.195
1530626400000,0.187
1530630000000,0.175
1530633600000,0.161
1530637200000,0.148
1530640800000,0.134
1530644400000,0.124
1530648000000,0.112
1530651600000,0.1
1530655200000,0.095
1530658800000,0.078
1530662400000,0.084
1530666000000,0.088
1530669600000,0.085
1530673200000,0.077
1530676800000,0.073
1530680400000,0.074
1530684000000,0.068
1530687600000,0.048
1530691200000,0.03
1530694800000,0.028
1530698400000,0.032
1530702000000,0.035
1530705600000,0.035
1530709200000,0.038
1530712800000,0.063
1530716400000,0.113
1530720000000,0.144
1530723600000,0.152
1530727200000,0.134
1530730800000,0.118
1530734400000,0.126
1530738000000,0.155
1530741600000,0.168
1530745200000,0.139
1530748800000,0.114
1530752400000,0.101
1530756000000,0.101
1530759600000,0.117
1530763200000,0.139
1530766800000,0.153
1530770400000,0.136
1530774000000,0.105
1530777600000,0.089
1530781200000,0.095
1530784800000,0.089
1530788400000,0.076
1530792000000,0.083
1530795600000,0.103
1530799200000,0.136
1530802800000,0.151
1530806400000,0.155
1530810000000,0.158
1530813600000,0.157
1530817200000,0.148
1530820800000,0.145
1530824400000,0.144
1530828000000,0.12
1530831600000,0.083
1530835200000,0.075
1530838800000,0.093
1530842400000,0.088
1530846000000,0.059
1530849600000,0.031
1530853200000,0.03
1530856800000,0.048
1530860400000,0.089
1530864000000,0.086
1530867600000,0.064
1530871200000,0.055
1530874800000,0.049
1530878400000,0.042
1530882000000,0.038
1530885600000,0.028
1530889200000,0.029
1530892800000,0.068
1530896400000,0.111
1530900000000,0.099
1530903600000,0.084
1530907200000,0.087
1530910800000,0.094
1530914400000,0.089
1530918000000,0.071
1530921600000,0.065
1530925200000,0.061
1530928800000,0.068
1530932400000,0.074
1530936000000,0.078
1530939600000,0.107
1530943200000,0.179
1530946800000,0.187
1530950400000,0.138
1530954000000,0.137
1530957600000,0.177
1530961200000,0.185
1530964800000,0.174
1530968400000,0.157
1530972000000,0.146
1530975600000,0.131
1530979200000,0.113
1530982800000,0.091
1530986400000,0.071
1530990000000,0.056
1530993600000,0.042
1530997200000,0.036
1531000800000,0.042
1531004400000,0.044
1531008000000,0.063
1531011600000,0.092
1531015200000,0.15
1531018800000,0.192
1531022400000,0.183
1531026000000,0.154
1531029600000,0.112
1531033200000,0.068
1531036800000,0.038
1531040400000,0.038
1531044000000,0.039
1531047600000,0.029
1531051200000,0.026
1531054800000,0.045
1531058400000,0.082
1531062000000,0.132
1531065600000,0.184
1531069200000,0.233
1531072800000,0.282
1531076400000,0.348
1531080000000,0.352
1531083600000,0.294
1531087200000,0.234
1531090800000,0.207
1531094400000,0.246
1531098000000,0.264
1531101600000,0.284
1531105200000,0.387
1531108800000,0.538
1531112400000,0.618
1531116000000,0.583
1531119600000,0.455
1531123200000,0.32
1531126800000,0.298
1531130400000,0.345
1531134000000,0.395
1531137600000,0.429
1531141200000,0.443
1531144800000,0.438
1531148400000,0.42
1531152000000,0.401
1531155600000,0.379
1531159200000,0.358
1531162800000,0.362
1531166400000,0.37
1531170000000,0.41
1531173600000,0.413
1531177200000,0.442
1531180800000,0.574
1531184400000,0.653
1531188000000,0.713
1531191600000,0.756
1531195200000,0.792
1531198800000,0.814
1531202400000,0.826
1531206000000,0.779
1531209600000,0.687
1531213200000,0.583
1531216800000,0.523
1531220400000,0.476
1531224000000,0.434
1531227600000,0.403
1531231200000,0.4
1531234800000,0.43
1531238400000,0.484
1531242000000,0.517
1531245600000,0.542
1531249200000,0.538
1531252800000,0.504
1531256400000,0.481
1531260000000,0.424
1531263600000,0.484
1531267200000,0.538
1531270800000,0.566
1531274400000,0.568
1531278000000,0.563
1531281600000,0.569
1531285200000,0.532
1531288800000,0.444
1531292400000,0.328
1531296000000,0.251
1531299600000,0.231
1531303200000,0.264
1531306800000,0.289
1531310400000,0.347
1531314000000,0.362
1531317600000,0.324
1531321200000,0.289
1531324800000,0.331
1531328400000,0.361
1531332000000,0.236
1531335600000,0.115
1531339200000,0.02
1531342800000,0.0
1531346400000,0.001
1531350000000,0.07
1531353600000,0.325
1531357200000,0.464
1531360800000,0.584
1531364400000,0.633
1531368000000,0.633
1531371600000,0.578
1531375200000,0.524
1531378800000,0.466
1531382400000,0.393
1531386000000,0.323
1531389600000,0.276
1531393200000,0.279
1531396800000,0.313
1531400400000,0.344
1531404000000,0.318
1531407600000,0.294
1531411200000,0.257
1531414800000,0.22
1531418400000,0.186
1531422000000,0.164
1531425600000,0.163
1531429200000,0.16
1531432800000,0.128
1531436400000,0.103
1531440000000,0.122
1531443600000,0.146
1531447200000,0.15
1531450800000,0.161
1531454400000,0.177
1531458000000,0.174
1531461600000,0.147
1531465200000,0.103
1531468800000,0.09
1531472400000,0.112
1531476000000,0.123
1531479600000,0.118
1531483200000,0.117
1531486800000,0.133
1531490400000,0.167
1531494000000,0.223
1531497600000,0.27
1531501200000,0.296
1531504800000,0.329
1531508400000,0.379
1531512000000,0.411
1531515600000,0.401
1531519200000,0.358
1531522800000,0.311
1531526400000,0.341
1531530000000,0.374
1531533600000,0.376
1531537200000,0.394
1531540800000,0.407
1531544400000,0.41
1531548000000,0.401
1531551600000,0.333
1531555200000,0.213
1531558800000,0.171
1531562400000,0.212
1531566000000,0.278
1531569600000,0.351
1531573200000,0.411
1531576800000,0.444
1531580400000,0.456
1531584000000,0.442
1531587600000,0.398
1531591200000,0.374
1531594800000,0.372
1531598400000,0.407
1531602000000,0.42
1531605600000,0.41
1531609200000,0.43
1531612800000,0.51
1531616400000,0.633
1531620000000,0.704
1531623600000,0.746
1531627200000,0.758
1531630800000,0.741
1531634400000,0.705
1531638000000,0.679
1531641600000,0.666
1531645200000,0.663
1531648800000,0.644
1531652400000,0.601
1531656000000,0.567
1531659600000,0.648
1531663200000,0.751
1531666800000,0.796
1531670400000,0.77
1531674000000,0.77
1531677600000,0.76
1531681200000,0.701
1531684800000,0.647
1531688400000,0.615
1531692000000,0.568
1531695600000,0.596
1531699200000,0.636
1531702800000,0.668
1531706400000,0.681
1531710000000,0.829
1531713600000,0.958
1531717200000,0.982
1531720800000,0.973
1531724400000,0.955
1531728000000,0.941
1531731600000,0.941
1531735200000,0.946
1531738800000,0.94
1531742400000,0.926
1531746000000,0.895
1531749600000,0.849
1531753200000,0.823
1531756800000,0.826
1531760400000,0.836
1531764000000,0.854
1531767600000,0.873
1531771200000,0.863
1531774800000,0.844
1531778400000,0.844
1531782000000,0.858
1531785600000,0.882
1531789200000,0.905
1531792800000,0.921
1531796400000,0.92
1531800000000,0.903
1531803600000,0.868
1531807200000,0.824
1531810800000,0.772
1531814400000,0.702
1531818000000,0.638
1531821600000,0.644
1531825200000,0.647
1531828800000,0.663
1531832400000,0.682
1531836000000,0.704
1531839600000,0.7
1531843200000,0.714
1531846800000,0.706
1531850400000,0.695
1531854000000,0.689
1531857600000,0.697
1531861200000,0.682
1531864800000,0.63
1531868400000,0.569
1531872000000,0.617
1531875600000,0.7
1531879200000,0.759
1531882800000,0.793
1531886400000,0.809
1531890000000,0.826
1531893600000,0.823
1531897200000,0.802
1531900800000,0.764
1531904400000,0.705
1531908000000,0.68
1531911600000,0.697
1531915200000,0.705
1531918800000,0.748
1531922400000,0.724
1531926000000,0.651
1531929600000,0.571
1531933200000,0.551
1531936800000,0.493
1531940400000,0.472
1531944000000,0.439
1531947600000,0.443
1531951200000,0.454
1531954800000,0.472
1531958400000,0.584
1531962000000,0.642
1531965600000,0.666
1531969200000,0.672
1531972800000,0.664
1531976400000,0.657
1531980000000,0.633
1531983600000,0.559
1531987200000,0.449
1531990800000,0.395
1531994400000,0.374
1531998000000,0.319
1532001600000,0.286
1532005200000,0.295
1532008800000,0.328
1532012400000,0.347
1532016000000,0.356
1532019600000,0.374
1532023200000,0.376
1532026800000,0.379
1532030400000,0.387
1532034000000,0.41
1532037600000,0.426
1532041200000,0.47
1532044800000,0.633
1532048400000,0.712
1532052000000,0.754
1532055600000,0.777
1532059200000,0.786
1532062800000,0.791
1532066400000,0.789
1532070000000,0.768
1532073600000,0.683
1532077200000,0.586
1532080800000,0.528
1532084400000,0.494
1532088000000,0.532
1532091600000,0.578
1532095200000,0.621
1532098800000,0.64
1532102400000,0.693
1532106000000,0.703
1532109600000,0.71
1532113200000,0.714
1532116800000,0.714
1532120400000,0.691
1532124000000,0.702
1532127600000,0.734
1532131200000,0.829
1532134800000,0.876
1532138400000,0.896
1532142000000,0.903
1532145600000,0.914
1532149200000,0.922
1532152800000,0.92
1532156400000,0.914
1532160000000,0.886
1532163600000,0.851
1532167200000,0.832
1532170800000,0.817
1532174400000,0.809
1532178000000,0.815
1532181600000,0.831
1532185200000,0.835
1532188800000,0.806
1532192400000,0.785
1532196000000,0.762
1532199600000,0.737
1532203200000,0.666
1532206800000,0.638
1532210400000,0.623
1532214000000,0.62
1532217600000,0.695
1532221200000,0.767
1532224800000,0.806
1532228400000,0.832
1532232000000,0.841
1532235600000,0.833
1532239200000,0.817
1532242800000,0.785
1532246400000,0.718
1532250000000,0.639
1532253600000,0.574
1532257200000,0.502
1532260800000,0.49
1532264400000,0.544
1532268000000,0.562
1532271600000,0.58
1532275200000,0.562
1532278800000,0.538
1532282400000,0.532
1532286000000,0.513
1532289600000,0.488
1532293200000,0.494
1532296800000,0.501
1532300400000,0.528
1532304000000,0.617
1532307600000,0.701
1532311200000,0.772
1532314800000,0.786
1532318400000,0.748
1532322000000,0.7
1532325600000,0.64
1532329200000,0.635
1532332800000,0.653
1532336400000,0.656
1532340000000,0.642
1532343600000,0.599
1532347200000,0.568
1532350800000,0.561
1532354400000,0.536
1532358000000,0.509
1532361600000,0.484
1532365200000,0.495
1532368800000,0.486
1532372400000,0.41
1532376000000,0.374
1532379600000,0.345
1532383200000,0.298
1532386800000,0.243
1532390400000,0.224
1532394000000,0.239
1532397600000,0.246
1532401200000,0.274
1532404800000,0.337
1532408400000,0.403
1532412000000,0.452
1532415600000,0.481
1532419200000,0.476
1532422800000,0.438
1532426400000,0.447
1532430000000,0.469
1532433600000,0.464
1532437200000,0.486
1532440800000,0.545
1532444400000,0.593
1532448000000,0.62
1532451600000,0.621
1532455200000,0.566
1532458800000,0.524
1532462400000,0.51
1532466000000,0.471
1532469600000,0.425
1532473200000,0.316
1532476800000,0.312
1532480400000,0.322
1532484000000,0.318
1532487600000,0.328
1532491200000,0.316
1532494800000,0.291
1532498400000,0.261
1532502000000,0.214
1532505600000,0.178
1532509200000,0.177
1532512800000,0.172
1532516400000,0.154
1532520000000,0.145
1532523600000,0.167
1532527200000,0.201
1532530800000,0.218
1532534400000,0.21
1532538000000,0.202
1532541600000,0.199
1532545200000,0.19
1532548800000,0.194
1532552400000,0.227
1532556000000,0.22
1532559600000,0.212
1532563200000,0.289
1532566800000,0.334
1532570400000,0.358
1532574000000,0.376
1532577600000,0.384
1532581200000,0.358
1532584800000,0.271
1532588400000,0.155
1532592000000,0.094
1532595600000,0.114
1532599200000,0.16
1532602800000,0.165
1532606400000,0.175
1532610000000,0.22
1532613600000,0.295
1532617200000,0.4
1532620800000,0.506
1532624400000,0.532
1532628000000,0.51
1532631600000,0.45
1532635200000,0.356
1532638800000,0.297
1532642400000,0.22
1532646000000,0.21
1532649600000,0.277
1532653200000,0.336
1532656800000,0.388
1532660400000,0.398
1532664000000,0.388
1532667600000,0.375
1532671200000,0.355
1532674800000,0.311
1532678400000,0.278
1532682000000,0.289
1532685600000,0.328
1532689200000,0.386
1532692800000,0.422
1532696400000,0.432
1532700000000,0.422
1532703600000,0.433
1532707200000,0.481
1532710800000,0.425
1532714400000,0.37
1532718000000,0.314
1532721600000,0.276
1532725200000,0.274
1532728800000,0.246
1532732400000,0.269
1532736000000,0.308
1532739600000,0.381
1532743200000,0.431
1532746800000,0.468
1532750400000,0.494
1532754000000,0.538
1532757600000,0.574
1532761200000,0.566
1532764800000,0.518
1532768400000,0.444
1532772000000,0.38
1532775600000,0.355
1532779200000,0.337
1532782800000,0.315
1532786400000,0.277
1532790000000,0.269
1532793600000,0.272
1532797200000,0.285
1532800800000,0.294
1532804400000,0.282
1532808000000,0.267
1532811600000,0.249
1532815200000,0.204
1532818800000,0.169
1532822400000,0.206
1532826000000,0.222
1532829600000,0.227
1532833200000,0.233
1532836800000,0.231
1532840400000,0.232
1532844000000,0.223
1532847600000,0.202
1532851200000,0.161
1532854800000,0.145
1532858400000,0.175
1532862000000,0.189
1532865600000,0.207
1532869200000,0.22
1532872800000,0.227
1532876400000,0.227
1532880000000,0.223
1532883600000,0.221
1532887200000,0.219
1532890800000,0.22
1532894400000,0.22
1532898000000,0.235
1532901600000,0.231
1532905200000,0.201
1532908800000,0.22
1532912400000,0.253
1532916000000,0.264
1532919600000,0.264
1532923200000,0.272
1532926800000,0.275
1532930400000,0.274
1532934000000,0.245
1532937600000,0.201
1532941200000,0.162
1532944800000,0.14
1532948400000,0.12
1532952000000,0.13
1532955600000,0.153
1532959200000,0.184
1532962800000,0.21
1532966400000,0.223
1532970000000,0.233
1532973600000,0.243
1532977200000,0.245
1532980800000,0.248
1532984400000,0.239
1532988000000,0.202
1532991600000,0.167
1532995200000,0.21
1532998800000,0.25
1533002400000,0.283
1533006000000,0.323
1533009600000,0.378
1533013200000,0.411
1533016800000,0.42
1533020400000,0.398
1533024000000,0.337
1533027600000,0.301
1533031200000,0.285
1533034800000,0.28
1533038400000,0.287
1533042000000,0.282
1533045600000,0.288
1533049200000,0.288
1533052800000,0.294
1533056400000,0.295
1533060000000,0.274
1533063600000,0.256
1533067200000,0.24
1533070800000,0.237
1533074400000,0.199
1533078000000,0.177
1533081600000,0.201
1533085200000,0.212
1533088800000,0.228
1533092400000,0.238
1533096000000,0.243
1533099600000,0.243
1533103200000,0.243
1533106800000,0.225
1533110400000,0.219
1533114000000,0.234
1533117600000,0.276
1533121200000,0.3
1533124800000,0.333
1533128400000,0.341
1533132000000,0.362
1533135600000,0.37
1533139200000,0.394
1533142800000,0.437
1533146400000,0.481
1533150000000,0.513
1533153600000,0.535
1533157200000,0.519
1533160800000,0.488
1533164400000,0.472
1533168000000,0.477
1533171600000,0.485
1533175200000,0.491
1533178800000,0.509
1533182400000,0.532
1533186000000,0.535
1533189600000,0.513
1533193200000,0.453
1533196800000,0.395
1533200400000,0.376
1533204000000,0.396
1533207600000,0.381
1533211200000,0.386
1533214800000,0.37
1533218400000,0.366
1533222000000,0.38
1533225600000,0.367
1533229200000,0.325
1533232800000,0.229
1533236400000,0.154
1533240000000,0.21
1533243600000,0.471
1533247200000,0.601
1533250800000,0.688
1533254400000,0.715
1533258000000,0.714
1533261600000,0.652
1533265200000,0.674
1533268800000,0.704
1533272400000,0.713
1533276000000,0.722
1533279600000,0.698
1533283200000,0.636
1533286800000,0.591
1533290400000,0.561
1533294000000,0.504
1533297600000,0.479
1533301200000,0.494
1533304800000,0.505
1533308400000,0.536
1533312000000,0.557
1533315600000,0.563
1533319200000,0.544
1533322800000,0.502
1533326400000,0.445
1533330000000,0.4
1533333600000,0.32
1533337200000,0.305
1533340800000,0.367
1533344400000,0.41
1533348000000,0.466
1533351600000,0.523
1533355200000,0.568
1533358800000,0.607
1533362400000,0.607
1533366000000,0.559
1533369600000,0.491
1533373200000,0.432
1533376800000,0.401
1533380400000,0.381
1533384000000,0.376
1533387600000,0.392
1533391200000,0.432
1533394800000,0.495
1533398400000,0.538
1533402000000,0.535
1533405600000,0.513
1533409200000,0.491
1533412800000,0.472
1533416400000,0.44
1533420000000,0.391
1533423600000,0.386
1533427200000,0.476
1533430800000,0.544
1533434400000,0.58
1533438000000,0.611
1533441600000,0.626
1533445200000,0.602
1533448800000,0.556
1533452400000,0.488
1533456000000,0.407
1533459600000,0.343
1533463200000,0.302
1533466800000,0.282
1533470400000,0.297
1533474000000,0.362
1533477600000,0.505
1533481200000,0.595
1533484800000,0.556
1533488400000,0.51
1533492000000,0.517
1533495600000,0.509
1533499200000,0.522
1533502800000,0.516
1533506400000,0.474
1533510000000,0.464
1533513600000,0.516
1533517200000,0.535
1533520800000,0.518
1533524400000,0.445
1533528000000,0.376
1533531600000,0.332
1533535200000,0.283
1533538800000,0.188
1533542400000,0.139
1533546000000,0.188
1533549600000,0.29
1533553200000,0.367
1533556800000,0.413
1533560400000,0.42
1533564000000,0.447
1533567600000,0.479
1533571200000,0.51
1533574800000,0.55
1533578400000,0.568
1533582000000,0.586
1533585600000,0.591
1533589200000,0.601
1533592800000,0.561
1533596400000,0.521
1533600000000,0.588
1533603600000,0.669
1533607200000,0.686
1533610800000,0.687
1533614400000,0.692
1533618000000,0.686
1533621600000,0.658
1533625200000,0.587
1533628800000,0.505
1533632400000,0.46
1533636000000,0.425
1533639600000,0.38
1533643200000,0.367
1533646800000,0.355
1533650400000,0.391
1533654000000,0.419
1533657600000,0.425
1533661200000,0.41
1533664800000,0.401
1533668400000,0.414
1533672000000,0.444
1533675600000,0.472
1533679200000,0.474
1533682800000,0.466
1533686400000,0.59
1533690000000,0.684
1533693600000,0.718
1533697200000,0.718
1533700800000,0.679
1533704400000,0.642
1533708000000,0.59
1533711600000,0.494
1533715200000,0.352
1533718800000,0.295
1533722400000,0.323
1533726000000,0.327
1533729600000,0.309
1533733200000,0.305
1533736800000,0.311
1533740400000,0.296
1533744000000,0.265
1533747600000,0.288
1533751200000,0.305
1533754800000,0.31
1533758400000,0.313
1533762000000,0.323
1533765600000,0.302
1533769200000,0.296
1533772800000,0.345
1533776400000,0.437
1533780000000,0.491
1533783600000,0.516
1533787200000,0.544
1533790800000,0.57
1533794400000,0.567
1533798000000,0.533
1533801600000,0.484
1533805200000,0.451
1533808800000,0.47
1533812400000,0.506
1533816000000,0.518
1533819600000,0.532
1533823200000,0.543
1533826800000,0.51
1533830400000,0.479
1533834000000,0.458
1533837600000,0.425
1533841200000,0.367
1533844800000,0.337
1533848400000,0.354
1533852000000,0.364
1533855600000,0.343
1533859200000,0.401
1533862800000,0.488
1533866400000,0.569
1533870000000,0.591
1533873600000,0.586
1533877200000,0.574
1533880800000,0.533
1533884400000,0.469
1533888000000,0.412
1533891600000,0.423
1533895200000,0.453
1533898800000,0.456
1533902400000,0.45
1533906000000,0.471
1533909600000,0.506
1533913200000,0.586
1533916800000,0.624
1533920400000,0.599
1533924000000,0.568
1533927600000,0.541
1533931200000,0.537
1533934800000,0.609
1533938400000,0.686
1533942000000,0.746
1533945600000,0.823
1533949200000,0.893
1533952800000,0.928
1533956400000,0.933
1533960000000,0.923
1533963600000,0.906
1533967200000,0.889
1533970800000,0.867
1533974400000,0.846
1533978000000,0.834
1533981600000,0.829
1533985200000,0.823
1533988800000,0.816
1533992400000,0.799
1533996000000,0.786
1533999600000,0.781
1534003200000,0.781
1534006800000,0.803
1534010400000,0.844
1534014000000,0.879
1534017600000,0.895
1534021200000,0.906
1534024800000,0.908
1534028400000,0.919
1534032000000,0.941
1534035600000,0.958
1534039200000,0.965
1534042800000,0.966
1534046400000,0.964
1534050000000,0.957
1534053600000,0.942
1534057200000,0.917
1534060800000,0.911
1534064400000,0.919
1534068000000,0.923
1534071600000,0.916
1534075200000,0.908
1534078800000,0.903
1534082400000,0.902
1534086000000,0.901
1534089600000,0.899
1534093200000,0.897
1534096800000,0.893
1534100400000,0.882
1534104000000,0.871
1534107600000,0.878
1534111200000,0.889
1534114800000,0.912
1534118400000,0.943
1534122000000,0.964
1534125600000,0.974
1534129200000,0.976
1534132800000,0.972
1534136400000,0.963
1534140000000,0.945
1534143600000,0.919
1534147200000,0.881
1534150800000,0.853
1534154400000,0.829
1534158000000,0.812
1534161600000,0.806
1534165200000,0.816
1534168800000,0.849
1534172400000,0.858
1534176000000,0.849
1534179600000,0.844
1534183200000,0.837
1534186800000,0.826
1534190400000,0.818
1534194000000,0.812
1534197600000,0.802
1534201200000,0.826
1534204800000,0.871
1534208400000,0.894
1534212000000,0.901
1534215600000,0.91
1534219200000,0.914
1534222800000,0.915
1534226400000,0.909
1534230000000,0.885
1534233600000,0.831
1534237200000,0.76
1534240800000,0.68
1534244400000,0.575
1534248000000,0.519
1534251600000,0.451
1534255200000,0.397
1534258800000,0.361
1534262400000,0.328
1534266000000,0.324
1534269600000,0.342
1534273200000,0.339
1534276800000,0.33
1534280400000,0.341
1534284000000,0.309
1534287600000,0.308
1534291200000,0.395
1534294800000,0.48
1534298400000,0.57
1534302000000,0.622
1534305600000,0.654
1534309200000,0.673
1534312800000,0.678
1534316400000,0.655
1534320000000,0.58
1534323600000,0.472
1534327200000,0.407
1534330800000,0.374
1534334400000,0.364
1534338000000,0.347
1534341600000,0.32
1534345200000,0.311
1534348800000,0.32
1534352400000,0.348
1534356000000,0.403
1534359600000,0.42
1534363200000,0.424
1534366800000,0.415
1534370400000,0.358
1534374000000,0.377
1534377600000,0.496
1534381200000,0.56
1534384800000,0.615
1534388400000,0.63
1534392000000,0.613
1534395600000,0.606
1534399200000,0.61
1534402800000,0.574
1534406400000,0.481
1534410000000,0.421
1534413600000,0.379
1534417200000,0.337
1534420800000,0.37
1534424400000,0.405
1534428000000,0.416
1534431600000,0.407
1534435200000,0.38
1534438800000,0.35
1534442400000,0.32
1534446000000,0.289
1534449600000,0.277
1534453200000,0.271
1534456800000,0.251
1534460400000,0.228
1534464000000,0.299
1534467600000,0.347
1534471200000,0.376
1534474800000,0.365
1534478400000,0.332
1534482000000,0.29
1534485600000,0.252
1534489200000,0.197
1534492800000,0.152
1534496400000,0.158
1534500000000,0.193
1534503600000,0.228
1534507200000,0.261
1534510800000,0.309
1534514400000,0.361
1534518000000,0.389
1534521600000,0.383
1534525200000,0.391
1534528800000,0.402
1534532400000,0.401
1534536000000,0.391
1534539600000,0.386
1534543200000,0.37
1534546800000,0.394
1534550400000,0.517
1534554000000,0.617
1534557600000,0.687
1534561200000,0.722
1534564800000,0.697
1534568400000,0.651
1534572000000,0.606
1534575600000,0.55
1534579200000,0.481
1534582800000,0.411
1534586400000,0.442
1534590000000,0.429
1534593600000,0.431
1534597200000,0.484
1534600800000,0.497
1534604400000,0.48
1534608000000,0.454
1534611600000,0.444
1534615200000,0.438
1534618800000,0.427
1534622400000,0.422
1534626000000,0.432
1534629600000,0.459
1534633200000,0.474
1534636800000,0.525
1534640400000,0.615
1534644000000,0.653
1534647600000,0.666
1534651200000,0.668
1534654800000,0.66
1534658400000,0.651
1534662000000,0.624
1534665600000,0.544
1534669200000,0.435
1534672800000,0.425
1534676400000,0.439
1534680000000,0.42
1534683600000,0.391
1534687200000,0.378
1534690800000,0.376
1534694400000,0.376
1534698000000,0.371
1534701600000,0.4
1534705200000,0.413
1534708800000,0.442
1534712400000,0.439
1534716000000,0.421
1534719600000,0.449
1534723200000,0.558
1534726800000,0.615
1534730400000,0.659
1534734000000,0.698
1534737600000,0.71
1534741200000,0.705
1534744800000,0.685
1534748400000,0.649
1534752000000,0.556
1534755600000,0.444
1534759200000,0.417
1534762800000,0.422
1534766400000,0.435
1534770000000,0.436
1534773600000,0.428
1534777200000,0.401
1534780800000,0.374
1534784400000,0.381
1534788000000,0.397
1534791600000,0.399
1534795200000,0.407
1534798800000,0.432
1534802400000,0.441
1534806000000,0.502
1534809600000,0.638
1534813200000,0.683
1534816800000,0.707
1534820400000,0.727
1534824000000,0.732
1534827600000,0.736
1534831200000,0.726
1534834800000,0.7
1534838400000,0.624
1534842000000,0.547
1534845600000,0.491
1534849200000,0.403
1534852800000,0.402
1534856400000,0.409
1534860000000,0.403
1534863600000,0.406
1534867200000,0.444
1534870800000,0.468
1534874400000,0.462
1534878000000,0.458
1534881600000,0.462
1534885200000,0.464
1534888800000,0.415
1534892400000,0.498
1534896000000,0.633
1534899600000,0.685
1534903200000,0.703
1534906800000,0.7
1534910400000,0.687
1534914000000,0.678
1534917600000,0.677
1534921200000,0.672
1534924800000,0.613
1534928400000,0.538
1534932000000,0.508
1534935600000,0.458
1534939200000,0.393
1534942800000,0.315
1534946400000,0.292
1534950000000,0.289
1534953600000,0.296
1534957200000,0.303
1534960800000,0.314
1534964400000,0.327
1534968000000,0.354
1534971600000,0.355
1534975200000,0.302
1534978800000,0.383
1534982400000,0.459
1534986000000,0.508
1534989600000,0.552
1534993200000,0.585
1534996800000,0.605
1535000400000,0.624
1535004000000,0.63
1535007600000,0.606
1535011200000,0.537
1535014800000,0.425
1535018400000,0.367
1535022000000,0.352
1535025600000,0.345
1535029200000,0.319
1535032800000,0.311
1535036400000,0.303
1535040000000,0.3
1535043600000,0.3
1535047200000,0.307
1535050800000,0.328
1535054400000,0.337
1535058000000,0.355
1535061600000,0.335
1535065200000,0.395
1535068800000,0.523
1535072400000,0.606
1535076000000,0.658
1535079600000,0.673
1535083200000,0.655
1535086800000,0.605
1535090400000,0.539
1535094000000,0.46
1535097600000,0.37
1535101200000,0.314
1535104800000,0.309
1535108400000,0.282
1535112000000,0.276
1535115600000,0.296
1535119200000,0.322
1535122800000,0.336
1535126400000,0.311
1535130000000,0.3
1535133600000,0.309
1535137200000,0.349
1535140800000,0.368
1535144400000,0.382
1535148000000,0.382
1535151600000,0.381
1535155200000,0.464
1535158800000,0.546
1535162400000,0.594
1535166000000,0.595
1535169600000,0.594
1535173200000,0.601
1535176800000,0.592
1535180400000,0.555
1535184000000,0.472
1535187600000,0.398
1535191200000,0.375
1535194800000,0.346
1535198400000,0.334
1535202000000,0.342
1535205600000,0.341
1535209200000,0.347
1535212800000,0.354
1535216400000,0.352
1535220000000,0.351
1535223600000,0.362
1535227200000,0.372
1535230800000,0.367
1535234400000,0.332
1535238000000,0.276
1535241600000,0.28
1535245200000,0.313
1535248800000,0.333
1535252400000,0.32
1535256000000,0.288
1535259600000,0.233
1535263200000,0.167
1535266800000,0.103
1535270400000,0.054
1535274000000,0.058
1535277600000,0.082
1535281200000,0.092
1535284800000,0.098
1535288400000,0.106
1535292000000,0.11
1535295600000,0.093
1535299200000,0.091
1535302800000,0.092
1535306400000,0.075
1535310000000,0.063
1535313600000,0.064
1535317200000,0.071
1535320800000,0.066
1535324400000,0.064
1535328000000,0.06
1535331600000,0.049
1535335200000,0.045
1535338800000,0.046
1535342400000,0.054
1535346000000,0.053
1535349600000,0.045
1535353200000,0.033
1535356800000,0.021
1535360400000,0.008
1535364000000,0.002
1535367600000,0.001
1535371200000,0.0
1535374800000,0.0
1535378400000,0.0
1535382000000,0.0
1535385600000,0.0
1535389200000,0.0
1535392800000,0.0
1535396400000,0.0
1535400000000,0.0
1535403600000,0.0
1535407200000,0.0
1535410800000,0.0
1535414400000,0.001
1535418000000,0.005
1535421600000,0.009
1535425200000,0.017
1535428800000,0.027
1535432400000,0.037
1535436000000,0.046
1535439600000,0.048
1535443200000,0.04
1535446800000,0.025
1535450400000,0.011
1535454000000,0.001
1535457600000,0.0
1535461200000,0.0
1535464800000,0.0
1535468400000,0.0
1535472000000,0.0
1535475600000,0.0
1535479200000,0.0
1535482800000,0.0
1535486400000,0.0
1535490000000,0.001
1535493600000,0.003
1535497200000,0.003
1535500800000,0.002
1535504400000,0.001
1535508000000,0.0
1535511600000,0.0
1535515200000,0.0
1535518800000,0.0
1535522400000,0.0
1535526000000,0.001
1535529600000,0.002
1535533200000,0.008
1535536800000,0.012
1535540400000,0.016
1535544000000,0.014
1535547600000,0.012
1535551200000,0.008
1535554800000,0.003
1535558400000,0.001
1535562000000,0.001
1535565600000,0.002
1535569200000,0.005
1535572800000,0.005
1535576400000,0.005
1535580000000,0.004
1535583600000,0.002
1535587200000,0.001
1535590800000,0.0
1535594400000,0.0
1535598000000,0.0
1535601600000,0.001
1535605200000,0.002
1535608800000,0.004
1535612400000,0.007
1535616000000,0.014
1535619600000,0.04
1535623200000,0.089
1535626800000,0.138
1535630400000,0.181
1535634000000,0.195
1535637600000,0.166
1535641200000,0.124
1535644800000,0.086
1535648400000,0.06
1535652000000,0.048
1535655600000,0.05
1535659200000,0.069
1535662800000,0.096
1535666400000,0.101
1535670000000,0.113
1535673600000,0.138
1535677200000,0.183
1535680800000,0.231
1535684400000,0.27
1535688000000,0.286
1535691600000,0.295
1535695200000,0.294
1535698800000,0.252
1535702400000,0.223
1535706000000,0.213
1535709600000,0.227
1535713200000,0.209
1535716800000,0.174
1535720400000,0.12
1535724000000,0.077
1535727600000,0.074
1535731200000,0.091
1535734800000,0.112
1535738400000,0.137
1535742000000,0.154
1535745600000,0.168
1535749200000,0.188
1535752800000,0.182
1535756400000,0.142
1535760000000,0.16
1535763600000,0.189
1535767200000,0.193
1535770800000,0.201
1535774400000,0.204
1535778000000,0.182
1535781600000,0.117
1535785200000,0.049
1535788800000,0.016
1535792400000,0.019
1535796000000,0.056
1535799600000,0.076
1535803200000,0.072
1535806800000,0.076
1535810400000,0.063
1535814000000,0.006
1535817600000,0.0
1535821200000,0.0
1535824800000,0.0
1535828400000,0.0
1535832000000,0.0
1535835600000,0.0
1535839200000,0.003
1535842800000,0.007
1535846400000,0.012
1535850000000,0.017
1535853600000,0.019
1535857200000,0.014
1535860800000,0.012
1535864400000,0.015
1535868000000,0.02
1535871600000,0.035
1535875200000,0.058
1535878800000,0.086
1535882400000,0.129
1535886000000,0.183
1535889600000,0.233
1535893200000,0.261
1535896800000,0.288
1535900400000,0.32
1535904000000,0.369
1535907600000,0.361
1535911200000,0.355
1535914800000,0.346
1535918400000,0.398
1535922000000,0.494
1535925600000,0.522
1535929200000,0.505
1535932800000,0.593
1535936400000,0.633
1535940000000,0.647
1535943600000,0.658
1535947200000,0.655
1535950800000,0.631
1535954400000,0.627
1535958000000,0.659
1535961600000,0.66
1535965200000,0.581
1535968800000,0.566
1535972400000,0.495
1535976000000,0.469
1535979600000,0.441
1535983200000,0.428
1535986800000,0.388
1535990400000,0.32
1535994000000,0.291
1535997600000,0.36
1536001200000,0.454
1536004800000,0.522
1536008400000,0.568
1536012000000,0.53
1536015600000,0.494
1536019200000,0.528
1536022800000,0.617
1536026400000,0.695
1536030000000,0.729
1536033600000,0.706
1536037200000,0.668
1536040800000,0.586
1536044400000,0.464
1536048000000,0.384
1536051600000,0.344
1536055200000,0.386
1536058800000,0.464
1536062400000,0.532
1536066000000,0.586
1536069600000,0.622
1536073200000,0.61
1536076800000,0.576
1536080400000,0.533
1536084000000,0.475
1536087600000,0.413
1536091200000,0.362
1536094800000,0.325
1536098400000,0.277
1536102000000,0.207
1536105600000,0.191
1536109200000,0.182
1536112800000,0.186
1536116400000,0.201
1536120000000,0.206
1536123600000,0.187
1536127200000,0.155
1536130800000,0.125
1536134400000,0.117
1536138000000,0.143
1536141600000,0.167
1536145200000,0.182
1536148800000,0.192
1536152400000,0.203
1536156000000,0.216
1536159600000,0.223
1536163200000,0.227
1536166800000,0.232
1536170400000,0.233
1536174000000,0.245
1536177600000,0.258
1536181200000,0.223
1536184800000,0.162
1536188400000,0.095
1536192000000,0.069
1536195600000,0.067
1536199200000,0.069
1536202800000,0.082
1536206400000,0.093
1536210000000,0.093
1536213600000,0.08
1536217200000,0.059
1536220800000,0.042
1536224400000,0.045
1536228000000,0.052
1536231600000,0.044
1536235200000,0.041
1536238800000,0.047
1536242400000,0.06
1536246000000,0.068
1536249600000,0.082
1536253200000,0.127
1536256800000,0.195
1536260400000,0.248
1536264000000,0.256
1536267600000,0.243
1536271200000,0.214
1536274800000,0.172
1536278400000,0.201
1536282000000,0.264
1536285600000,0.244
1536289200000,0.217
1536292800000,0.251
1536296400000,0.332
1536300000000,0.22
1536303600000,0.154
1536307200000,0.173
1536310800000,0.191
1536314400000,0.192
1536318000000,0.183
1536321600000,0.156
1536325200000,0.14
1536328800000,0.137
1536332400000,0.14
1536336000000,0.144
1536339600000,0.151
1536343200000,0.149
1536346800000,0.159
1536350400000,0.159
1536354000000,0.181
1536357600000,0.185
1536361200000,0.145
1536364800000,0.142
1536368400000,0.169
1536372000000,0.179
1536375600000,0.163
1536379200000,0.127
1536382800000,0.085
1536386400000,0.043
1536390000000,0.015
1536393600000,0.005
1536397200000,0.004
1536400800000,0.008
1536404400000,0.015
1536408000000,0.025
1536411600000,0.044
1536415200000,0.076
1536418800000,0.099
1536422400000,0.107
1536426000000,0.113
1536429600000,0.119
1536433200000,0.128
1536436800000,0.135
1536440400000,0.145
1536444000000,0.128
1536447600000,0.085
1536451200000,0.086
1536454800000,0.083
1536458400000,0.073
1536462000000,0.061
1536465600000,0.049
1536469200000,0.038
1536472800000,0.028
1536476400000,0.019
1536480000000,0.011
1536483600000,0.003
1536487200000,0.0
1536490800000,0.0
1536494400000,0.0
1536498000000,0.0
1536501600000,0.0
1536505200000,0.0
1536508800000,0.0
1536512400000,0.0
1536516000000,0.0
1536519600000,0.0
1536523200000,0.0
1536526800000,0.0
1536530400000,0.0
1536534000000,0.0
1536537600000,0.0
1536541200000,0.0
1536544800000,0.001
1536548400000,0.006
1536552000000,0.015
1536555600000,0.025
1536559200000,0.036
1536562800000,0.047
1536566400000,0.054
1536570000000,0.054
1536573600000,0.049
1536577200000,0.046
1536580800000,0.045
1536584400000,0.043
1536588000000,0.037
1536591600000,0.03
1536595200000,0.022
1536598800000,0.019
1536602400000,0.015
1536606000000,0.005
1536609600000,0.001
1536613200000,0.001
1536616800000,0.0
1536620400000,0.0
1536624000000,0.0
1536627600000,0.0
1536631200000,0.004
1536634800000,0.022
1536638400000,0.058
1536642000000,0.1
1536645600000,0.128
1536649200000,0.134
1536652800000,0.118
1536656400000,0.112
1536660000000,0.106
1536663600000,0.09
1536667200000,0.092
1536670800000,0.12
1536674400000,0.159
1536678000000,0.17
1536681600000,0.155
1536685200000,0.149
1536688800000,0.158
1536692400000,0.162
1536696000000,0.148
1536699600000,0.128
1536703200000,0.095
1536706800000,0.064
1536710400000,0.063
1536714000000,0.056
1536717600000,0.057
1536721200000,0.062
1536724800000,0.078
1536728400000,0.103
1536732000000,0.122
1536735600000,0.138
1536739200000,0.136
1536742800000,0.107
1536746400000,0.093
1536750000000,0.118
1536753600000,0.205
1536757200000,0.238
1536760800000,0.234
1536764400000,0.242
1536768000000,0.246
1536771600000,0.269
1536775200000,0.309
1536778800000,0.328
1536782400000,0.317
1536786000000,0.253
1536789600000,0.241
1536793200000,0.213
1536796800000,0.19
1536800400000,0.222
1536804000000,0.233
1536807600000,0.277
1536811200000,0.345
1536814800000,0.367
1536818400000,0.353
1536822000000,0.332
1536825600000,0.352
1536829200000,0.407
1536832800000,0.458
1536836400000,0.45
1536840000000,0.432
1536843600000,0.495
1536847200000,0.55
1536850800000,0.652
1536854400000,0.772
1536858000000,0.846
1536861600000,0.869
1536865200000,0.893
1536868800000,0.92
1536872400000,0.93
1536876000000,0.94
1536879600000,0.943
1536883200000,0.942
1536886800000,0.934
1536890400000,0.91
1536894000000,0.891
1536897600000,0.911
1536901200000,0.913
1536904800000,0.923
1536908400000,0.939
1536912000000,0.958
1536915600000,0.968
1536919200000,0.968
1536922800000,0.957
1536926400000,0.943
1536930000000,0.923
1536933600000,0.916
1536937200000,0.94
1536940800000,0.956
1536944400000,0.961
1536948000000,0.957
1536951600000,0.944
1536955200000,0.945
1536958800000,0.941
1536962400000,0.917
1536966000000,0.895
1536969600000,0.91
1536973200000,0.946
1536976800000,0.966
1536980400000,0.966
1536984000000,0.959
1536987600000,0.951
1536991200000,0.93
1536994800000,0.889
1536998400000,0.856
1537002000000,0.829
1537005600000,0.816
1537009200000,0.812
1537012800000,0.809
1537016400000,0.814
1537020000000,0.804
1537023600000,0.782
1537027200000,0.741
1537030800000,0.679
1537034400000,0.564
1537038000000,0.482
1537041600000,0.429
1537045200000,0.376
1537048800000,0.294
1537052400000,0.207
1537056000000,0.192
1537059600000,0.194
1537063200000,0.179
1537066800000,0.167
1537070400000,0.153
1537074000000,0.115
1537077600000,0.084
1537081200000,0.068
1537084800000,0.074
1537088400000,0.071
1537092000000,0.031
1537095600000,0.002
1537099200000,0.0
1537102800000,0.0
1537106400000,0.0
1537110000000,0.0
1537113600000,0.0
1537117200000,0.0
1537120800000,0.001
1537124400000,0.005
1537128000000,0.012
1537131600000,0.027
1537135200000,0.056
1537138800000,0.067
1537142400000,0.076
1537146000000,0.088
1537149600000,0.101
1537153200000,0.102
1537156800000,0.11
1537160400000,0.132
1537164000000,0.167
1537167600000,0.214
1537171200000,0.233
1537174800000,0.264
1537178400000,0.302
1537182000000,0.309
1537185600000,0.291
1537189200000,0.271
1537192800000,0.284
1537196400000,0.278
1537200000000,0.248
1537203600000,0.276
1537207200000,0.246
1537210800000,0.273
1537214400000,0.321
1537218000000,0.321
1537221600000,0.324
1537225200000,0.28
1537228800000,0.366
1537232400000,0.444
1537236000000,0.469
1537239600000,0.485
1537243200000,0.488
1537246800000,0.492
1537250400000,0.488
1537254000000,0.451
1537257600000,0.358
1537261200000,0.3
1537264800000,0.293
1537268400000,0.313
1537272000000,0.289
1537275600000,0.247
1537279200000,0.217
1537282800000,0.203
1537286400000,0.194
1537290000000,0.179
1537293600000,0.163
1537297200000,0.148
1537300800000,0.135
1537304400000,0.121
1537308000000,0.095
1537311600000,0.067
1537315200000,0.073
1537318800000,0.065
1537322400000,0.055
1537326000000,0.049
1537329600000,0.044
1537333200000,0.035
1537336800000,0.026
1537340400000,0.022
1537344000000,0.026
1537347600000,0.039
1537351200000,0.054
1537354800000,0.063
1537358400000,0.072
1537362000000,0.086
1537365600000,0.104
1537369200000,0.105
1537372800000,0.108
1537376400000,0.118
1537380000000,0.13
1537383600000,0.138
1537387200000,0.146
1537390800000,0.148
1537394400000,0.123
1537398000000,0.08
1537401600000,0.077
1537405200000,0.073
1537408800000,0.062
1537412400000,0.048
1537416000000,0.036
1537419600000,0.025
1537423200000,0.014
1537426800000,0.006
1537430400000,0.003
1537434000000,0.003
1537437600000,0.004
1537441200000,0.006
1537444800000,0.007
1537448400000,0.005
1537452000000,0.005
1537455600000,0.002
1537459200000,0.0
1537462800000,0.0
1537466400000,0.0
1537470000000,0.0
1537473600000,0.0
1537477200000,0.001
1537480800000,0.004
1537484400000,0.005
1537488000000,0.005
1537491600000,0.004
1537495200000,0.003
1537498800000,0.003
1537502400000,0.003
1537506000000,0.004
1537509600000,0.005
1537513200000,0.007
1537516800000,0.01
1537520400000,0.017
1537524000000,0.033
1537527600000,0.046
1537531200000,0.051
1537534800000,0.048
1537538400000,0.038
1537542000000,0.035
1537545600000,0.041
1537549200000,0.051
1537552800000,0.06
1537556400000,0.061
1537560000000,0.057
1537563600000,0.054
1537567200000,0.05
1537570800000,0.041
1537574400000,0.05
1537578000000,0.048
1537581600000,0.052
1537585200000,0.051
1537588800000,0.05
1537592400000,0.043
1537596000000,0.032
1537599600000,0.025
1537603200000,0.025
1537606800000,0.041
1537610400000,0.073
1537614000000,0.112
1537617600000,0.141
1537621200000,0.155
1537624800000,0.146
1537628400000,0.106
1537632000000,0.08
1537635600000,0.071
1537639200000,0.065
1537642800000,0.058
1537646400000,0.056
1537650000000,0.053
1537653600000,0.041
1537657200000,0.03
1537660800000,0.017
1537664400000,0.018
1537668000000,0.023
1537671600000,0.033
1537675200000,0.047
1537678800000,0.06
1537682400000,0.073
1537686000000,0.082
1537689600000,0.069
1537693200000,0.063
1537696800000,0.068
1537700400000,0.057
1537704000000,0.041
1537707600000,0.026
1537711200000,0.017
1537714800000,0.018
1537718400000,0.03
1537722000000,0.056
1537725600000,0.082
1537729200000,0.093
1537732800000,0.097
1537736400000,0.094
1537740000000,0.079
1537743600000,0.063
1537747200000,0.057
1537750800000,0.053
1537754400000,0.054
1537758000000,0.08
1537761600000,0.15
1537765200000,0.229
1537768800000,0.251
1537772400000,0.226
1537776000000,0.17
1537779600000,0.156
1537783200000,0.145
1537786800000,0.133
1537790400000,0.143
1537794000000,0.167
1537797600000,0.188
1537801200000,0.201
1537804800000,0.22
1537808400000,0.243
1537812000000,0.24
1537815600000,0.223
1537819200000,0.219
1537822800000,0.237
1537826400000,0.261
1537830000000,0.366
1537833600000,0.535
1537837200000,0.625
1537840800000,0.668
1537844400000,0.672
1537848000000,0.664
1537851600000,0.668
1537855200000,0.671
1537858800000,0.65
1537862400000,0.588
1537866000000,0.55
1537869600000,0.523
1537873200000,0.486
1537876800000,0.491
1537880400000,0.462
1537884000000,0.459
1537887600000,0.454
1537891200000,0.453
1537894800000,0.453
1537898400000,0.449
1537902000000,0.449
1537905600000,0.502
1537909200000,0.523
1537912800000,0.477
1537916400000,0.477
1537920000000,0.557
1537923600000,0.605
1537927200000,0.645
1537930800000,0.683
1537934400000,0.699
1537938000000,0.701
1537941600000,0.69
1537945200000,0.651
1537948800000,0.56
1537952400000,0.491
1537956000000,0.459
1537959600000,0.434
1537963200000,0.442
1537966800000,0.512
1537970400000,0.56
1537974000000,0.556
1537977600000,0.526
1537981200000,0.504
1537984800000,0.49
1537988400000,0.506
1537992000000,0.424
1537995600000,0.357
1537999200000,0.337
1538002800000,0.297
1538006400000,0.425
1538010000000,0.547
1538013600000,0.647
1538017200000,0.699
1538020800000,0.71
1538024400000,0.687
1538028000000,0.648
1538031600000,0.574
1538035200000,0.436
1538038800000,0.328
1538042400000,0.274
1538046000000,0.257
1538049600000,0.284
1538053200000,0.334
1538056800000,0.432
1538060400000,0.501
1538064000000,0.501
1538067600000,0.481
1538071200000,0.464
1538074800000,0.466
1538078400000,0.454
1538082000000,0.415
1538085600000,0.373
1538089200000,0.391
1538092800000,0.457
1538096400000,0.473
1538100000000,0.469
1538103600000,0.481
1538107200000,0.501
1538110800000,0.515
1538114400000,0.515
1538118000000,0.487
1538121600000,0.391
1538125200000,0.291
1538128800000,0.249
1538132400000,0.231
1538136000000,0.231
1538139600000,0.264
1538143200000,0.311
1538146800000,0.355
1538150400000,0.432
1538154000000,0.385
1538157600000,0.394
1538161200000,0.343
1538164800000,0.305
1538168400000,0.272
1538172000000,0.236
1538175600000,0.208
1538179200000,0.245
1538182800000,0.297
1538186400000,0.31
1538190000000,0.302
1538193600000,0.282
1538197200000,0.246
1538200800000,0.2
1538204400000,0.153
1538208000000,0.107
1538211600000,0.112
1538215200000,0.117
1538218800000,0.121
1538222400000,0.136
1538226000000,0.154
1538229600000,0.17
1538233200000,0.185
1538236800000,0.2
1538240400000,0.206
1538244000000,0.209
1538247600000,0.207
1538251200000,0.194
1538254800000,0.169
1538258400000,0.131
1538262000000,0.08
1538265600000,0.073
1538269200000,0.074
1538272800000,0.072
1538276400000,0.076
1538280000000,0.077
1538283600000,0.074
1538287200000,0.064
1538290800000,0.046
1538294400000,0.029
1538298000000,0.017
1538301600000,0.007
1538305200000,0.001
1538308800000,0.0
1538312400000,0.0
1538316000000,0.0
1538319600000,0.0
1538323200000,0.001
1538326800000,0.002
1538330400000,0.003
1538334000000,0.004
1538337600000,0.008
1538341200000,0.01
1538344800000,0.006
1538348400000,0.002
1538352000000,0.0
1538355600000,0.0
1538359200000,0.0
1538362800000,0.0
1538366400000,0.001
1538370000000,0.002
1538373600000,0.004
1538377200000,0.004
1538380800000,0.005
1538384400000,0.005
1538388000000,0.005
1538391600000,0.005
1538395200000,0.003
1538398800000,0.001
1538402400000,0.0
1538406000000,0.0
1538409600000,0.0
1538413200000,0.0
1538416800000,0.0
1538420400000,0.009
1538424000000,0.035
1538427600000,0.041
1538431200000,0.034
1538434800000,0.022
1538438400000,0.018
1538442000000,0.014
1538445600000,0.019
1538449200000,0.042
1538452800000,0.082
1538456400000,0.113
1538460000000,0.121
1538463600000,0.101
1538467200000,0.076
1538470800000,0.056
1538474400000,0.045
1538478000000,0.038
1538481600000,0.033
1538485200000,0.029
1538488800000,0.039
1538492400000,0.062
1538496000000,0.098
1538499600000,0.128
1538503200000,0.14
1538506800000,0.135
1538510400000,0.12
1538514000000,0.082
1538517600000,0.05
1538521200000,0.04
1538524800000,0.024
1538528400000,0.012
1538532000000,0.008
1538535600000,0.015
1538539200000,0.03
1538542800000,0.042
1538546400000,0.049
1538550000000,0.046
1538553600000,0.041
1538557200000,0.032
1538560800000,0.022
1538564400000,0.019
1538568000000,0.021
1538571600000,0.02
1538575200000,0.013
1538578800000,0.009
1538582400000,0.009
1538586000000,0.009
1538589600000,0.009
1538593200000,0.004
1538596800000,0.0
1538600400000,0.0
1538604000000,0.0
1538607600000,0.002
1538611200000,0.011
1538614800000,0.037
1538618400000,0.081
1538622000000,0.12
1538625600000,0.147
1538629200000,0.161
1538632800000,0.166
1538636400000,0.157
1538640000000,0.122
1538643600000,0.104
1538647200000,0.079
1538650800000,0.054
1538654400000,0.037
1538658000000,0.029
1538661600000,0.028
1538665200000,0.03
1538668800000,0.034
1538672400000,0.038
1538676000000,0.039
1538679600000,0.041
1538683200000,0.042
1538686800000,0.042
1538690400000,0.039
1538694000000,0.027
1538697600000,0.022
1538701200000,0.017
1538704800000,0.019
1538708400000,0.027
1538712000000,0.037
1538715600000,0.041
1538719200000,0.035
1538722800000,0.022
1538726400000,0.015
1538730000000,0.006
1538733600000,0.0
1538737200000,0.0
1538740800000,0.0
1538744400000,0.001
1538748000000,0.007
1538751600000,0.019
1538755200000,0.03
1538758800000,0.04
1538762400000,0.047
1538766000000,0.055
1538769600000,0.067
1538773200000,0.06
1538776800000,0.041
1538780400000,0.018
1538784000000,0.004
1538787600000,0.0
1538791200000,0.0
1538794800000,0.0
1538798400000,0.0
1538802000000,0.0
1538805600000,0.0
1538809200000,0.0
1538812800000,0.0
1538816400000,0.005
1538820000000,0.028
1538823600000,0.065
1538827200000,0.098
1538830800000,0.123
1538834400000,0.139
1538838000000,0.136
1538841600000,0.136
1538845200000,0.141
1538848800000,0.156
1538852400000,0.171
1538856000000,0.186
1538859600000,0.201
1538863200000,0.186
1538866800000,0.142
1538870400000,0.135
1538874000000,0.113
1538877600000,0.087
1538881200000,0.072
1538884800000,0.065
1538888400000,0.067
1538892000000,0.076
1538895600000,0.096
1538899200000,0.121
1538902800000,0.174
1538906400000,0.22
1538910000000,0.231
1538913600000,0.238
1538917200000,0.245
1538920800000,0.241
1538924400000,0.223
1538928000000,0.208
1538931600000,0.2
1538935200000,0.196
1538938800000,0.195
1538942400000,0.196
1538946000000,0.197
1538949600000,0.172
1538953200000,0.124
1538956800000,0.118
1538960400000,0.096
1538964000000,0.069
1538967600000,0.05
1538971200000,0.043
1538974800000,0.047
1538978400000,0.059
1538982000000,0.084
1538985600000,0.115
1538989200000,0.161
1538992800000,0.207
1538996400000,0.225
1539000000000,0.23
1539003600000,0.223
1539007200000,0.221
1539010800000,0.208
1539014400000,0.201
1539018000000,0.186
1539021600000,0.177
1539025200000,0.16
1539028800000,0.144
1539032400000,0.125
1539036000000,0.096
1539039600000,0.068
1539043200000,0.058
1539046800000,0.041
1539050400000,0.028
1539054000000,0.02
1539057600000,0.017
1539061200000,0.017
1539064800000,0.023
1539068400000,0.035
1539072000000,0.058
1539075600000,0.111
1539079200000,0.167
1539082800000,0.18
1539086400000,0.181
1539090000000,0.191
1539093600000,0.19
1539097200000,0.178
1539100800000,0.159
1539104400000,0.146
1539108000000,0.139
1539111600000,0.141
1539115200000,0.136
1539118800000,0.121
1539122400000,0.088
1539126000000,0.051
1539129600000,0.034
1539133200000,0.023
1539136800000,0.014
1539140400000,0.01
1539144000000,0.009
1539147600000,0.011
1539151200000,0.019
1539154800000,0.034
1539158400000,0.056
1539162000000,0.115
1539165600000,0.181
1539169200000,0.203
1539172800000,0.218
1539176400000,0.232
1539180000000,0.239
1539183600000,0.233
1539187200000,0.203
1539190800000,0.161
1539194400000,0.141
1539198000000,0.132
1539201600000,0.124
1539205200000,0.127
1539208800000,0.12
1539212400000,0.101
1539216000000,0.103
1539219600000,0.104
1539223200000,0.111
1539226800000,0.113
1539230400000,0.117
1539234000000,0.118
1539237600000,0.124
1539241200000,0.134
1539244800000,0.155
1539248400000,0.22
1539252000000,0.284
1539255600000,0.315
1539259200000,0.338
1539262800000,0.348
1539266400000,0.358
1539270000000,0.331
1539273600000,0.305
1539277200000,0.287
1539280800000,0.277
1539284400000,0.264
1539288000000,0.255
1539291600000,0.249
1539295200000,0.22
1539298800000,0.177
1539302400000,0.191
1539306000000,0.194
1539309600000,0.204
1539313200000,0.22
1539316800000,0.243
1539320400000,0.266
1539324000000,0.291
1539327600000,0.311
1539331200000,0.306
1539334800000,0.297
1539338400000,0.334
1539342000000,0.341
1539345600000,0.344
1539349200000,0.341
1539352800000,0.331
1539356400000,0.314
1539360000000,0.291
1539363600000,0.272
1539367200000,0.265
1539370800000,0.258
1539374400000,0.233
1539378000000,0.235
1539381600000,0.235
1539385200000,0.225
1539388800000,0.252
1539392400000,0.341
1539396000000,0.41
1539399600000,0.429
1539403200000,0.403
1539406800000,0.352
1539410400000,0.297
1539414000000,0.236
1539417600000,0.212
1539421200000,0.241
1539424800000,0.265
1539428400000,0.28
1539432000000,0.297
1539435600000,0.314
1539439200000,0.334
1539442800000,0.328
1539446400000,0.311
1539450000000,0.286
1539453600000,0.278
1539457200000,0.272
1539460800000,0.263
1539464400000,0.251
1539468000000,0.22
1539471600000,0.165
1539475200000,0.153
1539478800000,0.186
1539482400000,0.192
1539486000000,0.19
1539489600000,0.192
1539493200000,0.195
1539496800000,0.197
1539500400000,0.192
1539504000000,0.171
1539507600000,0.191
1539511200000,0.201
1539514800000,0.2
1539518400000,0.187
1539522000000,0.168
1539525600000,0.146
1539529200000,0.129
1539532800000,0.118
1539536400000,0.115
1539540000000,0.116
1539543600000,0.116
1539547200000,0.103
1539550800000,0.098
1539554400000,0.091
1539558000000,0.066
1539561600000,0.058
1539565200000,0.055
1539568800000,0.042
1539572400000,0.023
1539576000000,0.008
1539579600000,0.001
1539583200000,0.0
1539586800000,0.0
1539590400000,0.0
1539594000000,0.0
1539597600000,0.008
1539601200000,0.031
1539604800000,0.061
1539608400000,0.093
1539612000000,0.118
1539615600000,0.12
1539619200000,0.106
1539622800000,0.089
1539626400000,0.076
1539630000000,0.071
1539633600000,0.083
1539637200000,0.093
1539640800000,0.103
1539644400000,0.08
1539648000000,0.068
1539651600000,0.065
1539655200000,0.049
1539658800000,0.031
1539662400000,0.017
1539666000000,0.005
1539669600000,0.001
1539673200000,0.0
1539676800000,0.0
1539680400000,0.0
1539684000000,0.0
1539687600000,0.001
1539691200000,0.003
1539694800000,0.004
1539698400000,0.005
1539702000000,0.004
1539705600000,0.003
1539709200000,0.003
1539712800000,0.003
1539716400000,0.003
1539720000000,0.003
1539723600000,0.003
1539727200000,0.005
1539730800000,0.006
1539734400000,0.005
1539738000000,0.005
1539741600000,0.006
1539745200000,0.006
1539748800000,0.005
1539752400000,0.005
1539756000000,0.005
1539759600000,0.009
1539763200000,0.017
1539766800000,0.037
1539770400000,0.066
1539774000000,0.092
1539777600000,0.115
1539781200000,0.133
1539784800000,0.15
1539788400000,0.162
1539792000000,0.16
1539795600000,0.164
1539799200000,0.174
1539802800000,0.188
1539806400000,0.192
1539810000000,0.191
1539813600000,0.167
1539817200000,0.125
1539820800000,0.118
1539824400000,0.119
1539828000000,0.124
1539831600000,0.125
1539835200000,0.12
1539838800000,0.118
1539842400000,0.115
1539846000000,0.118
1539849600000,0.13
1539853200000,0.195
1539856800000,0.256
1539860400000,0.279
1539864000000,0.305
1539867600000,0.337
1539871200000,0.337
1539874800000,0.302
1539878400000,0.278
1539882000000,0.27
1539885600000,0.261
1539889200000,0.262
1539892800000,0.264
1539896400000,0.256
1539900000000,0.215
1539903600000,0.182
1539907200000,0.214
1539910800000,0.221
1539914400000,0.227
1539918000000,0.233
1539921600000,0.233
1539925200000,0.236
1539928800000,0.241
1539932400000,0.251
1539936000000,0.231
1539939600000,0.241
1539943200000,0.28
1539946800000,0.289
1539950400000,0.294
1539954000000,0.294
1539957600000,0.305
1539961200000,0.293
1539964800000,0.274
1539968400000,0.298
1539972000000,0.319
1539975600000,0.341
1539979200000,0.358
1539982800000,0.362
1539986400000,0.416
1539990000000,0.475
1539993600000,0.525
1539997200000,0.619
1540000800000,0.708
1540004400000,0.711
1540008000000,0.682
1540011600000,0.642
1540015200000,0.593
1540018800000,0.508
1540022400000,0.419
1540026000000,0.372
1540029600000,0.371
1540033200000,0.367
1540036800000,0.391
1540040400000,0.361
1540044000000,0.315
1540047600000,0.315
1540051200000,0.32
1540054800000,0.296
1540058400000,0.252
1540062000000,0.231
1540065600000,0.223
1540069200000,0.282
1540072800000,0.321
1540076400000,0.302
1540080000000,0.398
1540083600000,0.51
1540087200000,0.554
1540090800000,0.568
1540094400000,0.547
1540098000000,0.481
1540101600000,0.389
1540105200000,0.286
1540108800000,0.245
1540112400000,0.227
1540116000000,0.228
1540119600000,0.224
1540123200000,0.246
1540126800000,0.282
1540130400000,0.27
1540134000000,0.285
1540137600000,0.325
1540141200000,0.343
1540144800000,0.355
1540148400000,0.373
1540152000000,0.365
1540155600000,0.362
1540159200000,0.332
1540162800000,0.294
1540166400000,0.379
1540170000000,0.41
1540173600000,0.388
1540177200000,0.381
1540180800000,0.393
1540184400000,0.408
1540188000000,0.425
1540191600000,0.41
1540195200000,0.374
1540198800000,0.358
1540202400000,0.341
1540206000000,0.328
1540209600000,0.332
1540213200000,0.358
1540216800000,0.375
1540220400000,0.376
1540224000000,0.363
1540227600000,0.336
1540231200000,0.334
1540234800000,0.36
1540238400000,0.367
1540242000000,0.362
1540245600000,0.328
1540249200000,0.283
1540252800000,0.294
1540256400000,0.281
1540260000000,0.238
1540263600000,0.212
1540267200000,0.216
1540270800000,0.243
1540274400000,0.289
1540278000000,0.343
1540281600000,0.352
1540285200000,0.395
1540288800000,0.413
1540292400000,0.404
1540296000000,0.402
1540299600000,0.401
1540303200000,0.398
1540306800000,0.378
1540310400000,0.343
1540314000000,0.329
1540317600000,0.325
1540321200000,0.318
1540324800000,0.312
1540328400000,0.311
1540332000000,0.291
1540335600000,0.253
1540339200000,0.325
1540342800000,0.349
1540346400000,0.362
1540350000000,0.344
1540353600000,0.306
1540357200000,0.257
1540360800000,0.214
1540364400000,0.188
1540368000000,0.16
1540371600000,0.192
1540375200000,0.218
1540378800000,0.235
1540382400000,0.266
1540386000000,0.296
1540389600000,0.311
1540393200000,0.294
1540396800000,0.273
1540400400000,0.263
1540404000000,0.257
1540407600000,0.243
1540411200000,0.23
1540414800000,0.241
1540418400000,0.253
1540422000000,0.249
1540425600000,0.371
1540429200000,0.442
1540432800000,0.491
1540436400000,0.501
1540440000000,0.484
1540443600000,0.454
1540447200000,0.435
1540450800000,0.425
1540454400000,0.391
1540458000000,0.407
1540461600000,0.425
1540465200000,0.43
1540468800000,0.442
1540472400000,0.426
1540476000000,0.372
1540479600000,0.368
1540483200000,0.348
1540486800000,0.341
1540490400000,0.364
1540494000000,0.348
1540497600000,0.322
1540501200000,0.355
1540504800000,0.357
1540508400000,0.311
1540512000000,0.386
1540515600000,0.41
1540519200000,0.394
1540522800000,0.362
1540526400000,0.329
1540530000000,0.329
1540533600000,0.351
1540537200000,0.355
1540540800000,0.32
1540544400000,0.345
1540548000000,0.364
1540551600000,0.346
1540555200000,0.317
1540558800000,0.289
1540562400000,0.294
1540566000000,0.268
1540569600000,0.261
1540573200000,0.272
1540576800000,0.286
1540580400000,0.305
1540584000000,0.299
1540587600000,0.278
1540591200000,0.266
1540594800000,0.27
1540598400000,0.389
1540602000000,0.425
1540605600000,0.475
1540609200000,0.527
1540612800000,0.579
1540616400000,0.619
1540620000000,0.618
1540623600000,0.571
1540627200000,0.476
1540630800000,0.424
1540634400000,0.407
1540638000000,0.413
1540641600000,0.461
1540645200000,0.516
1540648800000,0.454
1540652400000,0.333
1540656000000,0.285
1540659600000,0.274
1540663200000,0.238
1540666800000,0.238
1540670400000,0.249
1540674000000,0.221
1540677600000,0.22
1540681200000,0.255
1540684800000,0.573
1540688400000,0.796
1540692000000,0.85
1540695600000,0.853
1540699200000,0.846
1540702800000,0.825
1540706400000,0.788
1540710000000,0.732
1540713600000,0.645
1540717200000,0.536
1540720800000,0.454
1540724400000,0.399
1540728000000,0.322
1540731600000,0.27
1540735200000,0.256
1540738800000,0.291
1540742400000,0.341
1540746000000,0.367
1540749600000,0.378
1540753200000,0.372
1540756800000,0.341
1540760400000,0.288
1540764000000,0.241
1540767600000,0.176
1540771200000,0.158
1540774800000,0.215
1540778400000,0.307
1540782000000,0.413
1540785600000,0.494
1540789200000,0.519
1540792800000,0.47
1540796400000,0.386
1540800000000,0.312
1540803600000,0.329
1540807200000,0.4
1540810800000,0.484
1540814400000,0.547
1540818000000,0.609
1540821600000,0.706
1540825200000,0.757
1540828800000,0.733
1540832400000,0.741
1540836000000,0.772
1540839600000,0.792
1540843200000,0.793
1540846800000,0.802
1540850400000,0.803
1540854000000,0.824
1540857600000,0.895
1540861200000,0.902
1540864800000,0.9
1540868400000,0.9
1540872000000,0.89
1540875600000,0.871
1540879200000,0.839
1540882800000,0.777
1540886400000,0.664
1540890000000,0.574
1540893600000,0.508
1540897200000,0.398
1540900800000,0.312
1540904400000,0.231
1540908000000,0.154
1540911600000,0.108
1540915200000,0.082
1540918800000,0.068
1540922400000,0.059
1540926000000,0.057
1540929600000,0.061
1540933200000,0.059
1540936800000,0.053
1540940400000,0.083
1540944000000,0.105
1540947600000,0.086
1540951200000,0.062
1540954800000,0.061
1540958400000,0.061
1540962000000,0.053
1540965600000,0.044
1540969200000,0.03
1540972800000,0.025
1540976400000,0.018
1540980000000,0.016
1540983600000,0.027
1540987200000,0.046
1540990800000,0.064
1540994400000,0.076
1540998000000,0.092
1541001600000,0.115
1541005200000,0.132
1541008800000,0.146
1541012400000,0.16
1541016000000,0.164
1541019600000,0.16
1541023200000,0.132
1541026800000,0.097
1541030400000,0.1
1541034000000,0.086
1541037600000,0.073
1541041200000,0.067
1541044800000,0.062
1541048400000,0.061
1541052000000,0.069
1541055600000,0.093
1541059200000,0.135
1541062800000,0.192
1541066400000,0.241
1541070000000,0.262
1541073600000,0.266
1541077200000,0.267
1541080800000,0.267
1541084400000,0.261
1541088000000,0.261
1541091600000,0.261
1541095200000,0.264
1541098800000,0.278
1541102400000,0.285
1541106000000,0.297
1541109600000,0.267
1541113200000,0.295
1541116800000,0.391
1541120400000,0.393
1541124000000,0.358
1541127600000,0.312
1541131200000,0.274
1541134800000,0.25
1541138400000,0.244
1541142000000,0.26
1541145600000,0.267
1541149200000,0.28
1541152800000,0.3
1541156400000,0.323
1541160000000,0.33
1541163600000,0.32
1541167200000,0.302
1541170800000,0.287
1541174400000,0.256
1541178000000,0.24
1541181600000,0.253
1541185200000,0.255
1541188800000,0.262
1541192400000,0.274
1541196000000,0.265
1541199600000,0.249
1541203200000,0.306
1541206800000,0.391
1541210400000,0.422
1541214000000,0.442
1541217600000,0.447
1541221200000,0.434
1541224800000,0.416
1541228400000,0.396
1541232000000,0.328
1541235600000,0.298
1541239200000,0.323
1541242800000,0.362
1541246400000,0.379
1541250000000,0.382
1541253600000,0.379
1541257200000,0.367
1541260800000,0.386
1541264400000,0.397
1541268000000,0.411
1541271600000,0.464
1541275200000,0.484
1541278800000,0.492
1541282400000,0.461
1541286000000,0.449
1541289600000,0.574
1541293200000,0.635
1541296800000,0.623
1541300400000,0.615
1541304000000,0.616
1541307600000,0.615
1541311200000,0.613
1541314800000,0.601
1541318400000,0.492
1541322000000,0.387
1541325600000,0.359
1541329200000,0.355
1541332800000,0.37
1541336400000,0.413
1541340000000,0.469
1541343600000,0.505
1541347200000,0.501
1541350800000,0.502
1541354400000,0.507
1541358000000,0.487
1541361600000,0.511
1541365200000,0.49
1541368800000,0.469
1541372400000,0.53
1541376000000,0.633
1541379600000,0.747
1541383200000,0.78
1541386800000,0.783
1541390400000,0.765
1541394000000,0.748
1541397600000,0.724
1541401200000,0.651
1541404800000,0.547
1541408400000,0.449
1541412000000,0.442
1541415600000,0.427
1541419200000,0.432
1541422800000,0.438
1541426400000,0.425
1541430000000,0.415
1541433600000,0.428
1541437200000,0.448
1541440800000,0.463
1541444400000,0.499
1541448000000,0.571
1541451600000,0.586
1541455200000,0.551
1541458800000,0.525
1541462400000,0.672
1541466000000,0.733
1541469600000,0.718
1541473200000,0.678
1541476800000,0.627
1541480400000,0.562
1541484000000,0.494
1541487600000,0.415
1541491200000,0.348
1541494800000,0.311
1541498400000,0.294
1541502000000,0.313
1541505600000,0.323
1541509200000,0.332
1541512800000,0.358
1541516400000,0.378
1541520000000,0.402
1541523600000,0.423
1541527200000,0.432
1541530800000,0.425
1541534400000,0.429
1541538000000,0.422
1541541600000,0.413
1541545200000,0.424
1541548800000,0.616
1541552400000,0.726
1541556000000,0.749
1541559600000,0.746
1541563200000,0.737
1541566800000,0.729
1541570400000,0.722
1541574000000,0.706
1541577600000,0.613
1541581200000,0.53
1541584800000,0.522
1541588400000,0.514
1541592000000,0.482
1541595600000,0.435
1541599200000,0.479
1541602800000,0.528
1541606400000,0.566
1541610000000,0.576
1541613600000,0.571
1541617200000,0.541
1541620800000,0.535
1541624400000,0.593
1541628000000,0.599
1541631600000,0.578
1541635200000,0.7
1541638800000,0.739
1541642400000,0.736
1541646000000,0.733
1541649600000,0.734
1541653200000,0.737
1541656800000,0.738
1541660400000,0.715
1541664000000,0.592
1541667600000,0.484
1541671200000,0.411
1541674800000,0.391
1541678400000,0.367
1541682000000,0.362
1541685600000,0.332
1541689200000,0.311
1541692800000,0.316
1541696400000,0.32
1541700000000,0.325
1541703600000,0.332
1541707200000,0.395
1541710800000,0.429
1541714400000,0.443
1541718000000,0.552
1541721600000,0.71
1541725200000,0.793
1541728800000,0.8
1541732400000,0.795
1541736000000,0.777
1541739600000,0.757
1541743200000,0.75
1541746800000,0.736
1541750400000,0.672
1541754000000,0.637
1541757600000,0.615
1541761200000,0.618
1541764800000,0.588
1541768400000,0.59
1541772000000,0.61
1541775600000,0.626
1541779200000,0.624
1541782800000,0.714
1541786400000,0.71
1541790000000,0.71
1541793600000,0.692
1541797200000,0.723
1541800800000,0.676
1541804400000,0.695
1541808000000,0.837
1541811600000,0.886
1541815200000,0.898
1541818800000,0.895
1541822400000,0.882
1541826000000,0.858
1541829600000,0.831
1541833200000,0.773
1541836800000,0.63
1541840400000,0.574
1541844000000,0.563
1541847600000,0.507
1541851200000,0.526
1541854800000,0.537
1541858400000,0.544
1541862000000,0.561
1541865600000,0.532
1541869200000,0.55
1541872800000,0.566
1541876400000,0.552
1541880000000,0.504
1541883600000,0.504
1541887200000,0.467
1541890800000,0.502
1541894400000,0.668
1541898000000,0.742
1541901600000,0.744
1541905200000,0.727
1541908800000,0.709
1541912400000,0.704
1541916000000,0.708
1541919600000,0.695
1541923200000,0.586
1541926800000,0.531
1541930400000,0.513
1541934000000,0.504
1541937600000,0.488
1541941200000,0.525
1541944800000,0.528
1541948400000,0.51
1541952000000,0.479
1541955600000,0.451
1541959200000,0.422
1541962800000,0.404
1541966400000,0.4
1541970000000,0.388
1541973600000,0.349
1541977200000,0.323
1541980800000,0.449
1541984400000,0.515
1541988000000,0.518
1541991600000,0.473
1541995200000,0.41
1541998800000,0.354
1542002400000,0.315
1542006000000,0.297
1542009600000,0.255
1542013200000,0.245
1542016800000,0.251
1542020400000,0.25
1542024000000,0.249
1542027600000,0.235
1542031200000,0.223
1542034800000,0.22
1542038400000,0.21
1542042000000,0.206
1542045600000,0.207
1542049200000,0.217
1542052800000,0.236
1542056400000,0.264
1542060000000,0.272
1542063600000,0.257
1542067200000,0.341
1542070800000,0.368
1542074400000,0.38
1542078000000,0.377
1542081600000,0.378
1542085200000,0.391
1542088800000,0.407
1542092400000,0.416
1542096000000,0.389
1542099600000,0.379
1542103200000,0.362
1542106800000,0.381
1542110400000,0.379
1542114000000,0.376
1542117600000,0.368
1542121200000,0.376
1542124800000,0.391
1542128400000,0.388
1542132000000,0.396
1542135600000,0.395
1542139200000,0.409
1542142800000,0.457
1542146400000,0.484
1542150000000,0.495
1542153600000,0.583
1542157200000,0.707
1542160800000,0.744
1542164400000,0.73
1542168000000,0.7
1542171600000,0.666
1542175200000,0.625
1542178800000,0.543
1542182400000,0.444
1542186000000,0.422
1542189600000,0.461
1542193200000,0.479
1542196800000,0.488
1542200400000,0.465
1542204000000,0.454
1542207600000,0.461
1542211200000,0.428
1542214800000,0.405
1542218400000,0.436
1542222000000,0.434
1542225600000,0.466
1542229200000,0.505
1542232800000,0.485
1542236400000,0.484
1542240000000,0.63
1542243600000,0.663
1542247200000,0.647
1542250800000,0.62
1542254400000,0.591
1542258000000,0.565
1542261600000,0.54
1542265200000,0.513
1542268800000,0.416
1542272400000,0.35
1542276000000,0.331
1542279600000,0.337
1542283200000,0.346
1542286800000,0.374
1542290400000,0.382
1542294000000,0.379
1542297600000,0.348
1542301200000,0.311
1542304800000,0.275
1542308400000,0.223
1542312000000,0.205
1542315600000,0.211
1542319200000,0.22
1542322800000,0.224
1542326400000,0.28
1542330000000,0.364
1542333600000,0.368
1542337200000,0.36
1542340800000,0.346
1542344400000,0.339
1542348000000,0.337
1542351600000,0.332
1542355200000,0.294
1542358800000,0.291
1542362400000,0.322
1542366000000,0.34
1542369600000,0.357
1542373200000,0.358
1542376800000,0.358
1542380400000,0.352
1542384000000,0.346
1542387600000,0.345
1542391200000,0.332
1542394800000,0.3
1542398400000,0.278
1542402000000,0.267
1542405600000,0.243
1542409200000,0.206
1542412800000,0.305
1542416400000,0.342
1542420000000,0.342
1542423600000,0.341
1542427200000,0.342
1542430800000,0.359
1542434400000,0.386
1542438000000,0.398
1542441600000,0.326
1542445200000,0.279
1542448800000,0.293
1542452400000,0.297
1542456000000,0.304
1542459600000,0.299
1542463200000,0.295
1542466800000,0.264
1542470400000,0.25
1542474000000,0.241
1542477600000,0.254
1542481200000,0.32
1542484800000,0.399
1542488400000,0.446
1542492000000,0.429
1542495600000,0.41
1542499200000,0.568
1542502800000,0.65
1542506400000,0.658
1542510000000,0.655
1542513600000,0.627
1542517200000,0.595
1542520800000,0.563
1542524400000,0.532
1542528000000,0.473
1542531600000,0.447
1542535200000,0.456
1542538800000,0.459
1542542400000,0.436
1542546000000,0.413
1542549600000,0.422
1542553200000,0.43
1542556800000,0.407
1542560400000,0.388
1542564000000,0.368
1542567600000,0.39
1542571200000,0.416
1542574800000,0.41
1542578400000,0.4
1542582000000,0.383
1542585600000,0.519
1542589200000,0.642
1542592800000,0.701
1542596400000,0.709
1542600000000,0.688
1542603600000,0.657
1542607200000,0.606
1542610800000,0.519
1542614400000,0.453
1542618000000,0.451
1542621600000,0.457
1542625200000,0.472
1542628800000,0.54
1542632400000,0.566
1542636000000,0.56
1542639600000,0.547
1542643200000,0.574
1542646800000,0.522
1542650400000,0.53
1542654000000,0.572
1542657600000,0.579
1542661200000,0.576
1542664800000,0.575
1542668400000,0.583
1542672000000,0.712
1542675600000,0.782
1542679200000,0.833
1542682800000,0.845
1542686400000,0.843
1542690000000,0.853
1542693600000,0.873
1542697200000,0.876
1542700800000,0.862
1542704400000,0.848
1542708000000,0.841
1542711600000,0.864
1542715200000,0.921
1542718800000,0.935
1542722400000,0.938
1542726000000,0.932
1542729600000,0.913
1542733200000,0.9
1542736800000,0.875
1542740400000,0.84
1542744000000,0.818
1542747600000,0.789
1542751200000,0.787
1542754800000,0.791
1542758400000,0.847
1542762000000,0.917
1542765600000,0.927
1542769200000,0.922
1542772800000,0.943
1542776400000,0.934
1542780000000,0.888
1542783600000,0.835
1542787200000,0.799
1542790800000,0.772
1542794400000,0.695
1542798000000,0.63
1542801600000,0.585
1542805200000,0.546
1542808800000,0.522
1542812400000,0.495
1542816000000,0.473
1542819600000,0.46
1542823200000,0.409
1542826800000,0.343
1542830400000,0.274
1542834000000,0.217
1542837600000,0.147
1542841200000,0.103
1542844800000,0.127
1542848400000,0.113
1542852000000,0.114
1542855600000,0.1
1542859200000,0.101
1542862800000,0.135
1542866400000,0.179
1542870000000,0.247
1542873600000,0.309
1542877200000,0.341
1542880800000,0.376
1542884400000,0.384
1542888000000,0.38
1542891600000,0.358
1542895200000,0.328
1542898800000,0.337
1542902400000,0.388
1542906000000,0.425
1542909600000,0.435
1542913200000,0.413
1542916800000,0.376
1542920400000,0.342
1542924000000,0.289
1542927600000,0.219
1542931200000,0.238
1542934800000,0.264
1542938400000,0.221
1542942000000,0.171
1542945600000,0.144
1542949200000,0.134
1542952800000,0.122
1542956400000,0.12
1542960000000,0.132
1542963600000,0.188
1542967200000,0.227
1542970800000,0.225
1542974400000,0.199
1542978000000,0.147
1542981600000,0.102
1542985200000,0.084
1542988800000,0.082
1542992400000,0.084
1542996000000,0.083
1542999600000,0.078
1543003200000,0.077
1543006800000,0.097
1543010400000,0.131
1543014000000,0.151
1543017600000,0.222
1543021200000,0.285
1543024800000,0.315
1543028400000,0.307
1543032000000,0.28
1543035600000,0.251
1543039200000,0.226
1543042800000,0.221
1543046400000,0.214
1543050000000,0.248
1543053600000,0.281
1543057200000,0.294
1543060800000,0.293
1543064400000,0.276
1543068000000,0.27
1543071600000,0.255
1543075200000,0.24
1543078800000,0.228
1543082400000,0.234
1543086000000,0.236
1543089600000,0.249
1543093200000,0.32
1543096800000,0.364
1543100400000,0.387
1543104000000,0.579
1543107600000,0.685
1543111200000,0.728
1543114800000,0.737
1543118400000,0.726
1543122000000,0.724
1543125600000,0.707
1543129200000,0.63
1543132800000,0.519
1543136400000,0.444
1543140000000,0.391
1543143600000,0.388
1543147200000,0.396
1543150800000,0.411
1543154400000,0.403
1543158000000,0.39
1543161600000,0.376
1543165200000,0.366
1543168800000,0.349
1543172400000,0.345
1543176000000,0.344
1543179600000,0.362
1543183200000,0.338
1543186800000,0.27
1543190400000,0.346
1543194000000,0.362
1543197600000,0.383
1543201200000,0.387
1543204800000,0.367
1543208400000,0.359
1543212000000,0.351
1543215600000,0.337
1543219200000,0.284
1543222800000,0.3
1543226400000,0.333
1543230000000,0.352
1543233600000,0.367
1543237200000,0.379
1543240800000,0.379
1543244400000,0.364
1543248000000,0.345
1543251600000,0.334
1543255200000,0.332
1543258800000,0.332
1543262400000,0.317
1543266000000,0.317
1543269600000,0.323
1543273200000,0.309
1543276800000,0.438
1543280400000,0.485
1543284000000,0.503
1543287600000,0.494
1543291200000,0.464
1543294800000,0.434
1543298400000,0.416
1543302000000,0.401
1543305600000,0.332
1543309200000,0.307
1543312800000,0.306
1543316400000,0.31
1543320000000,0.264
1543323600000,0.261
1543327200000,0.233
1543330800000,0.205
1543334400000,0.2
1543338000000,0.2
1543341600000,0.197
1543345200000,0.193
1543348800000,0.189
1543352400000,0.189
1543356000000,0.186
1543359600000,0.181
1543363200000,0.261
1543366800000,0.294
1543370400000,0.298
1543374000000,0.297
1543377600000,0.293
1543381200000,0.291
1543384800000,0.295
1543388400000,0.301
1543392000000,0.274
1543395600000,0.259
1543399200000,0.27
1543402800000,0.28
1543406400000,0.297
1543410000000,0.302
1543413600000,0.313
1543417200000,0.321
1543420800000,0.338
1543424400000,0.316
1543428000000,0.305
1543431600000,0.334
1543435200000,0.386
1543438800000,0.402
1543442400000,0.401
1543446000000,0.405
1543449600000,0.526
1543453200000,0.538
1543456800000,0.501
1543460400000,0.476
1543464000000,0.468
1543467600000,0.472
1543471200000,0.473
1543474800000,0.466
1543478400000,0.411
1543482000000,0.356
1543485600000,0.344
1543489200000,0.357
1543492800000,0.374
1543496400000,0.393
1543500000000,0.41
1543503600000,0.412
1543507200000,0.419
1543510800000,0.435
1543514400000,0.425
1543518000000,0.449
1543521600000,0.434
1543525200000,0.48
1543528800000,0.498
1543532400000,0.547
1543536000000,0.737
1543539600000,0.828
1543543200000,0.845
1543546800000,0.855
1543550400000,0.851
1543554000000,0.847
1543557600000,0.849
1543561200000,0.813
1543564800000,0.714
1543568400000,0.601
1543572000000,0.561
1543575600000,0.573
1543579200000,0.585
1543582800000,0.6
1543586400000,0.611
1543590000000,0.623
1543593600000,0.606
1543597200000,0.583
1543600800000,0.512
1543604400000,0.552
1543608000000,0.568
1543611600000,0.511
1543615200000,0.526
1543618800000,0.56
1543622400000,0.748
1543626000000,0.803
1543629600000,0.822
1543633200000,0.827
1543636800000,0.82
1543640400000,0.813
1543644000000,0.805
1543647600000,0.732
1543651200000,0.604
1543654800000,0.528
1543658400000,0.54
1543662000000,0.544
1543665600000,0.529
1543669200000,0.505
1543672800000,0.487
1543676400000,0.484
1543680000000,0.53
1543683600000,0.506
1543687200000,0.58
1543690800000,0.615
1543694400000,0.622
1543698000000,0.661
1543701600000,0.698
1543705200000,0.666
1543708800000,0.674
1543712400000,0.777
1543716000000,0.78
1543719600000,0.75
1543723200000,0.703
1543726800000,0.663
1543730400000,0.627
1543734000000,0.579
1543737600000,0.523
1543741200000,0.521
1543744800000,0.544
1543748400000,0.542
1543752000000,0.519
1543755600000,0.5
1543759200000,0.504
1543762800000,0.488
1543766400000,0.479
1543770000000,0.449
1543773600000,0.362
1543777200000,0.348
1543780800000,0.343
1543784400000,0.336
1543788000000,0.362
1543791600000,0.419
1543795200000,0.645
1543798800000,0.737
1543802400000,0.748
1543806000000,0.724
1543809600000,0.682
1543813200000,0.633
1543816800000,0.617
1543820400000,0.627
1543824000000,0.479
1543827600000,0.285
1543831200000,0.203
1543834800000,0.186
1543838400000,0.168
1543842000000,0.141
1543845600000,0.089
1543849200000,0.045
1543852800000,0.037
1543856400000,0.069
1543860000000,0.139
1543863600000,0.208
1543867200000,0.269
1543870800000,0.297
1543874400000,0.282
1543878000000,0.27
1543881600000,0.334
1543885200000,0.329
1543888800000,0.325
1543892400000,0.358
1543896000000,0.411
1543899600000,0.471
1543903200000,0.502
1543906800000,0.495
1543910400000,0.403
1543914000000,0.36
1543917600000,0.351
1543921200000,0.313
1543924800000,0.334
1543928400000,0.355
1543932000000,0.385
1543935600000,0.41
1543939200000,0.444
1543942800000,0.44
1543946400000,0.466
1543950000000,0.472
1543953600000,0.484
1543957200000,0.495
1543960800000,0.512
1543964400000,0.447
1543968000000,0.573
1543971600000,0.687
1543975200000,0.719
1543978800000,0.688
1543982400000,0.657
1543986000000,0.644
1543989600000,0.644
1543993200000,0.603
1543996800000,0.484
1544000400000,0.474
1544004000000,0.501
1544007600000,0.519
1544011200000,0.547
1544014800000,0.563
1544018400000,0.582
1544022000000,0.566
1544025600000,0.522
1544029200000,0.512
1544032800000,0.473
1544036400000,0.519
1544040000000,0.527
1544043600000,0.575
1544047200000,0.574
1544050800000,0.522
1544054400000,0.674
1544058000000,0.775
1544061600000,0.803
1544065200000,0.812
1544068800000,0.8
1544072400000,0.781
1544076000000,0.757
1544079600000,0.718
1544083200000,0.583
1544086800000,0.491
1544090400000,0.51
1544094000000,0.561
1544097600000,0.594
1544101200000,0.627
1544104800000,0.657
1544108400000,0.637
1544112000000,0.568
1544115600000,0.56
1544119200000,0.558
1544122800000,0.557
1544126400000,0.573
1544130000000,0.593
1544133600000,0.595
1544137200000,0.574
1544140800000,0.667
1544144400000,0.802
1544148000000,0.846
1544151600000,0.862
1544155200000,0.857
1544158800000,0.848
1544162400000,0.84
1544166000000,0.798
1544169600000,0.702
1544173200000,0.604
1544176800000,0.585
1544180400000,0.65
1544184000000,0.644
1544187600000,0.668
1544191200000,0.685
1544194800000,0.666
1544198400000,0.619
1544202000000,0.62
1544205600000,0.61
1544209200000,0.599
1544212800000,0.586
1544216400000,0.59
1544220000000,0.575
1544223600000,0.561
1544227200000,0.697
1544230800000,0.772
1544234400000,0.789
1544238000000,0.77
1544241600000,0.734
1544245200000,0.697
1544248800000,0.649
1544252400000,0.595
1544256000000,0.466
1544259600000,0.396
1544263200000,0.361
1544266800000,0.36
1544270400000,0.39
1544274000000,0.46
1544277600000,0.515
1544281200000,0.523
1544284800000,0.513
1544288400000,0.49
1544292000000,0.471
1544295600000,0.459
1544299200000,0.432
1544302800000,0.447
1544306400000,0.471
1544310000000,0.468
1544313600000,0.661
1544317200000,0.718
1544320800000,0.715
1544324400000,0.705
1544328000000,0.684
1544331600000,0.668
1544335200000,0.656
1544338800000,0.618
1544342400000,0.501
1544346000000,0.416
1544349600000,0.412
1544353200000,0.4
1544356800000,0.364
1544360400000,0.4
1544364000000,0.422
1544367600000,0.422
1544371200000,0.406
1544374800000,0.387
1544378400000,0.334
1544382000000,0.332
1544385600000,0.358
1544389200000,0.388
1544392800000,0.378
1544396400000,0.341
1544400000000,0.376
1544403600000,0.513
1544407200000,0.554
1544410800000,0.564
1544414400000,0.564
1544418000000,0.563
1544421600000,0.556
1544425200000,0.529
1544428800000,0.434
1544432400000,0.374
1544436000000,0.352
1544439600000,0.353
1544443200000,0.352
1544446800000,0.347
1544450400000,0.349
1544454000000,0.334
1544457600000,0.306
1544461200000,0.311
1544464800000,0.325
1544468400000,0.331
1544472000000,0.349
1544475600000,0.341
1544479200000,0.319
1544482800000,0.329
1544486400000,0.535
1544490000000,0.61
1544493600000,0.627
1544497200000,0.61
1544500800000,0.571
1544504400000,0.528
1544508000000,0.492
1544511600000,0.459
1544515200000,0.404
1544518800000,0.423
1544522400000,0.469
1544526000000,0.508
1544529600000,0.541
1544533200000,0.544
1544536800000,0.508
1544540400000,0.444
1544544000000,0.386
1544547600000,0.362
1544551200000,0.349
1544554800000,0.364
1544558400000,0.369
1544562000000,0.4
1544565600000,0.424
1544569200000,0.414
1544572800000,0.626
1544576400000,0.723
1544580000000,0.763
1544583600000,0.782
1544587200000,0.785
1544590800000,0.782
1544594400000,0.786
1544598000000,0.779
1544601600000,0.71
1544605200000,0.642
1544608800000,0.538
1544612400000,0.502
1544616000000,0.486
1544619600000,0.451
1544623200000,0.436
1544626800000,0.543
1544630400000,0.559
1544634000000,0.564
1544637600000,0.583
1544641200000,0.56
1544644800000,0.574
1544648400000,0.552
1544652000000,0.645
1544655600000,0.644
1544659200000,0.736
1544662800000,0.831
1544666400000,0.839
1544670000000,0.817
1544673600000,0.793
1544677200000,0.745
1544680800000,0.682
1544684400000,0.625
1544688000000,0.53
1544691600000,0.502
1544695200000,0.519
1544698800000,0.54
1544702400000,0.568
1544706000000,0.649
1544709600000,0.679
1544713200000,0.616
1544716800000,0.538
1544720400000,0.525
1544724000000,0.519
1544727600000,0.513
1544731200000,0.513
1544734800000,0.525
1544738400000,0.521
1544742000000,0.513
1544745600000,0.659
1544749200000,0.75
1544752800000,0.827
1544756400000,0.866
1544760000000,0.879
1544763600000,0.893
1544767200000,0.899
1544770800000,0.873
1544774400000,0.808
1544778000000,0.777
1544781600000,0.777
1544785200000,0.778
1544788800000,0.773
1544792400000,0.787
1544796000000,0.782
1544799600000,0.762
1544803200000,0.774
1544806800000,0.788
1544810400000,0.791
1544814000000,0.788
1544817600000,0.772
1544821200000,0.787
1544824800000,0.813
1544828400000,0.822
1544832000000,0.86
1544835600000,0.921
1544839200000,0.941
1544842800000,0.945
1544846400000,0.943
1544850000000,0.935
1544853600000,0.91
1544857200000,0.862
1544860800000,0.831
1544864400000,0.831
1544868000000,0.821
1544871600000,0.8
1544875200000,0.777
1544878800000,0.72
1544882400000,0.675
1544886000000,0.58
1544889600000,0.364
1544893200000,0.243
1544896800000,0.185
1544900400000,0.201
1544904000000,0.375
1544907600000,0.434
1544911200000,0.376
1544914800000,0.37
1544918400000,0.467
1544922000000,0.59
1544925600000,0.714
1544929200000,0.816
1544932800000,0.886
1544936400000,0.855
1544940000000,0.808
1544943600000,0.72
1544947200000,0.604
1544950800000,0.528
1544954400000,0.527
1544958000000,0.592
1544961600000,0.638
1544965200000,0.711
1544968800000,0.73
1544972400000,0.707
1544976000000,0.631
1544979600000,0.603
1544983200000,0.526
1544986800000,0.442
1544990400000,0.42
1544994000000,0.431
1544997600000,0.437
1545001200000,0.479
1545004800000,0.666
1545008400000,0.813
1545012000000,0.797
1545015600000,0.78
1545019200000,0.741
1545022800000,0.675
1545026400000,0.65
1545030000000,0.605
1545033600000,0.522
1545037200000,0.507
1545040800000,0.43
1545044400000,0.458
1545048000000,0.486
1545051600000,0.488
1545055200000,0.447
1545058800000,0.429
1545062400000,0.481
1545066000000,0.475
1545069600000,0.484
1545073200000,0.479
1545076800000,0.486
1545080400000,0.47
1545084000000,0.432
1545087600000,0.523
1545091200000,0.699
1545094800000,0.854
1545098400000,0.893
1545102000000,0.886
1545105600000,0.859
1545109200000,0.825
1545112800000,0.795
1545116400000,0.733
1545120000000,0.648
1545123600000,0.601
1545127200000,0.582
1545130800000,0.599
1545134400000,0.635
1545138000000,0.71
1545141600000,0.748
1545145200000,0.73
1545148800000,0.737
1545152400000,0.737
1545156000000,0.678
1545159600000,0.668
1545163200000,0.642
1545166800000,0.675
1545170400000,0.67
1545174000000,0.633
1545177600000,0.786
1545181200000,0.884
1545184800000,0.905
1545188400000,0.899
1545192000000,0.878
1545195600000,0.849
1545199200000,0.799
1545202800000,0.725
1545206400000,0.643
1545210000000,0.596
1545213600000,0.586
1545217200000,0.497
1545220800000,0.432
1545224400000,0.434
1545228000000,0.494
1545231600000,0.44
1545235200000,0.395
1545238800000,0.42
1545242400000,0.457
1545246000000,0.477
1545249600000,0.484
1545253200000,0.488
1545256800000,0.494
1545260400000,0.503
1545264000000,0.613
1545267600000,0.649
1545271200000,0.656
1545274800000,0.686
1545278400000,0.67
1545282000000,0.63
1545285600000,0.59
1545289200000,0.557
1545292800000,0.596
1545296400000,0.61
1545300000000,0.544
1545303600000,0.47
1545307200000,0.405
1545310800000,0.341
1545314400000,0.32
1545318000000,0.31
1545321600000,0.257
1545325200000,0.248
1545328800000,0.278
1545332400000,0.3
1545336000000,0.29
1545339600000,0.282
1545343200000,0.311
1545346800000,0.301
1545350400000,0.314
1545354000000,0.401
1545357600000,0.45
1545361200000,0.448
1545364800000,0.432
1545368400000,0.414
1545372000000,0.38
1545375600000,0.338
1545379200000,0.272
1545382800000,0.249
1545386400000,0.231
1545390000000,0.252
1545393600000,0.299
1545397200000,0.346
1545400800000,0.355
1545404400000,0.31
1545408000000,0.245
1545411600000,0.205
1545415200000,0.189
1545418800000,0.192
1545422400000,0.192
1545426000000,0.21
1545429600000,0.259
1545433200000,0.253
1545436800000,0.369
1545440400000,0.561
1545444000000,0.618
1545447600000,0.627
1545451200000,0.622
1545454800000,0.586
1545458400000,0.516
1545462000000,0.466
1545465600000,0.415
1545469200000,0.375
1545472800000,0.367
1545476400000,0.401
1545480000000,0.413
1545483600000,0.422
1545487200000,0.398
1545490800000,0.432
1545494400000,0.429
1545498000000,0.401
1545501600000,0.391
1545505200000,0.28
1545508800000,0.233
1545512400000,0.271
1545516000000,0.291
1545519600000,0.273
1545523200000,0.253
1545526800000,0.267
1545530400000,0.388
1545534000000,0.459
1545537600000,0.489
1545541200000,0.512
1545544800000,0.528
1545548400000,0.519
1545552000000,0.464
1545555600000,0.525
1545559200000,0.522
1545562800000,0.474
1545566400000,0.463
1545570000000,0.495
1545573600000,0.488
1545577200000,0.522
1545580800000,0.457
1545584400000,0.454
1545588000000,0.518
1545591600000,0.526
1545595200000,0.521
1545598800000,0.481
1545602400000,0.445
1545606000000,0.421
1545609600000,0.519
1545613200000,0.571
1545616800000,0.484
1545620400000,0.399
1545624000000,0.338
1545627600000,0.311
1545631200000,0.308
1545634800000,0.282
1545638400000,0.23
1545642000000,0.214
1545645600000,0.203
1545649200000,0.183
1545652800000,0.167
1545656400000,0.151
1545660000000,0.148
1545663600000,0.144
1545667200000,0.139
1545670800000,0.129
1545674400000,0.118
1545678000000,0.113
1545681600000,0.108
1545685200000,0.104
1545688800000,0.101
1545692400000,0.093
1545696000000,0.113
1545699600000,0.14
1545703200000,0.203
1545706800000,0.25
1545710400000,0.262
1545714000000,0.278
1545717600000,0.286
1545721200000,0.284
1545724800000,0.229
1545728400000,0.227
1545732000000,0.249
1545735600000,0.249
1545739200000,0.231
1545742800000,0.215
1545746400000,0.205
1545750000000,0.187
1545753600000,0.158
1545757200000,0.148
1545760800000,0.151
1545764400000,0.148
1545768000000,0.155
1545771600000,0.167
1545775200000,0.193
1545778800000,0.201
1545782400000,0.337
1545786000000,0.364
1545789600000,0.337
1545793200000,0.314
1545796800000,0.301
1545800400000,0.28
1545804000000,0.237
1545807600000,0.189
1545811200000,0.177
1545814800000,0.191
1545818400000,0.214
1545822000000,0.224
1545825600000,0.249
1545829200000,0.286
1545832800000,0.317
1545836400000,0.309
1545840000000,0.287
1545843600000,0.289
1545847200000,0.297
1545850800000,0.298
1545854400000,0.298
1545858000000,0.271
1545861600000,0.228
1545865200000,0.188
1545868800000,0.265
1545872400000,0.383
1545876000000,0.438
1545879600000,0.465
1545883200000,0.438
1545886800000,0.377
1545890400000,0.314
1545894000000,0.287
1545897600000,0.27
1545901200000,0.275
1545904800000,0.284
1545908400000,0.321
1545912000000,0.368
1545915600000,0.391
1545919200000,0.422
1545922800000,0.459
1545926400000,0.464
1545930000000,0.459
1545933600000,0.583
1545937200000,0.61
1545940800000,0.625
1545944400000,0.648
1545948000000,0.622
1545951600000,0.621
1545955200000,0.678
1545958800000,0.774
1545962400000,0.835
1545966000000,0.855
1545969600000,0.86
1545973200000,0.833
1545976800000,0.812
1545980400000,0.82
1545984000000,0.835
1545987600000,0.866
1545991200000,0.918
1545994800000,0.952
1545998400000,0.975
1546002000000,0.987
1546005600000,0.991
1546009200000,0.991
1546012800000,0.99
1546016400000,0.989
1546020000000,0.988
1546023600000,0.986
1546027200000,0.986
1546030800000,0.985
1546034400000,0.98
1546038000000,0.984
1546041600000,0.991
1546045200000,0.991
1546048800000,0.991
1546052400000,0.989
1546056000000,0.988
1546059600000,0.985
1546063200000,0.975
1546066800000,0.955
1546070400000,0.918
1546074000000,0.902
1546077600000,0.887
1546081200000,0.827
1546084800000,0.739
1546088400000,0.689
1546092000000,0.667
1546095600000,0.621
1546099200000,0.611
1546102800000,0.642
1546106400000,0.624
1546110000000,0.59
1546113600000,0.525
1546117200000,0.484
1546120800000,0.588
1546124400000,0.538
1546128000000,0.687
1546131600000,0.832
1546135200000,0.878
1546138800000,0.882
1546142400000,0.868
1546146000000,0.826
1546149600000,0.739
1546153200000,0.628
1546156800000,0.56
1546160400000,0.474
1546164000000,0.417
1546167600000,0.359
1546171200000,0.341
1546174800000,0.329
1546178400000,0.325
1546182000000,0.388
1546185600000,0.426
1546189200000,0.405
1546192800000,0.46
1546196400000,0.526
1546200000000,0.604
1546203600000,0.675
1546207200000,0.513
1546210800000,0.303
1546214400000,0.145
1546218000000,0.063
1546221600000,0.035
1546225200000,0.05
1546228800000,0.073
1546232400000,0.063
1546236000000,0.044
1546239600000,0.063
1546243200000,0.156
1546246800000,0.251
1546250400000,0.308
1546254000000,0.369
1546257600000,0.413
1546261200000,0.488
1546264800000,0.468
1546268400000,0.462
1546272000000,0.515
1546275600000,0.549
1546279200000,0.633
1546282800000,0.59
1546286400000,0.556
1546290000000,0.58
1546293600000,0.589
1546297200000,0.574
