,L6
1514764800000,0.827
1514768400000,0.895
1514772000000,0.897
1514775600000,0.9
1514779200000,0.911
1514782800000,0.919
1514786400000,0.918
1514790000000,0.909
1514793600000,0.884
1514797200000,0.845
1514800800000,0.831
1514804400000,0.833
1514808000000,0.822
1514811600000,0.806
1514815200000,0.782
1514818800000,0.8
1514822400000,0.827
1514826000000,0.824
1514829600000,0.822
1514833200000,0.841
1514836800000,0.84
1514840400000,0.82
1514844000000,0.823
1514847600000,0.792
1514851200000,0.847
1514854800000,0.889
1514858400000,0.886
1514862000000,0.893
1514865600000,0.905
1514869200000,0.913
1514872800000,0.916
1514876400000,0.917
1514880000000,0.903
1514883600000,0.869
1514887200000,0.837
1514890800000,0.808
1514894400000,0.815
1514898000000,0.818
1514901600000,0.793
1514905200000,0.79
1514908800000,0.8
1514912400000,0.795
1514916000000,0.778
1514919600000,0.763
1514923200000,0.779
1514926800000,0.785
1514930400000,0.784
1514934000000,0.768
1514937600000,0.835
1514941200000,0.838
1514944800000,0.804
1514948400000,0.788
1514952000000,0.786
1514955600000,0.788
1514959200000,0.8
1514962800000,0.805
1514966400000,0.795
1514970000000,0.765
1514973600000,0.733
1514977200000,0.708
1514980800000,0.677
1514984400000,0.63
1514988000000,0.538
1514991600000,0.539
1514995200000,0.569
1514998800000,0.586
1515002400000,0.593
1515006000000,0.606
1515009600000,0.626
1515013200000,0.587
1515016800000,0.544
1515020400000,0.503
1515024000000,0.63
1515027600000,0.624
1515031200000,0.538
1515034800000,0.468
1515038400000,0.421
1515042000000,0.379
1515045600000,0.363
1515049200000,0.378
1515052800000,0.41
1515056400000,0.413
1515060000000,0.387
1515063600000,0.363
1515067200000,0.314
1515070800000,0.248
1515074400000,0.199
1515078000000,0.182
1515081600000,0.183
1515085200000,0.18
1515088800000,0.171
1515092400000,0.156
1515096000000,0.152
1515099600000,0.145
1515103200000,0.144
1515106800000,0.099
1515110400000,0.081
1515114000000,0.028
1515117600000,0.003
1515121200000,0.002
1515124800000,0.003
1515128400000,0.007
1515132000000,0.018
1515135600000,0.043
1515139200000,0.063
1515142800000,0.082
1515146400000,0.092
1515150000000,0.101
1515153600000,0.118
1515157200000,0.14
1515160800000,0.161
1515164400000,0.195
1515168000000,0.223
1515171600000,0.241
1515175200000,0.251
1515178800000,0.265
1515182400000,0.278
1515186000000,0.278
1515189600000,0.285
1515193200000,0.254
1515196800000,0.3
1515200400000,0.311
1515204000000,0.246
1515207600000,0.193
1515211200000,0.167
1515214800000,0.154
1515218400000,0.167
1515222000000,0.211
1515225600000,0.253
1515229200000,0.302
1515232800000,0.312
1515236400000,0.328
1515240000000,0.32
1515243600000,0.291
1515247200000,0.253
1515250800000,0.235
1515254400000,0.211
1515258000000,0.177
1515261600000,0.152
1515265200000,0.133
1515268800000,0.125
1515272400000,0.117
1515276000000,0.104
1515279600000,0.067
1515283200000,0.049
1515286800000,0.022
1515290400000,0.004
1515294000000,0.0
1515297600000,0.001
1515301200000,0.001
1515304800000,0.002
1515308400000,0.002
1515312000000,0.002
1515315600000,0.005
1515319200000,0.011
1515322800000,0.017
1515326400000,0.028
1515330000000,0.043
1515333600000,0.059
1515337200000,0.084
1515340800000,0.088
1515344400000,0.066
1515348000000,0.043
1515351600000,0.031
1515355200000,0.032
1515358800000,0.042
1515362400000,0.053
1515366000000,0.029
1515369600000,0.025
1515373200000,0.02
1515376800000,0.014
1515380400000,0.013
1515384000000,0.011
1515387600000,0.008
1515391200000,0.004
1515394800000,0.001
1515398400000,0.001
1515402000000,0.003
1515405600000,0.002
1515409200000,0.0
1515412800000,0.0
1515416400000,0.001
1515420000000,0.003
1515423600000,0.009
1515427200000,0.021
1515430800000,0.047
1515434400000,0.097
1515438000000,0.178
1515441600000,0.272
1515445200000,0.365
1515448800000,0.441
1515452400000,0.501
1515456000000,0.552
1515459600000,0.532
1515463200000,0.484
1515466800000,0.472
1515470400000,0.519
1515474000000,0.597
1515477600000,0.676
1515481200000,0.726
1515484800000,0.727
1515488400000,0.711
1515492000000,0.727
1515495600000,0.741
1515499200000,0.733
1515502800000,0.695
1515506400000,0.649
1515510000000,0.62
1515513600000,0.625
1515517200000,0.664
1515520800000,0.677
1515524400000,0.714
1515528000000,0.732
1515531600000,0.745
1515535200000,0.743
1515538800000,0.747
1515542400000,0.776
1515546000000,0.799
1515549600000,0.8
1515553200000,0.802
1515556800000,0.821
1515560400000,0.845
1515564000000,0.872
1515567600000,0.886
1515571200000,0.877
1515574800000,0.839
1515578400000,0.832
1515582000000,0.823
1515585600000,0.808
1515589200000,0.794
1515592800000,0.781
1515596400000,0.795
1515600000000,0.817
1515603600000,0.837
1515607200000,0.861
1515610800000,0.876
1515614400000,0.886
1515618000000,0.884
1515621600000,0.872
1515625200000,0.862
1515628800000,0.88
1515632400000,0.889
1515636000000,0.875
1515639600000,0.876
1515643200000,0.888
1515646800000,0.898
1515650400000,0.905
1515654000000,0.908
1515657600000,0.896
1515661200000,0.866
1515664800000,0.86
1515668400000,0.866
1515672000000,0.863
1515675600000,0.857
1515679200000,0.855
1515682800000,0.857
1515686400000,0.865
1515690000000,0.871
1515693600000,0.878
1515697200000,0.89
1515700800000,0.907
1515704400000,0.921
1515708000000,0.934
1515711600000,0.946
1515715200000,0.962
1515718800000,0.968
1515722400000,0.966
1515726000000,0.963
1515729600000,0.958
1515733200000,0.949
1515736800000,0.942
1515740400000,0.933
1515744000000,0.916
1515747600000,0.895
1515751200000,0.886
1515754800000,0.887
1515758400000,0.883
1515762000000,0.884
1515765600000,0.885
1515769200000,0.89
1515772800000,0.895
1515776400000,0.899
1515780000000,0.908
1515783600000,0.916
1515787200000,0.922
1515790800000,0.919
1515794400000,0.915
1515798000000,0.914
1515801600000,0.925
1515805200000,0.927
1515808800000,0.922
1515812400000,0.923
1515816000000,0.917
1515819600000,0.91
1515823200000,0.904
1515826800000,0.893
1515830400000,0.881
1515834000000,0.857
1515837600000,0.813
1515841200000,0.783
1515844800000,0.76
1515848400000,0.726
1515852000000,0.693
1515855600000,0.688
1515859200000,0.69
1515862800000,0.69
1515866400000,0.704
1515870000000,0.714
1515873600000,0.724
1515877200000,0.713
1515880800000,0.678
1515884400000,0.634
1515888000000,0.682
1515891600000,0.71
1515895200000,0.685
1515898800000,0.693
1515902400000,0.722
1515906000000,0.749
1515909600000,0.775
1515913200000,0.788
1515916800000,0.757
1515920400000,0.683
1515924000000,0.618
1515927600000,0.578
1515931200000,0.528
1515934800000,0.488
1515938400000,0.459
1515942000000,0.461
1515945600000,0.484
1515949200000,0.479
1515952800000,0.472
1515956400000,0.471
1515960000000,0.481
1515963600000,0.466
1515967200000,0.435
1515970800000,0.358
1515974400000,0.374
1515978000000,0.334
1515981600000,0.284
1515985200000,0.297
1515988800000,0.365
1515992400000,0.451
1515996000000,0.54
1515999600000,0.603
1516003200000,0.608
1516006800000,0.583
1516010400000,0.599
1516014000000,0.578
1516017600000,0.547
1516021200000,0.487
1516024800000,0.42
1516028400000,0.384
1516032000000,0.367
1516035600000,0.332
1516039200000,0.298
1516042800000,0.27
1516046400000,0.26
1516050000000,0.219
1516053600000,0.183
1516057200000,0.152
1516060800000,0.186
1516064400000,0.176
1516068000000,0.133
1516071600000,0.111
1516075200000,0.1
1516078800000,0.086
1516082400000,0.073
1516086000000,0.07
1516089600000,0.071
1516093200000,0.086
1516096800000,0.086
1516100400000,0.095
1516104000000,0.111
1516107600000,0.113
1516111200000,0.103
1516114800000,0.118
1516118400000,0.123
1516122000000,0.099
1516125600000,0.078
1516129200000,0.061
1516132800000,0.049
1516136400000,0.043
1516140000000,0.063
1516143600000,0.061
1516147200000,0.118
1516150800000,0.194
1516154400000,0.211
1516158000000,0.197
1516161600000,0.192
1516165200000,0.198
1516168800000,0.194
1516172400000,0.178
1516176000000,0.157
1516179600000,0.125
1516183200000,0.119
1516186800000,0.148
1516190400000,0.199
1516194000000,0.257
1516197600000,0.32
1516201200000,0.391
1516204800000,0.431
1516208400000,0.426
1516212000000,0.396
1516215600000,0.38
1516219200000,0.373
1516222800000,0.311
1516226400000,0.283
1516230000000,0.283
1516233600000,0.395
1516237200000,0.402
1516240800000,0.356
1516244400000,0.367
1516248000000,0.417
1516251600000,0.464
1516255200000,0.51
1516258800000,0.555
1516262400000,0.582
1516266000000,0.583
1516269600000,0.574
1516273200000,0.556
1516276800000,0.523
1516280400000,0.479
1516284000000,0.434
1516287600000,0.432
1516291200000,0.43
1516294800000,0.42
1516298400000,0.395
1516302000000,0.379
1516305600000,0.415
1516309200000,0.429
1516312800000,0.436
1516316400000,0.377
1516320000000,0.407
1516323600000,0.348
1516327200000,0.238
1516330800000,0.201
1516334400000,0.22
1516338000000,0.243
1516341600000,0.27
1516345200000,0.294
1516348800000,0.328
1516352400000,0.355
1516356000000,0.37
1516359600000,0.373
1516363200000,0.355
1516366800000,0.336
1516370400000,0.311
1516374000000,0.335
1516377600000,0.374
1516381200000,0.388
1516384800000,0.391
1516388400000,0.381
1516392000000,0.398
1516395600000,0.399
1516399200000,0.398
1516402800000,0.38
1516406400000,0.457
1516410000000,0.464
1516413600000,0.429
1516417200000,0.409
1516420800000,0.41
1516424400000,0.42
1516428000000,0.444
1516431600000,0.466
1516435200000,0.459
1516438800000,0.428
1516442400000,0.407
1516446000000,0.391
1516449600000,0.362
1516453200000,0.332
1516456800000,0.3
1516460400000,0.311
1516464000000,0.324
1516467600000,0.318
1516471200000,0.305
1516474800000,0.302
1516478400000,0.329
1516482000000,0.325
1516485600000,0.31
1516489200000,0.282
1516492800000,0.311
1516496400000,0.25
1516500000000,0.165
1516503600000,0.122
1516507200000,0.097
1516510800000,0.076
1516514400000,0.072
1516518000000,0.086
1516521600000,0.153
1516525200000,0.207
1516528800000,0.245
1516532400000,0.268
1516536000000,0.275
1516539600000,0.261
1516543200000,0.233
1516546800000,0.225
1516550400000,0.198
1516554000000,0.164
1516557600000,0.135
1516561200000,0.112
1516564800000,0.104
1516568400000,0.092
1516572000000,0.082
1516575600000,0.051
1516579200000,0.036
1516582800000,0.011
1516586400000,0.001
1516590000000,0.003
1516593600000,0.006
1516597200000,0.016
1516600800000,0.038
1516604400000,0.077
1516608000000,0.113
1516611600000,0.145
1516615200000,0.16
1516618800000,0.158
1516622400000,0.152
1516626000000,0.145
1516629600000,0.139
1516633200000,0.144
1516636800000,0.158
1516640400000,0.147
1516644000000,0.13
1516647600000,0.111
1516651200000,0.099
1516654800000,0.091
1516658400000,0.097
1516662000000,0.104
1516665600000,0.136
1516669200000,0.167
1516672800000,0.187
1516676400000,0.196
1516680000000,0.201
1516683600000,0.214
1516687200000,0.245
1516690800000,0.291
1516694400000,0.337
1516698000000,0.398
1516701600000,0.457
1516705200000,0.484
1516708800000,0.491
1516712400000,0.518
1516716000000,0.476
1516719600000,0.46
1516723200000,0.469
1516726800000,0.498
1516730400000,0.503
1516734000000,0.515
1516737600000,0.536
1516741200000,0.55
1516744800000,0.556
1516748400000,0.55
1516752000000,0.629
1516755600000,0.646
1516759200000,0.618
1516762800000,0.622
1516766400000,0.666
1516770000000,0.731
1516773600000,0.793
1516777200000,0.831
1516780800000,0.822
1516784400000,0.738
1516788000000,0.696
1516791600000,0.676
1516795200000,0.641
1516798800000,0.603
1516802400000,0.552
1516806000000,0.54
1516809600000,0.541
1516813200000,0.538
1516816800000,0.525
1516820400000,0.529
1516824000000,0.53
1516827600000,0.507
1516831200000,0.476
1516834800000,0.414
1516838400000,0.502
1516842000000,0.506
1516845600000,0.447
1516849200000,0.438
1516852800000,0.464
1516856400000,0.494
1516860000000,0.533
1516863600000,0.556
1516867200000,0.52
1516870800000,0.46
1516874400000,0.432
1516878000000,0.442
1516881600000,0.406
1516885200000,0.352
1516888800000,0.302
1516892400000,0.32
1516896000000,0.343
1516899600000,0.367
1516903200000,0.386
1516906800000,0.398
1516910400000,0.386
1516914000000,0.363
1516917600000,0.358
1516921200000,0.337
1516924800000,0.444
1516928400000,0.495
1516932000000,0.51
1516935600000,0.555
1516939200000,0.607
1516942800000,0.652
1516946400000,0.692
1516950000000,0.724
1516953600000,0.703
1516957200000,0.661
1516960800000,0.633
1516964400000,0.631
1516968000000,0.625
1516971600000,0.624
1516975200000,0.621
1516978800000,0.645
1516982400000,0.669
1516986000000,0.682
1516989600000,0.702
1516993200000,0.717
1516996800000,0.756
1517000400000,0.734
1517004000000,0.7
1517007600000,0.685
1517011200000,0.762
1517014800000,0.766
1517018400000,0.715
1517022000000,0.713
1517025600000,0.75
1517029200000,0.785
1517032800000,0.82
1517036400000,0.837
1517040000000,0.831
1517043600000,0.754
1517047200000,0.66
1517050800000,0.622
1517054400000,0.557
1517058000000,0.501
1517061600000,0.44
1517065200000,0.443
1517068800000,0.464
1517072400000,0.459
1517076000000,0.464
1517079600000,0.476
1517083200000,0.485
1517086800000,0.454
1517090400000,0.416
1517094000000,0.371
1517097600000,0.511
1517101200000,0.401
1517104800000,0.22
1517108400000,0.112
1517112000000,0.061
1517115600000,0.046
1517119200000,0.059
1517122800000,0.073
1517126400000,0.063
1517130000000,0.048
1517133600000,0.034
1517137200000,0.034
1517140800000,0.049
1517144400000,0.055
1517148000000,0.049
1517151600000,0.037
1517155200000,0.039
1517158800000,0.034
1517162400000,0.018
1517166000000,0.01
1517169600000,0.005
1517173200000,0.006
1517176800000,0.027
1517180400000,0.09
1517184000000,0.217
1517187600000,0.302
1517191200000,0.41
1517194800000,0.56
1517198400000,0.718
1517202000000,0.819
1517205600000,0.85
1517209200000,0.856
1517212800000,0.84
1517216400000,0.769
1517220000000,0.73
1517223600000,0.72
1517227200000,0.701
1517230800000,0.666
1517234400000,0.621
1517238000000,0.593
1517241600000,0.578
1517245200000,0.578
1517248800000,0.601
1517252400000,0.624
1517256000000,0.658
1517259600000,0.692
1517263200000,0.702
1517266800000,0.713
1517270400000,0.801
1517274000000,0.839
1517277600000,0.829
1517281200000,0.823
1517284800000,0.816
1517288400000,0.813
1517292000000,0.818
1517295600000,0.821
1517299200000,0.798
1517302800000,0.705
1517306400000,0.644
1517310000000,0.603
1517313600000,0.579
1517317200000,0.527
1517320800000,0.514
1517324400000,0.525
1517328000000,0.535
1517331600000,0.538
1517335200000,0.525
1517338800000,0.534
1517342400000,0.546
1517346000000,0.512
1517349600000,0.451
1517353200000,0.367
1517356800000,0.383
1517360400000,0.328
1517364000000,0.245
1517367600000,0.22
1517371200000,0.23
1517374800000,0.245
1517378400000,0.282
1517382000000,0.337
1517385600000,0.387
1517389200000,0.383
1517392800000,0.359
1517396400000,0.291
1517400000000,0.223
1517403600000,0.179
1517407200000,0.138
1517410800000,0.131
1517414400000,0.133
1517418000000,0.133
1517421600000,0.144
1517425200000,0.17
1517428800000,0.235
1517432400000,0.302
1517436000000,0.356
1517439600000,0.379
1517443200000,0.45
1517446800000,0.454
1517450400000,0.413
1517454000000,0.432
1517457600000,0.498
1517461200000,0.58
1517464800000,0.667
1517468400000,0.715
1517472000000,0.712
1517475600000,0.649
1517479200000,0.635
1517482800000,0.641
1517486400000,0.615
1517490000000,0.595
1517493600000,0.558
1517497200000,0.552
1517500800000,0.558
1517504400000,0.563
1517508000000,0.583
1517511600000,0.591
1517515200000,0.613
1517518800000,0.607
1517522400000,0.573
1517526000000,0.575
1517529600000,0.625
1517533200000,0.638
1517536800000,0.583
1517540400000,0.55
1517544000000,0.55
1517547600000,0.565
1517551200000,0.604
1517554800000,0.661
1517558400000,0.67
1517562000000,0.608
1517565600000,0.578
1517569200000,0.56
1517572800000,0.545
1517576400000,0.547
1517580000000,0.528
1517583600000,0.586
1517587200000,0.606
1517590800000,0.62
1517594400000,0.658
1517598000000,0.695
1517601600000,0.706
1517605200000,0.689
1517608800000,0.692
1517612400000,0.69
1517616000000,0.727
1517619600000,0.711
1517623200000,0.676
1517626800000,0.673
1517630400000,0.692
1517634000000,0.71
1517637600000,0.739
1517641200000,0.755
1517644800000,0.726
1517648400000,0.672
1517652000000,0.676
1517655600000,0.687
1517659200000,0.681
1517662800000,0.674
1517666400000,0.661
1517670000000,0.65
1517673600000,0.642
1517677200000,0.633
1517680800000,0.631
1517684400000,0.633
1517688000000,0.647
1517691600000,0.688
1517695200000,0.71
1517698800000,0.71
1517702400000,0.791
1517706000000,0.81
1517709600000,0.778
1517713200000,0.756
1517716800000,0.751
1517720400000,0.759
1517724000000,0.783
1517727600000,0.797
1517731200000,0.777
1517734800000,0.716
1517738400000,0.705
1517742000000,0.703
1517745600000,0.682
1517749200000,0.662
1517752800000,0.622
1517756400000,0.611
1517760000000,0.604
1517763600000,0.601
1517767200000,0.592
1517770800000,0.58
1517774400000,0.578
1517778000000,0.6
1517781600000,0.624
1517785200000,0.626
1517788800000,0.71
1517792400000,0.748
1517796000000,0.743
1517799600000,0.737
1517803200000,0.724
1517806800000,0.718
1517810400000,0.712
1517814000000,0.707
1517817600000,0.664
1517821200000,0.617
1517824800000,0.617
1517828400000,0.61
1517832000000,0.63
1517835600000,0.625
1517839200000,0.613
1517842800000,0.586
1517846400000,0.571
1517850000000,0.558
1517853600000,0.571
1517857200000,0.574
1517860800000,0.59
1517864400000,0.619
1517868000000,0.64
1517871600000,0.655
1517875200000,0.748
1517878800000,0.784
1517882400000,0.772
1517886000000,0.756
1517889600000,0.759
1517893200000,0.772
1517896800000,0.804
1517900400000,0.83
1517904000000,0.821
1517907600000,0.791
1517911200000,0.783
1517914800000,0.783
1517918400000,0.758
1517922000000,0.731
1517925600000,0.697
1517929200000,0.683
1517932800000,0.703
1517936400000,0.695
1517940000000,0.68
1517943600000,0.686
1517947200000,0.692
1517950800000,0.673
1517954400000,0.645
1517958000000,0.593
1517961600000,0.637
1517965200000,0.63
1517968800000,0.501
1517972400000,0.394
1517976000000,0.357
1517979600000,0.362
1517983200000,0.388
1517986800000,0.396
1517990400000,0.354
1517994000000,0.3
1517997600000,0.296
1518001200000,0.328
1518004800000,0.348
1518008400000,0.358
1518012000000,0.367
1518015600000,0.391
1518019200000,0.41
1518022800000,0.404
1518026400000,0.418
1518030000000,0.434
1518033600000,0.46
1518037200000,0.457
1518040800000,0.432
1518044400000,0.37
1518048000000,0.43
1518051600000,0.519
1518055200000,0.571
1518058800000,0.642
1518062400000,0.724
1518066000000,0.791
1518069600000,0.837
1518073200000,0.855
1518076800000,0.834
1518080400000,0.779
1518084000000,0.76
1518087600000,0.746
1518091200000,0.724
1518094800000,0.684
1518098400000,0.642
1518102000000,0.644
1518105600000,0.651
1518109200000,0.648
1518112800000,0.633
1518116400000,0.58
1518120000000,0.534
1518123600000,0.473
1518127200000,0.444
1518130800000,0.392
1518134400000,0.434
1518138000000,0.462
1518141600000,0.395
1518145200000,0.43
1518148800000,0.508
1518152400000,0.571
1518156000000,0.615
1518159600000,0.646
1518163200000,0.618
1518166800000,0.526
1518170400000,0.504
1518174000000,0.475
1518177600000,0.429
1518181200000,0.372
1518184800000,0.294
1518188400000,0.264
1518192000000,0.251
1518195600000,0.241
1518199200000,0.231
1518202800000,0.22
1518206400000,0.209
1518210000000,0.18
1518213600000,0.153
1518217200000,0.103
1518220800000,0.092
1518224400000,0.084
1518228000000,0.058
1518231600000,0.051
1518235200000,0.053
1518238800000,0.059
1518242400000,0.1
1518246000000,0.143
1518249600000,0.184
1518253200000,0.201
1518256800000,0.19
1518260400000,0.185
1518264000000,0.188
1518267600000,0.192
1518271200000,0.19
1518274800000,0.202
1518278400000,0.249
1518282000000,0.289
1518285600000,0.357
1518289200000,0.405
1518292800000,0.416
1518296400000,0.457
1518300000000,0.481
1518303600000,0.513
1518307200000,0.682
1518310800000,0.755
1518314400000,0.782
1518318000000,0.838
1518321600000,0.893
1518325200000,0.923
1518328800000,0.939
1518332400000,0.945
1518336000000,0.934
1518339600000,0.89
1518343200000,0.866
1518346800000,0.855
1518350400000,0.826
1518354000000,0.79
1518357600000,0.753
1518361200000,0.75
1518364800000,0.771
1518368400000,0.79
1518372000000,0.795
1518375600000,0.799
1518379200000,0.806
1518382800000,0.811
1518386400000,0.807
1518390000000,0.827
1518393600000,0.882
1518397200000,0.906
1518400800000,0.895
1518404400000,0.896
1518408000000,0.908
1518411600000,0.919
1518415200000,0.931
1518418800000,0.939
1518422400000,0.932
1518426000000,0.882
1518429600000,0.855
1518433200000,0.841
1518436800000,0.823
1518440400000,0.8
1518444000000,0.778
1518447600000,0.772
1518451200000,0.788
1518454800000,0.811
1518458400000,0.806
1518462000000,0.809
1518465600000,0.813
1518469200000,0.805
1518472800000,0.792
1518476400000,0.802
1518480000000,0.854
1518483600000,0.868
1518487200000,0.85
1518490800000,0.862
1518494400000,0.886
1518498000000,0.896
1518501600000,0.899
1518505200000,0.899
1518508800000,0.88
1518512400000,0.821
1518516000000,0.771
1518519600000,0.707
1518523200000,0.615
1518526800000,0.539
1518530400000,0.51
1518534000000,0.541
1518537600000,0.557
1518541200000,0.547
1518544800000,0.544
1518548400000,0.596
1518552000000,0.603
1518555600000,0.575
1518559200000,0.525
1518562800000,0.468
1518566400000,0.516
1518570000000,0.465
1518573600000,0.372
1518577200000,0.343
1518580800000,0.362
1518584400000,0.386
1518588000000,0.429
1518591600000,0.479
1518595200000,0.493
1518598800000,0.471
1518602400000,0.457
1518606000000,0.454
1518609600000,0.434
1518613200000,0.412
1518616800000,0.398
1518620400000,0.395
1518624000000,0.375
1518627600000,0.346
1518631200000,0.311
1518634800000,0.272
1518638400000,0.238
1518642000000,0.188
1518645600000,0.144
1518649200000,0.083
1518652800000,0.078
1518656400000,0.057
1518660000000,0.038
1518663600000,0.034
1518667200000,0.037
1518670800000,0.049
1518674400000,0.073
1518678000000,0.104
1518681600000,0.112
1518685200000,0.119
1518688800000,0.133
1518692400000,0.135
1518696000000,0.129
1518699600000,0.117
1518703200000,0.112
1518706800000,0.118
1518710400000,0.137
1518714000000,0.144
1518717600000,0.139
1518721200000,0.125
1518724800000,0.112
1518728400000,0.101
1518732000000,0.086
1518735600000,0.044
1518739200000,0.045
1518742800000,0.033
1518746400000,0.022
1518750000000,0.015
1518753600000,0.012
1518757200000,0.012
1518760800000,0.025
1518764400000,0.041
1518768000000,0.045
1518771600000,0.036
1518775200000,0.02
1518778800000,0.007
1518782400000,0.003
1518786000000,0.002
1518789600000,0.002
1518793200000,0.003
1518796800000,0.005
1518800400000,0.008
1518804000000,0.014
1518807600000,0.022
1518811200000,0.032
1518814800000,0.057
1518818400000,0.108
1518822000000,0.16
1518825600000,0.307
1518829200000,0.464
1518832800000,0.571
1518836400000,0.652
1518840000000,0.718
1518843600000,0.766
1518847200000,0.804
1518850800000,0.827
1518854400000,0.819
1518858000000,0.737
1518861600000,0.687
1518865200000,0.661
1518868800000,0.61
1518872400000,0.55
1518876000000,0.479
1518879600000,0.443
1518883200000,0.45
1518886800000,0.457
1518890400000,0.454
1518894000000,0.447
1518897600000,0.432
1518901200000,0.391
1518904800000,0.337
1518908400000,0.294
1518912000000,0.312
1518915600000,0.245
1518919200000,0.173
1518922800000,0.147
1518926400000,0.153
1518930000000,0.177
1518933600000,0.225
1518937200000,0.289
1518940800000,0.325
1518944400000,0.306
1518948000000,0.316
1518951600000,0.347
1518955200000,0.346
1518958800000,0.34
1518962400000,0.332
1518966000000,0.343
1518969600000,0.348
1518973200000,0.328
1518976800000,0.32
1518980400000,0.296
1518984000000,0.278
1518987600000,0.249
1518991200000,0.22
1518994800000,0.183
1518998400000,0.233
1519002000000,0.202
1519005600000,0.123
1519009200000,0.059
1519012800000,0.022
1519016400000,0.009
1519020000000,0.012
1519023600000,0.033
1519027200000,0.059
1519030800000,0.101
1519034400000,0.112
1519038000000,0.09
1519041600000,0.104
1519045200000,0.14
1519048800000,0.194
1519052400000,0.238
1519056000000,0.254
1519059600000,0.255
1519063200000,0.242
1519066800000,0.227
1519070400000,0.223
1519074000000,0.207
1519077600000,0.175
1519081200000,0.133
1519084800000,0.137
1519088400000,0.084
1519092000000,0.035
1519095600000,0.008
1519099200000,0.003
1519102800000,0.009
1519106400000,0.019
1519110000000,0.033
1519113600000,0.064
1519117200000,0.103
1519120800000,0.113
1519124400000,0.103
1519128000000,0.097
1519131600000,0.094
1519135200000,0.099
1519138800000,0.114
1519142400000,0.133
1519146000000,0.144
1519149600000,0.151
1519153200000,0.143
1519156800000,0.124
1519160400000,0.104
1519164000000,0.086
1519167600000,0.035
1519171200000,0.014
1519174800000,0.002
1519178400000,0.001
1519182000000,0.001
1519185600000,0.002
1519189200000,0.008
1519192800000,0.033
1519196400000,0.072
1519200000000,0.112
1519203600000,0.151
1519207200000,0.183
1519210800000,0.185
1519214400000,0.179
1519218000000,0.174
1519221600000,0.162
1519225200000,0.161
1519228800000,0.169
1519232400000,0.176
1519236000000,0.179
1519239600000,0.192
1519243200000,0.211
1519246800000,0.219
1519250400000,0.204
1519254000000,0.16
1519257600000,0.154
1519261200000,0.116
1519264800000,0.087
1519268400000,0.072
1519272000000,0.068
1519275600000,0.072
1519279200000,0.09
1519282800000,0.139
1519286400000,0.21
1519290000000,0.267
1519293600000,0.294
1519297200000,0.299
1519300800000,0.295
1519304400000,0.286
1519308000000,0.285
1519311600000,0.335
1519315200000,0.388
1519318800000,0.431
1519322400000,0.469
1519326000000,0.466
1519329600000,0.474
1519333200000,0.523
1519336800000,0.518
1519340400000,0.532
1519344000000,0.602
1519347600000,0.62
1519351200000,0.627
1519354800000,0.661
1519358400000,0.704
1519362000000,0.75
1519365600000,0.795
1519369200000,0.827
1519372800000,0.826
1519376400000,0.748
1519380000000,0.702
1519383600000,0.673
1519387200000,0.638
1519390800000,0.586
1519394400000,0.538
1519398000000,0.528
1519401600000,0.533
1519405200000,0.523
1519408800000,0.525
1519412400000,0.513
1519416000000,0.498
1519419600000,0.454
1519423200000,0.407
1519426800000,0.425
1519430400000,0.445
1519434000000,0.398
1519437600000,0.311
1519441200000,0.261
1519444800000,0.249
1519448400000,0.251
1519452000000,0.305
1519455600000,0.415
1519459200000,0.519
1519462800000,0.561
1519466400000,0.567
1519470000000,0.558
1519473600000,0.528
1519477200000,0.479
1519480800000,0.433
1519484400000,0.41
1519488000000,0.42
1519491600000,0.419
1519495200000,0.397
1519498800000,0.381
1519502400000,0.378
1519506000000,0.361
1519509600000,0.315
1519513200000,0.259
1519516800000,0.251
1519520400000,0.164
1519524000000,0.083
1519527600000,0.039
1519531200000,0.027
1519534800000,0.05
1519538400000,0.09
1519542000000,0.163
1519545600000,0.245
1519549200000,0.304
1519552800000,0.323
1519556400000,0.33
1519560000000,0.3
1519563600000,0.256
1519567200000,0.22
1519570800000,0.221
1519574400000,0.232
1519578000000,0.238
1519581600000,0.241
1519585200000,0.248
1519588800000,0.263
1519592400000,0.278
1519596000000,0.278
1519599600000,0.279
1519603200000,0.362
1519606800000,0.413
1519610400000,0.447
1519614000000,0.513
1519617600000,0.611
1519621200000,0.726
1519624800000,0.831
1519628400000,0.888
1519632000000,0.9
1519635600000,0.876
1519639200000,0.873
1519642800000,0.867
1519646400000,0.849
1519650000000,0.809
1519653600000,0.762
1519657200000,0.764
1519660800000,0.782
1519664400000,0.799
1519668000000,0.808
1519671600000,0.804
1519675200000,0.795
1519678800000,0.753
1519682400000,0.682
1519686000000,0.668
1519689600000,0.739
1519693200000,0.715
1519696800000,0.636
1519700400000,0.599
1519704000000,0.587
1519707600000,0.59
1519711200000,0.63
1519714800000,0.677
1519718400000,0.681
1519722000000,0.601
1519725600000,0.534
1519729200000,0.501
1519732800000,0.452
1519736400000,0.395
1519740000000,0.337
1519743600000,0.331
1519747200000,0.325
1519750800000,0.311
1519754400000,0.296
1519758000000,0.284
1519761600000,0.274
1519765200000,0.243
1519768800000,0.197
1519772400000,0.152
1519776000000,0.107
1519779600000,0.044
1519783200000,0.012
1519786800000,0.006
1519790400000,0.006
1519794000000,0.008
1519797600000,0.011
1519801200000,0.009
1519804800000,0.014
1519808400000,0.02
1519812000000,0.011
1519815600000,0.003
1519819200000,0.001
1519822800000,0.002
1519826400000,0.011
1519830000000,0.025
1519833600000,0.032
1519837200000,0.037
1519840800000,0.041
1519844400000,0.044
1519848000000,0.046
1519851600000,0.044
1519855200000,0.037
1519858800000,0.023
1519862400000,0.032
1519866000000,0.039
1519869600000,0.04
1519873200000,0.045
1519876800000,0.055
1519880400000,0.072
1519884000000,0.096
1519887600000,0.134
1519891200000,0.17
1519894800000,0.187
1519898400000,0.213
1519902000000,0.223
1519905600000,0.2
1519909200000,0.168
1519912800000,0.138
1519916400000,0.124
1519920000000,0.103
1519923600000,0.095
1519927200000,0.084
1519930800000,0.08
1519934400000,0.082
1519938000000,0.09
1519941600000,0.094
1519945200000,0.062
1519948800000,0.056
1519952400000,0.038
1519956000000,0.02
1519959600000,0.011
1519963200000,0.006
1519966800000,0.003
1519970400000,0.003
1519974000000,0.003
1519977600000,0.005
1519981200000,0.008
1519984800000,0.012
1519988400000,0.017
1519992000000,0.028
1519995600000,0.046
1519999200000,0.055
1520002800000,0.054
1520006400000,0.048
1520010000000,0.045
1520013600000,0.045
1520017200000,0.044
1520020800000,0.037
1520024400000,0.026
1520028000000,0.018
1520031600000,0.019
1520035200000,0.036
1520038800000,0.035
1520042400000,0.031
1520046000000,0.032
1520049600000,0.033
1520053200000,0.03
1520056800000,0.025
1520060400000,0.02
1520064000000,0.015
1520067600000,0.01
1520071200000,0.007
1520074800000,0.004
1520078400000,0.005
1520082000000,0.009
1520085600000,0.022
1520089200000,0.05
1520092800000,0.084
1520096400000,0.108
1520100000000,0.13
1520103600000,0.147
1520107200000,0.159
1520110800000,0.155
1520114400000,0.13
1520118000000,0.125
1520121600000,0.105
1520125200000,0.051
1520128800000,0.021
1520132400000,0.009
1520136000000,0.008
1520139600000,0.008
1520143200000,0.008
1520146800000,0.008
1520150400000,0.01
1520154000000,0.025
1520157600000,0.039
1520161200000,0.031
1520164800000,0.027
1520168400000,0.039
1520172000000,0.059
1520175600000,0.089
1520179200000,0.117
1520182800000,0.137
1520186400000,0.149
1520190000000,0.157
1520193600000,0.165
1520197200000,0.162
1520200800000,0.125
1520204400000,0.069
1520208000000,0.052
1520211600000,0.028
1520215200000,0.019
1520218800000,0.016
1520222400000,0.013
1520226000000,0.016
1520229600000,0.027
1520233200000,0.044
1520236800000,0.047
1520240400000,0.043
1520244000000,0.031
1520247600000,0.014
1520251200000,0.008
1520254800000,0.008
1520258400000,0.008
1520262000000,0.007
1520265600000,0.008
1520269200000,0.012
1520272800000,0.016
1520276400000,0.023
1520280000000,0.033
1520283600000,0.048
1520287200000,0.068
1520290800000,0.089
1520294400000,0.176
1520298000000,0.254
1520301600000,0.328
1520305200000,0.407
1520308800000,0.49
1520312400000,0.564
1520316000000,0.633
1520319600000,0.697
1520323200000,0.739
1520326800000,0.694
1520330400000,0.653
1520334000000,0.638
1520337600000,0.658
1520341200000,0.656
1520344800000,0.639
1520348400000,0.634
1520352000000,0.614
1520355600000,0.635
1520359200000,0.66
1520362800000,0.652
1520366400000,0.656
1520370000000,0.644
1520373600000,0.624
1520377200000,0.701
1520380800000,0.684
1520384400000,0.608
1520388000000,0.523
1520391600000,0.498
1520395200000,0.525
1520398800000,0.566
1520402400000,0.618
1520406000000,0.662
1520409600000,0.682
1520413200000,0.583
1520416800000,0.49
1520420400000,0.459
1520424000000,0.436
1520427600000,0.402
1520431200000,0.372
1520434800000,0.382
1520438400000,0.384
1520442000000,0.364
1520445600000,0.341
1520449200000,0.328
1520452800000,0.328
1520456400000,0.308
1520460000000,0.27
1520463600000,0.239
1520467200000,0.187
1520470800000,0.141
1520474400000,0.121
1520478000000,0.141
1520481600000,0.206
1520485200000,0.315
1520488800000,0.431
1520492400000,0.522
1520496000000,0.567
1520499600000,0.535
1520503200000,0.501
1520506800000,0.479
1520510400000,0.46
1520514000000,0.483
1520517600000,0.505
1520521200000,0.508
1520524800000,0.544
1520528400000,0.574
1520532000000,0.592
1520535600000,0.614
1520539200000,0.665
1520542800000,0.724
1520546400000,0.736
1520550000000,0.794
1520553600000,0.843
1520557200000,0.831
1520560800000,0.792
1520564400000,0.788
1520568000000,0.812
1520571600000,0.84
1520575200000,0.87
1520578800000,0.898
1520582400000,0.91
1520586000000,0.881
1520589600000,0.851
1520593200000,0.84
1520596800000,0.83
1520600400000,0.82
1520604000000,0.802
1520607600000,0.812
1520611200000,0.826
1520614800000,0.826
1520618400000,0.819
1520622000000,0.806
1520625600000,0.795
1520629200000,0.768
1520632800000,0.741
1520636400000,0.764
1520640000000,0.8
1520643600000,0.778
1520647200000,0.729
1520650800000,0.725
1520654400000,0.758
1520658000000,0.796
1520661600000,0.833
1520665200000,0.865
1520668800000,0.876
1520672400000,0.843
1520676000000,0.807
1520679600000,0.796
1520683200000,0.783
1520686800000,0.785
1520690400000,0.763
1520694000000,0.78
1520697600000,0.802
1520701200000,0.804
1520704800000,0.811
1520708400000,0.811
1520712000000,0.802
1520715600000,0.785
1520719200000,0.744
1520722800000,0.755
1520726400000,0.755
1520730000000,0.7
1520733600000,0.633
1520737200000,0.613
1520740800000,0.647
1520744400000,0.69
1520748000000,0.732
1520751600000,0.786
1520755200000,0.837
1520758800000,0.831
1520762400000,0.8
1520766000000,0.762
1520769600000,0.722
1520773200000,0.659
1520776800000,0.601
1520780400000,0.566
1520784000000,0.562
1520787600000,0.586
1520791200000,0.599
1520794800000,0.591
1520798400000,0.603
1520802000000,0.574
1520805600000,0.513
1520809200000,0.499
1520812800000,0.453
1520816400000,0.344
1520820000000,0.261
1520823600000,0.233
1520827200000,0.223
1520830800000,0.231
1520834400000,0.3
1520838000000,0.428
1520841600000,0.541
1520845200000,0.567
1520848800000,0.56
1520852400000,0.54
1520856000000,0.535
1520859600000,0.509
1520863200000,0.474
1520866800000,0.476
1520870400000,0.488
1520874000000,0.484
1520877600000,0.482
1520881200000,0.473
1520884800000,0.47
1520888400000,0.435
1520892000000,0.373
1520895600000,0.337
1520899200000,0.253
1520902800000,0.155
1520906400000,0.086
1520910000000,0.053
1520913600000,0.047
1520917200000,0.071
1520920800000,0.141
1520924400000,0.238
1520928000000,0.341
1520931600000,0.374
1520935200000,0.442
1520938800000,0.482
1520942400000,0.467
1520946000000,0.432
1520949600000,0.398
1520953200000,0.398
1520956800000,0.402
1520960400000,0.396
1520964000000,0.395
1520967600000,0.392
1520971200000,0.391
1520974800000,0.383
1520978400000,0.341
1520982000000,0.329
1520985600000,0.37
1520989200000,0.301
1520992800000,0.219
1520996400000,0.165
1521000000000,0.121
1521003600000,0.088
1521007200000,0.09
1521010800000,0.129
1521014400000,0.172
1521018000000,0.184
1521021600000,0.196
1521025200000,0.22
1521028800000,0.261
1521032400000,0.288
1521036000000,0.278
1521039600000,0.297
1521043200000,0.325
1521046800000,0.349
1521050400000,0.366
1521054000000,0.368
1521057600000,0.379
1521061200000,0.374
1521064800000,0.352
1521068400000,0.391
1521072000000,0.354
1521075600000,0.226
1521079200000,0.112
1521082800000,0.053
1521086400000,0.046
1521090000000,0.074
1521093600000,0.078
1521097200000,0.068
1521100800000,0.042
1521104400000,0.031
1521108000000,0.017
1521111600000,0.008
1521115200000,0.005
1521118800000,0.004
1521122400000,0.003
1521126000000,0.003
1521129600000,0.002
1521133200000,0.001
1521136800000,0.001
1521140400000,0.001
1521144000000,0.001
1521147600000,0.002
1521151200000,0.005
1521154800000,0.01
1521158400000,0.018
1521162000000,0.018
1521165600000,0.018
1521169200000,0.033
1521172800000,0.071
1521176400000,0.138
1521180000000,0.218
1521183600000,0.279
1521187200000,0.322
1521190800000,0.323
1521194400000,0.327
1521198000000,0.314
1521201600000,0.298
1521205200000,0.291
1521208800000,0.291
1521212400000,0.291
1521216000000,0.3
1521219600000,0.314
1521223200000,0.338
1521226800000,0.361
1521230400000,0.374
1521234000000,0.366
1521237600000,0.341
1521241200000,0.358
1521244800000,0.37
1521248400000,0.323
1521252000000,0.247
1521255600000,0.215
1521259200000,0.231
1521262800000,0.277
1521266400000,0.371
1521270000000,0.508
1521273600000,0.637
1521277200000,0.647
1521280800000,0.631
1521284400000,0.621
1521288000000,0.606
1521291600000,0.58
1521295200000,0.554
1521298800000,0.558
1521302400000,0.588
1521306000000,0.583
1521309600000,0.573
1521313200000,0.538
1521316800000,0.519
1521320400000,0.503
1521324000000,0.439
1521327600000,0.455
1521331200000,0.395
1521334800000,0.259
1521338400000,0.134
1521342000000,0.057
1521345600000,0.029
1521349200000,0.037
1521352800000,0.063
1521356400000,0.112
1521360000000,0.154
1521363600000,0.155
1521367200000,0.144
1521370800000,0.12
1521374400000,0.121
1521378000000,0.144
1521381600000,0.159
1521385200000,0.16
1521388800000,0.153
1521392400000,0.14
1521396000000,0.129
1521399600000,0.124
1521403200000,0.121
1521406800000,0.108
1521410400000,0.09
1521414000000,0.062
1521417600000,0.028
1521421200000,0.004
1521424800000,0.001
1521428400000,0.0
1521432000000,0.0
1521435600000,0.007
1521439200000,0.018
1521442800000,0.027
1521446400000,0.034
1521450000000,0.035
1521453600000,0.029
1521457200000,0.01
1521460800000,0.002
1521464400000,0.001
1521468000000,0.001
1521471600000,0.004
1521475200000,0.011
1521478800000,0.02
1521482400000,0.03
1521486000000,0.041
1521489600000,0.047
1521493200000,0.048
1521496800000,0.041
1521500400000,0.018
1521504000000,0.015
1521507600000,0.013
1521511200000,0.015
1521514800000,0.027
1521518400000,0.073
1521522000000,0.188
1521525600000,0.328
1521529200000,0.374
1521532800000,0.302
1521536400000,0.189
1521540000000,0.122
1521543600000,0.071
1521547200000,0.039
1521550800000,0.043
1521554400000,0.056
1521558000000,0.042
1521561600000,0.033
1521565200000,0.044
1521568800000,0.068
1521572400000,0.087
1521576000000,0.093
1521579600000,0.081
1521583200000,0.073
1521586800000,0.089
1521590400000,0.118
1521594000000,0.163
1521597600000,0.221
1521601200000,0.272
1521604800000,0.313
1521608400000,0.356
1521612000000,0.398
1521615600000,0.432
1521619200000,0.454
1521622800000,0.444
1521626400000,0.42
1521630000000,0.449
1521633600000,0.484
1521637200000,0.504
1521640800000,0.519
1521644400000,0.544
1521648000000,0.586
1521651600000,0.61
1521655200000,0.642
1521658800000,0.671
1521662400000,0.697
1521666000000,0.691
1521669600000,0.677
1521673200000,0.713
1521676800000,0.664
1521680400000,0.599
1521684000000,0.538
1521687600000,0.529
1521691200000,0.557
1521694800000,0.601
1521698400000,0.657
1521702000000,0.717
1521705600000,0.775
1521709200000,0.778
1521712800000,0.743
1521716400000,0.71
1521720000000,0.675
1521723600000,0.653
1521727200000,0.644
1521730800000,0.644
1521734400000,0.642
1521738000000,0.655
1521741600000,0.668
1521745200000,0.684
1521748800000,0.697
1521752400000,0.682
1521756000000,0.672
1521759600000,0.71
1521763200000,0.694
1521766800000,0.646
1521770400000,0.596
1521774000000,0.604
1521777600000,0.659
1521781200000,0.722
1521784800000,0.786
1521788400000,0.836
1521792000000,0.869
1521795600000,0.865
1521799200000,0.846
1521802800000,0.831
1521806400000,0.817
1521810000000,0.808
1521813600000,0.801
1521817200000,0.802
1521820800000,0.804
1521824400000,0.808
1521828000000,0.801
1521831600000,0.792
1521835200000,0.794
1521838800000,0.777
1521842400000,0.747
1521846000000,0.788
1521849600000,0.765
1521853200000,0.695
1521856800000,0.615
1521860400000,0.599
1521864000000,0.637
1521867600000,0.695
1521871200000,0.754
1521874800000,0.809
1521878400000,0.845
1521882000000,0.839
1521885600000,0.813
1521889200000,0.788
1521892800000,0.739
1521896400000,0.693
1521900000000,0.661
1521903600000,0.641
1521907200000,0.635
1521910800000,0.621
1521914400000,0.611
1521918000000,0.605
1521921600000,0.587
1521925200000,0.555
1521928800000,0.51
1521932400000,0.541
1521936000000,0.449
1521939600000,0.336
1521943200000,0.245
1521946800000,0.191
1521950400000,0.186
1521954000000,0.234
1521957600000,0.332
1521961200000,0.479
1521964800000,0.644
1521968400000,0.705
1521972000000,0.697
1521975600000,0.677
1521979200000,0.668
1521982800000,0.637
1521986400000,0.587
1521990000000,0.556
1521993600000,0.55
1521997200000,0.548
1522000800000,0.548
1522004400000,0.532
1522008000000,0.503
1522011600000,0.428
1522015200000,0.339
1522018800000,0.352
1522022400000,0.249
1522026000000,0.147
1522029600000,0.1
1522033200000,0.12
1522036800000,0.192
1522040400000,0.301
1522044000000,0.444
1522047600000,0.586
1522051200000,0.679
1522054800000,0.682
1522058400000,0.653
1522062000000,0.643
1522065600000,0.621
1522069200000,0.568
1522072800000,0.526
1522076400000,0.524
1522080000000,0.544
1522083600000,0.547
1522087200000,0.54
1522090800000,0.471
1522094400000,0.407
1522098000000,0.364
1522101600000,0.332
1522105200000,0.341
1522108800000,0.316
1522112400000,0.27
1522116000000,0.234
1522119600000,0.234
1522123200000,0.259
1522126800000,0.305
1522130400000,0.376
1522134000000,0.466
1522137600000,0.571
1522141200000,0.591
1522144800000,0.58
1522148400000,0.542
1522152000000,0.481
1522155600000,0.454
1522159200000,0.436
1522162800000,0.439
1522166400000,0.477
1522170000000,0.497
1522173600000,0.493
1522177200000,0.447
1522180800000,0.428
1522184400000,0.387
1522188000000,0.328
1522191600000,0.302
1522195200000,0.22
1522198800000,0.148
1522202400000,0.112
1522206000000,0.105
1522209600000,0.135
1522213200000,0.207
1522216800000,0.289
1522220400000,0.398
1522224000000,0.492
1522227600000,0.522
1522231200000,0.523
1522234800000,0.527
1522238400000,0.503
1522242000000,0.448
1522245600000,0.386
1522249200000,0.354
1522252800000,0.328
1522256400000,0.292
1522260000000,0.27
1522263600000,0.271
1522267200000,0.272
1522270800000,0.26
1522274400000,0.225
1522278000000,0.204
1522281600000,0.139
1522285200000,0.086
1522288800000,0.058
1522292400000,0.043
1522296000000,0.064
1522299600000,0.11
1522303200000,0.175
1522306800000,0.274
1522310400000,0.386
1522314000000,0.425
1522317600000,0.454
1522321200000,0.481
1522324800000,0.488
1522328400000,0.501
1522332000000,0.494
1522335600000,0.507
1522339200000,0.527
1522342800000,0.525
1522346400000,0.498
1522350000000,0.491
1522353600000,0.489
1522357200000,0.473
1522360800000,0.433
1522364400000,0.447
1522368000000,0.461
1522371600000,0.454
1522375200000,0.464
1522378800000,0.516
1522382400000,0.59
1522386000000,0.674
1522389600000,0.757
1522393200000,0.82
1522396800000,0.853
1522400400000,0.822
1522404000000,0.77
1522407600000,0.774
1522411200000,0.77
1522414800000,0.758
1522418400000,0.754
1522422000000,0.749
1522425600000,0.744
1522429200000,0.725
1522432800000,0.687
1522436400000,0.677
1522440000000,0.659
1522443600000,0.635
1522447200000,0.61
1522450800000,0.668
1522454400000,0.646
1522458000000,0.574
1522461600000,0.502
1522465200000,0.494
1522468800000,0.539
1522472400000,0.595
1522476000000,0.653
1522479600000,0.708
1522483200000,0.757
1522486800000,0.74
1522490400000,0.686
1522494000000,0.622
1522497600000,0.547
1522501200000,0.478
1522504800000,0.416
1522508400000,0.386
1522512000000,0.382
1522515600000,0.374
1522519200000,0.367
1522522800000,0.364
1522526400000,0.364
1522530000000,0.337
1522533600000,0.278
1522537200000,0.249
1522540800000,0.203
1522544400000,0.152
1522548000000,0.118
1522551600000,0.124
1522555200000,0.166
1522558800000,0.233
1522562400000,0.326
1522566000000,0.435
1522569600000,0.519
1522573200000,0.516
1522576800000,0.476
1522580400000,0.43
1522584000000,0.394
1522587600000,0.374
1522591200000,0.353
1522594800000,0.355
1522598400000,0.367
1522602000000,0.374
1522605600000,0.373
1522609200000,0.374
1522612800000,0.375
1522616400000,0.341
1522620000000,0.289
1522623600000,0.276
1522627200000,0.192
1522630800000,0.108
1522634400000,0.054
1522638000000,0.041
1522641600000,0.079
1522645200000,0.15
1522648800000,0.198
1522652400000,0.229
1522656000000,0.265
1522659600000,0.272
1522663200000,0.286
1522666800000,0.338
1522670400000,0.345
1522674000000,0.34
1522677600000,0.334
1522681200000,0.344
1522684800000,0.35
1522688400000,0.357
1522692000000,0.356
1522695600000,0.348
1522699200000,0.342
1522702800000,0.316
1522706400000,0.278
1522710000000,0.286
1522713600000,0.201
1522717200000,0.113
1522720800000,0.056
1522724400000,0.047
1522728000000,0.075
1522731600000,0.113
1522735200000,0.159
1522738800000,0.203
1522742400000,0.231
1522746000000,0.202
1522749600000,0.182
1522753200000,0.207
1522756800000,0.223
1522760400000,0.237
1522764000000,0.227
1522767600000,0.245
1522771200000,0.267
1522774800000,0.289
1522778400000,0.3
1522782000000,0.313
1522785600000,0.335
1522789200000,0.322
1522792800000,0.273
1522796400000,0.266
1522800000000,0.167
1522803600000,0.067
1522807200000,0.016
1522810800000,0.01
1522814400000,0.026
1522818000000,0.068
1522821600000,0.115
1522825200000,0.15
1522828800000,0.167
1522832400000,0.159
1522836000000,0.158
1522839600000,0.178
1522843200000,0.199
1522846800000,0.248
1522850400000,0.3
1522854000000,0.341
1522857600000,0.403
1522861200000,0.42
1522864800000,0.422
1522868400000,0.436
1522872000000,0.439
1522875600000,0.41
1522879200000,0.377
1522882800000,0.454
1522886400000,0.337
1522890000000,0.184
1522893600000,0.08
1522897200000,0.045
1522900800000,0.045
1522904400000,0.057
1522908000000,0.081
1522911600000,0.092
1522915200000,0.1
1522918800000,0.096
1522922400000,0.092
1522926000000,0.082
1522929600000,0.079
1522933200000,0.102
1522936800000,0.118
1522940400000,0.144
1522944000000,0.155
1522947600000,0.151
1522951200000,0.14
1522954800000,0.133
1522958400000,0.13
1522962000000,0.115
1522965600000,0.082
1522969200000,0.058
1522972800000,0.014
1522976400000,0.002
1522980000000,0.001
1522983600000,0.013
1522987200000,0.043
1522990800000,0.082
1522994400000,0.115
1522998000000,0.145
1523001600000,0.176
1523005200000,0.21
1523008800000,0.246
1523012400000,0.289
1523016000000,0.346
1523019600000,0.396
1523023200000,0.41
1523026800000,0.407
1523030400000,0.425
1523034000000,0.488
1523037600000,0.501
1523041200000,0.535
1523044800000,0.574
1523048400000,0.63
1523052000000,0.7
1523055600000,0.823
1523059200000,0.883
1523062800000,0.9
1523066400000,0.916
1523070000000,0.935
1523073600000,0.952
1523077200000,0.966
1523080800000,0.973
1523084400000,0.975
1523088000000,0.971
1523091600000,0.952
1523095200000,0.921
1523098800000,0.901
1523102400000,0.887
1523106000000,0.879
1523109600000,0.866
1523113200000,0.853
1523116800000,0.841
1523120400000,0.83
1523124000000,0.819
1523127600000,0.812
1523131200000,0.813
1523134800000,0.799
1523138400000,0.783
1523142000000,0.823
1523145600000,0.818
1523149200000,0.754
1523152800000,0.67
1523156400000,0.642
1523160000000,0.671
1523163600000,0.718
1523167200000,0.77
1523170800000,0.821
1523174400000,0.859
1523178000000,0.846
1523181600000,0.788
1523185200000,0.75
1523188800000,0.712
1523192400000,0.661
1523196000000,0.592
1523199600000,0.574
1523203200000,0.558
1523206800000,0.535
1523210400000,0.536
1523214000000,0.547
1523217600000,0.558
1523221200000,0.546
1523224800000,0.516
1523228400000,0.561
1523232000000,0.489
1523235600000,0.391
1523239200000,0.311
1523242800000,0.285
1523246400000,0.297
1523250000000,0.328
1523253600000,0.41
1523257200000,0.541
1523260800000,0.664
1523264400000,0.658
1523268000000,0.598
1523271600000,0.556
1523275200000,0.493
1523278800000,0.428
1523282400000,0.365
1523286000000,0.355
1523289600000,0.367
1523293200000,0.372
1523296800000,0.377
1523300400000,0.379
1523304000000,0.393
1523307600000,0.362
1523311200000,0.286
1523314800000,0.328
1523318400000,0.232
1523322000000,0.111
1523325600000,0.039
1523329200000,0.021
1523332800000,0.023
1523336400000,0.045
1523340000000,0.078
1523343600000,0.082
1523347200000,0.068
1523350800000,0.058
1523354400000,0.063
1523358000000,0.048
1523361600000,0.043
1523365200000,0.059
1523368800000,0.075
1523372400000,0.101
1523376000000,0.103
1523379600000,0.074
1523383200000,0.053
1523386800000,0.051
1523390400000,0.061
1523394000000,0.068
1523397600000,0.047
1523401200000,0.045
1523404800000,0.024
1523408400000,0.005
1523412000000,0.001
1523415600000,0.005
1523419200000,0.018
1523422800000,0.039
1523426400000,0.064
1523430000000,0.078
1523433600000,0.08
1523437200000,0.08
1523440800000,0.086
1523444400000,0.074
1523448000000,0.056
1523451600000,0.055
1523455200000,0.064
1523458800000,0.076
1523462400000,0.086
1523466000000,0.088
1523469600000,0.086
1523473200000,0.086
1523476800000,0.085
1523480400000,0.084
1523484000000,0.055
1523487600000,0.052
1523491200000,0.026
1523494800000,0.015
1523498400000,0.017
1523502000000,0.03
1523505600000,0.046
1523509200000,0.073
1523512800000,0.085
1523516400000,0.088
1523520000000,0.064
1523523600000,0.035
1523527200000,0.015
1523530800000,0.008
1523534400000,0.012
1523538000000,0.024
1523541600000,0.039
1523545200000,0.058
1523548800000,0.073
1523552400000,0.077
1523556000000,0.081
1523559600000,0.095
1523563200000,0.114
1523566800000,0.123
1523570400000,0.103
1523574000000,0.113
1523577600000,0.077
1523581200000,0.039
1523584800000,0.013
1523588400000,0.006
1523592000000,0.026
1523595600000,0.065
1523599200000,0.115
1523602800000,0.161
1523606400000,0.199
1523610000000,0.192
1523613600000,0.166
1523617200000,0.101
1523620800000,0.116
1523624400000,0.149
1523628000000,0.178
1523631600000,0.186
1523635200000,0.165
1523638800000,0.137
1523642400000,0.134
1523646000000,0.139
1523649600000,0.136
1523653200000,0.127
1523656800000,0.1
1523660400000,0.114
1523664000000,0.073
1523667600000,0.033
1523671200000,0.014
1523674800000,0.014
1523678400000,0.022
1523682000000,0.037
1523685600000,0.054
1523689200000,0.061
1523692800000,0.053
1523696400000,0.042
1523700000000,0.035
1523703600000,0.028
1523707200000,0.026
1523710800000,0.035
1523714400000,0.048
1523718000000,0.058
1523721600000,0.063
1523725200000,0.059
1523728800000,0.051
1523732400000,0.047
1523736000000,0.046
1523739600000,0.04
1523743200000,0.016
1523746800000,0.003
1523750400000,0.0
1523754000000,0.001
1523757600000,0.003
1523761200000,0.023
1523764800000,0.047
1523768400000,0.079
1523772000000,0.12
1523775600000,0.159
1523779200000,0.183
1523782800000,0.201
1523786400000,0.209
1523790000000,0.218
1523793600000,0.231
1523797200000,0.244
1523800800000,0.264
1523804400000,0.278
1523808000000,0.291
1523811600000,0.294
1523815200000,0.251
1523818800000,0.219
1523822400000,0.22
1523826000000,0.22
1523829600000,0.188
1523833200000,0.162
1523836800000,0.123
1523840400000,0.087
1523844000000,0.074
1523847600000,0.102
1523851200000,0.169
1523854800000,0.251
1523858400000,0.341
1523862000000,0.444
1523865600000,0.536
1523869200000,0.529
1523872800000,0.464
1523876400000,0.432
1523880000000,0.409
1523883600000,0.386
1523887200000,0.343
1523890800000,0.314
1523894400000,0.294
1523898000000,0.27
1523901600000,0.233
1523905200000,0.203
1523908800000,0.196
1523912400000,0.176
1523916000000,0.144
1523919600000,0.118
1523923200000,0.056
1523926800000,0.018
1523930400000,0.009
1523934000000,0.035
1523937600000,0.091
1523941200000,0.185
1523944800000,0.318
1523948400000,0.442
1523952000000,0.51
1523955600000,0.523
1523959200000,0.5
1523962800000,0.5
1523966400000,0.459
1523970000000,0.432
1523973600000,0.425
1523977200000,0.394
1523980800000,0.37
1523984400000,0.362
1523988000000,0.337
1523991600000,0.329
1523995200000,0.328
1523998800000,0.321
1524002400000,0.307
1524006000000,0.313
1524009600000,0.259
1524013200000,0.208
1524016800000,0.206
1524020400000,0.256
1524024000000,0.325
1524027600000,0.401
1524031200000,0.49
1524034800000,0.578
1524038400000,0.678
1524042000000,0.663
1524045600000,0.567
1524049200000,0.516
1524052800000,0.466
1524056400000,0.398
1524060000000,0.323
1524063600000,0.324
1524067200000,0.353
1524070800000,0.355
1524074400000,0.345
1524078000000,0.334
1524081600000,0.328
1524085200000,0.292
1524088800000,0.274
1524092400000,0.268
1524096000000,0.204
1524099600000,0.153
1524103200000,0.125
1524106800000,0.134
1524110400000,0.165
1524114000000,0.213
1524117600000,0.302
1524121200000,0.432
1524124800000,0.561
1524128400000,0.622
1524132000000,0.618
1524135600000,0.601
1524139200000,0.573
1524142800000,0.528
1524146400000,0.467
1524150000000,0.442
1524153600000,0.437
1524157200000,0.415
1524160800000,0.393
1524164400000,0.37
1524168000000,0.349
1524171600000,0.311
1524175200000,0.278
1524178800000,0.259
1524182400000,0.18
1524186000000,0.114
1524189600000,0.073
1524193200000,0.065
1524196800000,0.082
1524200400000,0.159
1524204000000,0.271
1524207600000,0.369
1524211200000,0.439
1524214800000,0.468
1524218400000,0.422
1524222000000,0.448
1524225600000,0.459
1524229200000,0.42
1524232800000,0.374
1524236400000,0.355
1524240000000,0.368
1524243600000,0.343
1524247200000,0.323
1524250800000,0.289
1524254400000,0.258
1524258000000,0.201
1524261600000,0.174
1524265200000,0.186
1524268800000,0.164
1524272400000,0.144
1524276000000,0.135
1524279600000,0.146
1524283200000,0.166
1524286800000,0.194
1524290400000,0.244
1524294000000,0.32
1524297600000,0.332
1524301200000,0.301
1524304800000,0.289
1524308400000,0.283
1524312000000,0.25
1524315600000,0.212
1524319200000,0.184
1524322800000,0.193
1524326400000,0.199
1524330000000,0.209
1524333600000,0.216
1524337200000,0.199
1524340800000,0.189
1524344400000,0.176
1524348000000,0.144
1524351600000,0.119
1524355200000,0.071
1524358800000,0.031
1524362400000,0.011
1524366000000,0.005
1524369600000,0.013
1524373200000,0.046
1524376800000,0.074
1524380400000,0.087
1524384000000,0.08
1524387600000,0.071
1524391200000,0.067
1524394800000,0.044
1524398400000,0.024
1524402000000,0.012
1524405600000,0.011
1524409200000,0.016
1524412800000,0.016
1524416400000,0.018
1524420000000,0.022
1524423600000,0.027
1524427200000,0.036
1524430800000,0.046
1524434400000,0.038
1524438000000,0.049
1524441600000,0.03
1524445200000,0.011
1524448800000,0.006
1524452400000,0.015
1524456000000,0.037
1524459600000,0.066
1524463200000,0.087
1524466800000,0.104
1524470400000,0.09
1524474000000,0.065
1524477600000,0.063
1524481200000,0.055
1524484800000,0.041
1524488400000,0.031
1524492000000,0.023
1524495600000,0.019
1524499200000,0.016
1524502800000,0.011
1524506400000,0.007
1524510000000,0.003
1524513600000,0.001
1524517200000,0.001
1524520800000,0.0
1524524400000,0.002
1524528000000,0.001
1524531600000,0.001
1524535200000,0.004
1524538800000,0.013
1524542400000,0.034
1524546000000,0.071
1524549600000,0.112
1524553200000,0.132
1524556800000,0.125
1524560400000,0.103
1524564000000,0.084
1524567600000,0.062
1524571200000,0.038
1524574800000,0.018
1524578400000,0.012
1524582000000,0.011
1524585600000,0.008
1524589200000,0.005
1524592800000,0.003
1524596400000,0.002
1524600000000,0.003
1524603600000,0.004
1524607200000,0.004
1524610800000,0.015
1524614400000,0.025
1524618000000,0.025
1524621600000,0.029
1524625200000,0.044
1524628800000,0.073
1524632400000,0.114
1524636000000,0.163
1524639600000,0.201
1524643200000,0.228
1524646800000,0.245
1524650400000,0.237
1524654000000,0.213
1524657600000,0.202
1524661200000,0.196
1524664800000,0.19
1524668400000,0.178
1524672000000,0.165
1524675600000,0.169
1524679200000,0.191
1524682800000,0.223
1524686400000,0.247
1524690000000,0.254
1524693600000,0.245
1524697200000,0.226
1524700800000,0.166
1524704400000,0.092
1524708000000,0.038
1524711600000,0.021
1524715200000,0.055
1524718800000,0.111
1524722400000,0.185
1524726000000,0.258
1524729600000,0.284
1524733200000,0.256
1524736800000,0.208
1524740400000,0.206
1524744000000,0.213
1524747600000,0.23
1524751200000,0.229
1524754800000,0.231
1524758400000,0.233
1524762000000,0.245
1524765600000,0.253
1524769200000,0.261
1524772800000,0.259
1524776400000,0.241
1524780000000,0.229
1524783600000,0.208
1524787200000,0.142
1524790800000,0.084
1524794400000,0.046
1524798000000,0.039
1524801600000,0.051
1524805200000,0.11
1524808800000,0.176
1524812400000,0.258
1524816000000,0.332
1524819600000,0.37
1524823200000,0.352
1524826800000,0.379
1524830400000,0.396
1524834000000,0.401
1524837600000,0.383
1524841200000,0.38
1524844800000,0.388
1524848400000,0.379
1524852000000,0.358
1524855600000,0.343
1524859200000,0.328
1524862800000,0.295
1524866400000,0.294
1524870000000,0.281
1524873600000,0.192
1524877200000,0.118
1524880800000,0.064
1524884400000,0.05
1524888000000,0.056
1524891600000,0.101
1524895200000,0.176
1524898800000,0.245
1524902400000,0.28
1524906000000,0.26
1524909600000,0.218
1524913200000,0.227
1524916800000,0.267
1524920400000,0.302
1524924000000,0.312
1524927600000,0.323
1524931200000,0.316
1524934800000,0.302
1524938400000,0.283
1524942000000,0.273
1524945600000,0.27
1524949200000,0.242
1524952800000,0.229
1524956400000,0.201
1524960000000,0.115
1524963600000,0.044
1524967200000,0.013
1524970800000,0.01
1524974400000,0.018
1524978000000,0.039
1524981600000,0.071
1524985200000,0.095
1524988800000,0.108
1524992400000,0.11
1524996000000,0.099
1524999600000,0.1
1525003200000,0.103
1525006800000,0.116
1525010400000,0.119
1525014000000,0.126
1525017600000,0.12
1525021200000,0.118
1525024800000,0.118
1525028400000,0.121
1525032000000,0.118
1525035600000,0.11
1525039200000,0.107
1525042800000,0.095
1525046400000,0.054
1525050000000,0.021
1525053600000,0.004
1525057200000,0.0
1525060800000,0.001
1525064400000,0.006
1525068000000,0.026
1525071600000,0.071
1525075200000,0.101
1525078800000,0.113
1525082400000,0.124
1525086000000,0.138
1525089600000,0.155
1525093200000,0.177
1525096800000,0.181
1525100400000,0.194
1525104000000,0.213
1525107600000,0.218
1525111200000,0.222
1525114800000,0.225
1525118400000,0.231
1525122000000,0.216
1525125600000,0.209
1525129200000,0.214
1525132800000,0.144
1525136400000,0.084
1525140000000,0.039
1525143600000,0.017
1525147200000,0.023
1525150800000,0.062
1525154400000,0.114
1525158000000,0.186
1525161600000,0.243
1525165200000,0.234
1525168800000,0.189
1525172400000,0.145
1525176000000,0.111
1525179600000,0.124
1525183200000,0.145
1525186800000,0.167
1525190400000,0.171
1525194000000,0.162
1525197600000,0.14
1525201200000,0.125
1525204800000,0.117
1525208400000,0.104
1525212000000,0.099
1525215600000,0.105
1525219200000,0.058
1525222800000,0.024
1525226400000,0.016
1525230000000,0.014
1525233600000,0.025
1525237200000,0.054
1525240800000,0.067
1525244400000,0.051
1525248000000,0.03
1525251600000,0.018
1525255200000,0.019
1525258800000,0.018
1525262400000,0.015
1525266000000,0.015
1525269600000,0.015
1525273200000,0.016
1525276800000,0.015
1525280400000,0.016
1525284000000,0.021
1525287600000,0.03
1525291200000,0.044
1525294800000,0.053
1525298400000,0.049
1525302000000,0.049
1525305600000,0.022
1525309200000,0.008
1525312800000,0.007
1525316400000,0.019
1525320000000,0.046
1525323600000,0.087
1525327200000,0.145
1525330800000,0.223
1525334400000,0.321
1525338000000,0.323
1525341600000,0.285
1525345200000,0.253
1525348800000,0.245
1525352400000,0.24
1525356000000,0.225
1525359600000,0.238
1525363200000,0.272
1525366800000,0.301
1525370400000,0.328
1525374000000,0.334
1525377600000,0.368
1525381200000,0.394
1525384800000,0.449
1525388400000,0.529
1525392000000,0.529
1525395600000,0.488
1525399200000,0.43
1525402800000,0.4
1525406400000,0.382
1525410000000,0.373
1525413600000,0.376
1525417200000,0.413
1525420800000,0.494
1525424400000,0.511
1525428000000,0.476
1525431600000,0.504
1525435200000,0.504
1525438800000,0.487
1525442400000,0.435
1525446000000,0.395
1525449600000,0.355
1525453200000,0.332
1525456800000,0.343
1525460400000,0.363
1525464000000,0.376
1525467600000,0.357
1525471200000,0.376
1525474800000,0.442
1525478400000,0.376
1525482000000,0.263
1525485600000,0.153
1525489200000,0.092
1525492800000,0.058
1525496400000,0.045
1525500000000,0.061
1525503600000,0.051
1525507200000,0.043
1525510800000,0.025
1525514400000,0.02
1525518000000,0.027
1525521600000,0.024
1525525200000,0.042
1525528800000,0.059
1525532400000,0.072
1525536000000,0.075
1525539600000,0.074
1525543200000,0.069
1525546800000,0.064
1525550400000,0.059
1525554000000,0.056
1525557600000,0.054
1525561200000,0.077
1525564800000,0.064
1525568400000,0.035
1525572000000,0.039
1525575600000,0.089
1525579200000,0.092
1525582800000,0.064
1525586400000,0.07
1525590000000,0.062
1525593600000,0.039
1525597200000,0.02
1525600800000,0.01
1525604400000,0.003
1525608000000,0.002
1525611600000,0.004
1525615200000,0.005
1525618800000,0.004
1525622400000,0.003
1525626000000,0.003
1525629600000,0.004
1525633200000,0.005
1525636800000,0.005
1525640400000,0.004
1525644000000,0.001
1525647600000,0.0
1525651200000,0.0
1525654800000,0.0
1525658400000,0.003
1525662000000,0.01
1525665600000,0.021
1525669200000,0.04
1525672800000,0.046
1525676400000,0.042
1525680000000,0.036
1525683600000,0.029
1525687200000,0.025
1525690800000,0.016
1525694400000,0.008
1525698000000,0.002
1525701600000,0.0
1525705200000,0.0
1525708800000,0.0
1525712400000,0.001
1525716000000,0.008
1525719600000,0.016
1525723200000,0.01
1525726800000,0.008
1525730400000,0.005
1525734000000,0.008
1525737600000,0.008
1525741200000,0.011
1525744800000,0.024
1525748400000,0.054
1525752000000,0.082
1525755600000,0.084
1525759200000,0.069
1525762800000,0.048
1525766400000,0.027
1525770000000,0.011
1525773600000,0.006
1525777200000,0.005
1525780800000,0.002
1525784400000,0.002
1525788000000,0.012
1525791600000,0.023
1525795200000,0.018
1525798800000,0.007
1525802400000,0.001
1525806000000,0.0
1525809600000,0.001
1525813200000,0.004
1525816800000,0.005
1525820400000,0.007
1525824000000,0.009
1525827600000,0.01
1525831200000,0.015
1525834800000,0.035
1525838400000,0.076
1525842000000,0.112
1525845600000,0.137
1525849200000,0.159
1525852800000,0.163
1525856400000,0.139
1525860000000,0.122
1525863600000,0.114
1525867200000,0.118
1525870800000,0.139
1525874400000,0.155
1525878000000,0.157
1525881600000,0.16
1525885200000,0.161
1525888800000,0.167
1525892400000,0.168
1525896000000,0.168
1525899600000,0.171
1525903200000,0.176
1525906800000,0.177
1525910400000,0.164
1525914000000,0.135
1525917600000,0.098
1525921200000,0.084
1525924800000,0.093
1525928400000,0.123
1525932000000,0.175
1525935600000,0.238
1525939200000,0.311
1525942800000,0.364
1525946400000,0.395
1525950000000,0.439
1525953600000,0.438
1525957200000,0.429
1525960800000,0.407
1525964400000,0.37
1525968000000,0.324
1525971600000,0.305
1525975200000,0.295
1525978800000,0.288
1525982400000,0.278
1525986000000,0.252
1525989600000,0.211
1525993200000,0.166
1525996800000,0.101
1526000400000,0.052
1526004000000,0.025
1526007600000,0.038
1526011200000,0.11
1526014800000,0.179
1526018400000,0.259
1526022000000,0.292
1526025600000,0.3
1526029200000,0.291
1526032800000,0.265
1526036400000,0.264
1526040000000,0.27
1526043600000,0.281
1526047200000,0.287
1526050800000,0.278
1526054400000,0.251
1526058000000,0.227
1526061600000,0.204
1526065200000,0.175
1526068800000,0.15
1526072400000,0.12
1526076000000,0.095
1526079600000,0.067
1526083200000,0.03
1526086800000,0.009
1526090400000,0.002
1526094000000,0.005
1526097600000,0.024
1526101200000,0.064
1526104800000,0.123
1526108400000,0.131
1526112000000,0.124
1526115600000,0.122
1526119200000,0.12
1526122800000,0.13
1526126400000,0.13
1526130000000,0.131
1526133600000,0.127
1526137200000,0.142
1526140800000,0.16
1526144400000,0.165
1526148000000,0.16
1526151600000,0.157
1526155200000,0.142
1526158800000,0.12
1526162400000,0.085
1526166000000,0.099
1526169600000,0.082
1526173200000,0.041
1526176800000,0.011
1526180400000,0.002
1526184000000,0.008
1526187600000,0.025
1526191200000,0.063
1526194800000,0.072
1526198400000,0.065
1526202000000,0.055
1526205600000,0.053
1526209200000,0.047
1526212800000,0.043
1526216400000,0.042
1526220000000,0.042
1526223600000,0.043
1526227200000,0.048
1526230800000,0.053
1526234400000,0.048
1526238000000,0.033
1526241600000,0.023
1526245200000,0.022
1526248800000,0.023
1526252400000,0.038
1526256000000,0.061
1526259600000,0.051
1526263200000,0.017
1526266800000,0.002
1526270400000,0.001
1526274000000,0.002
1526277600000,0.019
1526281200000,0.025
1526284800000,0.029
1526288400000,0.04
1526292000000,0.055
1526295600000,0.058
1526299200000,0.058
1526302800000,0.074
1526306400000,0.089
1526310000000,0.112
1526313600000,0.133
1526317200000,0.142
1526320800000,0.147
1526324400000,0.155
1526328000000,0.16
1526331600000,0.14
1526335200000,0.103
1526338800000,0.105
1526342400000,0.076
1526346000000,0.043
1526349600000,0.025
1526353200000,0.026
1526356800000,0.042
1526360400000,0.058
1526364000000,0.065
1526367600000,0.052
1526371200000,0.032
1526374800000,0.017
1526378400000,0.013
1526382000000,0.01
1526385600000,0.008
1526389200000,0.007
1526392800000,0.008
1526396400000,0.009
1526400000000,0.008
1526403600000,0.005
1526407200000,0.006
1526410800000,0.008
1526414400000,0.014
1526418000000,0.021
1526421600000,0.016
1526425200000,0.03
1526428800000,0.023
1526432400000,0.006
1526436000000,0.0
1526439600000,0.001
1526443200000,0.015
1526446800000,0.051
1526450400000,0.087
1526454000000,0.088
1526457600000,0.068
1526461200000,0.053
1526464800000,0.05
1526468400000,0.044
1526472000000,0.037
1526475600000,0.038
1526479200000,0.041
1526482800000,0.044
1526486400000,0.041
1526490000000,0.035
1526493600000,0.032
1526497200000,0.026
1526500800000,0.024
1526504400000,0.02
1526508000000,0.012
1526511600000,0.006
1526515200000,0.0
1526518800000,0.0
1526522400000,0.0
1526526000000,0.0
1526529600000,0.006
1526533200000,0.052
1526536800000,0.098
1526540400000,0.112
1526544000000,0.112
1526547600000,0.111
1526551200000,0.103
1526554800000,0.109
1526558400000,0.115
1526562000000,0.128
1526565600000,0.127
1526569200000,0.126
1526572800000,0.133
1526576400000,0.143
1526580000000,0.144
1526583600000,0.139
1526587200000,0.12
1526590800000,0.084
1526594400000,0.034
1526598000000,0.011
1526601600000,0.001
1526605200000,0.0
1526608800000,0.0
1526612400000,0.002
1526616000000,0.026
1526619600000,0.079
1526623200000,0.135
1526626800000,0.156
1526630400000,0.144
1526634000000,0.127
1526637600000,0.115
1526641200000,0.117
1526644800000,0.119
1526648400000,0.125
1526652000000,0.127
1526655600000,0.122
1526659200000,0.127
1526662800000,0.132
1526666400000,0.137
1526670000000,0.147
1526673600000,0.154
1526677200000,0.139
1526680800000,0.108
1526684400000,0.085
1526688000000,0.048
1526691600000,0.02
1526695200000,0.004
1526698800000,0.004
1526702400000,0.022
1526706000000,0.057
1526709600000,0.105
1526713200000,0.149
1526716800000,0.18
1526720400000,0.186
1526724000000,0.151
1526727600000,0.137
1526731200000,0.14
1526734800000,0.167
1526738400000,0.2
1526742000000,0.229
1526745600000,0.233
1526749200000,0.231
1526752800000,0.23
1526756400000,0.236
1526760000000,0.228
1526763600000,0.199
1526767200000,0.17
1526770800000,0.156
1526774400000,0.101
1526778000000,0.047
1526781600000,0.018
1526785200000,0.018
1526788800000,0.033
1526792400000,0.045
1526796000000,0.059
1526799600000,0.058
1526803200000,0.041
1526806800000,0.022
1526810400000,0.018
1526814000000,0.022
1526817600000,0.037
1526821200000,0.06
1526824800000,0.078
1526828400000,0.092
1526832000000,0.097
1526835600000,0.106
1526839200000,0.107
1526842800000,0.11
1526846400000,0.114
1526850000000,0.1
1526853600000,0.09
1526857200000,0.086
1526860800000,0.063
1526864400000,0.042
1526868000000,0.027
1526871600000,0.021
1526875200000,0.025
1526878800000,0.045
1526882400000,0.062
1526886000000,0.057
1526889600000,0.034
1526893200000,0.018
1526896800000,0.012
1526900400000,0.015
1526904000000,0.026
1526907600000,0.043
1526911200000,0.059
1526914800000,0.064
1526918400000,0.068
1526922000000,0.07
1526925600000,0.076
1526929200000,0.079
1526932800000,0.078
1526936400000,0.066
1526940000000,0.046
1526943600000,0.04
1526947200000,0.02
1526950800000,0.005
1526954400000,0.0
1526958000000,0.002
1526961600000,0.024
1526965200000,0.061
1526968800000,0.084
1526972400000,0.086
1526976000000,0.067
1526979600000,0.041
1526983200000,0.021
1526986800000,0.011
1526990400000,0.008
1526994000000,0.008
1526997600000,0.008
1527001200000,0.004
1527004800000,0.001
1527008400000,0.0
1527012000000,0.0
1527015600000,0.0
1527019200000,0.0
1527022800000,0.001
1527026400000,0.0
1527030000000,0.0
1527033600000,0.0
1527037200000,0.0
1527040800000,0.0
1527044400000,0.001
1527048000000,0.011
1527051600000,0.041
1527055200000,0.092
1527058800000,0.124
1527062400000,0.123
1527066000000,0.112
1527069600000,0.096
1527073200000,0.086
1527076800000,0.089
1527080400000,0.102
1527084000000,0.117
1527087600000,0.118
1527091200000,0.121
1527094800000,0.118
1527098400000,0.112
1527102000000,0.106
1527105600000,0.097
1527109200000,0.079
1527112800000,0.048
1527116400000,0.03
1527120000000,0.007
1527123600000,0.0
1527127200000,0.0
1527130800000,0.001
1527134400000,0.016
1527138000000,0.041
1527141600000,0.059
1527145200000,0.058
1527148800000,0.038
1527152400000,0.025
1527156000000,0.016
1527159600000,0.009
1527163200000,0.005
1527166800000,0.006
1527170400000,0.007
1527174000000,0.011
1527177600000,0.012
1527181200000,0.009
1527184800000,0.007
1527188400000,0.006
1527192000000,0.006
1527195600000,0.008
1527199200000,0.01
1527202800000,0.011
1527206400000,0.008
1527210000000,0.005
1527213600000,0.002
1527217200000,0.015
1527220800000,0.053
1527224400000,0.087
1527228000000,0.097
1527231600000,0.083
1527235200000,0.058
1527238800000,0.036
1527242400000,0.02
1527246000000,0.008
1527249600000,0.002
1527253200000,0.0
1527256800000,0.0
1527260400000,0.0
1527264000000,0.0
1527267600000,0.0
1527271200000,0.0
1527274800000,0.0
1527278400000,0.0
1527282000000,0.001
1527285600000,0.001
1527289200000,0.001
1527292800000,0.001
1527296400000,0.0
1527300000000,0.001
1527303600000,0.013
1527307200000,0.051
1527310800000,0.099
1527314400000,0.112
1527318000000,0.093
1527321600000,0.067
1527325200000,0.05
1527328800000,0.047
1527332400000,0.043
1527336000000,0.035
1527339600000,0.03
1527343200000,0.027
1527346800000,0.021
1527350400000,0.018
1527354000000,0.018
1527357600000,0.02
1527361200000,0.023
1527364800000,0.025
1527368400000,0.02
1527372000000,0.008
1527375600000,0.002
1527379200000,0.0
1527382800000,0.0
1527386400000,0.0
1527390000000,0.005
1527393600000,0.019
1527397200000,0.041
1527400800000,0.078
1527404400000,0.111
1527408000000,0.127
1527411600000,0.132
1527415200000,0.119
1527418800000,0.11
1527422400000,0.093
1527426000000,0.074
1527429600000,0.056
1527433200000,0.039
1527436800000,0.031
1527440400000,0.031
1527444000000,0.039
1527447600000,0.052
1527451200000,0.067
1527454800000,0.068
1527458400000,0.055
1527462000000,0.032
1527465600000,0.006
1527469200000,0.0
1527472800000,0.002
1527476400000,0.015
1527480000000,0.047
1527483600000,0.093
1527487200000,0.138
1527490800000,0.161
1527494400000,0.16
1527498000000,0.155
1527501600000,0.135
1527505200000,0.131
1527508800000,0.133
1527512400000,0.131
1527516000000,0.131
1527519600000,0.126
1527523200000,0.133
1527526800000,0.145
1527530400000,0.153
1527534000000,0.154
1527537600000,0.147
1527541200000,0.124
1527544800000,0.092
1527548400000,0.064
1527552000000,0.039
1527555600000,0.025
1527559200000,0.017
1527562800000,0.023
1527566400000,0.048
1527570000000,0.101
1527573600000,0.179
1527577200000,0.25
1527580800000,0.288
1527584400000,0.275
1527588000000,0.213
1527591600000,0.171
1527595200000,0.147
1527598800000,0.144
1527602400000,0.144
1527606000000,0.152
1527609600000,0.163
1527613200000,0.167
1527616800000,0.163
1527620400000,0.163
1527624000000,0.164
1527627600000,0.156
1527631200000,0.146
1527634800000,0.135
1527638400000,0.084
1527642000000,0.04
1527645600000,0.013
1527649200000,0.003
1527652800000,0.009
1527656400000,0.027
1527660000000,0.038
1527663600000,0.057
1527667200000,0.065
1527670800000,0.054
1527674400000,0.037
1527678000000,0.021
1527681600000,0.013
1527685200000,0.01
1527688800000,0.011
1527692400000,0.015
1527696000000,0.02
1527699600000,0.03
1527703200000,0.037
1527706800000,0.038
1527710400000,0.032
1527714000000,0.025
1527717600000,0.018
1527721200000,0.024
1527724800000,0.018
1527728400000,0.009
1527732000000,0.002
1527735600000,0.0
1527739200000,0.004
1527742800000,0.024
1527746400000,0.047
1527750000000,0.048
1527753600000,0.029
1527757200000,0.016
1527760800000,0.01
1527764400000,0.006
1527768000000,0.005
1527771600000,0.009
1527775200000,0.015
1527778800000,0.02
1527782400000,0.022
1527786000000,0.021
1527789600000,0.021
1527793200000,0.022
1527796800000,0.022
1527800400000,0.018
1527804000000,0.01
1527807600000,0.01
1527811200000,0.009
1527814800000,0.005
1527818400000,0.001
1527822000000,0.0
1527825600000,0.0
1527829200000,0.004
1527832800000,0.022
1527836400000,0.067
1527840000000,0.101
1527843600000,0.11
1527847200000,0.116
1527850800000,0.123
1527854400000,0.126
1527858000000,0.131
1527861600000,0.12
1527865200000,0.118
1527868800000,0.123
1527872400000,0.125
1527876000000,0.133
1527879600000,0.134
1527883200000,0.141
1527886800000,0.139
1527890400000,0.139
1527894000000,0.124
1527897600000,0.079
1527901200000,0.035
1527904800000,0.008
1527908400000,0.001
1527912000000,0.0
1527915600000,0.0
1527919200000,0.001
1527922800000,0.002
1527926400000,0.002
1527930000000,0.004
1527933600000,0.004
1527937200000,0.003
1527940800000,0.003
1527944400000,0.004
1527948000000,0.006
1527951600000,0.007
1527955200000,0.009
1527958800000,0.011
1527962400000,0.009
1527966000000,0.003
1527969600000,0.001
1527973200000,0.002
1527976800000,0.009
1527980400000,0.021
1527984000000,0.044
1527987600000,0.041
1527991200000,0.031
1527994800000,0.014
1527998400000,0.007
1528002000000,0.006
1528005600000,0.007
1528009200000,0.007
1528012800000,0.007
1528016400000,0.007
1528020000000,0.005
1528023600000,0.002
1528027200000,0.001
1528030800000,0.002
1528034400000,0.006
1528038000000,0.006
1528041600000,0.004
1528045200000,0.002
1528048800000,0.002
1528052400000,0.002
1528056000000,0.002
1528059600000,0.003
1528063200000,0.003
1528066800000,0.003
1528070400000,0.002
1528074000000,0.002
1528077600000,0.001
1528081200000,0.001
1528084800000,0.003
1528088400000,0.011
1528092000000,0.028
1528095600000,0.039
1528099200000,0.028
1528102800000,0.017
1528106400000,0.017
1528110000000,0.019
1528113600000,0.019
1528117200000,0.017
1528120800000,0.013
1528124400000,0.011
1528128000000,0.014
1528131600000,0.017
1528135200000,0.019
1528138800000,0.02
1528142400000,0.02
1528146000000,0.017
1528149600000,0.015
1528153200000,0.012
1528156800000,0.007
1528160400000,0.003
1528164000000,0.002
1528167600000,0.005
1528171200000,0.009
1528174800000,0.03
1528178400000,0.053
1528182000000,0.072
1528185600000,0.082
1528189200000,0.082
1528192800000,0.097
1528196400000,0.085
1528200000000,0.041
1528203600000,0.021
1528207200000,0.015
1528210800000,0.013
1528214400000,0.011
1528218000000,0.009
1528221600000,0.007
1528225200000,0.005
1528228800000,0.006
1528232400000,0.006
1528236000000,0.004
1528239600000,0.003
1528243200000,0.001
1528246800000,0.0
1528250400000,0.0
1528254000000,0.0
1528257600000,0.001
1528261200000,0.025
1528264800000,0.091
1528268400000,0.095
1528272000000,0.075
1528275600000,0.05
1528279200000,0.033
1528282800000,0.023
1528286400000,0.013
1528290000000,0.011
1528293600000,0.009
1528297200000,0.005
1528300800000,0.003
1528304400000,0.003
1528308000000,0.004
1528311600000,0.003
1528315200000,0.002
1528318800000,0.001
1528322400000,0.0
1528326000000,0.0
1528329600000,0.0
1528333200000,0.0
1528336800000,0.0
1528340400000,0.0
1528344000000,0.0
1528347600000,0.021
1528351200000,0.069
1528354800000,0.082
1528358400000,0.081
1528362000000,0.057
1528365600000,0.047
1528369200000,0.048
1528372800000,0.045
1528376400000,0.037
1528380000000,0.033
1528383600000,0.036
1528387200000,0.047
1528390800000,0.054
1528394400000,0.057
1528398000000,0.055
1528401600000,0.054
1528405200000,0.046
1528408800000,0.03
1528412400000,0.025
1528416000000,0.012
1528419600000,0.002
1528423200000,0.001
1528426800000,0.024
1528430400000,0.105
1528434000000,0.187
1528437600000,0.272
1528441200000,0.345
1528444800000,0.379
1528448400000,0.317
1528452000000,0.231
1528455600000,0.201
1528459200000,0.201
1528462800000,0.177
1528466400000,0.139
1528470000000,0.122
1528473600000,0.144
1528477200000,0.194
1528480800000,0.265
1528484400000,0.352
1528488000000,0.45
1528491600000,0.479
1528495200000,0.41
1528498800000,0.361
1528502400000,0.354
1528506000000,0.337
1528509600000,0.31
1528513200000,0.327
1528516800000,0.367
1528520400000,0.378
1528524000000,0.335
1528527600000,0.212
1528531200000,0.079
1528534800000,0.022
1528538400000,0.042
1528542000000,0.131
1528545600000,0.252
1528549200000,0.27
1528552800000,0.283
1528556400000,0.372
1528560000000,0.479
1528563600000,0.549
1528567200000,0.519
1528570800000,0.476
1528574400000,0.472
1528578000000,0.422
1528581600000,0.433
1528585200000,0.535
1528588800000,0.626
1528592400000,0.675
1528596000000,0.698
1528599600000,0.714
1528603200000,0.718
1528606800000,0.716
1528610400000,0.755
1528614000000,0.761
1528617600000,0.664
1528621200000,0.481
1528624800000,0.423
1528628400000,0.432
1528632000000,0.386
1528635600000,0.383
1528639200000,0.516
1528642800000,0.645
1528646400000,0.695
1528650000000,0.732
1528653600000,0.774
1528657200000,0.791
1528660800000,0.78
1528664400000,0.705
1528668000000,0.538
1528671600000,0.476
1528675200000,0.566
1528678800000,0.82
1528682400000,0.897
1528686000000,0.904
1528689600000,0.906
1528693200000,0.913
1528696800000,0.901
1528700400000,0.868
1528704000000,0.835
1528707600000,0.804
1528711200000,0.786
1528714800000,0.787
1528718400000,0.787
1528722000000,0.751
1528725600000,0.668
1528729200000,0.599
1528732800000,0.552
1528736400000,0.511
1528740000000,0.51
1528743600000,0.552
1528747200000,0.602
1528750800000,0.568
1528754400000,0.481
1528758000000,0.473
1528761600000,0.436
1528765200000,0.453
1528768800000,0.62
1528772400000,0.755
1528776000000,0.814
1528779600000,0.831
1528783200000,0.839
1528786800000,0.86
1528790400000,0.92
1528794000000,0.844
1528797600000,0.633
1528801200000,0.59
1528804800000,0.637
1528808400000,0.656
1528812000000,0.684
1528815600000,0.699
1528819200000,0.733
1528822800000,0.753
1528826400000,0.786
1528830000000,0.819
1528833600000,0.826
1528837200000,0.802
1528840800000,0.791
1528844400000,0.835
1528848000000,0.877
1528851600000,0.895
1528855200000,0.906
1528858800000,0.908
1528862400000,0.919
1528866000000,0.923
1528869600000,0.925
1528873200000,0.92
1528876800000,0.9
1528880400000,0.887
1528884000000,0.89
1528887600000,0.888
1528891200000,0.893
1528894800000,0.886
1528898400000,0.862
1528902000000,0.86
1528905600000,0.868
1528909200000,0.866
1528912800000,0.866
1528916400000,0.868
1528920000000,0.872
1528923600000,0.872
1528927200000,0.864
1528930800000,0.877
1528934400000,0.927
1528938000000,0.961
1528941600000,0.977
1528945200000,0.985
1528948800000,0.989
1528952400000,0.989
1528956000000,0.987
1528959600000,0.979
1528963200000,0.959
1528966800000,0.929
1528970400000,0.917
1528974000000,0.919
1528977600000,0.924
1528981200000,0.93
1528984800000,0.936
1528988400000,0.932
1528992000000,0.93
1528995600000,0.937
1528999200000,0.941
1529002800000,0.941
1529006400000,0.939
1529010000000,0.932
1529013600000,0.924
1529017200000,0.92
1529020800000,0.934
1529024400000,0.95
1529028000000,0.955
1529031600000,0.955
1529035200000,0.956
1529038800000,0.956
1529042400000,0.946
1529046000000,0.917
1529049600000,0.881
1529053200000,0.852
1529056800000,0.817
1529060400000,0.768
1529064000000,0.711
1529067600000,0.653
1529071200000,0.619
1529074800000,0.618
1529078400000,0.628
1529082000000,0.618
1529085600000,0.581
1529089200000,0.539
1529092800000,0.501
1529096400000,0.484
1529100000000,0.466
1529103600000,0.53
1529107200000,0.571
1529110800000,0.606
1529114400000,0.638
1529118000000,0.658
1529121600000,0.67
1529125200000,0.648
1529128800000,0.601
1529132400000,0.516
1529136000000,0.415
1529139600000,0.337
1529143200000,0.3
1529146800000,0.264
1529150400000,0.243
1529154000000,0.233
1529157600000,0.229
1529161200000,0.202
1529164800000,0.169
1529168400000,0.176
1529172000000,0.207
1529175600000,0.238
1529179200000,0.257
1529182800000,0.305
1529186400000,0.355
1529190000000,0.424
1529193600000,0.503
1529197200000,0.558
1529200800000,0.607
1529204400000,0.615
1529208000000,0.61
1529211600000,0.59
1529215200000,0.562
1529218800000,0.504
1529222400000,0.452
1529226000000,0.385
1529229600000,0.325
1529233200000,0.296
1529236800000,0.281
1529240400000,0.302
1529244000000,0.323
1529247600000,0.326
1529251200000,0.335
1529254800000,0.348
1529258400000,0.341
1529262000000,0.323
1529265600000,0.32
1529269200000,0.354
1529272800000,0.389
1529276400000,0.446
1529280000000,0.519
1529283600000,0.538
1529287200000,0.563
1529290800000,0.535
1529294400000,0.501
1529298000000,0.488
1529301600000,0.484
1529305200000,0.454
1529308800000,0.425
1529312400000,0.346
1529316000000,0.3
1529319600000,0.307
1529323200000,0.291
1529326800000,0.259
1529330400000,0.223
1529334000000,0.223
1529337600000,0.237
1529341200000,0.246
1529344800000,0.254
1529348400000,0.268
1529352000000,0.282
1529355600000,0.314
1529359200000,0.308
1529362800000,0.328
1529366400000,0.378
1529370000000,0.404
1529373600000,0.414
1529377200000,0.401
1529380800000,0.388
1529384400000,0.379
1529388000000,0.368
1529391600000,0.328
1529395200000,0.262
1529398800000,0.23
1529402400000,0.206
1529406000000,0.208
1529409600000,0.238
1529413200000,0.289
1529416800000,0.352
1529420400000,0.398
1529424000000,0.407
1529427600000,0.411
1529431200000,0.415
1529434800000,0.403
1529438400000,0.364
1529442000000,0.31
1529445600000,0.235
1529449200000,0.217
1529452800000,0.213
1529456400000,0.201
1529460000000,0.192
1529463600000,0.191
1529467200000,0.185
1529470800000,0.176
1529474400000,0.169
1529478000000,0.17
1529481600000,0.163
1529485200000,0.142
1529488800000,0.136
1529492400000,0.141
1529496000000,0.144
1529499600000,0.147
1529503200000,0.153
1529506800000,0.156
1529510400000,0.155
1529514000000,0.159
1529517600000,0.169
1529521200000,0.18
1529524800000,0.183
1529528400000,0.179
1529532000000,0.133
1529535600000,0.103
1529539200000,0.107
1529542800000,0.134
1529546400000,0.171
1529550000000,0.212
1529553600000,0.26
1529557200000,0.286
1529560800000,0.299
1529564400000,0.288
1529568000000,0.239
1529571600000,0.163
1529575200000,0.116
1529578800000,0.085
1529582400000,0.073
1529586000000,0.069
1529589600000,0.065
1529593200000,0.055
1529596800000,0.051
1529600400000,0.053
1529604000000,0.064
1529607600000,0.078
1529611200000,0.091
1529614800000,0.103
1529618400000,0.092
1529622000000,0.063
1529625600000,0.039
1529629200000,0.031
1529632800000,0.033
1529636400000,0.041
1529640000000,0.055
1529643600000,0.06
1529647200000,0.068
1529650800000,0.087
1529654400000,0.109
1529658000000,0.109
1529661600000,0.099
1529665200000,0.08
1529668800000,0.055
1529672400000,0.039
1529676000000,0.035
1529679600000,0.036
1529683200000,0.035
1529686800000,0.029
1529690400000,0.016
1529694000000,0.005
1529697600000,0.0
1529701200000,0.001
1529704800000,0.008
1529708400000,0.038
1529712000000,0.057
1529715600000,0.062
1529719200000,0.064
1529722800000,0.065
1529726400000,0.062
1529730000000,0.047
1529733600000,0.032
1529737200000,0.036
1529740800000,0.043
1529744400000,0.043
1529748000000,0.037
1529751600000,0.025
1529755200000,0.011
1529758800000,0.004
1529762400000,0.001
1529766000000,0.0
1529769600000,0.0
1529773200000,0.0
1529776800000,0.0
1529780400000,0.0
1529784000000,0.0
1529787600000,0.0
1529791200000,0.001
1529794800000,0.002
1529798400000,0.003
1529802000000,0.003
1529805600000,0.002
1529809200000,0.001
1529812800000,0.0
1529816400000,0.0
1529820000000,0.001
1529823600000,0.001
1529827200000,0.003
1529830800000,0.006
1529834400000,0.013
1529838000000,0.016
1529841600000,0.015
1529845200000,0.014
1529848800000,0.014
1529852400000,0.012
1529856000000,0.011
1529859600000,0.013
1529863200000,0.017
1529866800000,0.021
1529870400000,0.026
1529874000000,0.028
1529877600000,0.022
1529881200000,0.022
1529884800000,0.029
1529888400000,0.028
1529892000000,0.028
1529895600000,0.031
1529899200000,0.041
1529902800000,0.055
1529906400000,0.076
1529910000000,0.1
1529913600000,0.113
1529917200000,0.13
1529920800000,0.138
1529924400000,0.145
1529928000000,0.141
1529931600000,0.13
1529935200000,0.11
1529938800000,0.098
1529942400000,0.093
1529946000000,0.091
1529949600000,0.093
1529953200000,0.096
1529956800000,0.104
1529960400000,0.099
1529964000000,0.106
1529967600000,0.142
1529971200000,0.163
1529974800000,0.164
1529978400000,0.157
1529982000000,0.16
1529985600000,0.158
1529989200000,0.146
1529992800000,0.136
1529996400000,0.132
1530000000000,0.138
1530003600000,0.128
1530007200000,0.103
1530010800000,0.091
1530014400000,0.082
1530018000000,0.08
1530021600000,0.074
1530025200000,0.059
1530028800000,0.038
1530032400000,0.021
1530036000000,0.014
1530039600000,0.016
1530043200000,0.029
1530046800000,0.042
1530050400000,0.03
1530054000000,0.023
1530057600000,0.029
1530061200000,0.024
1530064800000,0.014
1530068400000,0.009
1530072000000,0.009
1530075600000,0.01
1530079200000,0.017
1530082800000,0.023
1530086400000,0.025
1530090000000,0.028
1530093600000,0.032
1530097200000,0.028
1530100800000,0.019
1530104400000,0.011
1530108000000,0.006
1530111600000,0.005
1530115200000,0.004
1530118800000,0.005
1530122400000,0.011
1530126000000,0.027
1530129600000,0.046
1530133200000,0.054
1530136800000,0.044
1530140400000,0.03
1530144000000,0.029
1530147600000,0.029
1530151200000,0.027
1530154800000,0.028
1530158400000,0.042
1530162000000,0.062
1530165600000,0.082
1530169200000,0.088
1530172800000,0.084
1530176400000,0.071
1530180000000,0.074
1530183600000,0.071
1530187200000,0.065
1530190800000,0.058
1530194400000,0.052
1530198000000,0.048
1530201600000,0.052
1530205200000,0.053
1530208800000,0.051
1530212400000,0.052
1530216000000,0.054
1530219600000,0.072
1530223200000,0.083
1530226800000,0.105
1530230400000,0.133
1530234000000,0.168
1530237600000,0.2
1530241200000,0.22
1530244800000,0.233
1530248400000,0.245
1530252000000,0.26
1530255600000,0.257
1530259200000,0.213
1530262800000,0.158
1530266400000,0.134
1530270000000,0.131
1530273600000,0.127
1530277200000,0.126
1530280800000,0.131
1530284400000,0.136
1530288000000,0.139
1530291600000,0.151
1530295200000,0.152
1530298800000,0.151
1530302400000,0.157
1530306000000,0.161
1530309600000,0.142
1530313200000,0.177
1530316800000,0.185
1530320400000,0.213
1530324000000,0.251
1530327600000,0.302
1530331200000,0.347
1530334800000,0.379
1530338400000,0.4
1530342000000,0.395
1530345600000,0.353
1530349200000,0.274
1530352800000,0.222
1530356400000,0.225
1530360000000,0.204
1530363600000,0.206
1530367200000,0.214
1530370800000,0.246
1530374400000,0.296
1530378000000,0.345
1530381600000,0.386
1530385200000,0.407
1530388800000,0.425
1530392400000,0.42
1530396000000,0.356
1530399600000,0.402
1530403200000,0.466
1530406800000,0.479
1530410400000,0.502
1530414000000,0.55
1530417600000,0.574
1530421200000,0.556
1530424800000,0.515
1530428400000,0.46
1530432000000,0.407
1530435600000,0.367
1530439200000,0.365
1530442800000,0.369
1530446400000,0.369
1530450000000,0.361
1530453600000,0.37
1530457200000,0.398
1530460800000,0.432
1530464400000,0.483
1530468000000,0.501
1530471600000,0.503
1530475200000,0.538
1530478800000,0.525
1530482400000,0.467
1530486000000,0.461
1530489600000,0.495
1530493200000,0.493
1530496800000,0.469
1530500400000,0.438
1530504000000,0.421
1530507600000,0.416
1530511200000,0.407
1530514800000,0.382
1530518400000,0.34
1530522000000,0.256
1530525600000,0.206
1530529200000,0.18
1530532800000,0.173
1530536400000,0.185
1530540000000,0.199
1530543600000,0.218
1530547200000,0.238
1530550800000,0.274
1530554400000,0.318
1530558000000,0.337
1530561600000,0.33
1530565200000,0.337
1530568800000,0.319
1530572400000,0.373
1530576000000,0.413
1530579600000,0.461
1530583200000,0.501
1530586800000,0.539
1530590400000,0.578
1530594000000,0.613
1530597600000,0.623
1530601200000,0.615
1530604800000,0.563
1530608400000,0.447
1530612000000,0.364
1530615600000,0.334
1530619200000,0.305
1530622800000,0.295
1530626400000,0.289
1530630000000,0.292
1530633600000,0.294
1530637200000,0.296
1530640800000,0.31
1530644400000,0.334
1530648000000,0.362
1530651600000,0.386
1530655200000,0.337
1530658800000,0.344
1530662400000,0.42
1530666000000,0.445
1530669600000,0.447
1530673200000,0.446
1530676800000,0.45
1530680400000,0.474
1530684000000,0.503
1530687600000,0.496
1530691200000,0.435
1530694800000,0.323
1530698400000,0.245
1530702000000,0.236
1530705600000,0.22
1530709200000,0.191
1530712800000,0.163
1530716400000,0.164
1530720000000,0.167
1530723600000,0.169
1530727200000,0.2
1530730800000,0.264
1530734400000,0.335
1530738000000,0.383
1530741600000,0.389
1530745200000,0.415
1530748800000,0.498
1530752400000,0.539
1530756000000,0.48
1530759600000,0.391
1530763200000,0.311
1530766800000,0.251
1530770400000,0.196
1530774000000,0.145
1530777600000,0.093
1530781200000,0.06
1530784800000,0.038
1530788400000,0.026
1530792000000,0.021
1530795600000,0.019
1530799200000,0.025
1530802800000,0.048
1530806400000,0.076
1530810000000,0.095
1530813600000,0.101
1530817200000,0.094
1530820800000,0.097
1530824400000,0.133
1530828000000,0.144
1530831600000,0.133
1530835200000,0.144
1530838800000,0.132
1530842400000,0.11
1530846000000,0.082
1530849600000,0.062
1530853200000,0.06
1530856800000,0.07
1530860400000,0.068
1530864000000,0.068
1530867600000,0.063
1530871200000,0.058
1530874800000,0.045
1530878400000,0.035
1530882000000,0.032
1530885600000,0.026
1530889200000,0.012
1530892800000,0.001
1530896400000,0.001
1530900000000,0.004
1530903600000,0.014
1530907200000,0.028
1530910800000,0.03
1530914400000,0.024
1530918000000,0.017
1530921600000,0.021
1530925200000,0.027
1530928800000,0.029
1530932400000,0.02
1530936000000,0.006
1530939600000,0.002
1530943200000,0.001
1530946800000,0.004
1530950400000,0.006
1530954000000,0.015
1530957600000,0.045
1530961200000,0.091
1530964800000,0.095
1530968400000,0.069
1530972000000,0.06
1530975600000,0.077
1530979200000,0.107
1530982800000,0.145
1530986400000,0.177
1530990000000,0.22
1530993600000,0.274
1530997200000,0.265
1531000800000,0.22
1531004400000,0.245
1531008000000,0.249
1531011600000,0.22
1531015200000,0.168
1531018800000,0.121
1531022400000,0.097
1531026000000,0.083
1531029600000,0.07
1531033200000,0.062
1531036800000,0.085
1531040400000,0.127
1531044000000,0.168
1531047600000,0.201
1531051200000,0.212
1531054800000,0.195
1531058400000,0.171
1531062000000,0.136
1531065600000,0.099
1531069200000,0.078
1531072800000,0.082
1531076400000,0.09
1531080000000,0.087
1531083600000,0.07
1531087200000,0.049
1531090800000,0.056
1531094400000,0.038
1531098000000,0.018
1531101600000,0.011
1531105200000,0.018
1531108800000,0.017
1531112400000,0.022
1531116000000,0.037
1531119600000,0.047
1531123200000,0.035
1531126800000,0.016
1531130400000,0.005
1531134000000,0.003
1531137600000,0.009
1531141200000,0.008
1531144800000,0.005
1531148400000,0.004
1531152000000,0.004
1531155600000,0.002
1531159200000,0.001
1531162800000,0.001
1531166400000,0.001
1531170000000,0.002
1531173600000,0.001
1531177200000,0.0
1531180800000,0.001
1531184400000,0.007
1531188000000,0.038
1531191600000,0.095
1531195200000,0.151
1531198800000,0.195
1531202400000,0.235
1531206000000,0.27
1531209600000,0.269
1531213200000,0.228
1531216800000,0.198
1531220400000,0.184
1531224000000,0.17
1531227600000,0.156
1531231200000,0.156
1531234800000,0.2
1531238400000,0.237
1531242000000,0.278
1531245600000,0.305
1531249200000,0.32
1531252800000,0.303
1531256400000,0.289
1531260000000,0.27
1531263600000,0.313
1531267200000,0.323
1531270800000,0.337
1531274400000,0.358
1531278000000,0.388
1531281600000,0.411
1531285200000,0.41
1531288800000,0.391
1531292400000,0.362
1531296000000,0.309
1531299600000,0.205
1531303200000,0.118
1531306800000,0.126
1531310400000,0.132
1531314000000,0.124
1531317600000,0.113
1531321200000,0.095
1531324800000,0.069
1531328400000,0.05
1531332000000,0.034
1531335600000,0.025
1531339200000,0.025
1531342800000,0.029
1531346400000,0.034
1531350000000,0.037
1531353600000,0.041
1531357200000,0.036
1531360800000,0.023
1531364400000,0.007
1531368000000,0.001
1531371600000,0.0
1531375200000,0.0
1531378800000,0.0
1531382400000,0.001
1531386000000,0.004
1531389600000,0.009
1531393200000,0.024
1531396800000,0.062
1531400400000,0.092
1531404000000,0.101
1531407600000,0.089
1531411200000,0.085
1531414800000,0.086
1531418400000,0.078
1531422000000,0.079
1531425600000,0.088
1531429200000,0.076
1531432800000,0.048
1531436400000,0.038
1531440000000,0.042
1531443600000,0.04
1531447200000,0.039
1531450800000,0.048
1531454400000,0.061
1531458000000,0.079
1531461600000,0.093
1531465200000,0.101
1531468800000,0.121
1531472400000,0.172
1531476000000,0.237
1531479600000,0.261
1531483200000,0.241
1531486800000,0.204
1531490400000,0.167
1531494000000,0.138
1531497600000,0.112
1531501200000,0.093
1531504800000,0.093
1531508400000,0.118
1531512000000,0.151
1531515600000,0.171
1531519200000,0.185
1531522800000,0.238
1531526400000,0.259
1531530000000,0.228
1531533600000,0.176
1531537200000,0.118
1531540800000,0.083
1531544400000,0.072
1531548000000,0.078
1531551600000,0.086
1531555200000,0.074
1531558800000,0.05
1531562400000,0.042
1531566000000,0.094
1531569600000,0.159
1531573200000,0.225
1531576800000,0.31
1531580400000,0.314
1531584000000,0.233
1531587600000,0.186
1531591200000,0.184
1531594800000,0.199
1531598400000,0.177
1531602000000,0.164
1531605600000,0.135
1531609200000,0.124
1531612800000,0.095
1531616400000,0.052
1531620000000,0.022
1531623600000,0.011
1531627200000,0.013
1531630800000,0.023
1531634400000,0.035
1531638000000,0.04
1531641600000,0.046
1531645200000,0.058
1531648800000,0.091
1531652400000,0.12
1531656000000,0.099
1531659600000,0.057
1531663200000,0.019
1531666800000,0.005
1531670400000,0.003
1531674000000,0.002
1531677600000,0.005
1531681200000,0.009
1531684800000,0.008
1531688400000,0.005
1531692000000,0.004
1531695600000,0.002
1531699200000,0.001
1531702800000,0.0
1531706400000,0.001
1531710000000,0.013
1531713600000,0.054
1531717200000,0.114
1531720800000,0.122
1531724400000,0.103
1531728000000,0.125
1531731600000,0.194
1531735200000,0.2
1531738800000,0.165
1531742400000,0.155
1531746000000,0.209
1531749600000,0.259
1531753200000,0.249
1531756800000,0.22
1531760400000,0.222
1531764000000,0.23
1531767600000,0.272
1531771200000,0.273
1531774800000,0.236
1531778400000,0.15
1531782000000,0.129
1531785600000,0.09
1531789200000,0.039
1531792800000,0.018
1531796400000,0.01
1531800000000,0.017
1531803600000,0.069
1531807200000,0.109
1531810800000,0.14
1531814400000,0.141
1531818000000,0.122
1531821600000,0.102
1531825200000,0.084
1531828800000,0.07
1531832400000,0.072
1531836000000,0.093
1531839600000,0.12
1531843200000,0.122
1531846800000,0.116
1531850400000,0.126
1531854000000,0.176
1531857600000,0.267
1531861200000,0.273
1531864800000,0.187
1531868400000,0.144
1531872000000,0.172
1531875600000,0.198
1531879200000,0.22
1531882800000,0.246
1531886400000,0.292
1531890000000,0.379
1531893600000,0.529
1531897200000,0.64
1531900800000,0.653
1531904400000,0.556
1531908000000,0.334
1531911600000,0.136
1531915200000,0.087
1531918800000,0.133
1531922400000,0.21
1531926000000,0.257
1531929600000,0.31
1531933200000,0.346
1531936800000,0.364
1531940400000,0.394
1531944000000,0.413
1531947600000,0.425
1531951200000,0.412
1531954800000,0.48
1531958400000,0.516
1531962000000,0.569
1531965600000,0.615
1531969200000,0.621
1531972800000,0.595
1531976400000,0.53
1531980000000,0.425
1531983600000,0.316
1531987200000,0.252
1531990800000,0.163
1531994400000,0.12
1531998000000,0.122
1532001600000,0.161
1532005200000,0.167
1532008800000,0.162
1532012400000,0.184
1532016000000,0.21
1532019600000,0.245
1532023200000,0.265
1532026800000,0.264
1532030400000,0.264
1532034000000,0.251
1532037600000,0.227
1532041200000,0.261
1532044800000,0.247
1532048400000,0.246
1532052000000,0.257
1532055600000,0.307
1532059200000,0.374
1532062800000,0.387
1532066400000,0.353
1532070000000,0.3
1532073600000,0.241
1532077200000,0.191
1532080800000,0.135
1532084400000,0.106
1532088000000,0.137
1532091600000,0.193
1532095200000,0.209
1532098800000,0.264
1532102400000,0.329
1532106000000,0.381
1532109600000,0.385
1532113200000,0.334
1532116800000,0.282
1532120400000,0.314
1532124000000,0.363
1532127600000,0.458
1532131200000,0.588
1532134800000,0.63
1532138400000,0.574
1532142000000,0.556
1532145600000,0.534
1532149200000,0.488
1532152800000,0.564
1532156400000,0.754
1532160000000,0.837
1532163600000,0.875
1532167200000,0.902
1532170800000,0.913
1532174400000,0.923
1532178000000,0.955
1532181600000,0.949
1532185200000,0.903
1532188800000,0.835
1532192400000,0.731
1532196000000,0.648
1532199600000,0.598
1532203200000,0.549
1532206800000,0.533
1532210400000,0.468
1532214000000,0.453
1532217600000,0.516
1532221200000,0.529
1532224800000,0.557
1532228400000,0.592
1532232000000,0.63
1532235600000,0.659
1532239200000,0.674
1532242800000,0.644
1532246400000,0.573
1532250000000,0.516
1532253600000,0.508
1532257200000,0.494
1532260800000,0.494
1532264400000,0.485
1532268000000,0.355
1532271600000,0.258
1532275200000,0.292
1532278800000,0.343
1532282400000,0.333
1532286000000,0.32
1532289600000,0.313
1532293200000,0.324
1532296800000,0.3
1532300400000,0.315
1532304000000,0.364
1532307600000,0.358
1532311200000,0.348
1532314800000,0.358
1532318400000,0.391
1532322000000,0.388
1532325600000,0.373
1532329200000,0.324
1532332800000,0.251
1532336400000,0.184
1532340000000,0.16
1532343600000,0.159
1532347200000,0.171
1532350800000,0.171
1532354400000,0.169
1532358000000,0.176
1532361600000,0.185
1532365200000,0.192
1532368800000,0.202
1532372400000,0.211
1532376000000,0.209
1532379600000,0.209
1532383200000,0.191
1532386800000,0.171
1532390400000,0.154
1532394000000,0.128
1532397600000,0.111
1532401200000,0.091
1532404800000,0.084
1532408400000,0.084
1532412000000,0.085
1532415600000,0.084
1532419200000,0.071
1532422800000,0.056
1532426400000,0.055
1532430000000,0.055
1532433600000,0.062
1532437200000,0.082
1532440800000,0.104
1532444400000,0.106
1532448000000,0.081
1532451600000,0.053
1532455200000,0.029
1532458800000,0.015
1532462400000,0.009
1532466000000,0.008
1532469600000,0.005
1532473200000,0.005
1532476800000,0.005
1532480400000,0.004
1532484000000,0.002
1532487600000,0.002
1532491200000,0.006
1532494800000,0.015
1532498400000,0.028
1532502000000,0.042
1532505600000,0.052
1532509200000,0.055
1532512800000,0.061
1532516400000,0.062
1532520000000,0.054
1532523600000,0.043
1532527200000,0.031
1532530800000,0.026
1532534400000,0.022
1532538000000,0.018
1532541600000,0.012
1532545200000,0.007
1532548800000,0.003
1532552400000,0.002
1532556000000,0.001
1532559600000,0.0
1532563200000,0.0
1532566800000,0.0
1532570400000,0.0
1532574000000,0.0
1532577600000,0.001
1532581200000,0.009
1532584800000,0.032
1532588400000,0.034
1532592000000,0.027
1532595600000,0.025
1532599200000,0.029
1532602800000,0.031
1532606400000,0.031
1532610000000,0.035
1532613600000,0.035
1532617200000,0.028
1532620800000,0.018
1532624400000,0.01
1532628000000,0.006
1532631600000,0.003
1532635200000,0.004
1532638800000,0.009
1532642400000,0.011
1532646000000,0.01
1532649600000,0.004
1532653200000,0.002
1532656800000,0.0
1532660400000,0.0
1532664000000,0.0
1532667600000,0.0
1532671200000,0.011
1532674800000,0.036
1532678400000,0.042
1532682000000,0.038
1532685600000,0.039
1532689200000,0.031
1532692800000,0.017
1532696400000,0.007
1532700000000,0.003
1532703600000,0.001
1532707200000,0.0
1532710800000,0.0
1532714400000,0.0
1532718000000,0.002
1532721600000,0.015
1532725200000,0.021
1532728800000,0.009
1532732400000,0.002
1532736000000,0.0
1532739600000,0.0
1532743200000,0.0
1532746800000,0.0
1532750400000,0.004
1532754000000,0.017
1532757600000,0.037
1532761200000,0.05
1532764800000,0.047
1532768400000,0.037
1532772000000,0.036
1532775600000,0.031
1532779200000,0.026
1532782800000,0.021
1532786400000,0.017
1532790000000,0.012
1532793600000,0.008
1532797200000,0.008
1532800800000,0.007
1532804400000,0.007
1532808000000,0.009
1532811600000,0.008
1532815200000,0.004
1532818800000,0.002
1532822400000,0.002
1532826000000,0.004
1532829600000,0.008
1532833200000,0.018
1532836800000,0.033
1532840400000,0.053
1532844000000,0.069
1532847600000,0.076
1532851200000,0.071
1532854800000,0.06
1532858400000,0.054
1532862000000,0.045
1532865600000,0.038
1532869200000,0.039
1532872800000,0.047
1532876400000,0.056
1532880000000,0.063
1532883600000,0.07
1532887200000,0.076
1532890800000,0.083
1532894400000,0.08
1532898000000,0.076
1532901600000,0.058
1532905200000,0.045
1532908800000,0.045
1532912400000,0.055
1532916000000,0.078
1532919600000,0.112
1532923200000,0.144
1532926800000,0.175
1532930400000,0.207
1532934000000,0.233
1532937600000,0.233
1532941200000,0.204
1532944800000,0.193
1532948400000,0.185
1532952000000,0.162
1532955600000,0.144
1532959200000,0.136
1532962800000,0.139
1532966400000,0.137
1532970000000,0.138
1532973600000,0.148
1532977200000,0.165
1532980800000,0.191
1532984400000,0.207
1532988000000,0.149
1532991600000,0.145
1532995200000,0.165
1532998800000,0.163
1533002400000,0.165
1533006000000,0.17
1533009600000,0.183
1533013200000,0.199
1533016800000,0.207
1533020400000,0.201
1533024000000,0.175
1533027600000,0.144
1533031200000,0.131
1533034800000,0.119
1533038400000,0.106
1533042000000,0.093
1533045600000,0.09
1533049200000,0.101
1533052800000,0.118
1533056400000,0.131
1533060000000,0.137
1533063600000,0.145
1533067200000,0.147
1533070800000,0.154
1533074400000,0.111
1533078000000,0.099
1533081600000,0.109
1533085200000,0.117
1533088800000,0.132
1533092400000,0.16
1533096000000,0.182
1533099600000,0.197
1533103200000,0.203
1533106800000,0.198
1533110400000,0.173
1533114000000,0.138
1533117600000,0.118
1533121200000,0.105
1533124800000,0.091
1533128400000,0.086
1533132000000,0.093
1533135600000,0.107
1533139200000,0.123
1533142800000,0.145
1533146400000,0.167
1533150000000,0.192
1533153600000,0.238
1533157200000,0.289
1533160800000,0.261
1533164400000,0.212
1533168000000,0.197
1533171600000,0.174
1533175200000,0.161
1533178800000,0.169
1533182400000,0.185
1533186000000,0.2
1533189600000,0.202
1533193200000,0.192
1533196800000,0.171
1533200400000,0.148
1533204000000,0.148
1533207600000,0.151
1533211200000,0.146
1533214800000,0.155
1533218400000,0.164
1533222000000,0.178
1533225600000,0.195
1533229200000,0.202
1533232800000,0.208
1533236400000,0.219
1533240000000,0.232
1533243600000,0.253
1533247200000,0.231
1533250800000,0.205
1533254400000,0.201
1533258000000,0.159
1533261600000,0.118
1533265200000,0.089
1533268800000,0.071
1533272400000,0.07
1533276000000,0.084
1533279600000,0.088
1533283200000,0.076
1533286800000,0.055
1533290400000,0.039
1533294000000,0.023
1533297600000,0.011
1533301200000,0.005
1533304800000,0.003
1533308400000,0.002
1533312000000,0.001
1533315600000,0.001
1533319200000,0.001
1533322800000,0.001
1533326400000,0.0
1533330000000,0.0
1533333600000,0.0
1533337200000,0.0
1533340800000,0.0
1533344400000,0.0
1533348000000,0.0
1533351600000,0.0
1533355200000,0.0
1533358800000,0.0
1533362400000,0.006
1533366000000,0.019
1533369600000,0.034
1533373200000,0.041
1533376800000,0.049
1533380400000,0.06
1533384000000,0.061
1533387600000,0.052
1533391200000,0.041
1533394800000,0.03
1533398400000,0.02
1533402000000,0.014
1533405600000,0.009
1533409200000,0.006
1533412800000,0.004
1533416400000,0.004
1533420000000,0.006
1533423600000,0.015
1533427200000,0.03
1533430800000,0.031
1533434400000,0.026
1533438000000,0.021
1533441600000,0.018
1533445200000,0.018
1533448800000,0.017
1533452400000,0.021
1533456000000,0.026
1533459600000,0.027
1533463200000,0.035
1533466800000,0.041
1533470400000,0.04
1533474000000,0.043
1533477600000,0.053
1533481200000,0.059
1533484800000,0.06
1533488400000,0.063
1533492000000,0.076
1533495600000,0.074
1533499200000,0.047
1533502800000,0.014
1533506400000,0.001
1533510000000,0.0
1533513600000,0.0
1533517200000,0.0
1533520800000,0.0
1533524400000,0.0
1533528000000,0.001
1533531600000,0.023
1533535200000,0.062
1533538800000,0.092
1533542400000,0.113
1533546000000,0.112
1533549600000,0.139
1533553200000,0.17
1533556800000,0.152
1533560400000,0.126
1533564000000,0.093
1533567600000,0.064
1533571200000,0.036
1533574800000,0.017
1533578400000,0.01
1533582000000,0.008
1533585600000,0.006
1533589200000,0.006
1533592800000,0.005
1533596400000,0.008
1533600000000,0.017
1533603600000,0.021
1533607200000,0.017
1533610800000,0.006
1533614400000,0.001
1533618000000,0.002
1533621600000,0.025
1533625200000,0.045
1533628800000,0.056
1533632400000,0.045
1533636000000,0.034
1533639600000,0.039
1533643200000,0.054
1533646800000,0.06
1533650400000,0.054
1533654000000,0.041
1533657600000,0.022
1533661200000,0.008
1533664800000,0.001
1533668400000,0.0
1533672000000,0.0
1533675600000,0.002
1533679200000,0.002
1533682800000,0.004
1533686400000,0.005
1533690000000,0.004
1533693600000,0.007
1533697200000,0.016
1533700800000,0.037
1533704400000,0.057
1533708000000,0.066
1533711600000,0.061
1533715200000,0.052
1533718800000,0.048
1533722400000,0.049
1533726000000,0.052
1533729600000,0.058
1533733200000,0.089
1533736800000,0.108
1533740400000,0.112
1533744000000,0.105
1533747600000,0.09
1533751200000,0.072
1533754800000,0.052
1533758400000,0.033
1533762000000,0.041
1533765600000,0.12
1533769200000,0.296
1533772800000,0.448
1533776400000,0.42
1533780000000,0.348
1533783600000,0.34
1533787200000,0.402
1533790800000,0.495
1533794400000,0.521
1533798000000,0.454
1533801600000,0.395
1533805200000,0.344
1533808800000,0.345
1533812400000,0.407
1533816000000,0.467
1533819600000,0.502
1533823200000,0.565
1533826800000,0.635
1533830400000,0.628
1533834000000,0.564
1533837600000,0.459
1533841200000,0.444
1533844800000,0.536
1533848400000,0.627
1533852000000,0.642
1533855600000,0.638
1533859200000,0.618
1533862800000,0.607
1533866400000,0.635
1533870000000,0.679
1533873600000,0.694
1533877200000,0.682
1533880800000,0.682
1533884400000,0.684
1533888000000,0.654
1533891600000,0.59
1533895200000,0.546
1533898800000,0.486
1533902400000,0.447
1533906000000,0.447
1533909600000,0.432
1533913200000,0.444
1533916800000,0.48
1533920400000,0.521
1533924000000,0.553
1533927600000,0.58
1533931200000,0.603
1533934800000,0.583
1533938400000,0.547
1533942000000,0.56
1533945600000,0.574
1533949200000,0.593
1533952800000,0.658
1533956400000,0.74
1533960000000,0.752
1533963600000,0.716
1533967200000,0.64
1533970800000,0.574
1533974400000,0.564
1533978000000,0.57
1533981600000,0.61
1533985200000,0.639
1533988800000,0.649
1533992400000,0.684
1533996000000,0.702
1533999600000,0.697
1534003200000,0.694
1534006800000,0.695
1534010400000,0.697
1534014000000,0.71
1534017600000,0.713
1534021200000,0.726
1534024800000,0.718
1534028400000,0.722
1534032000000,0.773
1534035600000,0.806
1534039200000,0.807
1534042800000,0.827
1534046400000,0.855
1534050000000,0.872
1534053600000,0.863
1534057200000,0.837
1534060800000,0.838
1534064400000,0.861
1534068000000,0.866
1534071600000,0.842
1534075200000,0.831
1534078800000,0.83
1534082400000,0.832
1534086000000,0.851
1534089600000,0.874
1534093200000,0.885
1534096800000,0.887
1534100400000,0.882
1534104000000,0.865
1534107600000,0.835
1534111200000,0.796
1534114800000,0.763
1534118400000,0.75
1534122000000,0.724
1534125600000,0.72
1534129200000,0.71
1534132800000,0.718
1534136400000,0.72
1534140000000,0.72
1534143600000,0.698
1534147200000,0.745
1534150800000,0.776
1534154400000,0.788
1534158000000,0.792
1534161600000,0.794
1534165200000,0.793
1534168800000,0.786
1534172400000,0.782
1534176000000,0.778
1534179600000,0.777
1534183200000,0.761
1534186800000,0.731
1534190400000,0.692
1534194000000,0.658
1534197600000,0.642
1534201200000,0.659
1534204800000,0.725
1534208400000,0.766
1534212000000,0.792
1534215600000,0.821
1534219200000,0.849
1534222800000,0.859
1534226400000,0.85
1534230000000,0.837
1534233600000,0.831
1534237200000,0.832
1534240800000,0.799
1534244400000,0.772
1534248000000,0.758
1534251600000,0.744
1534255200000,0.729
1534258800000,0.731
1534262400000,0.739
1534266000000,0.757
1534269600000,0.779
1534273200000,0.804
1534276800000,0.82
1534280400000,0.799
1534284000000,0.757
1534287600000,0.737
1534291200000,0.765
1534294800000,0.794
1534298400000,0.822
1534302000000,0.847
1534305600000,0.857
1534309200000,0.845
1534312800000,0.822
1534316400000,0.78
1534320000000,0.734
1534323600000,0.698
1534327200000,0.665
1534330800000,0.618
1534334400000,0.58
1534338000000,0.523
1534341600000,0.473
1534345200000,0.479
1534348800000,0.51
1534352400000,0.526
1534356000000,0.501
1534359600000,0.471
1534363200000,0.473
1534366800000,0.472
1534370400000,0.411
1534374000000,0.467
1534377600000,0.494
1534381200000,0.498
1534384800000,0.476
1534388400000,0.471
1534392000000,0.461
1534395600000,0.43
1534399200000,0.389
1534402800000,0.374
1534406400000,0.349
1534410000000,0.281
1534413600000,0.259
1534417200000,0.257
1534420800000,0.248
1534424400000,0.259
1534428000000,0.272
1534431600000,0.279
1534435200000,0.278
1534438800000,0.277
1534442400000,0.272
1534446000000,0.259
1534449600000,0.245
1534453200000,0.24
1534456800000,0.223
1534460400000,0.233
1534464000000,0.264
1534467600000,0.27
1534471200000,0.289
1534474800000,0.276
1534478400000,0.264
1534482000000,0.234
1534485600000,0.196
1534489200000,0.164
1534492800000,0.133
1534496400000,0.112
1534500000000,0.105
1534503600000,0.111
1534507200000,0.112
1534510800000,0.115
1534514400000,0.126
1534518000000,0.145
1534521600000,0.162
1534525200000,0.179
1534528800000,0.208
1534532400000,0.216
1534536000000,0.213
1534539600000,0.228
1534543200000,0.231
1534546800000,0.22
1534550400000,0.261
1534554000000,0.285
1534557600000,0.308
1534561200000,0.316
1534564800000,0.323
1534568400000,0.294
1534572000000,0.225
1534575600000,0.175
1534579200000,0.164
1534582800000,0.134
1534586400000,0.122
1534590000000,0.118
1534593600000,0.129
1534597200000,0.158
1534600800000,0.184
1534604400000,0.197
1534608000000,0.188
1534611600000,0.166
1534615200000,0.15
1534618800000,0.148
1534622400000,0.145
1534626000000,0.164
1534629600000,0.197
1534633200000,0.225
1534636800000,0.268
1534640400000,0.277
1534644000000,0.269
1534647600000,0.269
1534651200000,0.279
1534654800000,0.284
1534658400000,0.284
1534662000000,0.256
1534665600000,0.226
1534669200000,0.188
1534672800000,0.168
1534676400000,0.164
1534680000000,0.162
1534683600000,0.182
1534687200000,0.199
1534690800000,0.212
1534694400000,0.185
1534698000000,0.173
1534701600000,0.17
1534705200000,0.177
1534708800000,0.2
1534712400000,0.241
1534716000000,0.291
1534719600000,0.377
1534723200000,0.469
1534726800000,0.523
1534730400000,0.597
1534734000000,0.652
1534737600000,0.681
1534741200000,0.678
1534744800000,0.661
1534748400000,0.63
1534752000000,0.567
1534755600000,0.453
1534759200000,0.395
1534762800000,0.382
1534766400000,0.326
1534770000000,0.272
1534773600000,0.227
1534777200000,0.19
1534780800000,0.18
1534784400000,0.193
1534788000000,0.206
1534791600000,0.224
1534795200000,0.249
1534798800000,0.294
1534802400000,0.311
1534806000000,0.416
1534809600000,0.504
1534813200000,0.599
1534816800000,0.687
1534820400000,0.761
1534824000000,0.802
1534827600000,0.826
1534831200000,0.834
1534834800000,0.83
1534838400000,0.785
1534842000000,0.71
1534845600000,0.695
1534849200000,0.663
1534852800000,0.601
1534856400000,0.559
1534860000000,0.56
1534863600000,0.592
1534867200000,0.644
1534870800000,0.692
1534874400000,0.747
1534878000000,0.773
1534881600000,0.783
1534885200000,0.783
1534888800000,0.779
1534892400000,0.829
1534896000000,0.866
1534899600000,0.896
1534903200000,0.911
1534906800000,0.926
1534910400000,0.938
1534914000000,0.937
1534917600000,0.928
1534921200000,0.908
1534924800000,0.879
1534928400000,0.845
1534932000000,0.815
1534935600000,0.785
1534939200000,0.755
1534942800000,0.747
1534946400000,0.752
1534950000000,0.785
1534953600000,0.84
1534957200000,0.873
1534960800000,0.895
1534964400000,0.91
1534968000000,0.918
1534971600000,0.913
1534975200000,0.906
1534978800000,0.896
1534982400000,0.891
1534986000000,0.902
1534989600000,0.921
1534993200000,0.933
1534996800000,0.942
1535000400000,0.946
1535004000000,0.942
1535007600000,0.926
1535011200000,0.891
1535014800000,0.855
1535018400000,0.808
1535022000000,0.757
1535025600000,0.731
1535029200000,0.703
1535032800000,0.644
1535036400000,0.618
1535040000000,0.639
1535043600000,0.674
1535047200000,0.705
1535050800000,0.739
1535054400000,0.742
1535058000000,0.744
1535061600000,0.731
1535065200000,0.737
1535068800000,0.756
1535072400000,0.763
1535076000000,0.781
1535079600000,0.808
1535083200000,0.814
1535086800000,0.814
1535090400000,0.79
1535094000000,0.74
1535097600000,0.681
1535101200000,0.628
1535104800000,0.568
1535108400000,0.519
1535112000000,0.509
1535115600000,0.544
1535119200000,0.615
1535122800000,0.715
1535126400000,0.788
1535130000000,0.809
1535133600000,0.823
1535137200000,0.842
1535140800000,0.851
1535144400000,0.854
1535148000000,0.839
1535151600000,0.831
1535155200000,0.867
1535158800000,0.866
1535162400000,0.876
1535166000000,0.865
1535169600000,0.832
1535173200000,0.781
1535176800000,0.73
1535180400000,0.668
1535184000000,0.58
1535187600000,0.53
1535191200000,0.486
1535194800000,0.476
1535198400000,0.506
1535202000000,0.578
1535205600000,0.688
1535209200000,0.726
1535212800000,0.756
1535216400000,0.765
1535220000000,0.738
1535223600000,0.724
1535227200000,0.744
1535230800000,0.742
1535234400000,0.684
1535238000000,0.629
1535241600000,0.626
1535245200000,0.63
1535248800000,0.666
1535252400000,0.735
1535256000000,0.802
1535259600000,0.846
1535263200000,0.87
1535266800000,0.886
1535270400000,0.89
1535274000000,0.861
1535277600000,0.786
1535281200000,0.699
1535284800000,0.644
1535288400000,0.547
1535292000000,0.421
1535295600000,0.398
1535299200000,0.441
1535302800000,0.432
1535306400000,0.391
1535310000000,0.358
1535313600000,0.355
1535317200000,0.344
1535320800000,0.322
1535324400000,0.282
1535328000000,0.343
1535331600000,0.342
1535335200000,0.378
1535338800000,0.441
1535342400000,0.467
1535346000000,0.447
1535349600000,0.402
1535353200000,0.361
1535356800000,0.313
1535360400000,0.242
1535364000000,0.186
1535367600000,0.162
1535371200000,0.161
1535374800000,0.171
1535378400000,0.18
1535382000000,0.205
1535385600000,0.234
1535389200000,0.241
1535392800000,0.231
1535396400000,0.22
1535400000000,0.204
1535403600000,0.207
1535407200000,0.21
1535410800000,0.195
1535414400000,0.227
1535418000000,0.257
1535421600000,0.265
1535425200000,0.288
1535428800000,0.308
1535432400000,0.323
1535436000000,0.321
1535439600000,0.295
1535443200000,0.251
1535446800000,0.187
1535450400000,0.148
1535454000000,0.123
1535457600000,0.104
1535461200000,0.085
1535464800000,0.068
1535468400000,0.068
1535472000000,0.073
1535475600000,0.082
1535479200000,0.094
1535482800000,0.108
1535486400000,0.126
1535490000000,0.136
1535493600000,0.132
1535497200000,0.11
1535500800000,0.134
1535504400000,0.141
1535508000000,0.151
1535511600000,0.14
1535515200000,0.122
1535518800000,0.101
1535522400000,0.081
1535526000000,0.072
1535529600000,0.064
1535533200000,0.057
1535536800000,0.047
1535540400000,0.036
1535544000000,0.027
1535547600000,0.022
1535551200000,0.018
1535554800000,0.018
1535558400000,0.019
1535562000000,0.023
1535565600000,0.032
1535569200000,0.043
1535572800000,0.049
1535576400000,0.047
1535580000000,0.036
1535583600000,0.025
1535587200000,0.022
1535590800000,0.012
1535594400000,0.004
1535598000000,0.0
1535601600000,0.0
1535605200000,0.0
1535608800000,0.0
1535612400000,0.001
1535616000000,0.007
1535619600000,0.017
1535623200000,0.027
1535626800000,0.03
1535630400000,0.032
1535634000000,0.026
1535637600000,0.014
1535641200000,0.009
1535644800000,0.005
1535648400000,0.002
1535652000000,0.001
1535655600000,0.0
1535659200000,0.0
1535662800000,0.0
1535666400000,0.001
1535670000000,0.002
1535673600000,0.008
1535677200000,0.008
1535680800000,0.006
1535684400000,0.003
1535688000000,0.001
1535691600000,0.0
1535695200000,0.003
1535698800000,0.009
1535702400000,0.017
1535706000000,0.024
1535709600000,0.033
1535713200000,0.04
1535716800000,0.047
1535720400000,0.054
1535724000000,0.058
1535727600000,0.052
1535731200000,0.045
1535734800000,0.038
1535738400000,0.029
1535742000000,0.02
1535745600000,0.015
1535749200000,0.012
1535752800000,0.01
1535756400000,0.01
1535760000000,0.011
1535763600000,0.009
1535767200000,0.009
1535770800000,0.016
1535774400000,0.03
1535778000000,0.054
1535781600000,0.09
1535785200000,0.122
1535788800000,0.13
1535792400000,0.116
1535796000000,0.103
1535799600000,0.093
1535803200000,0.09
1535806800000,0.088
1535810400000,0.083
1535814000000,0.091
1535817600000,0.101
1535821200000,0.099
1535824800000,0.077
1535828400000,0.068
1535832000000,0.079
1535835600000,0.095
1535839200000,0.106
1535842800000,0.117
1535846400000,0.112
1535850000000,0.072
1535853600000,0.029
1535857200000,0.008
1535860800000,0.003
1535864400000,0.002
1535868000000,0.009
1535871600000,0.029
1535875200000,0.051
1535878800000,0.062
1535882400000,0.068
1535886000000,0.061
1535889600000,0.057
1535893200000,0.058
1535896800000,0.062
1535900400000,0.064
1535904000000,0.064
1535907600000,0.055
1535911200000,0.035
1535914800000,0.017
1535918400000,0.006
1535922000000,0.002
1535925600000,0.003
1535929200000,0.004
1535932800000,0.005
1535936400000,0.007
1535940000000,0.006
1535943600000,0.01
1535947200000,0.036
1535950800000,0.082
1535954400000,0.134
1535958000000,0.169
1535961600000,0.168
1535965200000,0.138
1535968800000,0.119
1535972400000,0.092
1535976000000,0.057
1535979600000,0.033
1535983200000,0.027
1535986800000,0.02
1535990400000,0.021
1535994000000,0.03
1535997600000,0.042
1536001200000,0.059
1536004800000,0.073
1536008400000,0.087
1536012000000,0.083
1536015600000,0.073
1536019200000,0.068
1536022800000,0.064
1536026400000,0.068
1536030000000,0.081
1536033600000,0.101
1536037200000,0.114
1536040800000,0.122
1536044400000,0.126
1536048000000,0.106
1536051600000,0.077
1536055200000,0.063
1536058800000,0.041
1536062400000,0.013
1536066000000,0.01
1536069600000,0.011
1536073200000,0.009
1536076800000,0.009
1536080400000,0.009
1536084000000,0.008
1536087600000,0.006
1536091200000,0.003
1536094800000,0.003
1536098400000,0.001
1536102000000,0.001
1536105600000,0.0
1536109200000,0.0
1536112800000,0.0
1536116400000,0.0
1536120000000,0.001
1536123600000,0.015
1536127200000,0.041
1536130800000,0.055
1536134400000,0.054
1536138000000,0.058
1536141600000,0.068
1536145200000,0.069
1536148800000,0.081
1536152400000,0.08
1536156000000,0.059
1536159600000,0.032
1536163200000,0.021
1536166800000,0.021
1536170400000,0.023
1536174000000,0.022
1536177600000,0.02
1536181200000,0.018
1536184800000,0.015
1536188400000,0.01
1536192000000,0.004
1536195600000,0.001
1536199200000,0.0
1536202800000,0.0
1536206400000,0.0
1536210000000,0.005
1536213600000,0.034
1536217200000,0.041
1536220800000,0.038
1536224400000,0.036
1536228000000,0.036
1536231600000,0.032
1536235200000,0.022
1536238800000,0.012
1536242400000,0.007
1536246000000,0.005
1536249600000,0.006
1536253200000,0.011
1536256800000,0.01
1536260400000,0.01
1536264000000,0.017
1536267600000,0.025
1536271200000,0.021
1536274800000,0.018
1536278400000,0.027
1536282000000,0.026
1536285600000,0.018
1536289200000,0.008
1536292800000,0.003
1536296400000,0.001
1536300000000,0.003
1536303600000,0.017
1536307200000,0.023
1536310800000,0.024
1536314400000,0.029
1536318000000,0.035
1536321600000,0.038
1536325200000,0.046
1536328800000,0.057
1536332400000,0.071
1536336000000,0.097
1536339600000,0.139
1536343200000,0.181
1536346800000,0.19
1536350400000,0.189
1536354000000,0.208
1536357600000,0.199
1536361200000,0.173
1536364800000,0.211
1536368400000,0.245
1536372000000,0.291
1536375600000,0.326
1536379200000,0.336
1536382800000,0.329
1536386400000,0.3
1536390000000,0.243
1536393600000,0.188
1536397200000,0.156
1536400800000,0.136
1536404400000,0.117
1536408000000,0.1
1536411600000,0.097
1536415200000,0.114
1536418800000,0.144
1536422400000,0.152
1536426000000,0.14
1536429600000,0.147
1536433200000,0.176
1536436800000,0.195
1536440400000,0.192
1536444000000,0.169
1536447600000,0.127
1536451200000,0.131
1536454800000,0.126
1536458400000,0.144
1536462000000,0.163
1536465600000,0.177
1536469200000,0.169
1536472800000,0.141
1536476400000,0.104
1536480000000,0.075
1536483600000,0.046
1536487200000,0.038
1536490800000,0.039
1536494400000,0.045
1536498000000,0.054
1536501600000,0.062
1536505200000,0.058
1536508800000,0.048
1536512400000,0.046
1536516000000,0.053
1536519600000,0.06
1536523200000,0.065
1536526800000,0.083
1536530400000,0.112
1536534000000,0.097
1536537600000,0.095
1536541200000,0.082
1536544800000,0.1
1536548400000,0.145
1536552000000,0.226
1536555600000,0.291
1536559200000,0.291
1536562800000,0.266
1536566400000,0.219
1536570000000,0.145
1536573600000,0.094
1536577200000,0.068
1536580800000,0.066
1536584400000,0.086
1536588000000,0.112
1536591600000,0.135
1536595200000,0.145
1536598800000,0.142
1536602400000,0.137
1536606000000,0.127
1536609600000,0.118
1536613200000,0.11
1536616800000,0.094
1536620400000,0.081
1536624000000,0.079
1536627600000,0.073
1536631200000,0.079
1536634800000,0.072
1536638400000,0.058
1536642000000,0.043
1536645600000,0.041
1536649200000,0.052
1536652800000,0.051
1536656400000,0.047
1536660000000,0.047
1536663600000,0.041
1536667200000,0.032
1536670800000,0.022
1536674400000,0.018
1536678000000,0.019
1536681600000,0.024
1536685200000,0.03
1536688800000,0.033
1536692400000,0.034
1536696000000,0.034
1536699600000,0.026
1536703200000,0.015
1536706800000,0.004
1536710400000,0.0
1536714000000,0.0
1536717600000,0.0
1536721200000,0.0
1536724800000,0.0
1536728400000,0.005
1536732000000,0.033
1536735600000,0.045
1536739200000,0.05
1536742800000,0.06
1536746400000,0.079
1536750000000,0.091
1536753600000,0.105
1536757200000,0.134
1536760800000,0.138
1536764400000,0.125
1536768000000,0.117
1536771600000,0.107
1536775200000,0.1
1536778800000,0.093
1536782400000,0.097
1536786000000,0.093
1536789600000,0.09
1536793200000,0.147
1536796800000,0.171
1536800400000,0.159
1536804000000,0.147
1536807600000,0.157
1536811200000,0.18
1536814800000,0.224
1536818400000,0.298
1536822000000,0.385
1536825600000,0.412
1536829200000,0.403
1536832800000,0.399
1536836400000,0.376
1536840000000,0.386
1536843600000,0.348
1536847200000,0.313
1536850800000,0.319
1536854400000,0.323
1536858000000,0.332
1536861600000,0.412
1536865200000,0.476
1536868800000,0.559
1536872400000,0.6
1536876000000,0.61
1536879600000,0.622
1536883200000,0.689
1536886800000,0.772
1536890400000,0.863
1536894000000,0.907
1536897600000,0.935
1536901200000,0.945
1536904800000,0.937
1536908400000,0.914
1536912000000,0.905
1536915600000,0.93
1536919200000,0.959
1536922800000,0.977
1536926400000,0.989
1536930000000,0.991
1536933600000,0.976
1536937200000,0.892
1536940800000,0.631
1536944400000,0.315
1536948000000,0.094
1536951600000,0.024
1536955200000,0.029
1536958800000,0.191
1536962400000,0.709
1536966000000,0.945
1536969600000,0.978
1536973200000,0.434
1536976800000,0.069
1536980400000,0.01
1536984000000,0.001
1536987600000,0.0
1536991200000,0.001
1536994800000,0.008
1536998400000,0.072
1537002000000,0.226
1537005600000,0.465
1537009200000,0.718
1537012800000,0.846
1537016400000,0.904
1537020000000,0.955
1537023600000,0.983
1537027200000,0.991
1537030800000,0.987
1537034400000,0.975
1537038000000,0.951
1537041600000,0.898
1537045200000,0.829
1537048800000,0.684
1537052400000,0.516
1537056000000,0.468
1537059600000,0.431
1537063200000,0.368
1537066800000,0.307
1537070400000,0.248
1537074000000,0.177
1537077600000,0.107
1537081200000,0.061
1537084800000,0.048
1537088400000,0.031
1537092000000,0.022
1537095600000,0.017
1537099200000,0.014
1537102800000,0.014
1537106400000,0.015
1537110000000,0.019
1537113600000,0.023
1537117200000,0.025
1537120800000,0.028
1537124400000,0.034
1537128000000,0.049
1537131600000,0.051
1537135200000,0.042
1537138800000,0.025
1537142400000,0.011
1537146000000,0.009
1537149600000,0.005
1537153200000,0.002
1537156800000,0.001
1537160400000,0.0
1537164000000,0.0
1537167600000,0.001
1537171200000,0.002
1537174800000,0.021
1537178400000,0.049
1537182000000,0.071
1537185600000,0.089
1537189200000,0.115
1537192800000,0.148
1537196400000,0.192
1537200000000,0.252
1537203600000,0.302
1537207200000,0.342
1537210800000,0.362
1537214400000,0.351
1537218000000,0.357
1537221600000,0.316
1537225200000,0.307
1537228800000,0.346
1537232400000,0.367
1537236000000,0.389
1537239600000,0.42
1537243200000,0.454
1537246800000,0.495
1537250400000,0.538
1537254000000,0.572
1537257600000,0.544
1537261200000,0.488
1537264800000,0.493
1537268400000,0.488
1537272000000,0.472
1537275600000,0.458
1537279200000,0.441
1537282800000,0.411
1537286400000,0.395
1537290000000,0.382
1537293600000,0.351
1537297200000,0.32
1537300800000,0.306
1537304400000,0.291
1537308000000,0.257
1537311600000,0.319
1537315200000,0.379
1537318800000,0.395
1537322400000,0.414
1537326000000,0.473
1537329600000,0.546
1537333200000,0.598
1537336800000,0.63
1537340400000,0.635
1537344000000,0.569
1537347600000,0.459
1537351200000,0.426
1537354800000,0.401
1537358400000,0.375
1537362000000,0.332
1537365600000,0.291
1537369200000,0.29
1537372800000,0.308
1537376400000,0.32
1537380000000,0.328
1537383600000,0.345
1537387200000,0.332
1537390800000,0.231
1537394400000,0.155
1537398000000,0.114
1537401600000,0.104
1537405200000,0.069
1537408800000,0.035
1537412400000,0.019
1537416000000,0.008
1537419600000,0.002
1537423200000,0.0
1537426800000,0.001
1537430400000,0.007
1537434000000,0.012
1537437600000,0.017
1537441200000,0.019
1537444800000,0.021
1537448400000,0.025
1537452000000,0.025
1537455600000,0.025
1537459200000,0.027
1537462800000,0.03
1537466400000,0.038
1537470000000,0.053
1537473600000,0.066
1537477200000,0.061
1537480800000,0.046
1537484400000,0.042
1537488000000,0.042
1537491600000,0.03
1537495200000,0.014
1537498800000,0.005
1537502400000,0.002
1537506000000,0.001
1537509600000,0.005
1537513200000,0.019
1537516800000,0.03
1537520400000,0.032
1537524000000,0.033
1537527600000,0.032
1537531200000,0.037
1537534800000,0.046
1537538400000,0.054
1537542000000,0.068
1537545600000,0.096
1537549200000,0.129
1537552800000,0.164
1537556400000,0.179
1537560000000,0.17
1537563600000,0.147
1537567200000,0.116
1537570800000,0.103
1537574400000,0.1
1537578000000,0.077
1537581600000,0.05
1537585200000,0.03
1537588800000,0.016
1537592400000,0.008
1537596000000,0.006
1537599600000,0.016
1537603200000,0.041
1537606800000,0.068
1537610400000,0.09
1537614000000,0.099
1537617600000,0.118
1537621200000,0.117
1537624800000,0.107
1537628400000,0.105
1537632000000,0.107
1537635600000,0.102
1537639200000,0.089
1537642800000,0.083
1537646400000,0.077
1537650000000,0.066
1537653600000,0.057
1537657200000,0.061
1537660800000,0.058
1537664400000,0.044
1537668000000,0.028
1537671600000,0.019
1537675200000,0.017
1537678800000,0.02
1537682400000,0.035
1537686000000,0.06
1537689600000,0.095
1537693200000,0.139
1537696800000,0.179
1537700400000,0.184
1537704000000,0.191
1537707600000,0.191
1537711200000,0.193
1537714800000,0.21
1537718400000,0.221
1537722000000,0.227
1537725600000,0.211
1537729200000,0.191
1537732800000,0.167
1537736400000,0.127
1537740000000,0.084
1537743600000,0.058
1537747200000,0.047
1537750800000,0.043
1537754400000,0.036
1537758000000,0.036
1537761600000,0.054
1537765200000,0.093
1537768800000,0.138
1537772400000,0.161
1537776000000,0.147
1537779600000,0.121
1537783200000,0.128
1537786800000,0.122
1537790400000,0.103
1537794000000,0.08
1537797600000,0.062
1537801200000,0.052
1537804800000,0.048
1537808400000,0.049
1537812000000,0.055
1537815600000,0.067
1537819200000,0.076
1537822800000,0.079
1537826400000,0.068
1537830000000,0.051
1537833600000,0.071
1537837200000,0.106
1537840800000,0.131
1537844400000,0.137
1537848000000,0.141
1537851600000,0.152
1537855200000,0.163
1537858800000,0.168
1537862400000,0.155
1537866000000,0.137
1537869600000,0.164
1537873200000,0.18
1537876800000,0.202
1537880400000,0.247
1537884000000,0.246
1537887600000,0.284
1537891200000,0.328
1537894800000,0.358
1537898400000,0.356
1537902000000,0.353
1537905600000,0.368
1537909200000,0.364
1537912800000,0.301
1537916400000,0.305
1537920000000,0.41
1537923600000,0.433
1537927200000,0.432
1537930800000,0.447
1537934400000,0.457
1537938000000,0.445
1537941600000,0.398
1537945200000,0.325
1537948800000,0.241
1537952400000,0.166
1537956000000,0.137
1537959600000,0.112
1537963200000,0.111
1537966800000,0.115
1537970400000,0.118
1537974000000,0.135
1537977600000,0.145
1537981200000,0.16
1537984800000,0.173
1537988400000,0.144
1537992000000,0.107
1537995600000,0.093
1537999200000,0.071
1538002800000,0.054
1538006400000,0.069
1538010000000,0.085
1538013600000,0.12
1538017200000,0.166
1538020800000,0.199
1538024400000,0.2
1538028000000,0.176
1538031600000,0.156
1538035200000,0.133
1538038800000,0.121
1538042400000,0.129
1538046000000,0.121
1538049600000,0.122
1538053200000,0.137
1538056800000,0.157
1538060400000,0.183
1538064000000,0.2
1538067600000,0.217
1538071200000,0.223
1538074800000,0.199
1538078400000,0.147
1538082000000,0.07
1538085600000,0.025
1538089200000,0.009
1538092800000,0.007
1538096400000,0.008
1538100000000,0.015
1538103600000,0.031
1538107200000,0.055
1538110800000,0.081
1538114400000,0.085
1538118000000,0.071
1538121600000,0.046
1538125200000,0.034
1538128800000,0.035
1538132400000,0.036
1538136000000,0.045
1538139600000,0.059
1538143200000,0.069
1538146800000,0.077
1538150400000,0.081
1538154000000,0.09
1538157600000,0.105
1538161200000,0.111
1538164800000,0.113
1538168400000,0.112
1538172000000,0.107
1538175600000,0.09
1538179200000,0.128
1538182800000,0.162
1538186400000,0.212
1538190000000,0.272
1538193600000,0.32
1538197200000,0.334
1538200800000,0.323
1538204400000,0.291
1538208000000,0.243
1538211600000,0.204
1538215200000,0.192
1538218800000,0.171
1538222400000,0.157
1538226000000,0.149
1538229600000,0.139
1538233200000,0.136
1538236800000,0.134
1538240400000,0.138
1538244000000,0.149
1538247600000,0.155
1538251200000,0.154
1538254800000,0.137
1538258400000,0.098
1538262000000,0.052
1538265600000,0.019
1538269200000,0.007
1538272800000,0.006
1538276400000,0.012
1538280000000,0.029
1538283600000,0.043
1538287200000,0.053
1538290800000,0.054
1538294400000,0.041
1538298000000,0.028
1538301600000,0.018
1538305200000,0.014
1538308800000,0.025
1538312400000,0.042
1538316000000,0.062
1538319600000,0.099
1538323200000,0.121
1538326800000,0.122
1538330400000,0.142
1538334000000,0.201
1538337600000,0.278
1538341200000,0.277
1538344800000,0.212
1538348400000,0.188
1538352000000,0.208
1538355600000,0.203
1538359200000,0.182
1538362800000,0.206
1538366400000,0.289
1538370000000,0.412
1538373600000,0.558
1538377200000,0.653
1538380800000,0.69
1538384400000,0.684
1538388000000,0.684
1538391600000,0.718
1538395200000,0.767
1538398800000,0.782
1538402400000,0.787
1538406000000,0.756
1538409600000,0.672
1538413200000,0.644
1538416800000,0.633
1538420400000,0.618
1538424000000,0.643
1538427600000,0.623
1538431200000,0.58
1538434800000,0.566
1538438400000,0.63
1538442000000,0.61
1538445600000,0.54
1538449200000,0.5
1538452800000,0.509
1538456400000,0.544
1538460000000,0.596
1538463600000,0.646
1538467200000,0.628
1538470800000,0.596
1538474400000,0.574
1538478000000,0.553
1538481600000,0.523
1538485200000,0.506
1538488800000,0.483
1538492400000,0.486
1538496000000,0.538
1538499600000,0.595
1538503200000,0.591
1538506800000,0.558
1538510400000,0.525
1538514000000,0.482
1538517600000,0.432
1538521200000,0.436
1538524800000,0.494
1538528400000,0.524
1538532000000,0.513
1538535600000,0.491
1538539200000,0.467
1538542800000,0.464
1538546400000,0.466
1538550000000,0.466
1538553600000,0.438
1538557200000,0.431
1538560800000,0.445
1538564400000,0.413
1538568000000,0.353
1538571600000,0.302
1538575200000,0.265
1538578800000,0.236
1538582400000,0.223
1538586000000,0.226
1538589600000,0.234
1538593200000,0.251
1538596800000,0.265
1538600400000,0.256
1538604000000,0.22
1538607600000,0.157
1538611200000,0.145
1538614800000,0.112
1538618400000,0.086
1538622000000,0.098
1538625600000,0.139
1538629200000,0.185
1538632800000,0.229
1538636400000,0.251
1538640000000,0.222
1538643600000,0.187
1538647200000,0.16
1538650800000,0.121
1538654400000,0.105
1538658000000,0.098
1538661600000,0.101
1538665200000,0.112
1538668800000,0.13
1538672400000,0.145
1538676000000,0.155
1538679600000,0.16
1538683200000,0.167
1538686800000,0.155
1538690400000,0.123
1538694000000,0.071
1538697600000,0.063
1538701200000,0.053
1538704800000,0.05
1538708400000,0.06
1538712000000,0.074
1538715600000,0.081
1538719200000,0.08
1538722800000,0.076
1538726400000,0.069
1538730000000,0.07
1538733600000,0.062
1538737200000,0.042
1538740800000,0.029
1538744400000,0.022
1538748000000,0.019
1538751600000,0.017
1538755200000,0.016
1538758800000,0.015
1538762400000,0.014
1538766000000,0.013
1538769600000,0.013
1538773200000,0.009
1538776800000,0.004
1538780400000,0.001
1538784000000,0.0
1538787600000,0.0
1538791200000,0.0
1538794800000,0.0
1538798400000,0.0
1538802000000,0.006
1538805600000,0.063
1538809200000,0.122
1538812800000,0.14
1538816400000,0.145
1538820000000,0.144
1538823600000,0.125
1538827200000,0.114
1538830800000,0.099
1538834400000,0.086
1538838000000,0.092
1538841600000,0.106
1538845200000,0.112
1538848800000,0.112
1538852400000,0.117
1538856000000,0.126
1538859600000,0.117
1538863200000,0.094
1538866800000,0.077
1538870400000,0.064
1538874000000,0.047
1538877600000,0.033
1538881200000,0.035
1538884800000,0.051
1538888400000,0.077
1538892000000,0.119
1538895600000,0.174
1538899200000,0.211
1538902800000,0.216
1538906400000,0.23
1538910000000,0.227
1538913600000,0.214
1538917200000,0.185
1538920800000,0.157
1538924400000,0.154
1538928000000,0.167
1538931600000,0.176
1538935200000,0.181
1538938800000,0.183
1538942400000,0.177
1538946000000,0.159
1538949600000,0.136
1538953200000,0.108
1538956800000,0.096
1538960400000,0.078
1538964000000,0.063
1538967600000,0.061
1538971200000,0.074
1538974800000,0.095
1538978400000,0.129
1538982000000,0.183
1538985600000,0.246
1538989200000,0.277
1538992800000,0.311
1538996400000,0.328
1539000000000,0.331
1539003600000,0.32
1539007200000,0.302
1539010800000,0.289
1539014400000,0.279
1539018000000,0.261
1539021600000,0.237
1539025200000,0.213
1539028800000,0.194
1539032400000,0.178
1539036000000,0.151
1539039600000,0.123
1539043200000,0.094
1539046800000,0.063
1539050400000,0.038
1539054000000,0.035
1539057600000,0.051
1539061200000,0.078
1539064800000,0.112
1539068400000,0.161
1539072000000,0.207
1539075600000,0.231
1539079200000,0.267
1539082800000,0.29
1539086400000,0.291
1539090000000,0.275
1539093600000,0.257
1539097200000,0.252
1539100800000,0.242
1539104400000,0.224
1539108000000,0.206
1539111600000,0.194
1539115200000,0.182
1539118800000,0.176
1539122400000,0.158
1539126000000,0.148
1539129600000,0.144
1539133200000,0.123
1539136800000,0.088
1539140400000,0.061
1539144000000,0.058
1539147600000,0.079
1539151200000,0.118
1539154800000,0.185
1539158400000,0.25
1539162000000,0.28
1539165600000,0.314
1539169200000,0.32
1539172800000,0.325
1539176400000,0.32
1539180000000,0.305
1539183600000,0.294
1539187200000,0.27
1539190800000,0.261
1539194400000,0.248
1539198000000,0.241
1539201600000,0.238
1539205200000,0.221
1539208800000,0.195
1539212400000,0.175
1539216000000,0.155
1539219600000,0.129
1539223200000,0.105
1539226800000,0.115
1539230400000,0.162
1539234000000,0.231
1539237600000,0.31
1539241200000,0.392
1539244800000,0.444
1539248400000,0.442
1539252000000,0.484
1539255600000,0.5
1539259200000,0.523
1539262800000,0.503
1539266400000,0.485
1539270000000,0.476
1539273600000,0.457
1539277200000,0.422
1539280800000,0.369
1539284400000,0.32
1539288000000,0.289
1539291600000,0.249
1539295200000,0.209
1539298800000,0.204
1539302400000,0.195
1539306000000,0.17
1539309600000,0.137
1539313200000,0.132
1539316800000,0.164
1539320400000,0.21
1539324000000,0.257
1539327600000,0.315
1539331200000,0.352
1539334800000,0.341
1539338400000,0.348
1539342000000,0.343
1539345600000,0.327
1539349200000,0.319
1539352800000,0.311
1539356400000,0.314
1539360000000,0.322
1539363600000,0.323
1539367200000,0.284
1539370800000,0.264
1539374400000,0.276
1539378000000,0.249
1539381600000,0.205
1539385200000,0.179
1539388800000,0.168
1539392400000,0.154
1539396000000,0.139
1539399600000,0.142
1539403200000,0.159
1539406800000,0.182
1539410400000,0.22
1539414000000,0.286
1539417600000,0.367
1539421200000,0.395
1539424800000,0.395
1539428400000,0.379
1539432000000,0.353
1539435600000,0.312
1539439200000,0.283
1539442800000,0.282
1539446400000,0.267
1539450000000,0.259
1539453600000,0.243
1539457200000,0.231
1539460800000,0.228
1539464400000,0.211
1539468000000,0.179
1539471600000,0.135
1539475200000,0.121
1539478800000,0.085
1539482400000,0.045
1539486000000,0.023
1539489600000,0.014
1539493200000,0.018
1539496800000,0.037
1539500400000,0.08
1539504000000,0.112
1539507600000,0.115
1539511200000,0.115
1539514800000,0.118
1539518400000,0.131
1539522000000,0.145
1539525600000,0.152
1539529200000,0.167
1539532800000,0.162
1539536400000,0.146
1539540000000,0.127
1539543600000,0.124
1539547200000,0.113
1539550800000,0.099
1539554400000,0.067
1539558000000,0.041
1539561600000,0.035
1539565200000,0.03
1539568800000,0.025
1539572400000,0.023
1539576000000,0.022
1539579600000,0.022
1539583200000,0.025
1539586800000,0.041
1539590400000,0.065
1539594000000,0.093
1539597600000,0.112
1539601200000,0.111
1539604800000,0.1
1539608400000,0.084
1539612000000,0.073
1539615600000,0.071
1539619200000,0.068
1539622800000,0.065
1539626400000,0.061
1539630000000,0.061
1539633600000,0.064
1539637200000,0.068
1539640800000,0.071
1539644400000,0.062
1539648000000,0.061
1539651600000,0.046
1539655200000,0.023
1539658800000,0.007
1539662400000,0.002
1539666000000,0.004
1539669600000,0.008
1539673200000,0.022
1539676800000,0.05
1539680400000,0.084
1539684000000,0.109
1539687600000,0.109
1539691200000,0.104
1539694800000,0.097
1539698400000,0.099
1539702000000,0.102
1539705600000,0.109
1539709200000,0.112
1539712800000,0.11
1539716400000,0.104
1539720000000,0.094
1539723600000,0.076
1539727200000,0.057
1539730800000,0.04
1539734400000,0.028
1539738000000,0.025
1539741600000,0.026
1539745200000,0.03
1539748800000,0.039
1539752400000,0.058
1539756000000,0.099
1539759600000,0.154
1539763200000,0.197
1539766800000,0.22
1539770400000,0.243
1539774000000,0.259
1539777600000,0.247
1539781200000,0.188
1539784800000,0.127
1539788400000,0.131
1539792000000,0.141
1539795600000,0.141
1539799200000,0.137
1539802800000,0.137
1539806400000,0.144
1539810000000,0.145
1539813600000,0.144
1539817200000,0.136
1539820800000,0.132
1539824400000,0.111
1539828000000,0.085
1539831600000,0.08
1539835200000,0.103
1539838800000,0.156
1539842400000,0.241
1539846000000,0.347
1539849600000,0.413
1539853200000,0.394
1539856800000,0.38
1539860400000,0.378
1539864000000,0.363
1539867600000,0.343
1539871200000,0.326
1539874800000,0.343
1539878400000,0.372
1539882000000,0.402
1539885600000,0.425
1539889200000,0.435
1539892800000,0.438
1539896400000,0.399
1539900000000,0.344
1539903600000,0.313
1539907200000,0.294
1539910800000,0.179
1539914400000,0.085
1539918000000,0.068
1539921600000,0.084
1539925200000,0.105
1539928800000,0.147
1539932400000,0.218
1539936000000,0.282
1539939600000,0.325
1539943200000,0.391
1539946800000,0.464
1539950400000,0.494
1539954000000,0.502
1539957600000,0.501
1539961200000,0.536
1539964800000,0.57
1539968400000,0.585
1539972000000,0.604
1539975600000,0.636
1539979200000,0.672
1539982800000,0.656
1539986400000,0.632
1539990000000,0.614
1539993600000,0.672
1539997200000,0.695
1540000800000,0.663
1540004400000,0.669
1540008000000,0.707
1540011600000,0.751
1540015200000,0.787
1540018800000,0.802
1540022400000,0.777
1540026000000,0.732
1540029600000,0.704
1540033200000,0.701
1540036800000,0.71
1540040400000,0.688
1540044000000,0.676
1540047600000,0.674
1540051200000,0.686
1540054800000,0.704
1540058400000,0.72
1540062000000,0.724
1540065600000,0.734
1540069200000,0.715
1540072800000,0.674
1540076400000,0.637
1540080000000,0.668
1540083600000,0.642
1540087200000,0.575
1540090800000,0.539
1540094400000,0.54
1540098000000,0.558
1540101600000,0.591
1540105200000,0.623
1540108800000,0.619
1540112400000,0.579
1540116000000,0.558
1540119600000,0.535
1540123200000,0.51
1540126800000,0.481
1540130400000,0.466
1540134000000,0.488
1540137600000,0.51
1540141200000,0.523
1540144800000,0.528
1540148400000,0.524
1540152000000,0.515
1540155600000,0.484
1540159200000,0.428
1540162800000,0.367
1540166400000,0.359
1540170000000,0.3
1540173600000,0.236
1540177200000,0.208
1540180800000,0.213
1540184400000,0.235
1540188000000,0.272
1540191600000,0.324
1540195200000,0.372
1540198800000,0.405
1540202400000,0.455
1540206000000,0.465
1540209600000,0.443
1540213200000,0.411
1540216800000,0.384
1540220400000,0.388
1540224000000,0.404
1540227600000,0.395
1540231200000,0.37
1540234800000,0.341
1540238400000,0.317
1540242000000,0.272
1540245600000,0.214
1540249200000,0.167
1540252800000,0.144
1540256400000,0.104
1540260000000,0.072
1540263600000,0.07
1540267200000,0.092
1540270800000,0.122
1540274400000,0.169
1540278000000,0.239
1540281600000,0.316
1540285200000,0.373
1540288800000,0.429
1540292400000,0.442
1540296000000,0.431
1540299600000,0.414
1540303200000,0.398
1540306800000,0.397
1540310400000,0.403
1540314000000,0.399
1540317600000,0.376
1540321200000,0.355
1540324800000,0.325
1540328400000,0.293
1540332000000,0.257
1540335600000,0.229
1540339200000,0.2
1540342800000,0.167
1540346400000,0.14
1540350000000,0.125
1540353600000,0.119
1540357200000,0.119
1540360800000,0.134
1540364400000,0.18
1540368000000,0.243
1540371600000,0.3
1540375200000,0.35
1540378800000,0.373
1540382400000,0.384
1540386000000,0.395
1540389600000,0.396
1540393200000,0.422
1540396800000,0.45
1540400400000,0.446
1540404000000,0.445
1540407600000,0.465
1540411200000,0.481
1540414800000,0.489
1540418400000,0.467
1540422000000,0.45
1540425600000,0.454
1540429200000,0.397
1540432800000,0.328
1540436400000,0.294
1540440000000,0.284
1540443600000,0.285
1540447200000,0.305
1540450800000,0.343
1540454400000,0.389
1540458000000,0.432
1540461600000,0.479
1540465200000,0.485
1540468800000,0.484
1540472400000,0.469
1540476000000,0.459
1540479600000,0.447
1540483200000,0.43
1540486800000,0.399
1540490400000,0.347
1540494000000,0.317
1540497600000,0.312
1540501200000,0.275
1540504800000,0.242
1540508400000,0.222
1540512000000,0.22
1540515600000,0.192
1540519200000,0.154
1540522800000,0.144
1540526400000,0.16
1540530000000,0.186
1540533600000,0.233
1540537200000,0.3
1540540800000,0.341
1540544400000,0.347
1540548000000,0.367
1540551600000,0.352
1540555200000,0.344
1540558800000,0.344
1540562400000,0.328
1540566000000,0.337
1540569600000,0.343
1540573200000,0.359
1540576800000,0.401
1540580400000,0.441
1540584000000,0.464
1540587600000,0.457
1540591200000,0.425
1540594800000,0.379
1540598400000,0.416
1540602000000,0.397
1540605600000,0.368
1540609200000,0.376
1540612800000,0.43
1540616400000,0.505
1540620000000,0.572
1540623600000,0.61
1540627200000,0.582
1540630800000,0.558
1540634400000,0.613
1540638000000,0.678
1540641600000,0.74
1540645200000,0.782
1540648800000,0.808
1540652400000,0.808
1540656000000,0.781
1540659600000,0.726
1540663200000,0.661
1540666800000,0.63
1540670400000,0.623
1540674000000,0.636
1540677600000,0.63
1540681200000,0.63
1540684800000,0.695
1540688400000,0.772
1540692000000,0.802
1540695600000,0.809
1540699200000,0.804
1540702800000,0.806
1540706400000,0.813
1540710000000,0.813
1540713600000,0.781
1540717200000,0.755
1540720800000,0.785
1540724400000,0.812
1540728000000,0.809
1540731600000,0.802
1540735200000,0.788
1540738800000,0.784
1540742400000,0.779
1540746000000,0.774
1540749600000,0.785
1540753200000,0.804
1540756800000,0.817
1540760400000,0.83
1540764000000,0.834
1540767600000,0.84
1540771200000,0.893
1540774800000,0.917
1540778400000,0.926
1540782000000,0.93
1540785600000,0.937
1540789200000,0.944
1540792800000,0.946
1540796400000,0.94
1540800000000,0.918
1540803600000,0.909
1540807200000,0.929
1540810800000,0.948
1540814400000,0.961
1540818000000,0.97
1540821600000,0.98
1540825200000,0.986
1540828800000,0.99
1540832400000,0.991
1540836000000,0.987
1540839600000,0.981
1540843200000,0.971
1540846800000,0.96
1540850400000,0.934
1540854000000,0.892
1540857600000,0.865
1540861200000,0.845
1540864800000,0.808
1540868400000,0.73
1540872000000,0.672
1540875600000,0.689
1540879200000,0.746
1540882800000,0.82
1540886400000,0.869
1540890000000,0.945
1540893600000,0.982
1540897200000,0.991
1540900800000,0.99
1540904400000,0.985
1540908000000,0.973
1540911600000,0.972
1540915200000,0.974
1540918800000,0.973
1540922400000,0.968
1540926000000,0.956
1540929600000,0.942
1540933200000,0.908
1540936800000,0.874
1540940400000,0.863
1540944000000,0.881
1540947600000,0.922
1540951200000,0.914
1540954800000,0.871
1540958400000,0.82
1540962000000,0.761
1540965600000,0.663
1540969200000,0.55
1540972800000,0.444
1540976400000,0.399
1540980000000,0.391
1540983600000,0.346
1540987200000,0.364
1540990800000,0.386
1540994400000,0.367
1540998000000,0.358
1541001600000,0.367
1541005200000,0.358
1541008800000,0.337
1541012400000,0.301
1541016000000,0.296
1541019600000,0.281
1541023200000,0.259
1541026800000,0.225
1541030400000,0.314
1541034000000,0.324
1541037600000,0.243
1541041200000,0.181
1541044800000,0.144
1541048400000,0.107
1541052000000,0.076
1541055600000,0.055
1541059200000,0.038
1541062800000,0.028
1541066400000,0.025
1541070000000,0.029
1541073600000,0.038
1541077200000,0.043
1541080800000,0.042
1541084400000,0.055
1541088000000,0.073
1541091600000,0.085
1541095200000,0.094
1541098800000,0.1
1541102400000,0.102
1541106000000,0.095
1541109600000,0.079
1541113200000,0.053
1541116800000,0.065
1541120400000,0.059
1541124000000,0.036
1541127600000,0.017
1541131200000,0.005
1541134800000,0.001
1541138400000,0.001
1541142000000,0.007
1541145600000,0.031
1541149200000,0.061
1541152800000,0.072
1541156400000,0.056
1541160000000,0.045
1541163600000,0.041
1541167200000,0.039
1541170800000,0.044
1541174400000,0.052
1541178000000,0.061
1541181600000,0.069
1541185200000,0.078
1541188800000,0.085
1541192400000,0.081
1541196000000,0.073
1541199600000,0.045
1541203200000,0.053
1541206800000,0.047
1541210400000,0.03
1541214000000,0.014
1541217600000,0.005
1541221200000,0.002
1541224800000,0.009
1541228400000,0.035
1541232000000,0.085
1541235600000,0.133
1541239200000,0.163
1541242800000,0.167
1541246400000,0.158
1541250000000,0.149
1541253600000,0.143
1541257200000,0.155
1541260800000,0.166
1541264400000,0.173
1541268000000,0.179
1541271600000,0.193
1541275200000,0.202
1541278800000,0.203
1541282400000,0.223
1541286000000,0.222
1541289600000,0.32
1541293200000,0.38
1541296800000,0.395
1541300400000,0.387
1541304000000,0.386
1541307600000,0.407
1541311200000,0.444
1541314800000,0.484
1541318400000,0.488
1541322000000,0.519
1541325600000,0.541
1541329200000,0.516
1541332800000,0.484
1541336400000,0.432
1541340000000,0.395
1541343600000,0.386
1541347200000,0.391
1541350800000,0.388
1541354400000,0.374
1541358000000,0.352
1541361600000,0.32
1541365200000,0.293
1541368800000,0.274
1541372400000,0.252
1541376000000,0.401
1541379600000,0.459
1541383200000,0.455
1541386800000,0.463
1541390400000,0.48
1541394000000,0.488
1541397600000,0.498
1541401200000,0.498
1541404800000,0.464
1541408400000,0.463
1541412000000,0.478
1541415600000,0.458
1541419200000,0.413
1541422800000,0.395
1541426400000,0.376
1541430000000,0.376
1541433600000,0.38
1541437200000,0.364
1541440800000,0.391
1541444400000,0.417
1541448000000,0.456
1541451600000,0.47
1541455200000,0.46
1541458800000,0.439
1541462400000,0.607
1541466000000,0.648
1541469600000,0.621
1541473200000,0.596
1541476800000,0.594
1541480400000,0.607
1541484000000,0.638
1541487600000,0.669
1541491200000,0.635
1541494800000,0.571
1541498400000,0.549
1541502000000,0.501
1541505600000,0.45
1541509200000,0.407
1541512800000,0.341
1541516400000,0.332
1541520000000,0.361
1541523600000,0.359
1541527200000,0.362
1541530800000,0.364
1541534400000,0.373
1541538000000,0.39
1541541600000,0.386
1541545200000,0.376
1541548800000,0.523
1541552400000,0.561
1541556000000,0.527
1541559600000,0.507
1541563200000,0.519
1541566800000,0.535
1541570400000,0.56
1541574000000,0.586
1541577600000,0.539
1541581200000,0.506
1541584800000,0.496
1541588400000,0.454
1541592000000,0.436
1541595600000,0.369
1541599200000,0.332
1541602800000,0.315
1541606400000,0.296
1541610000000,0.282
1541613600000,0.289
1541617200000,0.297
1541620800000,0.323
1541624400000,0.352
1541628000000,0.353
1541631600000,0.315
1541635200000,0.431
1541638800000,0.478
1541642400000,0.462
1541646000000,0.444
1541649600000,0.432
1541653200000,0.432
1541656800000,0.445
1541660400000,0.47
1541664000000,0.464
1541667600000,0.457
1541671200000,0.477
1541674800000,0.484
1541678400000,0.441
1541682000000,0.396
1541685600000,0.364
1541689200000,0.388
1541692800000,0.441
1541696400000,0.466
1541700000000,0.501
1541703600000,0.513
1541707200000,0.51
1541710800000,0.502
1541714400000,0.469
1541718000000,0.4
1541721600000,0.488
1541725200000,0.516
1541728800000,0.5
1541732400000,0.505
1541736000000,0.538
1541739600000,0.58
1541743200000,0.633
1541746800000,0.682
1541750400000,0.664
1541754000000,0.651
1541757600000,0.654
1541761200000,0.635
1541764800000,0.584
1541768400000,0.584
1541772000000,0.571
1541775600000,0.578
1541779200000,0.586
1541782800000,0.578
1541786400000,0.596
1541790000000,0.582
1541793600000,0.547
1541797200000,0.498
1541800800000,0.442
1541804400000,0.38
1541808000000,0.466
1541811600000,0.556
1541815200000,0.573
1541818800000,0.598
1541822400000,0.642
1541826000000,0.686
1541829600000,0.719
1541833200000,0.711
1541836800000,0.648
1541840400000,0.592
1541844000000,0.519
1541847600000,0.459
1541851200000,0.438
1541854800000,0.448
1541858400000,0.449
1541862000000,0.47
1541865600000,0.482
1541869200000,0.47
1541872800000,0.481
1541876400000,0.507
1541880000000,0.511
1541883600000,0.491
1541887200000,0.466
1541890800000,0.373
1541894400000,0.513
1541898000000,0.554
1541901600000,0.52
1541905200000,0.483
1541908800000,0.464
1541912400000,0.459
1541916000000,0.474
1541919600000,0.488
1541923200000,0.488
1541926800000,0.51
1541930400000,0.523
1541934000000,0.504
1541937600000,0.459
1541941200000,0.421
1541944800000,0.391
1541948400000,0.356
1541952000000,0.323
1541955600000,0.298
1541959200000,0.272
1541962800000,0.261
1541966400000,0.264
1541970000000,0.264
1541973600000,0.252
1541977200000,0.179
1541980800000,0.191
1541984400000,0.161
1541988000000,0.109
1541991600000,0.069
1541995200000,0.041
1541998800000,0.023
1542002400000,0.019
1542006000000,0.043
1542009600000,0.098
1542013200000,0.154
1542016800000,0.201
1542020400000,0.225
1542024000000,0.22
1542027600000,0.195
1542031200000,0.183
1542034800000,0.182
1542038400000,0.185
1542042000000,0.174
1542045600000,0.15
1542049200000,0.122
1542052800000,0.096
1542056400000,0.077
1542060000000,0.068
1542063600000,0.063
1542067200000,0.08
1542070800000,0.08
1542074400000,0.077
1542078000000,0.079
1542081600000,0.086
1542085200000,0.099
1542088800000,0.126
1542092400000,0.189
1542096000000,0.272
1542099600000,0.348
1542103200000,0.414
1542106800000,0.442
1542110400000,0.467
1542114000000,0.473
1542117600000,0.446
1542121200000,0.42
1542124800000,0.383
1542128400000,0.336
1542132000000,0.311
1542135600000,0.294
1542139200000,0.291
1542142800000,0.275
1542146400000,0.264
1542150000000,0.247
1542153600000,0.273
1542157200000,0.248
1542160800000,0.221
1542164400000,0.229
1542168000000,0.266
1542171600000,0.335
1542175200000,0.434
1542178800000,0.546
1542182400000,0.596
1542186000000,0.563
1542189600000,0.571
1542193200000,0.59
1542196800000,0.591
1542200400000,0.568
1542204000000,0.533
1542207600000,0.536
1542211200000,0.51
1542214800000,0.457
1542218400000,0.426
1542222000000,0.415
1542225600000,0.431
1542229200000,0.41
1542232800000,0.392
1542236400000,0.374
1542240000000,0.421
1542243600000,0.413
1542247200000,0.379
1542250800000,0.37
1542254400000,0.379
1542258000000,0.391
1542261600000,0.413
1542265200000,0.46
1542268800000,0.484
1542272400000,0.479
1542276000000,0.476
1542279600000,0.447
1542283200000,0.406
1542286800000,0.382
1542290400000,0.346
1542294000000,0.32
1542297600000,0.3
1542301200000,0.282
1542304800000,0.264
1542308400000,0.254
1542312000000,0.254
1542315600000,0.249
1542319200000,0.237
1542322800000,0.199
1542326400000,0.218
1542330000000,0.192
1542333600000,0.14
1542337200000,0.091
1542340800000,0.054
1542344400000,0.03
1542348000000,0.02
1542351600000,0.019
1542355200000,0.032
1542358800000,0.066
1542362400000,0.085
1542366000000,0.102
1542369600000,0.144
1542373200000,0.178
1542376800000,0.199
1542380400000,0.223
1542384000000,0.241
1542387600000,0.246
1542391200000,0.234
1542394800000,0.219
1542398400000,0.208
1542402000000,0.201
1542405600000,0.196
1542409200000,0.158
1542412800000,0.188
1542416400000,0.16
1542420000000,0.115
1542423600000,0.083
1542427200000,0.059
1542430800000,0.042
1542434400000,0.033
1542438000000,0.032
1542441600000,0.046
1542445200000,0.068
1542448800000,0.075
1542452400000,0.083
1542456000000,0.117
1542459600000,0.147
1542463200000,0.17
1542466800000,0.199
1542470400000,0.212
1542474000000,0.209
1542477600000,0.188
1542481200000,0.173
1542484800000,0.167
1542488400000,0.159
1542492000000,0.154
1542495600000,0.137
1542499200000,0.156
1542502800000,0.143
1542506400000,0.122
1542510000000,0.101
1542513600000,0.07
1542517200000,0.038
1542520800000,0.018
1542524400000,0.018
1542528000000,0.036
1542531600000,0.063
1542535200000,0.074
1542538800000,0.068
1542542400000,0.068
1542546000000,0.085
1542549600000,0.106
1542553200000,0.121
1542556800000,0.13
1542560400000,0.129
1542564000000,0.124
1542567600000,0.117
1542571200000,0.114
1542574800000,0.117
1542578400000,0.119
1542582000000,0.081
1542585600000,0.089
1542589200000,0.051
1542592800000,0.017
1542596400000,0.006
1542600000000,0.015
1542603600000,0.043
1542607200000,0.093
1542610800000,0.182
1542614400000,0.294
1542618000000,0.395
1542621600000,0.464
1542625200000,0.501
1542628800000,0.498
1542632400000,0.457
1542636000000,0.415
1542639600000,0.401
1542643200000,0.435
1542646800000,0.447
1542650400000,0.459
1542654000000,0.46
1542657600000,0.464
1542661200000,0.447
1542664800000,0.429
1542668400000,0.417
1542672000000,0.497
1542675600000,0.516
1542679200000,0.514
1542682800000,0.523
1542686400000,0.532
1542690000000,0.544
1542693600000,0.563
1542697200000,0.576
1542700800000,0.541
1542704400000,0.484
1542708000000,0.46
1542711600000,0.447
1542715200000,0.424
1542718800000,0.398
1542722400000,0.369
1542726000000,0.379
1542729600000,0.398
1542733200000,0.398
1542736800000,0.391
1542740400000,0.396
1542744000000,0.436
1542747600000,0.464
1542751200000,0.439
1542754800000,0.428
1542758400000,0.51
1542762000000,0.571
1542765600000,0.565
1542769200000,0.566
1542772800000,0.586
1542776400000,0.595
1542780000000,0.603
1542783600000,0.603
1542787200000,0.571
1542790800000,0.479
1542794400000,0.395
1542798000000,0.334
1542801600000,0.264
1542805200000,0.218
1542808800000,0.196
1542812400000,0.25
1542816000000,0.319
1542819600000,0.369
1542823200000,0.41
1542826800000,0.456
1542830400000,0.497
1542834000000,0.473
1542837600000,0.427
1542841200000,0.373
1542844800000,0.413
1542848400000,0.444
1542852000000,0.459
1542855600000,0.522
1542859200000,0.604
1542862800000,0.669
1542866400000,0.71
1542870000000,0.711
1542873600000,0.691
1542877200000,0.685
1542880800000,0.695
1542884400000,0.713
1542888000000,0.748
1542891600000,0.776
1542895200000,0.77
1542898800000,0.768
1542902400000,0.763
1542906000000,0.751
1542909600000,0.748
1542913200000,0.748
1542916800000,0.748
1542920400000,0.725
1542924000000,0.683
1542927600000,0.602
1542931200000,0.615
1542934800000,0.618
1542938400000,0.534
1542942000000,0.492
1542945600000,0.503
1542949200000,0.526
1542952800000,0.58
1542956400000,0.628
1542960000000,0.601
1542963600000,0.538
1542967200000,0.501
1542970800000,0.506
1542974400000,0.51
1542978000000,0.494
1542981600000,0.454
1542985200000,0.439
1542988800000,0.431
1542992400000,0.388
1542996000000,0.345
1542999600000,0.308
1543003200000,0.297
1543006800000,0.285
1543010400000,0.284
1543014000000,0.295
1543017600000,0.353
1543021200000,0.41
1543024800000,0.432
1543028400000,0.454
1543032000000,0.481
1543035600000,0.513
1543039200000,0.555
1543042800000,0.589
1543046400000,0.567
1543050000000,0.501
1543053600000,0.46
1543057200000,0.437
1543060800000,0.427
1543064400000,0.422
1543068000000,0.425
1543071600000,0.501
1543075200000,0.557
1543078800000,0.638
1543082400000,0.689
1543086000000,0.688
1543089600000,0.71
1543093200000,0.677
1543096800000,0.633
1543100400000,0.552
1543104000000,0.633
1543107600000,0.637
1543111200000,0.534
1543114800000,0.467
1543118400000,0.448
1543122000000,0.444
1543125600000,0.487
1543129200000,0.539
1543132800000,0.55
1543136400000,0.499
1543140000000,0.426
1543143600000,0.364
1543147200000,0.308
1543150800000,0.251
1543154400000,0.201
1543158000000,0.187
1543161600000,0.194
1543165200000,0.187
1543168800000,0.186
1543172400000,0.187
1543176000000,0.189
1543179600000,0.184
1543183200000,0.158
1543186800000,0.117
1543190400000,0.114
1543194000000,0.078
1543197600000,0.038
1543201200000,0.013
1543204800000,0.004
1543208400000,0.005
1543212000000,0.02
1543215600000,0.064
1543219200000,0.101
1543222800000,0.136
1543226400000,0.177
1543230000000,0.21
1543233600000,0.25
1543237200000,0.289
1543240800000,0.322
1543244400000,0.352
1543248000000,0.361
1543251600000,0.354
1543255200000,0.343
1543258800000,0.336
1543262400000,0.334
1543266000000,0.32
1543269600000,0.298
1543273200000,0.281
1543276800000,0.299
1543280400000,0.25
1543284000000,0.172
1543287600000,0.122
1543291200000,0.1
1543294800000,0.103
1543298400000,0.148
1543302000000,0.237
1543305600000,0.326
1543309200000,0.365
1543312800000,0.416
1543316400000,0.425
1543320000000,0.414
1543323600000,0.387
1543327200000,0.336
1543330800000,0.304
1543334400000,0.3
1543338000000,0.277
1543341600000,0.267
1543345200000,0.268
1543348800000,0.265
1543352400000,0.245
1543356000000,0.231
1543359600000,0.206
1543363200000,0.209
1543366800000,0.159
1543370400000,0.099
1543374000000,0.061
1543377600000,0.041
1543381200000,0.034
1543384800000,0.058
1543388400000,0.129
1543392000000,0.226
1543395600000,0.297
1543399200000,0.356
1543402800000,0.412
1543406400000,0.422
1543410000000,0.41
1543413600000,0.384
1543417200000,0.374
1543420800000,0.38
1543424400000,0.382
1543428000000,0.388
1543431600000,0.403
1543435200000,0.413
1543438800000,0.4
1543442400000,0.388
1543446000000,0.383
1543449600000,0.43
1543453200000,0.424
1543456800000,0.383
1543460400000,0.362
1543464000000,0.364
1543467600000,0.395
1543471200000,0.479
1543474800000,0.593
1543478400000,0.675
1543482000000,0.683
1543485600000,0.671
1543489200000,0.662
1543492800000,0.647
1543496400000,0.639
1543500000000,0.599
1543503600000,0.614
1543507200000,0.623
1543510800000,0.672
1543514400000,0.691
1543518000000,0.701
1543521600000,0.719
1543525200000,0.708
1543528800000,0.672
1543532400000,0.648
1543536000000,0.744
1543539600000,0.755
1543543200000,0.732
1543546800000,0.732
1543550400000,0.753
1543554000000,0.77
1543557600000,0.791
1543561200000,0.806
1543564800000,0.786
1543568400000,0.713
1543572000000,0.666
1543575600000,0.63
1543579200000,0.578
1543582800000,0.533
1543586400000,0.501
1543590000000,0.514
1543593600000,0.52
1543597200000,0.486
1543600800000,0.48
1543604400000,0.49
1543608000000,0.51
1543611600000,0.496
1543615200000,0.464
1543618800000,0.43
1543622400000,0.507
1543626000000,0.484
1543629600000,0.444
1543633200000,0.446
1543636800000,0.472
1543640400000,0.509
1543644000000,0.558
1543647600000,0.606
1543651200000,0.613
1543654800000,0.581
1543658400000,0.56
1543662000000,0.525
1543665600000,0.491
1543669200000,0.466
1543672800000,0.441
1543676400000,0.465
1543680000000,0.5
1543683600000,0.547
1543687200000,0.566
1543690800000,0.559
1543694400000,0.535
1543698000000,0.486
1543701600000,0.422
1543705200000,0.363
1543708800000,0.394
1543712400000,0.355
1543716000000,0.299
1543719600000,0.282
1543723200000,0.304
1543726800000,0.341
1543730400000,0.391
1543734000000,0.447
1543737600000,0.482
1543741200000,0.512
1543744800000,0.505
1543748400000,0.455
1543752000000,0.422
1543755600000,0.374
1543759200000,0.325
1543762800000,0.338
1543766400000,0.382
1543770000000,0.402
1543773600000,0.434
1543777200000,0.446
1543780800000,0.422
1543784400000,0.364
1543788000000,0.282
1543791600000,0.188
1543795200000,0.184
1543798800000,0.128
1543802400000,0.077
1543806000000,0.067
1543809600000,0.082
1543813200000,0.112
1543816800000,0.158
1543820400000,0.207
1543824000000,0.255
1543827600000,0.333
1543831200000,0.393
1543834800000,0.428
1543838400000,0.401
1543842000000,0.328
1543845600000,0.245
1543849200000,0.207
1543852800000,0.195
1543856400000,0.18
1543860000000,0.173
1543863600000,0.177
1543867200000,0.187
1543870800000,0.183
1543874400000,0.179
1543878000000,0.201
1543881600000,0.261
1543885200000,0.248
1543888800000,0.193
1543892400000,0.161
1543896000000,0.154
1543899600000,0.161
1543903200000,0.183
1543906800000,0.223
1543910400000,0.254
1543914000000,0.289
1543917600000,0.291
1543921200000,0.282
1543924800000,0.269
1543928400000,0.252
1543932000000,0.227
1543935600000,0.22
1543939200000,0.216
1543942800000,0.199
1543946400000,0.188
1543950000000,0.19
1543953600000,0.192
1543957200000,0.174
1543960800000,0.159
1543964400000,0.156
1543968000000,0.195
1543971600000,0.195
1543975200000,0.18
1543978800000,0.189
1543982400000,0.208
1543986000000,0.231
1543989600000,0.273
1543993200000,0.32
1543996800000,0.374
1544000400000,0.451
1544004000000,0.491
1544007600000,0.481
1544011200000,0.447
1544014800000,0.407
1544018400000,0.376
1544022000000,0.368
1544025600000,0.395
1544029200000,0.404
1544032800000,0.4
1544036400000,0.4
1544040000000,0.409
1544043600000,0.389
1544047200000,0.352
1544050800000,0.278
1544054400000,0.308
1544058000000,0.272
1544061600000,0.205
1544065200000,0.176
1544068800000,0.169
1544072400000,0.172
1544076000000,0.188
1544079600000,0.213
1544083200000,0.243
1544086800000,0.263
1544090400000,0.264
1544094000000,0.274
1544097600000,0.279
1544101200000,0.289
1544104800000,0.28
1544108400000,0.297
1544112000000,0.348
1544115600000,0.363
1544119200000,0.378
1544122800000,0.389
1544126400000,0.407
1544130000000,0.404
1544133600000,0.39
1544137200000,0.397
1544140800000,0.485
1544144400000,0.476
1544148000000,0.448
1544151600000,0.463
1544155200000,0.516
1544158800000,0.58
1544162400000,0.647
1544166000000,0.706
1544169600000,0.718
1544173200000,0.671
1544176800000,0.654
1544180400000,0.627
1544184000000,0.601
1544187600000,0.566
1544191200000,0.505
1544194800000,0.45
1544198400000,0.442
1544202000000,0.441
1544205600000,0.474
1544209200000,0.478
1544212800000,0.46
1544216400000,0.447
1544220000000,0.422
1544223600000,0.395
1544227200000,0.479
1544230800000,0.507
1544234400000,0.499
1544238000000,0.514
1544241600000,0.557
1544245200000,0.61
1544248800000,0.656
1544252400000,0.682
1544256000000,0.663
1544259600000,0.639
1544263200000,0.645
1544266800000,0.619
1544270400000,0.578
1544274000000,0.514
1544277600000,0.454
1544281200000,0.404
1544284800000,0.364
1544288400000,0.327
1544292000000,0.295
1544295600000,0.258
1544299200000,0.228
1544302800000,0.203
1544306400000,0.213
1544310000000,0.248
1544313600000,0.346
1544317200000,0.428
1544320800000,0.446
1544324400000,0.493
1544328000000,0.566
1544331600000,0.633
1544335200000,0.689
1544338800000,0.708
1544342400000,0.66
1544346000000,0.574
1544349600000,0.532
1544353200000,0.479
1544356800000,0.398
1544360400000,0.34
1544364000000,0.291
1544367600000,0.259
1544371200000,0.233
1544374800000,0.207
1544378400000,0.188
1544382000000,0.173
1544385600000,0.167
1544389200000,0.137
1544392800000,0.108
1544396400000,0.093
1544400000000,0.074
1544403600000,0.053
1544407200000,0.053
1544410800000,0.082
1544414400000,0.129
1544418000000,0.186
1544421600000,0.263
1544425200000,0.359
1544428800000,0.436
1544432400000,0.476
1544436000000,0.485
1544439600000,0.476
1544443200000,0.424
1544446800000,0.364
1544450400000,0.32
1544454000000,0.289
1544457600000,0.259
1544461200000,0.225
1544464800000,0.203
1544468400000,0.201
1544472000000,0.201
1544475600000,0.177
1544479200000,0.151
1544482800000,0.135
1544486400000,0.13
1544490000000,0.105
1544493600000,0.084
1544497200000,0.093
1544500800000,0.129
1544504400000,0.187
1544508000000,0.274
1544511600000,0.388
1544515200000,0.483
1544518800000,0.481
1544522400000,0.448
1544526000000,0.421
1544529600000,0.402
1544533200000,0.364
1544536800000,0.321
1544540400000,0.325
1544544000000,0.359
1544547600000,0.391
1544551200000,0.425
1544554800000,0.469
1544558400000,0.519
1544562000000,0.556
1544565600000,0.574
1544569200000,0.586
1544572800000,0.672
1544576400000,0.692
1544580000000,0.702
1544583600000,0.74
1544587200000,0.791
1544590800000,0.834
1544594400000,0.873
1544598000000,0.9
1544601600000,0.893
1544605200000,0.833
1544608800000,0.821
1544612400000,0.817
1544616000000,0.807
1544619600000,0.799
1544623200000,0.786
1544626800000,0.793
1544630400000,0.808
1544634000000,0.806
1544637600000,0.812
1544641200000,0.825
1544644800000,0.844
1544648400000,0.838
1544652000000,0.819
1544655600000,0.809
1544659200000,0.883
1544662800000,0.905
1544666400000,0.893
1544670000000,0.899
1544673600000,0.913
1544677200000,0.925
1544680800000,0.936
1544684400000,0.941
1544688000000,0.926
1544691600000,0.856
1544695200000,0.822
1544698800000,0.813
1544702400000,0.801
1544706000000,0.788
1544709600000,0.765
1544713200000,0.773
1544716800000,0.798
1544720400000,0.811
1544724000000,0.827
1544727600000,0.849
1544731200000,0.862
1544734800000,0.857
1544738400000,0.84
1544742000000,0.84
1544745600000,0.902
1544749200000,0.9
1544752800000,0.882
1544756400000,0.886
1544760000000,0.905
1544763600000,0.92
1544767200000,0.932
1544770800000,0.935
1544774400000,0.924
1544778000000,0.865
1544781600000,0.823
1544785200000,0.8
1544788800000,0.78
1544792400000,0.762
1544796000000,0.727
1544799600000,0.734
1544803200000,0.751
1544806800000,0.773
1544810400000,0.791
1544814000000,0.809
1544817600000,0.826
1544821200000,0.825
1544824800000,0.816
1544828400000,0.806
1544832000000,0.887
1544835600000,0.909
1544839200000,0.891
1544842800000,0.888
1544846400000,0.899
1544850000000,0.914
1544853600000,0.929
1544857200000,0.934
1544860800000,0.92
1544864400000,0.86
1544868000000,0.809
1544871600000,0.779
1544875200000,0.747
1544878800000,0.696
1544882400000,0.658
1544886000000,0.655
1544889600000,0.646
1544893200000,0.629
1544896800000,0.61
1544900400000,0.59
1544904000000,0.593
1544907600000,0.563
1544911200000,0.541
1544914800000,0.491
1544918400000,0.609
1544922000000,0.571
1544925600000,0.478
1544929200000,0.437
1544932800000,0.453
1544936400000,0.491
1544940000000,0.571
1544943600000,0.661
1544947200000,0.709
1544950800000,0.645
1544954400000,0.574
1544958000000,0.507
1544961600000,0.444
1544965200000,0.388
1544968800000,0.332
1544972400000,0.31
1544976000000,0.305
1544979600000,0.289
1544983200000,0.285
1544986800000,0.302
1544990400000,0.325
1544994000000,0.32
1544997600000,0.305
1545001200000,0.29
1545004800000,0.314
1545008400000,0.285
1545012000000,0.259
1545015600000,0.274
1545019200000,0.332
1545022800000,0.413
1545026400000,0.51
1545030000000,0.602
1545033600000,0.658
1545037200000,0.645
1545040800000,0.647
1545044400000,0.627
1545048000000,0.633
1545051600000,0.618
1545055200000,0.618
1545058800000,0.633
1545062400000,0.635
1545066000000,0.633
1545069600000,0.635
1545073200000,0.65
1545076800000,0.662
1545080400000,0.661
1545084000000,0.652
1545087600000,0.636
1545091200000,0.733
1545094800000,0.782
1545098400000,0.768
1545102000000,0.781
1545105600000,0.829
1545109200000,0.872
1545112800000,0.906
1545116400000,0.922
1545120000000,0.909
1545123600000,0.868
1545127200000,0.85
1545130800000,0.842
1545134400000,0.819
1545138000000,0.788
1545141600000,0.77
1545145200000,0.785
1545148800000,0.785
1545152400000,0.789
1545156000000,0.786
1545159600000,0.782
1545163200000,0.744
1545166800000,0.7
1545170400000,0.633
1545174000000,0.569
1545177600000,0.647
1545181200000,0.591
1545184800000,0.498
1545188400000,0.46
1545192000000,0.484
1545195600000,0.528
1545199200000,0.58
1545202800000,0.633
1545206400000,0.668
1545210000000,0.635
1545213600000,0.619
1545217200000,0.591
1545220800000,0.532
1545224400000,0.463
1545228000000,0.388
1545231600000,0.362
1545235200000,0.335
1545238800000,0.346
1545242400000,0.348
1545246000000,0.343
1545249600000,0.358
1545253200000,0.33
1545256800000,0.296
1545260400000,0.204
1545264000000,0.179
1545267600000,0.107
1545271200000,0.042
1545274800000,0.024
1545278400000,0.032
1545282000000,0.047
1545285600000,0.058
1545289200000,0.112
1545292800000,0.181
1545296400000,0.254
1545300000000,0.281
1545303600000,0.312
1545307200000,0.328
1545310800000,0.302
1545314400000,0.283
1545318000000,0.283
1545321600000,0.283
1545325200000,0.279
1545328800000,0.27
1545332400000,0.274
1545336000000,0.301
1545339600000,0.305
1545343200000,0.308
1545346800000,0.325
1545350400000,0.437
1545354000000,0.447
1545357600000,0.446
1545361200000,0.483
1545364800000,0.547
1545368400000,0.622
1545372000000,0.692
1545375600000,0.73
1545379200000,0.698
1545382800000,0.657
1545386400000,0.644
1545390000000,0.643
1545393600000,0.621
1545397200000,0.598
1545400800000,0.571
1545404400000,0.551
1545408000000,0.541
1545411600000,0.54
1545415200000,0.541
1545418800000,0.544
1545422400000,0.55
1545426000000,0.527
1545429600000,0.496
1545433200000,0.428
1545436800000,0.464
1545440400000,0.524
1545444000000,0.514
1545447600000,0.493
1545451200000,0.508
1545454800000,0.536
1545458400000,0.587
1545462000000,0.63
1545465600000,0.627
1545469200000,0.568
1545472800000,0.481
1545476400000,0.389
1545480000000,0.307
1545483600000,0.27
1545487200000,0.248
1545490800000,0.28
1545494400000,0.342
1545498000000,0.407
1545501600000,0.469
1545505200000,0.51
1545508800000,0.55
1545512400000,0.555
1545516000000,0.552
1545519600000,0.519
1545523200000,0.627
1545526800000,0.707
1545530400000,0.733
1545534000000,0.757
1545537600000,0.787
1545541200000,0.806
1545544800000,0.822
1545548400000,0.823
1545552000000,0.773
1545555600000,0.685
1545559200000,0.61
1545562800000,0.552
1545566400000,0.506
1545570000000,0.464
1545573600000,0.379
1545577200000,0.374
1545580800000,0.401
1545584400000,0.43
1545588000000,0.459
1545591600000,0.499
1545595200000,0.541
1545598800000,0.53
1545602400000,0.509
1545606000000,0.466
1545609600000,0.532
1545613200000,0.578
1545616800000,0.566
1545620400000,0.599
1545624000000,0.662
1545627600000,0.725
1545631200000,0.774
1545634800000,0.794
1545638400000,0.768
1545642000000,0.748
1545645600000,0.72
1545649200000,0.715
1545652800000,0.694
1545656400000,0.63
1545660000000,0.559
1545663600000,0.516
1545667200000,0.491
1545670800000,0.459
1545674400000,0.432
1545678000000,0.413
1545681600000,0.395
1545685200000,0.347
1545688800000,0.281
1545692400000,0.209
1545696000000,0.226
1545699600000,0.189
1545703200000,0.127
1545706800000,0.094
1545710400000,0.078
1545714000000,0.07
1545717600000,0.071
1545721200000,0.08
1545724800000,0.091
1545728400000,0.121
1545732000000,0.127
1545735600000,0.117
1545739200000,0.111
1545742800000,0.105
1545746400000,0.095
1545750000000,0.089
1545753600000,0.088
1545757200000,0.084
1545760800000,0.081
1545764400000,0.08
1545768000000,0.082
1545771600000,0.083
1545775200000,0.079
1545778800000,0.039
1545782400000,0.025
1545786000000,0.007
1545789600000,0.001
1545793200000,0.0
1545796800000,0.001
1545800400000,0.005
1545804000000,0.02
1545807600000,0.037
1545811200000,0.058
1545814800000,0.08
1545818400000,0.085
1545822000000,0.083
1545825600000,0.068
1545829200000,0.053
1545832800000,0.039
1545836400000,0.031
1545840000000,0.03
1545843600000,0.035
1545847200000,0.046
1545850800000,0.06
1545854400000,0.08
1545858000000,0.1
1545861600000,0.124
1545865200000,0.17
1545868800000,0.28
1545872400000,0.442
1545876000000,0.58
1545879600000,0.658
1545883200000,0.72
1545886800000,0.781
1545890400000,0.833
1545894000000,0.86
1545897600000,0.823
1545901200000,0.751
1545904800000,0.739
1545908400000,0.729
1545912000000,0.72
1545915600000,0.714
1545919200000,0.724
1545922800000,0.725
1545926400000,0.733
1545930000000,0.744
1545933600000,0.777
1545937200000,0.813
1545940800000,0.837
1545944400000,0.845
1545948000000,0.865
1545951600000,0.891
1545955200000,0.944
1545958800000,0.969
1545962400000,0.974
1545966000000,0.979
1545969600000,0.983
1545973200000,0.985
1545976800000,0.985
1545980400000,0.983
1545984000000,0.972
1545987600000,0.958
1545991200000,0.959
1545994800000,0.964
1545998400000,0.965
1546002000000,0.964
1546005600000,0.967
1546009200000,0.976
1546012800000,0.981
1546016400000,0.985
1546020000000,0.986
1546023600000,0.986
1546027200000,0.987
1546030800000,0.985
1546034400000,0.982
1546038000000,0.98
1546041600000,0.982
1546045200000,0.985
1546048800000,0.987
1546052400000,0.989
1546056000000,0.99
1546059600000,0.99
1546063200000,0.989
1546066800000,0.986
1546070400000,0.981
1546074000000,0.967
1546077600000,0.955
1546081200000,0.948
1546084800000,0.938
1546088400000,0.927
1546092000000,0.921
1546095600000,0.935
1546099200000,0.953
1546102800000,0.961
1546106400000,0.963
1546110000000,0.966
1546113600000,0.969
1546117200000,0.96
1546120800000,0.943
1546124400000,0.926
1546128000000,0.924
1546131600000,0.932
1546135200000,0.924
1546138800000,0.927
1546142400000,0.937
1546146000000,0.945
1546149600000,0.947
1546153200000,0.941
1546156800000,0.916
1546160400000,0.863
1546164000000,0.816
1546167600000,0.763
1546171200000,0.71
1546174800000,0.657
1546178400000,0.625
1546182000000,0.648
1546185600000,0.661
1546189200000,0.686
1546192800000,0.703
1546196400000,0.727
1546200000000,0.74
1546203600000,0.739
1546207200000,0.718
1546210800000,0.69
1546214400000,0.742
1546218000000,0.82
1546221600000,0.843
1546225200000,0.874
1546228800000,0.907
1546232400000,0.926
1546236000000,0.937
1546239600000,0.935
1546243200000,0.911
1546246800000,0.865
1546250400000,0.833
1546254000000,0.812
1546257600000,0.804
1546261200000,0.802
1546264800000,0.792
1546268400000,0.803
1546272000000,0.827
1546275600000,0.837
1546279200000,0.849
1546282800000,0.858
1546286400000,0.865
1546290000000,0.85
1546293600000,0.831
1546297200000,0.803
