,L9
788918400000,0.624
788922000000,0.706
788925600000,0.702
788929200000,0.702
788932800000,0.71
788936400000,0.722
788940000000,0.741
788943600000,0.744
788947200000,0.69
788950800000,0.603
788954400000,0.576
788958000000,0.566
788961600000,0.574
788965200000,0.585
788968800000,0.619
788972400000,0.62
788976000000,0.584
788979600000,0.552
788983200000,0.539
788986800000,0.484
788990400000,0.447
788994000000,0.382
788997600000,0.351
789001200000,0.379
789004800000,0.689
789008400000,0.724
789012000000,0.72
789015600000,0.702
789019200000,0.692
789022800000,0.693
789026400000,0.68
789030000000,0.635
789033600000,0.526
789037200000,0.401
789040800000,0.294
789044400000,0.272
789048000000,0.233
789051600000,0.195
789055200000,0.164
789058800000,0.156
789062400000,0.159
789066000000,0.189
789069600000,0.201
789073200000,0.181
789076800000,0.16
789080400000,0.126
789084000000,0.108
789087600000,0.118
789091200000,0.2
789094800000,0.214
789098400000,0.179
789102000000,0.171
789105600000,0.179
789109200000,0.185
789112800000,0.192
789116400000,0.206
789120000000,0.173
789123600000,0.177
789127200000,0.16
789130800000,0.123
789134400000,0.094
789138000000,0.067
789141600000,0.045
789145200000,0.027
789148800000,0.011
789152400000,0.002
789156000000,0.0
789159600000,0.0
789163200000,0.0
789166800000,0.0
789170400000,0.0
789174000000,0.0
789177600000,0.0
789181200000,0.0
789184800000,0.0
789188400000,0.0
789192000000,0.001
789195600000,0.001
789199200000,0.004
789202800000,0.011
789206400000,0.022
789210000000,0.047
789213600000,0.054
789217200000,0.038
789220800000,0.026
789224400000,0.02
789228000000,0.022
789231600000,0.024
789235200000,0.027
789238800000,0.038
789242400000,0.055
789246000000,0.068
789249600000,0.074
789253200000,0.083
789256800000,0.131
789260400000,0.136
789264000000,0.377
789267600000,0.5
789271200000,0.507
789274800000,0.51
789278400000,0.526
789282000000,0.535
789285600000,0.522
789289200000,0.468
789292800000,0.358
789296400000,0.279
789300000000,0.256
789303600000,0.268
789307200000,0.265
789310800000,0.249
789314400000,0.233
789318000000,0.202
789321600000,0.206
789325200000,0.192
789328800000,0.187
789332400000,0.203
789336000000,0.192
789339600000,0.192
789343200000,0.186
789346800000,0.178
789350400000,0.366
789354000000,0.412
789357600000,0.391
789361200000,0.372
789364800000,0.367
789368400000,0.374
789372000000,0.4
789375600000,0.414
789379200000,0.338
789382800000,0.328
789386400000,0.341
789390000000,0.368
789393600000,0.334
789397200000,0.337
789400800000,0.367
789404400000,0.365
789408000000,0.36
789411600000,0.358
789415200000,0.355
789418800000,0.361
789422400000,0.348
789426000000,0.348
789429600000,0.341
789433200000,0.261
789436800000,0.37
789440400000,0.488
789444000000,0.483
789447600000,0.464
789451200000,0.454
789454800000,0.44
789458400000,0.432
789462000000,0.406
789465600000,0.31
789469200000,0.327
789472800000,0.358
789476400000,0.347
789480000000,0.319
789483600000,0.288
789487200000,0.294
789490800000,0.28
789494400000,0.254
789498000000,0.229
789501600000,0.211
789505200000,0.2
789508800000,0.196
789512400000,0.203
789516000000,0.203
789519600000,0.132
789523200000,0.202
789526800000,0.261
789530400000,0.254
789534000000,0.233
789537600000,0.219
789541200000,0.215
789544800000,0.221
789548400000,0.225
789552000000,0.201
789555600000,0.251
789559200000,0.243
789562800000,0.214
789566400000,0.187
789570000000,0.177
789573600000,0.168
789577200000,0.139
789580800000,0.117
789584400000,0.098
789588000000,0.085
789591600000,0.071
789595200000,0.062
789598800000,0.065
789602400000,0.077
789606000000,0.058
789609600000,0.083
789613200000,0.1
789616800000,0.106
789620400000,0.102
789624000000,0.106
789627600000,0.137
789631200000,0.193
789634800000,0.241
789638400000,0.225
789642000000,0.271
789645600000,0.266
789649200000,0.229
789652800000,0.223
789656400000,0.22
789660000000,0.238
789663600000,0.225
789667200000,0.211
789670800000,0.198
789674400000,0.185
789678000000,0.179
789681600000,0.168
789685200000,0.161
789688800000,0.157
789692400000,0.095
789696000000,0.123
789699600000,0.133
789703200000,0.094
789706800000,0.07
789710400000,0.063
789714000000,0.069
789717600000,0.096
789721200000,0.141
789724800000,0.161
789728400000,0.205
789732000000,0.195
789735600000,0.159
789739200000,0.138
789742800000,0.126
789746400000,0.115
789750000000,0.099
789753600000,0.082
789757200000,0.072
789760800000,0.065
789764400000,0.06
789768000000,0.053
789771600000,0.051
789775200000,0.054
789778800000,0.055
789782400000,0.073
789786000000,0.072
789789600000,0.071
789793200000,0.064
789796800000,0.054
789800400000,0.046
789804000000,0.039
789807600000,0.039
789811200000,0.056
789814800000,0.121
789818400000,0.146
789822000000,0.112
789825600000,0.064
789829200000,0.027
789832800000,0.008
789836400000,0.001
789840000000,0.0
789843600000,0.0
789847200000,0.0
789850800000,0.001
789854400000,0.0
789858000000,0.001
789861600000,0.003
789865200000,0.005
789868800000,0.018
789872400000,0.036
789876000000,0.048
789879600000,0.056
789883200000,0.057
789886800000,0.055
789890400000,0.058
789894000000,0.076
789897600000,0.13
789901200000,0.254
789904800000,0.291
789908400000,0.233
789912000000,0.179
789915600000,0.135
789919200000,0.124
789922800000,0.133
789926400000,0.145
789930000000,0.149
789933600000,0.165
789937200000,0.169
789940800000,0.155
789944400000,0.133
789948000000,0.09
789951600000,0.076
789955200000,0.15
789958800000,0.157
789962400000,0.155
789966000000,0.151
789969600000,0.134
789973200000,0.115
789976800000,0.106
789980400000,0.111
789984000000,0.139
789987600000,0.266
789991200000,0.376
789994800000,0.364
789998400000,0.281
790002000000,0.255
790005600000,0.291
790009200000,0.253
790012800000,0.242
790016400000,0.246
790020000000,0.235
790023600000,0.212
790027200000,0.177
790030800000,0.158
790034400000,0.146
790038000000,0.132
790041600000,0.344
790045200000,0.447
790048800000,0.5
790052400000,0.544
790056000000,0.591
790059600000,0.639
790063200000,0.632
790066800000,0.586
790070400000,0.516
790074000000,0.512
790077600000,0.502
790081200000,0.473
790084800000,0.436
790088400000,0.41
790092000000,0.429
790095600000,0.4
790099200000,0.391
790102800000,0.442
790106400000,0.436
790110000000,0.458
790113600000,0.464
790117200000,0.491
790120800000,0.491
790124400000,0.427
790128000000,0.51
790131600000,0.652
790135200000,0.633
790138800000,0.588
790142400000,0.55
790146000000,0.516
790149600000,0.494
790153200000,0.454
790156800000,0.37
790160400000,0.376
790164000000,0.358
790167600000,0.307
790171200000,0.295
790174800000,0.235
790178400000,0.194
790182000000,0.206
790185600000,0.174
790189200000,0.163
790192800000,0.149
790196400000,0.168
790200000000,0.197
790203600000,0.202
790207200000,0.189
790210800000,0.155
790214400000,0.261
790218000000,0.311
790221600000,0.297
790225200000,0.271
790228800000,0.24
790232400000,0.223
790236000000,0.233
790239600000,0.253
790243200000,0.287
790246800000,0.388
790250400000,0.408
790254000000,0.376
790257600000,0.347
790261200000,0.299
790264800000,0.305
790268400000,0.332
790272000000,0.347
790275600000,0.347
790279200000,0.339
790282800000,0.379
790286400000,0.426
790290000000,0.467
790293600000,0.506
790297200000,0.466
790300800000,0.587
790304400000,0.746
790308000000,0.768
790311600000,0.781
790315200000,0.78
790318800000,0.756
790322400000,0.705
790326000000,0.654
790329600000,0.59
790333200000,0.556
790336800000,0.546
790340400000,0.519
790344000000,0.557
790347600000,0.58
790351200000,0.556
790354800000,0.492
790358400000,0.538
790362000000,0.527
790365600000,0.491
790369200000,0.468
790372800000,0.451
790376400000,0.457
790380000000,0.449
790383600000,0.379
790387200000,0.391
790390800000,0.519
790394400000,0.541
790398000000,0.518
790401600000,0.476
790405200000,0.43
790408800000,0.4
790412400000,0.359
790416000000,0.305
790419600000,0.32
790423200000,0.332
790426800000,0.332
790430400000,0.341
790434000000,0.348
790437600000,0.318
790441200000,0.3
790444800000,0.274
790448400000,0.243
790452000000,0.218
790455600000,0.191
790459200000,0.17
790462800000,0.156
790466400000,0.152
790470000000,0.147
790473600000,0.231
790477200000,0.254
790480800000,0.242
790484400000,0.227
790488000000,0.221
790491600000,0.219
790495200000,0.224
790498800000,0.225
790502400000,0.21
790506000000,0.245
790509600000,0.264
790513200000,0.225
790516800000,0.183
790520400000,0.155
790524000000,0.13
790527600000,0.123
790531200000,0.11
790534800000,0.093
790538400000,0.07
790542000000,0.058
790545600000,0.055
790549200000,0.057
790552800000,0.06
790556400000,0.062
790560000000,0.151
790563600000,0.198
790567200000,0.212
790570800000,0.246
790574400000,0.288
790578000000,0.305
790581600000,0.302
790585200000,0.289
790588800000,0.274
790592400000,0.303
790596000000,0.311
790599600000,0.302
790603200000,0.294
790606800000,0.289
790610400000,0.284
790614000000,0.264
790617600000,0.226
790621200000,0.192
790624800000,0.15
790628400000,0.111
790632000000,0.093
790635600000,0.087
790639200000,0.084
790642800000,0.084
790646400000,0.219
790650000000,0.201
790653600000,0.144
790657200000,0.108
790660800000,0.09
790664400000,0.078
790668000000,0.077
790671600000,0.09
790675200000,0.116
790678800000,0.189
790682400000,0.206
790686000000,0.177
790689600000,0.135
790693200000,0.098
790696800000,0.067
790700400000,0.047
790704000000,0.029
790707600000,0.019
790711200000,0.013
790714800000,0.009
790718400000,0.008
790722000000,0.005
790725600000,0.004
790729200000,0.009
790732800000,0.029
790736400000,0.02
790740000000,0.01
790743600000,0.006
790747200000,0.005
790750800000,0.006
790754400000,0.013
790758000000,0.038
790761600000,0.088
790765200000,0.168
790768800000,0.173
790772400000,0.12
790776000000,0.085
790779600000,0.058
790783200000,0.035
790786800000,0.022
790790400000,0.012
790794000000,0.007
790797600000,0.003
790801200000,0.002
790804800000,0.001
790808400000,0.001
790812000000,0.0
790815600000,0.001
790819200000,0.001
790822800000,0.002
790826400000,0.004
790830000000,0.007
790833600000,0.011
790837200000,0.017
790840800000,0.031
790844400000,0.064
790848000000,0.108
790851600000,0.171
790855200000,0.19
790858800000,0.157
790862400000,0.128
790866000000,0.109
790869600000,0.092
790873200000,0.083
790876800000,0.08
790880400000,0.076
790884000000,0.078
790887600000,0.087
790891200000,0.105
790894800000,0.136
790898400000,0.163
790902000000,0.151
790905600000,0.294
790909200000,0.398
790912800000,0.464
790916400000,0.503
790920000000,0.532
790923600000,0.559
790927200000,0.586
790930800000,0.595
790934400000,0.525
790938000000,0.425
790941600000,0.355
790945200000,0.311
790948800000,0.261
790952400000,0.255
790956000000,0.3
790959600000,0.325
790963200000,0.311
790966800000,0.266
790970400000,0.24
790974000000,0.228
790977600000,0.223
790981200000,0.274
790984800000,0.278
790988400000,0.241
790992000000,0.394
790995600000,0.535
790999200000,0.597
791002800000,0.618
791006400000,0.642
791010000000,0.638
791013600000,0.627
791017200000,0.569
791020800000,0.42
791024400000,0.349
791028000000,0.342
791031600000,0.284
791035200000,0.233
791038800000,0.231
791042400000,0.248
791046000000,0.268
791049600000,0.278
791053200000,0.272
791056800000,0.309
791060400000,0.326
791064000000,0.335
791067600000,0.329
791071200000,0.332
791074800000,0.238
791078400000,0.37
791082000000,0.466
791085600000,0.485
791089200000,0.478
791092800000,0.461
791096400000,0.444
791100000000,0.417
791103600000,0.385
791107200000,0.278
791110800000,0.243
791114400000,0.219
791118000000,0.166
791121600000,0.119
791125200000,0.098
791128800000,0.084
791132400000,0.069
791136000000,0.054
791139600000,0.058
791143200000,0.065
791146800000,0.075
791150400000,0.077
791154000000,0.08
791157600000,0.084
791161200000,0.069
791164800000,0.103
791168400000,0.101
791172000000,0.087
791175600000,0.078
791179200000,0.085
791182800000,0.11
791186400000,0.145
791190000000,0.175
791193600000,0.155
791197200000,0.163
791200800000,0.155
791204400000,0.126
791208000000,0.095
791211600000,0.068
791215200000,0.044
791218800000,0.025
791222400000,0.013
791226000000,0.007
791229600000,0.007
791233200000,0.01
791236800000,0.015
791240400000,0.018
791244000000,0.021
791247600000,0.018
791251200000,0.026
791254800000,0.022
791258400000,0.019
791262000000,0.013
791265600000,0.011
791269200000,0.019
791272800000,0.054
791276400000,0.115
791280000000,0.162
791283600000,0.194
791287200000,0.213
791290800000,0.221
791294400000,0.252
791298000000,0.261
791301600000,0.249
791305200000,0.225
791308800000,0.208
791312400000,0.201
791316000000,0.192
791319600000,0.188
791323200000,0.194
791326800000,0.229
791330400000,0.237
791334000000,0.357
791337600000,0.58
791341200000,0.616
791344800000,0.601
791348400000,0.568
791352000000,0.538
791355600000,0.524
791359200000,0.536
791362800000,0.544
791366400000,0.485
791370000000,0.432
791373600000,0.359
791377200000,0.323
791380800000,0.348
791384400000,0.347
791388000000,0.337
791391600000,0.358
791395200000,0.385
791398800000,0.356
791402400000,0.323
791406000000,0.309
791409600000,0.361
791413200000,0.352
791416800000,0.309
791420400000,0.255
791424000000,0.394
791427600000,0.352
791431200000,0.301
791434800000,0.266
791438400000,0.272
791442000000,0.296
791445600000,0.326
791449200000,0.343
791452800000,0.302
791456400000,0.283
791460000000,0.279
791463600000,0.286
791467200000,0.259
791470800000,0.245
791474400000,0.249
791478000000,0.232
791481600000,0.239
791485200000,0.233
791488800000,0.227
791492400000,0.259
791496000000,0.236
791499600000,0.217
791503200000,0.192
791506800000,0.249
791510400000,0.478
791514000000,0.548
791517600000,0.53
791521200000,0.496
791524800000,0.479
791528400000,0.454
791532000000,0.441
791535600000,0.444
791539200000,0.425
791542800000,0.401
791546400000,0.392
791550000000,0.342
791553600000,0.381
791557200000,0.447
791560800000,0.453
791564400000,0.452
791568000000,0.398
791571600000,0.351
791575200000,0.358
791578800000,0.311
791582400000,0.307
791586000000,0.346
791589600000,0.328
791593200000,0.362
791596800000,0.615
791600400000,0.701
791604000000,0.709
791607600000,0.707
791611200000,0.702
791614800000,0.712
791618400000,0.726
791622000000,0.71
791625600000,0.625
791629200000,0.556
791632800000,0.54
791636400000,0.532
791640000000,0.535
791643600000,0.504
791647200000,0.506
791650800000,0.523
791654400000,0.497
791658000000,0.435
791661600000,0.374
791665200000,0.365
791668800000,0.372
791672400000,0.347
791676000000,0.311
791679600000,0.293
791683200000,0.523
791686800000,0.7
791690400000,0.739
791694000000,0.746
791697600000,0.742
791701200000,0.739
791704800000,0.725
791708400000,0.68
791712000000,0.556
791715600000,0.482
791719200000,0.479
791722800000,0.466
791726400000,0.398
791730000000,0.41
791733600000,0.438
791737200000,0.454
791740800000,0.456
791744400000,0.441
791748000000,0.432
791751600000,0.413
791755200000,0.422
791758800000,0.425
791762400000,0.394
791766000000,0.32
791769600000,0.484
791773200000,0.679
791776800000,0.746
791780400000,0.751
791784000000,0.746
791787600000,0.722
791791200000,0.684
791794800000,0.605
791798400000,0.441
791802000000,0.379
791805600000,0.374
791809200000,0.369
791812800000,0.365
791816400000,0.364
791820000000,0.341
791823600000,0.305
791827200000,0.313
791830800000,0.334
791834400000,0.328
791838000000,0.298
791841600000,0.283
791845200000,0.282
791848800000,0.215
791852400000,0.152
791856000000,0.17
791859600000,0.259
791863200000,0.278
791866800000,0.252
791870400000,0.232
791874000000,0.207
791877600000,0.19
791881200000,0.151
791884800000,0.101
791888400000,0.109
791892000000,0.125
791895600000,0.119
791899200000,0.109
791902800000,0.105
791906400000,0.101
791910000000,0.1
791913600000,0.109
791917200000,0.128
791920800000,0.156
791924400000,0.163
791928000000,0.182
791931600000,0.218
791935200000,0.249
791938800000,0.261
791942400000,0.55
791946000000,0.783
791949600000,0.86
791953200000,0.851
791956800000,0.818
791960400000,0.791
791964000000,0.765
791967600000,0.744
791971200000,0.713
791974800000,0.644
791978400000,0.647
791982000000,0.663
791985600000,0.633
791989200000,0.581
791992800000,0.499
791996400000,0.454
792000000000,0.442
792003600000,0.432
792007200000,0.414
792010800000,0.392
792014400000,0.386
792018000000,0.384
792021600000,0.404
792025200000,0.426
792028800000,0.676
792032400000,0.719
792036000000,0.681
792039600000,0.638
792043200000,0.581
792046800000,0.512
792050400000,0.479
792054000000,0.464
792057600000,0.425
792061200000,0.407
792064800000,0.404
792068400000,0.394
792072000000,0.376
792075600000,0.376
792079200000,0.367
792082800000,0.376
792086400000,0.348
792090000000,0.329
792093600000,0.309
792097200000,0.291
792100800000,0.278
792104400000,0.295
792108000000,0.274
792111600000,0.213
792115200000,0.332
792118800000,0.279
792122400000,0.209
792126000000,0.181
792129600000,0.18
792133200000,0.195
792136800000,0.233
792140400000,0.28
792144000000,0.278
792147600000,0.311
792151200000,0.327
792154800000,0.29
792158400000,0.265
792162000000,0.248
792165600000,0.233
792169200000,0.202
792172800000,0.177
792176400000,0.171
792180000000,0.167
792183600000,0.171
792187200000,0.168
792190800000,0.167
792194400000,0.147
792198000000,0.109
792201600000,0.143
792205200000,0.12
792208800000,0.085
792212400000,0.058
792216000000,0.046
792219600000,0.044
792223200000,0.054
792226800000,0.075
792230400000,0.1
792234000000,0.174
792237600000,0.201
792241200000,0.167
792244800000,0.12
792248400000,0.073
792252000000,0.048
792255600000,0.035
792259200000,0.021
792262800000,0.008
792266400000,0.002
792270000000,0.001
792273600000,0.001
792277200000,0.001
792280800000,0.0
792284400000,0.0
792288000000,0.001
792291600000,0.001
792295200000,0.001
792298800000,0.0
792302400000,0.0
792306000000,0.001
792309600000,0.006
792313200000,0.039
792316800000,0.105
792320400000,0.214
792324000000,0.268
792327600000,0.22
792331200000,0.157
792334800000,0.101
792338400000,0.069
792342000000,0.06
792345600000,0.077
792349200000,0.126
792352800000,0.168
792356400000,0.186
792360000000,0.191
792363600000,0.2
792367200000,0.175
792370800000,0.183
792374400000,0.287
792378000000,0.297
792381600000,0.278
792385200000,0.259
792388800000,0.259
792392400000,0.265
792396000000,0.291
792399600000,0.315
792403200000,0.3
792406800000,0.334
792410400000,0.337
792414000000,0.3
792417600000,0.274
792421200000,0.218
792424800000,0.202
792428400000,0.203
792432000000,0.238
792435600000,0.243
792439200000,0.216
792442800000,0.2
792446400000,0.193
792450000000,0.177
792453600000,0.155
792457200000,0.147
792460800000,0.274
792464400000,0.35
792468000000,0.355
792471600000,0.319
792475200000,0.266
792478800000,0.225
792482400000,0.208
792486000000,0.2
792489600000,0.152
792493200000,0.142
792496800000,0.164
792500400000,0.153
792504000000,0.133
792507600000,0.124
792511200000,0.113
792514800000,0.103
792518400000,0.086
792522000000,0.07
792525600000,0.043
792529200000,0.03
792532800000,0.027
792536400000,0.028
792540000000,0.03
792543600000,0.047
792547200000,0.067
792550800000,0.056
792554400000,0.052
792558000000,0.059
792561600000,0.073
792565200000,0.084
792568800000,0.088
792572400000,0.102
792576000000,0.119
792579600000,0.144
792583200000,0.144
792586800000,0.114
792590400000,0.095
792594000000,0.083
792597600000,0.077
792601200000,0.07
792604800000,0.055
792608400000,0.038
792612000000,0.021
792615600000,0.008
792619200000,0.004
792622800000,0.004
792626400000,0.005
792630000000,0.008
792633600000,0.007
792637200000,0.005
792640800000,0.006
792644400000,0.011
792648000000,0.02
792651600000,0.032
792655200000,0.047
792658800000,0.067
792662400000,0.104
792666000000,0.144
792669600000,0.101
792673200000,0.07
792676800000,0.033
792680400000,0.014
792684000000,0.006
792687600000,0.004
792691200000,0.002
792694800000,0.001
792698400000,0.0
792702000000,0.0
792705600000,0.0
792709200000,0.0
792712800000,0.0
792716400000,0.0
792720000000,0.001
792723600000,0.0
792727200000,0.0
792730800000,0.002
792734400000,0.007
792738000000,0.025
792741600000,0.051
792745200000,0.064
792748800000,0.079
792752400000,0.066
792756000000,0.065
792759600000,0.041
792763200000,0.035
792766800000,0.026
792770400000,0.017
792774000000,0.013
792777600000,0.01
792781200000,0.005
792784800000,0.002
792788400000,0.001
792792000000,0.0
792795600000,0.0
792799200000,0.0
792802800000,0.0
792806400000,0.0
792810000000,0.0
792813600000,0.0
792817200000,0.002
792820800000,0.008
792824400000,0.032
792828000000,0.07
792831600000,0.111
792835200000,0.171
792838800000,0.187
792842400000,0.153
792846000000,0.101
792849600000,0.059
792853200000,0.043
792856800000,0.054
792860400000,0.064
792864000000,0.078
792867600000,0.095
792871200000,0.102
792874800000,0.103
792878400000,0.096
792882000000,0.079
792885600000,0.054
792889200000,0.039
792892800000,0.031
792896400000,0.011
792900000000,0.003
792903600000,0.002
792907200000,0.003
792910800000,0.004
792914400000,0.008
792918000000,0.039
792921600000,0.113
792925200000,0.217
792928800000,0.27
792932400000,0.233
792936000000,0.192
792939600000,0.164
792943200000,0.14
792946800000,0.128
792950400000,0.125
792954000000,0.124
792957600000,0.125
792961200000,0.132
792964800000,0.134
792968400000,0.16
792972000000,0.139
792975600000,0.159
792979200000,0.187
792982800000,0.188
792986400000,0.193
792990000000,0.201
792993600000,0.214
792997200000,0.241
793000800000,0.282
793004400000,0.325
793008000000,0.303
793011600000,0.27
793015200000,0.272
793018800000,0.255
793022400000,0.21
793026000000,0.209
793029600000,0.187
793033200000,0.148
793036800000,0.118
793040400000,0.087
793044000000,0.07
793047600000,0.064
793051200000,0.058
793054800000,0.058
793058400000,0.061
793062000000,0.083
793065600000,0.153
793069200000,0.172
793072800000,0.165
793076400000,0.146
793080000000,0.139
793083600000,0.148
793087200000,0.182
793090800000,0.237
793094400000,0.243
793098000000,0.201
793101600000,0.169
793105200000,0.114
793108800000,0.094
793112400000,0.069
793116000000,0.049
793119600000,0.037
793123200000,0.026
793126800000,0.015
793130400000,0.009
793134000000,0.003
793137600000,0.001
793141200000,0.0
793144800000,0.0
793148400000,0.0
793152000000,0.0
793155600000,0.001
793159200000,0.001
793162800000,0.001
793166400000,0.001
793170000000,0.001
793173600000,0.002
793177200000,0.009
793180800000,0.034
793184400000,0.096
793188000000,0.119
793191600000,0.097
793195200000,0.07
793198800000,0.055
793202400000,0.048
793206000000,0.041
793209600000,0.035
793213200000,0.032
793216800000,0.027
793220400000,0.017
793224000000,0.009
793227600000,0.008
793231200000,0.009
793234800000,0.025
793238400000,0.034
793242000000,0.039
793245600000,0.046
793249200000,0.056
793252800000,0.069
793256400000,0.082
793260000000,0.098
793263600000,0.123
793267200000,0.157
793270800000,0.213
793274400000,0.241
793278000000,0.183
793281600000,0.126
793285200000,0.077
793288800000,0.053
793292400000,0.051
793296000000,0.046
793299600000,0.047
793303200000,0.059
793306800000,0.058
793310400000,0.057
793314000000,0.057
793317600000,0.054
793321200000,0.101
793324800000,0.179
793328400000,0.203
793332000000,0.225
793335600000,0.256
793339200000,0.28
793342800000,0.293
793346400000,0.286
793350000000,0.274
793353600000,0.249
793357200000,0.201
793360800000,0.184
793364400000,0.136
793368000000,0.103
793371600000,0.071
793375200000,0.041
793378800000,0.028
793382400000,0.024
793386000000,0.018
793389600000,0.011
793393200000,0.008
793396800000,0.008
793400400000,0.007
793404000000,0.004
793407600000,0.009
793411200000,0.009
793414800000,0.011
793418400000,0.011
793422000000,0.011
793425600000,0.013
793429200000,0.02
793432800000,0.036
793436400000,0.083
793440000000,0.144
793443600000,0.166
793447200000,0.151
793450800000,0.101
793454400000,0.067
793458000000,0.046
793461600000,0.031
793465200000,0.019
793468800000,0.01
793472400000,0.006
793476000000,0.006
793479600000,0.006
793483200000,0.007
793486800000,0.014
793490400000,0.023
793494000000,0.03
793497600000,0.046
793501200000,0.058
793504800000,0.06
793508400000,0.058
793512000000,0.061
793515600000,0.067
793519200000,0.08
793522800000,0.108
793526400000,0.147
793530000000,0.187
793533600000,0.183
793537200000,0.131
793540800000,0.096
793544400000,0.074
793548000000,0.064
793551600000,0.071
793555200000,0.073
793558800000,0.072
793562400000,0.07
793566000000,0.06
793569600000,0.052
793573200000,0.058
793576800000,0.053
793580400000,0.076
793584000000,0.088
793587600000,0.088
793591200000,0.09
793594800000,0.085
793598400000,0.078
793602000000,0.077
793605600000,0.084
793609200000,0.115
793612800000,0.16
793616400000,0.225
793620000000,0.241
793623600000,0.182
793627200000,0.138
793630800000,0.1
793634400000,0.061
793638000000,0.041
793641600000,0.033
793645200000,0.026
793648800000,0.02
793652400000,0.016
793656000000,0.014
793659600000,0.013
793663200000,0.011
793666800000,0.014
793670400000,0.013
793674000000,0.01
793677600000,0.006
793681200000,0.004
793684800000,0.004
793688400000,0.006
793692000000,0.02
793695600000,0.059
793699200000,0.109
793702800000,0.155
793706400000,0.167
793710000000,0.132
793713600000,0.096
793717200000,0.058
793720800000,0.026
793724400000,0.008
793728000000,0.001
793731600000,0.0
793735200000,0.0
793738800000,0.0
793742400000,0.0
793746000000,0.001
793749600000,0.002
793753200000,0.002
793756800000,0.002
793760400000,0.001
793764000000,0.001
793767600000,0.001
793771200000,0.001
793774800000,0.003
793778400000,0.015
793782000000,0.054
793785600000,0.122
793789200000,0.204
793792800000,0.211
793796400000,0.182
793800000000,0.148
793803600000,0.124
793807200000,0.104
793810800000,0.082
793814400000,0.059
793818000000,0.037
793821600000,0.021
793825200000,0.013
793828800000,0.009
793832400000,0.01
793836000000,0.01
793839600000,0.023
793843200000,0.022
793846800000,0.017
793850400000,0.011
793854000000,0.004
793857600000,0.003
793861200000,0.004
793864800000,0.014
793868400000,0.046
793872000000,0.099
793875600000,0.128
793879200000,0.12
793882800000,0.076
793886400000,0.053
793890000000,0.034
793893600000,0.02
793897200000,0.011
793900800000,0.008
793904400000,0.006
793908000000,0.006
793911600000,0.006
793915200000,0.007
793918800000,0.014
793922400000,0.017
793926000000,0.019
793929600000,0.023
793933200000,0.025
793936800000,0.02
793940400000,0.013
793944000000,0.012
793947600000,0.029
793951200000,0.079
793954800000,0.15
793958400000,0.194
793962000000,0.201
793965600000,0.181
793969200000,0.178
793972800000,0.179
793976400000,0.179
793980000000,0.168
793983600000,0.173
793987200000,0.179
793990800000,0.18
793994400000,0.205
793998000000,0.231
794001600000,0.264
794005200000,0.272
794008800000,0.28
794012400000,0.288
794016000000,0.367
794019600000,0.339
794023200000,0.261
794026800000,0.205
794030400000,0.181
794034000000,0.185
794037600000,0.204
794041200000,0.235
794044800000,0.251
794048400000,0.257
794052000000,0.248
794055600000,0.202
794059200000,0.17
794062800000,0.139
794066400000,0.114
794070000000,0.093
794073600000,0.078
794077200000,0.079
794080800000,0.075
794084400000,0.067
794088000000,0.065
794091600000,0.068
794095200000,0.061
794098800000,0.077
794102400000,0.083
794106000000,0.07
794109600000,0.067
794113200000,0.069
794116800000,0.08
794120400000,0.103
794124000000,0.128
794127600000,0.147
794131200000,0.134
794134800000,0.114
794138400000,0.104
794142000000,0.079
794145600000,0.051
794149200000,0.026
794152800000,0.011
794156400000,0.008
794160000000,0.006
794163600000,0.005
794167200000,0.004
794170800000,0.003
794174400000,0.003
794178000000,0.002
794181600000,0.002
794185200000,0.002
794188800000,0.001
794192400000,0.0
794196000000,0.0
794199600000,0.0
794203200000,0.0
794206800000,0.004
794210400000,0.015
794214000000,0.041
794217600000,0.078
794221200000,0.093
794224800000,0.069
794228400000,0.035
794232000000,0.031
794235600000,0.041
794239200000,0.068
794242800000,0.088
794246400000,0.09
794250000000,0.093
794253600000,0.088
794257200000,0.082
794260800000,0.079
794264400000,0.088
794268000000,0.083
794271600000,0.171
794275200000,0.245
794278800000,0.256
794282400000,0.236
794286000000,0.217
794289600000,0.241
794293200000,0.328
794296800000,0.447
794300400000,0.53
794304000000,0.511
794307600000,0.488
794311200000,0.479
794314800000,0.481
794318400000,0.467
794322000000,0.477
794325600000,0.482
794329200000,0.481
794332800000,0.478
794336400000,0.44
794340000000,0.412
794343600000,0.381
794347200000,0.333
794350800000,0.317
794354400000,0.289
794358000000,0.415
794361600000,0.541
794365200000,0.492
794368800000,0.442
794372400000,0.406
794376000000,0.4
794379600000,0.401
794383200000,0.409
794386800000,0.401
794390400000,0.368
794394000000,0.314
794397600000,0.296
794401200000,0.289
794404800000,0.281
794408400000,0.257
794412000000,0.239
794415600000,0.22
794419200000,0.219
794422800000,0.211
794426400000,0.205
794430000000,0.21
794433600000,0.212
794437200000,0.201
794440800000,0.144
794444400000,0.155
794448000000,0.135
794451600000,0.084
794455200000,0.037
794458800000,0.014
794462400000,0.011
794466000000,0.012
794469600000,0.013
794473200000,0.024
794476800000,0.054
794480400000,0.144
794484000000,0.223
794487600000,0.206
794491200000,0.179
794494800000,0.161
794498400000,0.145
794502000000,0.139
794505600000,0.133
794509200000,0.131
794512800000,0.123
794516400000,0.115
794520000000,0.1
794523600000,0.071
794527200000,0.037
794530800000,0.039
794534400000,0.022
794538000000,0.005
794541600000,0.001
794545200000,0.0
794548800000,0.001
794552400000,0.002
794556000000,0.013
794559600000,0.05
794563200000,0.08
794566800000,0.112
794570400000,0.126
794574000000,0.123
794577600000,0.121
794581200000,0.112
794584800000,0.101
794588400000,0.095
794592000000,0.084
794595600000,0.071
794599200000,0.063
794602800000,0.059
794606400000,0.057
794610000000,0.057
794613600000,0.045
794617200000,0.058
794620800000,0.07
794624400000,0.059
794628000000,0.044
794631600000,0.046
794635200000,0.084
794638800000,0.142
794642400000,0.217
794646000000,0.266
794649600000,0.259
794653200000,0.17
794656800000,0.127
794660400000,0.108
794664000000,0.107
794667600000,0.087
794671200000,0.073
794674800000,0.059
794678400000,0.04
794682000000,0.023
794685600000,0.012
794689200000,0.006
794692800000,0.004
794696400000,0.003
794700000000,0.002
794703600000,0.016
794707200000,0.021
794710800000,0.02
794714400000,0.02
794718000000,0.023
794721600000,0.031
794725200000,0.042
794728800000,0.062
794732400000,0.106
794736000000,0.155
794739600000,0.18
794743200000,0.197
794746800000,0.155
794750400000,0.101
794754000000,0.057
794757600000,0.026
794761200000,0.015
794764800000,0.011
794768400000,0.008
794772000000,0.004
794775600000,0.002
794779200000,0.001
794782800000,0.001
794786400000,0.001
794790000000,0.001
794793600000,0.001
794797200000,0.0
794800800000,0.002
794804400000,0.005
794808000000,0.007
794811600000,0.013
794815200000,0.033
794818800000,0.076
794822400000,0.151
794826000000,0.219
794829600000,0.214
794833200000,0.146
794836800000,0.091
794840400000,0.039
794844000000,0.012
794847600000,0.004
794851200000,0.001
794854800000,0.0
794858400000,0.0
794862000000,0.0
794865600000,0.001
794869200000,0.002
794872800000,0.002
794876400000,0.008
794880000000,0.02
794883600000,0.024
794887200000,0.022
794890800000,0.012
794894400000,0.005
794898000000,0.002
794901600000,0.003
794905200000,0.019
794908800000,0.078
794912400000,0.178
794916000000,0.213
794919600000,0.149
794923200000,0.094
794926800000,0.047
794930400000,0.017
794934000000,0.006
794937600000,0.004
794941200000,0.005
794944800000,0.006
794948400000,0.006
794952000000,0.005
794955600000,0.004
794959200000,0.002
794962800000,0.0
794966400000,0.0
794970000000,0.002
794973600000,0.009
794977200000,0.032
794980800000,0.063
794984400000,0.085
794988000000,0.118
794991600000,0.168
794995200000,0.203
794998800000,0.199
795002400000,0.174
795006000000,0.114
795009600000,0.076
795013200000,0.054
795016800000,0.038
795020400000,0.029
795024000000,0.017
795027600000,0.013
795031200000,0.019
795034800000,0.03
795038400000,0.041
795042000000,0.044
795045600000,0.034
795049200000,0.049
795052800000,0.048
795056400000,0.046
795060000000,0.046
795063600000,0.056
795067200000,0.07
795070800000,0.083
795074400000,0.097
795078000000,0.122
795081600000,0.167
795085200000,0.241
795088800000,0.256
795092400000,0.17
795096000000,0.113
795099600000,0.083
795103200000,0.062
795106800000,0.041
795110400000,0.028
795114000000,0.025
795117600000,0.024
795121200000,0.022
795124800000,0.024
795128400000,0.028
795132000000,0.028
795135600000,0.065
795139200000,0.071
795142800000,0.074
795146400000,0.081
795150000000,0.101
795153600000,0.126
795157200000,0.147
795160800000,0.162
795164400000,0.179
795168000000,0.207
795171600000,0.215
795175200000,0.211
795178800000,0.16
795182400000,0.118
795186000000,0.092
795189600000,0.074
795193200000,0.054
795196800000,0.041
795200400000,0.035
795204000000,0.036
795207600000,0.035
795211200000,0.031
795214800000,0.026
795218400000,0.021
795222000000,0.049
795225600000,0.063
795229200000,0.069
795232800000,0.074
795236400000,0.08
795240000000,0.093
795243600000,0.104
795247200000,0.117
795250800000,0.131
795254400000,0.156
795258000000,0.174
795261600000,0.174
795265200000,0.117
795268800000,0.076
795272400000,0.059
795276000000,0.058
795279600000,0.056
795283200000,0.051
795286800000,0.049
795290400000,0.044
795294000000,0.036
795297600000,0.034
795301200000,0.026
795304800000,0.014
795308400000,0.025
795312000000,0.022
795315600000,0.022
795319200000,0.031
795322800000,0.047
795326400000,0.063
795330000000,0.077
795333600000,0.093
795337200000,0.115
795340800000,0.158
795344400000,0.197
795348000000,0.214
795351600000,0.148
795355200000,0.099
795358800000,0.065
795362400000,0.049
795366000000,0.041
795369600000,0.039
795373200000,0.038
795376800000,0.032
795380400000,0.023
795384000000,0.016
795387600000,0.01
795391200000,0.004
795394800000,0.009
795398400000,0.015
795402000000,0.029
795405600000,0.043
795409200000,0.051
795412800000,0.06
795416400000,0.069
795420000000,0.08
795423600000,0.108
795427200000,0.17
795430800000,0.233
795434400000,0.253
795438000000,0.183
795441600000,0.132
795445200000,0.083
795448800000,0.045
795452400000,0.023
795456000000,0.015
795459600000,0.014
795463200000,0.013
795466800000,0.013
795470400000,0.017
795474000000,0.02
795477600000,0.017
795481200000,0.064
795484800000,0.118
795488400000,0.154
795492000000,0.188
795495600000,0.24
795499200000,0.3
795502800000,0.341
795506400000,0.367
795510000000,0.39
795513600000,0.398
795517200000,0.37
795520800000,0.311
795524400000,0.271
795528000000,0.221
795531600000,0.192
795535200000,0.169
795538800000,0.168
795542400000,0.187
795546000000,0.189
795549600000,0.204
795553200000,0.211
795556800000,0.237
795560400000,0.238
795564000000,0.185
795567600000,0.267
795571200000,0.334
795574800000,0.342
795578400000,0.364
795582000000,0.386
795585600000,0.394
795589200000,0.395
795592800000,0.4
795596400000,0.413
795600000000,0.423
795603600000,0.404
795607200000,0.361
795610800000,0.294
795614400000,0.235
795618000000,0.197
795621600000,0.177
795625200000,0.171
795628800000,0.189
795632400000,0.189
795636000000,0.201
795639600000,0.185
795643200000,0.179
795646800000,0.147
795650400000,0.115
795654000000,0.172
795657600000,0.19
795661200000,0.193
795664800000,0.201
795668400000,0.225
795672000000,0.248
795675600000,0.249
795679200000,0.248
795682800000,0.248
795686400000,0.247
795690000000,0.234
795693600000,0.257
795697200000,0.225
795700800000,0.174
795704400000,0.128
795708000000,0.09
795711600000,0.058
795715200000,0.039
795718800000,0.025
795722400000,0.013
795726000000,0.006
795729600000,0.002
795733200000,0.001
795736800000,0.002
795740400000,0.037
795744000000,0.088
795747600000,0.112
795751200000,0.12
795754800000,0.122
795758400000,0.124
795762000000,0.131
795765600000,0.144
795769200000,0.16
795772800000,0.174
795776400000,0.176
795780000000,0.155
795783600000,0.123
795787200000,0.102
795790800000,0.087
795794400000,0.076
795798000000,0.07
795801600000,0.063
795805200000,0.053
795808800000,0.041
795812400000,0.03
795816000000,0.025
795819600000,0.021
795823200000,0.016
795826800000,0.021
795830400000,0.023
795834000000,0.034
795837600000,0.054
795841200000,0.082
795844800000,0.115
795848400000,0.144
795852000000,0.167
795855600000,0.189
795859200000,0.22
795862800000,0.217
795866400000,0.201
795870000000,0.146
795873600000,0.115
795877200000,0.099
795880800000,0.083
795884400000,0.076
795888000000,0.067
795891600000,0.046
795895200000,0.024
795898800000,0.006
795902400000,0.001
795906000000,0.0
795909600000,0.0
795913200000,0.009
795916800000,0.021
795920400000,0.035
795924000000,0.067
795927600000,0.106
795931200000,0.138
795934800000,0.163
795938400000,0.179
795942000000,0.191
795945600000,0.215
795949200000,0.233
795952800000,0.218
795956400000,0.157
795960000000,0.112
795963600000,0.094
795967200000,0.09
795970800000,0.084
795974400000,0.073
795978000000,0.063
795981600000,0.051
795985200000,0.047
795988800000,0.062
795992400000,0.081
795996000000,0.069
795999600000,0.076
796003200000,0.066
796006800000,0.042
796010400000,0.028
796014000000,0.022
796017600000,0.021
796021200000,0.023
796024800000,0.036
796028400000,0.076
796032000000,0.156
796035600000,0.239
796039200000,0.243
796042800000,0.155
796046400000,0.101
796050000000,0.066
796053600000,0.048
796057200000,0.042
796060800000,0.039
796064400000,0.042
796068000000,0.046
796071600000,0.045
796075200000,0.038
796078800000,0.025
796082400000,0.011
796086000000,0.007
796089600000,0.001
796093200000,0.001
796096800000,0.001
796100400000,0.001
796104000000,0.002
796107600000,0.009
796111200000,0.03
796114800000,0.073
796118400000,0.103
796122000000,0.116
796125600000,0.092
796129200000,0.058
796132800000,0.032
796136400000,0.018
796140000000,0.011
796143600000,0.013
796147200000,0.017
796150800000,0.023
796154400000,0.027
796158000000,0.021
796161600000,0.012
796165200000,0.008
796168800000,0.008
796172400000,0.014
796176000000,0.019
796179600000,0.022
796183200000,0.026
796186800000,0.03
796190400000,0.044
796194000000,0.071
796197600000,0.125
796201200000,0.209
796204800000,0.293
796208400000,0.306
796212000000,0.258
796215600000,0.217
796219200000,0.192
796222800000,0.17
796226400000,0.148
796230000000,0.153
796233600000,0.145
796237200000,0.134
796240800000,0.123
796244400000,0.124
796248000000,0.132
796251600000,0.141
796255200000,0.09
796258800000,0.093
796262400000,0.119
796266000000,0.108
796269600000,0.102
796273200000,0.107
796276800000,0.134
796280400000,0.18
796284000000,0.246
796287600000,0.311
796291200000,0.332
796294800000,0.261
796298400000,0.21
796302000000,0.194
796305600000,0.139
796309200000,0.104
796312800000,0.082
796316400000,0.067
796320000000,0.063
796323600000,0.068
796327200000,0.067
796330800000,0.058
796334400000,0.05
796338000000,0.042
796341600000,0.036
796345200000,0.06
796348800000,0.062
796352400000,0.068
796356000000,0.084
796359600000,0.112
796363200000,0.14
796366800000,0.171
796370400000,0.209
796374000000,0.256
796377600000,0.291
796381200000,0.248
796384800000,0.179
796388400000,0.138
796392000000,0.112
796395600000,0.097
796399200000,0.076
796402800000,0.063
796406400000,0.055
796410000000,0.047
796413600000,0.039
796417200000,0.031
796420800000,0.025
796424400000,0.029
796428000000,0.03
796431600000,0.049
796435200000,0.064
796438800000,0.073
796442400000,0.082
796446000000,0.086
796449600000,0.101
796453200000,0.133
796456800000,0.178
796460400000,0.218
796464000000,0.224
796467600000,0.186
796471200000,0.13
796474800000,0.076
796478400000,0.039
796482000000,0.018
796485600000,0.01
796489200000,0.008
796492800000,0.011
796496400000,0.014
796500000000,0.016
796503600000,0.018
796507200000,0.017
796510800000,0.013
796514400000,0.006
796518000000,0.008
796521600000,0.02
796525200000,0.025
796528800000,0.028
796532400000,0.03
796536000000,0.041
796539600000,0.062
796543200000,0.107
796546800000,0.183
796550400000,0.241
796554000000,0.241
796557600000,0.163
796561200000,0.096
796564800000,0.047
796568400000,0.027
796572000000,0.019
796575600000,0.015
796579200000,0.014
796582800000,0.015
796586400000,0.016
796590000000,0.017
796593600000,0.016
796597200000,0.014
796600800000,0.01
796604400000,0.009
796608000000,0.008
796611600000,0.01
796615200000,0.015
796618800000,0.024
796622400000,0.037
796626000000,0.055
796629600000,0.073
796633200000,0.094
796636800000,0.114
796640400000,0.128
796644000000,0.154
796647600000,0.11
796651200000,0.07
796654800000,0.048
796658400000,0.041
796662000000,0.04
796665600000,0.045
796669200000,0.048
796672800000,0.045
796676400000,0.039
796680000000,0.033
796683600000,0.019
796687200000,0.013
796690800000,0.015
796694400000,0.018
796698000000,0.026
796701600000,0.035
796705200000,0.059
796708800000,0.093
796712400000,0.126
796716000000,0.15
796719600000,0.161
796723200000,0.16
796726800000,0.147
796730400000,0.128
796734000000,0.088
796737600000,0.054
796741200000,0.036
796744800000,0.025
796748400000,0.017
796752000000,0.015
796755600000,0.015
796759200000,0.011
796762800000,0.009
796766400000,0.008
796770000000,0.006
796773600000,0.003
796777200000,0.001
796780800000,0.001
796784400000,0.001
796788000000,0.001
796791600000,0.001
796795200000,0.004
796798800000,0.012
796802400000,0.026
796806000000,0.047
796809600000,0.057
796813200000,0.049
796816800000,0.036
796820400000,0.025
796824000000,0.019
796827600000,0.015
796831200000,0.012
796834800000,0.011
796838400000,0.013
796842000000,0.019
796845600000,0.025
796849200000,0.027
796852800000,0.029
796856400000,0.026
796860000000,0.027
796863600000,0.051
796867200000,0.054
796870800000,0.057
796874400000,0.064
796878000000,0.086
796881600000,0.134
796885200000,0.201
796888800000,0.264
796892400000,0.31
796896000000,0.33
796899600000,0.302
796903200000,0.261
796906800000,0.247
796910400000,0.238
796914000000,0.225
796917600000,0.224
796921200000,0.22
796924800000,0.214
796928400000,0.2
796932000000,0.17
796935600000,0.144
796939200000,0.119
796942800000,0.112
796946400000,0.18
796950000000,0.291
796953600000,0.273
796957200000,0.253
796960800000,0.244
796964400000,0.233
796968000000,0.225
796971600000,0.223
796975200000,0.22
796978800000,0.212
796982400000,0.204
796986000000,0.201
796989600000,0.207
796993200000,0.145
796996800000,0.093
797000400000,0.057
797004000000,0.033
797007600000,0.02
797011200000,0.012
797014800000,0.009
797018400000,0.006
797022000000,0.004
797025600000,0.004
797029200000,0.004
797032800000,0.004
797036400000,0.013
797040000000,0.019
797043600000,0.026
797047200000,0.035
797050800000,0.047
797054400000,0.058
797058000000,0.07
797061600000,0.087
797065200000,0.111
797068800000,0.146
797072400000,0.186
797076000000,0.204
797079600000,0.131
797083200000,0.075
797086800000,0.044
797090400000,0.021
797094000000,0.009
797097600000,0.005
797101200000,0.003
797104800000,0.002
797108400000,0.001
797112000000,0.001
797115600000,0.001
797119200000,0.001
797122800000,0.005
797126400000,0.01
797130000000,0.019
797133600000,0.029
797137200000,0.043
797140800000,0.056
797144400000,0.065
797148000000,0.078
797151600000,0.101
797155200000,0.146
797158800000,0.195
797162400000,0.193
797166000000,0.139
797169600000,0.101
797173200000,0.062
797176800000,0.047
797180400000,0.042
797184000000,0.03
797187600000,0.02
797191200000,0.016
797194800000,0.017
797198400000,0.02
797202000000,0.018
797205600000,0.013
797209200000,0.014
797212800000,0.015
797216400000,0.022
797220000000,0.03
797223600000,0.041
797227200000,0.051
797230800000,0.065
797234400000,0.09
797238000000,0.134
797241600000,0.193
797245200000,0.213
797248800000,0.201
797252400000,0.144
797256000000,0.086
797259600000,0.051
797263200000,0.028
797266800000,0.017
797270400000,0.013
797274000000,0.015
797277600000,0.021
797281200000,0.032
797284800000,0.043
797288400000,0.043
797292000000,0.031
797295600000,0.06
797299200000,0.076
797302800000,0.096
797306400000,0.127
797310000000,0.166
797313600000,0.195
797317200000,0.21
797320800000,0.213
797324400000,0.211
797328000000,0.223
797331600000,0.229
797335200000,0.192
797338800000,0.152
797342400000,0.108
797346000000,0.076
797349600000,0.058
797353200000,0.04
797356800000,0.021
797360400000,0.012
797364000000,0.008
797367600000,0.008
797371200000,0.01
797374800000,0.011
797378400000,0.012
797382000000,0.039
797385600000,0.064
797389200000,0.092
797392800000,0.125
797396400000,0.164
797400000000,0.194
797403600000,0.216
797407200000,0.23
797410800000,0.241
797414400000,0.253
797418000000,0.243
797421600000,0.188
797425200000,0.123
797428800000,0.09
797432400000,0.065
797436000000,0.049
797439600000,0.036
797443200000,0.024
797446800000,0.017
797450400000,0.017
797454000000,0.023
797457600000,0.037
797461200000,0.046
797464800000,0.04
797468400000,0.071
797472000000,0.078
797475600000,0.085
797479200000,0.097
797482800000,0.113
797486400000,0.133
797490000000,0.152
797493600000,0.169
797497200000,0.194
797500800000,0.247
797504400000,0.282
797508000000,0.231
797511600000,0.164
797515200000,0.113
797518800000,0.071
797522400000,0.041
797526000000,0.025
797529600000,0.016
797533200000,0.013
797536800000,0.014
797540400000,0.014
797544000000,0.012
797547600000,0.008
797551200000,0.005
797554800000,0.003
797558400000,0.001
797562000000,0.001
797565600000,0.001
797569200000,0.002
797572800000,0.006
797576400000,0.019
797580000000,0.046
797583600000,0.103
797587200000,0.175
797590800000,0.219
797594400000,0.175
797598000000,0.11
797601600000,0.064
797605200000,0.047
797608800000,0.041
797612400000,0.038
797616000000,0.035
797619600000,0.031
797623200000,0.031
797626800000,0.035
797630400000,0.038
797634000000,0.038
797637600000,0.036
797641200000,0.042
797644800000,0.054
797648400000,0.073
797652000000,0.098
797655600000,0.141
797659200000,0.197
797662800000,0.254
797666400000,0.312
797670000000,0.36
797673600000,0.387
797677200000,0.334
797680800000,0.266
797684400000,0.179
797688000000,0.122
797691600000,0.099
797695200000,0.079
797698800000,0.069
797702400000,0.066
797706000000,0.063
797709600000,0.057
797713200000,0.055
797716800000,0.055
797720400000,0.054
797724000000,0.05
797727600000,0.085
797731200000,0.113
797734800000,0.133
797738400000,0.141
797742000000,0.139
797745600000,0.136
797749200000,0.137
797752800000,0.144
797756400000,0.155
797760000000,0.176
797763600000,0.207
797767200000,0.208
797770800000,0.181
797774400000,0.134
797778000000,0.087
797781600000,0.063
797785200000,0.055
797788800000,0.051
797792400000,0.049
797796000000,0.041
797799600000,0.036
797803200000,0.035
797806800000,0.032
797810400000,0.024
797814000000,0.02
797817600000,0.018
797821200000,0.02
797824800000,0.023
797828400000,0.03
797832000000,0.036
797835600000,0.048
797839200000,0.063
797842800000,0.089
797846400000,0.112
797850000000,0.129
797853600000,0.127
797857200000,0.102
797860800000,0.076
797864400000,0.052
797868000000,0.034
797871600000,0.024
797875200000,0.017
797878800000,0.012
797882400000,0.01
797886000000,0.011
797889600000,0.014
797893200000,0.017
797896800000,0.012
797900400000,0.009
797904000000,0.007
797907600000,0.008
797911200000,0.013
797914800000,0.027
797918400000,0.05
797922000000,0.08
797925600000,0.112
797929200000,0.14
797932800000,0.177
797936400000,0.197
797940000000,0.176
797943600000,0.108
797947200000,0.054
797950800000,0.027
797954400000,0.014
797958000000,0.011
797961600000,0.01
797965200000,0.011
797968800000,0.012
797972400000,0.015
797976000000,0.016
797979600000,0.015
797983200000,0.013
797986800000,0.013
797990400000,0.017
797994000000,0.026
797997600000,0.046
798001200000,0.08
798004800000,0.118
798008400000,0.152
798012000000,0.196
798015600000,0.256
798019200000,0.33
798022800000,0.335
798026400000,0.252
798030000000,0.177
798033600000,0.123
798037200000,0.071
798040800000,0.03
798044400000,0.008
798048000000,0.001
798051600000,0.0
798055200000,0.0
798058800000,0.0
798062400000,0.001
798066000000,0.002
798069600000,0.013
798073200000,0.1
798076800000,0.14
798080400000,0.176
798084000000,0.227
798087600000,0.281
798091200000,0.324
798094800000,0.343
798098400000,0.337
798102000000,0.325
798105600000,0.32
798109200000,0.288
798112800000,0.225
798116400000,0.162
798120000000,0.123
798123600000,0.093
798127200000,0.063
798130800000,0.035
798134400000,0.017
798138000000,0.005
798141600000,0.002
798145200000,0.001
798148800000,0.002
798152400000,0.002
798156000000,0.007
798159600000,0.029
798163200000,0.035
798166800000,0.045
798170400000,0.059
798174000000,0.084
798177600000,0.108
798181200000,0.127
798184800000,0.146
798188400000,0.163
798192000000,0.191
798195600000,0.213
798199200000,0.185
798202800000,0.138
798206400000,0.098
798210000000,0.069
798213600000,0.056
798217200000,0.047
798220800000,0.038
798224400000,0.03
798228000000,0.026
798231600000,0.028
798235200000,0.032
798238800000,0.034
798242400000,0.019
798246000000,0.011
798249600000,0.006
798253200000,0.006
798256800000,0.01
798260400000,0.022
798264000000,0.046
798267600000,0.086
798271200000,0.141
798274800000,0.218
798278400000,0.311
798282000000,0.334
798285600000,0.261
798289200000,0.207
798292800000,0.151
798296400000,0.106
798300000000,0.071
798303600000,0.059
798307200000,0.051
798310800000,0.041
798314400000,0.037
798318000000,0.043
798321600000,0.059
798325200000,0.073
798328800000,0.07
798332400000,0.094
798336000000,0.102
798339600000,0.115
798343200000,0.14
798346800000,0.183
798350400000,0.227
798354000000,0.248
798357600000,0.245
798361200000,0.243
798364800000,0.261
798368400000,0.271
798372000000,0.24
798375600000,0.186
798379200000,0.141
798382800000,0.116
798386400000,0.099
798390000000,0.085
798393600000,0.071
798397200000,0.061
798400800000,0.053
798404400000,0.058
798408000000,0.09
798411600000,0.133
798415200000,0.165
798418800000,0.22
798422400000,0.241
798426000000,0.195
798429600000,0.168
798433200000,0.169
798436800000,0.192
798440400000,0.221
798444000000,0.255
798447600000,0.292
798451200000,0.318
798454800000,0.337
798458400000,0.298
798462000000,0.237
798465600000,0.189
798469200000,0.145
798472800000,0.096
798476400000,0.049
798480000000,0.02
798483600000,0.009
798487200000,0.007
798490800000,0.007
798494400000,0.01
798498000000,0.014
798501600000,0.017
798505200000,0.096
798508800000,0.102
798512400000,0.101
798516000000,0.11
798519600000,0.117
798523200000,0.118
798526800000,0.125
798530400000,0.139
798534000000,0.164
798537600000,0.202
798541200000,0.264
798544800000,0.243
798548400000,0.184
798552000000,0.143
798555600000,0.101
798559200000,0.086
798562800000,0.069
798566400000,0.043
798570000000,0.024
798573600000,0.017
798577200000,0.015
798580800000,0.015
798584400000,0.014
798588000000,0.011
798591600000,0.014
798595200000,0.012
798598800000,0.015
798602400000,0.023
798606000000,0.041
798609600000,0.068
798613200000,0.094
798616800000,0.12
798620400000,0.145
798624000000,0.179
798627600000,0.219
798631200000,0.214
798634800000,0.158
798638400000,0.101
798642000000,0.068
798645600000,0.051
798649200000,0.042
798652800000,0.035
798656400000,0.026
798660000000,0.017
798663600000,0.011
798667200000,0.008
798670800000,0.008
798674400000,0.024
798678000000,0.059
798681600000,0.077
798685200000,0.105
798688800000,0.138
798692400000,0.168
798696000000,0.186
798699600000,0.203
798703200000,0.225
798706800000,0.256
798710400000,0.294
798714000000,0.298
798717600000,0.283
798721200000,0.209
798724800000,0.154
798728400000,0.112
798732000000,0.073
798735600000,0.046
798739200000,0.032
798742800000,0.026
798746400000,0.023
798750000000,0.025
798753600000,0.025
798757200000,0.019
798760800000,0.015
798764400000,0.032
798768000000,0.049
798771600000,0.063
798775200000,0.083
798778800000,0.12
798782400000,0.158
798786000000,0.192
798789600000,0.225
798793200000,0.255
798796800000,0.293
798800400000,0.297
798804000000,0.237
798807600000,0.175
798811200000,0.113
798814800000,0.07
798818400000,0.04
798822000000,0.03
798825600000,0.035
798829200000,0.051
798832800000,0.072
798836400000,0.101
798840000000,0.128
798843600000,0.136
798847200000,0.119
798850800000,0.145
798854400000,0.163
798858000000,0.192
798861600000,0.251
798865200000,0.336
798868800000,0.415
798872400000,0.466
798876000000,0.49
798879600000,0.485
798883200000,0.462
798886800000,0.388
798890400000,0.286
798894000000,0.209
798897600000,0.163
798901200000,0.136
798904800000,0.112
798908400000,0.093
798912000000,0.089
798915600000,0.094
798919200000,0.098
798922800000,0.102
798926400000,0.11
798930000000,0.111
798933600000,0.108
798937200000,0.172
798940800000,0.186
798944400000,0.184
798948000000,0.191
798951600000,0.224
798955200000,0.276
798958800000,0.328
798962400000,0.373
798966000000,0.401
798969600000,0.413
798973200000,0.367
798976800000,0.272
798980400000,0.178
798984000000,0.126
798987600000,0.09
798991200000,0.062
798994800000,0.049
798998400000,0.052
799002000000,0.076
799005600000,0.096
799009200000,0.101
799012800000,0.1
799016400000,0.086
799020000000,0.06
799023600000,0.061
799027200000,0.06
799030800000,0.07
799034400000,0.088
799038000000,0.13
799041600000,0.197
799045200000,0.291
799048800000,0.369
799052400000,0.407
799056000000,0.398
799059600000,0.337
799063200000,0.231
799066800000,0.142
799070400000,0.093
799074000000,0.056
799077600000,0.032
799081200000,0.022
799084800000,0.019
799088400000,0.017
799092000000,0.017
799095600000,0.017
799099200000,0.017
799102800000,0.017
799106400000,0.024
799110000000,0.063
799113600000,0.083
799117200000,0.1
799120800000,0.118
799124400000,0.138
799128000000,0.158
799131600000,0.18
799135200000,0.206
799138800000,0.233
799142400000,0.258
799146000000,0.261
799149600000,0.209
799153200000,0.149
799156800000,0.106
799160400000,0.078
799164000000,0.05
799167600000,0.031
799171200000,0.017
799174800000,0.01
799178400000,0.008
799182000000,0.01
799185600000,0.009
799189200000,0.005
799192800000,0.003
799196400000,0.016
799200000000,0.041
799203600000,0.064
799207200000,0.084
799210800000,0.114
799214400000,0.143
799218000000,0.162
799221600000,0.179
799225200000,0.192
799228800000,0.208
799232400000,0.239
799236000000,0.212
799239600000,0.141
799243200000,0.102
799246800000,0.069
799250400000,0.049
799254000000,0.041
799257600000,0.038
799261200000,0.037
799264800000,0.038
799268400000,0.041
799272000000,0.041
799275600000,0.036
799279200000,0.03
799282800000,0.033
799286400000,0.036
799290000000,0.046
799293600000,0.061
799297200000,0.087
799300800000,0.125
799304400000,0.167
799308000000,0.203
799311600000,0.22
799315200000,0.227
799318800000,0.237
799322400000,0.206
799326000000,0.149
799329600000,0.118
799333200000,0.104
799336800000,0.103
799340400000,0.092
799344000000,0.083
799347600000,0.062
799351200000,0.039
799354800000,0.027
799358400000,0.034
799362000000,0.048
799365600000,0.086
799369200000,0.16
799372800000,0.202
799376400000,0.218
799380000000,0.227
799383600000,0.248
799387200000,0.269
799390800000,0.273
799394400000,0.264
799398000000,0.251
799401600000,0.249
799405200000,0.231
799408800000,0.196
799412400000,0.145
799416000000,0.111
799419600000,0.089
799423200000,0.071
799426800000,0.055
799430400000,0.044
799434000000,0.041
799437600000,0.037
799441200000,0.031
799444800000,0.024
799448400000,0.011
799452000000,0.012
799455600000,0.03
799459200000,0.031
799462800000,0.034
799466400000,0.04
799470000000,0.057
799473600000,0.085
799477200000,0.116
799480800000,0.16
799484400000,0.202
799488000000,0.266
799491600000,0.32
799495200000,0.265
799498800000,0.177
799502400000,0.11
799506000000,0.076
799509600000,0.056
799513200000,0.039
799516800000,0.031
799520400000,0.031
799524000000,0.035
799527600000,0.034
799531200000,0.031
799534800000,0.023
799538400000,0.023
799542000000,0.027
799545600000,0.025
799549200000,0.032
799552800000,0.048
799556400000,0.072
799560000000,0.099
799563600000,0.125
799567200000,0.154
799570800000,0.187
799574400000,0.225
799578000000,0.221
799581600000,0.164
799585200000,0.105
799588800000,0.067
799592400000,0.037
799596000000,0.023
799599600000,0.019
799603200000,0.019
799606800000,0.02
799610400000,0.02
799614000000,0.019
799617600000,0.017
799621200000,0.014
799624800000,0.011
799628400000,0.011
799632000000,0.014
799635600000,0.024
799639200000,0.04
799642800000,0.065
799646400000,0.097
799650000000,0.135
799653600000,0.17
799657200000,0.201
799660800000,0.223
799664400000,0.221
799668000000,0.187
799671600000,0.152
799675200000,0.115
799678800000,0.1
799682400000,0.092
799686000000,0.08
799689600000,0.072
799693200000,0.063
799696800000,0.056
799700400000,0.049
799704000000,0.048
799707600000,0.036
799711200000,0.032
799714800000,0.027
799718400000,0.028
799722000000,0.035
799725600000,0.044
799729200000,0.068
799732800000,0.107
799736400000,0.152
799740000000,0.192
799743600000,0.211
799747200000,0.208
799750800000,0.188
799754400000,0.148
799758000000,0.107
799761600000,0.084
799765200000,0.062
799768800000,0.046
799772400000,0.035
799776000000,0.027
799779600000,0.018
799783200000,0.012
799786800000,0.011
799790400000,0.013
799794000000,0.019
799797600000,0.019
799801200000,0.041
799804800000,0.048
799808400000,0.05
799812000000,0.055
799815600000,0.071
799819200000,0.09
799822800000,0.1
799826400000,0.099
799830000000,0.096
799833600000,0.102
799837200000,0.086
799840800000,0.06
799844400000,0.024
799848000000,0.006
799851600000,0.001
799855200000,0.0
799858800000,0.0
799862400000,0.0
799866000000,0.0
799869600000,0.0
799873200000,0.003
799876800000,0.016
799880400000,0.031
799884000000,0.04
799887600000,0.041
799891200000,0.026
799894800000,0.014
799898400000,0.008
799902000000,0.005
799905600000,0.004
799909200000,0.026
799912800000,0.057
799916400000,0.077
799920000000,0.086
799923600000,0.096
799927200000,0.101
799930800000,0.099
799934400000,0.092
799938000000,0.092
799941600000,0.084
799945200000,0.072
799948800000,0.068
799952400000,0.087
799956000000,0.088
799959600000,0.084
799963200000,0.074
799966800000,0.057
799970400000,0.045
799974000000,0.057
799977600000,0.05
799981200000,0.052
799984800000,0.056
799988400000,0.072
799992000000,0.101
799995600000,0.13
799999200000,0.138
800002800000,0.108
800006400000,0.093
800010000000,0.062
800013600000,0.028
800017200000,0.013
800020800000,0.008
800024400000,0.007
800028000000,0.006
800031600000,0.005
800035200000,0.005
800038800000,0.009
800042400000,0.012
800046000000,0.007
800049600000,0.006
800053200000,0.022
800056800000,0.061
800060400000,0.098
800064000000,0.086
800067600000,0.061
800071200000,0.034
800074800000,0.045
800078400000,0.079
800082000000,0.158
800085600000,0.23
800089200000,0.243
800092800000,0.21
800096400000,0.153
800100000000,0.155
800103600000,0.202
800107200000,0.201
800110800000,0.135
800114400000,0.084
800118000000,0.067
800121600000,0.058
800125200000,0.061
800128800000,0.062
800132400000,0.055
800136000000,0.046
800139600000,0.037
800143200000,0.042
800146800000,0.069
800150400000,0.068
800154000000,0.067
800157600000,0.069
800161200000,0.073
800164800000,0.084
800168400000,0.109
800172000000,0.156
800175600000,0.184
800179200000,0.173
800182800000,0.124
800186400000,0.089
800190000000,0.066
800193600000,0.046
800197200000,0.036
800200800000,0.028
800204400000,0.021
800208000000,0.013
800211600000,0.008
800215200000,0.006
800218800000,0.006
800222400000,0.01
800226000000,0.011
800229600000,0.014
800233200000,0.041
800236800000,0.076
800240400000,0.105
800244000000,0.14
800247600000,0.178
800251200000,0.204
800254800000,0.202
800258400000,0.184
800262000000,0.171
800265600000,0.146
800269200000,0.132
800272800000,0.136
800276400000,0.139
800280000000,0.13
800283600000,0.123
800287200000,0.119
800290800000,0.103
800294400000,0.095
800298000000,0.104
800301600000,0.125
800305200000,0.168
800308800000,0.183
800312400000,0.201
800316000000,0.179
800319600000,0.154
800323200000,0.248
800326800000,0.364
800330400000,0.405
800334000000,0.41
800337600000,0.401
800341200000,0.395
800344800000,0.389
800348400000,0.362
800352000000,0.274
800355600000,0.223
800359200000,0.177
800362800000,0.163
800366400000,0.167
800370000000,0.169
800373600000,0.171
800377200000,0.165
800380800000,0.168
800384400000,0.166
800388000000,0.154
800391600000,0.14
800395200000,0.127
800398800000,0.115
800402400000,0.073
800406000000,0.08
800409600000,0.08
800413200000,0.086
800416800000,0.093
800420400000,0.106
800424000000,0.112
800427600000,0.11
800431200000,0.112
800434800000,0.108
800438400000,0.078
800442000000,0.047
800445600000,0.03
800449200000,0.046
800452800000,0.044
800456400000,0.043
800460000000,0.047
800463600000,0.054
800467200000,0.063
800470800000,0.068
800474400000,0.068
800478000000,0.067
800481600000,0.061
800485200000,0.064
800488800000,0.048
800492400000,0.039
800496000000,0.048
800499600000,0.04
800503200000,0.042
800506800000,0.046
800510400000,0.044
800514000000,0.035
800517600000,0.026
800521200000,0.023
800524800000,0.026
800528400000,0.034
800532000000,0.064
800535600000,0.086
800539200000,0.087
800542800000,0.076
800546400000,0.064
800550000000,0.054
800553600000,0.044
800557200000,0.032
800560800000,0.022
800564400000,0.019
800568000000,0.018
800571600000,0.012
800575200000,0.003
800578800000,0.001
800582400000,0.002
800586000000,0.005
800589600000,0.011
800593200000,0.023
800596800000,0.046
800600400000,0.072
800604000000,0.103
800607600000,0.133
800611200000,0.143
800614800000,0.165
800618400000,0.201
800622000000,0.133
800625600000,0.053
800629200000,0.028
800632800000,0.025
800636400000,0.025
800640000000,0.025
800643600000,0.027
800647200000,0.031
800650800000,0.031
800654400000,0.033
800658000000,0.035
800661600000,0.022
800665200000,0.025
800668800000,0.037
800672400000,0.062
800676000000,0.091
800679600000,0.114
800683200000,0.133
800686800000,0.145
800690400000,0.156
800694000000,0.158
800697600000,0.145
800701200000,0.143
800704800000,0.149
800708400000,0.144
800712000000,0.133
800715600000,0.115
800719200000,0.099
800722800000,0.093
800726400000,0.092
800730000000,0.089
800733600000,0.077
800737200000,0.066
800740800000,0.053
800744400000,0.045
800748000000,0.025
800751600000,0.016
800755200000,0.027
800758800000,0.037
800762400000,0.045
800766000000,0.047
800769600000,0.047
800773200000,0.049
800776800000,0.051
800780400000,0.052
800784000000,0.051
800787600000,0.046
800791200000,0.063
800794800000,0.058
800798400000,0.047
800802000000,0.037
800805600000,0.026
800809200000,0.018
800812800000,0.013
800816400000,0.011
800820000000,0.011
800823600000,0.013
800827200000,0.018
800830800000,0.021
800834400000,0.014
800838000000,0.013
800841600000,0.045
800845200000,0.08
800848800000,0.102
800852400000,0.102
800856000000,0.078
800859600000,0.037
800863200000,0.011
800866800000,0.002
800870400000,0.0
800874000000,0.0
800877600000,0.001
800881200000,0.005
800884800000,0.007
800888400000,0.007
800892000000,0.004
800895600000,0.003
800899200000,0.002
800902800000,0.001
800906400000,0.001
800910000000,0.003
800913600000,0.007
800917200000,0.007
800920800000,0.004
800924400000,0.008
800928000000,0.005
800931600000,0.003
800935200000,0.003
800938800000,0.005
800942400000,0.007
800946000000,0.009
800949600000,0.012
800953200000,0.014
800956800000,0.013
800960400000,0.008
800964000000,0.009
800967600000,0.012
800971200000,0.014
800974800000,0.02
800978400000,0.022
800982000000,0.013
800985600000,0.002
800989200000,0.002
800992800000,0.003
800996400000,0.004
801000000000,0.003
801003600000,0.003
801007200000,0.001
801010800000,0.0
801014400000,0.0
801018000000,0.0
801021600000,0.001
801025200000,0.005
801028800000,0.017
801032400000,0.032
801036000000,0.046
801039600000,0.059
801043200000,0.06
801046800000,0.063
801050400000,0.061
801054000000,0.042
801057600000,0.036
801061200000,0.059
801064800000,0.069
801068400000,0.06
801072000000,0.045
801075600000,0.031
801079200000,0.02
801082800000,0.011
801086400000,0.006
801090000000,0.004
801093600000,0.002
801097200000,0.001
801100800000,0.0
801104400000,0.0
801108000000,0.0
801111600000,0.0
801115200000,0.0
801118800000,0.002
801122400000,0.006
801126000000,0.012
801129600000,0.025
801133200000,0.039
801136800000,0.047
801140400000,0.05
801144000000,0.058
801147600000,0.071
801151200000,0.075
801154800000,0.077
801158400000,0.077
801162000000,0.085
801165600000,0.086
801169200000,0.08
801172800000,0.069
801176400000,0.071
801180000000,0.038
801183600000,0.012
801187200000,0.008
801190800000,0.006
801194400000,0.006
801198000000,0.006
801201600000,0.005
801205200000,0.003
801208800000,0.004
801212400000,0.013
801216000000,0.036
801219600000,0.049
801223200000,0.071
801226800000,0.084
801230400000,0.069
801234000000,0.044
801237600000,0.021
801241200000,0.009
801244800000,0.002
801248400000,0.0
801252000000,0.0
801255600000,0.0
801259200000,0.0
801262800000,0.0
801266400000,0.0
801270000000,0.0
801273600000,0.002
801277200000,0.005
801280800000,0.008
801284400000,0.014
801288000000,0.025
801291600000,0.034
801295200000,0.043
801298800000,0.055
801302400000,0.06
801306000000,0.056
801309600000,0.053
801313200000,0.052
801316800000,0.039
801320400000,0.027
801324000000,0.014
801327600000,0.005
801331200000,0.001
801334800000,0.0
801338400000,0.0
801342000000,0.0
801345600000,0.0
801349200000,0.0
801352800000,0.0
801356400000,0.006
801360000000,0.018
801363600000,0.025
801367200000,0.037
801370800000,0.058
801374400000,0.085
801378000000,0.12
801381600000,0.161
801385200000,0.211
801388800000,0.219
801392400000,0.162
801396000000,0.12
801399600000,0.087
801403200000,0.061
801406800000,0.057
801410400000,0.048
801414000000,0.043
801417600000,0.047
801421200000,0.054
801424800000,0.053
801428400000,0.054
801432000000,0.054
801435600000,0.057
801439200000,0.03
801442800000,0.047
801446400000,0.067
801450000000,0.077
801453600000,0.083
801457200000,0.086
801460800000,0.09
801464400000,0.09
801468000000,0.082
801471600000,0.074
801475200000,0.076
801478800000,0.08
801482400000,0.13
801486000000,0.142
801489600000,0.111
801493200000,0.074
801496800000,0.044
801500400000,0.037
801504000000,0.042
801507600000,0.045
801511200000,0.03
801514800000,0.011
801518400000,0.003
801522000000,0.001
801525600000,0.001
801529200000,0.003
801532800000,0.01
801536400000,0.019
801540000000,0.03
801543600000,0.045
801547200000,0.057
801550800000,0.063
801554400000,0.07
801558000000,0.08
801561600000,0.096
801565200000,0.108
801568800000,0.149
801572400000,0.155
801576000000,0.134
801579600000,0.109
801583200000,0.1
801586800000,0.086
801590400000,0.073
801594000000,0.065
801597600000,0.056
801601200000,0.054
801604800000,0.049
801608400000,0.045
801612000000,0.035
801615600000,0.033
801619200000,0.018
801622800000,0.011
801626400000,0.005
801630000000,0.007
801633600000,0.019
801637200000,0.039
801640800000,0.064
801644400000,0.077
801648000000,0.084
801651600000,0.077
801655200000,0.084
801658800000,0.09
801662400000,0.085
801666000000,0.075
801669600000,0.063
801673200000,0.045
801676800000,0.03
801680400000,0.024
801684000000,0.021
801687600000,0.018
801691200000,0.017
801694800000,0.015
801698400000,0.015
801702000000,0.024
801705600000,0.047
801709200000,0.084
801712800000,0.13
801716400000,0.18
801720000000,0.233
801723600000,0.279
801727200000,0.303
801730800000,0.289
801734400000,0.25
801738000000,0.204
801741600000,0.19
801745200000,0.172
801748800000,0.167
801752400000,0.154
801756000000,0.14
801759600000,0.119
801763200000,0.11
801766800000,0.106
801770400000,0.124
801774000000,0.151
801777600000,0.185
801781200000,0.203
801784800000,0.167
801788400000,0.163
801792000000,0.227
801795600000,0.27
801799200000,0.268
801802800000,0.245
801806400000,0.216
801810000000,0.192
801813600000,0.178
801817200000,0.171
801820800000,0.153
801824400000,0.121
801828000000,0.142
801831600000,0.147
801835200000,0.139
801838800000,0.128
801842400000,0.116
801846000000,0.11
801849600000,0.103
801853200000,0.102
801856800000,0.108
801860400000,0.114
801864000000,0.097
801867600000,0.065
801871200000,0.077
801874800000,0.106
801878400000,0.108
801882000000,0.122
801885600000,0.132
801889200000,0.144
801892800000,0.156
801896400000,0.158
801900000000,0.153
801903600000,0.143
801907200000,0.139
801910800000,0.129
801914400000,0.149
801918000000,0.131
801921600000,0.085
801925200000,0.048
801928800000,0.02
801932400000,0.005
801936000000,0.001
801939600000,0.0
801943200000,0.0
801946800000,0.0
801950400000,0.001
801954000000,0.002
801957600000,0.008
801961200000,0.03
801964800000,0.043
801968400000,0.05
801972000000,0.061
801975600000,0.074
801979200000,0.087
801982800000,0.101
801986400000,0.11
801990000000,0.112
801993600000,0.105
801997200000,0.086
802000800000,0.064
802004400000,0.037
802008000000,0.018
802011600000,0.019
802015200000,0.037
802018800000,0.049
802022400000,0.058
802026000000,0.069
802029600000,0.084
802033200000,0.09
802036800000,0.089
802040400000,0.093
802044000000,0.097
802047600000,0.136
802051200000,0.179
802054800000,0.251
802058400000,0.32
802062000000,0.367
802065600000,0.403
802069200000,0.426
802072800000,0.416
802076400000,0.391
802080000000,0.359
802083600000,0.293
802087200000,0.286
802090800000,0.317
802094400000,0.341
802098000000,0.367
802101600000,0.398
802105200000,0.416
802108800000,0.395
802112400000,0.382
802116000000,0.4
802119600000,0.386
802123200000,0.373
802126800000,0.343
802130400000,0.311
802134000000,0.289
802137600000,0.43
802141200000,0.556
802144800000,0.602
802148400000,0.554
802152000000,0.493
802155600000,0.447
802159200000,0.4
802162800000,0.347
802166400000,0.245
802170000000,0.186
802173600000,0.176
802177200000,0.159
802180800000,0.135
802184400000,0.145
802188000000,0.172
802191600000,0.213
802195200000,0.217
802198800000,0.228
802202400000,0.225
802206000000,0.211
802209600000,0.2
802213200000,0.173
802216800000,0.133
802220400000,0.171
802224000000,0.206
802227600000,0.226
802231200000,0.23
802234800000,0.278
802238400000,0.358
802242000000,0.42
802245600000,0.467
802249200000,0.484
802252800000,0.476
802256400000,0.42
802260000000,0.379
802263600000,0.343
802267200000,0.341
802270800000,0.343
802274400000,0.326
802278000000,0.327
802281600000,0.338
802285200000,0.362
802288800000,0.368
802292400000,0.36
802296000000,0.332
802299600000,0.294
802303200000,0.198
802306800000,0.199
802310400000,0.271
802314000000,0.3
802317600000,0.311
802321200000,0.3
802324800000,0.291
802328400000,0.302
802332000000,0.321
802335600000,0.316
802339200000,0.318
802342800000,0.33
802346400000,0.302
802350000000,0.25
802353600000,0.261
802357200000,0.309
802360800000,0.348
802364400000,0.339
802368000000,0.29
802371600000,0.232
802375200000,0.158
802378800000,0.118
802382400000,0.085
802386000000,0.067
802389600000,0.06
802393200000,0.053
802396800000,0.041
802400400000,0.016
802404000000,0.007
802407600000,0.008
802411200000,0.012
802414800000,0.019
802418400000,0.029
802422000000,0.045
802425600000,0.07
802429200000,0.102
802432800000,0.148
802436400000,0.17
802440000000,0.176
802443600000,0.176
802447200000,0.191
802450800000,0.188
802454400000,0.12
802458000000,0.087
802461600000,0.11
802465200000,0.121
802468800000,0.132
802472400000,0.127
802476000000,0.09
802479600000,0.075
802483200000,0.1
802486800000,0.105
802490400000,0.111
802494000000,0.123
802497600000,0.136
802501200000,0.139
802504800000,0.134
802508400000,0.148
802512000000,0.154
802515600000,0.139
802519200000,0.148
802522800000,0.151
802526400000,0.144
802530000000,0.136
802533600000,0.133
802537200000,0.125
802540800000,0.123
802544400000,0.12
802548000000,0.12
802551600000,0.125
802555200000,0.135
802558800000,0.14
802562400000,0.104
802566000000,0.144
802569600000,0.194
802573200000,0.25
802576800000,0.256
802580400000,0.27
802584000000,0.294
802587600000,0.32
802591200000,0.313
802594800000,0.275
802598400000,0.223
802602000000,0.154
802605600000,0.146
802609200000,0.152
802612800000,0.139
802616400000,0.136
802620000000,0.124
802623600000,0.115
802627200000,0.108
802630800000,0.112
802634400000,0.117
802638000000,0.127
802641600000,0.136
802645200000,0.153
802648800000,0.128
802652400000,0.192
802656000000,0.327
802659600000,0.405
802663200000,0.442
802666800000,0.441
802670400000,0.438
802674000000,0.444
802677600000,0.442
802681200000,0.4
802684800000,0.337
802688400000,0.282
802692000000,0.264
802695600000,0.243
802699200000,0.243
802702800000,0.237
802706400000,0.228
802710000000,0.224
802713600000,0.221
802717200000,0.219
802720800000,0.211
802724400000,0.203
802728000000,0.188
802731600000,0.174
802735200000,0.121
802738800000,0.109
802742400000,0.155
802746000000,0.196
802749600000,0.228
802753200000,0.245
802756800000,0.252
802760400000,0.247
802764000000,0.223
802767600000,0.186
802771200000,0.15
802774800000,0.107
802778400000,0.112
802782000000,0.131
802785600000,0.126
802789200000,0.106
802792800000,0.081
802796400000,0.063
802800000000,0.048
802803600000,0.036
802807200000,0.026
802810800000,0.02
802814400000,0.016
802818000000,0.016
802821600000,0.006
802825200000,0.001
802828800000,0.0
802832400000,0.001
802836000000,0.002
802839600000,0.005
802843200000,0.007
802846800000,0.014
802850400000,0.024
802854000000,0.039
802857600000,0.058
802861200000,0.06
802864800000,0.063
802868400000,0.053
802872000000,0.043
802875600000,0.043
802879200000,0.046
802882800000,0.047
802886400000,0.046
802890000000,0.046
802893600000,0.045
802897200000,0.039
802900800000,0.028
802904400000,0.017
802908000000,0.006
802911600000,0.001
802915200000,0.0
802918800000,0.0
802922400000,0.001
802926000000,0.005
802929600000,0.02
802933200000,0.037
802936800000,0.051
802940400000,0.065
802944000000,0.073
802947600000,0.075
802951200000,0.076
802954800000,0.064
802958400000,0.049
802962000000,0.033
802965600000,0.017
802969200000,0.007
802972800000,0.003
802976400000,0.001
802980000000,0.001
802983600000,0.001
802987200000,0.001
802990800000,0.002
802994400000,0.0
802998000000,0.0
803001600000,0.0
803005200000,0.0
803008800000,0.001
803012400000,0.008
803016000000,0.026
803019600000,0.054
803023200000,0.082
803026800000,0.107
803030400000,0.122
803034000000,0.105
803037600000,0.079
803041200000,0.063
803044800000,0.049
803048400000,0.032
803052000000,0.015
803055600000,0.005
803059200000,0.005
803062800000,0.006
803066400000,0.011
803070000000,0.017
803073600000,0.03
803077200000,0.041
803080800000,0.031
803084400000,0.058
803088000000,0.084
803091600000,0.089
803095200000,0.085
803098800000,0.071
803102400000,0.056
803106000000,0.046
803109600000,0.042
803113200000,0.047
803116800000,0.062
803120400000,0.085
803124000000,0.128
803127600000,0.13
803131200000,0.105
803134800000,0.078
803138400000,0.062
803142000000,0.052
803145600000,0.043
803149200000,0.036
803152800000,0.028
803156400000,0.022
803160000000,0.021
803163600000,0.017
803167200000,0.014
803170800000,0.072
803174400000,0.128
803178000000,0.204
803181600000,0.298
803185200000,0.356
803188800000,0.361
803192400000,0.346
803196000000,0.322
803199600000,0.276
803203200000,0.206
803206800000,0.14
803210400000,0.106
803214000000,0.085
803217600000,0.068
803221200000,0.057
803224800000,0.046
803228400000,0.048
803232000000,0.054
803235600000,0.062
803239200000,0.068
803242800000,0.061
803246400000,0.047
803250000000,0.031
803253600000,0.012
803257200000,0.025
803260800000,0.055
803264400000,0.109
803268000000,0.173
803271600000,0.231
803275200000,0.264
803278800000,0.272
803282400000,0.261
803286000000,0.245
803289600000,0.227
803293200000,0.175
803296800000,0.155
803300400000,0.146
803304000000,0.128
803307600000,0.105
803311200000,0.067
803314800000,0.054
803318400000,0.067
803322000000,0.074
803325600000,0.062
803329200000,0.062
803332800000,0.076
803336400000,0.087
803340000000,0.065
803343600000,0.085
803347200000,0.123
803350800000,0.139
803354400000,0.147
803358000000,0.157
803361600000,0.165
803365200000,0.175
803368800000,0.183
803372400000,0.191
803376000000,0.197
803379600000,0.179
803383200000,0.184
803386800000,0.165
803390400000,0.13
803394000000,0.105
803397600000,0.083
803401200000,0.072
803404800000,0.067
803408400000,0.069
803412000000,0.072
803415600000,0.072
803419200000,0.07
803422800000,0.069
803426400000,0.041
803430000000,0.071
803433600000,0.108
803437200000,0.119
803440800000,0.117
803444400000,0.111
803448000000,0.103
803451600000,0.091
803455200000,0.075
803458800000,0.059
803462400000,0.047
803466000000,0.041
803469600000,0.057
803473200000,0.059
803476800000,0.041
803480400000,0.023
803484000000,0.011
803487600000,0.006
803491200000,0.004
803494800000,0.003
803498400000,0.003
803502000000,0.005
803505600000,0.008
803509200000,0.012
803512800000,0.013
803516400000,0.028
803520000000,0.038
803523600000,0.054
803527200000,0.068
803530800000,0.085
803534400000,0.104
803538000000,0.119
803541600000,0.133
803545200000,0.146
803548800000,0.158
803552400000,0.142
803556000000,0.14
803559600000,0.115
803563200000,0.081
803566800000,0.058
803570400000,0.046
803574000000,0.041
803577600000,0.036
803581200000,0.031
803584800000,0.027
803588400000,0.025
803592000000,0.024
803595600000,0.021
803599200000,0.013
803602800000,0.034
803606400000,0.036
803610000000,0.04
803613600000,0.043
803617200000,0.051
803620800000,0.065
803624400000,0.082
803628000000,0.1
803631600000,0.123
803635200000,0.152
803638800000,0.167
803642400000,0.193
803646000000,0.159
803649600000,0.111
803653200000,0.076
803656800000,0.058
803660400000,0.058
803664000000,0.067
803667600000,0.08
803671200000,0.085
803674800000,0.078
803678400000,0.064
803682000000,0.047
803685600000,0.021
803689200000,0.028
803692800000,0.03
803696400000,0.03
803700000000,0.029
803703600000,0.027
803707200000,0.027
803710800000,0.033
803714400000,0.041
803718000000,0.053
803721600000,0.087
803725200000,0.144
803728800000,0.172
803732400000,0.129
803736000000,0.077
803739600000,0.046
803743200000,0.028
803746800000,0.018
803750400000,0.014
803754000000,0.013
803757600000,0.015
803761200000,0.022
803764800000,0.03
803768400000,0.034
803772000000,0.023
803775600000,0.02
803779200000,0.007
803782800000,0.004
803786400000,0.005
803790000000,0.011
803793600000,0.019
803797200000,0.026
803800800000,0.031
803804400000,0.043
803808000000,0.069
803811600000,0.089
803815200000,0.093
803818800000,0.084
803822400000,0.066
803826000000,0.054
803829600000,0.045
803833200000,0.043
803836800000,0.049
803840400000,0.065
803844000000,0.085
803847600000,0.096
803851200000,0.103
803854800000,0.096
803858400000,0.06
803862000000,0.113
803865600000,0.111
803869200000,0.095
803872800000,0.086
803876400000,0.076
803880000000,0.068
803883600000,0.071
803887200000,0.09
803890800000,0.115
803894400000,0.137
803898000000,0.115
803901600000,0.098
803905200000,0.077
803908800000,0.058
803912400000,0.053
803916000000,0.048
803919600000,0.045
803923200000,0.042
803926800000,0.038
803930400000,0.043
803934000000,0.048
803937600000,0.054
803941200000,0.053
803944800000,0.03
803948400000,0.037
803952000000,0.049
803955600000,0.05
803959200000,0.049
803962800000,0.055
803966400000,0.066
803970000000,0.079
803973600000,0.099
803977200000,0.118
803980800000,0.12
803984400000,0.088
803988000000,0.065
803991600000,0.041
803995200000,0.033
803998800000,0.042
804002400000,0.056
804006000000,0.069
804009600000,0.052
804013200000,0.038
804016800000,0.037
804020400000,0.034
804024000000,0.031
804027600000,0.033
804031200000,0.027
804034800000,0.055
804038400000,0.058
804042000000,0.057
804045600000,0.059
804049200000,0.063
804052800000,0.064
804056400000,0.071
804060000000,0.086
804063600000,0.11
804067200000,0.145
804070800000,0.153
804074400000,0.127
804078000000,0.101
804081600000,0.065
804085200000,0.027
804088800000,0.012
804092400000,0.013
804096000000,0.013
804099600000,0.009
804103200000,0.007
804106800000,0.008
804110400000,0.008
804114000000,0.01
804117600000,0.011
804121200000,0.022
804124800000,0.054
804128400000,0.074
804132000000,0.074
804135600000,0.076
804139200000,0.077
804142800000,0.089
804146400000,0.11
804150000000,0.134
804153600000,0.139
804157200000,0.127
804160800000,0.131
804164400000,0.104
804168000000,0.068
804171600000,0.046
804175200000,0.032
804178800000,0.027
804182400000,0.024
804186000000,0.02
804189600000,0.022
804193200000,0.035
804196800000,0.052
804200400000,0.057
804204000000,0.045
804207600000,0.091
804211200000,0.123
804214800000,0.133
804218400000,0.144
804222000000,0.179
804225600000,0.225
804229200000,0.264
804232800000,0.279
804236400000,0.28
804240000000,0.267
804243600000,0.197
804247200000,0.149
804250800000,0.115
804254400000,0.078
804258000000,0.054
804261600000,0.039
804265200000,0.036
804268800000,0.041
804272400000,0.044
804276000000,0.051
804279600000,0.06
804283200000,0.071
804286800000,0.083
804290400000,0.065
804294000000,0.109
804297600000,0.101
804301200000,0.08
804304800000,0.075
804308400000,0.079
804312000000,0.084
804315600000,0.08
804319200000,0.074
804322800000,0.072
804326400000,0.076
804330000000,0.09
804333600000,0.115
804337200000,0.088
804340800000,0.051
804344400000,0.027
804348000000,0.014
804351600000,0.008
804355200000,0.004
804358800000,0.003
804362400000,0.003
804366000000,0.005
804369600000,0.01
804373200000,0.013
804376800000,0.017
804380400000,0.054
804384000000,0.08
804387600000,0.088
804391200000,0.096
804394800000,0.097
804398400000,0.091
804402000000,0.079
804405600000,0.063
804409200000,0.043
804412800000,0.032
804416400000,0.03
804420000000,0.041
804423600000,0.052
804427200000,0.057
804430800000,0.059
804434400000,0.05
804438000000,0.042
804441600000,0.041
804445200000,0.041
804448800000,0.049
804452400000,0.069
804456000000,0.089
804459600000,0.097
804463200000,0.077
804466800000,0.08
804470400000,0.122
804474000000,0.217
804477600000,0.274
804481200000,0.26
804484800000,0.294
804488400000,0.296
804492000000,0.231
804495600000,0.18
804499200000,0.158
804502800000,0.12
804506400000,0.112
804510000000,0.114
804513600000,0.11
804517200000,0.079
804520800000,0.052
804524400000,0.059
804528000000,0.09
804531600000,0.092
804535200000,0.082
804538800000,0.072
804542400000,0.064
804546000000,0.065
804549600000,0.048
804553200000,0.065
804556800000,0.063
804560400000,0.047
804564000000,0.036
804567600000,0.028
804571200000,0.024
804574800000,0.026
804578400000,0.029
804582000000,0.035
804585600000,0.042
804589200000,0.041
804592800000,0.042
804596400000,0.04
804600000000,0.042
804603600000,0.05
804607200000,0.064
804610800000,0.078
804614400000,0.093
804618000000,0.094
804621600000,0.087
804625200000,0.072
804628800000,0.045
804632400000,0.024
804636000000,0.013
804639600000,0.009
804643200000,0.011
804646800000,0.008
804650400000,0.002
804654000000,0.001
804657600000,0.002
804661200000,0.003
804664800000,0.006
804668400000,0.008
804672000000,0.012
804675600000,0.018
804679200000,0.028
804682800000,0.045
804686400000,0.06
804690000000,0.072
804693600000,0.084
804697200000,0.094
804700800000,0.093
804704400000,0.096
804708000000,0.087
804711600000,0.089
804715200000,0.114
804718800000,0.107
804722400000,0.047
804726000000,0.046
804729600000,0.042
804733200000,0.029
804736800000,0.017
804740400000,0.015
804744000000,0.018
804747600000,0.024
804751200000,0.036
804754800000,0.059
804758400000,0.094
804762000000,0.118
804765600000,0.16
804769200000,0.17
804772800000,0.156
804776400000,0.143
804780000000,0.125
804783600000,0.119
804787200000,0.115
804790800000,0.125
804794400000,0.104
804798000000,0.085
804801600000,0.064
804805200000,0.053
804808800000,0.044
804812400000,0.057
804816000000,0.077
804819600000,0.088
804823200000,0.089
804826800000,0.092
804830400000,0.092
804834000000,0.089
804837600000,0.091
804841200000,0.097
804844800000,0.104
804848400000,0.103
804852000000,0.137
804855600000,0.144
804859200000,0.124
804862800000,0.106
804866400000,0.097
804870000000,0.093
804873600000,0.084
804877200000,0.084
804880800000,0.097
804884400000,0.105
804888000000,0.113
804891600000,0.105
804895200000,0.065
804898800000,0.066
804902400000,0.086
804906000000,0.117
804909600000,0.156
804913200000,0.204
804916800000,0.249
804920400000,0.264
804924000000,0.27
804927600000,0.264
804931200000,0.264
804934800000,0.201
804938400000,0.16
804942000000,0.13
804945600000,0.099
804949200000,0.074
804952800000,0.054
804956400000,0.038
804960000000,0.031
804963600000,0.022
804967200000,0.022
804970800000,0.027
804974400000,0.036
804978000000,0.044
804981600000,0.042
804985200000,0.067
804988800000,0.097
804992400000,0.131
804996000000,0.159
804999600000,0.181
805003200000,0.2
805006800000,0.212
805010400000,0.206
805014000000,0.176
805017600000,0.134
805021200000,0.127
805024800000,0.149
805028400000,0.158
805032000000,0.125
805035600000,0.082
805039200000,0.05
805042800000,0.034
805046400000,0.041
805050000000,0.046
805053600000,0.059
805057200000,0.089
805060800000,0.114
805064400000,0.12
805068000000,0.137
805071600000,0.201
805075200000,0.208
805078800000,0.221
805082400000,0.228
805086000000,0.265
805089600000,0.311
805093200000,0.332
805096800000,0.312
805100400000,0.251
805104000000,0.186
805107600000,0.177
805111200000,0.199
805114800000,0.179
805118400000,0.149
805122000000,0.144
805125600000,0.162
805129200000,0.168
805132800000,0.18
805136400000,0.21
805140000000,0.211
805143600000,0.205
805147200000,0.201
805150800000,0.224
805154400000,0.202
805158000000,0.181
805161600000,0.142
805165200000,0.113
805168800000,0.068
805172400000,0.033
805176000000,0.029
805179600000,0.045
805183200000,0.065
805186800000,0.085
805190400000,0.108
805194000000,0.137
805197600000,0.167
805201200000,0.16
805204800000,0.171
805208400000,0.188
805212000000,0.159
805215600000,0.115
805219200000,0.113
805222800000,0.119
805226400000,0.117
805230000000,0.095
805233600000,0.072
805237200000,0.071
805240800000,0.057
805244400000,0.04
805248000000,0.045
805251600000,0.069
805255200000,0.089
805258800000,0.092
805262400000,0.093
805266000000,0.104
805269600000,0.129
805273200000,0.125
805276800000,0.101
805280400000,0.093
805284000000,0.096
805287600000,0.102
805291200000,0.103
805294800000,0.086
805298400000,0.078
805302000000,0.076
805305600000,0.07
805309200000,0.079
805312800000,0.092
805316400000,0.102
805320000000,0.127
805323600000,0.151
805327200000,0.137
805330800000,0.115
805334400000,0.193
805338000000,0.298
805341600000,0.274
805345200000,0.191
805348800000,0.117
805352400000,0.076
805356000000,0.067
805359600000,0.05
805363200000,0.035
805366800000,0.033
805370400000,0.041
805374000000,0.045
805377600000,0.038
805381200000,0.03
805384800000,0.021
805388400000,0.015
805392000000,0.009
805395600000,0.007
805399200000,0.005
805402800000,0.006
805406400000,0.008
805410000000,0.014
805413600000,0.018
805417200000,0.032
805420800000,0.067
805424400000,0.079
805428000000,0.08
805431600000,0.074
805435200000,0.064
805438800000,0.059
805442400000,0.059
805446000000,0.059
805449600000,0.064
805453200000,0.088
805456800000,0.128
805460400000,0.159
805464000000,0.182
805467600000,0.202
805471200000,0.193
805474800000,0.163
805478400000,0.124
805482000000,0.079
805485600000,0.046
805489200000,0.046
805492800000,0.043
805496400000,0.031
805500000000,0.025
805503600000,0.076
805507200000,0.088
805510800000,0.084
805514400000,0.082
805518000000,0.079
805521600000,0.076
805525200000,0.072
805528800000,0.075
805532400000,0.089
805536000000,0.111
805539600000,0.138
805543200000,0.179
805546800000,0.171
805550400000,0.126
805554000000,0.083
805557600000,0.043
805561200000,0.022
805564800000,0.013
805568400000,0.006
805572000000,0.002
805575600000,0.001
805579200000,0.0
805582800000,0.0
805586400000,0.0
805590000000,0.005
805593600000,0.012
805597200000,0.017
805600800000,0.028
805604400000,0.047
805608000000,0.07
805611600000,0.082
805615200000,0.078
805618800000,0.069
805622400000,0.065
805626000000,0.058
805629600000,0.066
805633200000,0.072
805636800000,0.068
805640400000,0.061
805644000000,0.05
805647600000,0.035
805651200000,0.025
805654800000,0.017
805658400000,0.011
805662000000,0.009
805665600000,0.006
805669200000,0.003
805672800000,0.007
805676400000,0.032
805680000000,0.042
805683600000,0.042
805687200000,0.041
805690800000,0.042
805694400000,0.054
805698000000,0.075
805701600000,0.101
805705200000,0.117
805708800000,0.103
805712400000,0.065
805716000000,0.047
805719600000,0.051
805723200000,0.047
805726800000,0.04
805730400000,0.031
805734000000,0.022
805737600000,0.013
805741200000,0.005
805744800000,0.001
805748400000,0.001
805752000000,0.0
805755600000,0.0
805759200000,0.001
805762800000,0.015
805766400000,0.025
805770000000,0.03
805773600000,0.032
805777200000,0.029
805780800000,0.028
805784400000,0.031
805788000000,0.044
805791600000,0.058
805795200000,0.064
805798800000,0.068
805802400000,0.092
805806000000,0.1
805809600000,0.093
805813200000,0.08
805816800000,0.06
805820400000,0.039
805824000000,0.028
805827600000,0.025
805831200000,0.02
805834800000,0.018
805838400000,0.019
805842000000,0.019
805845600000,0.02
805849200000,0.017
805852800000,0.026
805856400000,0.032
805860000000,0.03
805863600000,0.02
805867200000,0.007
805870800000,0.002
805874400000,0.005
805878000000,0.009
805881600000,0.013
805885200000,0.019
805888800000,0.039
805892400000,0.061
805896000000,0.074
805899600000,0.082
805903200000,0.08
805906800000,0.069
805910400000,0.053
805914000000,0.039
805917600000,0.028
805921200000,0.021
805924800000,0.017
805928400000,0.014
805932000000,0.007
805935600000,0.001
805939200000,0.001
805942800000,0.0
805946400000,0.0
805950000000,0.0
805953600000,0.004
805957200000,0.015
805960800000,0.025
805964400000,0.027
805968000000,0.019
805971600000,0.01
805975200000,0.008
805978800000,0.005
805982400000,0.002
805986000000,0.001
805989600000,0.001
805993200000,0.0
805996800000,0.0
806000400000,0.0
806004000000,0.0
806007600000,0.0
806011200000,0.001
806014800000,0.001
806018400000,0.0
806022000000,0.0
806025600000,0.0
806029200000,0.0
806032800000,0.001
806036400000,0.004
806040000000,0.009
806043600000,0.011
806047200000,0.012
806050800000,0.014
806054400000,0.018
806058000000,0.022
806061600000,0.034
806065200000,0.035
806068800000,0.022
806072400000,0.009
806076000000,0.003
806079600000,0.002
806083200000,0.002
806086800000,0.001
806090400000,0.0
806094000000,0.0
806097600000,0.0
806101200000,0.0
806104800000,0.0
806108400000,0.0
806112000000,0.001
806115600000,0.001
806119200000,0.001
806122800000,0.0
806126400000,0.001
806130000000,0.002
806133600000,0.008
806137200000,0.017
806140800000,0.021
806144400000,0.038
806148000000,0.089
806151600000,0.127
806155200000,0.137
806158800000,0.085
806162400000,0.029
806166000000,0.006
806169600000,0.0
806173200000,0.0
806176800000,0.0
806180400000,0.0
806184000000,0.0
806187600000,0.0
806191200000,0.0
806194800000,0.0
806198400000,0.0
806202000000,0.0
806205600000,0.0
806209200000,0.0
806212800000,0.0
806216400000,0.001
806220000000,0.011
806223600000,0.04
806227200000,0.093
806230800000,0.133
806234400000,0.123
806238000000,0.117
806241600000,0.114
806245200000,0.118
806248800000,0.095
806252400000,0.065
806256000000,0.042
806259600000,0.028
806263200000,0.02
806266800000,0.011
806270400000,0.025
806274000000,0.047
806277600000,0.045
806281200000,0.037
806284800000,0.054
806288400000,0.059
806292000000,0.044
806295600000,0.026
806299200000,0.012
806302800000,0.008
806306400000,0.009
806310000000,0.016
806313600000,0.01
806317200000,0.004
806320800000,0.005
806324400000,0.02
806328000000,0.045
806331600000,0.062
806335200000,0.069
806338800000,0.062
806342400000,0.055
806346000000,0.048
806349600000,0.04
806353200000,0.033
806356800000,0.026
806360400000,0.031
806364000000,0.032
806367600000,0.021
806371200000,0.01
806374800000,0.009
806378400000,0.006
806382000000,0.006
806385600000,0.004
806389200000,0.001
806392800000,0.001
806396400000,0.002
806400000000,0.004
806403600000,0.004
806407200000,0.011
806410800000,0.024
806414400000,0.036
806418000000,0.047
806421600000,0.057
806425200000,0.042
806428800000,0.027
806432400000,0.027
806436000000,0.022
806439600000,0.015
806443200000,0.006
806446800000,0.002
806450400000,0.002
806454000000,0.002
806457600000,0.003
806461200000,0.005
806464800000,0.007
806468400000,0.005
806472000000,0.006
806475600000,0.014
806479200000,0.034
806482800000,0.06
806486400000,0.073
806490000000,0.087
806493600000,0.115
806497200000,0.153
806500800000,0.22
806504400000,0.195
806508000000,0.131
806511600000,0.085
806515200000,0.102
806518800000,0.111
806522400000,0.112
806526000000,0.118
806529600000,0.117
806533200000,0.133
806536800000,0.107
806540400000,0.076
806544000000,0.087
806547600000,0.104
806551200000,0.09
806554800000,0.076
806558400000,0.07
806562000000,0.061
806565600000,0.06
806569200000,0.063
806572800000,0.068
806576400000,0.078
806580000000,0.115
806583600000,0.15
806587200000,0.167
806590800000,0.163
806594400000,0.114
806598000000,0.087
806601600000,0.105
806605200000,0.104
806608800000,0.09
806612400000,0.078
806616000000,0.072
806619600000,0.069
806623200000,0.054
806626800000,0.026
806630400000,0.022
806634000000,0.025
806637600000,0.024
806641200000,0.018
806644800000,0.012
806648400000,0.008
806652000000,0.005
806655600000,0.008
806659200000,0.011
806662800000,0.017
806666400000,0.023
806670000000,0.019
806673600000,0.017
806677200000,0.01
806680800000,0.006
806684400000,0.009
806688000000,0.017
806691600000,0.022
806695200000,0.022
806698800000,0.019
806702400000,0.017
806706000000,0.017
806709600000,0.013
806713200000,0.02
806716800000,0.023
806720400000,0.016
806724000000,0.012
806727600000,0.018
806731200000,0.035
806734800000,0.061
806738400000,0.084
806742000000,0.099
806745600000,0.127
806749200000,0.148
806752800000,0.189
806756400000,0.2
806760000000,0.211
806763600000,0.189
806767200000,0.183
806770800000,0.224
806774400000,0.302
806778000000,0.416
806781600000,0.389
806785200000,0.283
806788800000,0.223
806792400000,0.17
806796000000,0.126
806799600000,0.141
806803200000,0.265
806806800000,0.413
806810400000,0.415
806814000000,0.363
806817600000,0.286
806821200000,0.216
806824800000,0.162
806828400000,0.111
806832000000,0.125
806835600000,0.192
806839200000,0.172
806842800000,0.093
806846400000,0.037
806850000000,0.012
806853600000,0.021
806857200000,0.043
806860800000,0.067
806864400000,0.091
806868000000,0.059
806871600000,0.054
806875200000,0.102
806878800000,0.109
806882400000,0.093
806886000000,0.144
806889600000,0.245
806893200000,0.349
806896800000,0.427
806900400000,0.483
806904000000,0.484
806907600000,0.454
806911200000,0.444
806914800000,0.447
806918400000,0.433
806922000000,0.406
806925600000,0.395
806929200000,0.43
806932800000,0.491
806936400000,0.556
806940000000,0.619
806943600000,0.663
806947200000,0.718
806950800000,0.77
806954400000,0.798
806958000000,0.804
806961600000,0.768
806965200000,0.748
806968800000,0.747
806972400000,0.8
806976000000,0.903
806979600000,0.914
806983200000,0.866
806986800000,0.836
806990400000,0.785
806994000000,0.778
806997600000,0.78
807001200000,0.773
807004800000,0.758
807008400000,0.733
807012000000,0.708
807015600000,0.651
807019200000,0.676
807022800000,0.809
807026400000,0.909
807030000000,0.959
807033600000,0.949
807037200000,0.916
807040800000,0.872
807044400000,0.85
807048000000,0.831
807051600000,0.822
807055200000,0.783
807058800000,0.727
807062400000,0.749
807066000000,0.839
807069600000,0.909
807073200000,0.95
807076800000,0.953
807080400000,0.941
807084000000,0.917
807087600000,0.901
807091200000,0.898
807094800000,0.901
807098400000,0.884
807102000000,0.862
807105600000,0.837
807109200000,0.814
807112800000,0.8
807116400000,0.777
807120000000,0.762
807123600000,0.751
807127200000,0.726
807130800000,0.672
807134400000,0.601
807138000000,0.535
807141600000,0.376
807145200000,0.281
807148800000,0.36
807152400000,0.435
807156000000,0.435
807159600000,0.395
807163200000,0.337
807166800000,0.277
807170400000,0.227
807174000000,0.186
807177600000,0.138
807181200000,0.099
807184800000,0.103
807188400000,0.097
807192000000,0.08
807195600000,0.062
807199200000,0.04
807202800000,0.024
807206400000,0.012
807210000000,0.007
807213600000,0.011
807217200000,0.017
807220800000,0.024
807224400000,0.022
807228000000,0.013
807231600000,0.015
807235200000,0.026
807238800000,0.039
807242400000,0.051
807246000000,0.057
807249600000,0.058
807253200000,0.054
807256800000,0.048
807260400000,0.043
807264000000,0.039
807267600000,0.031
807271200000,0.033
807274800000,0.031
807278400000,0.021
807282000000,0.012
807285600000,0.005
807289200000,0.001
807292800000,0.0
807296400000,0.0
807300000000,0.0
807303600000,0.0
807307200000,0.0
807310800000,0.0
807314400000,0.0
807318000000,0.002
807321600000,0.008
807325200000,0.008
807328800000,0.009
807332400000,0.021
807336000000,0.046
807339600000,0.073
807343200000,0.091
807346800000,0.098
807350400000,0.104
807354000000,0.148
807357600000,0.227
807361200000,0.245
807364800000,0.208
807368400000,0.135
807372000000,0.074
807375600000,0.035
807379200000,0.013
807382800000,0.005
807386400000,0.001
807390000000,0.0
807393600000,0.0
807397200000,0.0
807400800000,0.0
807404400000,0.002
807408000000,0.003
807411600000,0.003
807415200000,0.004
807418800000,0.007
807422400000,0.012
807426000000,0.022
807429600000,0.037
807433200000,0.06
807436800000,0.092
807440400000,0.135
807444000000,0.187
807447600000,0.179
807451200000,0.151
807454800000,0.142
807458400000,0.097
807462000000,0.054
807465600000,0.017
807469200000,0.003
807472800000,0.0
807476400000,0.001
807480000000,0.002
807483600000,0.003
807487200000,0.007
807490800000,0.016
807494400000,0.032
807498000000,0.039
807501600000,0.05
807505200000,0.06
807508800000,0.066
807512400000,0.073
807516000000,0.084
807519600000,0.087
807523200000,0.095
807526800000,0.101
807530400000,0.129
807534000000,0.114
807537600000,0.068
807541200000,0.061
807544800000,0.045
807548400000,0.025
807552000000,0.022
807555600000,0.026
807559200000,0.026
807562800000,0.023
807566400000,0.018
807570000000,0.014
807573600000,0.015
807577200000,0.031
807580800000,0.028
807584400000,0.029
807588000000,0.03
807591600000,0.035
807595200000,0.047
807598800000,0.06
807602400000,0.069
807606000000,0.077
807609600000,0.079
807613200000,0.084
807616800000,0.11
807620400000,0.101
807624000000,0.076
807627600000,0.052
807631200000,0.032
807634800000,0.018
807638400000,0.009
807642000000,0.007
807645600000,0.008
807649200000,0.012
807652800000,0.019
807656400000,0.025
807660000000,0.023
807663600000,0.04
807667200000,0.049
807670800000,0.05
807674400000,0.054
807678000000,0.068
807681600000,0.106
807685200000,0.159
807688800000,0.199
807692400000,0.195
807696000000,0.152
807699600000,0.112
807703200000,0.108
807706800000,0.084
807710400000,0.063
807714000000,0.056
807717600000,0.037
807721200000,0.015
807724800000,0.002
807728400000,0.0
807732000000,0.0
807735600000,0.001
807739200000,0.001
807742800000,0.003
807746400000,0.004
807750000000,0.003
807753600000,0.006
807757200000,0.012
807760800000,0.022
807764400000,0.036
807768000000,0.047
807771600000,0.056
807775200000,0.068
807778800000,0.079
807782400000,0.087
807786000000,0.102
807789600000,0.133
807793200000,0.151
807796800000,0.153
807800400000,0.111
807804000000,0.027
807807600000,0.001
807811200000,0.0
807814800000,0.0
807818400000,0.0
807822000000,0.0
807825600000,0.0
807829200000,0.001
807832800000,0.001
807836400000,0.001
807840000000,0.001
807843600000,0.001
807847200000,0.001
807850800000,0.001
807854400000,0.004
807858000000,0.016
807861600000,0.037
807865200000,0.051
807868800000,0.07
807872400000,0.113
807876000000,0.199
807879600000,0.266
807883200000,0.21
807886800000,0.101
807890400000,0.032
807894000000,0.003
807897600000,0.0
807901200000,0.001
807904800000,0.009
807908400000,0.022
807912000000,0.021
807915600000,0.015
807919200000,0.008
807922800000,0.013
807926400000,0.022
807930000000,0.025
807933600000,0.022
807937200000,0.013
807940800000,0.008
807944400000,0.012
807948000000,0.025
807951600000,0.036
807955200000,0.026
807958800000,0.016
807962400000,0.045
807966000000,0.083
807969600000,0.117
807973200000,0.128
807976800000,0.17
807980400000,0.241
807984000000,0.259
807987600000,0.251
807991200000,0.227
807994800000,0.201
807998400000,0.201
808002000000,0.188
808005600000,0.177
808009200000,0.209
808012800000,0.252
808016400000,0.325
808020000000,0.328
808023600000,0.325
808027200000,0.32
808030800000,0.315
808034400000,0.296
808038000000,0.241
808041600000,0.204
808045200000,0.192
808048800000,0.192
808052400000,0.16
808056000000,0.14
808059600000,0.123
808063200000,0.106
808066800000,0.082
808070400000,0.061
808074000000,0.047
808077600000,0.035
808081200000,0.025
808084800000,0.021
808088400000,0.018
808092000000,0.013
808095600000,0.016
808099200000,0.017
808102800000,0.013
808106400000,0.01
808110000000,0.013
808113600000,0.018
808117200000,0.019
808120800000,0.021
808124400000,0.029
808128000000,0.035
808131600000,0.047
808135200000,0.067
808138800000,0.071
808142400000,0.064
808146000000,0.051
808149600000,0.043
808153200000,0.034
808156800000,0.027
808160400000,0.021
808164000000,0.017
808167600000,0.011
808171200000,0.005
808174800000,0.004
808178400000,0.003
808182000000,0.001
808185600000,0.001
808189200000,0.002
808192800000,0.004
808196400000,0.006
808200000000,0.008
808203600000,0.012
808207200000,0.025
808210800000,0.042
808214400000,0.057
808218000000,0.068
808221600000,0.076
808225200000,0.056
808228800000,0.035
808232400000,0.025
808236000000,0.021
808239600000,0.011
808243200000,0.005
808246800000,0.002
808250400000,0.002
808254000000,0.002
808257600000,0.001
808261200000,0.001
808264800000,0.001
808268400000,0.002
808272000000,0.005
808275600000,0.011
808279200000,0.015
808282800000,0.015
808286400000,0.016
808290000000,0.019
808293600000,0.021
808297200000,0.021
808300800000,0.019
808304400000,0.019
808308000000,0.031
808311600000,0.03
808315200000,0.022
808318800000,0.018
808322400000,0.015
808326000000,0.008
808329600000,0.003
808333200000,0.001
808336800000,0.001
808340400000,0.001
808344000000,0.001
808347600000,0.001
808351200000,0.005
808354800000,0.056
808358400000,0.101
808362000000,0.103
808365600000,0.119
808369200000,0.128
808372800000,0.123
808376400000,0.119
808380000000,0.122
808383600000,0.119
808387200000,0.095
808390800000,0.073
808394400000,0.069
808398000000,0.067
808401600000,0.062
808405200000,0.055
808408800000,0.056
808412400000,0.073
808416000000,0.082
808419600000,0.082
808423200000,0.093
808426800000,0.112
808430400000,0.136
808434000000,0.147
808437600000,0.114
808441200000,0.077
808444800000,0.122
808448400000,0.126
808452000000,0.127
808455600000,0.148
808459200000,0.152
808462800000,0.146
808466400000,0.15
808470000000,0.154
808473600000,0.126
808477200000,0.1
808480800000,0.08
808484400000,0.063
808488000000,0.053
808491600000,0.035
808495200000,0.018
808498800000,0.011
808502400000,0.008
808506000000,0.004
808509600000,0.003
808513200000,0.003
808516800000,0.006
808520400000,0.008
808524000000,0.006
808527600000,0.01
808531200000,0.015
808534800000,0.019
808538400000,0.024
808542000000,0.033
808545600000,0.047
808549200000,0.071
808552800000,0.094
808556400000,0.099
808560000000,0.112
808563600000,0.15
808567200000,0.218
808570800000,0.218
808574400000,0.184
808578000000,0.07
808581600000,0.031
808585200000,0.009
808588800000,0.0
808592400000,0.0
808596000000,0.0
808599600000,0.0
808603200000,0.0
808606800000,0.0
808610400000,0.0
808614000000,0.001
808617600000,0.005
808621200000,0.006
808624800000,0.006
808628400000,0.005
808632000000,0.004
808635600000,0.006
808639200000,0.009
808642800000,0.013
808646400000,0.017
808650000000,0.024
808653600000,0.037
808657200000,0.047
808660800000,0.054
808664400000,0.055
808668000000,0.052
808671600000,0.045
808675200000,0.035
808678800000,0.034
808682400000,0.035
808686000000,0.036
808689600000,0.042
808693200000,0.042
808696800000,0.025
808700400000,0.026
808704000000,0.034
808707600000,0.029
808711200000,0.02
808714800000,0.015
808718400000,0.016
808722000000,0.023
808725600000,0.04
808729200000,0.051
808732800000,0.055
808736400000,0.051
808740000000,0.05
808743600000,0.055
808747200000,0.054
808750800000,0.051
808754400000,0.032
808758000000,0.007
808761600000,0.001
808765200000,0.0
808768800000,0.0
808772400000,0.0
808776000000,0.0
808779600000,0.0
808783200000,0.0
808786800000,0.0
808790400000,0.0
808794000000,0.0
808797600000,0.0
808801200000,0.0
808804800000,0.001
808808400000,0.011
808812000000,0.048
808815600000,0.12
808819200000,0.176
808822800000,0.179
808826400000,0.162
808830000000,0.17
808833600000,0.158
808837200000,0.164
808840800000,0.16
808844400000,0.174
808848000000,0.169
808851600000,0.155
808855200000,0.155
808858800000,0.152
808862400000,0.124
808866000000,0.088
808869600000,0.044
808873200000,0.017
808876800000,0.005
808880400000,0.001
808884000000,0.003
808887600000,0.012
808891200000,0.029
808894800000,0.039
808898400000,0.046
808902000000,0.052
808905600000,0.063
808909200000,0.101
808912800000,0.168
808916400000,0.183
808920000000,0.157
808923600000,0.101
808927200000,0.09
808930800000,0.067
808934400000,0.047
808938000000,0.043
808941600000,0.038
808945200000,0.033
808948800000,0.029
808952400000,0.026
808956000000,0.015
808959600000,0.005
808963200000,0.005
808966800000,0.007
808970400000,0.007
808974000000,0.006
808977600000,0.007
808981200000,0.013
808984800000,0.021
808988400000,0.028
808992000000,0.03
808995600000,0.019
808999200000,0.017
809002800000,0.014
809006400000,0.01
809010000000,0.005
809013600000,0.004
809017200000,0.004
809020800000,0.006
809024400000,0.011
809028000000,0.015
809031600000,0.015
809035200000,0.005
809038800000,0.003
809042400000,0.003
809046000000,0.007
809049600000,0.009
809053200000,0.006
809056800000,0.003
809060400000,0.001
809064000000,0.0
809067600000,0.0
809071200000,0.0
809074800000,0.0
809078400000,0.0
809082000000,0.002
809085600000,0.025
809089200000,0.043
809092800000,0.048
809096400000,0.049
809100000000,0.05
809103600000,0.043
809107200000,0.042
809110800000,0.049
809114400000,0.016
809118000000,0.0
809121600000,0.001
809125200000,0.0
809128800000,0.0
809132400000,0.0
809136000000,0.001
809139600000,0.001
809143200000,0.001
809146800000,0.0
809150400000,0.0
809154000000,0.001
809157600000,0.002
809161200000,0.003
809164800000,0.004
809168400000,0.009
809172000000,0.02
809175600000,0.025
809179200000,0.032
809182800000,0.036
809186400000,0.048
809190000000,0.056
809193600000,0.058
809197200000,0.059
809200800000,0.063
809204400000,0.064
809208000000,0.063
809211600000,0.054
809215200000,0.03
809218800000,0.022
809222400000,0.02
809226000000,0.008
809229600000,0.006
809233200000,0.02
809236800000,0.067
809240400000,0.12
809244000000,0.137
809247600000,0.124
809251200000,0.107
809254800000,0.135
809258400000,0.181
809262000000,0.214
809265600000,0.228
809269200000,0.254
809272800000,0.264
809276400000,0.282
809280000000,0.256
809283600000,0.22
809287200000,0.185
809290800000,0.162
809294400000,0.183
809298000000,0.198
809301600000,0.16
809305200000,0.124
809308800000,0.139
809312400000,0.132
809316000000,0.142
809319600000,0.162
809323200000,0.158
809326800000,0.141
809330400000,0.123
809334000000,0.113
809337600000,0.097
809341200000,0.087
809344800000,0.09
809348400000,0.089
809352000000,0.09
809355600000,0.093
809359200000,0.105
809362800000,0.106
809366400000,0.097
809370000000,0.077
809373600000,0.06
809377200000,0.048
809380800000,0.042
809384400000,0.037
809388000000,0.027
809391600000,0.017
809395200000,0.014
809398800000,0.013
809402400000,0.012
809406000000,0.011
809409600000,0.008
809413200000,0.008
809416800000,0.017
809420400000,0.03
809424000000,0.043
809427600000,0.068
809431200000,0.113
809434800000,0.141
809438400000,0.149
809442000000,0.139
809445600000,0.104
809449200000,0.096
809452800000,0.09
809456400000,0.053
809460000000,0.038
809463600000,0.059
809467200000,0.044
809470800000,0.019
809474400000,0.007
809478000000,0.004
809481600000,0.001
809485200000,0.0
809488800000,0.0
809492400000,0.0
809496000000,0.0
809499600000,0.002
809503200000,0.01
809506800000,0.029
809510400000,0.035
809514000000,0.025
809517600000,0.026
809521200000,0.019
809524800000,0.01
809528400000,0.009
809532000000,0.025
809535600000,0.064
809539200000,0.095
809542800000,0.097
809546400000,0.084
809550000000,0.074
809553600000,0.066
809557200000,0.062
809560800000,0.052
809564400000,0.041
809568000000,0.05
809571600000,0.057
809575200000,0.054
809578800000,0.064
809582400000,0.093
809586000000,0.121
809589600000,0.148
809593200000,0.16
809596800000,0.158
809600400000,0.142
809604000000,0.098
809607600000,0.058
809611200000,0.029
809614800000,0.018
809618400000,0.027
809622000000,0.06
809625600000,0.108
809629200000,0.145
809632800000,0.174
809636400000,0.175
809640000000,0.147
809643600000,0.134
809647200000,0.096
809650800000,0.072
809654400000,0.17
809658000000,0.188
809661600000,0.211
809665200000,0.211
809668800000,0.194
809672400000,0.164
809676000000,0.126
809679600000,0.135
809683200000,0.134
809686800000,0.093
809690400000,0.076
809694000000,0.05
809697600000,0.02
809701200000,0.005
809704800000,0.001
809708400000,0.006
809712000000,0.014
809715600000,0.016
809719200000,0.01
809722800000,0.008
809726400000,0.037
809730000000,0.102
809733600000,0.149
809737200000,0.13
809740800000,0.126
809744400000,0.133
809748000000,0.146
809751600000,0.146
809755200000,0.14
809758800000,0.133
809762400000,0.123
809766000000,0.117
809769600000,0.133
809773200000,0.168
809776800000,0.151
809780400000,0.147
809784000000,0.167
809787600000,0.21
809791200000,0.241
809794800000,0.26
809798400000,0.264
809802000000,0.257
809805600000,0.243
809809200000,0.233
809812800000,0.22
809816400000,0.226
809820000000,0.206
809823600000,0.206
809827200000,0.231
809830800000,0.261
809834400000,0.251
809838000000,0.192
809841600000,0.147
809845200000,0.151
809848800000,0.169
809852400000,0.162
809856000000,0.134
809859600000,0.149
809863200000,0.161
809866800000,0.142
809870400000,0.112
809874000000,0.093
809877600000,0.082
809881200000,0.068
809884800000,0.057
809888400000,0.051
809892000000,0.044
809895600000,0.036
809899200000,0.032
809902800000,0.035
809906400000,0.03
809910000000,0.027
809913600000,0.033
809917200000,0.039
809920800000,0.051
809924400000,0.063
809928000000,0.067
809931600000,0.072
809935200000,0.079
809938800000,0.081
809942400000,0.079
809946000000,0.104
809949600000,0.154
809953200000,0.172
809956800000,0.151
809960400000,0.116
809964000000,0.1
809967600000,0.074
809971200000,0.045
809974800000,0.028
809978400000,0.02
809982000000,0.018
809985600000,0.027
809989200000,0.042
809992800000,0.046
809996400000,0.106
810000000000,0.137
810003600000,0.167
810007200000,0.206
810010800000,0.236
810014400000,0.249
810018000000,0.234
810021600000,0.196
810025200000,0.145
810028800000,0.099
810032400000,0.078
810036000000,0.091
810039600000,0.094
810043200000,0.089
810046800000,0.072
810050400000,0.053
810054000000,0.044
810057600000,0.047
810061200000,0.053
810064800000,0.059
810068400000,0.069
810072000000,0.084
810075600000,0.099
810079200000,0.086
810082800000,0.057
810086400000,0.071
810090000000,0.065
810093600000,0.055
810097200000,0.057
810100800000,0.074
810104400000,0.092
810108000000,0.099
810111600000,0.092
810115200000,0.076
810118800000,0.078
810122400000,0.103
810126000000,0.122
810129600000,0.115
810133200000,0.09
810136800000,0.069
810140400000,0.052
810144000000,0.048
810147600000,0.051
810151200000,0.051
810154800000,0.051
810158400000,0.052
810162000000,0.056
810165600000,0.046
810169200000,0.016
810172800000,0.002
810176400000,0.0
810180000000,0.0
810183600000,0.001
810187200000,0.001
810190800000,0.006
810194400000,0.02
810198000000,0.036
810201600000,0.061
810205200000,0.107
810208800000,0.198
810212400000,0.295
810216000000,0.35
810219600000,0.41
810223200000,0.446
810226800000,0.358
810230400000,0.272
810234000000,0.227
810237600000,0.204
810241200000,0.176
810244800000,0.167
810248400000,0.157
810252000000,0.113
810255600000,0.093
810259200000,0.094
810262800000,0.086
810266400000,0.076
810270000000,0.077
810273600000,0.093
810277200000,0.105
810280800000,0.101
810284400000,0.084
810288000000,0.089
810291600000,0.137
810295200000,0.227
810298800000,0.331
810302400000,0.394
810306000000,0.41
810309600000,0.295
810313200000,0.238
810316800000,0.269
810320400000,0.251
810324000000,0.233
810327600000,0.227
810331200000,0.226
810334800000,0.222
810338400000,0.171
810342000000,0.175
810345600000,0.31
810349200000,0.32
810352800000,0.264
810356400000,0.213
810360000000,0.16
810363600000,0.118
810367200000,0.1
810370800000,0.103
810374400000,0.094
810378000000,0.106
810381600000,0.131
810385200000,0.135
810388800000,0.13
810392400000,0.136
810396000000,0.149
810399600000,0.153
810403200000,0.147
810406800000,0.141
810410400000,0.126
810414000000,0.099
810417600000,0.077
810421200000,0.054
810424800000,0.023
810428400000,0.003
810432000000,0.0
810435600000,0.0
810439200000,0.0
810442800000,0.001
810446400000,0.004
810450000000,0.014
810453600000,0.034
810457200000,0.048
810460800000,0.059
810464400000,0.075
810468000000,0.106
810471600000,0.118
810475200000,0.118
810478800000,0.102
810482400000,0.09
810486000000,0.089
810489600000,0.086
810493200000,0.076
810496800000,0.058
810500400000,0.045
810504000000,0.036
810507600000,0.019
810511200000,0.008
810514800000,0.022
810518400000,0.03
810522000000,0.039
810525600000,0.054
810529200000,0.067
810532800000,0.09
810536400000,0.138
810540000000,0.192
810543600000,0.221
810547200000,0.202
810550800000,0.182
810554400000,0.21
810558000000,0.201
810561600000,0.164
810565200000,0.118
810568800000,0.078
810572400000,0.049
810576000000,0.03
810579600000,0.019
810583200000,0.013
810586800000,0.01
810590400000,0.008
810594000000,0.005
810597600000,0.002
810601200000,0.017
810604800000,0.028
810608400000,0.02
810612000000,0.01
810615600000,0.006
810619200000,0.005
810622800000,0.007
810626400000,0.013
810630000000,0.025
810633600000,0.039
810637200000,0.055
810640800000,0.089
810644400000,0.112
810648000000,0.118
810651600000,0.118
810655200000,0.114
810658800000,0.095
810662400000,0.065
810666000000,0.039
810669600000,0.032
810673200000,0.034
810676800000,0.037
810680400000,0.031
810684000000,0.016
810687600000,0.017
810691200000,0.009
810694800000,0.005
810698400000,0.003
810702000000,0.004
810705600000,0.006
810709200000,0.009
810712800000,0.015
810716400000,0.023
810720000000,0.031
810723600000,0.049
810727200000,0.085
810730800000,0.094
810734400000,0.081
810738000000,0.058
810741600000,0.034
810745200000,0.01
810748800000,0.001
810752400000,0.0
810756000000,0.0
810759600000,0.001
810763200000,0.004
810766800000,0.014
810770400000,0.026
810774000000,0.051
810777600000,0.068
810781200000,0.058
810784800000,0.045
810788400000,0.036
810792000000,0.035
810795600000,0.041
810799200000,0.057
810802800000,0.077
810806400000,0.094
810810000000,0.136
810813600000,0.189
810817200000,0.206
810820800000,0.196
810824400000,0.18
810828000000,0.162
810831600000,0.138
810835200000,0.096
810838800000,0.063
810842400000,0.044
810846000000,0.045
810849600000,0.059
810853200000,0.058
810856800000,0.041
810860400000,0.032
810864000000,0.087
810867600000,0.104
810871200000,0.091
810874800000,0.098
810878400000,0.12
810882000000,0.143
810885600000,0.134
810889200000,0.111
810892800000,0.095
810896400000,0.116
810900000000,0.155
810903600000,0.168
810907200000,0.182
810910800000,0.192
810914400000,0.18
810918000000,0.157
810921600000,0.145
810925200000,0.131
810928800000,0.119
810932400000,0.112
810936000000,0.116
810939600000,0.101
810943200000,0.089
810946800000,0.067
810950400000,0.125
810954000000,0.155
810957600000,0.167
810961200000,0.227
810964800000,0.27
810968400000,0.274
810972000000,0.23
810975600000,0.185
810979200000,0.148
810982800000,0.158
810986400000,0.213
810990000000,0.27
810993600000,0.314
810997200000,0.367
811000800000,0.368
811004400000,0.285
811008000000,0.261
811011600000,0.234
811015200000,0.217
811018800000,0.219
811022400000,0.208
811026000000,0.169
811029600000,0.112
811033200000,0.084
811036800000,0.137
811040400000,0.189
811044000000,0.195
811047600000,0.141
811051200000,0.072
811054800000,0.05
811058400000,0.043
811062000000,0.033
811065600000,0.039
811069200000,0.053
811072800000,0.067
811076400000,0.068
811080000000,0.057
811083600000,0.027
811087200000,0.006
811090800000,0.001
811094400000,0.001
811098000000,0.002
811101600000,0.005
811105200000,0.012
811108800000,0.028
811112400000,0.032
811116000000,0.03
811119600000,0.028
811123200000,0.045
811126800000,0.042
811130400000,0.041
811134000000,0.046
811137600000,0.035
811141200000,0.02
811144800000,0.008
811148400000,0.014
811152000000,0.019
811155600000,0.03
811159200000,0.076
811162800000,0.118
811166400000,0.117
811170000000,0.088
811173600000,0.059
811177200000,0.031
811180800000,0.016
811184400000,0.01
811188000000,0.007
811191600000,0.002
811195200000,0.0
811198800000,0.0
811202400000,0.001
811206000000,0.004
811209600000,0.014
811213200000,0.022
811216800000,0.024
811220400000,0.017
811224000000,0.008
811227600000,0.003
811231200000,0.002
811234800000,0.004
811238400000,0.008
811242000000,0.025
811245600000,0.07
811249200000,0.096
811252800000,0.086
811256400000,0.055
811260000000,0.027
811263600000,0.016
811267200000,0.011
811270800000,0.008
811274400000,0.008
811278000000,0.008
811281600000,0.007
811285200000,0.008
811288800000,0.009
811292400000,0.006
811296000000,0.004
811299600000,0.001
811303200000,0.0
811306800000,0.0
811310400000,0.0
811314000000,0.001
811317600000,0.005
811321200000,0.011
811324800000,0.015
811328400000,0.028
811332000000,0.046
811335600000,0.044
811339200000,0.024
811342800000,0.006
811346400000,0.004
811350000000,0.041
811353600000,0.108
811357200000,0.14
811360800000,0.137
811364400000,0.1
811368000000,0.077
811371600000,0.063
811375200000,0.038
811378800000,0.023
811382400000,0.027
811386000000,0.018
811389600000,0.011
811393200000,0.008
811396800000,0.008
811400400000,0.01
811404000000,0.014
811407600000,0.019
811411200000,0.022
811414800000,0.034
811418400000,0.053
811422000000,0.05
811425600000,0.043
811429200000,0.033
811432800000,0.022
811436400000,0.012
811440000000,0.006
811443600000,0.003
811447200000,0.002
811450800000,0.002
811454400000,0.002
811458000000,0.001
811461600000,0.001
811465200000,0.003
811468800000,0.004
811472400000,0.003
811476000000,0.004
811479600000,0.004
811483200000,0.006
811486800000,0.01
811490400000,0.017
811494000000,0.027
811497600000,0.035
811501200000,0.041
811504800000,0.046
811508400000,0.039
811512000000,0.026
811515600000,0.017
811519200000,0.012
811522800000,0.007
811526400000,0.006
811530000000,0.005
811533600000,0.007
811537200000,0.009
811540800000,0.013
811544400000,0.023
811548000000,0.029
811551600000,0.03
811555200000,0.047
811558800000,0.062
811562400000,0.067
811566000000,0.059
811569600000,0.045
811573200000,0.033
811576800000,0.028
811580400000,0.035
811584000000,0.049
811587600000,0.087
811591200000,0.117
811594800000,0.14
811598400000,0.175
811602000000,0.178
811605600000,0.192
811609200000,0.2
811612800000,0.201
811616400000,0.201
811620000000,0.185
811623600000,0.155
811627200000,0.133
811630800000,0.126
811634400000,0.112
811638000000,0.11
811641600000,0.162
811645200000,0.214
811648800000,0.273
811652400000,0.323
811656000000,0.344
811659600000,0.346
811663200000,0.347
811666800000,0.364
811670400000,0.366
811674000000,0.352
811677600000,0.376
811681200000,0.379
811684800000,0.365
811688400000,0.353
811692000000,0.354
811695600000,0.368
811699200000,0.379
811702800000,0.383
811706400000,0.376
811710000000,0.355
811713600000,0.345
811717200000,0.349
811720800000,0.304
811724400000,0.208
811728000000,0.217
811731600000,0.211
811735200000,0.18
811738800000,0.153
811742400000,0.142
811746000000,0.126
811749600000,0.106
811753200000,0.088
811756800000,0.081
811760400000,0.076
811764000000,0.07
811767600000,0.051
811771200000,0.07
811774800000,0.082
811778400000,0.086
811782000000,0.074
811785600000,0.054
811789200000,0.039
811792800000,0.028
811796400000,0.016
811800000000,0.008
811803600000,0.008
811807200000,0.006
811810800000,0.001
811814400000,0.0
811818000000,0.001
811821600000,0.006
811825200000,0.028
811828800000,0.066
811832400000,0.11
811836000000,0.15
811839600000,0.17
811843200000,0.157
811846800000,0.149
811850400000,0.142
811854000000,0.132
811857600000,0.128
811861200000,0.125
811864800000,0.112
811868400000,0.111
811872000000,0.09
811875600000,0.089
811879200000,0.092
811882800000,0.069
811886400000,0.035
811890000000,0.013
811893600000,0.003
811897200000,0.0
811900800000,0.0
811904400000,0.0
811908000000,0.001
811911600000,0.004
811915200000,0.011
811918800000,0.02
811922400000,0.029
811926000000,0.039
811929600000,0.059
811933200000,0.078
811936800000,0.112
811940400000,0.119
811944000000,0.105
811947600000,0.091
811951200000,0.072
811954800000,0.066
811958400000,0.061
811962000000,0.047
811965600000,0.03
811969200000,0.017
811972800000,0.008
811976400000,0.005
811980000000,0.003
811983600000,0.001
811987200000,0.004
811990800000,0.014
811994400000,0.029
811998000000,0.036
812001600000,0.035
812005200000,0.031
812008800000,0.03
812012400000,0.033
812016000000,0.038
812019600000,0.055
812023200000,0.086
812026800000,0.094
812030400000,0.09
812034000000,0.073
812037600000,0.058
812041200000,0.056
812044800000,0.058
812048400000,0.066
812052000000,0.081
812055600000,0.093
812059200000,0.089
812062800000,0.084
812066400000,0.067
812070000000,0.144
812073600000,0.183
812077200000,0.198
812080800000,0.225
812084400000,0.255
812088000000,0.283
812091600000,0.302
812095200000,0.312
812098800000,0.284
812102400000,0.212
812106000000,0.17
812109600000,0.199
812113200000,0.181
812116800000,0.148
812120400000,0.119
812124000000,0.1
812127600000,0.071
812131200000,0.047
812134800000,0.036
812138400000,0.038
812142000000,0.041
812145600000,0.049
812149200000,0.047
812152800000,0.04
812156400000,0.05
812160000000,0.076
812163600000,0.058
812167200000,0.039
812170800000,0.039
812174400000,0.045
812178000000,0.055
812181600000,0.072
812185200000,0.094
812188800000,0.112
812192400000,0.138
812196000000,0.169
812199600000,0.153
812203200000,0.124
812206800000,0.089
812210400000,0.06
812214000000,0.039
812217600000,0.034
812221200000,0.027
812224800000,0.025
812228400000,0.024
812232000000,0.019
812235600000,0.012
812239200000,0.004
812242800000,0.026
812246400000,0.045
812250000000,0.021
812253600000,0.014
812257200000,0.018
812260800000,0.03
812264400000,0.046
812268000000,0.067
812271600000,0.087
812275200000,0.104
812278800000,0.126
812282400000,0.176
812286000000,0.193
812289600000,0.179
812293200000,0.143
812296800000,0.103
812300400000,0.058
812304000000,0.037
812307600000,0.029
812311200000,0.019
812314800000,0.011
812318400000,0.009
812322000000,0.02
812325600000,0.025
812329200000,0.062
812332800000,0.125
812336400000,0.17
812340000000,0.221
812343600000,0.262
812347200000,0.297
812350800000,0.332
812354400000,0.352
812358000000,0.334
812361600000,0.233
812365200000,0.178
812368800000,0.197
812372400000,0.201
812376000000,0.204
812379600000,0.236
812383200000,0.244
812386800000,0.241
812390400000,0.265
812394000000,0.302
812397600000,0.327
812401200000,0.358
812404800000,0.379
812408400000,0.433
812412000000,0.465
812415600000,0.442
812419200000,0.649
812422800000,0.817
812426400000,0.87
812430000000,0.857
812433600000,0.806
812437200000,0.692
812440800000,0.539
812444400000,0.45
812448000000,0.494
812451600000,0.603
812455200000,0.702
812458800000,0.8
812462400000,0.853
812466000000,0.87
812469600000,0.885
812473200000,0.914
812476800000,0.929
812480400000,0.932
812484000000,0.942
812487600000,0.96
812491200000,0.979
812494800000,0.989
812498400000,0.991
812502000000,0.991
812505600000,0.99
812509200000,0.981
812512800000,0.97
812516400000,0.938
812520000000,0.894
812523600000,0.87
812527200000,0.858
812530800000,0.838
812534400000,0.806
812538000000,0.765
812541600000,0.696
812545200000,0.633
812548800000,0.532
812552400000,0.45
812556000000,0.468
812559600000,0.427
812563200000,0.387
812566800000,0.339
812570400000,0.376
812574000000,0.46
812577600000,0.55
812581200000,0.555
812584800000,0.501
812588400000,0.399
812592000000,0.325
812595600000,0.355
812599200000,0.367
812602800000,0.345
812606400000,0.309
812610000000,0.265
812613600000,0.213
812617200000,0.147
812620800000,0.083
812624400000,0.057
812628000000,0.069
812631600000,0.068
812635200000,0.059
812638800000,0.041
812642400000,0.022
812646000000,0.011
812649600000,0.005
812653200000,0.003
812656800000,0.004
812660400000,0.004
812664000000,0.005
812667600000,0.008
812671200000,0.011
812674800000,0.021
812678400000,0.047
812682000000,0.064
812685600000,0.085
812689200000,0.113
812692800000,0.139
812696400000,0.167
812700000000,0.186
812703600000,0.169
812707200000,0.131
812710800000,0.118
812714400000,0.126
812718000000,0.126
812721600000,0.101
812725200000,0.065
812728800000,0.046
812732400000,0.041
812736000000,0.044
812739600000,0.054
812743200000,0.068
812746800000,0.071
812750400000,0.069
812754000000,0.07
812757600000,0.058
812761200000,0.071
812764800000,0.15
812768400000,0.264
812772000000,0.332
812775600000,0.321
812779200000,0.272
812782800000,0.204
812786400000,0.153
812790000000,0.111
812793600000,0.066
812797200000,0.044
812800800000,0.034
812804400000,0.019
812808000000,0.007
812811600000,0.002
812815200000,0.001
812818800000,0.005
812822400000,0.021
812826000000,0.05
812829600000,0.105
812833200000,0.201
812836800000,0.325
812840400000,0.343
812844000000,0.281
812847600000,0.214
812851200000,0.274
812854800000,0.258
812858400000,0.21
812862000000,0.192
812865600000,0.202
812869200000,0.201
812872800000,0.184
812876400000,0.162
812880000000,0.148
812883600000,0.151
812887200000,0.173
812890800000,0.17
812894400000,0.157
812898000000,0.154
812901600000,0.147
812905200000,0.132
812908800000,0.108
812912400000,0.08
812916000000,0.065
812919600000,0.054
812923200000,0.049
812926800000,0.047
812930400000,0.038
812934000000,0.032
812937600000,0.099
812941200000,0.144
812944800000,0.161
812948400000,0.187
812952000000,0.212
812955600000,0.219
812959200000,0.201
812962800000,0.153
812966400000,0.115
812970000000,0.112
812973600000,0.195
812977200000,0.305
812980800000,0.413
812984400000,0.397
812988000000,0.319
812991600000,0.236
812995200000,0.184
812998800000,0.176
813002400000,0.192
813006000000,0.206
813009600000,0.209
813013200000,0.161
813016800000,0.115
813020400000,0.103
813024000000,0.21
813027600000,0.234
813031200000,0.302
813034800000,0.429
813038400000,0.489
813042000000,0.486
813045600000,0.379
813049200000,0.247
813052800000,0.146
813056400000,0.105
813060000000,0.097
813063600000,0.126
813067200000,0.177
813070800000,0.224
813074400000,0.256
813078000000,0.248
813081600000,0.22
813085200000,0.242
813088800000,0.296
813092400000,0.32
813096000000,0.296
813099600000,0.263
813103200000,0.201
813106800000,0.159
813110400000,0.367
813114000000,0.611
813117600000,0.684
813121200000,0.607
813124800000,0.472
813128400000,0.362
813132000000,0.277
813135600000,0.216
813139200000,0.228
813142800000,0.354
813146400000,0.479
813150000000,0.459
813153600000,0.413
813157200000,0.411
813160800000,0.571
813164400000,0.626
813168000000,0.613
813171600000,0.525
813175200000,0.414
813178800000,0.288
813182400000,0.208
813186000000,0.157
813189600000,0.114
813193200000,0.091
813196800000,0.13
813200400000,0.158
813204000000,0.189
813207600000,0.233
813211200000,0.292
813214800000,0.341
813218400000,0.346
813222000000,0.307
813225600000,0.245
813229200000,0.259
813232800000,0.286
813236400000,0.291
813240000000,0.281
813243600000,0.266
813247200000,0.251
813250800000,0.203
813254400000,0.18
813258000000,0.148
813261600000,0.128
813265200000,0.112
813268800000,0.097
813272400000,0.085
813276000000,0.074
813279600000,0.095
813283200000,0.127
813286800000,0.122
813290400000,0.109
813294000000,0.098
813297600000,0.094
813301200000,0.087
813304800000,0.076
813308400000,0.061
813312000000,0.053
813315600000,0.038
813319200000,0.033
813322800000,0.037
813326400000,0.053
813330000000,0.07
813333600000,0.105
813337200000,0.126
813340800000,0.115
813344400000,0.097
813348000000,0.07
813351600000,0.045
813355200000,0.025
813358800000,0.016
813362400000,0.012
813366000000,0.03
813369600000,0.074
813373200000,0.091
813376800000,0.109
813380400000,0.117
813384000000,0.111
813387600000,0.095
813391200000,0.079
813394800000,0.07
813398400000,0.062
813402000000,0.058
813405600000,0.061
813409200000,0.08
813412800000,0.095
813416400000,0.1
813420000000,0.104
813423600000,0.106
813427200000,0.111
813430800000,0.1
813434400000,0.088
813438000000,0.084
813441600000,0.078
813445200000,0.065
813448800000,0.047
813452400000,0.03
813456000000,0.058
813459600000,0.07
813463200000,0.084
813466800000,0.099
813470400000,0.116
813474000000,0.149
813477600000,0.203
813481200000,0.253
813484800000,0.226
813488400000,0.202
813492000000,0.212
813495600000,0.164
813499200000,0.118
813502800000,0.094
813506400000,0.089
813510000000,0.09
813513600000,0.094
813517200000,0.104
813520800000,0.116
813524400000,0.123
813528000000,0.132
813531600000,0.124
813535200000,0.088
813538800000,0.069
813542400000,0.104
813546000000,0.112
813549600000,0.107
813553200000,0.11
813556800000,0.115
813560400000,0.114
813564000000,0.113
813567600000,0.117
813571200000,0.125
813574800000,0.178
813578400000,0.241
813582000000,0.252
813585600000,0.227
813589200000,0.179
813592800000,0.153
813596400000,0.141
813600000000,0.112
813603600000,0.093
813607200000,0.089
813610800000,0.08
813614400000,0.062
813618000000,0.049
813621600000,0.031
813625200000,0.03
813628800000,0.058
813632400000,0.047
813636000000,0.035
813639600000,0.024
813643200000,0.018
813646800000,0.016
813650400000,0.016
813654000000,0.021
813657600000,0.03
813661200000,0.054
813664800000,0.094
813668400000,0.106
813672000000,0.1
813675600000,0.08
813679200000,0.064
813682800000,0.047
813686400000,0.038
813690000000,0.039
813693600000,0.038
813697200000,0.033
813700800000,0.024
813704400000,0.021
813708000000,0.023
813711600000,0.011
813715200000,0.019
813718800000,0.023
813722400000,0.019
813726000000,0.013
813729600000,0.011
813733200000,0.01
813736800000,0.009
813740400000,0.014
813744000000,0.032
813747600000,0.073
813751200000,0.112
813754800000,0.103
813758400000,0.101
813762000000,0.086
813765600000,0.088
813769200000,0.112
813772800000,0.134
813776400000,0.137
813780000000,0.125
813783600000,0.124
813787200000,0.104
813790800000,0.099
813794400000,0.078
813798000000,0.087
813801600000,0.158
813805200000,0.192
813808800000,0.212
813812400000,0.225
813816000000,0.243
813819600000,0.267
813823200000,0.289
813826800000,0.277
813830400000,0.227
813834000000,0.245
813837600000,0.285
813841200000,0.265
813844800000,0.234
813848400000,0.182
813852000000,0.172
813855600000,0.161
813859200000,0.157
813862800000,0.159
813866400000,0.171
813870000000,0.175
813873600000,0.186
813877200000,0.183
813880800000,0.137
813884400000,0.106
813888000000,0.195
813891600000,0.241
813895200000,0.264
813898800000,0.286
813902400000,0.326
813906000000,0.36
813909600000,0.378
813913200000,0.368
813916800000,0.296
813920400000,0.28
813924000000,0.287
813927600000,0.221
813931200000,0.22
813934800000,0.186
813938400000,0.187
813942000000,0.21
813945600000,0.246
813949200000,0.24
813952800000,0.156
813956400000,0.123
813960000000,0.089
813963600000,0.089
813967200000,0.084
813970800000,0.073
813974400000,0.155
813978000000,0.202
813981600000,0.238
813985200000,0.276
813988800000,0.317
813992400000,0.364
813996000000,0.396
813999600000,0.358
814003200000,0.286
814006800000,0.245
814010400000,0.243
814014000000,0.211
814017600000,0.182
814021200000,0.167
814024800000,0.165
814028400000,0.175
814032000000,0.176
814035600000,0.177
814039200000,0.173
814042800000,0.149
814046400000,0.124
814050000000,0.101
814053600000,0.071
814057200000,0.054
814060800000,0.089
814064400000,0.083
814068000000,0.077
814071600000,0.08
814075200000,0.094
814078800000,0.116
814082400000,0.144
814086000000,0.173
814089600000,0.177
814093200000,0.18
814096800000,0.196
814100400000,0.159
814104000000,0.113
814107600000,0.074
814111200000,0.06
814114800000,0.052
814118400000,0.045
814122000000,0.044
814125600000,0.048
814129200000,0.053
814132800000,0.055
814136400000,0.055
814140000000,0.044
814143600000,0.028
814147200000,0.046
814150800000,0.049
814154400000,0.047
814158000000,0.056
814161600000,0.082
814165200000,0.121
814168800000,0.152
814172400000,0.162
814176000000,0.152
814179600000,0.154
814183200000,0.157
814186800000,0.138
814190400000,0.101
814194000000,0.069
814197600000,0.045
814201200000,0.03
814204800000,0.017
814208400000,0.005
814212000000,0.001
814215600000,0.001
814219200000,0.002
814222800000,0.006
814226400000,0.012
814230000000,0.01
814233600000,0.022
814237200000,0.034
814240800000,0.045
814244400000,0.056
814248000000,0.074
814251600000,0.096
814255200000,0.127
814258800000,0.165
814262400000,0.166
814266000000,0.19
814269600000,0.22
814273200000,0.203
814276800000,0.162
814280400000,0.136
814284000000,0.104
814287600000,0.074
814291200000,0.052
814294800000,0.039
814298400000,0.037
814302000000,0.042
814305600000,0.051
814309200000,0.06
814312800000,0.06
814316400000,0.063
814320000000,0.101
814323600000,0.102
814327200000,0.103
814330800000,0.118
814334400000,0.143
814338000000,0.162
814341600000,0.178
814345200000,0.191
814348800000,0.19
814352400000,0.212
814356000000,0.22
814359600000,0.193
814363200000,0.181
814366800000,0.177
814370400000,0.155
814374000000,0.133
814377600000,0.146
814381200000,0.171
814384800000,0.212
814388400000,0.282
814392000000,0.291
814395600000,0.285
814399200000,0.262
814402800000,0.236
814406400000,0.488
814410000000,0.602
814413600000,0.657
814417200000,0.724
814420800000,0.758
814424400000,0.748
814428000000,0.718
814431600000,0.661
814435200000,0.637
814438800000,0.637
814442400000,0.607
814446000000,0.605
814449600000,0.599
814453200000,0.591
814456800000,0.603
814460400000,0.635
814464000000,0.658
814467600000,0.675
814471200000,0.691
814474800000,0.684
814478400000,0.68
814482000000,0.65
814485600000,0.655
814489200000,0.652
814492800000,0.622
814496400000,0.615
814500000000,0.634
814503600000,0.602
814507200000,0.564
814510800000,0.559
814514400000,0.501
814518000000,0.532
814521600000,0.55
814525200000,0.565
814528800000,0.498
814532400000,0.502
814536000000,0.514
814539600000,0.515
814543200000,0.525
814546800000,0.538
814550400000,0.552
814554000000,0.562
814557600000,0.635
814561200000,0.688
814564800000,0.727
814568400000,0.7
814572000000,0.605
814575600000,0.504
814579200000,0.481
814582800000,0.516
814586400000,0.54
814590000000,0.516
814593600000,0.476
814597200000,0.449
814600800000,0.413
814604400000,0.379
814608000000,0.391
814611600000,0.436
814615200000,0.411
814618800000,0.394
814622400000,0.374
814626000000,0.328
814629600000,0.272
814633200000,0.246
814636800000,0.245
814640400000,0.274
814644000000,0.255
814647600000,0.266
814651200000,0.276
814654800000,0.289
814658400000,0.255
814662000000,0.158
814665600000,0.236
814669200000,0.289
814672800000,0.278
814676400000,0.279
814680000000,0.289
814683600000,0.302
814687200000,0.302
814690800000,0.281
814694400000,0.212
814698000000,0.194
814701600000,0.239
814705200000,0.227
814708800000,0.236
814712400000,0.231
814716000000,0.209
814719600000,0.183
814723200000,0.199
814726800000,0.22
814730400000,0.219
814734000000,0.185
814737600000,0.148
814741200000,0.124
814744800000,0.104
814748400000,0.082
814752000000,0.135
814755600000,0.176
814759200000,0.201
814762800000,0.236
814766400000,0.267
814770000000,0.278
814773600000,0.279
814777200000,0.245
814780800000,0.195
814784400000,0.197
814788000000,0.259
814791600000,0.27
814795200000,0.308
814798800000,0.315
814802400000,0.311
814806000000,0.329
814809600000,0.328
814813200000,0.352
814816800000,0.351
814820400000,0.387
814824000000,0.379
814827600000,0.38
814831200000,0.346
814834800000,0.28
814838400000,0.447
814842000000,0.51
814845600000,0.513
814849200000,0.516
814852800000,0.532
814856400000,0.556
814860000000,0.568
814863600000,0.525
814867200000,0.416
814870800000,0.397
814874400000,0.398
814878000000,0.379
814881600000,0.38
814885200000,0.364
814888800000,0.386
814892400000,0.431
814896000000,0.459
814899600000,0.491
814903200000,0.45
814906800000,0.407
814910400000,0.381
814914000000,0.345
814917600000,0.326
814921200000,0.265
814924800000,0.432
814928400000,0.552
814932000000,0.568
814935600000,0.55
814939200000,0.538
814942800000,0.544
814946400000,0.571
814950000000,0.559
814953600000,0.429
814957200000,0.32
814960800000,0.276
814964400000,0.245
814968000000,0.276
814971600000,0.281
814975200000,0.272
814978800000,0.238
814982400000,0.227
814986000000,0.22
814989600000,0.217
814993200000,0.205
814996800000,0.202
815000400000,0.19
815004000000,0.186
815007600000,0.137
815011200000,0.104
815014800000,0.149
815018400000,0.165
815022000000,0.158
815025600000,0.153
815029200000,0.144
815032800000,0.134
815036400000,0.125
815040000000,0.106
815043600000,0.128
815047200000,0.155
815050800000,0.157
815054400000,0.149
815058000000,0.128
815061600000,0.111
815065200000,0.087
815068800000,0.068
815072400000,0.054
815076000000,0.04
815079600000,0.031
815083200000,0.027
815086800000,0.04
815090400000,0.053
815094000000,0.037
815097600000,0.057
815101200000,0.083
815104800000,0.09
815108400000,0.087
815112000000,0.082
815115600000,0.078
815119200000,0.073
815122800000,0.073
815126400000,0.073
815130000000,0.1
815133600000,0.131
815137200000,0.154
815140800000,0.145
815144400000,0.128
815148000000,0.129
815151600000,0.119
815155200000,0.128
815158800000,0.167
815162400000,0.22
815166000000,0.262
815169600000,0.289
815173200000,0.32
815176800000,0.334
815180400000,0.323
815184000000,0.427
815187600000,0.618
815191200000,0.755
815194800000,0.821
815198400000,0.841
815202000000,0.849
815205600000,0.848
815209200000,0.805
815212800000,0.728
815216400000,0.707
815220000000,0.739
815223600000,0.758
815227200000,0.78
815230800000,0.791
815234400000,0.788
815238000000,0.772
815241600000,0.748
815245200000,0.721
815248800000,0.706
815252400000,0.71
815256000000,0.715
815259600000,0.725
815263200000,0.711
815266800000,0.711
815270400000,0.845
815274000000,0.943
815277600000,0.973
815281200000,0.978
815284800000,0.978
815288400000,0.973
815292000000,0.963
815295600000,0.938
815299200000,0.883
815302800000,0.889
815306400000,0.921
815310000000,0.942
815313600000,0.956
815317200000,0.969
815320800000,0.98
815324400000,0.987
815328000000,0.989
815331600000,0.99
815335200000,0.991
815338800000,0.991
815342400000,0.991
815346000000,0.991
815349600000,0.991
815353200000,0.985
815356800000,0.979
815360400000,0.952
815364000000,0.88
815367600000,0.796
815371200000,0.882
815374800000,0.94
815378400000,0.97
815382000000,0.985
815385600000,0.991
815389200000,0.991
815392800000,0.989
815396400000,0.985
815400000000,0.979
815403600000,0.969
815407200000,0.95
815410800000,0.906
815414400000,0.856
815418000000,0.802
815421600000,0.772
815425200000,0.727
815428800000,0.692
815432400000,0.683
815436000000,0.651
815439600000,0.582
815443200000,0.549
815446800000,0.58
815450400000,0.613
815454000000,0.623
815457600000,0.635
815461200000,0.619
815464800000,0.583
815468400000,0.518
815472000000,0.422
815475600000,0.446
815479200000,0.447
815482800000,0.454
815486400000,0.468
815490000000,0.447
815493600000,0.432
815497200000,0.435
815500800000,0.413
815504400000,0.389
815508000000,0.297
815511600000,0.281
815515200000,0.241
815518800000,0.225
815522400000,0.212
815526000000,0.168
815529600000,0.178
815533200000,0.295
815536800000,0.345
815540400000,0.341
815544000000,0.311
815547600000,0.276
815551200000,0.238
815554800000,0.194
815558400000,0.122
815562000000,0.112
815565600000,0.118
815569200000,0.102
815572800000,0.081
815576400000,0.054
815580000000,0.035
815583600000,0.026
815587200000,0.028
815590800000,0.034
815594400000,0.033
815598000000,0.032
815601600000,0.039
815605200000,0.041
815608800000,0.039
815612400000,0.03
815616000000,0.054
815619600000,0.079
815623200000,0.082
815626800000,0.084
815630400000,0.099
815634000000,0.114
815637600000,0.123
815641200000,0.115
815644800000,0.1
815648400000,0.106
815652000000,0.12
815655600000,0.104
815659200000,0.08
815662800000,0.057
815666400000,0.027
815670000000,0.007
815673600000,0.001
815677200000,0.0
815680800000,0.0
815684400000,0.001
815688000000,0.003
815691600000,0.009
815695200000,0.018
815698800000,0.017
815702400000,0.046
815706000000,0.058
815709600000,0.058
815713200000,0.061
815716800000,0.061
815720400000,0.06
815724000000,0.057
815727600000,0.051
815731200000,0.054
815734800000,0.078
815738400000,0.109
815742000000,0.125
815745600000,0.132
815749200000,0.136
815752800000,0.138
815756400000,0.133
815760000000,0.118
815763600000,0.132
815767200000,0.154
815770800000,0.176
815774400000,0.213
815778000000,0.248
815781600000,0.257
815785200000,0.199
815788800000,0.233
815792400000,0.32
815796000000,0.367
815799600000,0.379
815803200000,0.388
815806800000,0.368
815810400000,0.319
815814000000,0.253
815817600000,0.207
815821200000,0.285
815824800000,0.353
815828400000,0.37
815832000000,0.393
815835600000,0.417
815839200000,0.416
815842800000,0.396
815846400000,0.367
815850000000,0.325
815853600000,0.289
815857200000,0.272
815860800000,0.27
815864400000,0.27
815868000000,0.242
815871600000,0.185
815875200000,0.324
815878800000,0.433
815882400000,0.479
815886000000,0.516
815889600000,0.56
815893200000,0.577
815896800000,0.556
815900400000,0.488
815904000000,0.383
815907600000,0.386
815911200000,0.416
815914800000,0.431
815918400000,0.432
815922000000,0.38
815925600000,0.332
815929200000,0.328
815932800000,0.277
815936400000,0.252
815940000000,0.241
815943600000,0.215
815947200000,0.165
815950800000,0.155
815954400000,0.149
815958000000,0.079
815961600000,0.073
815965200000,0.096
815968800000,0.105
815972400000,0.119
815976000000,0.141
815979600000,0.166
815983200000,0.171
815986800000,0.154
815990400000,0.13
815994000000,0.157
815997600000,0.165
816001200000,0.121
816004800000,0.079
816008400000,0.03
816012000000,0.005
816015600000,0.002
816019200000,0.001
816022800000,0.0
816026400000,0.0
816030000000,0.0
816033600000,0.0
816037200000,0.002
816040800000,0.006
816044400000,0.021
816048000000,0.066
816051600000,0.113
816055200000,0.172
816058800000,0.233
816062400000,0.302
816066000000,0.367
816069600000,0.404
816073200000,0.386
816076800000,0.317
816080400000,0.302
816084000000,0.253
816087600000,0.175
816091200000,0.185
816094800000,0.178
816098400000,0.177
816102000000,0.167
816105600000,0.154
816109200000,0.142
816112800000,0.114
816116400000,0.097
816120000000,0.085
816123600000,0.083
816127200000,0.069
816130800000,0.059
816134400000,0.079
816138000000,0.072
816141600000,0.068
816145200000,0.085
816148800000,0.121
816152400000,0.164
816156000000,0.211
816159600000,0.233
816163200000,0.179
816166800000,0.172
816170400000,0.175
816174000000,0.157
816177600000,0.126
816181200000,0.112
816184800000,0.101
816188400000,0.097
816192000000,0.102
816195600000,0.107
816199200000,0.12
816202800000,0.142
816206400000,0.167
816210000000,0.156
816213600000,0.136
816217200000,0.089
816220800000,0.161
816224400000,0.148
816228000000,0.121
816231600000,0.117
816235200000,0.124
816238800000,0.135
816242400000,0.147
816246000000,0.155
816249600000,0.141
816253200000,0.159
816256800000,0.169
816260400000,0.137
816264000000,0.103
816267600000,0.057
816271200000,0.009
816274800000,0.0
816278400000,0.0
816282000000,0.0
816285600000,0.0
816289200000,0.0
816292800000,0.0
816296400000,0.0
816300000000,0.0
816303600000,0.0
816307200000,0.001
816310800000,0.003
816314400000,0.005
816318000000,0.008
816321600000,0.016
816325200000,0.027
816328800000,0.044
816332400000,0.062
816336000000,0.078
816339600000,0.093
816343200000,0.103
816346800000,0.118
816350400000,0.131
816354000000,0.135
816357600000,0.151
816361200000,0.168
816364800000,0.192
816368400000,0.187
816372000000,0.183
816375600000,0.245
816379200000,0.284
816382800000,0.254
816386400000,0.268
816390000000,0.252
816393600000,0.174
816397200000,0.149
816400800000,0.182
816404400000,0.181
816408000000,0.19
816411600000,0.167
816415200000,0.131
816418800000,0.094
816422400000,0.102
816426000000,0.158
816429600000,0.179
816433200000,0.157
816436800000,0.157
816440400000,0.17
816444000000,0.179
816447600000,0.155
816451200000,0.146
816454800000,0.132
816458400000,0.124
816462000000,0.113
816465600000,0.104
816469200000,0.101
816472800000,0.086
816476400000,0.055
816480000000,0.072
816483600000,0.101
816487200000,0.084
816490800000,0.076
816494400000,0.077
816498000000,0.086
816501600000,0.107
816505200000,0.118
816508800000,0.093
816512400000,0.105
816516000000,0.125
816519600000,0.142
816523200000,0.128
816526800000,0.118
816530400000,0.13
816534000000,0.134
816537600000,0.117
816541200000,0.123
816544800000,0.153
816548400000,0.188
816552000000,0.219
816555600000,0.209
816559200000,0.17
816562800000,0.102
816566400000,0.15
816570000000,0.182
816573600000,0.188
816577200000,0.211
816580800000,0.251
816584400000,0.287
816588000000,0.327
816591600000,0.341
816595200000,0.254
816598800000,0.264
816602400000,0.312
816606000000,0.31
816609600000,0.358
816613200000,0.37
816616800000,0.367
816620400000,0.355
816624000000,0.332
816627600000,0.32
816631200000,0.325
816634800000,0.332
816638400000,0.355
816642000000,0.391
816645600000,0.381
816649200000,0.339
816652800000,0.525
816656400000,0.686
816660000000,0.731
816663600000,0.741
816667200000,0.746
816670800000,0.737
816674400000,0.707
816678000000,0.614
816681600000,0.488
816685200000,0.488
816688800000,0.491
816692400000,0.485
816696000000,0.477
816699600000,0.446
816703200000,0.435
816706800000,0.379
816710400000,0.346
816714000000,0.327
816717600000,0.315
816721200000,0.307
816724800000,0.328
816728400000,0.331
816732000000,0.332
816735600000,0.241
816739200000,0.41
816742800000,0.576
816746400000,0.606
816750000000,0.607
816753600000,0.588
816757200000,0.547
816760800000,0.5
816764400000,0.409
816768000000,0.266
816771600000,0.258
816775200000,0.312
816778800000,0.333
816782400000,0.361
816786000000,0.367
816789600000,0.382
816793200000,0.378
816796800000,0.35
816800400000,0.341
816804000000,0.317
816807600000,0.3
816811200000,0.307
816814800000,0.338
816818400000,0.347
816822000000,0.267
816825600000,0.395
816829200000,0.561
816832800000,0.618
816836400000,0.618
816840000000,0.618
816843600000,0.615
816847200000,0.599
816850800000,0.522
816854400000,0.397
816858000000,0.388
816861600000,0.391
816865200000,0.382
816868800000,0.379
816872400000,0.358
816876000000,0.341
816879600000,0.335
816883200000,0.309
816886800000,0.299
816890400000,0.282
816894000000,0.257
816897600000,0.247
816901200000,0.231
816904800000,0.202
816908400000,0.165
816912000000,0.291
816915600000,0.349
816919200000,0.362
816922800000,0.376
816926400000,0.413
816930000000,0.451
816933600000,0.459
816937200000,0.402
816940800000,0.352
816944400000,0.343
816948000000,0.305
816951600000,0.274
816955200000,0.266
816958800000,0.245
816962400000,0.237
816966000000,0.207
816969600000,0.195
816973200000,0.196
816976800000,0.199
816980400000,0.188
816984000000,0.181
816987600000,0.179
816991200000,0.182
816994800000,0.159
816998400000,0.145
817002000000,0.187
817005600000,0.236
817009200000,0.244
817012800000,0.227
817016400000,0.185
817020000000,0.142
817023600000,0.105
817027200000,0.095
817030800000,0.128
817034400000,0.136
817038000000,0.11
817041600000,0.085
817045200000,0.063
817048800000,0.044
817052400000,0.029
817056000000,0.024
817059600000,0.027
817063200000,0.03
817066800000,0.039
817070400000,0.046
817074000000,0.054
817077600000,0.062
817081200000,0.04
817084800000,0.076
817088400000,0.116
817092000000,0.132
817095600000,0.133
817099200000,0.135
817102800000,0.135
817106400000,0.137
817110000000,0.129
817113600000,0.133
817117200000,0.196
817120800000,0.258
817124400000,0.285
817128000000,0.271
817131600000,0.277
817135200000,0.285
817138800000,0.278
817142400000,0.283
817146000000,0.324
817149600000,0.404
817153200000,0.505
817156800000,0.575
817160400000,0.676
817164000000,0.71
817167600000,0.706
817171200000,0.748
817174800000,0.827
817178400000,0.861
817182000000,0.842
817185600000,0.798
817189200000,0.74
817192800000,0.674
817196400000,0.59
817200000000,0.461
817203600000,0.381
817207200000,0.375
817210800000,0.421
817214400000,0.431
817218000000,0.422
817221600000,0.426
817225200000,0.364
817228800000,0.3
817232400000,0.27
817236000000,0.245
817239600000,0.242
817243200000,0.244
817246800000,0.269
817250400000,0.277
817254000000,0.25
817257600000,0.469
817261200000,0.59
817264800000,0.595
817268400000,0.554
817272000000,0.5
817275600000,0.454
817279200000,0.419
817282800000,0.37
817286400000,0.263
817290000000,0.237
817293600000,0.259
817297200000,0.233
817300800000,0.196
817304400000,0.162
817308000000,0.155
817311600000,0.137
817315200000,0.117
817318800000,0.099
817322400000,0.084
817326000000,0.071
817329600000,0.061
817333200000,0.063
817336800000,0.067
817340400000,0.056
817344000000,0.148
817347600000,0.174
817351200000,0.161
817354800000,0.143
817358400000,0.131
817362000000,0.129
817365600000,0.141
817369200000,0.154
817372800000,0.131
817376400000,0.171
817380000000,0.201
817383600000,0.187
817387200000,0.185
817390800000,0.173
817394400000,0.154
817398000000,0.123
817401600000,0.095
817405200000,0.081
817408800000,0.084
817412400000,0.093
817416000000,0.103
817419600000,0.131
817423200000,0.156
817426800000,0.114
817430400000,0.223
817434000000,0.301
817437600000,0.328
817441200000,0.326
817444800000,0.312
817448400000,0.295
817452000000,0.293
817455600000,0.29
817459200000,0.241
817462800000,0.266
817466400000,0.261
817470000000,0.249
817473600000,0.223
817477200000,0.192
817480800000,0.164
817484400000,0.129
817488000000,0.113
817491600000,0.107
817495200000,0.101
817498800000,0.095
817502400000,0.088
817506000000,0.092
817509600000,0.097
817513200000,0.093
817516800000,0.237
817520400000,0.296
817524000000,0.309
817527600000,0.301
817531200000,0.282
817534800000,0.251
817538400000,0.22
817542000000,0.192
817545600000,0.163
817549200000,0.2
817552800000,0.217
817556400000,0.188
817560000000,0.18
817563600000,0.169
817567200000,0.155
817570800000,0.157
817574400000,0.147
817578000000,0.148
817581600000,0.151
817585200000,0.151
817588800000,0.152
817592400000,0.162
817596000000,0.166
817599600000,0.121
817603200000,0.289
817606800000,0.352
817610400000,0.36
817614000000,0.368
817617600000,0.383
817621200000,0.413
817624800000,0.42
817628400000,0.359
817632000000,0.323
817635600000,0.342
817639200000,0.378
817642800000,0.358
817646400000,0.342
817650000000,0.338
817653600000,0.328
817657200000,0.332
817660800000,0.327
817664400000,0.294
817668000000,0.292
817671600000,0.294
817675200000,0.291
817678800000,0.283
817682400000,0.251
817686000000,0.18
817689600000,0.174
817693200000,0.266
817696800000,0.298
817700400000,0.309
817704000000,0.311
817707600000,0.304
817711200000,0.274
817714800000,0.207
817718400000,0.162
817722000000,0.185
817725600000,0.192
817729200000,0.201
817732800000,0.195
817736400000,0.203
817740000000,0.217
817743600000,0.214
817747200000,0.192
817750800000,0.204
817754400000,0.236
817758000000,0.227
817761600000,0.23
817765200000,0.239
817768800000,0.243
817772400000,0.197
817776000000,0.337
817779600000,0.523
817783200000,0.626
817786800000,0.687
817790400000,0.741
817794000000,0.761
817797600000,0.739
817801200000,0.659
817804800000,0.545
817808400000,0.558
817812000000,0.538
817815600000,0.542
817819200000,0.551
817822800000,0.556
817826400000,0.591
817830000000,0.599
817833600000,0.599
817837200000,0.596
817840800000,0.585
817844400000,0.571
817848000000,0.54
817851600000,0.501
817855200000,0.498
817858800000,0.469
817862400000,0.568
817866000000,0.78
817869600000,0.851
817873200000,0.871
817876800000,0.875
817880400000,0.87
817884000000,0.842
817887600000,0.77
817891200000,0.63
817894800000,0.544
817898400000,0.45
817902000000,0.403
817905600000,0.371
817909200000,0.367
817912800000,0.367
817916400000,0.37
817920000000,0.379
817923600000,0.404
817927200000,0.434
817930800000,0.443
817934400000,0.432
817938000000,0.404
817941600000,0.351
817945200000,0.279
817948800000,0.457
817952400000,0.658
817956000000,0.68
817959600000,0.681
817963200000,0.69
817966800000,0.709
817970400000,0.718
817974000000,0.683
817977600000,0.56
817981200000,0.51
817984800000,0.481
817988400000,0.462
817992000000,0.441
817995600000,0.422
817999200000,0.395
818002800000,0.367
818006400000,0.412
818010000000,0.466
818013600000,0.481
818017200000,0.487
818020800000,0.494
818024400000,0.415
818028000000,0.371
818031600000,0.325
818035200000,0.584
818038800000,0.755
818042400000,0.821
818046000000,0.85
818049600000,0.86
818053200000,0.85
818056800000,0.812
818060400000,0.726
818064000000,0.59
818067600000,0.519
818071200000,0.466
818074800000,0.401
818078400000,0.366
818082000000,0.343
818085600000,0.332
818089200000,0.316
818092800000,0.311
818096400000,0.304
818100000000,0.301
818103600000,0.3
818107200000,0.284
818110800000,0.269
818114400000,0.277
818118000000,0.194
818121600000,0.349
818125200000,0.552
818128800000,0.661
818132400000,0.711
818136000000,0.74
818139600000,0.749
818143200000,0.739
818146800000,0.677
818150400000,0.604
818154000000,0.631
818157600000,0.682
818161200000,0.716
818164800000,0.728
818168400000,0.733
818172000000,0.724
818175600000,0.697
818179200000,0.657
818182800000,0.623
818186400000,0.596
818190000000,0.566
818193600000,0.542
818197200000,0.538
818200800000,0.538
818204400000,0.519
818208000000,0.62
818211600000,0.792
818215200000,0.857
818218800000,0.872
818222400000,0.865
818226000000,0.837
818229600000,0.78
818233200000,0.71
818236800000,0.623
818240400000,0.627
818244000000,0.637
818247600000,0.678
818251200000,0.704
818254800000,0.698
818258400000,0.693
818262000000,0.68
818265600000,0.666
818269200000,0.666
818272800000,0.672
818276400000,0.666
818280000000,0.661
818283600000,0.666
818287200000,0.673
818290800000,0.666
818294400000,0.725
818298000000,0.863
818301600000,0.922
818305200000,0.935
818308800000,0.927
818312400000,0.903
818316000000,0.859
818319600000,0.796
818323200000,0.754
818326800000,0.754
818330400000,0.742
818334000000,0.738
818337600000,0.722
818341200000,0.712
818344800000,0.695
818348400000,0.67
818352000000,0.648
818355600000,0.641
818359200000,0.642
818362800000,0.649
818366400000,0.648
818370000000,0.641
818373600000,0.642
818377200000,0.64
818380800000,0.656
818384400000,0.784
818388000000,0.85
818391600000,0.858
818395200000,0.823
818398800000,0.773
818402400000,0.725
818406000000,0.686
818409600000,0.672
818413200000,0.674
818416800000,0.652
818420400000,0.642
818424000000,0.622
818427600000,0.615
818431200000,0.616
818434800000,0.633
818438400000,0.645
818442000000,0.648
818445600000,0.634
818449200000,0.618
818452800000,0.608
818456400000,0.577
818460000000,0.514
818463600000,0.454
818467200000,0.541
818470800000,0.731
818474400000,0.815
818478000000,0.842
818481600000,0.865
818485200000,0.866
818488800000,0.865
818492400000,0.828
818496000000,0.732
818499600000,0.68
818503200000,0.654
818506800000,0.644
818510400000,0.658
818514000000,0.639
818517600000,0.617
818521200000,0.601
818524800000,0.574
818528400000,0.544
818532000000,0.498
818535600000,0.466
818539200000,0.436
818542800000,0.413
818546400000,0.409
818550000000,0.321
818553600000,0.539
818557200000,0.751
818560800000,0.799
818564400000,0.826
818568000000,0.841
818571600000,0.844
818575200000,0.825
818578800000,0.759
818582400000,0.654
818586000000,0.594
818589600000,0.546
818593200000,0.574
818596800000,0.519
818600400000,0.539
818604000000,0.483
818607600000,0.468
818611200000,0.501
818614800000,0.494
818618400000,0.481
818622000000,0.481
818625600000,0.507
818629200000,0.494
818632800000,0.433
818636400000,0.324
818640000000,0.416
818643600000,0.627
818647200000,0.697
818650800000,0.693
818654400000,0.662
818658000000,0.627
818661600000,0.568
818665200000,0.456
818668800000,0.294
818672400000,0.259
818676000000,0.261
818679600000,0.237
818683200000,0.22
818686800000,0.231
818690400000,0.249
818694000000,0.219
818697600000,0.206
818701200000,0.2
818704800000,0.196
818708400000,0.181
818712000000,0.194
818715600000,0.207
818719200000,0.225
818722800000,0.196
818726400000,0.183
818730000000,0.264
818733600000,0.358
818737200000,0.4
818740800000,0.395
818744400000,0.367
818748000000,0.305
818751600000,0.223
818755200000,0.209
818758800000,0.243
818762400000,0.267
818766000000,0.271
818769600000,0.309
818773200000,0.337
818776800000,0.302
818780400000,0.295
818784000000,0.312
818787600000,0.275
818791200000,0.192
818794800000,0.188
818798400000,0.217
818802000000,0.223
818805600000,0.251
818809200000,0.206
818812800000,0.227
818816400000,0.358
818820000000,0.436
818823600000,0.488
818827200000,0.476
818830800000,0.447
818834400000,0.367
818838000000,0.278
818841600000,0.236
818845200000,0.286
818848800000,0.254
818852400000,0.241
818856000000,0.23
818859600000,0.217
818863200000,0.225
818866800000,0.201
818870400000,0.195
818874000000,0.188
818877600000,0.182
818881200000,0.185
818884800000,0.214
818888400000,0.238
818892000000,0.251
818895600000,0.185
818899200000,0.289
818902800000,0.431
818906400000,0.479
818910000000,0.481
818913600000,0.459
818917200000,0.404
818920800000,0.311
818924400000,0.255
818928000000,0.227
818931600000,0.211
818935200000,0.231
818938800000,0.257
818942400000,0.235
818946000000,0.231
818949600000,0.243
818953200000,0.267
818956800000,0.257
818960400000,0.259
818964000000,0.262
818967600000,0.243
818971200000,0.228
818974800000,0.233
818978400000,0.251
818982000000,0.206
818985600000,0.178
818989200000,0.238
818992800000,0.308
818996400000,0.375
819000000000,0.427
819003600000,0.454
819007200000,0.442
819010800000,0.374
819014400000,0.315
819018000000,0.358
819021600000,0.391
819025200000,0.416
819028800000,0.406
819032400000,0.348
819036000000,0.297
819039600000,0.261
819043200000,0.248
819046800000,0.223
819050400000,0.218
819054000000,0.236
819057600000,0.265
819061200000,0.28
819064800000,0.28
819068400000,0.243
819072000000,0.302
819075600000,0.501
819079200000,0.607
819082800000,0.62
819086400000,0.626
819090000000,0.575
819093600000,0.473
819097200000,0.339
819100800000,0.233
819104400000,0.21
819108000000,0.202
819111600000,0.19
819115200000,0.16
819118800000,0.144
819122400000,0.121
819126000000,0.121
819129600000,0.131
819133200000,0.125
819136800000,0.12
819140400000,0.116
819144000000,0.133
819147600000,0.157
819151200000,0.134
819154800000,0.099
819158400000,0.095
819162000000,0.13
819165600000,0.163
819169200000,0.159
819172800000,0.162
819176400000,0.161
819180000000,0.153
819183600000,0.126
819187200000,0.094
819190800000,0.125
819194400000,0.161
819198000000,0.175
819201600000,0.194
819205200000,0.213
819208800000,0.231
819212400000,0.241
819216000000,0.259
819219600000,0.275
819223200000,0.274
819226800000,0.274
819230400000,0.277
819234000000,0.272
819237600000,0.274
819241200000,0.181
819244800000,0.233
819248400000,0.307
819252000000,0.334
819255600000,0.366
819259200000,0.395
819262800000,0.399
819266400000,0.354
819270000000,0.259
819273600000,0.147
819277200000,0.134
819280800000,0.143
819284400000,0.143
819288000000,0.159
819291600000,0.183
819295200000,0.216
819298800000,0.222
819302400000,0.207
819306000000,0.224
819309600000,0.248
819313200000,0.256
819316800000,0.252
819320400000,0.223
819324000000,0.193
819327600000,0.133
819331200000,0.179
819334800000,0.249
819338400000,0.28
819342000000,0.303
819345600000,0.316
819349200000,0.333
819352800000,0.338
819356400000,0.291
819360000000,0.218
819363600000,0.244
819367200000,0.292
819370800000,0.287
819374400000,0.291
819378000000,0.296
819381600000,0.285
819385200000,0.266
819388800000,0.252
819392400000,0.243
819396000000,0.26
819399600000,0.289
819403200000,0.329
819406800000,0.341
819410400000,0.351
819414000000,0.311
819417600000,0.361
819421200000,0.466
819424800000,0.498
819428400000,0.476
819432000000,0.45
819435600000,0.42
819439200000,0.386
819442800000,0.334
819446400000,0.25
819450000000,0.213
819453600000,0.201
819457200000,0.195
819460800000,0.202
819464400000,0.207
819468000000,0.215
819471600000,0.243
819475200000,0.251
819478800000,0.259
819482400000,0.277
819486000000,0.3
819489600000,0.32
819493200000,0.329
819496800000,0.316
819500400000,0.211
819504000000,0.355
819507600000,0.468
819511200000,0.517
819514800000,0.572
819518400000,0.608
819522000000,0.627
819525600000,0.613
819529200000,0.566
819532800000,0.514
819536400000,0.535
819540000000,0.58
819543600000,0.633
819547200000,0.656
819550800000,0.647
819554400000,0.642
819558000000,0.642
819561600000,0.635
819565200000,0.591
819568800000,0.61
819572400000,0.615
819576000000,0.61
819579600000,0.616
819583200000,0.584
819586800000,0.584
819590400000,0.702
819594000000,0.863
819597600000,0.915
819601200000,0.925
819604800000,0.913
819608400000,0.892
819612000000,0.846
819615600000,0.786
819619200000,0.675
819622800000,0.618
819626400000,0.592
819630000000,0.59
819633600000,0.59
819637200000,0.592
819640800000,0.599
819644400000,0.607
819648000000,0.532
819651600000,0.552
819655200000,0.584
819658800000,0.516
819662400000,0.51
819666000000,0.51
819669600000,0.513
819673200000,0.485
819676800000,0.484
819680400000,0.526
819684000000,0.522
819687600000,0.578
819691200000,0.573
819694800000,0.547
819698400000,0.494
819702000000,0.414
819705600000,0.371
819709200000,0.4
819712800000,0.407
819716400000,0.419
819720000000,0.416
819723600000,0.396
819727200000,0.374
819730800000,0.346
819734400000,0.333
819738000000,0.334
819741600000,0.318
819745200000,0.328
819748800000,0.349
819752400000,0.367
819756000000,0.367
819759600000,0.35
819763200000,0.309
819766800000,0.32
819770400000,0.422
819774000000,0.494
819777600000,0.505
819781200000,0.466
819784800000,0.432
819788400000,0.494
819792000000,0.582
819795600000,0.626
819799200000,0.63
819802800000,0.637
819806400000,0.656
819810000000,0.664
819813600000,0.592
819817200000,0.583
819820800000,0.642
819824400000,0.658
819828000000,0.668
819831600000,0.687
819835200000,0.694
819838800000,0.714
819842400000,0.751
819846000000,0.772
819849600000,0.844
819853200000,0.934
819856800000,0.959
819860400000,0.962
819864000000,0.958
819867600000,0.948
819871200000,0.937
819874800000,0.917
819878400000,0.894
819882000000,0.88
819885600000,0.873
819889200000,0.87
819892800000,0.867
819896400000,0.859
819900000000,0.844
819903600000,0.834
819907200000,0.816
819910800000,0.775
819914400000,0.744
819918000000,0.722
819921600000,0.713
819925200000,0.693
819928800000,0.682
819932400000,0.669
819936000000,0.739
819939600000,0.885
819943200000,0.926
819946800000,0.93
819950400000,0.923
819954000000,0.916
819957600000,0.887
819961200000,0.844
819964800000,0.772
819968400000,0.73
819972000000,0.731
819975600000,0.698
819979200000,0.681
819982800000,0.67
819986400000,0.686
819990000000,0.666
819993600000,0.718
819997200000,0.724
820000800000,0.73
820004400000,0.663
820008000000,0.687
820011600000,0.703
820015200000,0.681
820018800000,0.622
820022400000,0.663
820026000000,0.819
820029600000,0.868
820033200000,0.897
820036800000,0.907
820040400000,0.904
820044000000,0.879
820047600000,0.821
820051200000,0.739
820054800000,0.7
820058400000,0.685
820062000000,0.672
820065600000,0.651
820069200000,0.595
820072800000,0.562
820076400000,0.547
820080000000,0.506
820083600000,0.45
820087200000,0.457
820090800000,0.491
820094400000,0.472
820098000000,0.451
820101600000,0.513
820105200000,0.521
820108800000,0.54
820112400000,0.715
820116000000,0.75
820119600000,0.73
820123200000,0.709
820126800000,0.696
820130400000,0.657
820134000000,0.616
820137600000,0.507
820141200000,0.486
820144800000,0.498
820148400000,0.479
820152000000,0.448
820155600000,0.436
820159200000,0.443
820162800000,0.447
820166400000,0.42
820170000000,0.468
820173600000,0.459
820177200000,0.447
820180800000,0.444
820184400000,0.432
820188000000,0.422
820191600000,0.371
820195200000,0.449
820198800000,0.658
820202400000,0.71
820206000000,0.704
820209600000,0.697
820213200000,0.666
820216800000,0.63
820220400000,0.541
820224000000,0.444
820227600000,0.402
820231200000,0.379
820234800000,0.416
820238400000,0.425
820242000000,0.41
820245600000,0.426
820249200000,0.433
820252800000,0.394
820256400000,0.349
820260000000,0.381
820263600000,0.383
820267200000,0.352
820270800000,0.379
820274400000,0.406
820278000000,0.396
820281600000,0.416
820285200000,0.623
820288800000,0.712
820292400000,0.689
820296000000,0.656
820299600000,0.623
820303200000,0.574
820306800000,0.488
820310400000,0.433
820314000000,0.466
820317600000,0.502
820321200000,0.472
820324800000,0.434
820328400000,0.407
820332000000,0.367
820335600000,0.328
820339200000,0.27
820342800000,0.233
820346400000,0.209
820350000000,0.192
820353600000,0.164
820357200000,0.151
820360800000,0.131
820364400000,0.108
820368000000,0.148
820371600000,0.214
820375200000,0.212
820378800000,0.199
820382400000,0.192
820386000000,0.18
820389600000,0.166
820393200000,0.147
820396800000,0.117
820400400000,0.168
820404000000,0.205
820407600000,0.205
820411200000,0.249
820414800000,0.264
820418400000,0.26
820422000000,0.231
820425600000,0.225
820429200000,0.223
820432800000,0.231
820436400000,0.233
820440000000,0.231
820443600000,0.249
820447200000,0.271
820450800000,0.22
