,L3
631152000000,0.391
631155600000,0.537
631159200000,0.629
631162800000,0.675
631166400000,0.674
631170000000,0.623
631173600000,0.519
631177200000,0.375
631180800000,0.172
631184400000,0.002
631188000000,0.0
631191600000,0.0
631195200000,0.0
631198800000,0.0
631202400000,0.0
631206000000,0.0
631209600000,0.0
631213200000,0.0
631216800000,0.0
631220400000,0.0
631224000000,0.0
631227600000,0.0
631231200000,0.006
631234800000,0.19
631238400000,0.394
631242000000,0.544
631245600000,0.644
631249200000,0.689
631252800000,0.686
631256400000,0.634
631260000000,0.53
631263600000,0.381
631267200000,0.172
631270800000,0.004
631274400000,0.0
631278000000,0.0
631281600000,0.0
631285200000,0.0
631288800000,0.0
631292400000,0.0
631296000000,0.0
631299600000,0.0
631303200000,0.0
631306800000,0.0
631310400000,0.0
631314000000,0.0
631317600000,0.007
631321200000,0.2
631324800000,0.402
631328400000,0.551
631332000000,0.645
631335600000,0.688
631339200000,0.683
631342800000,0.619
631346400000,0.511
631350000000,0.358
631353600000,0.15
631357200000,0.0
631360800000,0.0
631364400000,0.0
631368000000,0.0
631371600000,0.0
631375200000,0.0
631378800000,0.0
631382400000,0.0
631386000000,0.0
631389600000,0.0
631393200000,0.0
631396800000,0.0
631400400000,0.0
631404000000,0.007
631407600000,0.205
631411200000,0.408
631414800000,0.558
631418400000,0.653
631422000000,0.697
631425600000,0.689
631429200000,0.627
631432800000,0.517
631436400000,0.318
631440000000,0.143
631443600000,0.0
631447200000,0.0
631450800000,0.0
631454400000,0.0
631458000000,0.0
631461600000,0.0
631465200000,0.0
631468800000,0.0
631472400000,0.0
631476000000,0.0
631479600000,0.0
631483200000,0.0
631486800000,0.0
631490400000,0.007
631494000000,0.2
631497600000,0.399
631501200000,0.549
631504800000,0.642
631508400000,0.685
631512000000,0.675
631515600000,0.617
631519200000,0.502
631522800000,0.331
631526400000,0.131
631530000000,0.001
631533600000,0.0
631537200000,0.0
631540800000,0.0
631544400000,0.0
631548000000,0.0
631551600000,0.0
631555200000,0.0
631558800000,0.0
631562400000,0.0
631566000000,0.0
631569600000,0.0
631573200000,0.0
631576800000,0.007
631580400000,0.197
631584000000,0.395
631587600000,0.541
631591200000,0.633
631594800000,0.677
631598400000,0.671
631602000000,0.607
631605600000,0.474
631609200000,0.263
631612800000,0.122
631616400000,0.0
631620000000,0.0
631623600000,0.0
631627200000,0.0
631630800000,0.0
631634400000,0.0
631638000000,0.0
631641600000,0.0
631645200000,0.0
631648800000,0.0
631652400000,0.0
631656000000,0.0
631659600000,0.0
631663200000,0.006
631666800000,0.191
631670400000,0.392
631674000000,0.542
631677600000,0.637
631681200000,0.686
631684800000,0.68
631688400000,0.616
631692000000,0.51
631695600000,0.324
631699200000,0.142
631702800000,0.002
631706400000,0.0
631710000000,0.0
631713600000,0.0
631717200000,0.0
631720800000,0.0
631724400000,0.0
631728000000,0.0
631731600000,0.0
631735200000,0.0
631738800000,0.0
631742400000,0.0
631746000000,0.0
631749600000,0.006
631753200000,0.189
631756800000,0.384
631760400000,0.53
631764000000,0.623
631767600000,0.666
631771200000,0.652
631774800000,0.582
631778400000,0.469
631782000000,0.306
631785600000,0.128
631789200000,0.0
631792800000,0.0
631796400000,0.0
631800000000,0.0
631803600000,0.0
631807200000,0.0
631810800000,0.0
631814400000,0.0
631818000000,0.0
631821600000,0.0
631825200000,0.0
631828800000,0.0
631832400000,0.0
631836000000,0.006
631839600000,0.189
631843200000,0.386
631846800000,0.533
631850400000,0.627
631854000000,0.668
631857600000,0.661
631861200000,0.607
631864800000,0.507
631868400000,0.354
631872000000,0.131
631875600000,0.0
631879200000,0.0
631882800000,0.0
631886400000,0.0
631890000000,0.0
631893600000,0.0
631897200000,0.0
631900800000,0.0
631904400000,0.0
631908000000,0.0
631911600000,0.0
631915200000,0.0
631918800000,0.0
631922400000,0.007
631926000000,0.192
631929600000,0.386
631933200000,0.533
631936800000,0.62
631940400000,0.657
631944000000,0.646
631947600000,0.584
631951200000,0.473
631954800000,0.298
631958400000,0.109
631962000000,0.0
631965600000,0.0
631969200000,0.0
631972800000,0.0
631976400000,0.0
631980000000,0.0
631983600000,0.0
631987200000,0.0
631990800000,0.0
631994400000,0.0
631998000000,0.0
632001600000,0.0
632005200000,0.0
632008800000,0.008
632012400000,0.203
632016000000,0.406
632019600000,0.551
632023200000,0.641
632026800000,0.685
632030400000,0.682
632034000000,0.627
632037600000,0.522
632041200000,0.361
632044800000,0.163
632048400000,0.003
632052000000,0.0
632055600000,0.0
632059200000,0.0
632062800000,0.0
632066400000,0.0
632070000000,0.0
632073600000,0.0
632077200000,0.0
632080800000,0.0
632084400000,0.0
632088000000,0.0
632091600000,0.0
632095200000,0.009
632098800000,0.21
632102400000,0.412
632106000000,0.558
632109600000,0.65
632113200000,0.693
632116800000,0.69
632120400000,0.639
632124000000,0.539
632127600000,0.387
632131200000,0.187
632134800000,0.007
632138400000,0.0
632142000000,0.0
632145600000,0.0
632149200000,0.0
632152800000,0.0
632156400000,0.0
632160000000,0.0
632163600000,0.0
632167200000,0.0
632170800000,0.0
632174400000,0.0
632178000000,0.0
632181600000,0.009
632185200000,0.212
632188800000,0.412
632192400000,0.559
632196000000,0.653
632199600000,0.695
632203200000,0.689
632206800000,0.635
632210400000,0.524
632214000000,0.359
632217600000,0.161
632221200000,0.003
632224800000,0.0
632228400000,0.0
632232000000,0.0
632235600000,0.0
632239200000,0.0
632242800000,0.0
632246400000,0.0
632250000000,0.0
632253600000,0.0
632257200000,0.0
632260800000,0.0
632264400000,0.0
632268000000,0.009
632271600000,0.2
632275200000,0.4
632278800000,0.552
632282400000,0.64
632286000000,0.683
632289600000,0.676
632293200000,0.618
632296800000,0.514
632300400000,0.322
632304000000,0.141
632307600000,0.002
632311200000,0.0
632314800000,0.0
632318400000,0.0
632322000000,0.0
632325600000,0.0
632329200000,0.0
632332800000,0.0
632336400000,0.0
632340000000,0.0
632343600000,0.0
632347200000,0.0
632350800000,0.0
632354400000,0.008
632358000000,0.197
632361600000,0.403
632365200000,0.554
632368800000,0.647
632372400000,0.691
632376000000,0.694
632379600000,0.642
632383200000,0.534
632386800000,0.368
632390400000,0.162
632394000000,0.003
632397600000,0.0
632401200000,0.0
632404800000,0.0
632408400000,0.0
632412000000,0.0
632415600000,0.0
632419200000,0.0
632422800000,0.0
632426400000,0.0
632430000000,0.0
632433600000,0.0
632437200000,0.0
632440800000,0.007
632444400000,0.181
632448000000,0.388
632451600000,0.552
632455200000,0.641
632458800000,0.681
632462400000,0.677
632466000000,0.626
632469600000,0.525
632473200000,0.378
632476800000,0.173
632480400000,0.006
632484000000,0.0
632487600000,0.0
632491200000,0.0
632494800000,0.0
632498400000,0.0
632502000000,0.0
632505600000,0.0
632509200000,0.0
632512800000,0.0
632516400000,0.0
632520000000,0.0
632523600000,0.0
632527200000,0.007
632530800000,0.197
632534400000,0.402
632538000000,0.557
632541600000,0.648
632545200000,0.692
632548800000,0.678
632552400000,0.615
632556000000,0.502
632559600000,0.325
632563200000,0.123
632566800000,0.001
632570400000,0.0
632574000000,0.0
632577600000,0.0
632581200000,0.0
632584800000,0.0
632588400000,0.0
632592000000,0.0
632595600000,0.0
632599200000,0.0
632602800000,0.0
632606400000,0.0
632610000000,0.0
632613600000,0.01
632617200000,0.208
632620800000,0.41
632624400000,0.563
632628000000,0.657
632631600000,0.701
632635200000,0.696
632638800000,0.629
632642400000,0.519
632646000000,0.352
632649600000,0.158
632653200000,0.002
632656800000,0.0
632660400000,0.0
632664000000,0.0
632667600000,0.0
632671200000,0.0
632674800000,0.0
632678400000,0.0
632682000000,0.0
632685600000,0.0
632689200000,0.0
632692800000,0.0
632696400000,0.0
632700000000,0.01
632703600000,0.216
632707200000,0.42
632710800000,0.57
632714400000,0.665
632718000000,0.708
632721600000,0.7
632725200000,0.633
632728800000,0.514
632732400000,0.367
632736000000,0.133
632739600000,0.002
632743200000,0.0
632746800000,0.0
632750400000,0.0
632754000000,0.0
632757600000,0.0
632761200000,0.0
632764800000,0.0
632768400000,0.0
632772000000,0.0
632775600000,0.0
632779200000,0.0
632782800000,0.0
632786400000,0.011
632790000000,0.22
632793600000,0.423
632797200000,0.572
632800800000,0.668
632804400000,0.713
632808000000,0.707
632811600000,0.655
632815200000,0.533
632818800000,0.383
632822400000,0.158
632826000000,0.005
632829600000,0.0
632833200000,0.0
632836800000,0.0
632840400000,0.0
632844000000,0.0
632847600000,0.0
632851200000,0.0
632854800000,0.0
632858400000,0.0
632862000000,0.0
632865600000,0.0
632869200000,0.0
632872800000,0.013
632876400000,0.23
632880000000,0.436
632883600000,0.585
632887200000,0.68
632890800000,0.722
632894400000,0.717
632898000000,0.663
632901600000,0.56
632905200000,0.405
632908800000,0.2
632912400000,0.011
632916000000,0.0
632919600000,0.0
632923200000,0.0
632926800000,0.0
632930400000,0.0
632934000000,0.0
632937600000,0.0
632941200000,0.0
632944800000,0.0
632948400000,0.0
632952000000,0.0
632955600000,0.0
632959200000,0.013
632962800000,0.225
632966400000,0.419
632970000000,0.562
632973600000,0.65
632977200000,0.685
632980800000,0.667
632984400000,0.625
632988000000,0.512
632991600000,0.353
632995200000,0.145
632998800000,0.004
633002400000,0.0
633006000000,0.0
633009600000,0.0
633013200000,0.0
633016800000,0.0
633020400000,0.0
633024000000,0.0
633027600000,0.0
633031200000,0.0
633034800000,0.0
633038400000,0.0
633042000000,0.0
633045600000,0.011
633049200000,0.207
633052800000,0.404
633056400000,0.545
633060000000,0.626
633063600000,0.672
633067200000,0.659
633070800000,0.567
633074400000,0.405
633078000000,0.261
633081600000,0.114
633085200000,0.002
633088800000,0.0
633092400000,0.0
633096000000,0.0
633099600000,0.0
633103200000,0.0
633106800000,0.0
633110400000,0.0
633114000000,0.0
633117600000,0.0
633121200000,0.0
633124800000,0.0
633128400000,0.0
633132000000,0.005
633135600000,0.138
633139200000,0.298
633142800000,0.425
633146400000,0.493
633150000000,0.486
633153600000,0.449
633157200000,0.382
633160800000,0.31
633164400000,0.21
633168000000,0.087
633171600000,0.0
633175200000,0.0
633178800000,0.0
633182400000,0.0
633186000000,0.0
633189600000,0.0
633193200000,0.0
633196800000,0.0
633200400000,0.0
633204000000,0.0
633207600000,0.0
633211200000,0.0
633214800000,0.0
633218400000,0.008
633222000000,0.168
633225600000,0.34
633229200000,0.478
633232800000,0.569
633236400000,0.606
633240000000,0.583
633243600000,0.53
633247200000,0.43
633250800000,0.283
633254400000,0.117
633258000000,0.002
633261600000,0.0
633265200000,0.0
633268800000,0.0
633272400000,0.0
633276000000,0.0
633279600000,0.0
633283200000,0.0
633286800000,0.0
633290400000,0.0
633294000000,0.0
633297600000,0.0
633301200000,0.0
633304800000,0.009
633308400000,0.183
633312000000,0.35
633315600000,0.476
633319200000,0.566
633322800000,0.581
633326400000,0.587
633330000000,0.487
633333600000,0.336
633337200000,0.223
633340800000,0.09
633344400000,0.0
633348000000,0.0
633351600000,0.0
633355200000,0.0
633358800000,0.0
633362400000,0.0
633366000000,0.0
633369600000,0.0
633373200000,0.0
633376800000,0.0
633380400000,0.0
633384000000,0.0
633387600000,0.0
633391200000,0.006
633394800000,0.157
633398400000,0.358
633402000000,0.489
633405600000,0.601
633409200000,0.645
633412800000,0.621
633416400000,0.489
633420000000,0.363
633423600000,0.245
633427200000,0.098
633430800000,0.001
633434400000,0.0
633438000000,0.0
633441600000,0.0
633445200000,0.0
633448800000,0.0
633452400000,0.0
633456000000,0.0
633459600000,0.0
633463200000,0.0
633466800000,0.0
633470400000,0.0
633474000000,0.0
633477600000,0.011
633481200000,0.204
633484800000,0.41
633488400000,0.556
633492000000,0.636
633495600000,0.658
633499200000,0.617
633502800000,0.507
633506400000,0.362
633510000000,0.208
633513600000,0.085
633517200000,0.0
633520800000,0.0
633524400000,0.0
633528000000,0.0
633531600000,0.0
633535200000,0.0
633538800000,0.0
633542400000,0.0
633546000000,0.0
633549600000,0.0
633553200000,0.0
633556800000,0.0
633560400000,0.0
633564000000,0.011
633567600000,0.193
633571200000,0.404
633574800000,0.559
633578400000,0.652
633582000000,0.692
633585600000,0.68
633589200000,0.625
633592800000,0.522
633596400000,0.359
633600000000,0.152
633603600000,0.004
633607200000,0.0
633610800000,0.0
633614400000,0.0
633618000000,0.0
633621600000,0.0
633625200000,0.0
633628800000,0.0
633632400000,0.0
633636000000,0.0
633639600000,0.0
633643200000,0.0
633646800000,0.0
633650400000,0.011
633654000000,0.2
633657600000,0.411
633661200000,0.56
633664800000,0.651
633668400000,0.686
633672000000,0.68
633675600000,0.622
633679200000,0.526
633682800000,0.353
633686400000,0.14
633690000000,0.003
633693600000,0.0
633697200000,0.0
633700800000,0.0
633704400000,0.0
633708000000,0.0
633711600000,0.0
633715200000,0.0
633718800000,0.0
633722400000,0.0
633726000000,0.0
633729600000,0.0
633733200000,0.0
633736800000,0.01
633740400000,0.2
633744000000,0.399
633747600000,0.549
633751200000,0.652
633754800000,0.707
633758400000,0.706
633762000000,0.654
633765600000,0.548
633769200000,0.388
633772800000,0.174
633776400000,0.008
633780000000,0.0
633783600000,0.0
633787200000,0.0
633790800000,0.0
633794400000,0.0
633798000000,0.0
633801600000,0.0
633805200000,0.0
633808800000,0.0
633812400000,0.0
633816000000,0.0
633819600000,0.0
633823200000,0.014
633826800000,0.209
633830400000,0.396
633834000000,0.55
633837600000,0.637
633841200000,0.674
633844800000,0.633
633848400000,0.586
633852000000,0.477
633855600000,0.316
633859200000,0.128
633862800000,0.005
633866400000,0.0
633870000000,0.0
633873600000,0.0
633877200000,0.0
633880800000,0.0
633884400000,0.0
633888000000,0.0
633891600000,0.0
633895200000,0.0
633898800000,0.0
633902400000,0.0
633906000000,0.0
633909600000,0.017
633913200000,0.221
633916800000,0.428
633920400000,0.573
633924000000,0.661
633927600000,0.697
633931200000,0.684
633934800000,0.626
633938400000,0.51
633942000000,0.356
633945600000,0.153
633949200000,0.006
633952800000,0.0
633956400000,0.0
633960000000,0.0
633963600000,0.0
633967200000,0.0
633970800000,0.0
633974400000,0.0
633978000000,0.0
633981600000,0.0
633985200000,0.0
633988800000,0.0
633992400000,0.0
633996000000,0.014
633999600000,0.212
634003200000,0.415
634006800000,0.561
634010400000,0.649
634014000000,0.691
634017600000,0.667
634021200000,0.626
634024800000,0.493
634028400000,0.311
634032000000,0.128
634035600000,0.005
634039200000,0.0
634042800000,0.0
634046400000,0.0
634050000000,0.0
634053600000,0.0
634057200000,0.0
634060800000,0.0
634064400000,0.0
634068000000,0.0
634071600000,0.0
634075200000,0.0
634078800000,0.0
634082400000,0.017
634086000000,0.225
634089600000,0.424
634093200000,0.57
634096800000,0.655
634100400000,0.689
634104000000,0.688
634107600000,0.63
634111200000,0.53
634114800000,0.367
634118400000,0.148
634122000000,0.008
634125600000,0.0
634129200000,0.0
634132800000,0.0
634136400000,0.0
634140000000,0.0
634143600000,0.0
634147200000,0.0
634150800000,0.0
634154400000,0.0
634158000000,0.0
634161600000,0.0
634165200000,0.0
634168800000,0.019
634172400000,0.24
634176000000,0.44
634179600000,0.587
634183200000,0.679
634186800000,0.72
634190400000,0.714
634194000000,0.661
634197600000,0.554
634201200000,0.38
634204800000,0.153
634208400000,0.009
634212000000,0.0
634215600000,0.0
634219200000,0.0
634222800000,0.0
634226400000,0.0
634230000000,0.0
634233600000,0.0
634237200000,0.0
634240800000,0.0
634244400000,0.0
634248000000,0.0
634251600000,0.0
634255200000,0.02
634258800000,0.239
634262400000,0.438
634266000000,0.582
634269600000,0.678
634273200000,0.719
634276800000,0.712
634280400000,0.654
634284000000,0.511
634287600000,0.374
634291200000,0.175
634294800000,0.015
634298400000,0.0
634302000000,0.0
634305600000,0.0
634309200000,0.0
634312800000,0.0
634316400000,0.0
634320000000,0.0
634323600000,0.0
634327200000,0.0
634330800000,0.0
634334400000,0.0
634338000000,0.0
634341600000,0.02
634345200000,0.237
634348800000,0.435
634352400000,0.579
634356000000,0.664
634359600000,0.696
634363200000,0.691
634366800000,0.633
634370400000,0.536
634374000000,0.374
634377600000,0.169
634381200000,0.013
634384800000,0.0
634388400000,0.0
634392000000,0.0
634395600000,0.0
634399200000,0.0
634402800000,0.0
634406400000,0.0
634410000000,0.0
634413600000,0.0
634417200000,0.0
634420800000,0.0
634424400000,0.0
634428000000,0.01
634431600000,0.222
634435200000,0.449
634438800000,0.596
634442400000,0.688
634446000000,0.73
634449600000,0.72
634453200000,0.659
634456800000,0.546
634460400000,0.369
634464000000,0.178
634467600000,0.013
634471200000,0.0
634474800000,0.0
634478400000,0.0
634482000000,0.0
634485600000,0.0
634489200000,0.0
634492800000,0.0
634496400000,0.0
634500000000,0.0
634503600000,0.0
634507200000,0.0
634510800000,0.0
634514400000,0.02
634518000000,0.23
634521600000,0.433
634525200000,0.57
634528800000,0.66
634532400000,0.688
634536000000,0.661
634539600000,0.592
634543200000,0.397
634546800000,0.282
634550400000,0.16
634554000000,0.016
634557600000,0.0
634561200000,0.0
634564800000,0.0
634568400000,0.0
634572000000,0.0
634575600000,0.0
634579200000,0.0
634582800000,0.0
634586400000,0.0
634590000000,0.0
634593600000,0.0
634597200000,0.0
634600800000,0.021
634604400000,0.237
634608000000,0.439
634611600000,0.586
634615200000,0.679
634618800000,0.722
634622400000,0.723
634626000000,0.669
634629600000,0.571
634633200000,0.403
634636800000,0.183
634640400000,0.017
634644000000,0.0
634647600000,0.0
634651200000,0.0
634654800000,0.0
634658400000,0.0
634662000000,0.0
634665600000,0.0
634669200000,0.0
634672800000,0.0
634676400000,0.0
634680000000,0.0
634683600000,0.0
634687200000,0.016
634690800000,0.209
634694400000,0.44
634698000000,0.602
634701600000,0.697
634705200000,0.739
634708800000,0.731
634712400000,0.659
634716000000,0.528
634719600000,0.354
634723200000,0.177
634726800000,0.015
634730400000,0.0
634734000000,0.0
634737600000,0.0
634741200000,0.0
634744800000,0.0
634748400000,0.0
634752000000,0.0
634755600000,0.0
634759200000,0.0
634762800000,0.0
634766400000,0.0
634770000000,0.0
634773600000,0.023
634777200000,0.242
634780800000,0.446
634784400000,0.596
634788000000,0.689
634791600000,0.726
634795200000,0.715
634798800000,0.666
634802400000,0.567
634806000000,0.408
634809600000,0.203
634813200000,0.015
634816800000,0.0
634820400000,0.0
634824000000,0.0
634827600000,0.0
634831200000,0.0
634834800000,0.0
634838400000,0.0
634842000000,0.0
634845600000,0.0
634849200000,0.0
634852800000,0.0
634856400000,0.0
634860000000,0.024
634863600000,0.238
634867200000,0.434
634870800000,0.576
634874400000,0.658
634878000000,0.711
634881600000,0.702
634885200000,0.622
634888800000,0.471
634892400000,0.327
634896000000,0.143
634899600000,0.01
634903200000,0.0
634906800000,0.0
634910400000,0.0
634914000000,0.0
634917600000,0.0
634921200000,0.0
634924800000,0.0
634928400000,0.0
634932000000,0.0
634935600000,0.0
634939200000,0.0
634942800000,0.0
634946400000,0.024
634950000000,0.243
634953600000,0.447
634957200000,0.597
634960800000,0.687
634964400000,0.725
634968000000,0.709
634971600000,0.647
634975200000,0.533
634978800000,0.379
634982400000,0.145
634986000000,0.01
634989600000,0.0
634993200000,0.0
634996800000,0.0
635000400000,0.0
635004000000,0.0
635007600000,0.0
635011200000,0.0
635014800000,0.0
635018400000,0.0
635022000000,0.0
635025600000,0.0
635029200000,0.0
635032800000,0.025
635036400000,0.241
635040000000,0.443
635043600000,0.592
635047200000,0.689
635050800000,0.723
635054400000,0.703
635058000000,0.64
635061600000,0.555
635065200000,0.375
635068800000,0.167
635072400000,0.009
635076000000,0.0
635079600000,0.0
635083200000,0.0
635086800000,0.0
635090400000,0.0
635094000000,0.0
635097600000,0.0
635101200000,0.0
635104800000,0.0
635108400000,0.0
635112000000,0.0
635115600000,0.0
635119200000,0.024
635122800000,0.243
635126400000,0.447
635130000000,0.596
635133600000,0.689
635137200000,0.73
635140800000,0.713
635144400000,0.642
635148000000,0.524
635151600000,0.373
635155200000,0.169
635158800000,0.016
635162400000,0.0
635166000000,0.0
635169600000,0.0
635173200000,0.0
635176800000,0.0
635180400000,0.0
635184000000,0.0
635187600000,0.0
635191200000,0.0
635194800000,0.0
635198400000,0.0
635202000000,0.0
635205600000,0.025
635209200000,0.244
635212800000,0.443
635216400000,0.588
635220000000,0.676
635223600000,0.708
635227200000,0.716
635230800000,0.666
635234400000,0.558
635238000000,0.373
635241600000,0.175
635245200000,0.014
635248800000,0.0
635252400000,0.0
635256000000,0.0
635259600000,0.0
635263200000,0.0
635266800000,0.0
635270400000,0.0
635274000000,0.0
635277600000,0.0
635281200000,0.0
635284800000,0.0
635288400000,0.0
635292000000,0.028
635295600000,0.252
635299200000,0.451
635302800000,0.597
635306400000,0.697
635310000000,0.739
635313600000,0.734
635317200000,0.683
635320800000,0.582
635324400000,0.43
635328000000,0.228
635331600000,0.027
635335200000,0.0
635338800000,0.0
635342400000,0.0
635346000000,0.0
635349600000,0.0
635353200000,0.0
635356800000,0.0
635360400000,0.0
635364000000,0.0
635367600000,0.0
635371200000,0.0
635374800000,0.0
635378400000,0.03
635382000000,0.256
635385600000,0.456
635389200000,0.604
635392800000,0.69
635396400000,0.728
635400000000,0.73
635403600000,0.676
635407200000,0.576
635410800000,0.424
635414400000,0.211
635418000000,0.018
635421600000,0.0
635425200000,0.0
635428800000,0.0
635432400000,0.0
635436000000,0.0
635439600000,0.0
635443200000,0.0
635446800000,0.0
635450400000,0.0
635454000000,0.0
635457600000,0.0
635461200000,0.0
635464800000,0.026
635468400000,0.245
635472000000,0.448
635475600000,0.596
635479200000,0.688
635482800000,0.732
635486400000,0.727
635490000000,0.672
635493600000,0.559
635497200000,0.394
635500800000,0.193
635504400000,0.023
635508000000,0.0
635511600000,0.0
635515200000,0.0
635518800000,0.0
635522400000,0.0
635526000000,0.0
635529600000,0.0
635533200000,0.0
635536800000,0.0
635540400000,0.0
635544000000,0.0
635547600000,0.0
635551200000,0.03
635554800000,0.255
635558400000,0.456
635562000000,0.603
635565600000,0.694
635569200000,0.736
635572800000,0.731
635576400000,0.672
635580000000,0.546
635583600000,0.398
635587200000,0.174
635590800000,0.016
635594400000,0.0
635598000000,0.0
635601600000,0.0
635605200000,0.0
635608800000,0.0
635612400000,0.0
635616000000,0.0
635619600000,0.0
635623200000,0.0
635626800000,0.0
635630400000,0.0
635634000000,0.0
635637600000,0.026
635641200000,0.229
635644800000,0.439
635648400000,0.584
635652000000,0.682
635655600000,0.718
635659200000,0.713
635662800000,0.65
635666400000,0.547
635670000000,0.38
635673600000,0.202
635677200000,0.021
635680800000,0.0
635684400000,0.0
635688000000,0.0
635691600000,0.0
635695200000,0.0
635698800000,0.0
635702400000,0.0
635706000000,0.0
635709600000,0.0
635713200000,0.0
635716800000,0.0
635720400000,0.0
635724000000,0.029
635727600000,0.243
635731200000,0.434
635734800000,0.587
635738400000,0.681
635742000000,0.728
635745600000,0.719
635749200000,0.666
635752800000,0.564
635756400000,0.394
635760000000,0.203
635763600000,0.017
635767200000,0.0
635770800000,0.0
635774400000,0.0
635778000000,0.0
635781600000,0.0
635785200000,0.0
635788800000,0.0
635792400000,0.0
635796000000,0.0
635799600000,0.0
635803200000,0.0
635806800000,0.0
635810400000,0.028
635814000000,0.245
635817600000,0.453
635821200000,0.601
635824800000,0.695
635828400000,0.737
635832000000,0.733
635835600000,0.684
635839200000,0.584
635842800000,0.432
635846400000,0.232
635850000000,0.03
635853600000,0.0
635857200000,0.0
635860800000,0.0
635864400000,0.0
635868000000,0.0
635871600000,0.0
635875200000,0.0
635878800000,0.0
635882400000,0.0
635886000000,0.0
635889600000,0.0
635893200000,0.0
635896800000,0.032
635900400000,0.257
635904000000,0.461
635907600000,0.607
635911200000,0.696
635914800000,0.735
635918400000,0.728
635922000000,0.677
635925600000,0.555
635929200000,0.387
635932800000,0.186
635936400000,0.015
635940000000,0.0
635943600000,0.0
635947200000,0.0
635950800000,0.0
635954400000,0.0
635958000000,0.0
635961600000,0.0
635965200000,0.0
635968800000,0.0
635972400000,0.0
635976000000,0.0
635979600000,0.0
635983200000,0.029
635986800000,0.229
635990400000,0.451
635994000000,0.596
635997600000,0.677
636001200000,0.72
636004800000,0.721
636008400000,0.666
636012000000,0.559
636015600000,0.41
636019200000,0.198
636022800000,0.017
636026400000,0.0
636030000000,0.0
636033600000,0.0
636037200000,0.0
636040800000,0.0
636044400000,0.0
636048000000,0.0
636051600000,0.0
636055200000,0.0
636058800000,0.0
636062400000,0.0
636066000000,0.0
636069600000,0.037
636073200000,0.263
636076800000,0.463
636080400000,0.61
636084000000,0.701
636087600000,0.742
636091200000,0.736
636094800000,0.685
636098400000,0.563
636102000000,0.415
636105600000,0.218
636109200000,0.028
636112800000,0.0
636116400000,0.0
636120000000,0.0
636123600000,0.0
636127200000,0.0
636130800000,0.0
636134400000,0.0
636138000000,0.0
636141600000,0.0
636145200000,0.0
636148800000,0.0
636152400000,0.0
636156000000,0.037
636159600000,0.266
636163200000,0.466
636166800000,0.612
636170400000,0.703
636174000000,0.736
636177600000,0.727
636181200000,0.671
636184800000,0.557
636188400000,0.386
636192000000,0.178
636195600000,0.024
636199200000,0.0
636202800000,0.0
636206400000,0.0
636210000000,0.0
636213600000,0.0
636217200000,0.0
636220800000,0.0
636224400000,0.0
636228000000,0.0
636231600000,0.0
636235200000,0.0
636238800000,0.0
636242400000,0.031
636246000000,0.247
636249600000,0.45
636253200000,0.594
636256800000,0.681
636260400000,0.732
636264000000,0.729
636267600000,0.68
636271200000,0.561
636274800000,0.411
636278400000,0.209
636282000000,0.025
636285600000,0.0
636289200000,0.0
636292800000,0.0
636296400000,0.0
636300000000,0.0
636303600000,0.0
636307200000,0.0
636310800000,0.0
636314400000,0.0
636318000000,0.0
636321600000,0.0
636325200000,0.0
636328800000,0.028
636332400000,0.229
636336000000,0.427
636339600000,0.588
636343200000,0.68
636346800000,0.733
636350400000,0.722
636354000000,0.655
636357600000,0.549
636361200000,0.381
636364800000,0.184
636368400000,0.016
636372000000,0.0
636375600000,0.0
636379200000,0.0
636382800000,0.0
636386400000,0.0
636390000000,0.0
636393600000,0.0
636397200000,0.0
636400800000,0.0
636404400000,0.0
636408000000,0.0
636411600000,0.0
636415200000,0.039
636418800000,0.26
636422400000,0.461
636426000000,0.607
636429600000,0.693
636433200000,0.731
636436800000,0.718
636440400000,0.661
636444000000,0.551
636447600000,0.364
636451200000,0.17
636454800000,0.018
636458400000,0.0
636462000000,0.0
636465600000,0.0
636469200000,0.0
636472800000,0.0
636476400000,0.0
636480000000,0.0
636483600000,0.0
636487200000,0.0
636490800000,0.0
636494400000,0.0
636498000000,0.0
636501600000,0.027
636505200000,0.228
636508800000,0.431
636512400000,0.588
636516000000,0.678
636519600000,0.717
636523200000,0.705
636526800000,0.648
636530400000,0.543
636534000000,0.344
636537600000,0.162
636541200000,0.022
636544800000,0.0
636548400000,0.0
636552000000,0.0
636555600000,0.0
636559200000,0.0
636562800000,0.0
636566400000,0.0
636570000000,0.0
636573600000,0.0
636577200000,0.0
636580800000,0.0
636584400000,0.0
636588000000,0.03
636591600000,0.222
636595200000,0.449
636598800000,0.602
636602400000,0.697
636606000000,0.74
636609600000,0.737
636613200000,0.685
636616800000,0.587
636620400000,0.435
636624000000,0.233
636627600000,0.034
636631200000,0.0
636634800000,0.0
636638400000,0.0
636642000000,0.0
636645600000,0.0
636649200000,0.0
636652800000,0.0
636656400000,0.0
636660000000,0.0
636663600000,0.0
636667200000,0.0
636670800000,0.0
636674400000,0.027
636678000000,0.189
636681600000,0.36
636685200000,0.579
636688800000,0.681
636692400000,0.723
636696000000,0.718
636699600000,0.672
636703200000,0.572
636706800000,0.417
636710400000,0.202
636714000000,0.029
636717600000,0.0
636721200000,0.0
636724800000,0.0
636728400000,0.0
636732000000,0.0
636735600000,0.0
636739200000,0.0
636742800000,0.0
636746400000,0.0
636750000000,0.0
636753600000,0.0
636757200000,0.0
636760800000,0.033
636764400000,0.242
636768000000,0.43
636771600000,0.607
636775200000,0.701
636778800000,0.744
636782400000,0.741
636786000000,0.689
636789600000,0.589
636793200000,0.438
636796800000,0.238
636800400000,0.035
636804000000,0.0
636807600000,0.0
636811200000,0.0
636814800000,0.0
636818400000,0.0
636822000000,0.0
636825600000,0.0
636829200000,0.0
636832800000,0.0
636836400000,0.0
636840000000,0.0
636843600000,0.0
636847200000,0.04
636850800000,0.253
636854400000,0.458
636858000000,0.607
636861600000,0.693
636865200000,0.729
636868800000,0.697
636872400000,0.614
636876000000,0.509
636879600000,0.289
636883200000,0.149
636886800000,0.017
636890400000,0.0
636894000000,0.0
636897600000,0.0
636901200000,0.0
636904800000,0.0
636908400000,0.0
636912000000,0.0
636915600000,0.0
636919200000,0.0
636922800000,0.0
636926400000,0.0
636930000000,0.0
636933600000,0.043
636937200000,0.237
636940800000,0.412
636944400000,0.557
636948000000,0.655
636951600000,0.692
636955200000,0.623
636958800000,0.543
636962400000,0.434
636966000000,0.307
636969600000,0.164
636973200000,0.025
636976800000,0.0
636980400000,0.0
636984000000,0.0
636987600000,0.0
636991200000,0.0
636994800000,0.0
636998400000,0.0
637002000000,0.0
637005600000,0.0
637009200000,0.0
637012800000,0.0
637016400000,0.0
637020000000,0.049
637023600000,0.273
637027200000,0.472
637030800000,0.614
637034400000,0.7
637038000000,0.747
637041600000,0.75
637045200000,0.699
637048800000,0.601
637052400000,0.444
637056000000,0.238
637059600000,0.039
637063200000,0.0
637066800000,0.0
637070400000,0.0
637074000000,0.0
637077600000,0.0
637081200000,0.0
637084800000,0.0
637088400000,0.0
637092000000,0.0
637095600000,0.0
637099200000,0.0
637102800000,0.0
637106400000,0.047
637110000000,0.268
637113600000,0.469
637117200000,0.617
637120800000,0.708
637124400000,0.748
637128000000,0.739
637131600000,0.676
637135200000,0.57
637138800000,0.394
637142400000,0.205
637146000000,0.027
637149600000,0.0
637153200000,0.0
637156800000,0.0
637160400000,0.0
637164000000,0.0
637167600000,0.0
637171200000,0.0
637174800000,0.0
637178400000,0.0
637182000000,0.0
637185600000,0.0
637189200000,0.0
637192800000,0.037
637196400000,0.229
637200000000,0.418
637203600000,0.581
637207200000,0.69
637210800000,0.731
637214400000,0.721
637218000000,0.661
637221600000,0.533
637225200000,0.37
637228800000,0.189
637232400000,0.026
637236000000,0.0
637239600000,0.0
637243200000,0.0
637246800000,0.0
637250400000,0.0
637254000000,0.0
637257600000,0.0
637261200000,0.0
637264800000,0.0
637268400000,0.0
637272000000,0.0
637275600000,0.0
637279200000,0.054
637282800000,0.276
637286400000,0.47
637290000000,0.615
637293600000,0.712
637297200000,0.744
637300800000,0.741
637304400000,0.667
637308000000,0.496
637311600000,0.342
637315200000,0.199
637318800000,0.029
637322400000,0.0
637326000000,0.0
637329600000,0.0
637333200000,0.0
637336800000,0.0
637340400000,0.0
637344000000,0.0
637347600000,0.0
637351200000,0.0
637354800000,0.0
637358400000,0.0
637362000000,0.0
637365600000,0.056
637369200000,0.28
637372800000,0.48
637376400000,0.625
637380000000,0.717
637383600000,0.757
637387200000,0.751
637390800000,0.701
637394400000,0.591
637398000000,0.448
637401600000,0.236
637405200000,0.041
637408800000,0.0
637412400000,0.0
637416000000,0.0
637419600000,0.0
637423200000,0.0
637426800000,0.0
637430400000,0.0
637434000000,0.0
637437600000,0.0
637441200000,0.0
637444800000,0.0
637448400000,0.0
637452000000,0.056
637455600000,0.279
637459200000,0.473
637462800000,0.615
637466400000,0.707
637470000000,0.747
637473600000,0.746
637477200000,0.676
637480800000,0.554
637484400000,0.395
637488000000,0.194
637491600000,0.031
637495200000,0.0
637498800000,0.0
637502400000,0.0
637506000000,0.0
637509600000,0.0
637513200000,0.0
637516800000,0.0
637520400000,0.0
637524000000,0.0
637527600000,0.0
637531200000,0.0
637534800000,0.0
637538400000,0.059
637542000000,0.283
637545600000,0.481
637549200000,0.621
637552800000,0.709
637556400000,0.735
637560000000,0.711
637563600000,0.572
637567200000,0.512
637570800000,0.367
637574400000,0.164
637578000000,0.027
637581600000,0.0
637585200000,0.0
637588800000,0.0
637592400000,0.0
637596000000,0.0
637599600000,0.0
637603200000,0.0
637606800000,0.0
637610400000,0.0
637614000000,0.0
637617600000,0.0
637621200000,0.0
637624800000,0.062
637628400000,0.29
637632000000,0.491
637635600000,0.634
637639200000,0.724
637642800000,0.766
637646400000,0.76
637650000000,0.71
637653600000,0.613
637657200000,0.459
637660800000,0.267
637664400000,0.053
637668000000,0.0
637671600000,0.0
637675200000,0.0
637678800000,0.0
637682400000,0.0
637686000000,0.0
637689600000,0.0
637693200000,0.0
637696800000,0.0
637700400000,0.0
637704000000,0.0
637707600000,0.0
637711200000,0.059
637714800000,0.274
637718400000,0.458
637722000000,0.585
637725600000,0.652
637729200000,0.668
637732800000,0.65
637736400000,0.597
637740000000,0.48
637743600000,0.359
637747200000,0.184
637750800000,0.033
637754400000,0.0
637758000000,0.0
637761600000,0.0
637765200000,0.0
637768800000,0.0
637772400000,0.0
637776000000,0.0
637779600000,0.0
637783200000,0.0
637786800000,0.0
637790400000,0.0
637794000000,0.0
637797600000,0.049
637801200000,0.245
637804800000,0.452
637808400000,0.603
637812000000,0.698
637815600000,0.719
637819200000,0.676
637822800000,0.614
637826400000,0.409
637830000000,0.264
637833600000,0.142
637837200000,0.02
637840800000,0.0
637844400000,0.0
637848000000,0.0
637851600000,0.0
637855200000,0.0
637858800000,0.0
637862400000,0.0
637866000000,0.0
637869600000,0.0
637873200000,0.0
637876800000,0.0
637880400000,0.0
637884000000,0.057
637887600000,0.275
637891200000,0.471
637894800000,0.616
637898400000,0.7
637902000000,0.735
637905600000,0.722
637909200000,0.655
637912800000,0.549
637916400000,0.308
637920000000,0.159
637923600000,0.026
637927200000,0.0
637930800000,0.0
637934400000,0.0
637938000000,0.0
637941600000,0.0
637945200000,0.0
637948800000,0.0
637952400000,0.0
637956000000,0.0
637959600000,0.0
637963200000,0.0
637966800000,0.0
637970400000,0.053
637974000000,0.269
637977600000,0.467
637981200000,0.605
637984800000,0.689
637988400000,0.725
637992000000,0.717
637995600000,0.651
637999200000,0.529
638002800000,0.316
638006400000,0.154
638010000000,0.026
638013600000,0.0
638017200000,0.0
638020800000,0.0
638024400000,0.0
638028000000,0.0
638031600000,0.0
638035200000,0.0
638038800000,0.0
638042400000,0.0
638046000000,0.0
638049600000,0.0
638053200000,0.0
638056800000,0.042
638060400000,0.219
638064000000,0.416
638067600000,0.577
638071200000,0.692
638074800000,0.733
638078400000,0.727
638082000000,0.664
638085600000,0.559
638089200000,0.382
638092800000,0.173
638096400000,0.033
638100000000,0.0
638103600000,0.0
638107200000,0.0
638110800000,0.0
638114400000,0.0
638118000000,0.0
638121600000,0.0
638125200000,0.0
638128800000,0.0
638132400000,0.0
638136000000,0.0
638139600000,0.0
638143200000,0.065
638146800000,0.28
638150400000,0.472
638154000000,0.62
638157600000,0.711
638161200000,0.751
638164800000,0.746
638168400000,0.693
638172000000,0.6
638175600000,0.452
638179200000,0.256
638182800000,0.047
638186400000,0.0
638190000000,0.0
638193600000,0.0
638197200000,0.0
638200800000,0.0
638204400000,0.0
638208000000,0.0
638211600000,0.0
638215200000,0.0
638218800000,0.0
638222400000,0.0
638226000000,0.0
638229600000,0.064
638233200000,0.282
638236800000,0.477
638240400000,0.625
638244000000,0.713
638247600000,0.752
638251200000,0.746
638254800000,0.696
638258400000,0.601
638262000000,0.43
638265600000,0.191
638269200000,0.033
638272800000,0.0
638276400000,0.0
638280000000,0.0
638283600000,0.0
638287200000,0.0
638290800000,0.0
638294400000,0.0
638298000000,0.0
638301600000,0.0
638305200000,0.0
638308800000,0.0
638312400000,0.0
638316000000,0.059
638319600000,0.27
638323200000,0.458
638326800000,0.601
638330400000,0.7
638334000000,0.743
638337600000,0.738
638341200000,0.67
638344800000,0.569
638348400000,0.426
638352000000,0.246
638355600000,0.046
638359200000,0.0
638362800000,0.0
638366400000,0.0
638370000000,0.0
638373600000,0.0
638377200000,0.0
638380800000,0.0
638384400000,0.0
638388000000,0.0
638391600000,0.0
638395200000,0.0
638398800000,0.0
638402400000,0.062
638406000000,0.273
638409600000,0.47
638413200000,0.612
638416800000,0.7
638420400000,0.74
638424000000,0.731
638427600000,0.68
638431200000,0.582
638434800000,0.412
638438400000,0.227
638442000000,0.045
638445600000,0.0
638449200000,0.0
638452800000,0.0
638456400000,0.0
638460000000,0.0
638463600000,0.0
638467200000,0.0
638470800000,0.0
638474400000,0.0
638478000000,0.0
638481600000,0.0
638485200000,0.0
638488800000,0.056
638492400000,0.261
638496000000,0.472
638499600000,0.617
638503200000,0.707
638506800000,0.748
638510400000,0.719
638514000000,0.661
638517600000,0.55
638521200000,0.374
638524800000,0.164
638528400000,0.029
638532000000,0.0
638535600000,0.0
638539200000,0.0
638542800000,0.0
638546400000,0.0
638550000000,0.0
638553600000,0.0
638557200000,0.0
638560800000,0.0
638564400000,0.0
638568000000,0.0
638571600000,0.0
638575200000,0.065
638578800000,0.284
638582400000,0.481
638586000000,0.623
638589600000,0.712
638593200000,0.752
638596800000,0.747
638600400000,0.698
638604000000,0.586
638607600000,0.44
638611200000,0.236
638614800000,0.047
638618400000,0.0
638622000000,0.0
638625600000,0.0
638629200000,0.0
638632800000,0.0
638636400000,0.0
638640000000,0.0
638643600000,0.0
638647200000,0.0
638650800000,0.0
638654400000,0.0
638658000000,0.0
638661600000,0.067
638665200000,0.278
638668800000,0.469
638672400000,0.606
638676000000,0.681
638679600000,0.72
638683200000,0.702
638686800000,0.59
638690400000,0.478
638694000000,0.313
638697600000,0.174
638701200000,0.035
638704800000,0.0
638708400000,0.0
638712000000,0.0
638715600000,0.0
638719200000,0.0
638722800000,0.0
638726400000,0.0
638730000000,0.0
638733600000,0.0
638737200000,0.0
638740800000,0.0
638744400000,0.0
638748000000,0.059
638751600000,0.27
638755200000,0.468
638758800000,0.612
638762400000,0.7
638766000000,0.74
638769600000,0.731
638773200000,0.658
638776800000,0.542
638780400000,0.38
638784000000,0.188
638787600000,0.039
638791200000,0.0
638794800000,0.0
638798400000,0.0
638802000000,0.0
638805600000,0.0
638809200000,0.0
638812800000,0.0
638816400000,0.0
638820000000,0.0
638823600000,0.0
638827200000,0.0
638830800000,0.0
638834400000,0.061
638838000000,0.268
638841600000,0.463
638845200000,0.606
638848800000,0.697
638852400000,0.736
638856000000,0.735
638859600000,0.683
638863200000,0.563
638866800000,0.422
638870400000,0.22
638874000000,0.042
638877600000,0.0
638881200000,0.0
638884800000,0.0
638888400000,0.0
638892000000,0.0
638895600000,0.0
638899200000,0.0
638902800000,0.0
638906400000,0.0
638910000000,0.0
638913600000,0.0
638917200000,0.0
638920800000,0.065
638924400000,0.279
638928000000,0.473
638931600000,0.616
638935200000,0.705
638938800000,0.746
638942400000,0.742
638946000000,0.693
638949600000,0.601
638953200000,0.449
638956800000,0.26
638960400000,0.057
638964000000,0.0
638967600000,0.0
638971200000,0.0
638974800000,0.0
638978400000,0.0
638982000000,0.0
638985600000,0.0
638989200000,0.0
638992800000,0.0
638996400000,0.0
639000000000,0.0
639003600000,0.0
639007200000,0.06
639010800000,0.26
639014400000,0.469
639018000000,0.611
639021600000,0.7
639025200000,0.739
639028800000,0.724
639032400000,0.66
639036000000,0.553
639039600000,0.413
639043200000,0.23
639046800000,0.04
639050400000,0.0
639054000000,0.0
639057600000,0.0
639061200000,0.0
639064800000,0.0
639068400000,0.0
639072000000,0.0
639075600000,0.0
639079200000,0.0
639082800000,0.0
639086400000,0.0
639090000000,0.0
639093600000,0.071
639097200000,0.289
639100800000,0.482
639104400000,0.624
639108000000,0.713
639111600000,0.753
639115200000,0.748
639118800000,0.7
639122400000,0.601
639126000000,0.458
639129600000,0.269
639133200000,0.065
639136800000,0.0
639140400000,0.0
639144000000,0.0
639147600000,0.0
639151200000,0.0
639154800000,0.0
639158400000,0.0
639162000000,0.0
639165600000,0.0
639169200000,0.0
639172800000,0.0
639176400000,0.0
639180000000,0.071
639183600000,0.28
639187200000,0.47
639190800000,0.61
639194400000,0.699
639198000000,0.738
639201600000,0.734
639205200000,0.679
639208800000,0.564
639212400000,0.387
639216000000,0.212
639219600000,0.039
639223200000,0.0
639226800000,0.0
639230400000,0.0
639234000000,0.0
639237600000,0.0
639241200000,0.0
639244800000,0.0
639248400000,0.0
639252000000,0.0
639255600000,0.0
639259200000,0.0
639262800000,0.0
639266400000,0.073
639270000000,0.286
639273600000,0.477
639277200000,0.618
639280800000,0.707
639284400000,0.747
639288000000,0.742
639291600000,0.694
639295200000,0.598
639298800000,0.431
639302400000,0.235
639306000000,0.057
639309600000,0.0
639313200000,0.0
639316800000,0.0
639320400000,0.0
639324000000,0.0
639327600000,0.0
639331200000,0.0
639334800000,0.0
639338400000,0.0
639342000000,0.0
639345600000,0.0
639349200000,0.0
639352800000,0.076
639356400000,0.288
639360000000,0.478
639363600000,0.615
639367200000,0.704
639370800000,0.744
639374400000,0.742
639378000000,0.687
639381600000,0.575
639385200000,0.421
639388800000,0.23
639392400000,0.047
639396000000,0.0
639399600000,0.0
639403200000,0.0
639406800000,0.0
639410400000,0.0
639414000000,0.0
639417600000,0.0
639421200000,0.0
639424800000,0.0
639428400000,0.0
639432000000,0.0
639435600000,0.0
639439200000,0.077
639442800000,0.277
639446400000,0.473
639450000000,0.607
639453600000,0.693
639457200000,0.735
639460800000,0.733
639464400000,0.683
639468000000,0.582
639471600000,0.439
639475200000,0.247
639478800000,0.064
639482400000,0.0
639486000000,0.0
639489600000,0.0
639493200000,0.0
639496800000,0.0
639500400000,0.0
639504000000,0.0
639507600000,0.0
639511200000,0.0
639514800000,0.0
639518400000,0.0
639522000000,0.0
639525600000,0.078
639529200000,0.291
639532800000,0.479
639536400000,0.618
639540000000,0.705
639543600000,0.743
639547200000,0.73
639550800000,0.655
639554400000,0.539
639558000000,0.371
639561600000,0.188
639565200000,0.037
639568800000,0.0
639572400000,0.0
639576000000,0.0
639579600000,0.0
639583200000,0.0
639586800000,0.0
639590400000,0.0
639594000000,0.0
639597600000,0.0
639601200000,0.0
639604800000,0.0
639608400000,0.0
639612000000,0.052
639615600000,0.225
639619200000,0.417
639622800000,0.571
639626400000,0.663
639630000000,0.69
639633600000,0.647
639637200000,0.551
639640800000,0.453
639644400000,0.357
639648000000,0.212
639651600000,0.055
639655200000,0.0
639658800000,0.0
639662400000,0.0
639666000000,0.0
639669600000,0.0
639673200000,0.0
639676800000,0.0
639680400000,0.0
639684000000,0.0
639687600000,0.0
639691200000,0.0
639694800000,0.0
639698400000,0.076
639702000000,0.292
639705600000,0.482
639709200000,0.617
639712800000,0.7
639716400000,0.737
639720000000,0.734
639723600000,0.684
639727200000,0.584
639730800000,0.405
639734400000,0.231
639738000000,0.058
639741600000,0.0
639745200000,0.0
639748800000,0.0
639752400000,0.0
639756000000,0.0
639759600000,0.0
639763200000,0.0
639766800000,0.0
639770400000,0.0
639774000000,0.0
639777600000,0.0
639781200000,0.0
639784800000,0.08
639788400000,0.297
639792000000,0.485
639795600000,0.621
639799200000,0.707
639802800000,0.745
639806400000,0.743
639810000000,0.686
639813600000,0.585
639817200000,0.447
639820800000,0.251
639824400000,0.054
639828000000,0.0
639831600000,0.0
639835200000,0.0
639838800000,0.0
639842400000,0.0
639846000000,0.0
639849600000,0.0
639853200000,0.0
639856800000,0.0
639860400000,0.0
639864000000,0.0
639867600000,0.0
639871200000,0.073
639874800000,0.28
639878400000,0.469
639882000000,0.603
639885600000,0.69
639889200000,0.728
639892800000,0.723
639896400000,0.672
639900000000,0.583
639903600000,0.427
639907200000,0.224
639910800000,0.051
639914400000,0.0
639918000000,0.0
639921600000,0.0
639925200000,0.0
639928800000,0.0
639932400000,0.0
639936000000,0.0
639939600000,0.0
639943200000,0.0
639946800000,0.0
639950400000,0.0
639954000000,0.0
639957600000,0.057
639961200000,0.24
639964800000,0.435
639968400000,0.565
639972000000,0.652
639975600000,0.703
639979200000,0.685
639982800000,0.631
639986400000,0.464
639990000000,0.318
639993600000,0.178
639997200000,0.045
640000800000,0.0
640004400000,0.0
640008000000,0.0
640011600000,0.0
640015200000,0.0
640018800000,0.0
640022400000,0.0
640026000000,0.0
640029600000,0.0
640033200000,0.0
640036800000,0.0
640040400000,0.0
640044000000,0.079
640047600000,0.29
640051200000,0.476
640054800000,0.612
640058400000,0.698
640062000000,0.738
640065600000,0.735
640069200000,0.687
640072800000,0.595
640076400000,0.452
640080000000,0.261
640083600000,0.067
640087200000,0.0
640090800000,0.0
640094400000,0.0
640098000000,0.0
640101600000,0.0
640105200000,0.0
640108800000,0.0
640112400000,0.0
640116000000,0.0
640119600000,0.0
640123200000,0.0
640126800000,0.0
640130400000,0.073
640134000000,0.282
640137600000,0.468
640141200000,0.605
640144800000,0.693
640148400000,0.736
640152000000,0.734
640155600000,0.689
640159200000,0.595
640162800000,0.456
640166400000,0.273
640170000000,0.076
640173600000,0.0
640177200000,0.0
640180800000,0.0
640184400000,0.0
640188000000,0.0
640191600000,0.0
640195200000,0.0
640198800000,0.0
640202400000,0.0
640206000000,0.0
640209600000,0.0
640213200000,0.0
640216800000,0.084
640220400000,0.291
640224000000,0.476
640227600000,0.612
640231200000,0.699
640234800000,0.739
640238400000,0.735
640242000000,0.688
640245600000,0.596
640249200000,0.454
640252800000,0.271
640256400000,0.076
640260000000,0.0
640263600000,0.0
640267200000,0.0
640270800000,0.0
640274400000,0.0
640278000000,0.0
640281600000,0.0
640285200000,0.0
640288800000,0.0
640292400000,0.0
640296000000,0.0
640299600000,0.0
640303200000,0.081
640306800000,0.289
640310400000,0.471
640314000000,0.606
640317600000,0.692
640321200000,0.724
640324800000,0.715
640328400000,0.66
640332000000,0.557
640335600000,0.401
640339200000,0.245
640342800000,0.07
640346400000,0.0
640350000000,0.0
640353600000,0.0
640357200000,0.0
640360800000,0.0
640364400000,0.0
640368000000,0.0
640371600000,0.0
640375200000,0.0
640378800000,0.0
640382400000,0.0
640386000000,0.0
640389600000,0.061
640393200000,0.242
640396800000,0.427
640400400000,0.575
640404000000,0.668
640407600000,0.708
640411200000,0.699
640414800000,0.639
640418400000,0.552
640422000000,0.393
640425600000,0.222
640429200000,0.056
640432800000,0.0
640436400000,0.0
640440000000,0.0
640443600000,0.0
640447200000,0.0
640450800000,0.0
640454400000,0.0
640458000000,0.0
640461600000,0.0
640465200000,0.0
640468800000,0.0
640472400000,0.0
640476000000,0.063
640479600000,0.241
640483200000,0.426
640486800000,0.567
640490400000,0.655
640494000000,0.695
640497600000,0.677
640501200000,0.606
640504800000,0.528
640508400000,0.41
640512000000,0.246
640515600000,0.069
640519200000,0.0
640522800000,0.0
640526400000,0.0
640530000000,0.0
640533600000,0.0
640537200000,0.0
640540800000,0.0
640544400000,0.0
640548000000,0.0
640551600000,0.0
640555200000,0.0
640558800000,0.0
640562400000,0.06
640566000000,0.221
640569600000,0.391
640573200000,0.537
640576800000,0.642
640580400000,0.698
640584000000,0.701
640587600000,0.665
640591200000,0.583
640594800000,0.448
640598400000,0.266
640602000000,0.071
640605600000,0.0
640609200000,0.0
640612800000,0.0
640616400000,0.0
640620000000,0.0
640623600000,0.0
640627200000,0.0
640630800000,0.0
640634400000,0.0
640638000000,0.0
640641600000,0.0
640645200000,0.0
640648800000,0.078
640652400000,0.265
640656000000,0.44
640659600000,0.567
640663200000,0.659
640666800000,0.699
640670400000,0.686
640674000000,0.625
640677600000,0.521
640681200000,0.324
640684800000,0.179
640688400000,0.047
640692000000,0.0
640695600000,0.0
640699200000,0.0
640702800000,0.0
640706400000,0.0
640710000000,0.0
640713600000,0.0
640717200000,0.0
640720800000,0.0
640724400000,0.0
640728000000,0.0
640731600000,0.0
640735200000,0.078
640738800000,0.27
640742400000,0.447
640746000000,0.576
640749600000,0.652
640753200000,0.686
640756800000,0.673
640760400000,0.611
640764000000,0.488
640767600000,0.329
640771200000,0.168
640774800000,0.044
640778400000,0.0
640782000000,0.0
640785600000,0.0
640789200000,0.0
640792800000,0.0
640796400000,0.0
640800000000,0.0
640803600000,0.0
640807200000,0.0
640810800000,0.0
640814400000,0.0
640818000000,0.0
640821600000,0.056
640825200000,0.174
640828800000,0.298
640832400000,0.425
640836000000,0.538
640839600000,0.582
640843200000,0.589
640846800000,0.514
640850400000,0.398
640854000000,0.261
640857600000,0.138
640861200000,0.036
640864800000,0.0
640868400000,0.0
640872000000,0.0
640875600000,0.0
640879200000,0.0
640882800000,0.0
640886400000,0.0
640890000000,0.0
640893600000,0.0
640897200000,0.0
640900800000,0.0
640904400000,0.0
640908000000,0.081
640911600000,0.273
640915200000,0.444
640918800000,0.574
640922400000,0.656
640926000000,0.701
640929600000,0.686
640933200000,0.632
640936800000,0.532
640940400000,0.392
640944000000,0.226
640947600000,0.062
640951200000,0.0
640954800000,0.0
640958400000,0.0
640962000000,0.0
640965600000,0.0
640969200000,0.0
640972800000,0.0
640976400000,0.0
640980000000,0.0
640983600000,0.0
640987200000,0.0
640990800000,0.0
640994400000,0.057
640998000000,0.205
641001600000,0.363
641005200000,0.493
641008800000,0.577
641012400000,0.616
641016000000,0.615
641019600000,0.566
641023200000,0.477
641026800000,0.332
641030400000,0.171
641034000000,0.042
641037600000,0.0
641041200000,0.0
641044800000,0.0
641048400000,0.0
641052000000,0.0
641055600000,0.0
641059200000,0.0
641062800000,0.0
641066400000,0.0
641070000000,0.0
641073600000,0.0
641077200000,0.0
641080800000,0.037
641084400000,0.159
641088000000,0.303
641091600000,0.423
641095200000,0.498
641098800000,0.536
641102400000,0.55
641106000000,0.525
641109600000,0.458
641113200000,0.367
641116800000,0.226
641120400000,0.067
641124000000,0.0
641127600000,0.0
641131200000,0.0
641134800000,0.0
641138400000,0.0
641142000000,0.0
641145600000,0.0
641149200000,0.0
641152800000,0.0
641156400000,0.0
641160000000,0.0
641163600000,0.0
641167200000,0.086
641170800000,0.28
641174400000,0.458
641178000000,0.595
641181600000,0.683
641185200000,0.724
641188800000,0.724
641192400000,0.681
641196000000,0.594
641199600000,0.46
641203200000,0.278
641206800000,0.083
641210400000,0.0
641214000000,0.0
641217600000,0.0
641221200000,0.0
641224800000,0.0
641228400000,0.0
641232000000,0.0
641235600000,0.0
641239200000,0.0
641242800000,0.0
641246400000,0.0
641250000000,0.0
641253600000,0.095
641257200000,0.301
641260800000,0.485
641264400000,0.618
641268000000,0.701
641271600000,0.738
641275200000,0.734
641278800000,0.689
641282400000,0.6
641286000000,0.465
641289600000,0.286
641293200000,0.088
641296800000,0.0
641300400000,0.0
641304000000,0.0
641307600000,0.0
641311200000,0.0
641314800000,0.0
641318400000,0.0
641322000000,0.0
641325600000,0.0
641329200000,0.0
641332800000,0.0
641336400000,0.0
641340000000,0.073
641343600000,0.262
641347200000,0.451
641350800000,0.592
641354400000,0.679
641358000000,0.717
641361600000,0.712
641365200000,0.666
641368800000,0.568
641372400000,0.431
641376000000,0.251
641379600000,0.071
641383200000,0.0
641386800000,0.0
641390400000,0.0
641394000000,0.0
641397600000,0.0
641401200000,0.0
641404800000,0.0
641408400000,0.0
641412000000,0.0
641415600000,0.0
641419200000,0.0
641422800000,0.0
641426400000,0.073
641430000000,0.255
641433600000,0.434
641437200000,0.573
641440800000,0.664
641444400000,0.709
641448000000,0.71
641451600000,0.666
641455200000,0.569
641458800000,0.421
641462400000,0.236
641466000000,0.068
641469600000,0.0
641473200000,0.0
641476800000,0.0
641480400000,0.0
641484000000,0.0
641487600000,0.0
641491200000,0.0
641494800000,0.0
641498400000,0.0
641502000000,0.0
641505600000,0.0
641509200000,0.0
641512800000,0.074
641516400000,0.268
641520000000,0.445
641523600000,0.578
641527200000,0.666
641530800000,0.715
641534400000,0.718
641538000000,0.674
641541600000,0.562
641545200000,0.395
641548800000,0.192
641552400000,0.05
641556000000,0.0
641559600000,0.0
641563200000,0.0
641566800000,0.0
641570400000,0.0
641574000000,0.0
641577600000,0.0
641581200000,0.0
641584800000,0.0
641588400000,0.0
641592000000,0.0
641595600000,0.0
641599200000,0.093
641602800000,0.295
641606400000,0.474
641610000000,0.606
641613600000,0.69
641617200000,0.727
641620800000,0.723
641624400000,0.662
641628000000,0.518
641631600000,0.369
641635200000,0.223
641638800000,0.067
641642400000,0.0
641646000000,0.0
641649600000,0.0
641653200000,0.0
641656800000,0.0
641660400000,0.0
641664000000,0.0
641667600000,0.0
641671200000,0.0
641674800000,0.0
641678400000,0.0
641682000000,0.0
641685600000,0.088
641689200000,0.288
641692800000,0.462
641696400000,0.59
641700000000,0.674
641703600000,0.715
641707200000,0.712
641710800000,0.667
641714400000,0.558
641718000000,0.412
641721600000,0.23
641725200000,0.069
641728800000,0.0
641732400000,0.0
641736000000,0.0
641739600000,0.0
641743200000,0.0
641746800000,0.0
641750400000,0.0
641754000000,0.0
641757600000,0.0
641761200000,0.0
641764800000,0.0
641768400000,0.0
641772000000,0.08
641775600000,0.257
641779200000,0.414
641782800000,0.535
641786400000,0.61
641790000000,0.645
641793600000,0.611
641797200000,0.531
641800800000,0.422
641804400000,0.293
641808000000,0.177
641811600000,0.061
641815200000,0.0
641818800000,0.0
641822400000,0.0
641826000000,0.0
641829600000,0.0
641833200000,0.0
641836800000,0.0
641840400000,0.0
641844000000,0.0
641847600000,0.0
641851200000,0.0
641854800000,0.0
641858400000,0.052
641862000000,0.195
641865600000,0.363
641869200000,0.511
641872800000,0.61
641876400000,0.663
641880000000,0.676
641883600000,0.634
641887200000,0.535
641890800000,0.355
641894400000,0.199
641898000000,0.054
641901600000,0.0
641905200000,0.0
641908800000,0.0
641912400000,0.0
641916000000,0.0
641919600000,0.0
641923200000,0.0
641926800000,0.0
641930400000,0.0
641934000000,0.0
641937600000,0.0
641941200000,0.0
641944800000,0.094
641948400000,0.287
641952000000,0.463
641955600000,0.594
641959200000,0.676
641962800000,0.712
641966400000,0.703
641970000000,0.643
641973600000,0.488
641977200000,0.361
641980800000,0.197
641984400000,0.053
641988000000,0.0
641991600000,0.0
641995200000,0.0
641998800000,0.0
642002400000,0.0
642006000000,0.0
642009600000,0.0
642013200000,0.0
642016800000,0.0
642020400000,0.0
642024000000,0.0
642027600000,0.0
642031200000,0.06
642034800000,0.21
642038400000,0.374
642042000000,0.509
642045600000,0.61
642049200000,0.654
642052800000,0.646
642056400000,0.598
642060000000,0.502
642063600000,0.353
642067200000,0.166
642070800000,0.049
642074400000,0.0
642078000000,0.0
642081600000,0.0
642085200000,0.0
642088800000,0.0
642092400000,0.0
642096000000,0.0
642099600000,0.0
642103200000,0.0
642106800000,0.0
642110400000,0.0
642114000000,0.0
642117600000,0.091
642121200000,0.278
642124800000,0.448
642128400000,0.577
642132000000,0.651
642135600000,0.68
642139200000,0.667
642142800000,0.596
642146400000,0.474
642150000000,0.306
642153600000,0.171
642157200000,0.05
642160800000,0.0
642164400000,0.0
642168000000,0.0
642171600000,0.0
642175200000,0.0
642178800000,0.0
642182400000,0.0
642186000000,0.0
642189600000,0.0
642193200000,0.0
642196800000,0.0
642200400000,0.0
642204000000,0.066
642207600000,0.208
642211200000,0.345
642214800000,0.512
642218400000,0.626
642222000000,0.682
642225600000,0.687
642229200000,0.649
642232800000,0.549
642236400000,0.41
642240000000,0.236
642243600000,0.063
642247200000,0.0
642250800000,0.0
642254400000,0.0
642258000000,0.0
642261600000,0.0
642265200000,0.0
642268800000,0.0
642272400000,0.0
642276000000,0.0
642279600000,0.0
642283200000,0.0
642286800000,0.0
642290400000,0.067
642294000000,0.222
642297600000,0.371
642301200000,0.496
642304800000,0.574
642308400000,0.573
642312000000,0.548
642315600000,0.496
642319200000,0.372
642322800000,0.233
642326400000,0.124
642330000000,0.034
642333600000,0.0
642337200000,0.0
642340800000,0.0
642344400000,0.0
642348000000,0.0
642351600000,0.0
642355200000,0.0
642358800000,0.0
642362400000,0.0
642366000000,0.0
642369600000,0.0
642373200000,0.0
642376800000,0.072
642380400000,0.229
642384000000,0.38
642387600000,0.502
642391200000,0.584
642394800000,0.617
642398400000,0.618
642402000000,0.57
642405600000,0.462
642409200000,0.293
642412800000,0.134
642416400000,0.034
642420000000,0.0
642423600000,0.0
642427200000,0.0
642430800000,0.0
642434400000,0.0
642438000000,0.0
642441600000,0.0
642445200000,0.0
642448800000,0.0
642452400000,0.0
642456000000,0.0
642459600000,0.0
642463200000,0.032
642466800000,0.125
642470400000,0.233
642474000000,0.329
642477600000,0.381
642481200000,0.4
642484800000,0.383
642488400000,0.324
642492000000,0.256
642495600000,0.185
642499200000,0.096
642502800000,0.024
642506400000,0.0
642510000000,0.0
642513600000,0.0
642517200000,0.0
642520800000,0.0
642524400000,0.0
642528000000,0.0
642531600000,0.0
642535200000,0.0
642538800000,0.0
642542400000,0.0
642546000000,0.0
642549600000,0.089
642553200000,0.278
642556800000,0.451
642560400000,0.586
642564000000,0.674
642567600000,0.716
642571200000,0.713
642574800000,0.664
642578400000,0.57
642582000000,0.403
642585600000,0.2
642589200000,0.042
642592800000,0.0
642596400000,0.0
642600000000,0.0
642603600000,0.0
642607200000,0.0
642610800000,0.0
642614400000,0.0
642618000000,0.0
642621600000,0.0
642625200000,0.0
642628800000,0.0
642632400000,0.0
642636000000,0.036
642639600000,0.116
642643200000,0.198
642646800000,0.284
642650400000,0.359
642654000000,0.394
642657600000,0.392
642661200000,0.369
642664800000,0.311
642668400000,0.237
642672000000,0.134
642675600000,0.037
642679200000,0.0
642682800000,0.0
642686400000,0.0
642690000000,0.0
642693600000,0.0
642697200000,0.0
642700800000,0.0
642704400000,0.0
642708000000,0.0
642711600000,0.0
642715200000,0.0
642718800000,0.0
642722400000,0.048
642726000000,0.161
642729600000,0.277
642733200000,0.38
642736800000,0.462
642740400000,0.515
642744000000,0.522
642747600000,0.485
642751200000,0.409
642754800000,0.301
642758400000,0.182
642762000000,0.061
642765600000,0.0
642769200000,0.0
642772800000,0.0
642776400000,0.0
642780000000,0.0
642783600000,0.0
642787200000,0.0
642790800000,0.0
642794400000,0.0
642798000000,0.0
642801600000,0.0
642805200000,0.0
642808800000,0.072
642812400000,0.234
642816000000,0.401
642819600000,0.527
642823200000,0.607
642826800000,0.617
642830400000,0.569
642834000000,0.482
642837600000,0.389
642841200000,0.284
642844800000,0.158
642848400000,0.049
642852000000,0.0
642855600000,0.0
642859200000,0.0
642862800000,0.0
642866400000,0.0
642870000000,0.0
642873600000,0.0
642877200000,0.0
642880800000,0.0
642884400000,0.0
642888000000,0.0
642891600000,0.0
642895200000,0.084
642898800000,0.267
642902400000,0.432
642906000000,0.559
642909600000,0.642
642913200000,0.675
642916800000,0.66
642920400000,0.614
642924000000,0.5
642927600000,0.311
642931200000,0.176
642934800000,0.055
642938400000,0.0
642942000000,0.0
642945600000,0.0
642949200000,0.0
642952800000,0.0
642956400000,0.0
642960000000,0.0
642963600000,0.0
642967200000,0.0
642970800000,0.0
642974400000,0.0
642978000000,0.0
642981600000,0.1
642985200000,0.293
642988800000,0.461
642992400000,0.585
642996000000,0.664
642999600000,0.7
643003200000,0.694
643006800000,0.634
643010400000,0.498
643014000000,0.376
643017600000,0.203
643021200000,0.067
643024800000,0.0
643028400000,0.0
643032000000,0.0
643035600000,0.0
643039200000,0.0
643042800000,0.0
643046400000,0.0
643050000000,0.0
643053600000,0.0
643057200000,0.0
643060800000,0.0
643064400000,0.0
643068000000,0.074
643071600000,0.233
643075200000,0.377
643078800000,0.477
643082400000,0.54
643086000000,0.545
643089600000,0.484
643093200000,0.455
643096800000,0.379
643100400000,0.247
643104000000,0.148
643107600000,0.047
643111200000,0.0
643114800000,0.0
643118400000,0.0
643122000000,0.0
643125600000,0.0
643129200000,0.0
643132800000,0.0
643136400000,0.0
643140000000,0.0
643143600000,0.0
643147200000,0.0
643150800000,0.0
643154400000,0.057
643158000000,0.187
643161600000,0.31
643165200000,0.399
643168800000,0.441
643172400000,0.435
643176000000,0.384
643179600000,0.286
643183200000,0.209
643186800000,0.133
643190400000,0.069
643194000000,0.017
643197600000,0.0
643201200000,0.0
643204800000,0.0
643208400000,0.0
643212000000,0.0
643215600000,0.0
643219200000,0.0
643222800000,0.0
643226400000,0.0
643230000000,0.0
643233600000,0.0
643237200000,0.0
643240800000,0.017
643244400000,0.067
643248000000,0.119
643251600000,0.157
643255200000,0.195
643258800000,0.234
643262400000,0.258
643266000000,0.258
643269600000,0.231
643273200000,0.187
643276800000,0.121
643280400000,0.038
643284000000,0.0
643287600000,0.0
643291200000,0.0
643294800000,0.0
643298400000,0.0
643302000000,0.0
643305600000,0.0
643309200000,0.0
643312800000,0.0
643316400000,0.0
643320000000,0.0
643323600000,0.0
643327200000,0.039
643330800000,0.146
643334400000,0.202
643338000000,0.275
643341600000,0.335
643345200000,0.365
643348800000,0.352
643352400000,0.31
643356000000,0.252
643359600000,0.176
643363200000,0.096
643366800000,0.025
643370400000,0.0
643374000000,0.0
643377600000,0.0
643381200000,0.0
643384800000,0.0
643388400000,0.0
643392000000,0.0
643395600000,0.0
643399200000,0.0
643402800000,0.0
643406400000,0.0
643410000000,0.0
643413600000,0.042
643417200000,0.155
643420800000,0.267
643424400000,0.355
643428000000,0.404
643431600000,0.391
643435200000,0.327
643438800000,0.256
643442400000,0.167
643446000000,0.103
643449600000,0.045
643453200000,0.006
643456800000,0.0
643460400000,0.0
643464000000,0.0
643467600000,0.0
643471200000,0.0
643474800000,0.0
643478400000,0.0
643482000000,0.0
643485600000,0.0
643489200000,0.0
643492800000,0.0
643496400000,0.0
643500000000,0.024
643503600000,0.087
643507200000,0.161
643510800000,0.243
643514400000,0.312
643518000000,0.341
643521600000,0.335
643525200000,0.304
643528800000,0.247
643532400000,0.176
643536000000,0.097
643539600000,0.027
643543200000,0.0
643546800000,0.0
643550400000,0.0
643554000000,0.0
643557600000,0.0
643561200000,0.0
643564800000,0.0
643568400000,0.0
643572000000,0.0
643575600000,0.0
643579200000,0.0
643582800000,0.0
643586400000,0.044
643590000000,0.142
643593600000,0.246
643597200000,0.327
643600800000,0.385
643604400000,0.401
643608000000,0.379
643611600000,0.341
643615200000,0.289
643618800000,0.22
643622400000,0.135
643626000000,0.039
643629600000,0.0
643633200000,0.0
643636800000,0.0
643640400000,0.0
643644000000,0.0
643647600000,0.0
643651200000,0.0
643654800000,0.0
643658400000,0.0
643662000000,0.0
643665600000,0.0
643669200000,0.0
643672800000,0.042
643676400000,0.136
643680000000,0.244
643683600000,0.338
643687200000,0.424
643690800000,0.452
643694400000,0.435
643698000000,0.392
643701600000,0.359
643705200000,0.284
643708800000,0.168
643712400000,0.056
643716000000,0.0
643719600000,0.0
643723200000,0.0
643726800000,0.0
643730400000,0.0
643734000000,0.0
643737600000,0.0
643741200000,0.0
643744800000,0.0
643748400000,0.0
643752000000,0.0
643755600000,0.0
643759200000,0.047
643762800000,0.157
643766400000,0.272
643770000000,0.33
643773600000,0.344
643777200000,0.355
643780800000,0.302
643784400000,0.271
643788000000,0.219
643791600000,0.159
643795200000,0.091
643798800000,0.023
643802400000,0.0
643806000000,0.0
643809600000,0.0
643813200000,0.0
643816800000,0.0
643820400000,0.0
643824000000,0.0
643827600000,0.0
643831200000,0.0
643834800000,0.0
643838400000,0.0
643842000000,0.0
643845600000,0.056
643849200000,0.195
643852800000,0.339
643856400000,0.438
643860000000,0.502
643863600000,0.509
643867200000,0.488
643870800000,0.414
643874400000,0.315
643878000000,0.219
643881600000,0.116
643885200000,0.029
643888800000,0.0
643892400000,0.0
643896000000,0.0
643899600000,0.0
643903200000,0.0
643906800000,0.0
643910400000,0.0
643914000000,0.0
643917600000,0.0
643921200000,0.0
643924800000,0.0
643928400000,0.0
643932000000,0.049
643935600000,0.169
643939200000,0.282
643942800000,0.32
643946400000,0.32
643950000000,0.317
643953600000,0.295
643957200000,0.259
643960800000,0.215
643964400000,0.15
643968000000,0.082
643971600000,0.021
643975200000,0.0
643978800000,0.0
643982400000,0.0
643986000000,0.0
643989600000,0.0
643993200000,0.0
643996800000,0.0
644000400000,0.0
644004000000,0.0
644007600000,0.0
644011200000,0.0
644014800000,0.0
644018400000,0.038
644022000000,0.117
644025600000,0.191
644029200000,0.245
644032800000,0.29
644036400000,0.311
644040000000,0.341
644043600000,0.331
644047200000,0.249
644050800000,0.154
644054400000,0.075
644058000000,0.016
644061600000,0.0
644065200000,0.0
644068800000,0.0
644072400000,0.0
644076000000,0.0
644079600000,0.0
644083200000,0.0
644086800000,0.0
644090400000,0.0
644094000000,0.0
644097600000,0.0
644101200000,0.0
644104800000,0.02
644108400000,0.075
644112000000,0.145
644115600000,0.236
644119200000,0.277
644122800000,0.262
644126400000,0.249
644130000000,0.22
644133600000,0.18
644137200000,0.129
644140800000,0.069
644144400000,0.014
644148000000,0.0
644151600000,0.0
644155200000,0.0
644158800000,0.0
644162400000,0.0
644166000000,0.0
644169600000,0.0
644173200000,0.0
644176800000,0.0
644180400000,0.0
644184000000,0.0
644187600000,0.0
644191200000,0.032
644194800000,0.112
644198400000,0.199
644202000000,0.284
644205600000,0.352
644209200000,0.417
644212800000,0.451
644216400000,0.451
644220000000,0.389
644223600000,0.29
644227200000,0.146
644230800000,0.039
644234400000,0.0
644238000000,0.0
644241600000,0.0
644245200000,0.0
644248800000,0.0
644252400000,0.0
644256000000,0.0
644259600000,0.0
644263200000,0.0
644266800000,0.0
644270400000,0.0
644274000000,0.0
644277600000,0.063
644281200000,0.187
644284800000,0.301
644288400000,0.394
644292000000,0.442
644295600000,0.455
644299200000,0.441
644302800000,0.408
644306400000,0.346
644310000000,0.261
644313600000,0.157
644317200000,0.049
644320800000,0.0
644324400000,0.0
644328000000,0.0
644331600000,0.0
644335200000,0.0
644338800000,0.0
644342400000,0.0
644346000000,0.0
644349600000,0.0
644353200000,0.0
644356800000,0.0
644360400000,0.0
644364000000,0.056
644367600000,0.184
644371200000,0.328
644374800000,0.443
644378400000,0.502
644382000000,0.506
644385600000,0.498
644389200000,0.46
644392800000,0.393
644396400000,0.292
644400000000,0.174
644403600000,0.055
644407200000,0.0
644410800000,0.0
644414400000,0.0
644418000000,0.0
644421600000,0.0
644425200000,0.0
644428800000,0.0
644432400000,0.0
644436000000,0.0
644439600000,0.0
644443200000,0.0
644446800000,0.0
644450400000,0.069
644454000000,0.201
644457600000,0.334
644461200000,0.433
644464800000,0.495
644468400000,0.524
644472000000,0.54
644475600000,0.516
644479200000,0.444
644482800000,0.333
644486400000,0.2
644490000000,0.068
644493600000,0.0
644497200000,0.0
644500800000,0.0
644504400000,0.0
644508000000,0.0
644511600000,0.0
644515200000,0.0
644518800000,0.0
644522400000,0.0
644526000000,0.0
644529600000,0.0
644533200000,0.0
644536800000,0.045
644540400000,0.141
644544000000,0.239
644547600000,0.319
644551200000,0.388
644554800000,0.427
644558400000,0.431
644562000000,0.404
644565600000,0.335
644569200000,0.238
644572800000,0.135
644576400000,0.039
644580000000,0.0
644583600000,0.0
644587200000,0.0
644590800000,0.0
644594400000,0.0
644598000000,0.0
644601600000,0.0
644605200000,0.0
644608800000,0.0
644612400000,0.0
644616000000,0.0
644619600000,0.0
644623200000,0.098
644626800000,0.275
644630400000,0.432
644634000000,0.549
644637600000,0.622
644641200000,0.65
644644800000,0.633
644648400000,0.566
644652000000,0.482
644655600000,0.366
644659200000,0.223
644662800000,0.07
644666400000,0.0
644670000000,0.0
644673600000,0.0
644677200000,0.0
644680800000,0.0
644684400000,0.0
644688000000,0.0
644691600000,0.0
644695200000,0.0
644698800000,0.0
644702400000,0.0
644706000000,0.0
644709600000,0.065
644713200000,0.19
644716800000,0.305
644720400000,0.384
644724000000,0.422
644727600000,0.421
644731200000,0.41
644734800000,0.367
644738400000,0.319
644742000000,0.24
644745600000,0.135
644749200000,0.044
644752800000,0.0
644756400000,0.0
644760000000,0.0
644763600000,0.0
644767200000,0.0
644770800000,0.0
644774400000,0.0
644778000000,0.0
644781600000,0.0
644785200000,0.0
644788800000,0.0
644792400000,0.0
644796000000,0.056
644799600000,0.192
644803200000,0.339
644806800000,0.405
644810400000,0.431
644814000000,0.4
644817600000,0.359
644821200000,0.294
644824800000,0.229
644828400000,0.154
644832000000,0.079
644835600000,0.019
644839200000,0.0
644842800000,0.0
644846400000,0.0
644850000000,0.0
644853600000,0.0
644857200000,0.0
644860800000,0.0
644864400000,0.0
644868000000,0.0
644871600000,0.0
644875200000,0.0
644878800000,0.0
644882400000,0.055
644886000000,0.198
644889600000,0.367
644893200000,0.491
644896800000,0.574
644900400000,0.598
644904000000,0.583
644907600000,0.545
644911200000,0.457
644914800000,0.35
644918400000,0.221
644922000000,0.079
644925600000,0.0
644929200000,0.0
644932800000,0.0
644936400000,0.0
644940000000,0.0
644943600000,0.0
644947200000,0.0
644950800000,0.0
644954400000,0.0
644958000000,0.0
644961600000,0.0
644965200000,0.0
644968800000,0.09
644972400000,0.273
644976000000,0.438
644979600000,0.566
644983200000,0.646
644986800000,0.67
644990400000,0.63
644994000000,0.516
644997600000,0.388
645001200000,0.287
645004800000,0.173
645008400000,0.055
645012000000,0.0
645015600000,0.0
645019200000,0.0
645022800000,0.0
645026400000,0.0
645030000000,0.0
645033600000,0.0
645037200000,0.0
645040800000,0.0
645044400000,0.0
645048000000,0.0
645051600000,0.0
645055200000,0.065
645058800000,0.205
645062400000,0.333
645066000000,0.45
645069600000,0.508
645073200000,0.513
645076800000,0.482
645080400000,0.419
645084000000,0.337
645087600000,0.208
645091200000,0.102
645094800000,0.024
645098400000,0.0
645102000000,0.0
645105600000,0.0
645109200000,0.0
645112800000,0.0
645116400000,0.0
645120000000,0.0
645123600000,0.0
645127200000,0.0
645130800000,0.0
645134400000,0.0
645138000000,0.0
645141600000,0.055
645145200000,0.171
645148800000,0.29
645152400000,0.406
645156000000,0.504
645159600000,0.573
645163200000,0.593
645166800000,0.561
645170400000,0.499
645174000000,0.401
645177600000,0.255
645181200000,0.085
645184800000,0.0
645188400000,0.0
645192000000,0.0
645195600000,0.0
645199200000,0.0
645202800000,0.0
645206400000,0.0
645210000000,0.0
645213600000,0.0
645217200000,0.0
645220800000,0.0
645224400000,0.0
645228000000,0.03
645231600000,0.112
645235200000,0.225
645238800000,0.347
645242400000,0.457
645246000000,0.499
645249600000,0.496
645253200000,0.407
645256800000,0.339
645260400000,0.229
645264000000,0.127
645267600000,0.041
645271200000,0.0
645274800000,0.0
645278400000,0.0
645282000000,0.0
645285600000,0.0
645289200000,0.0
645292800000,0.0
645296400000,0.0
645300000000,0.0
645303600000,0.0
645307200000,0.0
645310800000,0.0
645314400000,0.066
645318000000,0.209
645321600000,0.345
645325200000,0.462
645328800000,0.534
645332400000,0.574
645336000000,0.557
645339600000,0.484
645343200000,0.385
645346800000,0.268
645350400000,0.163
645354000000,0.052
645357600000,0.0
645361200000,0.0
645364800000,0.0
645368400000,0.0
645372000000,0.0
645375600000,0.0
645379200000,0.0
645382800000,0.0
645386400000,0.0
645390000000,0.0
645393600000,0.0
645397200000,0.0
645400800000,0.026
645404400000,0.075
645408000000,0.148
645411600000,0.221
645415200000,0.233
645418800000,0.217
645422400000,0.212
645426000000,0.208
645429600000,0.152
645433200000,0.094
645436800000,0.049
645440400000,0.012
645444000000,0.0
645447600000,0.0
645451200000,0.0
645454800000,0.0
645458400000,0.0
645462000000,0.0
645465600000,0.0
645469200000,0.0
645472800000,0.0
645476400000,0.0
645480000000,0.0
645483600000,0.0
645487200000,0.031
645490800000,0.113
645494400000,0.199
645498000000,0.271
645501600000,0.328
645505200000,0.348
645508800000,0.33
645512400000,0.286
645516000000,0.233
645519600000,0.174
645523200000,0.089
645526800000,0.021
645530400000,0.0
645534000000,0.0
645537600000,0.0
645541200000,0.0
645544800000,0.0
645548400000,0.0
645552000000,0.0
645555600000,0.0
645559200000,0.0
645562800000,0.0
645566400000,0.0
645570000000,0.0
645573600000,0.025
645577200000,0.098
645580800000,0.167
645584400000,0.196
645588000000,0.229
645591600000,0.264
645595200000,0.301
645598800000,0.287
645602400000,0.25
645606000000,0.172
645609600000,0.09
645613200000,0.024
645616800000,0.0
645620400000,0.0
645624000000,0.0
645627600000,0.0
645631200000,0.0
645634800000,0.0
645638400000,0.0
645642000000,0.0
645645600000,0.0
645649200000,0.0
645652800000,0.0
645656400000,0.0
645660000000,0.033
645663600000,0.109
645667200000,0.182
645670800000,0.248
645674400000,0.34
645678000000,0.387
645681600000,0.394
645685200000,0.386
645688800000,0.32
645692400000,0.228
645696000000,0.136
645699600000,0.04
645703200000,0.0
645706800000,0.0
645710400000,0.0
645714000000,0.0
645717600000,0.0
645721200000,0.0
645724800000,0.0
645728400000,0.0
645732000000,0.0
645735600000,0.0
645739200000,0.0
645742800000,0.0
645746400000,0.07
645750000000,0.204
645753600000,0.362
645757200000,0.51
645760800000,0.63
645764400000,0.692
645768000000,0.69
645771600000,0.645
645775200000,0.56
645778800000,0.429
645782400000,0.261
645786000000,0.079
645789600000,0.0
645793200000,0.0
645796800000,0.0
645800400000,0.0
645804000000,0.0
645807600000,0.0
645811200000,0.0
645814800000,0.0
645818400000,0.0
645822000000,0.0
645825600000,0.0
645829200000,0.0
645832800000,0.098
645836400000,0.274
645840000000,0.429
645843600000,0.559
645847200000,0.659
645850800000,0.708
645854400000,0.697
645858000000,0.649
645861600000,0.548
645865200000,0.4
645868800000,0.2
645872400000,0.056
645876000000,0.0
645879600000,0.0
645883200000,0.0
645886800000,0.0
645890400000,0.0
645894000000,0.0
645897600000,0.0
645901200000,0.0
645904800000,0.0
645908400000,0.0
645912000000,0.0
645915600000,0.0
645919200000,0.044
645922800000,0.142
645926400000,0.273
645930000000,0.397
645933600000,0.427
645937200000,0.414
645940800000,0.345
645944400000,0.289
645948000000,0.237
645951600000,0.176
645955200000,0.103
645958800000,0.021
645962400000,0.0
645966000000,0.0
645969600000,0.0
645973200000,0.0
645976800000,0.0
645980400000,0.0
645984000000,0.0
645987600000,0.0
645991200000,0.0
645994800000,0.0
645998400000,0.0
646002000000,0.0
646005600000,0.006
646009200000,0.037
646012800000,0.087
646016400000,0.151
646020000000,0.204
646023600000,0.208
646027200000,0.191
646030800000,0.163
646034400000,0.127
646038000000,0.096
646041600000,0.064
646045200000,0.022
646048800000,0.0
646052400000,0.0
646056000000,0.0
646059600000,0.0
646063200000,0.0
646066800000,0.0
646070400000,0.0
646074000000,0.0
646077600000,0.0
646081200000,0.0
646084800000,0.0
646088400000,0.0
646092000000,0.014
646095600000,0.068
646099200000,0.132
646102800000,0.178
646106400000,0.223
646110000000,0.202
646113600000,0.19
646117200000,0.195
646120800000,0.179
646124400000,0.134
646128000000,0.075
646131600000,0.024
646135200000,0.0
646138800000,0.0
646142400000,0.0
646146000000,0.0
646149600000,0.0
646153200000,0.0
646156800000,0.0
646160400000,0.0
646164000000,0.0
646167600000,0.0
646171200000,0.0
646174800000,0.0
646178400000,0.015
646182000000,0.054
646185600000,0.098
646189200000,0.136
646192800000,0.169
646196400000,0.205
646200000000,0.204
646203600000,0.177
646207200000,0.156
646210800000,0.112
646214400000,0.057
646218000000,0.012
646221600000,0.0
646225200000,0.0
646228800000,0.0
646232400000,0.0
646236000000,0.0
646239600000,0.0
646243200000,0.0
646246800000,0.0
646250400000,0.0
646254000000,0.0
646257600000,0.0
646261200000,0.0
646264800000,0.04
646268400000,0.138
646272000000,0.241
646275600000,0.353
646279200000,0.389
646282800000,0.405
646286400000,0.396
646290000000,0.403
646293600000,0.409
646297200000,0.337
646300800000,0.233
646304400000,0.086
646308000000,0.0
646311600000,0.0
646315200000,0.0
646318800000,0.0
646322400000,0.0
646326000000,0.0
646329600000,0.0
646333200000,0.0
646336800000,0.0
646340400000,0.0
646344000000,0.0
646347600000,0.0
646351200000,0.044
646354800000,0.141
646358400000,0.266
646362000000,0.397
646365600000,0.484
646369200000,0.509
646372800000,0.438
646376400000,0.354
646380000000,0.235
646383600000,0.136
646387200000,0.063
646390800000,0.011
646394400000,0.0
646398000000,0.0
646401600000,0.0
646405200000,0.0
646408800000,0.0
646412400000,0.0
646416000000,0.0
646419600000,0.0
646423200000,0.0
646426800000,0.0
646430400000,0.0
646434000000,0.0
646437600000,0.016
646441200000,0.062
646444800000,0.116
646448400000,0.162
646452000000,0.205
646455600000,0.209
646459200000,0.209
646462800000,0.18
646466400000,0.131
646470000000,0.081
646473600000,0.037
646477200000,0.006
646480800000,0.0
646484400000,0.0
646488000000,0.0
646491600000,0.0
646495200000,0.0
646498800000,0.0
646502400000,0.0
646506000000,0.0
646509600000,0.0
646513200000,0.0
646516800000,0.0
646520400000,0.0
646524000000,0.031
646527600000,0.12
646531200000,0.207
646534800000,0.271
646538400000,0.325
646542000000,0.341
646545600000,0.338
646549200000,0.318
646552800000,0.259
646556400000,0.193
646560000000,0.11
646563600000,0.034
646567200000,0.0
646570800000,0.0
646574400000,0.0
646578000000,0.0
646581600000,0.0
646585200000,0.0
646588800000,0.0
646592400000,0.0
646596000000,0.0
646599600000,0.0
646603200000,0.0
646606800000,0.0
646610400000,0.016
646614000000,0.058
646617600000,0.109
646621200000,0.173
646624800000,0.217
646628400000,0.246
646632000000,0.267
646635600000,0.258
646639200000,0.196
646642800000,0.131
646646400000,0.063
646650000000,0.014
646653600000,0.0
646657200000,0.0
646660800000,0.0
646664400000,0.0
646668000000,0.0
646671600000,0.0
646675200000,0.0
646678800000,0.0
646682400000,0.0
646686000000,0.0
646689600000,0.0
646693200000,0.0
646696800000,0.028
646700400000,0.096
646704000000,0.172
646707600000,0.242
646711200000,0.297
646714800000,0.32
646718400000,0.295
646722000000,0.271
646725600000,0.227
646729200000,0.174
646732800000,0.098
646736400000,0.027
646740000000,0.0
646743600000,0.0
646747200000,0.0
646750800000,0.0
646754400000,0.0
646758000000,0.0
646761600000,0.0
646765200000,0.0
646768800000,0.0
646772400000,0.0
646776000000,0.0
646779600000,0.0
646783200000,0.061
646786800000,0.207
646790400000,0.372
646794000000,0.492
646797600000,0.532
646801200000,0.494
646804800000,0.447
646808400000,0.394
646812000000,0.312
646815600000,0.207
646819200000,0.119
646822800000,0.034
646826400000,0.0
646830000000,0.0
646833600000,0.0
646837200000,0.0
646840800000,0.0
646844400000,0.0
646848000000,0.0
646851600000,0.0
646855200000,0.0
646858800000,0.0
646862400000,0.0
646866000000,0.0
646869600000,0.095
646873200000,0.275
646876800000,0.443
646880400000,0.572
646884000000,0.642
646887600000,0.671
646891200000,0.655
646894800000,0.601
646898400000,0.5
646902000000,0.366
646905600000,0.233
646909200000,0.085
646912800000,0.0
646916400000,0.0
646920000000,0.0
646923600000,0.0
646927200000,0.0
646930800000,0.0
646934400000,0.0
646938000000,0.0
646941600000,0.0
646945200000,0.0
646948800000,0.0
646952400000,0.0
646956000000,0.02
646959600000,0.095
646963200000,0.208
646966800000,0.334
646970400000,0.406
646974000000,0.386
646977600000,0.365
646981200000,0.329
646984800000,0.248
646988400000,0.161
646992000000,0.074
646995600000,0.015
646999200000,0.0
647002800000,0.0
647006400000,0.0
647010000000,0.0
647013600000,0.0
647017200000,0.0
647020800000,0.0
647024400000,0.0
647028000000,0.0
647031600000,0.0
647035200000,0.0
647038800000,0.0
647042400000,0.021
647046000000,0.094
647049600000,0.169
647053200000,0.216
647056800000,0.242
647060400000,0.242
647064000000,0.226
647067600000,0.201
647071200000,0.175
647074800000,0.122
647078400000,0.065
647082000000,0.014
647085600000,0.0
647089200000,0.0
647092800000,0.0
647096400000,0.0
647100000000,0.0
647103600000,0.0
647107200000,0.0
647110800000,0.0
647114400000,0.0
647118000000,0.0
647121600000,0.0
647125200000,0.0
647128800000,0.077
647132400000,0.226
647136000000,0.372
647139600000,0.504
647143200000,0.572
647146800000,0.579
647150400000,0.552
647154000000,0.499
647157600000,0.361
647161200000,0.223
647164800000,0.108
647168400000,0.027
647172000000,0.0
647175600000,0.0
647179200000,0.0
647182800000,0.0
647186400000,0.0
647190000000,0.0
647193600000,0.0
647197200000,0.0
647200800000,0.0
647204400000,0.0
647208000000,0.0
647211600000,0.0
647215200000,0.057
647218800000,0.181
647222400000,0.328
647226000000,0.444
647229600000,0.497
647233200000,0.481
647236800000,0.416
647240400000,0.373
647244000000,0.293
647247600000,0.177
647251200000,0.075
647254800000,0.011
647258400000,0.0
647262000000,0.0
647265600000,0.0
647269200000,0.0
647272800000,0.0
647276400000,0.0
647280000000,0.0
647283600000,0.0
647287200000,0.0
647290800000,0.0
647294400000,0.0
647298000000,0.0
647301600000,0.016
647305200000,0.076
647308800000,0.167
647312400000,0.269
647316000000,0.31
647319600000,0.278
647323200000,0.257
647326800000,0.242
647330400000,0.224
647334000000,0.181
647337600000,0.116
647341200000,0.037
647344800000,0.0
647348400000,0.0
647352000000,0.0
647355600000,0.0
647359200000,0.0
647362800000,0.0
647366400000,0.0
647370000000,0.0
647373600000,0.0
647377200000,0.0
647380800000,0.0
647384400000,0.0
647388000000,0.077
647391600000,0.212
647395200000,0.345
647398800000,0.408
647402400000,0.433
647406000000,0.449
647409600000,0.412
647413200000,0.387
647416800000,0.337
647420400000,0.218
647424000000,0.104
647427600000,0.027
647431200000,0.0
647434800000,0.0
647438400000,0.0
647442000000,0.0
647445600000,0.0
647449200000,0.0
647452800000,0.0
647456400000,0.0
647460000000,0.0
647463600000,0.0
647467200000,0.0
647470800000,0.0
647474400000,0.043
647478000000,0.129
647481600000,0.202
647485200000,0.266
647488800000,0.34
647492400000,0.404
647496000000,0.446
647499600000,0.45
647503200000,0.366
647506800000,0.249
647510400000,0.126
647514000000,0.035
647517600000,0.0
647521200000,0.0
647524800000,0.0
647528400000,0.0
647532000000,0.0
647535600000,0.0
647539200000,0.0
647542800000,0.0
647546400000,0.0
647550000000,0.0
647553600000,0.0
647557200000,0.0
647560800000,0.039
647564400000,0.141
647568000000,0.245
647571600000,0.33
647575200000,0.397
647578800000,0.438
647582400000,0.415
647586000000,0.373
647589600000,0.31
647593200000,0.223
647596800000,0.124
647600400000,0.035
647604000000,0.0
647607600000,0.0
647611200000,0.0
647614800000,0.0
647618400000,0.0
647622000000,0.0
647625600000,0.0
647629200000,0.0
647632800000,0.0
647636400000,0.0
647640000000,0.0
647643600000,0.0
647647200000,0.047
647650800000,0.149
647654400000,0.253
647658000000,0.347
647661600000,0.392
647665200000,0.423
647668800000,0.398
647672400000,0.367
647676000000,0.306
647679600000,0.22
647683200000,0.12
647686800000,0.033
647690400000,0.0
647694000000,0.0
647697600000,0.0
647701200000,0.0
647704800000,0.0
647708400000,0.0
647712000000,0.0
647715600000,0.0
647719200000,0.0
647722800000,0.0
647726400000,0.0
647730000000,0.0
647733600000,0.057
647737200000,0.177
647740800000,0.319
647744400000,0.454
647748000000,0.546
647751600000,0.595
647755200000,0.587
647758800000,0.536
647762400000,0.414
647766000000,0.282
647769600000,0.149
647773200000,0.048
647776800000,0.0
647780400000,0.0
647784000000,0.0
647787600000,0.0
647791200000,0.0
647794800000,0.0
647798400000,0.0
647802000000,0.0
647805600000,0.0
647809200000,0.0
647812800000,0.0
647816400000,0.0
647820000000,0.044
647823600000,0.143
647827200000,0.223
647830800000,0.319
647834400000,0.409
647838000000,0.428
647841600000,0.433
647845200000,0.359
647848800000,0.282
647852400000,0.185
647856000000,0.099
647859600000,0.024
647863200000,0.0
647866800000,0.0
647870400000,0.0
647874000000,0.0
647877600000,0.0
647881200000,0.0
647884800000,0.0
647888400000,0.0
647892000000,0.0
647895600000,0.0
647899200000,0.0
647902800000,0.0
647906400000,0.033
647910000000,0.125
647913600000,0.217
647917200000,0.271
647920800000,0.281
647924400000,0.295
647928000000,0.302
647931600000,0.304
647935200000,0.261
647938800000,0.194
647942400000,0.1
647946000000,0.025
647949600000,0.0
647953200000,0.0
647956800000,0.0
647960400000,0.0
647964000000,0.0
647967600000,0.0
647971200000,0.0
647974800000,0.0
647978400000,0.0
647982000000,0.0
647985600000,0.0
647989200000,0.0
647992800000,0.049
647996400000,0.172
648000000000,0.285
648003600000,0.425
648007200000,0.544
648010800000,0.619
648014400000,0.64
648018000000,0.607
648021600000,0.52
648025200000,0.398
648028800000,0.248
648032400000,0.081
648036000000,0.0
648039600000,0.0
648043200000,0.0
648046800000,0.0
648050400000,0.0
648054000000,0.0
648057600000,0.0
648061200000,0.0
648064800000,0.0
648068400000,0.0
648072000000,0.0
648075600000,0.0
648079200000,0.101
648082800000,0.282
648086400000,0.449
648090000000,0.576
648093600000,0.658
648097200000,0.699
648100800000,0.693
648104400000,0.642
648108000000,0.555
648111600000,0.41
648115200000,0.215
648118800000,0.066
648122400000,0.0
648126000000,0.0
648129600000,0.0
648133200000,0.0
648136800000,0.0
648140400000,0.0
648144000000,0.0
648147600000,0.0
648151200000,0.0
648154800000,0.0
648158400000,0.0
648162000000,0.0
648165600000,0.074
648169200000,0.21
648172800000,0.319
648176400000,0.393
648180000000,0.415
648183600000,0.415
648187200000,0.383
648190800000,0.307
648194400000,0.247
648198000000,0.181
648201600000,0.103
648205200000,0.027
648208800000,0.0
648212400000,0.0
648216000000,0.0
648219600000,0.0
648223200000,0.0
648226800000,0.0
648230400000,0.0
648234000000,0.0
648237600000,0.0
648241200000,0.0
648244800000,0.0
648248400000,0.0
648252000000,0.041
648255600000,0.159
648259200000,0.293
648262800000,0.403
648266400000,0.468
648270000000,0.495
648273600000,0.46
648277200000,0.404
648280800000,0.309
648284400000,0.191
648288000000,0.095
648291600000,0.027
648295200000,0.0
648298800000,0.0
648302400000,0.0
648306000000,0.0
648309600000,0.0
648313200000,0.0
648316800000,0.0
648320400000,0.0
648324000000,0.0
648327600000,0.0
648331200000,0.0
648334800000,0.0
648338400000,0.032
648342000000,0.119
648345600000,0.223
648349200000,0.326
648352800000,0.406
648356400000,0.452
648360000000,0.458
648363600000,0.409
648367200000,0.334
648370800000,0.231
648374400000,0.125
648378000000,0.033
648381600000,0.0
648385200000,0.0
648388800000,0.0
648392400000,0.0
648396000000,0.0
648399600000,0.0
648403200000,0.0
648406800000,0.0
648410400000,0.0
648414000000,0.0
648417600000,0.0
648421200000,0.0
648424800000,0.043
648428400000,0.163
648432000000,0.306
648435600000,0.407
648439200000,0.449
648442800000,0.437
648446400000,0.344
648450000000,0.259
648453600000,0.17
648457200000,0.11
648460800000,0.055
648464400000,0.015
648468000000,0.0
648471600000,0.0
648475200000,0.0
648478800000,0.0
648482400000,0.0
648486000000,0.0
648489600000,0.0
648493200000,0.0
648496800000,0.0
648500400000,0.0
648504000000,0.0
648507600000,0.0
648511200000,0.085
648514800000,0.262
648518400000,0.425
648522000000,0.539
648525600000,0.609
648529200000,0.612
648532800000,0.582
648536400000,0.533
648540000000,0.428
648543600000,0.314
648547200000,0.174
648550800000,0.046
648554400000,0.0
648558000000,0.0
648561600000,0.0
648565200000,0.0
648568800000,0.0
648572400000,0.0
648576000000,0.0
648579600000,0.0
648583200000,0.0
648586800000,0.0
648590400000,0.0
648594000000,0.0
648597600000,0.051
648601200000,0.135
648604800000,0.2
648608400000,0.241
648612000000,0.252
648615600000,0.237
648619200000,0.206
648622800000,0.203
648626400000,0.215
648630000000,0.158
648633600000,0.09
648637200000,0.024
648640800000,0.0
648644400000,0.0
648648000000,0.0
648651600000,0.0
648655200000,0.0
648658800000,0.0
648662400000,0.0
648666000000,0.0
648669600000,0.0
648673200000,0.0
648676800000,0.0
648680400000,0.0
648684000000,0.052
648687600000,0.165
648691200000,0.276
648694800000,0.364
648698400000,0.42
648702000000,0.47
648705600000,0.478
648709200000,0.39
648712800000,0.263
648716400000,0.16
648720000000,0.077
648723600000,0.014
648727200000,0.0
648730800000,0.0
648734400000,0.0
648738000000,0.0
648741600000,0.0
648745200000,0.0
648748800000,0.0
648752400000,0.0
648756000000,0.0
648759600000,0.0
648763200000,0.0
648766800000,0.0
648770400000,0.006
648774000000,0.039
648777600000,0.084
648781200000,0.139
648784800000,0.167
648788400000,0.174
648792000000,0.175
648795600000,0.185
648799200000,0.167
648802800000,0.116
648806400000,0.06
648810000000,0.013
648813600000,0.0
648817200000,0.0
648820800000,0.0
648824400000,0.0
648828000000,0.0
648831600000,0.0
648835200000,0.0
648838800000,0.0
648842400000,0.0
648846000000,0.0
648849600000,0.0
648853200000,0.0
648856800000,0.019
648860400000,0.078
648864000000,0.142
648867600000,0.202
648871200000,0.248
648874800000,0.281
648878400000,0.282
648882000000,0.253
648885600000,0.196
648889200000,0.132
648892800000,0.07
648896400000,0.017
648900000000,0.0
648903600000,0.0
648907200000,0.0
648910800000,0.0
648914400000,0.0
648918000000,0.0
648921600000,0.0
648925200000,0.0
648928800000,0.0
648932400000,0.0
648936000000,0.0
648939600000,0.0
648943200000,0.062
648946800000,0.205
648950400000,0.37
648954000000,0.468
648957600000,0.485
648961200000,0.472
648964800000,0.429
648968400000,0.345
648972000000,0.272
648975600000,0.174
648979200000,0.085
648982800000,0.019
648986400000,0.0
648990000000,0.0
648993600000,0.0
648997200000,0.0
649000800000,0.0
649004400000,0.0
649008000000,0.0
649011600000,0.0
649015200000,0.0
649018800000,0.0
649022400000,0.0
649026000000,0.0
649029600000,0.043
649033200000,0.142
649036800000,0.239
649040400000,0.357
649044000000,0.416
649047600000,0.441
649051200000,0.432
649054800000,0.404
649058400000,0.331
649062000000,0.235
649065600000,0.126
649069200000,0.036
649072800000,0.0
649076400000,0.0
649080000000,0.0
649083600000,0.0
649087200000,0.0
649090800000,0.0
649094400000,0.0
649098000000,0.0
649101600000,0.0
649105200000,0.0
649108800000,0.0
649112400000,0.0
649116000000,0.072
649119600000,0.216
649123200000,0.363
649126800000,0.457
649130400000,0.498
649134000000,0.51
649137600000,0.471
649141200000,0.416
649144800000,0.346
649148400000,0.255
649152000000,0.141
649155600000,0.037
649159200000,0.0
649162800000,0.0
649166400000,0.0
649170000000,0.0
649173600000,0.0
649177200000,0.0
649180800000,0.0
649184400000,0.0
649188000000,0.0
649191600000,0.0
649195200000,0.0
649198800000,0.0
649202400000,0.067
649206000000,0.213
649209600000,0.363
649213200000,0.461
649216800000,0.542
649220400000,0.593
649224000000,0.588
649227600000,0.528
649231200000,0.46
649234800000,0.354
649238400000,0.209
649242000000,0.055
649245600000,0.0
649249200000,0.0
649252800000,0.0
649256400000,0.0
649260000000,0.0
649263600000,0.0
649267200000,0.0
649270800000,0.0
649274400000,0.0
649278000000,0.0
649281600000,0.0
649285200000,0.0
649288800000,0.074
649292400000,0.226
649296000000,0.392
649299600000,0.519
649303200000,0.588
649306800000,0.624
649310400000,0.641
649314000000,0.635
649317600000,0.557
649321200000,0.433
649324800000,0.256
649328400000,0.073
649332000000,0.0
649335600000,0.0
649339200000,0.0
649342800000,0.0
649346400000,0.0
649350000000,0.0
649353600000,0.0
649357200000,0.0
649360800000,0.0
649364400000,0.0
649368000000,0.0
649371600000,0.0
649375200000,0.07
649378800000,0.216
649382400000,0.38
649386000000,0.512
649389600000,0.583
649393200000,0.604
649396800000,0.6
649400400000,0.518
649404000000,0.422
649407600000,0.313
649411200000,0.221
649414800000,0.072
649418400000,0.0
649422000000,0.0
649425600000,0.0
649429200000,0.0
649432800000,0.0
649436400000,0.0
649440000000,0.0
649443600000,0.0
649447200000,0.0
649450800000,0.0
649454400000,0.0
649458000000,0.0
649461600000,0.04
649465200000,0.145
649468800000,0.282
649472400000,0.403
649476000000,0.475
649479600000,0.521
649483200000,0.514
649486800000,0.467
649490400000,0.375
649494000000,0.264
649497600000,0.122
649501200000,0.024
649504800000,0.0
649508400000,0.0
649512000000,0.0
649515600000,0.0
649519200000,0.0
649522800000,0.0
649526400000,0.0
649530000000,0.0
649533600000,0.0
649537200000,0.0
649540800000,0.0
649544400000,0.0
649548000000,0.017
649551600000,0.077
649555200000,0.163
649558800000,0.287
649562400000,0.401
649566000000,0.466
649569600000,0.49
649573200000,0.45
649576800000,0.35
649580400000,0.202
649584000000,0.096
649587600000,0.022
649591200000,0.0
649594800000,0.0
649598400000,0.0
649602000000,0.0
649605600000,0.0
649609200000,0.0
649612800000,0.0
649616400000,0.0
649620000000,0.0
649623600000,0.0
649627200000,0.0
649630800000,0.0
649634400000,0.024
649638000000,0.103
649641600000,0.193
649645200000,0.289
649648800000,0.337
649652400000,0.375
649656000000,0.368
649659600000,0.335
649663200000,0.274
649666800000,0.199
649670400000,0.112
649674000000,0.027
649677600000,0.0
649681200000,0.0
649684800000,0.0
649688400000,0.0
649692000000,0.0
649695600000,0.0
649699200000,0.0
649702800000,0.0
649706400000,0.0
649710000000,0.0
649713600000,0.0
649717200000,0.0
649720800000,0.054
649724400000,0.194
649728000000,0.353
649731600000,0.48
649735200000,0.558
649738800000,0.595
649742400000,0.593
649746000000,0.551
649749600000,0.468
649753200000,0.35
649756800000,0.198
649760400000,0.053
649764000000,0.0
649767600000,0.0
649771200000,0.0
649774800000,0.0
649778400000,0.0
649782000000,0.0
649785600000,0.0
649789200000,0.0
649792800000,0.0
649796400000,0.0
649800000000,0.0
649803600000,0.0
649807200000,0.042
649810800000,0.158
649814400000,0.292
649818000000,0.42
649821600000,0.489
649825200000,0.526
649828800000,0.502
649832400000,0.457
649836000000,0.384
649839600000,0.251
649843200000,0.119
649846800000,0.03
649850400000,0.0
649854000000,0.0
649857600000,0.0
649861200000,0.0
649864800000,0.0
649868400000,0.0
649872000000,0.0
649875600000,0.0
649879200000,0.0
649882800000,0.0
649886400000,0.0
649890000000,0.0
649893600000,0.04
649897200000,0.167
649900800000,0.315
649904400000,0.436
649908000000,0.499
649911600000,0.505
649915200000,0.482
649918800000,0.385
649922400000,0.3
649926000000,0.193
649929600000,0.1
649933200000,0.023
649936800000,0.0
649940400000,0.0
649944000000,0.0
649947600000,0.0
649951200000,0.0
649954800000,0.0
649958400000,0.0
649962000000,0.0
649965600000,0.0
649969200000,0.0
649972800000,0.0
649976400000,0.0
649980000000,0.041
649983600000,0.15
649987200000,0.255
649990800000,0.343
649994400000,0.397
649998000000,0.407
650001600000,0.355
650005200000,0.312
650008800000,0.221
650012400000,0.131
650016000000,0.064
650019600000,0.01
650023200000,0.0
650026800000,0.0
650030400000,0.0
650034000000,0.0
650037600000,0.0
650041200000,0.0
650044800000,0.0
650048400000,0.0
650052000000,0.0
650055600000,0.0
650059200000,0.0
650062800000,0.0
650066400000,0.021
650070000000,0.094
650073600000,0.182
650077200000,0.226
650080800000,0.267
650084400000,0.296
650088000000,0.283
650091600000,0.252
650095200000,0.207
650098800000,0.15
650102400000,0.081
650106000000,0.017
650109600000,0.0
650113200000,0.0
650116800000,0.0
650120400000,0.0
650124000000,0.0
650127600000,0.0
650131200000,0.0
650134800000,0.0
650138400000,0.0
650142000000,0.0
650145600000,0.0
650149200000,0.0
650152800000,0.036
650156400000,0.145
650160000000,0.266
650163600000,0.357
650167200000,0.379
650170800000,0.392
650174400000,0.352
650178000000,0.313
650181600000,0.254
650185200000,0.179
650188800000,0.095
650192400000,0.022
650196000000,0.0
650199600000,0.0
650203200000,0.0
650206800000,0.0
650210400000,0.0
650214000000,0.0
650217600000,0.0
650221200000,0.0
650224800000,0.0
650228400000,0.0
650232000000,0.0
650235600000,0.0
650239200000,0.031
650242800000,0.131
650246400000,0.249
650250000000,0.358
650253600000,0.427
650257200000,0.444
650260800000,0.409
650264400000,0.369
650268000000,0.301
650271600000,0.209
650275200000,0.097
650278800000,0.021
650282400000,0.0
650286000000,0.0
650289600000,0.0
650293200000,0.0
650296800000,0.0
650300400000,0.0
650304000000,0.0
650307600000,0.0
650311200000,0.0
650314800000,0.0
650318400000,0.0
650322000000,0.0
650325600000,0.055
650329200000,0.197
650332800000,0.349
650336400000,0.475
650340000000,0.545
650343600000,0.554
650347200000,0.538
650350800000,0.484
650354400000,0.388
650358000000,0.255
650361600000,0.115
650365200000,0.027
650368800000,0.0
650372400000,0.0
650376000000,0.0
650379600000,0.0
650383200000,0.0
650386800000,0.0
650390400000,0.0
650394000000,0.0
650397600000,0.0
650401200000,0.0
650404800000,0.0
650408400000,0.0
650412000000,0.055
650415600000,0.19
650419200000,0.351
650422800000,0.481
650426400000,0.565
650430000000,0.578
650433600000,0.555
650437200000,0.486
650440800000,0.414
650444400000,0.296
650448000000,0.145
650451600000,0.032
650455200000,0.0
650458800000,0.0
650462400000,0.0
650466000000,0.0
650469600000,0.0
650473200000,0.0
650476800000,0.0
650480400000,0.0
650484000000,0.0
650487600000,0.0
650491200000,0.0
650494800000,0.0
650498400000,0.055
650502000000,0.19
650505600000,0.322
650509200000,0.404
650512800000,0.497
650516400000,0.47
650520000000,0.409
650523600000,0.346
650527200000,0.286
650530800000,0.193
650534400000,0.103
650538000000,0.023
650541600000,0.0
650545200000,0.0
650548800000,0.0
650552400000,0.0
650556000000,0.0
650559600000,0.0
650563200000,0.0
650566800000,0.0
650570400000,0.0
650574000000,0.0
650577600000,0.0
650581200000,0.0
650584800000,0.057
650588400000,0.167
650592000000,0.26
650595600000,0.338
650599200000,0.377
650602800000,0.364
650606400000,0.338
650610000000,0.288
650613600000,0.216
650617200000,0.133
650620800000,0.059
650624400000,0.011
650628000000,0.0
650631600000,0.0
650635200000,0.0
650638800000,0.0
650642400000,0.0
650646000000,0.0
650649600000,0.0
650653200000,0.0
650656800000,0.0
650660400000,0.0
650664000000,0.0
650667600000,0.0
650671200000,0.068
650674800000,0.242
650678400000,0.422
650682000000,0.568
650685600000,0.666
650689200000,0.706
650692800000,0.694
650696400000,0.611
650700000000,0.473
650703600000,0.348
650707200000,0.198
650710800000,0.059
650714400000,0.0
650718000000,0.0
650721600000,0.0
650725200000,0.0
650728800000,0.0
650732400000,0.0
650736000000,0.0
650739600000,0.0
650743200000,0.0
650746800000,0.0
650750400000,0.0
650754000000,0.0
650757600000,0.056
650761200000,0.191
650764800000,0.313
650768400000,0.396
650772000000,0.423
650775600000,0.41
650779200000,0.321
650782800000,0.257
650786400000,0.203
650790000000,0.128
650793600000,0.06
650797200000,0.01
650800800000,0.0
650804400000,0.0
650808000000,0.0
650811600000,0.0
650815200000,0.0
650818800000,0.0
650822400000,0.0
650826000000,0.0
650829600000,0.0
650833200000,0.0
650836800000,0.0
650840400000,0.0
650844000000,0.009
650847600000,0.06
650851200000,0.134
650854800000,0.2
650858400000,0.226
650862000000,0.264
650865600000,0.267
650869200000,0.241
650872800000,0.194
650876400000,0.129
650880000000,0.062
650883600000,0.009
650887200000,0.0
650890800000,0.0
650894400000,0.0
650898000000,0.0
650901600000,0.0
650905200000,0.0
650908800000,0.0
650912400000,0.0
650916000000,0.0
650919600000,0.0
650923200000,0.0
650926800000,0.0
650930400000,0.012
650934000000,0.083
650937600000,0.201
650941200000,0.284
650944800000,0.29
650948400000,0.291
650952000000,0.319
650955600000,0.305
650959200000,0.303
650962800000,0.246
650966400000,0.117
650970000000,0.022
650973600000,0.0
650977200000,0.0
650980800000,0.0
650984400000,0.0
650988000000,0.0
650991600000,0.0
650995200000,0.0
650998800000,0.0
651002400000,0.0
651006000000,0.0
651009600000,0.0
651013200000,0.0
651016800000,0.041
651020400000,0.137
651024000000,0.253
651027600000,0.391
651031200000,0.521
651034800000,0.589
651038400000,0.614
651042000000,0.576
651045600000,0.483
651049200000,0.385
651052800000,0.227
651056400000,0.053
651060000000,0.0
651063600000,0.0
651067200000,0.0
651070800000,0.0
651074400000,0.0
651078000000,0.0
651081600000,0.0
651085200000,0.0
651088800000,0.0
651092400000,0.0
651096000000,0.0
651099600000,0.0
651103200000,0.057
651106800000,0.218
651110400000,0.392
651114000000,0.547
651117600000,0.634
651121200000,0.675
651124800000,0.641
651128400000,0.594
651132000000,0.516
651135600000,0.405
651139200000,0.23
651142800000,0.054
651146400000,0.0
651150000000,0.0
651153600000,0.0
651157200000,0.0
651160800000,0.0
651164400000,0.0
651168000000,0.0
651171600000,0.0
651175200000,0.0
651178800000,0.0
651182400000,0.0
651186000000,0.0
651189600000,0.049
651193200000,0.2
651196800000,0.35
651200400000,0.513
651204000000,0.645
651207600000,0.692
651211200000,0.678
651214800000,0.634
651218400000,0.554
651222000000,0.418
651225600000,0.248
651229200000,0.067
651232800000,0.0
651236400000,0.0
651240000000,0.0
651243600000,0.0
651247200000,0.0
651250800000,0.0
651254400000,0.0
651258000000,0.0
651261600000,0.0
651265200000,0.0
651268800000,0.0
651272400000,0.0
651276000000,0.049
651279600000,0.205
651283200000,0.363
651286800000,0.531
651290400000,0.621
651294000000,0.669
651297600000,0.676
651301200000,0.633
651304800000,0.532
651308400000,0.392
651312000000,0.207
651315600000,0.045
651319200000,0.0
651322800000,0.0
651326400000,0.0
651330000000,0.0
651333600000,0.0
651337200000,0.0
651340800000,0.0
651344400000,0.0
651348000000,0.0
651351600000,0.0
651355200000,0.0
651358800000,0.0
651362400000,0.019
651366000000,0.094
651369600000,0.189
651373200000,0.261
651376800000,0.334
651380400000,0.369
651384000000,0.36
651387600000,0.321
651391200000,0.247
651394800000,0.17
651398400000,0.089
651402000000,0.015
651405600000,0.0
651409200000,0.0
651412800000,0.0
651416400000,0.0
651420000000,0.0
651423600000,0.0
651427200000,0.0
651430800000,0.0
651434400000,0.0
651438000000,0.0
651441600000,0.0
651445200000,0.0
651448800000,0.008
651452400000,0.053
651456000000,0.104
651459600000,0.149
651463200000,0.196
651466800000,0.223
651470400000,0.228
651474000000,0.203
651477600000,0.157
651481200000,0.092
651484800000,0.036
651488400000,0.003
651492000000,0.0
651495600000,0.0
651499200000,0.0
651502800000,0.0
651506400000,0.0
651510000000,0.0
651513600000,0.0
651517200000,0.0
651520800000,0.0
651524400000,0.0
651528000000,0.0
651531600000,0.0
651535200000,0.014
651538800000,0.078
651542400000,0.156
651546000000,0.218
651549600000,0.284
651553200000,0.33
651556800000,0.365
651560400000,0.315
651564000000,0.251
651567600000,0.165
651571200000,0.089
651574800000,0.016
651578400000,0.0
651582000000,0.0
651585600000,0.0
651589200000,0.0
651592800000,0.0
651596400000,0.0
651600000000,0.0
651603600000,0.0
651607200000,0.0
651610800000,0.0
651614400000,0.0
651618000000,0.0
651621600000,0.059
651625200000,0.224
651628800000,0.394
651632400000,0.529
651636000000,0.617
651639600000,0.642
651643200000,0.627
651646800000,0.538
651650400000,0.441
651654000000,0.315
651657600000,0.18
651661200000,0.053
651664800000,0.0
651668400000,0.0
651672000000,0.0
651675600000,0.0
651679200000,0.0
651682800000,0.0
651686400000,0.0
651690000000,0.0
651693600000,0.0
651697200000,0.0
651700800000,0.0
651704400000,0.0
651708000000,0.043
651711600000,0.169
651715200000,0.309
651718800000,0.443
651722400000,0.512
651726000000,0.579
651729600000,0.603
651733200000,0.615
651736800000,0.536
651740400000,0.381
651744000000,0.206
651747600000,0.059
651751200000,0.0
651754800000,0.0
651758400000,0.0
651762000000,0.0
651765600000,0.0
651769200000,0.0
651772800000,0.0
651776400000,0.0
651780000000,0.0
651783600000,0.0
651787200000,0.0
651790800000,0.0
651794400000,0.031
651798000000,0.156
651801600000,0.301
651805200000,0.346
651808800000,0.333
651812400000,0.292
651816000000,0.257
651819600000,0.241
651823200000,0.22
651826800000,0.175
651830400000,0.093
651834000000,0.017
651837600000,0.0
651841200000,0.0
651844800000,0.0
651848400000,0.0
651852000000,0.0
651855600000,0.0
651859200000,0.0
651862800000,0.0
651866400000,0.0
651870000000,0.0
651873600000,0.0
651877200000,0.0
651880800000,0.03
651884400000,0.143
651888000000,0.3
651891600000,0.439
651895200000,0.523
651898800000,0.545
651902400000,0.543
651906000000,0.492
651909600000,0.41
651913200000,0.296
651916800000,0.16
651920400000,0.03
651924000000,0.0
651927600000,0.0
651931200000,0.0
651934800000,0.0
651938400000,0.0
651942000000,0.0
651945600000,0.0
651949200000,0.0
651952800000,0.0
651956400000,0.0
651960000000,0.0
651963600000,0.0
651967200000,0.021
651970800000,0.089
651974400000,0.197
651978000000,0.338
651981600000,0.413
651985200000,0.462
651988800000,0.478
651992400000,0.452
651996000000,0.401
651999600000,0.308
652003200000,0.178
652006800000,0.041
652010400000,0.0
652014000000,0.0
652017600000,0.0
652021200000,0.0
652024800000,0.0
652028400000,0.0
652032000000,0.0
652035600000,0.0
652039200000,0.0
652042800000,0.0
652046400000,0.0
652050000000,0.0
652053600000,0.049
652057200000,0.203
652060800000,0.372
652064400000,0.499
652068000000,0.56
652071600000,0.58
652075200000,0.571
652078800000,0.53
652082400000,0.438
652086000000,0.314
652089600000,0.154
652093200000,0.028
652096800000,0.0
652100400000,0.0
652104000000,0.0
652107600000,0.0
652111200000,0.0
652114800000,0.0
652118400000,0.0
652122000000,0.0
652125600000,0.0
652129200000,0.0
652132800000,0.0
652136400000,0.0
652140000000,0.025
652143600000,0.112
652147200000,0.198
652150800000,0.296
652154400000,0.345
652158000000,0.331
652161600000,0.295
652165200000,0.252
652168800000,0.2
652172400000,0.13
652176000000,0.059
652179600000,0.006
652183200000,0.0
652186800000,0.0
652190400000,0.0
652194000000,0.0
652197600000,0.0
652201200000,0.0
652204800000,0.0
652208400000,0.0
652212000000,0.0
652215600000,0.0
652219200000,0.0
652222800000,0.0
652226400000,0.015
652230000000,0.089
652233600000,0.171
652237200000,0.245
652240800000,0.294
652244400000,0.301
652248000000,0.291
652251600000,0.242
652255200000,0.197
652258800000,0.135
652262400000,0.069
652266000000,0.011
652269600000,0.0
652273200000,0.0
652276800000,0.0
652280400000,0.0
652284000000,0.0
652287600000,0.0
652291200000,0.0
652294800000,0.0
652298400000,0.0
652302000000,0.0
652305600000,0.0
652309200000,0.0
652312800000,0.018
652316400000,0.093
652320000000,0.168
652323600000,0.23
652327200000,0.272
652330800000,0.291
652334400000,0.28
652338000000,0.25
652341600000,0.218
652345200000,0.159
652348800000,0.081
652352400000,0.014
652356000000,0.0
652359600000,0.0
652363200000,0.0
652366800000,0.0
652370400000,0.0
652374000000,0.0
652377600000,0.0
652381200000,0.0
652384800000,0.0
652388400000,0.0
652392000000,0.0
652395600000,0.0
652399200000,0.042
652402800000,0.183
652406400000,0.349
652410000000,0.479
652413600000,0.564
652417200000,0.603
652420800000,0.586
652424400000,0.54
652428000000,0.46
652431600000,0.343
652435200000,0.174
652438800000,0.032
652442400000,0.0
652446000000,0.0
652449600000,0.0
652453200000,0.0
652456800000,0.0
652460400000,0.0
652464000000,0.0
652467600000,0.0
652471200000,0.0
652474800000,0.0
652478400000,0.0
652482000000,0.0
652485600000,0.022
652489200000,0.111
652492800000,0.204
652496400000,0.281
652500000000,0.337
652503600000,0.347
652507200000,0.32
652510800000,0.271
652514400000,0.21
652518000000,0.123
652521600000,0.056
652525200000,0.006
652528800000,0.0
652532400000,0.0
652536000000,0.0
652539600000,0.0
652543200000,0.0
652546800000,0.0
652550400000,0.0
652554000000,0.0
652557600000,0.0
652561200000,0.0
652564800000,0.0
652568400000,0.0
652572000000,0.023
652575600000,0.108
652579200000,0.192
652582800000,0.287
652586400000,0.361
652590000000,0.417
652593600000,0.474
652597200000,0.462
652600800000,0.412
652604400000,0.291
652608000000,0.122
652611600000,0.012
652615200000,0.0
652618800000,0.0
652622400000,0.0
652626000000,0.0
652629600000,0.0
652633200000,0.0
652636800000,0.0
652640400000,0.0
652644000000,0.0
652647600000,0.0
652651200000,0.0
652654800000,0.0
652658400000,0.011
652662000000,0.047
652665600000,0.107
652669200000,0.178
652672800000,0.229
652676400000,0.263
652680000000,0.285
652683600000,0.26
652687200000,0.178
652690800000,0.113
652694400000,0.048
652698000000,0.005
652701600000,0.0
652705200000,0.0
652708800000,0.0
652712400000,0.0
652716000000,0.0
652719600000,0.0
652723200000,0.0
652726800000,0.0
652730400000,0.0
652734000000,0.0
652737600000,0.0
652741200000,0.0
652744800000,0.022
652748400000,0.118
652752000000,0.237
652755600000,0.331
652759200000,0.392
652762800000,0.414
652766400000,0.399
652770000000,0.386
652773600000,0.354
652777200000,0.288
652780800000,0.185
652784400000,0.037
652788000000,0.0
652791600000,0.0
652795200000,0.0
652798800000,0.0
652802400000,0.0
652806000000,0.0
652809600000,0.0
652813200000,0.0
652816800000,0.0
652820400000,0.0
652824000000,0.0
652827600000,0.0
652831200000,0.033
652834800000,0.162
652838400000,0.296
652842000000,0.41
652845600000,0.519
652849200000,0.585
652852800000,0.605
652856400000,0.554
652860000000,0.469
652863600000,0.331
652867200000,0.164
652870800000,0.025
652874400000,0.0
652878000000,0.0
652881600000,0.0
652885200000,0.0
652888800000,0.0
652892400000,0.0
652896000000,0.0
652899600000,0.0
652903200000,0.0
652906800000,0.0
652910400000,0.0
652914000000,0.0
652917600000,0.021
652921200000,0.126
652924800000,0.248
652928400000,0.345
652932000000,0.395
652935600000,0.434
652939200000,0.444
652942800000,0.412
652946400000,0.342
652950000000,0.224
652953600000,0.105
652957200000,0.014
652960800000,0.0
652964400000,0.0
652968000000,0.0
652971600000,0.0
652975200000,0.0
652978800000,0.0
652982400000,0.0
652986000000,0.0
652989600000,0.0
652993200000,0.0
652996800000,0.0
653000400000,0.0
653004000000,0.027
653007600000,0.143
653011200000,0.281
653014800000,0.405
653018400000,0.507
653022000000,0.546
653025600000,0.555
653029200000,0.524
653032800000,0.446
653036400000,0.31
653040000000,0.181
653043600000,0.038
653047200000,0.0
653050800000,0.0
653054400000,0.0
653058000000,0.0
653061600000,0.0
653065200000,0.0
653068800000,0.0
653072400000,0.0
653076000000,0.0
653079600000,0.0
653083200000,0.0
653086800000,0.0
653090400000,0.058
653094000000,0.25
653097600000,0.437
653101200000,0.579
653104800000,0.666
653108400000,0.684
653112000000,0.653
653115600000,0.573
653119200000,0.482
653122800000,0.348
653126400000,0.204
653130000000,0.04
653133600000,0.0
653137200000,0.0
653140800000,0.0
653144400000,0.0
653148000000,0.0
653151600000,0.0
653155200000,0.0
653158800000,0.0
653162400000,0.0
653166000000,0.0
653169600000,0.0
653173200000,0.0
653176800000,0.021
653180400000,0.137
653184000000,0.291
653187600000,0.452
653191200000,0.59
653194800000,0.642
653198400000,0.666
653202000000,0.626
653205600000,0.528
653209200000,0.386
653212800000,0.2
653216400000,0.04
653220000000,0.0
653223600000,0.0
653227200000,0.0
653230800000,0.0
653234400000,0.0
653238000000,0.0
653241600000,0.0
653245200000,0.0
653248800000,0.0
653252400000,0.0
653256000000,0.0
653259600000,0.0
653263200000,0.063
653266800000,0.268
653270400000,0.469
653274000000,0.615
653277600000,0.707
653281200000,0.751
653284800000,0.747
653288400000,0.693
653292000000,0.585
653295600000,0.386
653299200000,0.173
653302800000,0.03
653306400000,0.0
653310000000,0.0
653313600000,0.0
653317200000,0.0
653320800000,0.0
653324400000,0.0
653328000000,0.0
653331600000,0.0
653335200000,0.0
653338800000,0.0
653342400000,0.0
653346000000,0.0
653349600000,0.021
653353200000,0.106
653356800000,0.19
653360400000,0.264
653364000000,0.337
653367600000,0.38
653371200000,0.371
653374800000,0.332
653378400000,0.275
653382000000,0.188
653385600000,0.09
653389200000,0.011
653392800000,0.0
653396400000,0.0
653400000000,0.0
653403600000,0.0
653407200000,0.0
653410800000,0.0
653414400000,0.0
653418000000,0.0
653421600000,0.0
653425200000,0.0
653428800000,0.0
653432400000,0.0
653436000000,0.024
653439600000,0.135
653443200000,0.28
653446800000,0.415
653450400000,0.542
653454000000,0.628
653457600000,0.66
653461200000,0.638
653464800000,0.564
653468400000,0.43
653472000000,0.248
653475600000,0.055
653479200000,0.0
653482800000,0.0
653486400000,0.0
653490000000,0.0
653493600000,0.0
653497200000,0.0
653500800000,0.0
653504400000,0.0
653508000000,0.0
653511600000,0.0
653515200000,0.0
653518800000,0.0
653522400000,0.016
653526000000,0.098
653529600000,0.204
653533200000,0.294
653536800000,0.368
653540400000,0.398
653544000000,0.426
653547600000,0.43
653551200000,0.405
653554800000,0.327
653558400000,0.175
653562000000,0.029
653565600000,0.0
653569200000,0.0
653572800000,0.0
653576400000,0.0
653580000000,0.0
653583600000,0.0
653587200000,0.0
653590800000,0.0
653594400000,0.0
653598000000,0.0
653601600000,0.0
653605200000,0.0
653608800000,0.016
653612400000,0.108
653616000000,0.248
653619600000,0.393
653623200000,0.503
653626800000,0.561
653630400000,0.558
653634000000,0.517
653637600000,0.432
653641200000,0.308
653644800000,0.162
653648400000,0.029
653652000000,0.0
653655600000,0.0
653659200000,0.0
653662800000,0.0
653666400000,0.0
653670000000,0.0
653673600000,0.0
653677200000,0.0
653680800000,0.0
653684400000,0.0
653688000000,0.0
653691600000,0.0
653695200000,0.031
653698800000,0.175
653702400000,0.341
653706000000,0.436
653709600000,0.517
653713200000,0.529
653716800000,0.51
653720400000,0.438
653724000000,0.341
653727600000,0.199
653731200000,0.091
653734800000,0.009
653738400000,0.0
653742000000,0.0
653745600000,0.0
653749200000,0.0
653752800000,0.0
653756400000,0.0
653760000000,0.0
653763600000,0.0
653767200000,0.0
653770800000,0.0
653774400000,0.0
653778000000,0.0
653781600000,0.015
653785200000,0.115
653788800000,0.279
653792400000,0.473
653796000000,0.619
653799600000,0.685
653803200000,0.667
653806800000,0.614
653810400000,0.49
653814000000,0.349
653817600000,0.154
653821200000,0.022
653824800000,0.0
653828400000,0.0
653832000000,0.0
653835600000,0.0
653839200000,0.0
653842800000,0.0
653846400000,0.0
653850000000,0.0
653853600000,0.0
653857200000,0.0
653860800000,0.0
653864400000,0.0
653868000000,0.046
653871600000,0.213
653875200000,0.387
653878800000,0.534
653882400000,0.638
653886000000,0.688
653889600000,0.685
653893200000,0.613
653896800000,0.495
653900400000,0.345
653904000000,0.178
653907600000,0.035
653911200000,0.0
653914800000,0.0
653918400000,0.0
653922000000,0.0
653925600000,0.0
653929200000,0.0
653932800000,0.0
653936400000,0.0
653940000000,0.0
653943600000,0.0
653947200000,0.0
653950800000,0.0
653954400000,0.041
653958000000,0.217
653961600000,0.411
653965200000,0.574
653968800000,0.667
653972400000,0.677
653976000000,0.641
653979600000,0.557
653983200000,0.429
653986800000,0.268
653990400000,0.096
653994000000,0.012
653997600000,0.0
654001200000,0.0
654004800000,0.0
654008400000,0.0
654012000000,0.0
654015600000,0.0
654019200000,0.0
654022800000,0.0
654026400000,0.0
654030000000,0.0
654033600000,0.0
654037200000,0.0
654040800000,0.038
654044400000,0.208
654048000000,0.392
654051600000,0.532
654055200000,0.605
654058800000,0.616
654062400000,0.569
654066000000,0.476
654069600000,0.358
654073200000,0.194
654076800000,0.078
654080400000,0.008
654084000000,0.0
654087600000,0.0
654091200000,0.0
654094800000,0.0
654098400000,0.0
654102000000,0.0
654105600000,0.0
654109200000,0.0
654112800000,0.0
654116400000,0.0
654120000000,0.0
654123600000,0.0
654127200000,0.004
654130800000,0.061
654134400000,0.167
654138000000,0.25
654141600000,0.31
654145200000,0.368
654148800000,0.399
654152400000,0.35
654156000000,0.318
654159600000,0.209
654163200000,0.099
654166800000,0.01
654170400000,0.0
654174000000,0.0
654177600000,0.0
654181200000,0.0
654184800000,0.0
654188400000,0.0
654192000000,0.0
654195600000,0.0
654199200000,0.0
654202800000,0.0
654206400000,0.0
654210000000,0.0
654213600000,0.003
654217200000,0.064
654220800000,0.157
654224400000,0.249
654228000000,0.319
654231600000,0.351
654235200000,0.368
654238800000,0.34
654242400000,0.246
654246000000,0.175
654249600000,0.098
654253200000,0.013
654256800000,0.0
654260400000,0.0
654264000000,0.0
654267600000,0.0
654271200000,0.0
654274800000,0.0
654278400000,0.0
654282000000,0.0
654285600000,0.0
654289200000,0.0
654292800000,0.0
654296400000,0.0
654300000000,0.03
654303600000,0.186
654307200000,0.358
654310800000,0.508
654314400000,0.612
654318000000,0.646
654321600000,0.639
654325200000,0.58
654328800000,0.482
654332400000,0.336
654336000000,0.166
654339600000,0.028
654343200000,0.0
654346800000,0.0
654350400000,0.0
654354000000,0.0
654357600000,0.0
654361200000,0.0
654364800000,0.0
654368400000,0.0
654372000000,0.0
654375600000,0.0
654379200000,0.0
654382800000,0.0
654386400000,0.045
654390000000,0.231
654393600000,0.415
654397200000,0.552
654400800000,0.632
654404400000,0.651
654408000000,0.608
654411600000,0.535
654415200000,0.425
654418800000,0.276
654422400000,0.111
654426000000,0.011
654429600000,0.0
654433200000,0.0
654436800000,0.0
654440400000,0.0
654444000000,0.0
654447600000,0.0
654451200000,0.0
654454800000,0.0
654458400000,0.0
654462000000,0.0
654465600000,0.0
654469200000,0.0
654472800000,0.012
654476400000,0.11
654480000000,0.237
654483600000,0.359
654487200000,0.437
654490800000,0.448
654494400000,0.419
654498000000,0.368
654501600000,0.29
654505200000,0.178
654508800000,0.08
654512400000,0.004
654516000000,0.0
654519600000,0.0
654523200000,0.0
654526800000,0.0
654530400000,0.0
654534000000,0.0
654537600000,0.0
654541200000,0.0
654544800000,0.0
654548400000,0.0
654552000000,0.0
654555600000,0.0
654559200000,0.023
654562800000,0.146
654566400000,0.27
654570000000,0.38
654573600000,0.45
654577200000,0.467
654580800000,0.449
654584400000,0.371
654588000000,0.293
654591600000,0.183
654595200000,0.077
654598800000,0.005
654602400000,0.0
654606000000,0.0
654609600000,0.0
654613200000,0.0
654616800000,0.0
654620400000,0.0
654624000000,0.0
654627600000,0.0
654631200000,0.0
654634800000,0.0
654638400000,0.0
654642000000,0.0
654645600000,0.025
654649200000,0.166
654652800000,0.3
654656400000,0.395
654660000000,0.472
654663600000,0.495
654667200000,0.48
654670800000,0.429
654674400000,0.377
654678000000,0.264
654681600000,0.124
654685200000,0.013
654688800000,0.0
654692400000,0.0
654696000000,0.0
654699600000,0.0
654703200000,0.0
654706800000,0.0
654710400000,0.0
654714000000,0.0
654717600000,0.0
654721200000,0.0
654724800000,0.0
654728400000,0.0
654732000000,0.01
654735600000,0.089
654739200000,0.196
654742800000,0.28
654746400000,0.339
654750000000,0.366
654753600000,0.354
654757200000,0.302
654760800000,0.228
654764400000,0.144
654768000000,0.063
654771600000,0.003
654775200000,0.0
654778800000,0.0
654782400000,0.0
654786000000,0.0
654789600000,0.0
654793200000,0.0
654796800000,0.0
654800400000,0.0
654804000000,0.0
654807600000,0.0
654811200000,0.0
654814800000,0.0
654818400000,0.009
654822000000,0.073
654825600000,0.147
654829200000,0.215
654832800000,0.249
654836400000,0.252
654840000000,0.257
654843600000,0.229
654847200000,0.188
654850800000,0.124
654854400000,0.055
654858000000,0.001
654861600000,0.0
654865200000,0.0
654868800000,0.0
654872400000,0.0
654876000000,0.0
654879600000,0.0
654883200000,0.0
654886800000,0.0
654890400000,0.0
654894000000,0.0
654897600000,0.0
654901200000,0.0
654904800000,0.01
654908400000,0.089
654912000000,0.185
654915600000,0.253
654919200000,0.295
654922800000,0.313
654926400000,0.297
654930000000,0.27
654933600000,0.221
654937200000,0.154
654940800000,0.081
654944400000,0.009
654948000000,0.0
654951600000,0.0
654955200000,0.0
654958800000,0.0
654962400000,0.0
654966000000,0.0
654969600000,0.0
654973200000,0.0
654976800000,0.0
654980400000,0.0
654984000000,0.0
654987600000,0.0
654991200000,0.006
654994800000,0.088
654998400000,0.229
655002000000,0.382
655005600000,0.52
655009200000,0.584
655012800000,0.573
655016400000,0.526
655020000000,0.44
655023600000,0.328
655027200000,0.182
655030800000,0.024
655034400000,0.0
655038000000,0.0
655041600000,0.0
655045200000,0.0
655048800000,0.0
655052400000,0.0
655056000000,0.0
655059600000,0.0
655063200000,0.0
655066800000,0.0
655070400000,0.0
655074000000,0.0
655077600000,0.01
655081200000,0.093
655084800000,0.254
655088400000,0.438
655092000000,0.539
655095600000,0.568
655099200000,0.558
655102800000,0.512
655106400000,0.44
655110000000,0.313
655113600000,0.168
655117200000,0.025
655120800000,0.0
655124400000,0.0
655128000000,0.0
655131600000,0.0
655135200000,0.0
655138800000,0.0
655142400000,0.0
655146000000,0.0
655149600000,0.0
655153200000,0.0
655156800000,0.0
655160400000,0.0
655164000000,0.036
655167600000,0.218
655171200000,0.412
655174800000,0.564
655178400000,0.675
655182000000,0.724
655185600000,0.721
655189200000,0.668
655192800000,0.567
655196400000,0.417
655200000000,0.215
655203600000,0.029
655207200000,0.0
655210800000,0.0
655214400000,0.0
655218000000,0.0
655221600000,0.0
655225200000,0.0
655228800000,0.0
655232400000,0.0
655236000000,0.0
655239600000,0.0
655243200000,0.0
655246800000,0.0
655250400000,0.038
655254000000,0.238
655257600000,0.438
655261200000,0.586
655264800000,0.68
655268400000,0.72
655272000000,0.71
655275600000,0.648
655279200000,0.528
655282800000,0.352
655286400000,0.177
655290000000,0.023
655293600000,0.0
655297200000,0.0
655300800000,0.0
655304400000,0.0
655308000000,0.0
655311600000,0.0
655315200000,0.0
655318800000,0.0
655322400000,0.0
655326000000,0.0
655329600000,0.0
655333200000,0.0
655336800000,0.029
655340400000,0.182
655344000000,0.337
655347600000,0.459
655351200000,0.534
655354800000,0.556
655358400000,0.538
655362000000,0.469
655365600000,0.361
655369200000,0.211
655372800000,0.094
655376400000,0.007
655380000000,0.0
655383600000,0.0
655387200000,0.0
655390800000,0.0
655394400000,0.0
655398000000,0.0
655401600000,0.0
655405200000,0.0
655408800000,0.0
655412400000,0.0
655416000000,0.0
655419600000,0.0
655423200000,0.007
655426800000,0.099
655430400000,0.253
655434000000,0.396
655437600000,0.48
655441200000,0.492
655444800000,0.404
655448400000,0.328
655452000000,0.231
655455600000,0.142
655459200000,0.058
655462800000,0.001
655466400000,0.0
655470000000,0.0
655473600000,0.0
655477200000,0.0
655480800000,0.0
655484400000,0.0
655488000000,0.0
655491600000,0.0
655495200000,0.0
655498800000,0.0
655502400000,0.0
655506000000,0.0
655509600000,0.036
655513200000,0.223
655516800000,0.401
655520400000,0.533
655524000000,0.591
655527600000,0.527
655531200000,0.433
655534800000,0.364
655538400000,0.254
655542000000,0.156
655545600000,0.071
655549200000,0.004
655552800000,0.0
655556400000,0.0
655560000000,0.0
655563600000,0.0
655567200000,0.0
655570800000,0.0
655574400000,0.0
655578000000,0.0
655581600000,0.0
655585200000,0.0
655588800000,0.0
655592400000,0.0
655596000000,0.02
655599600000,0.171
655603200000,0.362
655606800000,0.511
655610400000,0.618
655614000000,0.623
655617600000,0.58
655621200000,0.483
655624800000,0.339
655628400000,0.16
655632000000,0.042
655635600000,0.0
655639200000,0.0
655642800000,0.0
655646400000,0.0
655650000000,0.0
655653600000,0.0
655657200000,0.0
655660800000,0.0
655664400000,0.0
655668000000,0.0
655671600000,0.0
655675200000,0.0
655678800000,0.0
655682400000,0.008
655686000000,0.097
655689600000,0.21
655693200000,0.288
655696800000,0.339
655700400000,0.335
655704000000,0.309
655707600000,0.258
655711200000,0.184
655714800000,0.109
655718400000,0.043
655722000000,0.0
655725600000,0.0
655729200000,0.0
655732800000,0.0
655736400000,0.0
655740000000,0.0
655743600000,0.0
655747200000,0.0
655750800000,0.0
655754400000,0.0
655758000000,0.0
655761600000,0.0
655765200000,0.0
655768800000,0.009
655772400000,0.097
655776000000,0.185
655779600000,0.193
655783200000,0.252
655786800000,0.23
655790400000,0.207
655794000000,0.163
655797600000,0.106
655801200000,0.052
655804800000,0.03
655808400000,0.0
655812000000,0.0
655815600000,0.0
655819200000,0.0
655822800000,0.0
655826400000,0.0
655830000000,0.0
655833600000,0.0
655837200000,0.0
655840800000,0.0
655844400000,0.0
655848000000,0.0
655851600000,0.0
655855200000,0.016
655858800000,0.153
655862400000,0.297
655866000000,0.388
655869600000,0.436
655873200000,0.492
655876800000,0.446
655880400000,0.329
655884000000,0.232
655887600000,0.142
655891200000,0.056
655894800000,0.0
655898400000,0.0
655902000000,0.0
655905600000,0.0
655909200000,0.0
655912800000,0.0
655916400000,0.0
655920000000,0.0
655923600000,0.0
655927200000,0.0
655930800000,0.0
655934400000,0.0
655938000000,0.0
655941600000,0.007
655945200000,0.092
655948800000,0.182
655952400000,0.251
655956000000,0.289
655959600000,0.248
655963200000,0.189
655966800000,0.138
655970400000,0.089
655974000000,0.048
655977600000,0.015
655981200000,0.0
655984800000,0.0
655988400000,0.0
655992000000,0.0
655995600000,0.0
655999200000,0.0
656002800000,0.0
656006400000,0.0
656010000000,0.0
656013600000,0.0
656017200000,0.0
656020800000,0.0
656024400000,0.0
656028000000,0.011
656031600000,0.122
656035200000,0.242
656038800000,0.332
656042400000,0.389
656046000000,0.44
656049600000,0.434
656053200000,0.41
656056800000,0.337
656060400000,0.244
656064000000,0.113
656067600000,0.009
656071200000,0.0
656074800000,0.0
656078400000,0.0
656082000000,0.0
656085600000,0.0
656089200000,0.0
656092800000,0.0
656096400000,0.0
656100000000,0.0
656103600000,0.0
656107200000,0.0
656110800000,0.0
656114400000,0.016
656118000000,0.15
656121600000,0.311
656125200000,0.431
656128800000,0.511
656132400000,0.536
656136000000,0.519
656139600000,0.454
656143200000,0.353
656146800000,0.233
656150400000,0.103
656154000000,0.006
656157600000,0.0
656161200000,0.0
656164800000,0.0
656168400000,0.0
656172000000,0.0
656175600000,0.0
656179200000,0.0
656182800000,0.0
656186400000,0.0
656190000000,0.0
656193600000,0.0
656197200000,0.0
656200800000,0.016
656204400000,0.145
656208000000,0.269
656211600000,0.34
656215200000,0.366
656218800000,0.339
656222400000,0.287
656226000000,0.213
656229600000,0.149
656233200000,0.087
656236800000,0.032
656240400000,0.0
656244000000,0.0
656247600000,0.0
656251200000,0.0
656254800000,0.0
656258400000,0.0
656262000000,0.0
656265600000,0.0
656269200000,0.0
656272800000,0.0
656276400000,0.0
656280000000,0.0
656283600000,0.0
656287200000,0.0
656290800000,0.03
656294400000,0.093
656298000000,0.179
656301600000,0.264
656305200000,0.317
656308800000,0.344
656312400000,0.318
656316000000,0.244
656319600000,0.146
656323200000,0.061
656326800000,0.001
656330400000,0.0
656334000000,0.0
656337600000,0.0
656341200000,0.0
656344800000,0.0
656348400000,0.0
656352000000,0.0
656355600000,0.0
656359200000,0.0
656362800000,0.0
656366400000,0.0
656370000000,0.0
656373600000,0.0
656377200000,0.056
656380800000,0.149
656384400000,0.238
656388000000,0.317
656391600000,0.346
656395200000,0.35
656398800000,0.312
656402400000,0.254
656406000000,0.167
656409600000,0.062
656413200000,0.0
656416800000,0.0
656420400000,0.0
656424000000,0.0
656427600000,0.0
656431200000,0.0
656434800000,0.0
656438400000,0.0
656442000000,0.0
656445600000,0.0
656449200000,0.0
656452800000,0.0
656456400000,0.0
656460000000,0.022
656463600000,0.204
656467200000,0.411
656470800000,0.57
656474400000,0.671
656478000000,0.716
656481600000,0.705
656485200000,0.641
656488800000,0.542
656492400000,0.365
656496000000,0.174
656499600000,0.016
656503200000,0.0
656506800000,0.0
656510400000,0.0
656514000000,0.0
656517600000,0.0
656521200000,0.0
656524800000,0.0
656528400000,0.0
656532000000,0.0
656535600000,0.0
656539200000,0.0
656542800000,0.0
656546400000,0.033
656550000000,0.243
656553600000,0.448
656557200000,0.597
656560800000,0.693
656564400000,0.738
656568000000,0.735
656571600000,0.685
656575200000,0.584
656578800000,0.433
656582400000,0.235
656586000000,0.023
656589600000,0.0
656593200000,0.0
656596800000,0.0
656600400000,0.0
656604000000,0.0
656607600000,0.0
656611200000,0.0
656614800000,0.0
656618400000,0.0
656622000000,0.0
656625600000,0.0
656629200000,0.0
656632800000,0.031
656636400000,0.234
656640000000,0.435
656643600000,0.585
656647200000,0.681
656650800000,0.727
656654400000,0.727
656658000000,0.678
656661600000,0.579
656665200000,0.39
656668800000,0.188
656672400000,0.017
656676000000,0.0
656679600000,0.0
656683200000,0.0
656686800000,0.0
656690400000,0.0
656694000000,0.0
656697600000,0.0
656701200000,0.0
656704800000,0.0
656708400000,0.0
656712000000,0.0
656715600000,0.0
656719200000,0.034
656722800000,0.246
656726400000,0.447
656730000000,0.595
656733600000,0.689
656737200000,0.734
656740800000,0.731
656744400000,0.678
656748000000,0.554
656751600000,0.4
656755200000,0.212
656758800000,0.019
656762400000,0.0
656766000000,0.0
656769600000,0.0
656773200000,0.0
656776800000,0.0
656780400000,0.0
656784000000,0.0
656787600000,0.0
656791200000,0.0
656794800000,0.0
656798400000,0.0
656802000000,0.0
656805600000,0.027
656809200000,0.211
656812800000,0.402
656816400000,0.522
656820000000,0.582
656823600000,0.61
656827200000,0.615
656830800000,0.587
656834400000,0.487
656838000000,0.363
656841600000,0.173
656845200000,0.012
656848800000,0.0
656852400000,0.0
656856000000,0.0
656859600000,0.0
656863200000,0.0
656866800000,0.0
656870400000,0.0
656874000000,0.0
656877600000,0.0
656881200000,0.0
656884800000,0.0
656888400000,0.0
656892000000,0.024
656895600000,0.215
656899200000,0.425
656902800000,0.58
656906400000,0.681
656910000000,0.727
656913600000,0.725
656917200000,0.672
656920800000,0.576
656924400000,0.426
656928000000,0.223
656931600000,0.02
656935200000,0.0
656938800000,0.0
656942400000,0.0
656946000000,0.0
656949600000,0.0
656953200000,0.0
656956800000,0.0
656960400000,0.0
656964000000,0.0
656967600000,0.0
656971200000,0.0
656974800000,0.0
656978400000,0.025
656982000000,0.207
656985600000,0.399
656989200000,0.547
656992800000,0.645
656996400000,0.699
657000000000,0.702
657003600000,0.642
657007200000,0.516
657010800000,0.337
657014400000,0.138
657018000000,0.007
657021600000,0.0
657025200000,0.0
657028800000,0.0
657032400000,0.0
657036000000,0.0
657039600000,0.0
657043200000,0.0
657046800000,0.0
657050400000,0.0
657054000000,0.0
657057600000,0.0
657061200000,0.0
657064800000,0.024
657068400000,0.221
657072000000,0.424
657075600000,0.574
657079200000,0.667
657082800000,0.709
657086400000,0.693
657090000000,0.646
657093600000,0.538
657097200000,0.384
657100800000,0.187
657104400000,0.015
657108000000,0.0
657111600000,0.0
657115200000,0.0
657118800000,0.0
657122400000,0.0
657126000000,0.0
657129600000,0.0
657133200000,0.0
657136800000,0.0
657140400000,0.0
657144000000,0.0
657147600000,0.0
657151200000,0.018
657154800000,0.183
657158400000,0.361
657162000000,0.491
657165600000,0.575
657169200000,0.605
657172800000,0.584
657176400000,0.479
657180000000,0.347
657183600000,0.178
657187200000,0.061
657190800000,0.0
657194400000,0.0
657198000000,0.0
657201600000,0.0
657205200000,0.0
657208800000,0.0
657212400000,0.0
657216000000,0.0
657219600000,0.0
657223200000,0.0
657226800000,0.0
657230400000,0.0
657234000000,0.0
657237600000,0.004
657241200000,0.101
657244800000,0.247
657248400000,0.391
657252000000,0.506
657255600000,0.568
657259200000,0.586
657262800000,0.548
657266400000,0.455
657270000000,0.319
657273600000,0.15
657277200000,0.008
657280800000,0.0
657284400000,0.0
657288000000,0.0
657291600000,0.0
657295200000,0.0
657298800000,0.0
657302400000,0.0
657306000000,0.0
657309600000,0.0
657313200000,0.0
657316800000,0.0
657320400000,0.0
657324000000,0.026
657327600000,0.228
657331200000,0.432
657334800000,0.577
657338400000,0.663
657342000000,0.696
657345600000,0.672
657349200000,0.593
657352800000,0.491
657356400000,0.316
657360000000,0.128
657363600000,0.005
657367200000,0.0
657370800000,0.0
657374400000,0.0
657378000000,0.0
657381600000,0.0
657385200000,0.0
657388800000,0.0
657392400000,0.0
657396000000,0.0
657399600000,0.0
657403200000,0.0
657406800000,0.0
657410400000,0.009
657414000000,0.149
657417600000,0.325
657421200000,0.476
657424800000,0.573
657428400000,0.608
657432000000,0.581
657435600000,0.506
657439200000,0.403
657442800000,0.26
657446400000,0.102
657450000000,0.003
657453600000,0.0
657457200000,0.0
657460800000,0.0
657464400000,0.0
657468000000,0.0
657471600000,0.0
657475200000,0.0
657478800000,0.0
657482400000,0.0
657486000000,0.0
657489600000,0.0
657493200000,0.0
657496800000,0.003
657500400000,0.09
657504000000,0.204
657507600000,0.304
657511200000,0.385
657514800000,0.433
657518400000,0.442
657522000000,0.441
657525600000,0.384
657529200000,0.273
657532800000,0.115
657536400000,0.004
657540000000,0.0
657543600000,0.0
657547200000,0.0
657550800000,0.0
657554400000,0.0
657558000000,0.0
657561600000,0.0
657565200000,0.0
657568800000,0.0
657572400000,0.0
657576000000,0.0
657579600000,0.0
657583200000,0.0
657586800000,0.047
657590400000,0.136
657594000000,0.267
657597600000,0.377
657601200000,0.468
657604800000,0.516
657608400000,0.488
657612000000,0.42
657615600000,0.286
657619200000,0.137
657622800000,0.008
657626400000,0.0
657630000000,0.0
657633600000,0.0
657637200000,0.0
657640800000,0.0
657644400000,0.0
657648000000,0.0
657651600000,0.0
657655200000,0.0
657658800000,0.0
657662400000,0.0
657666000000,0.0
657669600000,0.011
657673200000,0.145
657676800000,0.34
657680400000,0.507
657684000000,0.615
657687600000,0.662
657691200000,0.655
657694800000,0.598
657698400000,0.494
657702000000,0.332
657705600000,0.127
657709200000,0.002
657712800000,0.0
657716400000,0.0
657720000000,0.0
657723600000,0.0
657727200000,0.0
657730800000,0.0
657734400000,0.0
657738000000,0.0
657741600000,0.0
657745200000,0.0
657748800000,0.0
657752400000,0.0
657756000000,0.004
657759600000,0.107
657763200000,0.253
657766800000,0.365
657770400000,0.425
657774000000,0.443
657777600000,0.382
657781200000,0.298
657784800000,0.212
657788400000,0.127
657792000000,0.05
657795600000,0.0
657799200000,0.0
657802800000,0.0
657806400000,0.0
657810000000,0.0
657813600000,0.0
657817200000,0.0
657820800000,0.0
657824400000,0.0
657828000000,0.0
657831600000,0.0
657835200000,0.0
657838800000,0.0
657842400000,0.007
657846000000,0.111
657849600000,0.245
657853200000,0.374
657856800000,0.466
657860400000,0.498
657864000000,0.498
657867600000,0.427
657871200000,0.314
657874800000,0.19
657878400000,0.067
657882000000,0.0
657885600000,0.0
657889200000,0.0
657892800000,0.0
657896400000,0.0
657900000000,0.0
657903600000,0.0
657907200000,0.0
657910800000,0.0
657914400000,0.0
657918000000,0.0
657921600000,0.0
657925200000,0.0
657928800000,0.006
657932400000,0.115
657936000000,0.249
657939600000,0.348
657943200000,0.398
657946800000,0.42
657950400000,0.395
657954000000,0.351
657957600000,0.279
657961200000,0.186
657964800000,0.073
657968400000,0.0
657972000000,0.0
657975600000,0.0
657979200000,0.0
657982800000,0.0
657986400000,0.0
657990000000,0.0
657993600000,0.0
657997200000,0.0
658000800000,0.0
658004400000,0.0
658008000000,0.0
658011600000,0.0
658015200000,0.014
658018800000,0.182
658022400000,0.356
658026000000,0.48
658029600000,0.569
658033200000,0.629
658036800000,0.637
658040400000,0.576
658044000000,0.475
658047600000,0.34
658051200000,0.172
658054800000,0.008
658058400000,0.0
658062000000,0.0
658065600000,0.0
658069200000,0.0
658072800000,0.0
658076400000,0.0
658080000000,0.0
658083600000,0.0
658087200000,0.0
658090800000,0.0
658094400000,0.0
658098000000,0.0
658101600000,0.0
658105200000,0.077
658108800000,0.233
658112400000,0.386
658116000000,0.522
658119600000,0.61
658123200000,0.628
658126800000,0.591
658130400000,0.489
658134000000,0.343
658137600000,0.137
658141200000,0.005
658144800000,0.0
658148400000,0.0
658152000000,0.0
658155600000,0.0
658159200000,0.0
658162800000,0.0
658166400000,0.0
658170000000,0.0
658173600000,0.0
658177200000,0.0
658180800000,0.0
658184400000,0.0
658188000000,0.005
658191600000,0.12
658195200000,0.287
658198800000,0.441
658202400000,0.554
658206000000,0.614
658209600000,0.617
658213200000,0.566
658216800000,0.47
658220400000,0.333
658224000000,0.155
658227600000,0.007
658231200000,0.0
658234800000,0.0
658238400000,0.0
658242000000,0.0
658245600000,0.0
658249200000,0.0
658252800000,0.0
658256400000,0.0
658260000000,0.0
658263600000,0.0
658267200000,0.0
658270800000,0.0
658274400000,0.009
658278000000,0.147
658281600000,0.345
658285200000,0.526
658288800000,0.64
658292400000,0.688
658296000000,0.681
658299600000,0.631
658303200000,0.531
658306800000,0.373
658310400000,0.175
658314000000,0.008
658317600000,0.0
658321200000,0.0
658324800000,0.0
658328400000,0.0
658332000000,0.0
658335600000,0.0
658339200000,0.0
658342800000,0.0
658346400000,0.0
658350000000,0.0
658353600000,0.0
658357200000,0.0
658360800000,0.013
658364400000,0.183
658368000000,0.384
658371600000,0.536
658375200000,0.637
658378800000,0.686
658382400000,0.686
658386000000,0.639
658389600000,0.541
658393200000,0.391
658396800000,0.188
658400400000,0.01
658404000000,0.0
658407600000,0.0
658411200000,0.0
658414800000,0.0
658418400000,0.0
658422000000,0.0
658425600000,0.0
658429200000,0.0
658432800000,0.0
658436400000,0.0
658440000000,0.0
658443600000,0.0
658447200000,0.012
658450800000,0.157
658454400000,0.304
658458000000,0.401
658461600000,0.469
658465200000,0.543
658468800000,0.531
658472400000,0.411
658476000000,0.254
658479600000,0.126
658483200000,0.048
658486800000,0.0
658490400000,0.0
658494000000,0.0
658497600000,0.0
658501200000,0.0
658504800000,0.0
658508400000,0.0
658512000000,0.0
658515600000,0.0
658519200000,0.0
658522800000,0.0
658526400000,0.0
658530000000,0.0
658533600000,0.008
658537200000,0.139
658540800000,0.318
658544400000,0.504
658548000000,0.609
658551600000,0.632
658555200000,0.59
658558800000,0.505
658562400000,0.407
658566000000,0.269
658569600000,0.101
658573200000,0.0
658576800000,0.0
658580400000,0.0
658584000000,0.0
658587600000,0.0
658591200000,0.0
658594800000,0.0
658598400000,0.0
658602000000,0.0
658605600000,0.0
658609200000,0.0
658612800000,0.0
658616400000,0.0
658620000000,0.0
658623600000,0.034
658627200000,0.119
658630800000,0.195
658634400000,0.21
658638000000,0.199
658641600000,0.165
658645200000,0.156
658648800000,0.1
658652400000,0.065
658656000000,0.018
658659600000,0.0
658663200000,0.0
658666800000,0.0
658670400000,0.0
658674000000,0.0
658677600000,0.0
658681200000,0.0
658684800000,0.0
658688400000,0.0
658692000000,0.0
658695600000,0.0
658699200000,0.0
658702800000,0.0
658706400000,0.0
658710000000,0.038
658713600000,0.119
658717200000,0.224
658720800000,0.341
658724400000,0.418
658728000000,0.463
658731600000,0.463
658735200000,0.379
658738800000,0.261
658742400000,0.121
658746000000,0.003
658749600000,0.0
658753200000,0.0
658756800000,0.0
658760400000,0.0
658764000000,0.0
658767600000,0.0
658771200000,0.0
658774800000,0.0
658778400000,0.0
658782000000,0.0
658785600000,0.0
658789200000,0.0
658792800000,0.011
658796400000,0.185
658800000000,0.398
658803600000,0.553
658807200000,0.653
658810800000,0.698
658814400000,0.693
658818000000,0.639
658821600000,0.525
658825200000,0.358
658828800000,0.157
658832400000,0.003
658836000000,0.0
658839600000,0.0
658843200000,0.0
658846800000,0.0
658850400000,0.0
658854000000,0.0
658857600000,0.0
658861200000,0.0
658864800000,0.0
658868400000,0.0
658872000000,0.0
658875600000,0.0
658879200000,0.004
658882800000,0.112
658886400000,0.283
658890000000,0.43
658893600000,0.54
658897200000,0.584
658900800000,0.584
658904400000,0.533
658908000000,0.445
658911600000,0.28
658915200000,0.129
658918800000,0.002
658922400000,0.0
658926000000,0.0
658929600000,0.0
658933200000,0.0
658936800000,0.0
658940400000,0.0
658944000000,0.0
658947600000,0.0
658951200000,0.0
658954800000,0.0
658958400000,0.0
658962000000,0.0
658965600000,0.011
658969200000,0.182
658972800000,0.392
658976400000,0.546
658980000000,0.644
658983600000,0.687
658987200000,0.676
658990800000,0.597
658994400000,0.454
658998000000,0.272
659001600000,0.1
659005200000,0.0
659008800000,0.0
659012400000,0.0
659016000000,0.0
659019600000,0.0
659023200000,0.0
659026800000,0.0
659030400000,0.0
659034000000,0.0
659037600000,0.0
659041200000,0.0
659044800000,0.0
659048400000,0.0
659052000000,0.013
659055600000,0.19
659059200000,0.387
659062800000,0.544
659066400000,0.641
659070000000,0.683
659073600000,0.68
659077200000,0.627
659080800000,0.516
659084400000,0.369
659088000000,0.156
659091600000,0.004
659095200000,0.0
659098800000,0.0
659102400000,0.0
659106000000,0.0
659109600000,0.0
659113200000,0.0
659116800000,0.0
659120400000,0.0
659124000000,0.0
659127600000,0.0
659131200000,0.0
659134800000,0.0
659138400000,0.016
659142000000,0.209
659145600000,0.409
659149200000,0.557
659152800000,0.652
659156400000,0.691
659160000000,0.683
659163600000,0.63
659167200000,0.514
659170800000,0.359
659174400000,0.176
659178000000,0.006
659181600000,0.0
659185200000,0.0
659188800000,0.0
659192400000,0.0
659196000000,0.0
659199600000,0.0
659203200000,0.0
659206800000,0.0
659210400000,0.0
659214000000,0.0
659217600000,0.0
659221200000,0.0
659224800000,0.014
659228400000,0.202
659232000000,0.399
659235600000,0.546
659239200000,0.636
659242800000,0.669
659246400000,0.629
659250000000,0.566
659253600000,0.406
659257200000,0.262
659260800000,0.114
659264400000,0.002
659268000000,0.0
659271600000,0.0
659275200000,0.0
659278800000,0.0
659282400000,0.0
659286000000,0.0
659289600000,0.0
659293200000,0.0
659296800000,0.0
659300400000,0.0
659304000000,0.0
659307600000,0.0
659311200000,0.012
659314800000,0.196
659318400000,0.401
659322000000,0.552
659325600000,0.648
659329200000,0.694
659332800000,0.684
659336400000,0.631
659340000000,0.528
659343600000,0.376
659347200000,0.159
659350800000,0.003
659354400000,0.0
659358000000,0.0
659361600000,0.0
659365200000,0.0
659368800000,0.0
659372400000,0.0
659376000000,0.0
659379600000,0.0
659383200000,0.0
659386800000,0.0
659390400000,0.0
659394000000,0.0
659397600000,0.013
659401200000,0.202
659404800000,0.406
659408400000,0.558
659412000000,0.656
659415600000,0.702
659419200000,0.699
659422800000,0.641
659426400000,0.532
659430000000,0.36
659433600000,0.15
659437200000,0.003
659440800000,0.0
659444400000,0.0
659448000000,0.0
659451600000,0.0
659455200000,0.0
659458800000,0.0
659462400000,0.0
659466000000,0.0
659469600000,0.0
659473200000,0.0
659476800000,0.0
659480400000,0.0
659484000000,0.015
659487600000,0.211
659491200000,0.415
659494800000,0.566
659498400000,0.661
659502000000,0.706
659505600000,0.701
659509200000,0.628
659512800000,0.476
659516400000,0.277
659520000000,0.117
659523600000,0.0
659527200000,0.0
659530800000,0.0
659534400000,0.0
659538000000,0.0
659541600000,0.0
659545200000,0.0
659548800000,0.0
659552400000,0.0
659556000000,0.0
659559600000,0.0
659563200000,0.0
659566800000,0.0
659570400000,0.012
659574000000,0.199
659577600000,0.4
659581200000,0.548
659584800000,0.644
659588400000,0.685
659592000000,0.678
659595600000,0.627
659599200000,0.529
659602800000,0.359
659606400000,0.147
659610000000,0.002
659613600000,0.0
659617200000,0.0
659620800000,0.0
659624400000,0.0
659628000000,0.0
659631600000,0.0
659635200000,0.0
659638800000,0.0
659642400000,0.0
659646000000,0.0
659649600000,0.0
659653200000,0.0
659656800000,0.014
659660400000,0.21
659664000000,0.414
659667600000,0.565
659671200000,0.659
659674800000,0.698
659678400000,0.685
659682000000,0.617
659685600000,0.489
659689200000,0.311
659692800000,0.13
659696400000,0.0
659700000000,0.0
659703600000,0.0
659707200000,0.0
659710800000,0.0
659714400000,0.0
659718000000,0.0
659721600000,0.0
659725200000,0.0
659728800000,0.0
659732400000,0.0
659736000000,0.0
659739600000,0.0
659743200000,0.003
659746800000,0.127
659750400000,0.315
659754000000,0.481
659757600000,0.602
659761200000,0.669
659764800000,0.677
659768400000,0.619
659772000000,0.521
659775600000,0.351
659779200000,0.133
659782800000,0.001
659786400000,0.0
659790000000,0.0
659793600000,0.0
659797200000,0.0
659800800000,0.0
659804400000,0.0
659808000000,0.0
659811600000,0.0
659815200000,0.0
659818800000,0.0
659822400000,0.0
659826000000,0.0
659829600000,0.002
659833200000,0.129
659836800000,0.293
659840400000,0.431
659844000000,0.56
659847600000,0.613
659851200000,0.61
659854800000,0.558
659858400000,0.431
659862000000,0.245
659865600000,0.1
659869200000,0.0
659872800000,0.0
659876400000,0.0
659880000000,0.0
659883600000,0.0
659887200000,0.0
659890800000,0.0
659894400000,0.0
659898000000,0.0
659901600000,0.0
659905200000,0.0
659908800000,0.0
659912400000,0.0
659916000000,0.002
659919600000,0.129
659923200000,0.315
659926800000,0.5
659930400000,0.619
659934000000,0.67
659937600000,0.668
659941200000,0.611
659944800000,0.514
659948400000,0.355
659952000000,0.138
659955600000,0.001
659959200000,0.0
659962800000,0.0
659966400000,0.0
659970000000,0.0
659973600000,0.0
659977200000,0.0
659980800000,0.0
659984400000,0.0
659988000000,0.0
659991600000,0.0
659995200000,0.0
659998800000,0.0
660002400000,0.0
660006000000,0.034
660009600000,0.099
660013200000,0.185
660016800000,0.277
660020400000,0.347
660024000000,0.394
660027600000,0.427
660031200000,0.398
660034800000,0.301
660038400000,0.149
660042000000,0.003
660045600000,0.0
660049200000,0.0
660052800000,0.0
660056400000,0.0
660060000000,0.0
660063600000,0.0
660067200000,0.0
660070800000,0.0
660074400000,0.0
660078000000,0.0
660081600000,0.0
660085200000,0.0
660088800000,0.003
660092400000,0.143
660096000000,0.337
660099600000,0.494
660103200000,0.582
660106800000,0.629
660110400000,0.619
660114000000,0.495
660117600000,0.361
660121200000,0.231
660124800000,0.107
660128400000,0.001
660132000000,0.0
660135600000,0.0
660139200000,0.0
660142800000,0.0
660146400000,0.0
660150000000,0.0
660153600000,0.0
660157200000,0.0
660160800000,0.0
660164400000,0.0
660168000000,0.0
660171600000,0.0
660175200000,0.002
660178800000,0.128
660182400000,0.339
660186000000,0.524
660189600000,0.652
660193200000,0.7
660196800000,0.694
660200400000,0.635
660204000000,0.532
660207600000,0.375
660211200000,0.17
660214800000,0.003
660218400000,0.0
660222000000,0.0
660225600000,0.0
660229200000,0.0
660232800000,0.0
660236400000,0.0
660240000000,0.0
660243600000,0.0
660247200000,0.0
660250800000,0.0
660254400000,0.0
660258000000,0.0
660261600000,0.007
660265200000,0.164
660268800000,0.314
660272400000,0.414
660276000000,0.476
660279600000,0.52
660283200000,0.545
660286800000,0.512
660290400000,0.411
660294000000,0.265
660297600000,0.112
660301200000,0.0
660304800000,0.0
660308400000,0.0
660312000000,0.0
660315600000,0.0
660319200000,0.0
660322800000,0.0
660326400000,0.0
660330000000,0.0
660333600000,0.0
660337200000,0.0
660340800000,0.0
660344400000,0.0
660348000000,0.008
660351600000,0.185
660355200000,0.381
660358800000,0.517
660362400000,0.591
660366000000,0.62
660369600000,0.608
660373200000,0.568
660376800000,0.472
660380400000,0.327
660384000000,0.138
660387600000,0.001
660391200000,0.0
660394800000,0.0
660398400000,0.0
660402000000,0.0
660405600000,0.0
660409200000,0.0
660412800000,0.0
660416400000,0.0
660420000000,0.0
660423600000,0.0
660427200000,0.0
660430800000,0.0
660434400000,0.007
660438000000,0.183
660441600000,0.381
660445200000,0.529
660448800000,0.623
660452400000,0.669
660456000000,0.667
660459600000,0.617
660463200000,0.51
660466800000,0.344
660470400000,0.134
660474000000,0.0
660477600000,0.0
660481200000,0.0
660484800000,0.0
660488400000,0.0
660492000000,0.0
660495600000,0.0
660499200000,0.0
660502800000,0.0
660506400000,0.0
660510000000,0.0
660513600000,0.0
660517200000,0.0
660520800000,0.008
660524400000,0.189
660528000000,0.393
660531600000,0.543
660535200000,0.64
660538800000,0.687
660542400000,0.683
660546000000,0.629
660549600000,0.525
660553200000,0.375
660556800000,0.179
660560400000,0.004
660564000000,0.0
660567600000,0.0
660571200000,0.0
660574800000,0.0
660578400000,0.0
660582000000,0.0
660585600000,0.0
660589200000,0.0
660592800000,0.0
660596400000,0.0
660600000000,0.0
660603600000,0.0
660607200000,0.008
660610800000,0.192
660614400000,0.389
660618000000,0.536
660621600000,0.634
660625200000,0.679
660628800000,0.67
660632400000,0.608
660636000000,0.505
660639600000,0.358
660643200000,0.155
660646800000,0.003
660650400000,0.0
660654000000,0.0
660657600000,0.0
660661200000,0.0
660664800000,0.0
660668400000,0.0
660672000000,0.0
660675600000,0.0
660679200000,0.0
660682800000,0.0
660686400000,0.0
660690000000,0.0
660693600000,0.008
660697200000,0.192
660700800000,0.393
660704400000,0.543
660708000000,0.638
660711600000,0.686
660715200000,0.682
660718800000,0.629
660722400000,0.53
660726000000,0.379
660729600000,0.167
660733200000,0.004
660736800000,0.0
660740400000,0.0
660744000000,0.0
660747600000,0.0
660751200000,0.0
660754800000,0.0
660758400000,0.0
660762000000,0.0
660765600000,0.0
660769200000,0.0
660772800000,0.0
660776400000,0.0
660780000000,0.009
660783600000,0.198
660787200000,0.4
660790800000,0.548
660794400000,0.643
660798000000,0.687
660801600000,0.684
660805200000,0.634
660808800000,0.531
660812400000,0.377
660816000000,0.171
660819600000,0.002
660823200000,0.0
660826800000,0.0
660830400000,0.0
660834000000,0.0
660837600000,0.0
660841200000,0.0
660844800000,0.0
660848400000,0.0
660852000000,0.0
660855600000,0.0
660859200000,0.0
660862800000,0.0
660866400000,0.008
660870000000,0.194
660873600000,0.398
660877200000,0.545
660880800000,0.639
660884400000,0.676
660888000000,0.67
660891600000,0.616
660895200000,0.51
660898800000,0.353
660902400000,0.167
660906000000,0.002
660909600000,0.0
660913200000,0.0
660916800000,0.0
660920400000,0.0
660924000000,0.0
660927600000,0.0
660931200000,0.0
660934800000,0.0
660938400000,0.0
660942000000,0.0
660945600000,0.0
660949200000,0.0
660952800000,0.005
660956400000,0.173
660960000000,0.365
660963600000,0.499
660967200000,0.578
660970800000,0.606
660974400000,0.589
660978000000,0.505
660981600000,0.383
660985200000,0.237
660988800000,0.083
660992400000,0.0
660996000000,0.0
660999600000,0.0
661003200000,0.0
661006800000,0.0
661010400000,0.0
661014000000,0.0
661017600000,0.0
661021200000,0.0
661024800000,0.0
661028400000,0.0
661032000000,0.0
661035600000,0.0
661039200000,0.0
661042800000,0.099
661046400000,0.269
661050000000,0.43
661053600000,0.527
661057200000,0.573
661060800000,0.575
661064400000,0.528
661068000000,0.437
661071600000,0.301
661075200000,0.136
661078800000,0.0
661082400000,0.0
661086000000,0.0
661089600000,0.0
661093200000,0.0
661096800000,0.0
661100400000,0.0
661104000000,0.0
661107600000,0.0
661111200000,0.0
661114800000,0.0
661118400000,0.0
661122000000,0.0
661125600000,0.004
661129200000,0.168
661132800000,0.378
661136400000,0.526
661140000000,0.621
661143600000,0.664
661147200000,0.656
661150800000,0.6
661154400000,0.494
661158000000,0.346
661161600000,0.16
661165200000,0.001
661168800000,0.0
661172400000,0.0
661176000000,0.0
661179600000,0.0
661183200000,0.0
661186800000,0.0
661190400000,0.0
661194000000,0.0
661197600000,0.0
661201200000,0.0
661204800000,0.0
661208400000,0.0
661212000000,0.005
661215600000,0.175
661219200000,0.379
661222800000,0.524
661226400000,0.617
661230000000,0.655
661233600000,0.634
661237200000,0.567
661240800000,0.429
661244400000,0.241
661248000000,0.103
661251600000,0.0
661255200000,0.0
661258800000,0.0
661262400000,0.0
661266000000,0.0
661269600000,0.0
661273200000,0.0
661276800000,0.0
661280400000,0.0
661284000000,0.0
661287600000,0.0
661291200000,0.0
661294800000,0.0
661298400000,0.005
661302000000,0.172
661305600000,0.37
661309200000,0.517
661312800000,0.615
661316400000,0.663
661320000000,0.661
661323600000,0.612
661327200000,0.512
661330800000,0.359
661334400000,0.17
661338000000,0.002
661341600000,0.0
661345200000,0.0
661348800000,0.0
661352400000,0.0
661356000000,0.0
661359600000,0.0
661363200000,0.0
661366800000,0.0
661370400000,0.0
661374000000,0.0
661377600000,0.0
661381200000,0.0
661384800000,0.002
661388400000,0.138
661392000000,0.316
661395600000,0.472
661399200000,0.583
661402800000,0.645
661406400000,0.65
661410000000,0.607
661413600000,0.514
661417200000,0.36
661420800000,0.169
661424400000,0.001
661428000000,0.0
661431600000,0.0
661435200000,0.0
661438800000,0.0
661442400000,0.0
661446000000,0.0
661449600000,0.0
661453200000,0.0
661456800000,0.0
661460400000,0.0
661464000000,0.0
661467600000,0.0
661471200000,0.004
661474800000,0.162
661478400000,0.368
661482000000,0.523
661485600000,0.625
661489200000,0.673
661492800000,0.672
661496400000,0.619
661500000000,0.52
661503600000,0.369
661507200000,0.146
661510800000,0.001
661514400000,0.0
661518000000,0.0
661521600000,0.0
661525200000,0.0
661528800000,0.0
661532400000,0.0
661536000000,0.0
661539600000,0.0
661543200000,0.0
661546800000,0.0
661550400000,0.0
661554000000,0.0
661557600000,0.005
661561200000,0.174
661564800000,0.371
661568400000,0.519
661572000000,0.621
661575600000,0.675
661579200000,0.672
661582800000,0.626
661586400000,0.527
661590000000,0.375
661593600000,0.171
661597200000,0.002
661600800000,0.0
661604400000,0.0
661608000000,0.0
661611600000,0.0
661615200000,0.0
661618800000,0.0
661622400000,0.0
661626000000,0.0
661629600000,0.0
661633200000,0.0
661636800000,0.0
661640400000,0.0
661644000000,0.003
661647600000,0.162
661651200000,0.361
661654800000,0.522
661658400000,0.624
661662000000,0.664
661665600000,0.661
661669200000,0.587
661672800000,0.502
661676400000,0.339
661680000000,0.118
661683600000,0.0
661687200000,0.0
661690800000,0.0
661694400000,0.0
661698000000,0.0
661701600000,0.0
661705200000,0.0
661708800000,0.0
661712400000,0.0
661716000000,0.0
661719600000,0.0
661723200000,0.0
661726800000,0.0
661730400000,0.001
661734000000,0.14
661737600000,0.359
661741200000,0.513
661744800000,0.616
661748400000,0.667
661752000000,0.661
661755600000,0.598
661759200000,0.495
661762800000,0.332
661766400000,0.117
661770000000,0.0
661773600000,0.0
661777200000,0.0
661780800000,0.0
661784400000,0.0
661788000000,0.0
661791600000,0.0
661795200000,0.0
661798800000,0.0
661802400000,0.0
661806000000,0.0
661809600000,0.0
661813200000,0.0
661816800000,0.003
661820400000,0.171
661824000000,0.363
661827600000,0.515
661831200000,0.605
661834800000,0.65
661838400000,0.605
661842000000,0.532
661845600000,0.414
661849200000,0.259
661852800000,0.097
661856400000,0.0
661860000000,0.0
661863600000,0.0
661867200000,0.0
661870800000,0.0
661874400000,0.0
661878000000,0.0
661881600000,0.0
661885200000,0.0
661888800000,0.0
661892400000,0.0
661896000000,0.0
661899600000,0.0
661903200000,0.005
661906800000,0.179
661910400000,0.37
661914000000,0.511
661917600000,0.595
661921200000,0.628
661924800000,0.612
661928400000,0.527
661932000000,0.403
661935600000,0.253
661939200000,0.103
661942800000,0.0
661946400000,0.0
661950000000,0.0
661953600000,0.0
661957200000,0.0
661960800000,0.0
661964400000,0.0
661968000000,0.0
661971600000,0.0
661975200000,0.0
661978800000,0.0
661982400000,0.0
661986000000,0.0
661989600000,0.002
661993200000,0.141
661996800000,0.315
662000400000,0.466
662004000000,0.572
662007600000,0.626
662011200000,0.627
662014800000,0.583
662018400000,0.484
662022000000,0.291
662025600000,0.127
662029200000,0.0
662032800000,0.0
662036400000,0.0
662040000000,0.0
662043600000,0.0
662047200000,0.0
662050800000,0.0
662054400000,0.0
662058000000,0.0
662061600000,0.0
662065200000,0.0
662068800000,0.0
662072400000,0.0
662076000000,0.003
662079600000,0.151
662083200000,0.343
662086800000,0.487
662090400000,0.591
662094000000,0.647
662097600000,0.661
662101200000,0.605
662104800000,0.496
662108400000,0.34
662112000000,0.144
662115600000,0.0
662119200000,0.0
662122800000,0.0
662126400000,0.0
662130000000,0.0
662133600000,0.0
662137200000,0.0
662140800000,0.0
662144400000,0.0
662148000000,0.0
662151600000,0.0
662155200000,0.0
662158800000,0.0
662162400000,0.0
662166000000,0.077
662169600000,0.204
662173200000,0.374
662176800000,0.561
662180400000,0.652
662184000000,0.674
662187600000,0.613
662191200000,0.509
662194800000,0.354
662198400000,0.127
662202000000,0.0
662205600000,0.0
662209200000,0.0
662212800000,0.0
662216400000,0.0
662220000000,0.0
662223600000,0.0
662227200000,0.0
662230800000,0.0
662234400000,0.0
662238000000,0.0
662241600000,0.0
662245200000,0.0
662248800000,0.006
662252400000,0.193
662256000000,0.397
662259600000,0.548
662263200000,0.644
662266800000,0.69
662270400000,0.69
662274000000,0.639
662277600000,0.536
662281200000,0.378
662284800000,0.167
662288400000,0.002
662292000000,0.0
662295600000,0.0
662299200000,0.0
662302800000,0.0
662306400000,0.0
662310000000,0.0
662313600000,0.0
662317200000,0.0
662320800000,0.0
662324400000,0.0
662328000000,0.0
662331600000,0.0
662335200000,0.004
662338800000,0.128
662342400000,0.282
662346000000,0.416
662349600000,0.494
662353200000,0.553
662356800000,0.554
662360400000,0.5
662364000000,0.415
662367600000,0.291
662371200000,0.128
662374800000,0.0
662378400000,0.0
662382000000,0.0
662385600000,0.0
662389200000,0.0
662392800000,0.0
662396400000,0.0
662400000000,0.0
662403600000,0.0
662407200000,0.0
662410800000,0.0
662414400000,0.0
662418000000,0.0
662421600000,0.003
662425200000,0.154
662428800000,0.341
662432400000,0.503
662436000000,0.6
662439600000,0.636
662443200000,0.615
662446800000,0.521
662450400000,0.353
662454000000,0.239
662457600000,0.112
662461200000,0.0
662464800000,0.0
662468400000,0.0
662472000000,0.0
662475600000,0.0
662479200000,0.0
662482800000,0.0
662486400000,0.0
662490000000,0.0
662493600000,0.0
662497200000,0.0
662500800000,0.0
662504400000,0.0
662508000000,0.004
662511600000,0.169
662515200000,0.374
662518800000,0.527
662522400000,0.621
662526000000,0.662
662529600000,0.651
662533200000,0.605
662536800000,0.504
662540400000,0.35
662544000000,0.16
662547600000,0.002
662551200000,0.0
662554800000,0.0
662558400000,0.0
662562000000,0.0
662565600000,0.0
662569200000,0.0
662572800000,0.0
662576400000,0.0
662580000000,0.0
662583600000,0.0
662587200000,0.0
662590800000,0.0
662594400000,0.004
662598000000,0.178
662601600000,0.378
662605200000,0.534
662608800000,0.627
662612400000,0.663
662616000000,0.659
662619600000,0.603
662623200000,0.5
662626800000,0.352
662630400000,0.152
662634000000,0.0
662637600000,0.0
662641200000,0.0
662644800000,0.0
662648400000,0.0
662652000000,0.0
662655600000,0.0
662659200000,0.0
662662800000,0.0
662666400000,0.0
662670000000,0.0
662673600000,0.0
662677200000,0.0
662680800000,0.039
662684400000,0.18
