,S1
504921600000,0.337
504925200000,0.492
504928800000,0.604
504932400000,0.655
504936000000,0.632
504939600000,0.553
504943200000,0.419
504946800000,0.246
504950400000,0.074
504954000000,0.0
504957600000,0.0
504961200000,0.0
504964800000,0.0
504968400000,0.0
504972000000,0.0
504975600000,0.0
504979200000,0.0
504982800000,0.0
504986400000,0.0
504990000000,0.0
504993600000,0.0
504997200000,0.0
505000800000,0.037
505004400000,0.192
505008000000,0.367
505011600000,0.503
505015200000,0.562
505018800000,0.579
505022400000,0.545
505026000000,0.466
505029600000,0.342
505033200000,0.19
505036800000,0.057
505040400000,0.0
505044000000,0.0
505047600000,0.0
505051200000,0.0
505054800000,0.0
505058400000,0.0
505062000000,0.0
505065600000,0.0
505069200000,0.0
505072800000,0.0
505076400000,0.0
505080000000,0.0
505083600000,0.0
505087200000,0.028
505090800000,0.161
505094400000,0.33
505098000000,0.482
505101600000,0.599
505105200000,0.638
505108800000,0.628
505112400000,0.558
505116000000,0.449
505119600000,0.29
505123200000,0.096
505126800000,0.0
505130400000,0.0
505134000000,0.0
505137600000,0.0
505141200000,0.0
505144800000,0.0
505148400000,0.0
505152000000,0.0
505155600000,0.0
505159200000,0.0
505162800000,0.0
505166400000,0.0
505170000000,0.0
505173600000,0.048
505177200000,0.207
505180800000,0.384
505184400000,0.54
505188000000,0.644
505191600000,0.683
505195200000,0.661
505198800000,0.562
505202400000,0.481
505206000000,0.311
505209600000,0.106
505213200000,0.0
505216800000,0.0
505220400000,0.0
505224000000,0.0
505227600000,0.0
505231200000,0.0
505234800000,0.0
505238400000,0.0
505242000000,0.0
505245600000,0.0
505249200000,0.0
505252800000,0.0
505256400000,0.0
505260000000,0.045
505263600000,0.199
505267200000,0.358
505270800000,0.508
505274400000,0.587
505278000000,0.634
505281600000,0.622
505285200000,0.551
505288800000,0.425
505292400000,0.265
505296000000,0.079
505299600000,0.0
505303200000,0.0
505306800000,0.0
505310400000,0.0
505314000000,0.0
505317600000,0.0
505321200000,0.0
505324800000,0.0
505328400000,0.0
505332000000,0.0
505335600000,0.0
505339200000,0.0
505342800000,0.0
505346400000,0.018
505350000000,0.154
505353600000,0.357
505357200000,0.497
505360800000,0.575
505364400000,0.614
505368000000,0.564
505371600000,0.422
505375200000,0.253
505378800000,0.141
505382400000,0.045
505386000000,0.0
505389600000,0.0
505393200000,0.0
505396800000,0.0
505400400000,0.0
505404000000,0.0
505407600000,0.0
505411200000,0.0
505414800000,0.0
505418400000,0.0
505422000000,0.0
505425600000,0.0
505429200000,0.0
505432800000,0.04
505436400000,0.203
505440000000,0.364
505443600000,0.487
505447200000,0.537
505450800000,0.57
505454400000,0.562
505458000000,0.497
505461600000,0.396
505465200000,0.234
505468800000,0.067
505472400000,0.0
505476000000,0.0
505479600000,0.0
505483200000,0.0
505486800000,0.0
505490400000,0.0
505494000000,0.0
505497600000,0.0
505501200000,0.0
505504800000,0.0
505508400000,0.0
505512000000,0.0
505515600000,0.0
505519200000,0.032
505522800000,0.191
505526400000,0.375
505530000000,0.515
505533600000,0.603
505537200000,0.647
505540800000,0.626
505544400000,0.566
505548000000,0.458
505551600000,0.281
505555200000,0.095
505558800000,0.0
505562400000,0.0
505566000000,0.0
505569600000,0.0
505573200000,0.0
505576800000,0.0
505580400000,0.0
505584000000,0.0
505587600000,0.0
505591200000,0.0
505594800000,0.0
505598400000,0.0
505602000000,0.0
505605600000,0.039
505609200000,0.192
505612800000,0.336
505616400000,0.441
505620000000,0.511
505623600000,0.53
505627200000,0.547
505630800000,0.489
505634400000,0.383
505638000000,0.222
505641600000,0.062
505645200000,0.0
505648800000,0.0
505652400000,0.0
505656000000,0.0
505659600000,0.0
505663200000,0.0
505666800000,0.0
505670400000,0.0
505674000000,0.0
505677600000,0.0
505681200000,0.0
505684800000,0.0
505688400000,0.0
505692000000,0.034
505695600000,0.2
505699200000,0.373
505702800000,0.522
505706400000,0.621
505710000000,0.632
505713600000,0.588
505717200000,0.547
505720800000,0.439
505724400000,0.28
505728000000,0.1
505731600000,0.0
505735200000,0.0
505738800000,0.0
505742400000,0.0
505746000000,0.0
505749600000,0.0
505753200000,0.0
505756800000,0.0
505760400000,0.0
505764000000,0.0
505767600000,0.0
505771200000,0.0
505774800000,0.0
505778400000,0.033
505782000000,0.176
505785600000,0.333
505789200000,0.469
505792800000,0.552
505796400000,0.561
505800000000,0.462
505803600000,0.34
505807200000,0.277
505810800000,0.194
505814400000,0.062
505818000000,0.0
505821600000,0.0
505825200000,0.0
505828800000,0.0
505832400000,0.0
505836000000,0.0
505839600000,0.0
505843200000,0.0
505846800000,0.0
505850400000,0.0
505854000000,0.0
505857600000,0.0
505861200000,0.0
505864800000,0.016
505868400000,0.15
505872000000,0.313
505875600000,0.431
505879200000,0.483
505882800000,0.438
505886400000,0.37
505890000000,0.344
505893600000,0.308
505897200000,0.218
505900800000,0.084
505904400000,0.0
505908000000,0.0
505911600000,0.0
505915200000,0.0
505918800000,0.0
505922400000,0.0
505926000000,0.0
505929600000,0.0
505933200000,0.0
505936800000,0.0
505940400000,0.0
505944000000,0.0
505947600000,0.0
505951200000,0.048
505954800000,0.236
505958400000,0.439
505962000000,0.558
505965600000,0.646
505969200000,0.672
505972800000,0.658
505976400000,0.595
505980000000,0.464
505983600000,0.292
505987200000,0.095
505990800000,0.0
505994400000,0.0
505998000000,0.0
506001600000,0.0
506005200000,0.0
506008800000,0.0
506012400000,0.0
506016000000,0.0
506019600000,0.0
506023200000,0.0
506026800000,0.0
506030400000,0.0
506034000000,0.0
506037600000,0.045
506041200000,0.216
506044800000,0.428
506048400000,0.569
506052000000,0.645
506055600000,0.623
506059200000,0.562
506062800000,0.475
506066400000,0.341
506070000000,0.206
506073600000,0.068
506077200000,0.0
506080800000,0.0
506084400000,0.0
506088000000,0.0
506091600000,0.0
506095200000,0.0
506098800000,0.0
506102400000,0.0
506106000000,0.0
506109600000,0.0
506113200000,0.0
506116800000,0.0
506120400000,0.0
506124000000,0.043
506127600000,0.207
506131200000,0.409
506134800000,0.549
506138400000,0.597
506142000000,0.604
506145600000,0.562
506149200000,0.507
506152800000,0.409
506156400000,0.247
506160000000,0.082
506163600000,0.0
506167200000,0.0
506170800000,0.0
506174400000,0.0
506178000000,0.0
506181600000,0.0
506185200000,0.0
506188800000,0.0
506192400000,0.0
506196000000,0.0
506199600000,0.0
506203200000,0.0
506206800000,0.0
506210400000,0.057
506214000000,0.237
506217600000,0.417
506221200000,0.528
506224800000,0.6
506228400000,0.608
506232000000,0.574
506235600000,0.498
506239200000,0.382
506242800000,0.235
506246400000,0.066
506250000000,0.0
506253600000,0.0
506257200000,0.0
506260800000,0.0
506264400000,0.0
506268000000,0.0
506271600000,0.0
506275200000,0.0
506278800000,0.0
506282400000,0.0
506286000000,0.0
506289600000,0.0
506293200000,0.0
506296800000,0.034
506300400000,0.203
506304000000,0.396
506307600000,0.519
506311200000,0.582
506314800000,0.546
506318400000,0.486
506322000000,0.354
506325600000,0.204
506329200000,0.125
506332800000,0.058
506336400000,0.0
506340000000,0.0
506343600000,0.0
506347200000,0.0
506350800000,0.0
506354400000,0.0
506358000000,0.0
506361600000,0.0
506365200000,0.0
506368800000,0.0
506372400000,0.0
506376000000,0.0
506379600000,0.0
506383200000,0.025
506386800000,0.142
506390400000,0.182
506394000000,0.181
506397600000,0.209
506401200000,0.22
506404800000,0.189
506408400000,0.147
506412000000,0.108
506415600000,0.06
506419200000,0.013
506422800000,0.0
506426400000,0.0
506430000000,0.0
506433600000,0.0
506437200000,0.0
506440800000,0.0
506444400000,0.0
506448000000,0.0
506451600000,0.0
506455200000,0.0
506458800000,0.0
506462400000,0.0
506466000000,0.0
506469600000,0.006
506473200000,0.06
506476800000,0.137
506480400000,0.214
506484000000,0.255
506487600000,0.256
506491200000,0.23
506494800000,0.184
506498400000,0.133
506502000000,0.07
506505600000,0.014
506509200000,0.0
506512800000,0.0
506516400000,0.0
506520000000,0.0
506523600000,0.0
506527200000,0.0
506530800000,0.0
506534400000,0.0
506538000000,0.0
506541600000,0.0
506545200000,0.0
506548800000,0.0
506552400000,0.0
506556000000,0.008
506559600000,0.089
506563200000,0.184
506566800000,0.244
506570400000,0.247
506574000000,0.241
506577600000,0.214
506581200000,0.196
506584800000,0.137
506588400000,0.068
506592000000,0.012
506595600000,0.0
506599200000,0.0
506602800000,0.0
506606400000,0.0
506610000000,0.0
506613600000,0.0
506617200000,0.0
506620800000,0.0
506624400000,0.0
506628000000,0.0
506631600000,0.0
506635200000,0.0
506638800000,0.0
506642400000,0.0
506646000000,0.022
506649600000,0.063
506653200000,0.099
506656800000,0.112
506660400000,0.122
506664000000,0.115
506667600000,0.097
506671200000,0.075
506674800000,0.041
506678400000,0.007
506682000000,0.0
506685600000,0.0
506689200000,0.0
506692800000,0.0
506696400000,0.0
506700000000,0.0
506703600000,0.0
506707200000,0.0
506710800000,0.0
506714400000,0.0
506718000000,0.0
506721600000,0.0
506725200000,0.0
506728800000,0.01
506732400000,0.072
506736000000,0.141
506739600000,0.198
506743200000,0.252
506746800000,0.266
506750400000,0.237
506754000000,0.206
506757600000,0.162
506761200000,0.101
506764800000,0.025
506768400000,0.0
506772000000,0.0
506775600000,0.0
506779200000,0.0
506782800000,0.0
506786400000,0.0
506790000000,0.0
506793600000,0.0
506797200000,0.0
506800800000,0.0
506804400000,0.0
506808000000,0.0
506811600000,0.0
506815200000,0.015
506818800000,0.11
506822400000,0.248
506826000000,0.372
506829600000,0.432
506833200000,0.448
506836800000,0.419
506840400000,0.37
506844000000,0.298
506847600000,0.192
506851200000,0.065
506854800000,0.0
506858400000,0.0
506862000000,0.0
506865600000,0.0
506869200000,0.0
506872800000,0.0
506876400000,0.0
506880000000,0.0
506883600000,0.0
506887200000,0.0
506890800000,0.0
506894400000,0.0
506898000000,0.0
506901600000,0.019
506905200000,0.139
506908800000,0.309
506912400000,0.4
506916000000,0.442
506919600000,0.464
506923200000,0.428
506926800000,0.343
506930400000,0.223
506934000000,0.117
506937600000,0.027
506941200000,0.0
506944800000,0.0
506948400000,0.0
506952000000,0.0
506955600000,0.0
506959200000,0.0
506962800000,0.0
506966400000,0.0
506970000000,0.0
506973600000,0.0
506977200000,0.0
506980800000,0.0
506984400000,0.0
506988000000,0.012
506991600000,0.09
506995200000,0.18
506998800000,0.245
507002400000,0.275
507006000000,0.255
507009600000,0.211
507013200000,0.161
507016800000,0.117
507020400000,0.063
507024000000,0.013
507027600000,0.0
507031200000,0.0
507034800000,0.0
507038400000,0.0
507042000000,0.0
507045600000,0.0
507049200000,0.0
507052800000,0.0
507056400000,0.0
507060000000,0.0
507063600000,0.0
507067200000,0.0
507070800000,0.0
507074400000,0.012
507078000000,0.099
507081600000,0.239
507085200000,0.368
507088800000,0.482
507092400000,0.51
507096000000,0.508
507099600000,0.458
507103200000,0.379
507106800000,0.252
507110400000,0.095
507114000000,0.0
507117600000,0.0
507121200000,0.0
507124800000,0.0
507128400000,0.0
507132000000,0.0
507135600000,0.0
507139200000,0.0
507142800000,0.0
507146400000,0.0
507150000000,0.0
507153600000,0.0
507157200000,0.0
507160800000,0.047
507164400000,0.21
507168000000,0.399
507171600000,0.55
507175200000,0.64
507178800000,0.662
507182400000,0.614
507186000000,0.528
507189600000,0.378
507193200000,0.223
507196800000,0.07
507200400000,0.0
507204000000,0.0
507207600000,0.0
507211200000,0.0
507214800000,0.0
507218400000,0.0
507222000000,0.0
507225600000,0.0
507229200000,0.0
507232800000,0.0
507236400000,0.0
507240000000,0.0
507243600000,0.0
507247200000,0.056
507250800000,0.231
507254400000,0.405
507258000000,0.513
507261600000,0.585
507265200000,0.605
507268800000,0.547
507272400000,0.468
507276000000,0.396
507279600000,0.254
507283200000,0.095
507286800000,0.0
507290400000,0.0
507294000000,0.0
507297600000,0.0
507301200000,0.0
507304800000,0.0
507308400000,0.0
507312000000,0.0
507315600000,0.0
507319200000,0.0
507322800000,0.0
507326400000,0.0
507330000000,0.0
507333600000,0.032
507337200000,0.169
507340800000,0.354
507344400000,0.487
507348000000,0.56
507351600000,0.582
507355200000,0.538
507358800000,0.461
507362400000,0.348
507366000000,0.218
507369600000,0.078
507373200000,0.0
507376800000,0.0
507380400000,0.0
507384000000,0.0
507387600000,0.0
507391200000,0.0
507394800000,0.0
507398400000,0.0
507402000000,0.0
507405600000,0.0
507409200000,0.0
507412800000,0.0
507416400000,0.0
507420000000,0.026
507423600000,0.129
507427200000,0.235
507430800000,0.323
507434400000,0.388
507438000000,0.416
507441600000,0.388
507445200000,0.349
507448800000,0.266
507452400000,0.165
507456000000,0.06
507459600000,0.0
507463200000,0.0
507466800000,0.0
507470400000,0.0
507474000000,0.0
507477600000,0.0
507481200000,0.0
507484800000,0.0
507488400000,0.0
507492000000,0.0
507495600000,0.0
507499200000,0.0
507502800000,0.0
507506400000,0.064
507510000000,0.268
507513600000,0.472
507517200000,0.607
507520800000,0.681
507524400000,0.706
507528000000,0.683
507531600000,0.614
507535200000,0.497
507538800000,0.328
507542400000,0.131
507546000000,0.0
507549600000,0.0
507553200000,0.0
507556800000,0.0
507560400000,0.0
507564000000,0.0
507567600000,0.0
507571200000,0.0
507574800000,0.0
507578400000,0.0
507582000000,0.0
507585600000,0.0
507589200000,0.0
507592800000,0.071
507596400000,0.269
507600000000,0.455
507603600000,0.587
507607200000,0.667
507610800000,0.693
507614400000,0.675
507618000000,0.611
507621600000,0.489
507625200000,0.3
507628800000,0.11
507632400000,0.0
507636000000,0.0
507639600000,0.0
507643200000,0.0
507646800000,0.0
507650400000,0.0
507654000000,0.0
507657600000,0.0
507661200000,0.0
507664800000,0.0
507668400000,0.0
507672000000,0.0
507675600000,0.0
507679200000,0.08
507682800000,0.28
507686400000,0.457
507690000000,0.596
507693600000,0.68
507697200000,0.71
507700800000,0.697
507704400000,0.643
507708000000,0.525
507711600000,0.335
507715200000,0.133
507718800000,0.0
507722400000,0.0
507726000000,0.0
507729600000,0.0
507733200000,0.0
507736800000,0.0
507740400000,0.0
507744000000,0.0
507747600000,0.0
507751200000,0.0
507754800000,0.0
507758400000,0.0
507762000000,0.0
507765600000,0.063
507769200000,0.246
507772800000,0.435
507776400000,0.534
507780000000,0.604
507783600000,0.625
507787200000,0.601
507790800000,0.518
507794400000,0.393
507798000000,0.226
507801600000,0.081
507805200000,0.0
507808800000,0.0
507812400000,0.0
507816000000,0.0
507819600000,0.0
507823200000,0.0
507826800000,0.0
507830400000,0.0
507834000000,0.0
507837600000,0.0
507841200000,0.0
507844800000,0.0
507848400000,0.0
507852000000,0.028
507855600000,0.142
507859200000,0.29
507862800000,0.414
507866400000,0.492
507870000000,0.557
507873600000,0.555
507877200000,0.465
507880800000,0.377
507884400000,0.252
507888000000,0.097
507891600000,0.0
507895200000,0.0
507898800000,0.0
507902400000,0.0
507906000000,0.0
507909600000,0.0
507913200000,0.0
507916800000,0.0
507920400000,0.0
507924000000,0.0
507927600000,0.0
507931200000,0.0
507934800000,0.0
507938400000,0.052
507942000000,0.212
507945600000,0.38
507949200000,0.497
507952800000,0.587
507956400000,0.644
507960000000,0.678
507963600000,0.628
507967200000,0.518
507970800000,0.338
507974400000,0.137
507978000000,0.0
507981600000,0.0
507985200000,0.0
507988800000,0.0
507992400000,0.0
507996000000,0.0
507999600000,0.0
508003200000,0.0
508006800000,0.0
508010400000,0.0
508014000000,0.0
508017600000,0.0
508021200000,0.0
508024800000,0.063
508028400000,0.225
508032000000,0.4
508035600000,0.535
508039200000,0.609
508042800000,0.631
508046400000,0.599
508050000000,0.521
508053600000,0.416
508057200000,0.281
508060800000,0.116
508064400000,0.0
508068000000,0.0
508071600000,0.0
508075200000,0.0
508078800000,0.0
508082400000,0.0
508086000000,0.0
508089600000,0.0
508093200000,0.0
508096800000,0.0
508100400000,0.0
508104000000,0.0
508107600000,0.0
508111200000,0.076
508114800000,0.266
508118400000,0.458
508122000000,0.6
508125600000,0.675
508129200000,0.723
508132800000,0.698
508136400000,0.636
508140000000,0.52
508143600000,0.341
508147200000,0.139
508150800000,0.0
508154400000,0.0
508158000000,0.0
508161600000,0.0
508165200000,0.0
508168800000,0.0
508172400000,0.0
508176000000,0.0
508179600000,0.0
508183200000,0.0
508186800000,0.0
508190400000,0.0
508194000000,0.0
508197600000,0.088
508201200000,0.288
508204800000,0.488
508208400000,0.634
508212000000,0.709
508215600000,0.738
508219200000,0.714
508222800000,0.65
508226400000,0.535
508230000000,0.367
508233600000,0.154
508237200000,0.0
508240800000,0.0
508244400000,0.0
508248000000,0.0
508251600000,0.0
508255200000,0.0
508258800000,0.0
508262400000,0.0
508266000000,0.0
508269600000,0.0
508273200000,0.0
508276800000,0.0
508280400000,0.0
508284000000,0.083
508287600000,0.272
508291200000,0.471
508294800000,0.612
508298400000,0.694
508302000000,0.725
508305600000,0.707
508309200000,0.621
508312800000,0.499
508316400000,0.312
508320000000,0.119
508323600000,0.0
508327200000,0.0
508330800000,0.0
508334400000,0.0
508338000000,0.0
508341600000,0.0
508345200000,0.0
508348800000,0.0
508352400000,0.0
508356000000,0.0
508359600000,0.0
508363200000,0.0
508366800000,0.0
508370400000,0.053
508374000000,0.212
508377600000,0.401
508381200000,0.486
508384800000,0.513
508388400000,0.522
508392000000,0.5
508395600000,0.449
508399200000,0.346
508402800000,0.218
508406400000,0.085
508410000000,0.0
508413600000,0.0
508417200000,0.0
508420800000,0.0
508424400000,0.0
508428000000,0.0
508431600000,0.0
508435200000,0.0
508438800000,0.0
508442400000,0.0
508446000000,0.0
508449600000,0.0
508453200000,0.0
508456800000,0.04
508460400000,0.185
508464000000,0.331
508467600000,0.424
508471200000,0.453
508474800000,0.472
508478400000,0.42
508482000000,0.323
508485600000,0.227
508489200000,0.132
508492800000,0.042
508496400000,0.0
508500000000,0.0
508503600000,0.0
508507200000,0.0
508510800000,0.0
508514400000,0.0
508518000000,0.0
508521600000,0.0
508525200000,0.0
508528800000,0.0
508532400000,0.0
508536000000,0.0
508539600000,0.0
508543200000,0.02
508546800000,0.106
508550400000,0.198
508554000000,0.281
508557600000,0.324
508561200000,0.342
508564800000,0.348
508568400000,0.309
508572000000,0.264
508575600000,0.196
508579200000,0.079
508582800000,0.0
508586400000,0.0
508590000000,0.0
508593600000,0.0
508597200000,0.0
508600800000,0.0
508604400000,0.0
508608000000,0.0
508611600000,0.0
508615200000,0.0
508618800000,0.0
508622400000,0.0
508626000000,0.0
508629600000,0.028
508633200000,0.127
508636800000,0.228
508640400000,0.336
508644000000,0.45
508647600000,0.506
508651200000,0.519
508654800000,0.498
508658400000,0.425
508662000000,0.298
508665600000,0.118
508669200000,0.0
508672800000,0.0
508676400000,0.0
508680000000,0.0
508683600000,0.0
508687200000,0.0
508690800000,0.0
508694400000,0.0
508698000000,0.0
508701600000,0.0
508705200000,0.0
508708800000,0.0
508712400000,0.0
508716000000,0.053
508719600000,0.229
508723200000,0.467
508726800000,0.63
508730400000,0.716
508734000000,0.758
508737600000,0.748
508741200000,0.683
508744800000,0.563
508748400000,0.391
508752000000,0.171
508755600000,0.0
508759200000,0.0
508762800000,0.0
508766400000,0.0
508770000000,0.0
508773600000,0.0
508777200000,0.0
508780800000,0.0
508784400000,0.0
508788000000,0.0
508791600000,0.0
508795200000,0.0
508798800000,0.0
508802400000,0.064
508806000000,0.238
508809600000,0.433
508813200000,0.6
508816800000,0.725
508820400000,0.765
508824000000,0.746
508827600000,0.674
508831200000,0.553
508834800000,0.384
508838400000,0.168
508842000000,0.0
508845600000,0.0
508849200000,0.0
508852800000,0.0
508856400000,0.0
508860000000,0.0
508863600000,0.0
508867200000,0.0
508870800000,0.0
508874400000,0.0
508878000000,0.0
508881600000,0.0
508885200000,0.0
508888800000,0.066
508892400000,0.218
508896000000,0.402
508899600000,0.545
508903200000,0.663
508906800000,0.688
508910400000,0.648
508914000000,0.561
508917600000,0.454
508921200000,0.304
508924800000,0.125
508928400000,0.0
508932000000,0.0
508935600000,0.0
508939200000,0.0
508942800000,0.0
508946400000,0.0
508950000000,0.0
508953600000,0.0
508957200000,0.0
508960800000,0.0
508964400000,0.0
508968000000,0.0
508971600000,0.0
508975200000,0.074
508978800000,0.245
508982400000,0.443
508986000000,0.609
508989600000,0.703
508993200000,0.739
508996800000,0.727
509000400000,0.65
509004000000,0.517
509007600000,0.323
509011200000,0.106
509014800000,0.0
509018400000,0.0
509022000000,0.0
509025600000,0.0
509029200000,0.0
509032800000,0.0
509036400000,0.0
509040000000,0.0
509043600000,0.0
509047200000,0.0
509050800000,0.0
509054400000,0.0
509058000000,0.0
509061600000,0.086
509065200000,0.276
509068800000,0.467
509072400000,0.597
509076000000,0.663
509079600000,0.681
509083200000,0.594
509086800000,0.453
509090400000,0.346
509094000000,0.187
509097600000,0.047
509101200000,0.0
509104800000,0.0
509108400000,0.0
509112000000,0.0
509115600000,0.0
509119200000,0.0
509122800000,0.0
509126400000,0.0
509130000000,0.0
509133600000,0.0
509137200000,0.0
509140800000,0.0
509144400000,0.0
509148000000,0.015
509151600000,0.102
509155200000,0.191
509158800000,0.217
509162400000,0.242
509166000000,0.238
509169600000,0.222
509173200000,0.188
509176800000,0.142
509180400000,0.085
509184000000,0.025
509187600000,0.0
509191200000,0.0
509194800000,0.0
509198400000,0.0
509202000000,0.0
509205600000,0.0
509209200000,0.0
509212800000,0.0
509216400000,0.0
509220000000,0.0
509223600000,0.0
509227200000,0.0
509230800000,0.0
509234400000,0.005
509238000000,0.047
509241600000,0.108
509245200000,0.216
509248800000,0.248
509252400000,0.225
509256000000,0.221
509259600000,0.201
509263200000,0.157
509266800000,0.103
509270400000,0.038
509274000000,0.0
509277600000,0.0
509281200000,0.0
509284800000,0.0
509288400000,0.0
509292000000,0.0
509295600000,0.0
509299200000,0.0
509302800000,0.0
509306400000,0.0
509310000000,0.0
509313600000,0.0
509317200000,0.0
509320800000,0.06
509324400000,0.229
509328000000,0.402
509331600000,0.469
509335200000,0.475
509338800000,0.445
509342400000,0.416
509346000000,0.406
509349600000,0.359
509353200000,0.238
509356800000,0.117
509360400000,0.0
509364000000,0.0
509367600000,0.0
509371200000,0.0
509374800000,0.0
509378400000,0.0
509382000000,0.0
509385600000,0.0
509389200000,0.0
509392800000,0.0
509396400000,0.0
509400000000,0.0
509403600000,0.0
509407200000,0.025
509410800000,0.106
509414400000,0.201
509418000000,0.307
509421600000,0.416
509425200000,0.48
509428800000,0.464
509432400000,0.415
509436000000,0.351
509439600000,0.247
509443200000,0.1
509446800000,0.0
509450400000,0.0
509454000000,0.0
509457600000,0.0
509461200000,0.0
509464800000,0.0
509468400000,0.0
509472000000,0.0
509475600000,0.0
509479200000,0.0
509482800000,0.0
509486400000,0.0
509490000000,0.0
509493600000,0.051
509497200000,0.203
509500800000,0.409
509504400000,0.574
509508000000,0.622
509511600000,0.617
509515200000,0.63
509518800000,0.565
509522400000,0.499
509526000000,0.324
509529600000,0.111
509533200000,0.0
509536800000,0.0
509540400000,0.0
509544000000,0.0
509547600000,0.0
509551200000,0.0
509554800000,0.0
509558400000,0.0
509562000000,0.0
509565600000,0.0
509569200000,0.0
509572800000,0.0
509576400000,0.0
509580000000,0.04
509583600000,0.165
509587200000,0.316
509590800000,0.429
509594400000,0.488
509598000000,0.515
509601600000,0.489
509605200000,0.407
509608800000,0.275
509612400000,0.153
509616000000,0.054
509619600000,0.0
509623200000,0.0
509626800000,0.0
509630400000,0.0
509634000000,0.0
509637600000,0.0
509641200000,0.0
509644800000,0.0
509648400000,0.0
509652000000,0.0
509655600000,0.0
509659200000,0.0
509662800000,0.0
509666400000,0.044
509670000000,0.174
509673600000,0.304
509677200000,0.413
509680800000,0.497
509684400000,0.535
509688000000,0.516
509691600000,0.46
509695200000,0.37
509698800000,0.244
509702400000,0.101
509706000000,0.0
509709600000,0.0
509713200000,0.0
509716800000,0.0
509720400000,0.0
509724000000,0.0
509727600000,0.0
509731200000,0.0
509734800000,0.0
509738400000,0.0
509742000000,0.0
509745600000,0.0
509749200000,0.0
509752800000,0.071
509756400000,0.246
509760000000,0.446
509763600000,0.581
509767200000,0.644
509770800000,0.679
509774400000,0.608
509778000000,0.521
509781600000,0.426
509785200000,0.296
509788800000,0.118
509792400000,0.0
509796000000,0.0
509799600000,0.0
509803200000,0.0
509806800000,0.0
509810400000,0.0
509814000000,0.0
509817600000,0.0
509821200000,0.0
509824800000,0.0
509828400000,0.0
509832000000,0.0
509835600000,0.0
509839200000,0.084
509842800000,0.273
509846400000,0.421
509850000000,0.558
509853600000,0.615
509857200000,0.622
509860800000,0.584
509864400000,0.464
509868000000,0.33
509871600000,0.176
509875200000,0.054
509878800000,0.0
509882400000,0.0
509886000000,0.0
509889600000,0.0
509893200000,0.0
509896800000,0.0
509900400000,0.0
509904000000,0.0
509907600000,0.0
509911200000,0.0
509914800000,0.0
509918400000,0.0
509922000000,0.0
509925600000,0.07
509929200000,0.251
509932800000,0.401
509936400000,0.497
509940000000,0.565
509943600000,0.573
509947200000,0.572
509950800000,0.507
509954400000,0.415
509958000000,0.269
509961600000,0.114
509965200000,0.0
509968800000,0.0
509972400000,0.0
509976000000,0.0
509979600000,0.0
509983200000,0.0
509986800000,0.0
509990400000,0.0
509994000000,0.0
509997600000,0.0
510001200000,0.0
510004800000,0.0
510008400000,0.0
510012000000,0.08
510015600000,0.263
510019200000,0.421
510022800000,0.546
510026400000,0.611
510030000000,0.617
510033600000,0.593
510037200000,0.507
510040800000,0.391
510044400000,0.246
510048000000,0.1
510051600000,0.0
510055200000,0.0
510058800000,0.0
510062400000,0.0
510066000000,0.0
510069600000,0.0
510073200000,0.0
510076800000,0.0
510080400000,0.0
510084000000,0.0
510087600000,0.0
510091200000,0.0
510094800000,0.0
510098400000,0.039
510102000000,0.148
510105600000,0.26
510109200000,0.36
510112800000,0.454
510116400000,0.506
510120000000,0.5
510123600000,0.438
510127200000,0.36
510130800000,0.227
510134400000,0.087
510138000000,0.0
510141600000,0.0
510145200000,0.0
510148800000,0.0
510152400000,0.0
510156000000,0.0
510159600000,0.0
510163200000,0.0
510166800000,0.0
510170400000,0.0
510174000000,0.0
510177600000,0.0
510181200000,0.0
510184800000,0.035
510188400000,0.146
510192000000,0.25
510195600000,0.318
510199200000,0.367
510202800000,0.429
510206400000,0.434
510210000000,0.411
510213600000,0.34
510217200000,0.228
510220800000,0.086
510224400000,0.0
510228000000,0.0
510231600000,0.0
510235200000,0.0
510238800000,0.0
510242400000,0.0
510246000000,0.0
510249600000,0.0
510253200000,0.0
510256800000,0.0
510260400000,0.0
510264000000,0.0
510267600000,0.0
510271200000,0.069
510274800000,0.248
510278400000,0.428
510282000000,0.567
510285600000,0.66
510289200000,0.717
510292800000,0.7
510296400000,0.633
510300000000,0.516
510303600000,0.339
510307200000,0.129
510310800000,0.0
510314400000,0.0
510318000000,0.0
510321600000,0.0
510325200000,0.0
510328800000,0.0
510332400000,0.0
510336000000,0.0
510339600000,0.0
510343200000,0.0
510346800000,0.0
510350400000,0.0
510354000000,0.0
510357600000,0.045
510361200000,0.17
510364800000,0.291
510368400000,0.372
510372000000,0.449
510375600000,0.497
510379200000,0.481
510382800000,0.44
510386400000,0.353
510390000000,0.237
510393600000,0.094
510397200000,0.0
510400800000,0.0
510404400000,0.0
510408000000,0.0
510411600000,0.0
510415200000,0.0
510418800000,0.0
510422400000,0.0
510426000000,0.0
510429600000,0.0
510433200000,0.0
510436800000,0.0
510440400000,0.0
510444000000,0.058
510447600000,0.22
510451200000,0.398
510454800000,0.516
510458400000,0.576
510462000000,0.606
510465600000,0.591
510469200000,0.537
510472800000,0.412
510476400000,0.275
510480000000,0.114
510483600000,0.0
510487200000,0.0
510490800000,0.0
510494400000,0.0
510498000000,0.0
510501600000,0.0
510505200000,0.0
510508800000,0.0
510512400000,0.0
510516000000,0.0
510519600000,0.0
510523200000,0.0
510526800000,0.0
510530400000,0.055
510534000000,0.208
510537600000,0.35
510541200000,0.463
510544800000,0.519
510548400000,0.566
510552000000,0.552
510555600000,0.489
510559200000,0.373
510562800000,0.231
510566400000,0.093
510570000000,0.0
510573600000,0.0
510577200000,0.0
510580800000,0.0
510584400000,0.0
510588000000,0.0
510591600000,0.0
510595200000,0.0
510598800000,0.0
510602400000,0.0
510606000000,0.0
510609600000,0.0
510613200000,0.0
510616800000,0.042
510620400000,0.165
510624000000,0.322
510627600000,0.446
510631200000,0.559
510634800000,0.607
510638400000,0.566
510642000000,0.495
510645600000,0.384
510649200000,0.243
510652800000,0.096
510656400000,0.0
510660000000,0.0
510663600000,0.0
510667200000,0.0
510670800000,0.0
510674400000,0.0
510678000000,0.0
510681600000,0.0
510685200000,0.0
510688800000,0.0
510692400000,0.0
510696000000,0.0
510699600000,0.0
510703200000,0.079
510706800000,0.267
510710400000,0.446
510714000000,0.563
510717600000,0.625
510721200000,0.682
510724800000,0.66
510728400000,0.594
510732000000,0.489
510735600000,0.344
510739200000,0.151
510742800000,0.003
510746400000,0.0
510750000000,0.0
510753600000,0.0
510757200000,0.0
510760800000,0.0
510764400000,0.0
510768000000,0.0
510771600000,0.0
510775200000,0.0
510778800000,0.0
510782400000,0.0
510786000000,0.0
510789600000,0.077
510793200000,0.258
510796800000,0.443
510800400000,0.55
510804000000,0.603
510807600000,0.62
510811200000,0.565
510814800000,0.461
510818400000,0.319
510822000000,0.165
510825600000,0.054
510829200000,0.0
510832800000,0.0
510836400000,0.0
510840000000,0.0
510843600000,0.0
510847200000,0.0
510850800000,0.0
510854400000,0.0
510858000000,0.0
510861600000,0.0
510865200000,0.0
510868800000,0.0
510872400000,0.0
510876000000,0.029
510879600000,0.113
510883200000,0.187
510886800000,0.258
510890400000,0.319
510894000000,0.358
510897600000,0.374
510901200000,0.353
510904800000,0.273
510908400000,0.167
510912000000,0.063
510915600000,0.0
510919200000,0.0
510922800000,0.0
510926400000,0.0
510930000000,0.0
510933600000,0.0
510937200000,0.0
510940800000,0.0
510944400000,0.0
510948000000,0.0
510951600000,0.0
510955200000,0.0
510958800000,0.0
510962400000,0.042
510966000000,0.157
510969600000,0.286
510973200000,0.397
510976800000,0.45
510980400000,0.481
510984000000,0.455
510987600000,0.374
510991200000,0.264
510994800000,0.149
510998400000,0.049
511002000000,0.0
511005600000,0.0
511009200000,0.0
511012800000,0.0
511016400000,0.0
511020000000,0.0
511023600000,0.0
511027200000,0.0
511030800000,0.0
511034400000,0.0
511038000000,0.0
511041600000,0.0
511045200000,0.0
511048800000,0.052
511052400000,0.163
511056000000,0.304
511059600000,0.444
511063200000,0.548
511066800000,0.618
511070400000,0.635
511074000000,0.61
511077600000,0.519
511081200000,0.356
511084800000,0.155
511088400000,0.005
511092000000,0.0
511095600000,0.0
511099200000,0.0
511102800000,0.0
511106400000,0.0
511110000000,0.0
511113600000,0.0
511117200000,0.0
511120800000,0.0
511124400000,0.0
511128000000,0.0
511131600000,0.0
511135200000,0.074
511138800000,0.239
511142400000,0.397
511146000000,0.535
511149600000,0.647
511153200000,0.699
511156800000,0.696
511160400000,0.637
511164000000,0.506
511167600000,0.318
511171200000,0.136
511174800000,0.004
511178400000,0.0
511182000000,0.0
511185600000,0.0
511189200000,0.0
511192800000,0.0
511196400000,0.0
511200000000,0.0
511203600000,0.0
511207200000,0.0
511210800000,0.0
511214400000,0.0
511218000000,0.0
511221600000,0.075
511225200000,0.247
511228800000,0.464
511232400000,0.642
511236000000,0.732
511239600000,0.764
511243200000,0.748
511246800000,0.686
511250400000,0.568
511254000000,0.394
511257600000,0.177
511261200000,0.005
511264800000,0.0
511268400000,0.0
511272000000,0.0
511275600000,0.0
511279200000,0.0
511282800000,0.0
511286400000,0.0
511290000000,0.0
511293600000,0.0
511297200000,0.0
511300800000,0.0
511304400000,0.0
511308000000,0.068
511311600000,0.237
511315200000,0.432
511318800000,0.56
511322400000,0.626
511326000000,0.653
511329600000,0.648
511333200000,0.599
511336800000,0.507
511340400000,0.36
511344000000,0.164
511347600000,0.007
511351200000,0.0
511354800000,0.0
511358400000,0.0
511362000000,0.0
511365600000,0.0
511369200000,0.0
511372800000,0.0
511376400000,0.0
511380000000,0.0
511383600000,0.0
511387200000,0.0
511390800000,0.0
511394400000,0.09
511398000000,0.27
511401600000,0.46
511405200000,0.617
511408800000,0.705
511412400000,0.732
511416000000,0.714
511419600000,0.654
511423200000,0.544
511426800000,0.379
511430400000,0.176
511434000000,0.008
511437600000,0.0
511441200000,0.0
511444800000,0.0
511448400000,0.0
511452000000,0.0
511455600000,0.0
511459200000,0.0
511462800000,0.0
511466400000,0.0
511470000000,0.0
511473600000,0.0
511477200000,0.0
511480800000,0.091
511484400000,0.294
511488000000,0.496
511491600000,0.637
511495200000,0.723
511498800000,0.754
511502400000,0.738
511506000000,0.672
511509600000,0.556
511513200000,0.383
511516800000,0.17
511520400000,0.007
511524000000,0.0
511527600000,0.0
511531200000,0.0
511534800000,0.0
511538400000,0.0
511542000000,0.0
511545600000,0.0
511549200000,0.0
511552800000,0.0
511556400000,0.0
511560000000,0.0
511563600000,0.0
511567200000,0.111
511570800000,0.304
511574400000,0.479
511578000000,0.609
511581600000,0.681
511585200000,0.71
511588800000,0.689
511592400000,0.623
511596000000,0.498
511599600000,0.332
511603200000,0.148
511606800000,0.005
511610400000,0.0
511614000000,0.0
511617600000,0.0
511621200000,0.0
511624800000,0.0
511628400000,0.0
511632000000,0.0
511635600000,0.0
511639200000,0.0
511642800000,0.0
511646400000,0.0
511650000000,0.0
511653600000,0.077
511657200000,0.246
511660800000,0.44
511664400000,0.588
511668000000,0.669
511671600000,0.706
511675200000,0.688
511678800000,0.631
511682400000,0.513
511686000000,0.339
511689600000,0.147
511693200000,0.005
511696800000,0.0
511700400000,0.0
511704000000,0.0
511707600000,0.0
511711200000,0.0
511714800000,0.0
511718400000,0.0
511722000000,0.0
511725600000,0.0
511729200000,0.0
511732800000,0.0
511736400000,0.0
511740000000,0.052
511743600000,0.185
511747200000,0.35
511750800000,0.51
511754400000,0.621
511758000000,0.694
511761600000,0.705
511765200000,0.664
511768800000,0.561
511772400000,0.394
511776000000,0.17
511779600000,0.007
511783200000,0.0
511786800000,0.0
511790400000,0.0
511794000000,0.0
511797600000,0.0
511801200000,0.0
511804800000,0.0
511808400000,0.0
511812000000,0.0
511815600000,0.0
511819200000,0.0
511822800000,0.0
511826400000,0.086
511830000000,0.275
511833600000,0.458
511837200000,0.607
511840800000,0.707
511844400000,0.752
511848000000,0.743
511851600000,0.679
511855200000,0.561
511858800000,0.393
511862400000,0.185
511866000000,0.011
511869600000,0.0
511873200000,0.0
511876800000,0.0
511880400000,0.0
511884000000,0.0
511887600000,0.0
511891200000,0.0
511894800000,0.0
511898400000,0.0
511902000000,0.0
511905600000,0.0
511909200000,0.0
511912800000,0.118
511916400000,0.344
511920000000,0.547
511923600000,0.686
511927200000,0.766
511930800000,0.797
511934400000,0.781
511938000000,0.717
511941600000,0.601
511945200000,0.432
511948800000,0.211
511952400000,0.013
511956000000,0.0
511959600000,0.0
511963200000,0.0
511966800000,0.0
511970400000,0.0
511974000000,0.0
511977600000,0.0
511981200000,0.0
511984800000,0.0
511988400000,0.0
511992000000,0.0
511995600000,0.0
511999200000,0.078
512002800000,0.251
512006400000,0.452
512010000000,0.649
512013600000,0.748
512017200000,0.787
512020800000,0.763
512024400000,0.69
512028000000,0.559
512031600000,0.376
512035200000,0.167
512038800000,0.009
512042400000,0.0
512046000000,0.0
512049600000,0.0
512053200000,0.0
512056800000,0.0
512060400000,0.0
512064000000,0.0
512067600000,0.0
512071200000,0.0
512074800000,0.0
512078400000,0.0
512082000000,0.0
512085600000,0.12
512089200000,0.328
512092800000,0.534
512096400000,0.674
512100000000,0.754
512103600000,0.786
512107200000,0.771
512110800000,0.707
512114400000,0.592
512118000000,0.425
512121600000,0.208
512125200000,0.011
512128800000,0.0
512132400000,0.0
512136000000,0.0
512139600000,0.0
512143200000,0.0
512146800000,0.0
512150400000,0.0
512154000000,0.0
512157600000,0.0
512161200000,0.0
512164800000,0.0
512168400000,0.0
512172000000,0.103
512175600000,0.302
512179200000,0.499
512182800000,0.634
512186400000,0.709
512190000000,0.708
512193600000,0.664
512197200000,0.584
512200800000,0.484
512204400000,0.353
512208000000,0.168
512211600000,0.011
512215200000,0.0
512218800000,0.0
512222400000,0.0
512226000000,0.0
512229600000,0.0
512233200000,0.0
512236800000,0.0
512240400000,0.0
512244000000,0.0
512247600000,0.0
512251200000,0.0
512254800000,0.0
512258400000,0.103
512262000000,0.267
512265600000,0.391
512269200000,0.481
512272800000,0.545
512276400000,0.585
512280000000,0.616
512283600000,0.605
512287200000,0.525
512290800000,0.369
512294400000,0.184
512298000000,0.011
512301600000,0.0
512305200000,0.0
512308800000,0.0
512312400000,0.0
512316000000,0.0
512319600000,0.0
512323200000,0.0
512326800000,0.0
512330400000,0.0
512334000000,0.0
512337600000,0.0
512341200000,0.0
512344800000,0.073
512348400000,0.239
512352000000,0.434
512355600000,0.562
512359200000,0.631
512362800000,0.618
512366400000,0.568
512370000000,0.473
512373600000,0.317
512377200000,0.18
512380800000,0.062
512384400000,0.0
512388000000,0.0
512391600000,0.0
512395200000,0.0
512398800000,0.0
512402400000,0.0
512406000000,0.0
512409600000,0.0
512413200000,0.0
512416800000,0.0
512420400000,0.0
512424000000,0.0
512427600000,0.0
512431200000,0.036
512434800000,0.133
512438400000,0.208
512442000000,0.262
512445600000,0.307
512449200000,0.324
512452800000,0.316
512456400000,0.299
512460000000,0.242
512463600000,0.159
512467200000,0.065
512470800000,0.0
512474400000,0.0
512478000000,0.0
512481600000,0.0
512485200000,0.0
512488800000,0.0
512492400000,0.0
512496000000,0.0
512499600000,0.0
512503200000,0.0
512506800000,0.0
512510400000,0.0
512514000000,0.0
512517600000,0.049
512521200000,0.155
512524800000,0.253
512528400000,0.304
512532000000,0.324
512535600000,0.315
512539200000,0.289
512542800000,0.237
512546400000,0.179
512550000000,0.111
512553600000,0.046
512557200000,0.0
512560800000,0.0
512564400000,0.0
512568000000,0.0
512571600000,0.0
512575200000,0.0
512578800000,0.0
512582400000,0.0
512586000000,0.0
512589600000,0.0
512593200000,0.0
512596800000,0.0
512600400000,0.0
512604000000,0.08
512607600000,0.219
512611200000,0.342
512614800000,0.425
512618400000,0.439
512622000000,0.393
512625600000,0.328
512629200000,0.255
512632800000,0.181
512636400000,0.111
512640000000,0.042
512643600000,0.0
512647200000,0.0
512650800000,0.0
512654400000,0.0
512658000000,0.0
512661600000,0.0
512665200000,0.0
512668800000,0.0
512672400000,0.0
512676000000,0.0
512679600000,0.0
512683200000,0.0
512686800000,0.0
512690400000,0.102
512694000000,0.314
512697600000,0.503
512701200000,0.637
512704800000,0.717
512708400000,0.75
512712000000,0.729
512715600000,0.665
512719200000,0.55
512722800000,0.363
512726400000,0.182
512730000000,0.013
512733600000,0.0
512737200000,0.0
512740800000,0.0
512744400000,0.0
512748000000,0.0
512751600000,0.0
512755200000,0.0
512758800000,0.0
512762400000,0.0
512766000000,0.0
512769600000,0.0
512773200000,0.0
512776800000,0.105
512780400000,0.304
512784000000,0.495
512787600000,0.628
512791200000,0.7
512794800000,0.711
512798400000,0.681
512802000000,0.652
512805600000,0.554
512809200000,0.382
512812800000,0.186
512816400000,0.012
512820000000,0.0
512823600000,0.0
512827200000,0.0
512830800000,0.0
512834400000,0.0
512838000000,0.0
512841600000,0.0
512845200000,0.0
512848800000,0.0
512852400000,0.0
512856000000,0.0
512859600000,0.0
512863200000,0.098
512866800000,0.248
512870400000,0.404
512874000000,0.529
512877600000,0.654
512881200000,0.725
512884800000,0.72
512888400000,0.663
512892000000,0.557
512895600000,0.382
512899200000,0.194
512902800000,0.015
512906400000,0.0
512910000000,0.0
512913600000,0.0
512917200000,0.0
512920800000,0.0
512924400000,0.0
512928000000,0.0
512931600000,0.0
512935200000,0.0
512938800000,0.0
512942400000,0.0
512946000000,0.0
512949600000,0.091
512953200000,0.261
512956800000,0.454
512960400000,0.598
512964000000,0.683
512967600000,0.698
512971200000,0.664
512974800000,0.534
512978400000,0.383
512982000000,0.246
512985600000,0.124
512989200000,0.007
512992800000,0.0
512996400000,0.0
513000000000,0.0
513003600000,0.0
513007200000,0.0
513010800000,0.0
513014400000,0.0
513018000000,0.0
513021600000,0.0
513025200000,0.0
513028800000,0.0
513032400000,0.0
513036000000,0.043
513039600000,0.137
513043200000,0.242
513046800000,0.353
513050400000,0.409
513054000000,0.429
513057600000,0.393
513061200000,0.31
513064800000,0.227
513068400000,0.14
513072000000,0.058
513075600000,0.0
513079200000,0.0
513082800000,0.0
513086400000,0.0
513090000000,0.0
513093600000,0.0
513097200000,0.0
513100800000,0.0
513104400000,0.0
513108000000,0.0
513111600000,0.0
513115200000,0.0
513118800000,0.0
513122400000,0.017
513126000000,0.071
513129600000,0.162
513133200000,0.289
513136800000,0.34
513140400000,0.364
513144000000,0.31
513147600000,0.222
513151200000,0.131
513154800000,0.068
513158400000,0.015
513162000000,0.0
513165600000,0.0
513169200000,0.0
513172800000,0.0
513176400000,0.0
513180000000,0.0
513183600000,0.0
513187200000,0.0
513190800000,0.0
513194400000,0.0
513198000000,0.0
513201600000,0.0
513205200000,0.0
513208800000,0.02
513212400000,0.078
513216000000,0.143
513219600000,0.211
513223200000,0.269
513226800000,0.313
513230400000,0.338
513234000000,0.364
513237600000,0.316
513241200000,0.22
513244800000,0.099
513248400000,0.005
513252000000,0.0
513255600000,0.0
513259200000,0.0
513262800000,0.0
513266400000,0.0
513270000000,0.0
513273600000,0.0
513277200000,0.0
513280800000,0.0
513284400000,0.0
513288000000,0.0
513291600000,0.0
513295200000,0.033
513298800000,0.104
513302400000,0.176
513306000000,0.238
513309600000,0.286
513313200000,0.311
513316800000,0.313
513320400000,0.273
513324000000,0.204
513327600000,0.127
513331200000,0.045
513334800000,0.0
513338400000,0.0
513342000000,0.0
513345600000,0.0
513349200000,0.0
513352800000,0.0
513356400000,0.0
513360000000,0.0
513363600000,0.0
513367200000,0.0
513370800000,0.0
513374400000,0.0
513378000000,0.0
513381600000,0.051
513385200000,0.174
513388800000,0.302
513392400000,0.431
513396000000,0.511
513399600000,0.538
513403200000,0.531
513406800000,0.469
513410400000,0.389
513414000000,0.27
513417600000,0.131
513421200000,0.009
513424800000,0.0
513428400000,0.0
513432000000,0.0
513435600000,0.0
513439200000,0.0
513442800000,0.0
513446400000,0.0
513450000000,0.0
513453600000,0.0
513457200000,0.0
513460800000,0.0
513464400000,0.0
513468000000,0.122
513471600000,0.315
513475200000,0.497
513478800000,0.632
513482400000,0.705
513486000000,0.732
513489600000,0.718
513493200000,0.636
513496800000,0.532
513500400000,0.382
513504000000,0.191
513507600000,0.016
513511200000,0.0
513514800000,0.0
513518400000,0.0
513522000000,0.0
513525600000,0.0
513529200000,0.0
513532800000,0.0
513536400000,0.0
513540000000,0.0
513543600000,0.0
513547200000,0.0
513550800000,0.0
513554400000,0.124
513558000000,0.321
513561600000,0.524
513565200000,0.65
513568800000,0.728
513572400000,0.745
513576000000,0.722
513579600000,0.651
513583200000,0.539
513586800000,0.368
513590400000,0.177
513594000000,0.014
513597600000,0.0
513601200000,0.0
513604800000,0.0
513608400000,0.0
513612000000,0.0
513615600000,0.0
513619200000,0.0
513622800000,0.0
513626400000,0.0
513630000000,0.0
513633600000,0.0
513637200000,0.0
513640800000,0.105
513644400000,0.282
513648000000,0.45
513651600000,0.572
513655200000,0.628
513658800000,0.63
513662400000,0.585
513666000000,0.489
513669600000,0.371
513673200000,0.248
513676800000,0.11
513680400000,0.005
513684000000,0.0
513687600000,0.0
513691200000,0.0
513694800000,0.0
513698400000,0.0
513702000000,0.0
513705600000,0.0
513709200000,0.0
513712800000,0.0
513716400000,0.0
513720000000,0.0
513723600000,0.0
513727200000,0.086
513730800000,0.242
513734400000,0.422
513738000000,0.543
513741600000,0.624
513745200000,0.67
513748800000,0.662
513752400000,0.611
513756000000,0.5
513759600000,0.336
513763200000,0.165
513766800000,0.015
513770400000,0.0
513774000000,0.0
513777600000,0.0
513781200000,0.0
513784800000,0.0
513788400000,0.0
513792000000,0.0
513795600000,0.0
513799200000,0.0
513802800000,0.0
513806400000,0.0
513810000000,0.0
513813600000,0.13
513817200000,0.331
513820800000,0.524
513824400000,0.644
513828000000,0.721
513831600000,0.749
513835200000,0.728
513838800000,0.663
513842400000,0.537
513846000000,0.372
513849600000,0.192
513853200000,0.016
513856800000,0.0
513860400000,0.0
513864000000,0.0
513867600000,0.0
513871200000,0.0
513874800000,0.0
513878400000,0.0
513882000000,0.0
513885600000,0.0
513889200000,0.0
513892800000,0.0
513896400000,0.0
513900000000,0.09
513903600000,0.248
513907200000,0.404
513910800000,0.533
513914400000,0.598
513918000000,0.65
513921600000,0.648
513925200000,0.596
513928800000,0.507
513932400000,0.361
513936000000,0.182
513939600000,0.018
513943200000,0.0
513946800000,0.0
513950400000,0.0
513954000000,0.0
513957600000,0.0
513961200000,0.0
513964800000,0.0
513968400000,0.0
513972000000,0.0
513975600000,0.0
513979200000,0.0
513982800000,0.0
513986400000,0.13
513990000000,0.328
513993600000,0.514
513997200000,0.65
514000800000,0.725
514004400000,0.752
514008000000,0.737
514011600000,0.673
514015200000,0.561
514018800000,0.393
514022400000,0.2
514026000000,0.018
514029600000,0.0
514033200000,0.0
514036800000,0.0
514040400000,0.0
514044000000,0.0
514047600000,0.0
514051200000,0.0
514054800000,0.0
514058400000,0.0
514062000000,0.0
514065600000,0.0
514069200000,0.0
514072800000,0.101
514076400000,0.285
514080000000,0.464
514083600000,0.597
514087200000,0.681
514090800000,0.72
514094400000,0.708
514098000000,0.652
514101600000,0.545
514105200000,0.377
514108800000,0.187
514112400000,0.018
514116000000,0.0
514119600000,0.0
514123200000,0.0
514126800000,0.0
514130400000,0.0
514134000000,0.0
514137600000,0.0
514141200000,0.0
514144800000,0.0
514148400000,0.0
514152000000,0.0
514155600000,0.0
514159200000,0.129
514162800000,0.325
514166400000,0.483
514170000000,0.615
514173600000,0.681
514177200000,0.7
514180800000,0.67
514184400000,0.58
514188000000,0.484
514191600000,0.347
514195200000,0.184
514198800000,0.019
514202400000,0.0
514206000000,0.0
514209600000,0.0
514213200000,0.0
514216800000,0.0
514220400000,0.0
514224000000,0.0
514227600000,0.0
514231200000,0.0
514234800000,0.0
514238400000,0.0
514242000000,0.0
514245600000,0.128
514249200000,0.334
514252800000,0.512
514256400000,0.637
514260000000,0.714
514263600000,0.745
514267200000,0.73
514270800000,0.669
514274400000,0.561
514278000000,0.404
514281600000,0.203
514285200000,0.02
514288800000,0.0
514292400000,0.0
514296000000,0.0
514299600000,0.0
514303200000,0.0
514306800000,0.0
514310400000,0.0
514314000000,0.0
514317600000,0.0
514321200000,0.0
514324800000,0.0
514328400000,0.0
514332000000,0.136
514335600000,0.343
514339200000,0.526
514342800000,0.648
514346400000,0.729
514350000000,0.756
514353600000,0.742
514357200000,0.683
514360800000,0.571
514364400000,0.406
514368000000,0.201
514371600000,0.02
514375200000,0.0
514378800000,0.0
514382400000,0.0
514386000000,0.0
514389600000,0.0
514393200000,0.0
514396800000,0.0
514400400000,0.0
514404000000,0.0
514407600000,0.0
514411200000,0.0
514414800000,0.0
514418400000,0.124
514422000000,0.312
514425600000,0.492
514429200000,0.617
514432800000,0.698
514436400000,0.735
514440000000,0.718
514443600000,0.639
514447200000,0.552
514450800000,0.383
514454400000,0.19
514458000000,0.019
514461600000,0.0
514465200000,0.0
514468800000,0.0
514472400000,0.0
514476000000,0.0
514479600000,0.0
514483200000,0.0
514486800000,0.0
514490400000,0.0
514494000000,0.0
514497600000,0.0
514501200000,0.0
514504800000,0.128
514508400000,0.327
514512000000,0.494
514515600000,0.608
514519200000,0.692
514522800000,0.715
514526400000,0.699
514530000000,0.636
514533600000,0.534
514537200000,0.388
514540800000,0.195
514544400000,0.021
514548000000,0.0
514551600000,0.0
514555200000,0.0
514558800000,0.0
514562400000,0.0
514566000000,0.0
514569600000,0.0
514573200000,0.0
514576800000,0.0
514580400000,0.0
514584000000,0.0
514587600000,0.0
514591200000,0.107
514594800000,0.266
514598400000,0.398
514602000000,0.507
514605600000,0.598
514609200000,0.62
514612800000,0.616
514616400000,0.559
514620000000,0.466
514623600000,0.331
514627200000,0.163
514630800000,0.016
514634400000,0.0
514638000000,0.0
514641600000,0.0
514645200000,0.0
514648800000,0.0
514652400000,0.0
514656000000,0.0
514659600000,0.0
514663200000,0.0
514666800000,0.0
514670400000,0.0
514674000000,0.0
514677600000,0.12
514681200000,0.333
514684800000,0.486
514688400000,0.637
514692000000,0.716
514695600000,0.741
514699200000,0.728
514702800000,0.671
514706400000,0.563
514710000000,0.408
514713600000,0.213
514717200000,0.022
514720800000,0.0
514724400000,0.0
514728000000,0.0
514731600000,0.0
514735200000,0.0
514738800000,0.0
514742400000,0.0
514746000000,0.0
514749600000,0.0
514753200000,0.0
514756800000,0.0
514760400000,0.0
514764000000,0.134
514767600000,0.327
514771200000,0.515
514774800000,0.639
514778400000,0.714
514782000000,0.749
514785600000,0.734
514789200000,0.673
514792800000,0.567
514796400000,0.41
514800000000,0.214
514803600000,0.022
514807200000,0.0
514810800000,0.0
514814400000,0.0
514818000000,0.0
514821600000,0.0
514825200000,0.0
514828800000,0.0
514832400000,0.0
514836000000,0.0
514839600000,0.0
514843200000,0.0
514846800000,0.0
514850400000,0.141
514854000000,0.346
514857600000,0.515
514861200000,0.636
514864800000,0.707
514868400000,0.738
514872000000,0.724
514875600000,0.668
514879200000,0.561
514882800000,0.404
514886400000,0.198
514890000000,0.021
514893600000,0.0
514897200000,0.0
514900800000,0.0
514904400000,0.0
514908000000,0.0
514911600000,0.0
514915200000,0.0
514918800000,0.0
514922400000,0.0
514926000000,0.0
514929600000,0.0
514933200000,0.0
514936800000,0.129
514940400000,0.316
514944000000,0.52
514947600000,0.645
514951200000,0.719
514954800000,0.746
514958400000,0.733
514962000000,0.669
514965600000,0.558
514969200000,0.405
514972800000,0.195
514976400000,0.022
514980000000,0.0
514983600000,0.0
514987200000,0.0
514990800000,0.0
514994400000,0.0
514998000000,0.0
515001600000,0.0
515005200000,0.0
515008800000,0.0
515012400000,0.0
515016000000,0.0
515019600000,0.0
515023200000,0.128
515026800000,0.315
515030400000,0.485
515034000000,0.602
515037600000,0.687
515041200000,0.713
515044800000,0.7
515048400000,0.641
515052000000,0.516
515055600000,0.361
515059200000,0.19
515062800000,0.022
515066400000,0.0
515070000000,0.0
515073600000,0.0
515077200000,0.0
515080800000,0.0
515084400000,0.0
515088000000,0.0
515091600000,0.0
515095200000,0.0
515098800000,0.0
515102400000,0.0
515106000000,0.0
515109600000,0.113
515113200000,0.296
515116800000,0.468
515120400000,0.601
515124000000,0.675
515127600000,0.702
515131200000,0.682
515134800000,0.627
515138400000,0.517
515142000000,0.37
515145600000,0.18
515149200000,0.02
515152800000,0.0
515156400000,0.0
515160000000,0.0
515163600000,0.0
515167200000,0.0
515170800000,0.0
515174400000,0.0
515178000000,0.0
515181600000,0.0
515185200000,0.0
515188800000,0.0
515192400000,0.0
515196000000,0.12
515199600000,0.299
515203200000,0.471
515206800000,0.597
515210400000,0.678
515214000000,0.706
515217600000,0.699
515221200000,0.649
515224800000,0.541
515228400000,0.385
515232000000,0.199
515235600000,0.024
515239200000,0.0
515242800000,0.0
515246400000,0.0
515250000000,0.0
515253600000,0.0
515257200000,0.0
515260800000,0.0
515264400000,0.0
515268000000,0.0
515271600000,0.0
515275200000,0.0
515278800000,0.0
515282400000,0.125
515286000000,0.296
515289600000,0.464
515293200000,0.583
515296800000,0.652
515300400000,0.677
515304000000,0.657
515307600000,0.585
515311200000,0.448
515314800000,0.299
515318400000,0.145
515322000000,0.017
515325600000,0.0
515329200000,0.0
515332800000,0.0
515336400000,0.0
515340000000,0.0
515343600000,0.0
515347200000,0.0
515350800000,0.0
515354400000,0.0
515358000000,0.0
515361600000,0.0
515365200000,0.0
515368800000,0.12
515372400000,0.31
515376000000,0.484
515379600000,0.615
515383200000,0.695
515386800000,0.725
515390400000,0.707
515394000000,0.629
515397600000,0.49
515401200000,0.311
515404800000,0.129
515408400000,0.011
515412000000,0.0
515415600000,0.0
515419200000,0.0
515422800000,0.0
515426400000,0.0
515430000000,0.0
515433600000,0.0
515437200000,0.0
515440800000,0.0
515444400000,0.0
515448000000,0.0
515451600000,0.0
515455200000,0.111
515458800000,0.272
515462400000,0.386
515466000000,0.482
515469600000,0.539
515473200000,0.567
515476800000,0.577
515480400000,0.533
515484000000,0.4
515487600000,0.28
515491200000,0.139
515494800000,0.017
515498400000,0.0
515502000000,0.0
515505600000,0.0
515509200000,0.0
515512800000,0.0
515516400000,0.0
515520000000,0.0
515523600000,0.0
515527200000,0.0
515530800000,0.0
515534400000,0.0
515538000000,0.0
515541600000,0.094
515545200000,0.241
515548800000,0.365
515552400000,0.45
515556000000,0.495
515559600000,0.508
515563200000,0.475
515566800000,0.386
515570400000,0.279
515574000000,0.169
515577600000,0.076
515581200000,0.006
515584800000,0.0
515588400000,0.0
515592000000,0.0
515595600000,0.0
515599200000,0.0
515602800000,0.0
515606400000,0.0
515610000000,0.0
515613600000,0.0
515617200000,0.0
515620800000,0.0
515624400000,0.0
515628000000,0.066
515631600000,0.171
515635200000,0.262
515638800000,0.335
515642400000,0.38
515646000000,0.395
515649600000,0.373
515653200000,0.314
515656800000,0.248
515660400000,0.164
515664000000,0.087
515667600000,0.01
515671200000,0.0
515674800000,0.0
515678400000,0.0
515682000000,0.0
515685600000,0.0
515689200000,0.0
515692800000,0.0
515696400000,0.0
515700000000,0.0
515703600000,0.0
515707200000,0.0
515710800000,0.0
515714400000,0.099
515718000000,0.279
515721600000,0.442
515725200000,0.578
515728800000,0.665
515732400000,0.698
515736000000,0.683
515739600000,0.626
515743200000,0.495
515746800000,0.364
515750400000,0.164
515754000000,0.019
515757600000,0.0
515761200000,0.0
515764800000,0.0
515768400000,0.0
515772000000,0.0
515775600000,0.0
515779200000,0.0
515782800000,0.0
515786400000,0.0
515790000000,0.0
515793600000,0.0
515797200000,0.0
515800800000,0.11
515804400000,0.267
515808000000,0.409
515811600000,0.532
515815200000,0.626
515818800000,0.669
515822400000,0.666
515826000000,0.612
515829600000,0.514
515833200000,0.367
515836800000,0.181
515840400000,0.021
515844000000,0.0
515847600000,0.0
515851200000,0.0
515854800000,0.0
515858400000,0.0
515862000000,0.0
515865600000,0.0
515869200000,0.0
515872800000,0.0
515876400000,0.0
515880000000,0.0
515883600000,0.0
515887200000,0.126
515890800000,0.306
515894400000,0.466
515898000000,0.59
515901600000,0.665
515905200000,0.699
515908800000,0.688
515912400000,0.63
515916000000,0.524
515919600000,0.364
515923200000,0.183
515926800000,0.022
515930400000,0.0
515934000000,0.0
515937600000,0.0
515941200000,0.0
515944800000,0.0
515948400000,0.0
515952000000,0.0
515955600000,0.0
515959200000,0.0
515962800000,0.0
515966400000,0.0
515970000000,0.0
515973600000,0.109
515977200000,0.28
515980800000,0.436
515984400000,0.554
515988000000,0.621
515991600000,0.642
515995200000,0.621
515998800000,0.549
516002400000,0.444
516006000000,0.303
516009600000,0.15
516013200000,0.02
516016800000,0.0
516020400000,0.0
516024000000,0.0
516027600000,0.0
516031200000,0.0
516034800000,0.0
516038400000,0.0
516042000000,0.0
516045600000,0.0
516049200000,0.0
516052800000,0.0
516056400000,0.0
516060000000,0.101
516063600000,0.248
516067200000,0.38
516070800000,0.48
516074400000,0.551
516078000000,0.597
516081600000,0.603
516085200000,0.561
516088800000,0.466
516092400000,0.304
516096000000,0.153
516099600000,0.018
516103200000,0.0
516106800000,0.0
516110400000,0.0
516114000000,0.0
516117600000,0.0
516121200000,0.0
516124800000,0.0
516128400000,0.0
516132000000,0.0
516135600000,0.0
516139200000,0.0
516142800000,0.001
516146400000,0.14
516150000000,0.325
516153600000,0.488
516157200000,0.605
516160800000,0.684
516164400000,0.722
516168000000,0.706
516171600000,0.643
516175200000,0.516
516178800000,0.357
516182400000,0.176
516186000000,0.021
516189600000,0.0
516193200000,0.0
516196800000,0.0
516200400000,0.0
516204000000,0.0
516207600000,0.0
516211200000,0.0
516214800000,0.0
516218400000,0.0
516222000000,0.0
516225600000,0.0
516229200000,0.001
516232800000,0.142
516236400000,0.327
516240000000,0.486
516243600000,0.602
516247200000,0.672
516250800000,0.695
516254400000,0.687
516258000000,0.628
516261600000,0.504
516265200000,0.346
516268800000,0.178
516272400000,0.021
516276000000,0.0
516279600000,0.0
516283200000,0.0
516286800000,0.0
516290400000,0.0
516294000000,0.0
516297600000,0.0
516301200000,0.0
516304800000,0.0
516308400000,0.0
516312000000,0.0
516315600000,0.001
516319200000,0.145
516322800000,0.337
516326400000,0.496
516330000000,0.604
516333600000,0.671
516337200000,0.699
516340800000,0.681
516344400000,0.615
516348000000,0.489
516351600000,0.309
516355200000,0.155
516358800000,0.019
516362400000,0.0
516366000000,0.0
516369600000,0.0
516373200000,0.0
516376800000,0.0
516380400000,0.0
516384000000,0.0
516387600000,0.0
516391200000,0.0
516394800000,0.0
516398400000,0.0
516402000000,0.0
516405600000,0.1
516409200000,0.259
516412800000,0.401
516416400000,0.503
516420000000,0.564
516423600000,0.58
516427200000,0.56
516430800000,0.49
516434400000,0.392
516438000000,0.254
516441600000,0.121
516445200000,0.014
516448800000,0.0
516452400000,0.0
516456000000,0.0
516459600000,0.0
516463200000,0.0
516466800000,0.0
516470400000,0.0
516474000000,0.0
516477600000,0.0
516481200000,0.0
516484800000,0.0
516488400000,0.0
516492000000,0.1
516495600000,0.25
516499200000,0.39
516502800000,0.496
516506400000,0.553
516510000000,0.542
516513600000,0.502
516517200000,0.409
516520800000,0.311
516524400000,0.199
516528000000,0.086
516531600000,0.008
516535200000,0.0
516538800000,0.0
516542400000,0.0
516546000000,0.0
516549600000,0.0
516553200000,0.0
516556800000,0.0
516560400000,0.0
516564000000,0.0
516567600000,0.0
516571200000,0.0
516574800000,0.0
516578400000,0.077
516582000000,0.181
516585600000,0.283
516589200000,0.369
516592800000,0.424
516596400000,0.444
516600000000,0.435
516603600000,0.374
516607200000,0.283
516610800000,0.192
516614400000,0.095
516618000000,0.011
516621600000,0.0
516625200000,0.0
516628800000,0.0
516632400000,0.0
516636000000,0.0
516639600000,0.0
516643200000,0.0
516646800000,0.0
516650400000,0.0
516654000000,0.0
516657600000,0.0
516661200000,0.0
516664800000,0.092
516668400000,0.236
516672000000,0.375
516675600000,0.474
516679200000,0.542
516682800000,0.526
516686400000,0.494
516690000000,0.439
516693600000,0.304
516697200000,0.185
516700800000,0.074
516704400000,0.004
516708000000,0.0
516711600000,0.0
516715200000,0.0
516718800000,0.0
516722400000,0.0
516726000000,0.0
516729600000,0.0
516733200000,0.0
516736800000,0.0
516740400000,0.0
516744000000,0.0
516747600000,0.0
516751200000,0.06
516754800000,0.168
516758400000,0.281
516762000000,0.367
516765600000,0.424
516769200000,0.43
516772800000,0.426
516776400000,0.414
516780000000,0.375
516783600000,0.298
516787200000,0.163
516790800000,0.023
516794400000,0.0
516798000000,0.0
516801600000,0.0
516805200000,0.0
516808800000,0.0
516812400000,0.0
516816000000,0.0
516819600000,0.0
516823200000,0.0
516826800000,0.0
516830400000,0.0
516834000000,0.001
516837600000,0.123
516841200000,0.268
516844800000,0.378
516848400000,0.471
516852000000,0.539
516855600000,0.557
516859200000,0.541
516862800000,0.462
516866400000,0.369
516870000000,0.208
516873600000,0.092
516877200000,0.008
516880800000,0.0
516884400000,0.0
516888000000,0.0
516891600000,0.0
516895200000,0.0
516898800000,0.0
516902400000,0.0
516906000000,0.0
516909600000,0.0
516913200000,0.0
516916800000,0.0
516920400000,0.0
516924000000,0.041
516927600000,0.12
516931200000,0.195
516934800000,0.256
516938400000,0.297
516942000000,0.309
516945600000,0.306
516949200000,0.284
516952800000,0.241
516956400000,0.181
516960000000,0.096
516963600000,0.013
516967200000,0.0
516970800000,0.0
516974400000,0.0
516978000000,0.0
516981600000,0.0
516985200000,0.0
516988800000,0.0
516992400000,0.0
516996000000,0.0
516999600000,0.0
517003200000,0.0
517006800000,0.004
517010400000,0.147
517014000000,0.326
517017600000,0.485
517021200000,0.602
517024800000,0.677
517028400000,0.705
517032000000,0.694
517035600000,0.635
517039200000,0.524
517042800000,0.374
517046400000,0.194
517050000000,0.026
517053600000,0.0
517057200000,0.0
517060800000,0.0
517064400000,0.0
517068000000,0.0
517071600000,0.0
517075200000,0.0
517078800000,0.0
517082400000,0.0
517086000000,0.0
517089600000,0.0
517093200000,0.002
517096800000,0.151
517100400000,0.339
517104000000,0.501
517107600000,0.618
517111200000,0.688
517114800000,0.71
517118400000,0.692
517122000000,0.624
517125600000,0.518
517129200000,0.35
517132800000,0.175
517136400000,0.026
517140000000,0.0
517143600000,0.0
517147200000,0.0
517150800000,0.0
517154400000,0.0
517158000000,0.0
517161600000,0.0
517165200000,0.0
517168800000,0.0
517172400000,0.0
517176000000,0.0
517179600000,0.001
517183200000,0.124
517186800000,0.285
517190400000,0.44
517194000000,0.549
517197600000,0.62
517201200000,0.635
517204800000,0.608
517208400000,0.53
517212000000,0.368
517215600000,0.23
517219200000,0.105
517222800000,0.01
517226400000,0.0
517230000000,0.0
517233600000,0.0
517237200000,0.0
517240800000,0.0
517244400000,0.0
517248000000,0.0
517251600000,0.0
517255200000,0.0
517258800000,0.0
517262400000,0.0
517266000000,0.001
517269600000,0.109
517273200000,0.253
517276800000,0.377
517280400000,0.454
517284000000,0.49
517287600000,0.512
517291200000,0.499
517294800000,0.441
517298400000,0.335
517302000000,0.206
517305600000,0.089
517309200000,0.009
517312800000,0.0
517316400000,0.0
517320000000,0.0
517323600000,0.0
517327200000,0.0
517330800000,0.0
517334400000,0.0
517338000000,0.0
517341600000,0.0
517345200000,0.0
517348800000,0.0
517352400000,0.0
517356000000,0.047
517359600000,0.106
517363200000,0.171
517366800000,0.239
517370400000,0.29
517374000000,0.327
517377600000,0.336
517381200000,0.297
517384800000,0.239
517388400000,0.168
517392000000,0.082
517395600000,0.009
517399200000,0.0
517402800000,0.0
517406400000,0.0
517410000000,0.0
517413600000,0.0
517417200000,0.0
517420800000,0.0
517424400000,0.0
517428000000,0.0
517431600000,0.0
517435200000,0.0
517438800000,0.0
517442400000,0.081
517446000000,0.182
517449600000,0.266
517453200000,0.34
517456800000,0.401
517460400000,0.445
517464000000,0.452
517467600000,0.404
517471200000,0.32
517474800000,0.209
517478400000,0.089
517482000000,0.009
517485600000,0.0
517489200000,0.0
517492800000,0.0
517496400000,0.0
517500000000,0.0
517503600000,0.0
517507200000,0.0
517510800000,0.0
517514400000,0.0
517518000000,0.0
517521600000,0.0
517525200000,0.0
517528800000,0.052
517532400000,0.125
517536000000,0.203
517539600000,0.285
517543200000,0.377
517546800000,0.436
517550400000,0.401
517554000000,0.327
517557600000,0.249
517561200000,0.196
517564800000,0.112
517568400000,0.018
517572000000,0.0
517575600000,0.0
517579200000,0.0
517582800000,0.0
517586400000,0.0
517590000000,0.0
517593600000,0.0
517597200000,0.0
517600800000,0.0
517604400000,0.0
517608000000,0.0
517611600000,0.0
517615200000,0.069
517618800000,0.181
517622400000,0.284
517626000000,0.35
517629600000,0.381
517633200000,0.393
517636800000,0.377
517640400000,0.33
517644000000,0.252
517647600000,0.163
517651200000,0.076
517654800000,0.008
517658400000,0.0
517662000000,0.0
517665600000,0.0
517669200000,0.0
517672800000,0.0
517676400000,0.0
517680000000,0.0
517683600000,0.0
517687200000,0.0
517690800000,0.0
517694400000,0.0
517698000000,0.0
517701600000,0.038
517705200000,0.099
517708800000,0.155
517712400000,0.196
517716000000,0.23
517719600000,0.247
517723200000,0.239
517726800000,0.218
517730400000,0.179
517734000000,0.124
517737600000,0.062
517741200000,0.007
517744800000,0.0
517748400000,0.0
517752000000,0.0
517755600000,0.0
517759200000,0.0
517762800000,0.0
517766400000,0.0
517770000000,0.0
517773600000,0.0
517777200000,0.0
517780800000,0.0
517784400000,0.001
517788000000,0.085
517791600000,0.194
517795200000,0.264
517798800000,0.311
517802400000,0.334
517806000000,0.338
517809600000,0.306
517813200000,0.256
517816800000,0.191
517820400000,0.129
517824000000,0.058
517827600000,0.004
517831200000,0.0
517834800000,0.0
517838400000,0.0
517842000000,0.0
517845600000,0.0
517849200000,0.0
517852800000,0.0
517856400000,0.0
517860000000,0.0
517863600000,0.0
517867200000,0.0
517870800000,0.001
517874400000,0.096
517878000000,0.207
517881600000,0.305
517885200000,0.383
517888800000,0.449
517892400000,0.478
517896000000,0.457
517899600000,0.396
517903200000,0.283
517906800000,0.176
517910400000,0.084
517914000000,0.009
517917600000,0.0
517921200000,0.0
517924800000,0.0
517928400000,0.0
517932000000,0.0
517935600000,0.0
517939200000,0.0
517942800000,0.0
517946400000,0.0
517950000000,0.0
517953600000,0.0
517957200000,0.001
517960800000,0.093
517964400000,0.212
517968000000,0.304
517971600000,0.374
517975200000,0.42
517978800000,0.436
517982400000,0.435
517986000000,0.4
517989600000,0.337
517993200000,0.234
517996800000,0.112
518000400000,0.018
518004000000,0.0
518007600000,0.0
518011200000,0.0
518014800000,0.0
518018400000,0.0
518022000000,0.0
518025600000,0.0
518029200000,0.0
518032800000,0.0
518036400000,0.0
518040000000,0.0
518043600000,0.0
518047200000,0.05
518050800000,0.131
518054400000,0.213
518058000000,0.249
518061600000,0.287
518065200000,0.299
518068800000,0.287
518072400000,0.247
518076000000,0.185
518079600000,0.11
518083200000,0.046
518086800000,0.002
518090400000,0.0
518094000000,0.0
518097600000,0.0
518101200000,0.0
518104800000,0.0
518108400000,0.0
518112000000,0.0
518115600000,0.0
518119200000,0.0
518122800000,0.0
518126400000,0.0
518130000000,0.001
518133600000,0.094
518137200000,0.236
518140800000,0.385
518144400000,0.489
518148000000,0.549
518151600000,0.554
518155200000,0.528
518158800000,0.469
518162400000,0.346
518166000000,0.23
518169600000,0.098
518173200000,0.01
518176800000,0.0
518180400000,0.0
518184000000,0.0
518187600000,0.0
518191200000,0.0
518194800000,0.0
518198400000,0.0
518202000000,0.0
518205600000,0.0
518209200000,0.0
518212800000,0.0
518216400000,0.0
518220000000,0.056
518223600000,0.136
518227200000,0.223
518230800000,0.294
518234400000,0.335
518238000000,0.342
518241600000,0.312
518245200000,0.264
518248800000,0.197
518252400000,0.128
518256000000,0.059
518259600000,0.005
518263200000,0.0
518266800000,0.0
518270400000,0.0
518274000000,0.0
518277600000,0.0
518281200000,0.0
518284800000,0.0
518288400000,0.0
518292000000,0.0
518295600000,0.0
518299200000,0.0
518302800000,0.001
518306400000,0.084
518310000000,0.203
518313600000,0.323
518317200000,0.431
518320800000,0.534
518324400000,0.573
518328000000,0.544
518331600000,0.475
518335200000,0.376
518338800000,0.232
518342400000,0.106
518346000000,0.013
518349600000,0.0
518353200000,0.0
518356800000,0.0
518360400000,0.0
518364000000,0.0
518367600000,0.0
518371200000,0.0
518374800000,0.0
518378400000,0.0
518382000000,0.0
518385600000,0.0
518389200000,0.0
518392800000,0.064
518396400000,0.163
518400000000,0.272
518403600000,0.36
518407200000,0.445
518410800000,0.503
518414400000,0.523
518418000000,0.479
518421600000,0.343
518425200000,0.168
518428800000,0.065
518432400000,0.006
518436000000,0.0
518439600000,0.0
518443200000,0.0
518446800000,0.0
518450400000,0.0
518454000000,0.0
518457600000,0.0
518461200000,0.0
518464800000,0.0
518468400000,0.0
518472000000,0.0
518475600000,0.0
518479200000,0.058
518482800000,0.146
518486400000,0.213
518490000000,0.281
518493600000,0.326
518497200000,0.349
518500800000,0.343
518504400000,0.313
518508000000,0.23
518511600000,0.144
518515200000,0.06
518518800000,0.003
518522400000,0.0
518526000000,0.0
518529600000,0.0
518533200000,0.0
518536800000,0.0
518540400000,0.0
518544000000,0.0
518547600000,0.0
518551200000,0.0
518554800000,0.0
518558400000,0.0
518562000000,0.0
518565600000,0.048
518569200000,0.138
518572800000,0.242
518576400000,0.341
518580000000,0.424
518583600000,0.483
518587200000,0.498
518590800000,0.463
518594400000,0.386
518598000000,0.249
518601600000,0.124
518605200000,0.018
518608800000,0.0
518612400000,0.0
518616000000,0.0
518619600000,0.0
518623200000,0.0
518626800000,0.0
518630400000,0.0
518634000000,0.0
518637600000,0.0
518641200000,0.0
518644800000,0.0
518648400000,0.005
518652000000,0.143
518655600000,0.313
518659200000,0.454
518662800000,0.551
518666400000,0.6
518670000000,0.615
518673600000,0.551
518677200000,0.408
518680800000,0.297
518684400000,0.175
518688000000,0.073
518691600000,0.005
518695200000,0.0
518698800000,0.0
518702400000,0.0
518706000000,0.0
518709600000,0.0
518713200000,0.0
518716800000,0.0
518720400000,0.0
518724000000,0.0
518727600000,0.0
518731200000,0.0
518734800000,0.0
518738400000,0.066
518742000000,0.174
518745600000,0.274
518749200000,0.357
518752800000,0.424
518756400000,0.443
518760000000,0.431
518763600000,0.365
518767200000,0.279
518770800000,0.179
518774400000,0.081
518778000000,0.01
518781600000,0.0
518785200000,0.0
518788800000,0.0
518792400000,0.0
518796000000,0.0
518799600000,0.0
518803200000,0.0
518806800000,0.0
518810400000,0.0
518814000000,0.0
518817600000,0.0
518821200000,0.0
518824800000,0.066
518828400000,0.168
518832000000,0.269
518835600000,0.364
518839200000,0.449
518842800000,0.498
518846400000,0.497
518850000000,0.45
518853600000,0.361
518857200000,0.219
518860800000,0.105
518864400000,0.012
518868000000,0.0
518871600000,0.0
518875200000,0.0
518878800000,0.0
518882400000,0.0
518886000000,0.0
518889600000,0.0
518893200000,0.0
518896800000,0.0
518900400000,0.0
518904000000,0.0
518907600000,0.001
518911200000,0.085
518914800000,0.209
518918400000,0.319
518922000000,0.403
518925600000,0.448
518929200000,0.467
518932800000,0.441
518936400000,0.396
518940000000,0.329
518943600000,0.213
518947200000,0.102
518950800000,0.015
518954400000,0.0
518958000000,0.0
518961600000,0.0
518965200000,0.0
518968800000,0.0
518972400000,0.0
518976000000,0.0
518979600000,0.0
518983200000,0.0
518986800000,0.0
518990400000,0.0
518994000000,0.0
518997600000,0.059
519001200000,0.161
519004800000,0.269
519008400000,0.302
519012000000,0.31
519015600000,0.283
519019200000,0.244
519022800000,0.177
519026400000,0.129
519030000000,0.079
519033600000,0.032
519037200000,0.0
519040800000,0.0
519044400000,0.0
519048000000,0.0
519051600000,0.0
519055200000,0.0
519058800000,0.0
519062400000,0.0
519066000000,0.0
519069600000,0.0
519073200000,0.0
519076800000,0.0
519080400000,0.0
519084000000,0.089
519087600000,0.223
519091200000,0.314
519094800000,0.369
519098400000,0.393
519102000000,0.452
519105600000,0.522
519109200000,0.528
519112800000,0.491
519116400000,0.363
519120000000,0.186
519123600000,0.033
519127200000,0.0
519130800000,0.0
519134400000,0.0
519138000000,0.0
519141600000,0.0
519145200000,0.0
519148800000,0.0
519152400000,0.0
519156000000,0.0
519159600000,0.0
519163200000,0.0
519166800000,0.004
519170400000,0.144
519174000000,0.324
519177600000,0.46
519181200000,0.594
519184800000,0.662
519188400000,0.684
519192000000,0.651
519195600000,0.546
519199200000,0.375
519202800000,0.231
519206400000,0.093
519210000000,0.009
519213600000,0.0
519217200000,0.0
519220800000,0.0
519224400000,0.0
519228000000,0.0
519231600000,0.0
519235200000,0.0
519238800000,0.0
519242400000,0.0
519246000000,0.0
519249600000,0.0
519253200000,0.0
519256800000,0.065
519260400000,0.161
519264000000,0.264
519267600000,0.357
519271200000,0.43
519274800000,0.479
519278400000,0.459
519282000000,0.397
519285600000,0.308
519289200000,0.209
519292800000,0.102
519296400000,0.014
519300000000,0.0
519303600000,0.0
519307200000,0.0
519310800000,0.0
519314400000,0.0
519318000000,0.0
519321600000,0.0
519325200000,0.0
519328800000,0.0
519332400000,0.0
519336000000,0.0
519339600000,0.0
519343200000,0.034
519346800000,0.104
519350400000,0.201
519354000000,0.3
519357600000,0.349
519361200000,0.374
519364800000,0.358
519368400000,0.325
519372000000,0.263
519375600000,0.173
519379200000,0.072
519382800000,0.005
519386400000,0.0
519390000000,0.0
519393600000,0.0
519397200000,0.0
519400800000,0.0
519404400000,0.0
519408000000,0.0
519411600000,0.0
519415200000,0.0
519418800000,0.0
519422400000,0.0
519426000000,0.0
519429600000,0.052
519433200000,0.131
519436800000,0.208
519440400000,0.281
519444000000,0.346
519447600000,0.355
519451200000,0.344
519454800000,0.294
519458400000,0.234
519462000000,0.147
519465600000,0.064
519469200000,0.004
519472800000,0.0
519476400000,0.0
519480000000,0.0
519483600000,0.0
519487200000,0.0
519490800000,0.0
519494400000,0.0
519498000000,0.0
519501600000,0.0
519505200000,0.0
519508800000,0.0
519512400000,0.0
519516000000,0.046
519519600000,0.128
519523200000,0.217
519526800000,0.293
519530400000,0.342
519534000000,0.372
519537600000,0.377
519541200000,0.354
519544800000,0.291
519548400000,0.188
519552000000,0.089
519555600000,0.011
519559200000,0.0
519562800000,0.0
519566400000,0.0
519570000000,0.0
519573600000,0.0
519577200000,0.0
519580800000,0.0
519584400000,0.0
519588000000,0.0
519591600000,0.0
519595200000,0.0
519598800000,0.003
519602400000,0.11
519606000000,0.25
519609600000,0.364
519613200000,0.476
519616800000,0.551
519620400000,0.582
519624000000,0.553
519627600000,0.463
519631200000,0.331
519634800000,0.213
519638400000,0.098
519642000000,0.012
519645600000,0.0
519649200000,0.0
519652800000,0.0
519656400000,0.0
519660000000,0.0
519663600000,0.0
519667200000,0.0
519670800000,0.0
519674400000,0.0
519678000000,0.0
519681600000,0.0
519685200000,0.0
519688800000,0.08
519692400000,0.197
519696000000,0.308
519699600000,0.42
519703200000,0.502
519706800000,0.546
519710400000,0.555
519714000000,0.521
519717600000,0.433
519721200000,0.277
519724800000,0.096
519728400000,0.009
519732000000,0.0
519735600000,0.0
519739200000,0.0
519742800000,0.0
519746400000,0.0
519750000000,0.0
519753600000,0.0
519757200000,0.0
519760800000,0.0
519764400000,0.0
519768000000,0.0
519771600000,0.0
519775200000,0.058
519778800000,0.147
519782400000,0.221
519786000000,0.297
519789600000,0.387
519793200000,0.448
519796800000,0.456
519800400000,0.378
519804000000,0.287
519807600000,0.173
519811200000,0.072
519814800000,0.007
519818400000,0.0
519822000000,0.0
519825600000,0.0
519829200000,0.0
519832800000,0.0
519836400000,0.0
519840000000,0.0
519843600000,0.0
519847200000,0.0
519850800000,0.0
519854400000,0.0
519858000000,0.0
519861600000,0.057
519865200000,0.154
519868800000,0.244
519872400000,0.296
519876000000,0.318
519879600000,0.298
519883200000,0.241
519886800000,0.181
519890400000,0.146
519894000000,0.096
519897600000,0.042
519901200000,0.001
519904800000,0.0
519908400000,0.0
519912000000,0.0
519915600000,0.0
519919200000,0.0
519922800000,0.0
519926400000,0.0
519930000000,0.0
519933600000,0.0
519937200000,0.0
519940800000,0.0
519944400000,0.0
519948000000,0.062
519951600000,0.176
519955200000,0.3
519958800000,0.412
519962400000,0.477
519966000000,0.505
519969600000,0.472
519973200000,0.386
519976800000,0.271
519980400000,0.154
519984000000,0.066
519987600000,0.007
519991200000,0.0
519994800000,0.0
519998400000,0.0
520002000000,0.0
520005600000,0.0
520009200000,0.0
520012800000,0.0
520016400000,0.0
520020000000,0.0
520023600000,0.0
520027200000,0.0
520030800000,0.005
520034400000,0.133
520038000000,0.286
520041600000,0.416
520045200000,0.517
520048800000,0.58
520052400000,0.611
520056000000,0.611
520059600000,0.555
520063200000,0.438
520066800000,0.3
520070400000,0.153
520074000000,0.027
520077600000,0.0
520081200000,0.0
520084800000,0.0
520088400000,0.0
520092000000,0.0
520095600000,0.0
520099200000,0.0
520102800000,0.0
520106400000,0.0
520110000000,0.0
520113600000,0.0
520117200000,0.004
520120800000,0.143
520124400000,0.318
520128000000,0.463
520131600000,0.573
520135200000,0.636
520138800000,0.646
520142400000,0.617
520146000000,0.55
520149600000,0.426
520153200000,0.302
520156800000,0.154
520160400000,0.026
520164000000,0.0
520167600000,0.0
520171200000,0.0
520174800000,0.0
520178400000,0.0
520182000000,0.0
520185600000,0.0
520189200000,0.0
520192800000,0.0
520196400000,0.0
520200000000,0.0
520203600000,0.004
520207200000,0.131
520210800000,0.295
520214400000,0.444
520218000000,0.541
520221600000,0.628
520225200000,0.667
520228800000,0.643
520232400000,0.574
520236000000,0.456
520239600000,0.304
520243200000,0.169
520246800000,0.031
520250400000,0.0
520254000000,0.0
520257600000,0.0
520261200000,0.0
520264800000,0.0
520268400000,0.0
520272000000,0.0
520275600000,0.0
520279200000,0.0
520282800000,0.0
520286400000,0.0
520290000000,0.001
520293600000,0.09
520297200000,0.281
520300800000,0.469
520304400000,0.561
520308000000,0.632
520311600000,0.635
520315200000,0.584
520318800000,0.463
520322400000,0.311
520326000000,0.197
520329600000,0.096
520333200000,0.014
520336800000,0.0
520340400000,0.0
520344000000,0.0
520347600000,0.0
520351200000,0.0
520354800000,0.0
520358400000,0.0
520362000000,0.0
520365600000,0.0
520369200000,0.0
520372800000,0.0
520376400000,0.001
520380000000,0.103
520383600000,0.25
520387200000,0.386
520390800000,0.527
520394400000,0.598
520398000000,0.622
520401600000,0.598
520405200000,0.521
520408800000,0.414
520412400000,0.301
520416000000,0.166
520419600000,0.029
520423200000,0.0
520426800000,0.0
520430400000,0.0
520434000000,0.0
520437600000,0.0
520441200000,0.0
520444800000,0.0
520448400000,0.0
520452000000,0.0
520455600000,0.0
520459200000,0.0
520462800000,0.004
520466400000,0.125
520470000000,0.274
520473600000,0.411
520477200000,0.495
520480800000,0.541
520484400000,0.565
520488000000,0.553
520491600000,0.49
520495200000,0.404
520498800000,0.269
520502400000,0.148
520506000000,0.026
520509600000,0.0
520513200000,0.0
520516800000,0.0
520520400000,0.0
520524000000,0.0
520527600000,0.0
520531200000,0.0
520534800000,0.0
520538400000,0.0
520542000000,0.0
520545600000,0.0
520549200000,0.003
520552800000,0.119
520556400000,0.258
520560000000,0.375
520563600000,0.448
520567200000,0.489
520570800000,0.515
520574400000,0.514
520578000000,0.467
520581600000,0.391
520585200000,0.283
520588800000,0.149
520592400000,0.024
520596000000,0.0
520599600000,0.0
520603200000,0.0
520606800000,0.0
520610400000,0.0
520614000000,0.0
520617600000,0.0
520621200000,0.0
520624800000,0.0
520628400000,0.0
520632000000,0.0
520635600000,0.0
520639200000,0.079
520642800000,0.189
520646400000,0.299
520650000000,0.395
520653600000,0.466
520657200000,0.505
520660800000,0.503
520664400000,0.46
520668000000,0.378
520671600000,0.255
520675200000,0.13
520678800000,0.02
520682400000,0.0
520686000000,0.0
520689600000,0.0
520693200000,0.0
520696800000,0.0
520700400000,0.0
520704000000,0.0
520707600000,0.0
520711200000,0.0
520714800000,0.0
520718400000,0.0
520722000000,0.001
520725600000,0.099
520729200000,0.237
520732800000,0.364
520736400000,0.453
520740000000,0.51
520743600000,0.544
520747200000,0.524
520750800000,0.449
520754400000,0.325
520758000000,0.212
520761600000,0.093
520765200000,0.01
520768800000,0.0
520772400000,0.0
520776000000,0.0
520779600000,0.0
520783200000,0.0
520786800000,0.0
520790400000,0.0
520794000000,0.0
520797600000,0.0
520801200000,0.0
520804800000,0.0
520808400000,0.0
520812000000,0.072
520815600000,0.186
520819200000,0.338
520822800000,0.458
520826400000,0.536
520830000000,0.55
520833600000,0.512
520837200000,0.431
520840800000,0.326
520844400000,0.219
520848000000,0.097
520851600000,0.01
520855200000,0.0
520858800000,0.0
520862400000,0.0
520866000000,0.0
520869600000,0.0
520873200000,0.0
520876800000,0.0
520880400000,0.0
520884000000,0.0
520887600000,0.0
520891200000,0.0
520894800000,0.0
520898400000,0.07
520902000000,0.185
520905600000,0.3
520909200000,0.359
520912800000,0.408
520916400000,0.43
520920000000,0.398
520923600000,0.306
520927200000,0.22
520930800000,0.148
520934400000,0.068
520938000000,0.006
520941600000,0.0
520945200000,0.0
520948800000,0.0
520952400000,0.0
520956000000,0.0
520959600000,0.0
520963200000,0.0
520966800000,0.0
520970400000,0.0
520974000000,0.0
520977600000,0.0
520981200000,0.0
520984800000,0.041
520988400000,0.113
520992000000,0.198
520995600000,0.286
520999200000,0.379
521002800000,0.487
521006400000,0.43
521010000000,0.303
521013600000,0.267
521017200000,0.179
521020800000,0.076
521024400000,0.007
521028000000,0.0
521031600000,0.0
521035200000,0.0
521038800000,0.0
521042400000,0.0
521046000000,0.0
521049600000,0.0
521053200000,0.0
521056800000,0.0
521060400000,0.0
521064000000,0.0
521067600000,0.0
521071200000,0.059
521074800000,0.145
521078400000,0.242
521082000000,0.314
521085600000,0.345
521089200000,0.348
521092800000,0.354
521096400000,0.335
521100000000,0.289
521103600000,0.206
521107200000,0.103
521110800000,0.015
521114400000,0.0
521118000000,0.0
521121600000,0.0
521125200000,0.0
521128800000,0.0
521132400000,0.0
521136000000,0.0
521139600000,0.0
521143200000,0.0
521146800000,0.0
521150400000,0.0
521154000000,0.0
521157600000,0.046
521161200000,0.122
521164800000,0.192
521168400000,0.248
521172000000,0.286
521175600000,0.292
521179200000,0.29
521182800000,0.273
521186400000,0.241
521190000000,0.174
521193600000,0.087
521197200000,0.009
521200800000,0.0
521204400000,0.0
521208000000,0.0
521211600000,0.0
521215200000,0.0
521218800000,0.0
521222400000,0.0
521226000000,0.0
521229600000,0.0
521233200000,0.0
521236800000,0.0
521240400000,0.001
521244000000,0.096
521247600000,0.23
521251200000,0.371
521254800000,0.474
521258400000,0.52
521262000000,0.535
521265600000,0.5
521269200000,0.438
521272800000,0.335
521276400000,0.229
521280000000,0.108
521283600000,0.013
521287200000,0.0
521290800000,0.0
521294400000,0.0
521298000000,0.0
521301600000,0.0
521305200000,0.0
521308800000,0.0
521312400000,0.0
521316000000,0.0
521319600000,0.0
521323200000,0.0
521326800000,0.0
521330400000,0.038
521334000000,0.112
521337600000,0.195
521341200000,0.283
521344800000,0.354
521348400000,0.406
521352000000,0.444
521355600000,0.434
521359200000,0.367
521362800000,0.257
521366400000,0.117
521370000000,0.014
521373600000,0.0
521377200000,0.0
521380800000,0.0
521384400000,0.0
521388000000,0.0
521391600000,0.0
521395200000,0.0
521398800000,0.0
521402400000,0.0
521406000000,0.0
521409600000,0.0
521413200000,0.0
521416800000,0.022
521420400000,0.075
521424000000,0.13
521427600000,0.176
521431200000,0.202
521434800000,0.199
521438400000,0.191
521442000000,0.171
521445600000,0.135
521449200000,0.094
521452800000,0.041
521456400000,0.002
521460000000,0.0
521463600000,0.0
521467200000,0.0
521470800000,0.0
521474400000,0.0
521478000000,0.0
521481600000,0.0
521485200000,0.0
521488800000,0.0
521492400000,0.0
521496000000,0.0
521499600000,0.0
521503200000,0.091
521506800000,0.223
521510400000,0.337
521514000000,0.431
521517600000,0.5
521521200000,0.537
521524800000,0.516
521528400000,0.404
521532000000,0.316
521535600000,0.208
521539200000,0.088
521542800000,0.007
521546400000,0.0
521550000000,0.0
521553600000,0.0
521557200000,0.0
521560800000,0.0
521564400000,0.0
521568000000,0.0
521571600000,0.0
521575200000,0.0
521578800000,0.0
521582400000,0.0
521586000000,0.0
521589600000,0.041
521593200000,0.121
521596800000,0.214
521600400000,0.316
521604000000,0.412
521607600000,0.454
521611200000,0.416
521614800000,0.353
521618400000,0.257
521622000000,0.156
521625600000,0.072
521629200000,0.007
521632800000,0.0
521636400000,0.0
521640000000,0.0
521643600000,0.0
521647200000,0.0
521650800000,0.0
521654400000,0.0
521658000000,0.0
521661600000,0.0
521665200000,0.0
521668800000,0.0
521672400000,0.0
521676000000,0.093
521679600000,0.21
521683200000,0.313
521686800000,0.355
521690400000,0.383
521694000000,0.377
521697600000,0.365
521701200000,0.293
521704800000,0.215
521708400000,0.134
521712000000,0.073
521715600000,0.013
521719200000,0.0
521722800000,0.0
521726400000,0.0
521730000000,0.0
521733600000,0.0
521737200000,0.0
521740800000,0.0
521744400000,0.0
521748000000,0.0
521751600000,0.0
521755200000,0.0
521758800000,0.0
521762400000,0.034
521766000000,0.108
521769600000,0.188
521773200000,0.279
521776800000,0.355
521780400000,0.382
521784000000,0.324
521787600000,0.249
521791200000,0.175
521794800000,0.11
521798400000,0.049
521802000000,0.002
521805600000,0.0
521809200000,0.0
521812800000,0.0
521816400000,0.0
521820000000,0.0
521823600000,0.0
521827200000,0.0
521830800000,0.0
521834400000,0.0
521838000000,0.0
521841600000,0.0
521845200000,0.0
521848800000,0.038
521852400000,0.131
521856000000,0.257
521859600000,0.345
521863200000,0.411
521866800000,0.429
521870400000,0.411
521874000000,0.376
521877600000,0.318
521881200000,0.215
521884800000,0.103
521888400000,0.013
521892000000,0.0
521895600000,0.0
521899200000,0.0
521902800000,0.0
521906400000,0.0
521910000000,0.0
521913600000,0.0
521917200000,0.0
521920800000,0.0
521924400000,0.0
521928000000,0.0
521931600000,0.0
521935200000,0.045
521938800000,0.116
521942400000,0.185
521946000000,0.246
521949600000,0.301
521953200000,0.337
521956800000,0.338
521960400000,0.298
521964000000,0.224
521967600000,0.139
521971200000,0.062
521974800000,0.006
521978400000,0.0
521982000000,0.0
521985600000,0.0
521989200000,0.0
521992800000,0.0
521996400000,0.0
522000000000,0.0
522003600000,0.0
522007200000,0.0
522010800000,0.0
522014400000,0.0
522018000000,0.0
522021600000,0.062
522025200000,0.162
522028800000,0.268
522032400000,0.375
522036000000,0.455
522039600000,0.477
522043200000,0.429
522046800000,0.351
522050400000,0.245
522054000000,0.157
522057600000,0.079
522061200000,0.01
522064800000,0.0
522068400000,0.0
522072000000,0.0
522075600000,0.0
522079200000,0.0
522082800000,0.0
522086400000,0.0
522090000000,0.0
522093600000,0.0
522097200000,0.0
522100800000,0.0
522104400000,0.0
522108000000,0.065
522111600000,0.175
522115200000,0.259
522118800000,0.313
522122400000,0.345
522126000000,0.367
522129600000,0.358
522133200000,0.337
522136800000,0.295
522140400000,0.222
522144000000,0.114
522147600000,0.017
522151200000,0.0
522154800000,0.0
522158400000,0.0
522162000000,0.0
522165600000,0.0
522169200000,0.0
522172800000,0.0
522176400000,0.0
522180000000,0.0
522183600000,0.0
522187200000,0.0
522190800000,0.003
522194400000,0.138
522198000000,0.311
522201600000,0.461
522205200000,0.562
522208800000,0.614
522212400000,0.627
522216000000,0.604
522219600000,0.516
522223200000,0.399
522226800000,0.28
522230400000,0.142
522234000000,0.021
522237600000,0.0
522241200000,0.0
522244800000,0.0
522248400000,0.0
522252000000,0.0
522255600000,0.0
522259200000,0.0
522262800000,0.0
522266400000,0.0
522270000000,0.0
522273600000,0.0
522277200000,0.0
522280800000,0.078
522284400000,0.197
522288000000,0.297
522291600000,0.353
522295200000,0.356
522298800000,0.328
522302400000,0.272
522306000000,0.21
522309600000,0.156
522313200000,0.107
522316800000,0.058
522320400000,0.007
522324000000,0.0
522327600000,0.0
522331200000,0.0
522334800000,0.0
522338400000,0.0
522342000000,0.0
522345600000,0.0
522349200000,0.0
522352800000,0.0
522356400000,0.0
522360000000,0.0
522363600000,0.0
522367200000,0.08
522370800000,0.224
522374400000,0.351
522378000000,0.433
522381600000,0.513
522385200000,0.519
522388800000,0.516
522392400000,0.501
522396000000,0.431
522399600000,0.324
522403200000,0.169
522406800000,0.022
522410400000,0.0
522414000000,0.0
522417600000,0.0
522421200000,0.0
522424800000,0.0
522428400000,0.0
522432000000,0.0
522435600000,0.0
522439200000,0.0
522442800000,0.0
522446400000,0.0
522450000000,0.0
522453600000,0.094
522457200000,0.238
522460800000,0.361
522464400000,0.471
522468000000,0.542
522471600000,0.577
522475200000,0.557
522478800000,0.485
522482400000,0.397
522486000000,0.285
522489600000,0.142
522493200000,0.02
522496800000,0.0
522500400000,0.0
522504000000,0.0
522507600000,0.0
522511200000,0.0
522514800000,0.0
522518400000,0.0
522522000000,0.0
522525600000,0.0
522529200000,0.0
522532800000,0.0
522536400000,0.0
522540000000,0.103
522543600000,0.263
522547200000,0.425
522550800000,0.528
522554400000,0.581
522558000000,0.596
522561600000,0.588
522565200000,0.531
522568800000,0.434
522572400000,0.285
522576000000,0.136
522579600000,0.02
522583200000,0.0
522586800000,0.0
522590400000,0.0
522594000000,0.0
522597600000,0.0
522601200000,0.0
522604800000,0.0
522608400000,0.0
522612000000,0.0
522615600000,0.0
522619200000,0.0
522622800000,0.0
522626400000,0.08
522630000000,0.191
522633600000,0.293
522637200000,0.375
522640800000,0.419
522644400000,0.416
522648000000,0.384
522651600000,0.333
522655200000,0.278
522658800000,0.201
522662400000,0.103
522666000000,0.014
522669600000,0.0
522673200000,0.0
522676800000,0.0
522680400000,0.0
522684000000,0.0
522687600000,0.0
522691200000,0.0
522694800000,0.0
522698400000,0.0
522702000000,0.0
522705600000,0.0
522709200000,0.001
522712800000,0.105
522716400000,0.245
522720000000,0.371
522723600000,0.46
522727200000,0.523
522730800000,0.541
522734400000,0.509
522738000000,0.449
522741600000,0.347
522745200000,0.232
522748800000,0.115
522752400000,0.015
522756000000,0.0
522759600000,0.0
522763200000,0.0
522766800000,0.0
522770400000,0.0
522774000000,0.0
522777600000,0.0
522781200000,0.0
522784800000,0.0
522788400000,0.0
522792000000,0.0
522795600000,0.002
522799200000,0.133
522802800000,0.306
522806400000,0.469
522810000000,0.584
522813600000,0.664
522817200000,0.688
522820800000,0.634
522824400000,0.554
522828000000,0.425
522831600000,0.255
522835200000,0.102
522838800000,0.01
522842400000,0.0
522846000000,0.0
522849600000,0.0
522853200000,0.0
522856800000,0.0
522860400000,0.0
522864000000,0.0
522867600000,0.0
522871200000,0.0
522874800000,0.0
522878400000,0.0
522882000000,0.001
522885600000,0.126
522889200000,0.3
522892800000,0.452
522896400000,0.565
522900000000,0.638
522903600000,0.673
522907200000,0.658
522910800000,0.595
522914400000,0.498
522918000000,0.366
522921600000,0.189
522925200000,0.032
522928800000,0.0
522932400000,0.0
522936000000,0.0
522939600000,0.0
522943200000,0.0
522946800000,0.0
522950400000,0.0
522954000000,0.0
522957600000,0.0
522961200000,0.0
522964800000,0.0
522968400000,0.001
522972000000,0.136
522975600000,0.317
522979200000,0.481
522982800000,0.599
522986400000,0.668
522990000000,0.691
522993600000,0.671
522997200000,0.6
523000800000,0.484
523004400000,0.315
523008000000,0.154
523011600000,0.023
523015200000,0.0
523018800000,0.0
523022400000,0.0
523026000000,0.0
523029600000,0.0
523033200000,0.0
523036800000,0.0
523040400000,0.0
523044000000,0.0
523047600000,0.0
523051200000,0.0
523054800000,0.0
523058400000,0.101
523062000000,0.246
523065600000,0.366
523069200000,0.47
523072800000,0.532
523076400000,0.546
523080000000,0.506
523083600000,0.419
523087200000,0.33
523090800000,0.23
523094400000,0.114
523098000000,0.014
523101600000,0.0
523105200000,0.0
523108800000,0.0
523112400000,0.0
523116000000,0.0
523119600000,0.0
523123200000,0.0
523126800000,0.0
523130400000,0.0
523134000000,0.0
523137600000,0.0
523141200000,0.0
523144800000,0.069
523148400000,0.208
523152000000,0.352
523155600000,0.446
523159200000,0.503
523162800000,0.515
523166400000,0.471
523170000000,0.394
523173600000,0.301
523177200000,0.201
523180800000,0.086
523184400000,0.007
523188000000,0.0
523191600000,0.0
523195200000,0.0
523198800000,0.0
523202400000,0.0
523206000000,0.0
523209600000,0.0
523213200000,0.0
523216800000,0.0
523220400000,0.0
523224000000,0.0
523227600000,0.0
523231200000,0.092
523234800000,0.222
523238400000,0.351
523242000000,0.458
523245600000,0.526
523249200000,0.57
523252800000,0.56
523256400000,0.495
523260000000,0.394
523263600000,0.257
523267200000,0.114
523270800000,0.01
523274400000,0.0
523278000000,0.0
523281600000,0.0
523285200000,0.0
523288800000,0.0
523292400000,0.0
523296000000,0.0
523299600000,0.0
523303200000,0.0
523306800000,0.0
523310400000,0.0
523314000000,0.0
523317600000,0.019
523321200000,0.082
523324800000,0.158
523328400000,0.209
523332000000,0.23
523335600000,0.24
523339200000,0.268
523342800000,0.259
523346400000,0.217
523350000000,0.149
523353600000,0.072
523357200000,0.006
523360800000,0.0
523364400000,0.0
523368000000,0.0
523371600000,0.0
523375200000,0.0
523378800000,0.0
523382400000,0.0
523386000000,0.0
523389600000,0.0
523393200000,0.0
523396800000,0.0
523400400000,0.0
523404000000,0.063
523407600000,0.15
523411200000,0.245
523414800000,0.349
523418400000,0.426
523422000000,0.491
523425600000,0.528
523429200000,0.504
523432800000,0.407
523436400000,0.268
523440000000,0.121
523443600000,0.015
523447200000,0.0
523450800000,0.0
523454400000,0.0
523458000000,0.0
523461600000,0.0
523465200000,0.0
523468800000,0.0
523472400000,0.0
523476000000,0.0
523479600000,0.0
523483200000,0.0
523486800000,0.0
523490400000,0.04
523494000000,0.086
523497600000,0.15
523501200000,0.208
523504800000,0.26
523508400000,0.275
523512000000,0.254
523515600000,0.21
523519200000,0.168
523522800000,0.12
523526400000,0.059
523530000000,0.001
523533600000,0.0
523537200000,0.0
523540800000,0.0
523544400000,0.0
523548000000,0.0
523551600000,0.0
523555200000,0.0
523558800000,0.0
523562400000,0.0
523566000000,0.0
523569600000,0.0
523573200000,0.0
523576800000,0.028
523580400000,0.1
523584000000,0.192
523587600000,0.309
523591200000,0.303
523594800000,0.313
523598400000,0.271
523602000000,0.23
523605600000,0.198
523609200000,0.151
523612800000,0.077
523616400000,0.003
523620000000,0.0
523623600000,0.0
523627200000,0.0
523630800000,0.0
523634400000,0.0
523638000000,0.0
523641600000,0.0
523645200000,0.0
523648800000,0.0
523652400000,0.0
523656000000,0.0
523659600000,0.0
523663200000,0.041
523666800000,0.08
523670400000,0.126
523674000000,0.197
523677600000,0.275
523681200000,0.318
523684800000,0.351
523688400000,0.323
523692000000,0.234
523695600000,0.114
523699200000,0.037
523702800000,0.0
523706400000,0.0
523710000000,0.0
523713600000,0.0
523717200000,0.0
523720800000,0.0
523724400000,0.0
523728000000,0.0
523731600000,0.0
523735200000,0.0
523738800000,0.0
523742400000,0.0
523746000000,0.0
523749600000,0.043
523753200000,0.139
523756800000,0.245
523760400000,0.34
523764000000,0.378
523767600000,0.376
523771200000,0.342
523774800000,0.295
523778400000,0.212
523782000000,0.144
523785600000,0.066
523789200000,0.004
523792800000,0.0
523796400000,0.0
523800000000,0.0
523803600000,0.0
523807200000,0.0
523810800000,0.0
523814400000,0.0
523818000000,0.0
523821600000,0.0
523825200000,0.0
523828800000,0.0
523832400000,0.0
523836000000,0.093
523839600000,0.262
523843200000,0.412
523846800000,0.524
523850400000,0.584
523854000000,0.591
523857600000,0.534
523861200000,0.422
523864800000,0.321
523868400000,0.208
523872000000,0.088
523875600000,0.003
523879200000,0.0
523882800000,0.0
523886400000,0.0
523890000000,0.0
523893600000,0.0
523897200000,0.0
523900800000,0.0
523904400000,0.0
523908000000,0.0
523911600000,0.0
523915200000,0.0
523918800000,0.0
523922400000,0.043
523926000000,0.118
523929600000,0.185
523933200000,0.241
523936800000,0.295
523940400000,0.314
523944000000,0.32
523947600000,0.285
523951200000,0.224
523954800000,0.155
523958400000,0.071
523962000000,0.004
523965600000,0.0
523969200000,0.0
523972800000,0.0
523976400000,0.0
523980000000,0.0
523983600000,0.0
523987200000,0.0
523990800000,0.0
523994400000,0.0
523998000000,0.0
524001600000,0.0
524005200000,0.0
524008800000,0.072
524012400000,0.205
524016000000,0.338
524019600000,0.451
524023200000,0.541
524026800000,0.584
524030400000,0.577
524034000000,0.518
524037600000,0.425
524041200000,0.301
524044800000,0.159
524048400000,0.021
524052000000,0.0
524055600000,0.0
524059200000,0.0
524062800000,0.0
524066400000,0.0
524070000000,0.0
524073600000,0.0
524077200000,0.0
524080800000,0.0
524084400000,0.0
524088000000,0.0
524091600000,0.0
524095200000,0.085
524098800000,0.24
524102400000,0.384
524106000000,0.441
524109600000,0.481
524113200000,0.466
524116800000,0.402
524120400000,0.358
524124000000,0.283
524127600000,0.203
524131200000,0.109
524134800000,0.013
524138400000,0.0
524142000000,0.0
524145600000,0.0
524149200000,0.0
524152800000,0.0
524156400000,0.0
524160000000,0.0
524163600000,0.0
524167200000,0.0
524170800000,0.0
524174400000,0.0
524178000000,0.0
524181600000,0.026
524185200000,0.082
524188800000,0.14
524192400000,0.187
524196000000,0.226
524199600000,0.25
524203200000,0.23
524206800000,0.195
524210400000,0.126
524214000000,0.081
524217600000,0.035
524221200000,0.0
524224800000,0.0
524228400000,0.0
524232000000,0.0
524235600000,0.0
524239200000,0.0
524242800000,0.0
524246400000,0.0
524250000000,0.0
524253600000,0.0
524257200000,0.0
524260800000,0.0
524264400000,0.0
524268000000,0.101
524271600000,0.269
524275200000,0.416
524278800000,0.525
524282400000,0.586
524286000000,0.555
524289600000,0.471
524293200000,0.348
524296800000,0.259
524300400000,0.162
524304000000,0.072
524307600000,0.004
524311200000,0.0
524314800000,0.0
524318400000,0.0
524322000000,0.0
524325600000,0.0
524329200000,0.0
524332800000,0.0
524336400000,0.0
524340000000,0.0
524343600000,0.0
524347200000,0.0
524350800000,0.0
524354400000,0.065
524358000000,0.162
524361600000,0.231
524365200000,0.258
524368800000,0.274
524372400000,0.255
524376000000,0.227
524379600000,0.291
524383200000,0.277
524386800000,0.198
524390400000,0.083
524394000000,0.005
524397600000,0.0
524401200000,0.0
524404800000,0.0
524408400000,0.0
524412000000,0.0
524415600000,0.0
524419200000,0.0
524422800000,0.0
524426400000,0.0
524430000000,0.0
524433600000,0.0
524437200000,0.0
524440800000,0.053
524444400000,0.16
524448000000,0.283
524451600000,0.398
524455200000,0.466
524458800000,0.461
524462400000,0.433
524466000000,0.38
524469600000,0.291
524473200000,0.181
524476800000,0.082
524480400000,0.006
524484000000,0.0
524487600000,0.0
524491200000,0.0
524494800000,0.0
524498400000,0.0
524502000000,0.0
524505600000,0.0
524509200000,0.0
524512800000,0.0
524516400000,0.0
524520000000,0.0
524523600000,0.0
524527200000,0.112
524530800000,0.296
524534400000,0.464
524538000000,0.593
524541600000,0.671
524545200000,0.674
524548800000,0.599
524552400000,0.488
524556000000,0.362
524559600000,0.212
524563200000,0.079
524566800000,0.001
524570400000,0.0
524574000000,0.0
524577600000,0.0
524581200000,0.0
524584800000,0.0
524588400000,0.0
524592000000,0.0
524595600000,0.0
524599200000,0.0
524602800000,0.0
524606400000,0.0
524610000000,0.0
524613600000,0.032
524617200000,0.128
524620800000,0.271
524624400000,0.392
524628000000,0.483
524631600000,0.51
524635200000,0.46
524638800000,0.372
524642400000,0.271
524646000000,0.148
524649600000,0.054
524653200000,0.0
524656800000,0.0
524660400000,0.0
524664000000,0.0
524667600000,0.0
524671200000,0.0
524674800000,0.0
524678400000,0.0
524682000000,0.0
524685600000,0.0
524689200000,0.0
524692800000,0.0
524696400000,0.0
524700000000,0.108
524703600000,0.27
524707200000,0.392
524710800000,0.474
524714400000,0.558
524718000000,0.589
524721600000,0.591
524725200000,0.554
524728800000,0.45
524732400000,0.278
524736000000,0.113
524739600000,0.013
524743200000,0.0
524746800000,0.0
524750400000,0.0
524754000000,0.0
524757600000,0.0
524761200000,0.0
524764800000,0.0
524768400000,0.0
524772000000,0.0
524775600000,0.0
524779200000,0.0
524782800000,0.0
524786400000,0.085
524790000000,0.239
524793600000,0.419
524797200000,0.566
524800800000,0.645
524804400000,0.659
524808000000,0.612
524811600000,0.515
524815200000,0.368
524818800000,0.21
524822400000,0.091
524826000000,0.006
524829600000,0.0
524833200000,0.0
524836800000,0.0
524840400000,0.0
524844000000,0.0
524847600000,0.0
524851200000,0.0
524854800000,0.0
524858400000,0.0
524862000000,0.0
524865600000,0.0
524869200000,0.0
524872800000,0.125
524876400000,0.308
524880000000,0.458
524883600000,0.581
524887200000,0.644
524890800000,0.662
524894400000,0.619
524898000000,0.535
524901600000,0.425
524905200000,0.308
524908800000,0.152
524912400000,0.014
524916000000,0.0
524919600000,0.0
524923200000,0.0
524926800000,0.0
524930400000,0.0
524934000000,0.0
524937600000,0.0
524941200000,0.0
524944800000,0.0
524948400000,0.0
524952000000,0.0
524955600000,0.0
524959200000,0.039
524962800000,0.117
524966400000,0.209
524970000000,0.298
524973600000,0.359
524977200000,0.383
524980800000,0.37
524984400000,0.332
524988000000,0.275
524991600000,0.18
524995200000,0.07
524998800000,0.001
525002400000,0.0
525006000000,0.0
525009600000,0.0
525013200000,0.0
525016800000,0.0
525020400000,0.0
525024000000,0.0
525027600000,0.0
525031200000,0.0
525034800000,0.0
525038400000,0.0
525042000000,0.0
525045600000,0.121
525049200000,0.299
525052800000,0.458
525056400000,0.583
525060000000,0.665
525063600000,0.698
525067200000,0.687
525070800000,0.632
525074400000,0.521
525078000000,0.363
525081600000,0.179
525085200000,0.019
525088800000,0.0
525092400000,0.0
525096000000,0.0
525099600000,0.0
525103200000,0.0
525106800000,0.0
525110400000,0.0
525114000000,0.0
525117600000,0.0
525121200000,0.0
525124800000,0.0
525128400000,0.0
525132000000,0.077
525135600000,0.213
525139200000,0.348
525142800000,0.472
525146400000,0.575
525150000000,0.628
525153600000,0.629
525157200000,0.573
525160800000,0.465
525164400000,0.308
525168000000,0.134
525171600000,0.01
525175200000,0.0
525178800000,0.0
525182400000,0.0
525186000000,0.0
525189600000,0.0
525193200000,0.0
525196800000,0.0
525200400000,0.0
525204000000,0.0
525207600000,0.0
525211200000,0.0
525214800000,0.0
525218400000,0.035
525222000000,0.113
525225600000,0.203
525229200000,0.298
525232800000,0.38
525236400000,0.434
525240000000,0.421
525243600000,0.357
525247200000,0.263
525250800000,0.166
525254400000,0.075
525258000000,0.004
525261600000,0.0
525265200000,0.0
525268800000,0.0
525272400000,0.0
525276000000,0.0
525279600000,0.0
525283200000,0.0
525286800000,0.0
525290400000,0.0
525294000000,0.0
525297600000,0.0
525301200000,0.0
525304800000,0.082
525308400000,0.231
525312000000,0.375
525315600000,0.491
525319200000,0.572
525322800000,0.625
525326400000,0.632
525330000000,0.589
525333600000,0.48
525337200000,0.328
525340800000,0.154
525344400000,0.013
525348000000,0.0
525351600000,0.0
525355200000,0.0
525358800000,0.0
525362400000,0.0
525366000000,0.0
525369600000,0.0
525373200000,0.0
525376800000,0.0
525380400000,0.0
525384000000,0.0
525387600000,0.0
525391200000,0.071
525394800000,0.207
525398400000,0.337
525402000000,0.46
525405600000,0.555
525409200000,0.614
525412800000,0.625
525416400000,0.571
525420000000,0.468
525423600000,0.307
525427200000,0.133
525430800000,0.009
525434400000,0.0
525438000000,0.0
525441600000,0.0
525445200000,0.0
525448800000,0.0
525452400000,0.0
525456000000,0.0
525459600000,0.0
525463200000,0.0
525466800000,0.0
525470400000,0.0
525474000000,0.0
525477600000,0.06
525481200000,0.162
525484800000,0.276
525488400000,0.389
525492000000,0.494
525495600000,0.565
525499200000,0.572
525502800000,0.531
525506400000,0.447
525510000000,0.316
525513600000,0.152
525517200000,0.013
525520800000,0.0
525524400000,0.0
525528000000,0.0
525531600000,0.0
525535200000,0.0
525538800000,0.0
525542400000,0.0
525546000000,0.0
525549600000,0.0
525553200000,0.0
525556800000,0.0
525560400000,0.0
525564000000,0.088
525567600000,0.241
525571200000,0.412
525574800000,0.547
525578400000,0.636
525582000000,0.673
525585600000,0.65
525589200000,0.572
525592800000,0.448
525596400000,0.293
525600000000,0.127
525603600000,0.008
525607200000,0.0
525610800000,0.0
525614400000,0.0
525618000000,0.0
525621600000,0.0
525625200000,0.0
525628800000,0.0
525632400000,0.0
525636000000,0.0
525639600000,0.0
525643200000,0.0
525646800000,0.0
525650400000,0.054
525654000000,0.164
525657600000,0.275
525661200000,0.394
525664800000,0.523
525668400000,0.606
525672000000,0.639
525675600000,0.592
525679200000,0.469
525682800000,0.298
525686400000,0.12
525690000000,0.007
525693600000,0.0
525697200000,0.0
525700800000,0.0
525704400000,0.0
525708000000,0.0
525711600000,0.0
525715200000,0.0
525718800000,0.0
525722400000,0.0
525726000000,0.0
525729600000,0.0
525733200000,0.0
525736800000,0.089
525740400000,0.246
525744000000,0.417
525747600000,0.552
525751200000,0.632
525754800000,0.653
525758400000,0.603
525762000000,0.508
525765600000,0.375
525769200000,0.235
525772800000,0.106
525776400000,0.007
525780000000,0.0
525783600000,0.0
525787200000,0.0
525790800000,0.0
525794400000,0.0
525798000000,0.0
525801600000,0.0
525805200000,0.0
525808800000,0.0
525812400000,0.0
525816000000,0.0
525819600000,0.0
525823200000,0.063
525826800000,0.202
525830400000,0.356
525834000000,0.491
525837600000,0.575
525841200000,0.586
525844800000,0.533
525848400000,0.446
525852000000,0.341
525855600000,0.223
525859200000,0.096
525862800000,0.004
525866400000,0.0
525870000000,0.0
525873600000,0.0
525877200000,0.0
525880800000,0.0
525884400000,0.0
525888000000,0.0
525891600000,0.0
525895200000,0.0
525898800000,0.0
525902400000,0.0
525906000000,0.0
525909600000,0.043
525913200000,0.127
525916800000,0.207
525920400000,0.276
525924000000,0.339
525927600000,0.389
525931200000,0.38
525934800000,0.326
525938400000,0.242
525942000000,0.147
525945600000,0.065
525949200000,0.001
525952800000,0.0
525956400000,0.0
525960000000,0.0
525963600000,0.0
525967200000,0.0
525970800000,0.0
525974400000,0.0
525978000000,0.0
525981600000,0.0
525985200000,0.0
525988800000,0.0
525992400000,0.0
525996000000,0.043
525999600000,0.136
526003200000,0.242
526006800000,0.355
526010400000,0.451
526014000000,0.511
526017600000,0.523
526021200000,0.48
526024800000,0.382
526028400000,0.262
526032000000,0.122
526035600000,0.007
526039200000,0.0
526042800000,0.0
526046400000,0.0
526050000000,0.0
526053600000,0.0
526057200000,0.0
526060800000,0.0
526064400000,0.0
526068000000,0.0
526071600000,0.0
526075200000,0.0
526078800000,0.0
526082400000,0.043
526086000000,0.136
526089600000,0.237
526093200000,0.328
526096800000,0.393
526100400000,0.417
526104000000,0.414
526107600000,0.391
526111200000,0.329
526114800000,0.229
526118400000,0.106
526122000000,0.007
526125600000,0.0
526129200000,0.0
526132800000,0.0
526136400000,0.0
526140000000,0.0
526143600000,0.0
526147200000,0.0
526150800000,0.0
526154400000,0.0
526158000000,0.0
526161600000,0.0
526165200000,0.0
526168800000,0.066
526172400000,0.179
526176000000,0.25
526179600000,0.257
526183200000,0.256
526186800000,0.282
526190400000,0.278
526194000000,0.246
526197600000,0.192
526201200000,0.12
526204800000,0.052
526208400000,0.0
526212000000,0.0
526215600000,0.0
526219200000,0.0
526222800000,0.0
526226400000,0.0
526230000000,0.0
526233600000,0.0
526237200000,0.0
526240800000,0.0
526244400000,0.0
526248000000,0.0
526251600000,0.0
526255200000,0.028
526258800000,0.107
526262400000,0.186
526266000000,0.24
526269600000,0.282
526273200000,0.306
526276800000,0.308
526280400000,0.286
526284000000,0.231
526287600000,0.138
526291200000,0.053
526294800000,0.0
526298400000,0.0
526302000000,0.0
526305600000,0.0
526309200000,0.0
526312800000,0.0
526316400000,0.0
526320000000,0.0
526323600000,0.0
526327200000,0.0
526330800000,0.0
526334400000,0.0
526338000000,0.0
526341600000,0.08
526345200000,0.247
526348800000,0.449
526352400000,0.63
526356000000,0.712
526359600000,0.732
526363200000,0.705
526366800000,0.611
526370400000,0.503
526374000000,0.367
526377600000,0.183
526381200000,0.014
526384800000,0.0
526388400000,0.0
526392000000,0.0
526395600000,0.0
526399200000,0.0
526402800000,0.0
526406400000,0.0
526410000000,0.0
526413600000,0.0
526417200000,0.0
526420800000,0.0
526424400000,0.0
526428000000,0.08
526431600000,0.242
526435200000,0.427
526438800000,0.563
526442400000,0.626
526446000000,0.601
526449600000,0.562
526453200000,0.496
526456800000,0.356
526460400000,0.22
526464000000,0.091
526467600000,0.003
526471200000,0.0
526474800000,0.0
526478400000,0.0
526482000000,0.0
526485600000,0.0
526489200000,0.0
526492800000,0.0
526496400000,0.0
526500000000,0.0
526503600000,0.0
526507200000,0.0
526510800000,0.0
526514400000,0.071
526518000000,0.193
526521600000,0.321
526525200000,0.412
526528800000,0.484
526532400000,0.51
526536000000,0.503
526539600000,0.465
526543200000,0.384
526546800000,0.282
526550400000,0.135
526554000000,0.008
526557600000,0.0
526561200000,0.0
526564800000,0.0
526568400000,0.0
526572000000,0.0
526575600000,0.0
526579200000,0.0
526582800000,0.0
526586400000,0.0
526590000000,0.0
526593600000,0.0
526597200000,0.0
526600800000,0.066
526604400000,0.209
526608000000,0.344
526611600000,0.461
526615200000,0.532
526618800000,0.557
526622400000,0.534
526626000000,0.461
526629600000,0.35
526633200000,0.23
526636800000,0.098
526640400000,0.004
526644000000,0.0
526647600000,0.0
526651200000,0.0
526654800000,0.0
526658400000,0.0
526662000000,0.0
526665600000,0.0
526669200000,0.0
526672800000,0.0
526676400000,0.0
526680000000,0.0
526683600000,0.0
526687200000,0.093
526690800000,0.276
526694400000,0.431
526698000000,0.558
526701600000,0.64
526705200000,0.648
526708800000,0.583
526712400000,0.506
526716000000,0.383
526719600000,0.254
526723200000,0.109
526726800000,0.005
526730400000,0.0
526734000000,0.0
526737600000,0.0
526741200000,0.0
526744800000,0.0
526748400000,0.0
526752000000,0.0
526755600000,0.0
526759200000,0.0
526762800000,0.0
526766400000,0.0
526770000000,0.0
526773600000,0.121
526777200000,0.318
526780800000,0.48
526784400000,0.6
526788000000,0.668
526791600000,0.682
526795200000,0.625
526798800000,0.533
526802400000,0.409
526806000000,0.255
526809600000,0.106
526813200000,0.004
526816800000,0.0
526820400000,0.0
526824000000,0.0
526827600000,0.0
526831200000,0.0
526834800000,0.0
526838400000,0.0
526842000000,0.0
526845600000,0.0
526849200000,0.0
526852800000,0.0
526856400000,0.0
526860000000,0.062
526863600000,0.205
526867200000,0.342
526870800000,0.466
526874400000,0.545
526878000000,0.576
526881600000,0.562
526885200000,0.485
526888800000,0.334
526892400000,0.158
526896000000,0.05
526899600000,0.0
526903200000,0.0
526906800000,0.0
526910400000,0.0
526914000000,0.0
526917600000,0.0
526921200000,0.0
526924800000,0.0
526928400000,0.0
526932000000,0.0
526935600000,0.0
526939200000,0.0
526942800000,0.0
526946400000,0.08
526950000000,0.203
526953600000,0.299
526957200000,0.386
526960800000,0.453
526964400000,0.484
526968000000,0.468
526971600000,0.409
526975200000,0.316
526978800000,0.21
526982400000,0.095
526986000000,0.004
526989600000,0.0
526993200000,0.0
526996800000,0.0
527000400000,0.0
527004000000,0.0
527007600000,0.0
527011200000,0.0
527014800000,0.0
527018400000,0.0
527022000000,0.0
527025600000,0.0
527029200000,0.0
527032800000,0.031
527036400000,0.099
527040000000,0.16
527043600000,0.222
527047200000,0.287
527050800000,0.341
527054400000,0.353
527058000000,0.328
527061600000,0.254
527065200000,0.171
527068800000,0.077
527072400000,0.002
527076000000,0.0
527079600000,0.0
527083200000,0.0
527086800000,0.0
527090400000,0.0
527094000000,0.0
527097600000,0.0
527101200000,0.0
527104800000,0.0
527108400000,0.0
527112000000,0.0
527115600000,0.0
527119200000,0.032
527122800000,0.107
527126400000,0.194
527130000000,0.255
527133600000,0.291
527137200000,0.305
527140800000,0.299
527144400000,0.265
527148000000,0.197
527151600000,0.117
527155200000,0.048
527158800000,0.0
527162400000,0.0
527166000000,0.0
527169600000,0.0
527173200000,0.0
527176800000,0.0
527180400000,0.0
527184000000,0.0
527187600000,0.0
527191200000,0.0
527194800000,0.0
527198400000,0.0
527202000000,0.0
527205600000,0.039
527209200000,0.147
527212800000,0.322
527216400000,0.498
527220000000,0.567
527223600000,0.595
527227200000,0.599
527230800000,0.51
527234400000,0.367
527238000000,0.219
527241600000,0.087
527245200000,0.002
527248800000,0.0
527252400000,0.0
527256000000,0.0
527259600000,0.0
527263200000,0.0
527266800000,0.0
527270400000,0.0
527274000000,0.0
527277600000,0.0
527281200000,0.0
527284800000,0.0
527288400000,0.0
527292000000,0.095
527295600000,0.293
527299200000,0.483
527302800000,0.614
527306400000,0.693
527310000000,0.722
527313600000,0.71
527317200000,0.652
527320800000,0.545
527324400000,0.383
527328000000,0.178
527331600000,0.008
527335200000,0.0
527338800000,0.0
527342400000,0.0
527346000000,0.0
527349600000,0.0
527353200000,0.0
527356800000,0.0
527360400000,0.0
527364000000,0.0
527367600000,0.0
527371200000,0.0
527374800000,0.0
527378400000,0.07
527382000000,0.21
527385600000,0.364
527389200000,0.478
527392800000,0.54
527396400000,0.554
527400000000,0.546
527403600000,0.497
527407200000,0.405
527410800000,0.272
527414400000,0.116
527418000000,0.004
527421600000,0.0
527425200000,0.0
527428800000,0.0
527432400000,0.0
527436000000,0.0
527439600000,0.0
527443200000,0.0
527446800000,0.0
527450400000,0.0
527454000000,0.0
527457600000,0.0
527461200000,0.0
527464800000,0.052
527468400000,0.163
527472000000,0.266
527475600000,0.34
527479200000,0.406
527482800000,0.438
527486400000,0.426
527490000000,0.356
527493600000,0.268
527497200000,0.165
527500800000,0.068
527504400000,0.0
527508000000,0.0
527511600000,0.0
527515200000,0.0
527518800000,0.0
527522400000,0.0
527526000000,0.0
527529600000,0.0
527533200000,0.0
527536800000,0.0
527540400000,0.0
527544000000,0.0
527547600000,0.0
527551200000,0.028
527554800000,0.144
527558400000,0.27
527562000000,0.346
527565600000,0.363
527569200000,0.356
527572800000,0.319
527576400000,0.268
527580000000,0.198
527583600000,0.131
527587200000,0.053
527590800000,0.0
527594400000,0.0
527598000000,0.0
527601600000,0.0
527605200000,0.0
527608800000,0.0
527612400000,0.0
527616000000,0.0
527619600000,0.0
527623200000,0.0
527626800000,0.0
527630400000,0.0
527634000000,0.0
527637600000,0.032
527641200000,0.114
527644800000,0.193
527648400000,0.278
527652000000,0.34
527655600000,0.373
527659200000,0.374
527662800000,0.323
527666400000,0.247
527670000000,0.151
527673600000,0.058
527677200000,0.0
527680800000,0.0
527684400000,0.0
527688000000,0.0
527691600000,0.0
527695200000,0.0
527698800000,0.0
527702400000,0.0
527706000000,0.0
527709600000,0.0
527713200000,0.0
527716800000,0.0
527720400000,0.0
527724000000,0.038
527727600000,0.131
527731200000,0.223
527734800000,0.305
527738400000,0.37
527742000000,0.394
527745600000,0.396
527749200000,0.381
527752800000,0.322
527756400000,0.223
527760000000,0.098
527763600000,0.002
527767200000,0.0
527770800000,0.0
527774400000,0.0
527778000000,0.0
527781600000,0.0
527785200000,0.0
527788800000,0.0
527792400000,0.0
527796000000,0.0
527799600000,0.0
527803200000,0.0
527806800000,0.0
527810400000,0.095
527814000000,0.293
527817600000,0.461
527821200000,0.582
527824800000,0.655
527828400000,0.675
527832000000,0.641
527835600000,0.529
527839200000,0.36
527842800000,0.203
527846400000,0.084
527850000000,0.001
527853600000,0.0
527857200000,0.0
527860800000,0.0
527864400000,0.0
527868000000,0.0
527871600000,0.0
527875200000,0.0
527878800000,0.0
527882400000,0.0
527886000000,0.0
527889600000,0.0
527893200000,0.0
527896800000,0.104
527900400000,0.303
527904000000,0.483
527907600000,0.615
527911200000,0.692
527914800000,0.711
527918400000,0.646
527922000000,0.579
527925600000,0.435
527929200000,0.306
527932800000,0.147
527936400000,0.005
527940000000,0.0
527943600000,0.0
527947200000,0.0
527950800000,0.0
527954400000,0.0
527958000000,0.0
527961600000,0.0
527965200000,0.0
527968800000,0.0
527972400000,0.0
527976000000,0.0
527979600000,0.0
527983200000,0.127
527986800000,0.339
527990400000,0.515
527994000000,0.639
527997600000,0.715
528001200000,0.74
528004800000,0.715
528008400000,0.608
528012000000,0.486
528015600000,0.316
528019200000,0.152
528022800000,0.005
528026400000,0.0
528030000000,0.0
528033600000,0.0
528037200000,0.0
528040800000,0.0
528044400000,0.0
528048000000,0.0
528051600000,0.0
528055200000,0.0
528058800000,0.0
528062400000,0.0
528066000000,0.0
528069600000,0.117
528073200000,0.327
528076800000,0.506
528080400000,0.627
528084000000,0.705
528087600000,0.732
528091200000,0.69
528094800000,0.615
528098400000,0.497
528102000000,0.3
528105600000,0.125
528109200000,0.002
528112800000,0.0
528116400000,0.0
528120000000,0.0
528123600000,0.0
528127200000,0.0
528130800000,0.0
528134400000,0.0
528138000000,0.0
528141600000,0.0
528145200000,0.0
528148800000,0.0
528152400000,0.0
528156000000,0.114
528159600000,0.322
528163200000,0.492
528166800000,0.621
528170400000,0.691
528174000000,0.717
528177600000,0.692
528181200000,0.599
528184800000,0.467
528188400000,0.289
528192000000,0.125
528195600000,0.003
528199200000,0.0
528202800000,0.0
528206400000,0.0
528210000000,0.0
528213600000,0.0
528217200000,0.0
528220800000,0.0
528224400000,0.0
528228000000,0.0
528231600000,0.0
528235200000,0.0
528238800000,0.0
528242400000,0.091
528246000000,0.277
528249600000,0.454
528253200000,0.585
528256800000,0.671
528260400000,0.687
528264000000,0.653
528267600000,0.563
528271200000,0.38
528274800000,0.227
528278400000,0.086
528282000000,0.0
528285600000,0.0
528289200000,0.0
528292800000,0.0
528296400000,0.0
528300000000,0.0
528303600000,0.0
528307200000,0.0
528310800000,0.0
528314400000,0.0
528318000000,0.0
528321600000,0.0
528325200000,0.0
528328800000,0.027
528332400000,0.104
528336000000,0.205
528339600000,0.314
528343200000,0.411
528346800000,0.455
528350400000,0.442
528354000000,0.39
528357600000,0.293
528361200000,0.179
528364800000,0.077
528368400000,0.0
528372000000,0.0
528375600000,0.0
528379200000,0.0
528382800000,0.0
528386400000,0.0
528390000000,0.0
528393600000,0.0
528397200000,0.0
528400800000,0.0
528404400000,0.0
528408000000,0.0
528411600000,0.0
528415200000,0.027
528418800000,0.102
528422400000,0.157
528426000000,0.189
528429600000,0.211
528433200000,0.223
528436800000,0.208
528440400000,0.191
528444000000,0.154
528447600000,0.095
528451200000,0.032
528454800000,0.0
528458400000,0.0
528462000000,0.0
528465600000,0.0
528469200000,0.0
528472800000,0.0
528476400000,0.0
528480000000,0.0
528483600000,0.0
528487200000,0.0
528490800000,0.0
528494400000,0.0
528498000000,0.0
528501600000,0.041
528505200000,0.171
528508800000,0.346
528512400000,0.474
528516000000,0.549
528519600000,0.575
528523200000,0.548
528526800000,0.466
528530400000,0.319
528534000000,0.193
528537600000,0.078
528541200000,0.0
528544800000,0.0
528548400000,0.0
528552000000,0.0
528555600000,0.0
528559200000,0.0
528562800000,0.0
528566400000,0.0
528570000000,0.0
528573600000,0.0
528577200000,0.0
528580800000,0.0
528584400000,0.0
528588000000,0.055
528591600000,0.197
528595200000,0.322
528598800000,0.406
528602400000,0.46
528606000000,0.471
528609600000,0.45
528613200000,0.386
528616800000,0.277
528620400000,0.165
528624000000,0.061
528627600000,0.0
528631200000,0.0
528634800000,0.0
528638400000,0.0
528642000000,0.0
528645600000,0.0
528649200000,0.0
528652800000,0.0
528656400000,0.0
528660000000,0.0
528663600000,0.0
528667200000,0.0
528670800000,0.0
528674400000,0.105
528678000000,0.298
528681600000,0.449
528685200000,0.565
528688800000,0.657
528692400000,0.705
528696000000,0.666
528699600000,0.523
528703200000,0.31
528706800000,0.148
528710400000,0.044
528714000000,0.0
528717600000,0.0
528721200000,0.0
528724800000,0.0
528728400000,0.0
528732000000,0.0
528735600000,0.0
528739200000,0.0
528742800000,0.0
528746400000,0.0
528750000000,0.0
528753600000,0.0
528757200000,0.0
528760800000,0.089
528764400000,0.297
528768000000,0.499
528771600000,0.631
528775200000,0.704
528778800000,0.722
528782400000,0.697
528786000000,0.639
528789600000,0.523
528793200000,0.369
528796800000,0.161
528800400000,0.003
528804000000,0.0
528807600000,0.0
528811200000,0.0
528814800000,0.0
528818400000,0.0
528822000000,0.0
528825600000,0.0
528829200000,0.0
528832800000,0.0
528836400000,0.0
528840000000,0.0
528843600000,0.0
528847200000,0.045
528850800000,0.12
528854400000,0.198
528858000000,0.295
528861600000,0.384
528865200000,0.466
528868800000,0.45
528872400000,0.37
528876000000,0.271
528879600000,0.145
528883200000,0.047
528886800000,0.0
528890400000,0.0
528894000000,0.0
528897600000,0.0
528901200000,0.0
528904800000,0.0
528908400000,0.0
528912000000,0.0
528915600000,0.0
528919200000,0.0
528922800000,0.0
528926400000,0.0
528930000000,0.0
528933600000,0.025
528937200000,0.096
528940800000,0.166
528944400000,0.236
528948000000,0.299
528951600000,0.34
528955200000,0.349
528958800000,0.315
528962400000,0.241
528966000000,0.152
528969600000,0.058
528973200000,0.0
528976800000,0.0
528980400000,0.0
528984000000,0.0
528987600000,0.0
528991200000,0.0
528994800000,0.0
528998400000,0.0
529002000000,0.0
529005600000,0.0
529009200000,0.0
529012800000,0.0
529016400000,0.0
529020000000,0.035
529023600000,0.133
529027200000,0.217
529030800000,0.284
529034400000,0.333
529038000000,0.357
529041600000,0.347
529045200000,0.308
529048800000,0.236
529052400000,0.149
529056000000,0.055
529059600000,0.0
529063200000,0.0
529066800000,0.0
529070400000,0.0
529074000000,0.0
529077600000,0.0
529081200000,0.0
529084800000,0.0
529088400000,0.0
529092000000,0.0
529095600000,0.0
529099200000,0.0
529102800000,0.0
529106400000,0.033
529110000000,0.11
529113600000,0.203
529117200000,0.296
529120800000,0.383
529124400000,0.444
529128000000,0.47
529131600000,0.439
529135200000,0.352
529138800000,0.219
529142400000,0.086
529146000000,0.0
529149600000,0.0
529153200000,0.0
529156800000,0.0
529160400000,0.0
529164000000,0.0
529167600000,0.0
529171200000,0.0
529174800000,0.0
529178400000,0.0
529182000000,0.0
529185600000,0.0
529189200000,0.0
529192800000,0.074
529196400000,0.237
529200000000,0.38
529203600000,0.489
529207200000,0.577
529210800000,0.628
529214400000,0.623
529218000000,0.566
529221600000,0.462
529225200000,0.296
529228800000,0.129
529232400000,0.0
529236000000,0.0
529239600000,0.0
529243200000,0.0
529246800000,0.0
529250400000,0.0
529254000000,0.0
529257600000,0.0
529261200000,0.0
529264800000,0.0
529268400000,0.0
529272000000,0.0
529275600000,0.0
529279200000,0.04
529282800000,0.135
529286400000,0.197
529290000000,0.232
529293600000,0.258
529297200000,0.285
529300800000,0.297
529304400000,0.27
529308000000,0.193
529311600000,0.111
529315200000,0.036
529318800000,0.0
529322400000,0.0
529326000000,0.0
529329600000,0.0
529333200000,0.0
529336800000,0.0
529340400000,0.0
529344000000,0.0
529347600000,0.0
529351200000,0.0
529354800000,0.0
529358400000,0.0
529362000000,0.0
529365600000,0.025
529369200000,0.106
529372800000,0.177
529376400000,0.201
529380000000,0.219
529383600000,0.22
529387200000,0.201
529390800000,0.169
529394400000,0.11
529398000000,0.061
529401600000,0.017
529405200000,0.0
529408800000,0.0
529412400000,0.0
529416000000,0.0
529419600000,0.0
529423200000,0.0
529426800000,0.0
529430400000,0.0
529434000000,0.0
529437600000,0.0
529441200000,0.0
529444800000,0.0
529448400000,0.0
529452000000,0.061
529455600000,0.211
529459200000,0.375
529462800000,0.494
529466400000,0.538
529470000000,0.483
529473600000,0.427
529477200000,0.348
529480800000,0.25
529484400000,0.157
529488000000,0.051
529491600000,0.0
529495200000,0.0
529498800000,0.0
529502400000,0.0
529506000000,0.0
529509600000,0.0
529513200000,0.0
529516800000,0.0
529520400000,0.0
529524000000,0.0
529527600000,0.0
529531200000,0.0
529534800000,0.0
529538400000,0.015
529542000000,0.081
529545600000,0.142
529549200000,0.18
529552800000,0.24
529556400000,0.299
529560000000,0.357
529563600000,0.382
529567200000,0.372
529570800000,0.249
529574400000,0.103
529578000000,0.0
529581600000,0.0
529585200000,0.0
529588800000,0.0
529592400000,0.0
529596000000,0.0
529599600000,0.0
529603200000,0.0
529606800000,0.0
529610400000,0.0
529614000000,0.0
529617600000,0.0
529621200000,0.0
529624800000,0.077
529628400000,0.276
529632000000,0.456
529635600000,0.596
529639200000,0.683
529642800000,0.716
529646400000,0.695
529650000000,0.628
529653600000,0.512
529657200000,0.34
529660800000,0.14
529664400000,0.0
529668000000,0.0
529671600000,0.0
529675200000,0.0
529678800000,0.0
529682400000,0.0
529686000000,0.0
529689600000,0.0
529693200000,0.0
529696800000,0.0
529700400000,0.0
529704000000,0.0
529707600000,0.0
529711200000,0.08
529714800000,0.279
529718400000,0.46
529722000000,0.584
529725600000,0.664
529729200000,0.683
529732800000,0.656
529736400000,0.508
529740000000,0.306
529743600000,0.16
529747200000,0.047
529750800000,0.0
529754400000,0.0
529758000000,0.0
529761600000,0.0
529765200000,0.0
529768800000,0.0
529772400000,0.0
529776000000,0.0
529779600000,0.0
529783200000,0.0
529786800000,0.0
529790400000,0.0
529794000000,0.0
529797600000,0.028
529801200000,0.125
529804800000,0.244
529808400000,0.352
529812000000,0.393
529815600000,0.408
529819200000,0.403
529822800000,0.375
529826400000,0.292
529830000000,0.191
529833600000,0.08
529837200000,0.0
529840800000,0.0
529844400000,0.0
529848000000,0.0
529851600000,0.0
529855200000,0.0
529858800000,0.0
529862400000,0.0
529866000000,0.0
529869600000,0.0
529873200000,0.0
529876800000,0.0
529880400000,0.0
529884000000,0.02
529887600000,0.068
529891200000,0.137
529894800000,0.223
529898400000,0.285
529902000000,0.291
529905600000,0.272
529909200000,0.236
529912800000,0.185
529916400000,0.11
529920000000,0.034
529923600000,0.0
529927200000,0.0
529930800000,0.0
529934400000,0.0
529938000000,0.0
529941600000,0.0
529945200000,0.0
529948800000,0.0
529952400000,0.0
529956000000,0.0
529959600000,0.0
529963200000,0.0
529966800000,0.0
529970400000,0.068
529974000000,0.24
529977600000,0.383
529981200000,0.51
529984800000,0.593
529988400000,0.628
529992000000,0.588
529995600000,0.481
529999200000,0.317
530002800000,0.125
530006400000,0.032
530010000000,0.0
530013600000,0.0
530017200000,0.0
530020800000,0.0
530024400000,0.0
530028000000,0.0
530031600000,0.0
530035200000,0.0
530038800000,0.0
530042400000,0.0
530046000000,0.0
530049600000,0.0
530053200000,0.0
530056800000,0.021
530060400000,0.105
530064000000,0.2
530067600000,0.28
530071200000,0.332
530074800000,0.368
530078400000,0.375
530082000000,0.328
530085600000,0.243
530089200000,0.129
530092800000,0.05
530096400000,0.0
530100000000,0.0
530103600000,0.0
530107200000,0.0
530110800000,0.0
530114400000,0.0
530118000000,0.0
530121600000,0.0
530125200000,0.0
530128800000,0.0
530132400000,0.0
530136000000,0.0
530139600000,0.0
530143200000,0.088
530146800000,0.284
530150400000,0.404
530154000000,0.538
530157600000,0.627
530161200000,0.64
530164800000,0.607
530168400000,0.516
530172000000,0.356
530175600000,0.189
530179200000,0.065
530182800000,0.0
530186400000,0.0
530190000000,0.0
530193600000,0.0
530197200000,0.0
530200800000,0.0
530204400000,0.0
530208000000,0.0
530211600000,0.0
530215200000,0.0
530218800000,0.0
530222400000,0.0
530226000000,0.0
530229600000,0.047
530233200000,0.161
530236800000,0.261
530240400000,0.395
530244000000,0.499
530247600000,0.45
530251200000,0.369
530254800000,0.309
530258400000,0.226
530262000000,0.129
530265600000,0.038
530269200000,0.0
530272800000,0.0
530276400000,0.0
530280000000,0.0
530283600000,0.0
530287200000,0.0
530290800000,0.0
530294400000,0.0
530298000000,0.0
530301600000,0.0
530305200000,0.0
530308800000,0.0
530312400000,0.0
530316000000,0.023
530319600000,0.132
530323200000,0.278
530326800000,0.426
530330400000,0.488
530334000000,0.509
530337600000,0.443
530341200000,0.326
530344800000,0.206
530348400000,0.109
530352000000,0.031
530355600000,0.0
530359200000,0.0
530362800000,0.0
530366400000,0.0
530370000000,0.0
530373600000,0.0
530377200000,0.0
530380800000,0.0
530384400000,0.0
530388000000,0.0
530391600000,0.0
530395200000,0.0
530398800000,0.0
530402400000,0.069
530406000000,0.268
530409600000,0.451
530413200000,0.584
530416800000,0.66
530420400000,0.676
530424000000,0.651
530427600000,0.58
530431200000,0.482
530434800000,0.321
530438400000,0.128
530442000000,0.0
530445600000,0.0
530449200000,0.0
530452800000,0.0
530456400000,0.0
530460000000,0.0
530463600000,0.0
530467200000,0.0
530470800000,0.0
530474400000,0.0
530478000000,0.0
530481600000,0.0
530485200000,0.0
530488800000,0.045
530492400000,0.175
530496000000,0.299
530499600000,0.389
530503200000,0.437
530506800000,0.439
530510400000,0.408
530514000000,0.349
530517600000,0.274
530521200000,0.175
530524800000,0.064
530528400000,0.0
530532000000,0.0
530535600000,0.0
530539200000,0.0
530542800000,0.0
530546400000,0.0
530550000000,0.0
530553600000,0.0
530557200000,0.0
530560800000,0.0
530564400000,0.0
530568000000,0.0
530571600000,0.0
530575200000,0.031
530578800000,0.115
530582400000,0.173
530586000000,0.203
530589600000,0.237
530593200000,0.249
530596800000,0.245
530600400000,0.216
530604000000,0.167
530607600000,0.107
530611200000,0.036
530614800000,0.0
530618400000,0.0
530622000000,0.0
530625600000,0.0
530629200000,0.0
530632800000,0.0
530636400000,0.0
530640000000,0.0
530643600000,0.0
530647200000,0.0
530650800000,0.0
530654400000,0.0
530658000000,0.0
530661600000,0.051
530665200000,0.199
530668800000,0.37
530672400000,0.533
530676000000,0.634
530679600000,0.67
530683200000,0.675
530686800000,0.626
530690400000,0.517
530694000000,0.348
530697600000,0.155
530701200000,0.0
530704800000,0.0
530708400000,0.0
530712000000,0.0
530715600000,0.0
530719200000,0.0
530722800000,0.0
530726400000,0.0
530730000000,0.0
530733600000,0.0
530737200000,0.0
530740800000,0.0
530744400000,0.0
530748000000,0.067
530751600000,0.249
530755200000,0.394
530758800000,0.459
530762400000,0.483
530766000000,0.445
530769600000,0.351
530773200000,0.26
530776800000,0.17
530780400000,0.083
530784000000,0.022
530787600000,0.0
530791200000,0.0
530794800000,0.0
530798400000,0.0
530802000000,0.0
530805600000,0.0
530809200000,0.0
530812800000,0.0
530816400000,0.0
530820000000,0.0
530823600000,0.0
530827200000,0.0
530830800000,0.0
530834400000,0.061
530838000000,0.22
530841600000,0.342
530845200000,0.425
530848800000,0.454
530852400000,0.425
530856000000,0.348
530859600000,0.278
530863200000,0.197
530866800000,0.11
530870400000,0.031
530874000000,0.0
530877600000,0.0
530881200000,0.0
530884800000,0.0
530888400000,0.0
530892000000,0.0
530895600000,0.0
530899200000,0.0
530902800000,0.0
530906400000,0.0
530910000000,0.0
530913600000,0.0
530917200000,0.0
530920800000,0.072
530924400000,0.264
530928000000,0.449
530931600000,0.597
530935200000,0.676
530938800000,0.698
530942400000,0.674
530946000000,0.61
530949600000,0.501
530953200000,0.331
530956800000,0.15
530960400000,0.0
530964000000,0.0
530967600000,0.0
530971200000,0.0
530974800000,0.0
530978400000,0.0
530982000000,0.0
530985600000,0.0
530989200000,0.0
530992800000,0.0
530996400000,0.0
531000000000,0.0
531003600000,0.0
531007200000,0.079
531010800000,0.285
531014400000,0.467
531018000000,0.589
531021600000,0.662
531025200000,0.654
531028800000,0.598
531032400000,0.515
531036000000,0.392
531039600000,0.238
531043200000,0.095
531046800000,0.0
531050400000,0.0
531054000000,0.0
531057600000,0.0
531061200000,0.0
531064800000,0.0
531068400000,0.0
531072000000,0.0
531075600000,0.0
531079200000,0.0
531082800000,0.0
531086400000,0.0
531090000000,0.0
531093600000,0.033
531097200000,0.134
531100800000,0.214
531104400000,0.293
531108000000,0.324
531111600000,0.308
531115200000,0.27
531118800000,0.217
531122400000,0.173
531126000000,0.11
531129600000,0.038
531133200000,0.0
531136800000,0.0
531140400000,0.0
531144000000,0.0
531147600000,0.0
531151200000,0.0
531154800000,0.0
531158400000,0.0
531162000000,0.0
531165600000,0.0
531169200000,0.0
531172800000,0.0
531176400000,0.0
531180000000,0.022
531183600000,0.113
531187200000,0.211
531190800000,0.28
531194400000,0.331
531198000000,0.349
531201600000,0.358
531205200000,0.328
531208800000,0.266
531212400000,0.161
531216000000,0.058
531219600000,0.0
531223200000,0.0
531226800000,0.0
531230400000,0.0
531234000000,0.0
531237600000,0.0
531241200000,0.0
531244800000,0.0
531248400000,0.0
531252000000,0.0
531255600000,0.0
531259200000,0.0
531262800000,0.0
531266400000,0.046
531270000000,0.196
531273600000,0.355
531277200000,0.468
531280800000,0.51
531284400000,0.523
531288000000,0.497
531291600000,0.457
531295200000,0.376
531298800000,0.266
531302400000,0.109
531306000000,0.0
531309600000,0.0
531313200000,0.0
531316800000,0.0
531320400000,0.0
531324000000,0.0
531327600000,0.0
531331200000,0.0
531334800000,0.0
531338400000,0.0
531342000000,0.0
531345600000,0.0
531349200000,0.0
531352800000,0.039
531356400000,0.169
531360000000,0.289
531363600000,0.404
531367200000,0.472
531370800000,0.489
531374400000,0.457
531378000000,0.384
531381600000,0.301
531385200000,0.192
531388800000,0.068
531392400000,0.0
531396000000,0.0
531399600000,0.0
531403200000,0.0
531406800000,0.0
531410400000,0.0
531414000000,0.0
531417600000,0.0
531421200000,0.0
531424800000,0.0
531428400000,0.0
531432000000,0.0
531435600000,0.0
531439200000,0.059
531442800000,0.235
531446400000,0.41
531450000000,0.536
531453600000,0.612
531457200000,0.64
531460800000,0.621
531464400000,0.564
531468000000,0.45
531471600000,0.275
531475200000,0.106
531478800000,0.0
531482400000,0.0
531486000000,0.0
531489600000,0.0
531493200000,0.0
531496800000,0.0
531500400000,0.0
531504000000,0.0
531507600000,0.0
531511200000,0.0
531514800000,0.0
531518400000,0.0
531522000000,0.0
531525600000,0.049
531529200000,0.206
531532800000,0.374
531536400000,0.512
531540000000,0.611
531543600000,0.631
531547200000,0.607
531550800000,0.502
531554400000,0.384
531558000000,0.228
531561600000,0.085
531565200000,0.0
531568800000,0.0
531572400000,0.0
531576000000,0.0
531579600000,0.0
531583200000,0.0
531586800000,0.0
531590400000,0.0
531594000000,0.0
531597600000,0.0
531601200000,0.0
531604800000,0.0
531608400000,0.0
531612000000,0.049
531615600000,0.186
531619200000,0.276
531622800000,0.342
531626400000,0.378
531630000000,0.404
531633600000,0.393
531637200000,0.36
531640800000,0.287
531644400000,0.177
531648000000,0.061
531651600000,0.0
531655200000,0.0
531658800000,0.0
531662400000,0.0
531666000000,0.0
531669600000,0.0
531673200000,0.0
531676800000,0.0
531680400000,0.0
531684000000,0.0
531687600000,0.0
531691200000,0.0
531694800000,0.0
531698400000,0.012
531702000000,0.073
531705600000,0.132
531709200000,0.168
531712800000,0.187
531716400000,0.182
531720000000,0.176
531723600000,0.188
531727200000,0.182
531730800000,0.122
531734400000,0.041
531738000000,0.0
531741600000,0.0
531745200000,0.0
531748800000,0.0
531752400000,0.0
531756000000,0.0
531759600000,0.0
531763200000,0.0
531766800000,0.0
531770400000,0.0
531774000000,0.0
531777600000,0.0
531781200000,0.0
531784800000,0.029
531788400000,0.135
531792000000,0.253
531795600000,0.279
531799200000,0.31
531802800000,0.285
531806400000,0.25
531810000000,0.235
531813600000,0.189
531817200000,0.121
531820800000,0.055
531824400000,0.0
531828000000,0.0
531831600000,0.0
531835200000,0.0
531838800000,0.0
531842400000,0.0
531846000000,0.0
531849600000,0.0
531853200000,0.0
531856800000,0.0
531860400000,0.0
531864000000,0.0
531867600000,0.0
531871200000,0.038
531874800000,0.175
531878400000,0.302
531882000000,0.377
531885600000,0.436
531889200000,0.463
531892800000,0.452
531896400000,0.386
531900000000,0.254
531903600000,0.159
531907200000,0.06
531910800000,0.0
531914400000,0.0
531918000000,0.0
531921600000,0.0
531925200000,0.0
531928800000,0.0
531932400000,0.0
531936000000,0.0
531939600000,0.0
531943200000,0.0
531946800000,0.0
531950400000,0.0
531954000000,0.0
531957600000,0.062
531961200000,0.267
531964800000,0.452
531968400000,0.581
531972000000,0.663
531975600000,0.684
531979200000,0.644
531982800000,0.572
531986400000,0.43
531990000000,0.254
531993600000,0.089
531997200000,0.0
532000800000,0.0
532004400000,0.0
532008000000,0.0
532011600000,0.0
532015200000,0.0
532018800000,0.0
532022400000,0.0
532026000000,0.0
532029600000,0.0
532033200000,0.0
532036800000,0.0
532040400000,0.0
532044000000,0.02
532047600000,0.097
532051200000,0.174
532054800000,0.3
532058400000,0.428
532062000000,0.555
532065600000,0.565
532069200000,0.525
532072800000,0.403
532076400000,0.231
532080000000,0.084
532083600000,0.0
532087200000,0.0
532090800000,0.0
532094400000,0.0
532098000000,0.0
532101600000,0.0
532105200000,0.0
532108800000,0.0
532112400000,0.0
532116000000,0.0
532119600000,0.0
532123200000,0.0
532126800000,0.0
532130400000,0.012
532134000000,0.08
532137600000,0.139
532141200000,0.161
532144800000,0.194
532148400000,0.253
532152000000,0.35
532155600000,0.298
532159200000,0.215
532162800000,0.153
532166400000,0.042
532170000000,0.0
532173600000,0.0
532177200000,0.0
532180800000,0.0
532184400000,0.0
532188000000,0.0
532191600000,0.0
532195200000,0.0
532198800000,0.0
532202400000,0.0
532206000000,0.0
532209600000,0.0
532213200000,0.0
532216800000,0.008
532220400000,0.075
532224000000,0.161
532227600000,0.243
532231200000,0.296
532234800000,0.311
532238400000,0.299
532242000000,0.204
532245600000,0.152
532249200000,0.087
532252800000,0.023
532256400000,0.0
532260000000,0.0
532263600000,0.0
532267200000,0.0
532270800000,0.0
532274400000,0.0
532278000000,0.0
532281600000,0.0
532285200000,0.0
532288800000,0.0
532292400000,0.0
532296000000,0.0
532299600000,0.0
532303200000,0.028
532306800000,0.167
532310400000,0.318
532314000000,0.358
532317600000,0.308
532321200000,0.234
532324800000,0.212
532328400000,0.245
532332000000,0.22
532335600000,0.113
532339200000,0.024
532342800000,0.0
532346400000,0.0
532350000000,0.0
532353600000,0.0
532357200000,0.0
532360800000,0.0
532364400000,0.0
532368000000,0.0
532371600000,0.0
532375200000,0.0
532378800000,0.0
532382400000,0.0
532386000000,0.0
532389600000,0.043
532393200000,0.193
532396800000,0.326
532400400000,0.407
532404000000,0.457
532407600000,0.471
532411200000,0.44
532414800000,0.38
532418400000,0.296
532422000000,0.203
532425600000,0.074
532429200000,0.0
532432800000,0.0
532436400000,0.0
532440000000,0.0
532443600000,0.0
532447200000,0.0
532450800000,0.0
532454400000,0.0
532458000000,0.0
532461600000,0.0
532465200000,0.0
532468800000,0.0
532472400000,0.0
532476000000,0.064
532479600000,0.252
532483200000,0.425
532486800000,0.545
532490400000,0.605
532494000000,0.587
532497600000,0.517
532501200000,0.471
532504800000,0.388
532508400000,0.228
532512000000,0.075
532515600000,0.0
532519200000,0.0
532522800000,0.0
532526400000,0.0
532530000000,0.0
532533600000,0.0
532537200000,0.0
532540800000,0.0
532544400000,0.0
532548000000,0.0
532551600000,0.0
532555200000,0.0
532558800000,0.0
532562400000,0.021
532566000000,0.124
532569600000,0.254
532573200000,0.385
532576800000,0.472
532580400000,0.496
532584000000,0.479
532587600000,0.446
532591200000,0.382
532594800000,0.279
532598400000,0.112
532602000000,0.0
532605600000,0.0
532609200000,0.0
532612800000,0.0
532616400000,0.0
532620000000,0.0
532623600000,0.0
532627200000,0.0
532630800000,0.0
532634400000,0.0
532638000000,0.0
532641600000,0.0
532645200000,0.0
532648800000,0.055
532652400000,0.213
532656000000,0.386
532659600000,0.491
532663200000,0.505
532666800000,0.468
532670400000,0.396
532674000000,0.297
532677600000,0.213
532681200000,0.124
532684800000,0.027
532688400000,0.0
532692000000,0.0
532695600000,0.0
532699200000,0.0
532702800000,0.0
532706400000,0.0
532710000000,0.0
532713600000,0.0
532717200000,0.0
532720800000,0.0
532724400000,0.0
532728000000,0.0
532731600000,0.0
532735200000,0.006
532738800000,0.07
532742400000,0.101
532746000000,0.13
532749600000,0.152
532753200000,0.179
532756800000,0.197
532760400000,0.193
532764000000,0.136
532767600000,0.07
532771200000,0.017
532774800000,0.0
532778400000,0.0
532782000000,0.0
532785600000,0.0
532789200000,0.0
532792800000,0.0
532796400000,0.0
532800000000,0.0
532803600000,0.0
532807200000,0.0
532810800000,0.0
532814400000,0.0
532818000000,0.0
532821600000,0.021
532825200000,0.108
532828800000,0.197
532832400000,0.254
532836000000,0.253
532839600000,0.226
532843200000,0.22
532846800000,0.192
532850400000,0.149
532854000000,0.085
532857600000,0.026
532861200000,0.0
532864800000,0.0
532868400000,0.0
532872000000,0.0
532875600000,0.0
532879200000,0.0
532882800000,0.0
532886400000,0.0
532890000000,0.0
532893600000,0.0
532897200000,0.0
532900800000,0.0
532904400000,0.0
532908000000,0.01
532911600000,0.074
532915200000,0.111
532918800000,0.149
532922400000,0.184
532926000000,0.224
532929600000,0.235
532933200000,0.234
532936800000,0.2
532940400000,0.124
532944000000,0.037
532947600000,0.0
532951200000,0.0
532954800000,0.0
532958400000,0.0
532962000000,0.0
532965600000,0.0
532969200000,0.0
532972800000,0.0
532976400000,0.0
532980000000,0.0
532983600000,0.0
532987200000,0.0
532990800000,0.0
532994400000,0.032
532998000000,0.166
533001600000,0.3
533005200000,0.406
533008800000,0.472
533012400000,0.481
533016000000,0.451
533019600000,0.383
533023200000,0.293
533026800000,0.188
533030400000,0.07
533034000000,0.0
533037600000,0.0
533041200000,0.0
533044800000,0.0
533048400000,0.0
533052000000,0.0
533055600000,0.0
533059200000,0.0
533062800000,0.0
533066400000,0.0
533070000000,0.0
533073600000,0.0
533077200000,0.0
533080800000,0.037
533084400000,0.177
533088000000,0.314
533091600000,0.417
533095200000,0.46
533098800000,0.453
533102400000,0.387
533106000000,0.31
533109600000,0.232
533113200000,0.132
533116800000,0.042
533120400000,0.0
533124000000,0.0
533127600000,0.0
533131200000,0.0
533134800000,0.0
533138400000,0.0
533142000000,0.0
533145600000,0.0
533149200000,0.0
533152800000,0.0
533156400000,0.0
533160000000,0.0
533163600000,0.0
533167200000,0.012
533170800000,0.091
533174400000,0.21
533178000000,0.322
533181600000,0.418
533185200000,0.52
533188800000,0.509
533192400000,0.419
533196000000,0.318
533199600000,0.212
533203200000,0.078
533206800000,0.0
533210400000,0.0
533214000000,0.0
533217600000,0.0
533221200000,0.0
533224800000,0.0
533228400000,0.0
533232000000,0.0
533235600000,0.0
533239200000,0.0
533242800000,0.0
533246400000,0.0
533250000000,0.0
533253600000,0.017
533257200000,0.097
533260800000,0.161
533264400000,0.194
533268000000,0.206
533271600000,0.214
533275200000,0.222
533278800000,0.223
533282400000,0.165
533286000000,0.078
533289600000,0.016
533293200000,0.0
533296800000,0.0
533300400000,0.0
533304000000,0.0
533307600000,0.0
533311200000,0.0
533314800000,0.0
533318400000,0.0
533322000000,0.0
533325600000,0.0
533329200000,0.0
533332800000,0.0
533336400000,0.0
533340000000,0.027
533343600000,0.149
533347200000,0.287
533350800000,0.397
533354400000,0.455
533358000000,0.461
533361600000,0.433
533365200000,0.385
533368800000,0.325
533372400000,0.226
533376000000,0.093
533379600000,0.0
533383200000,0.0
533386800000,0.0
533390400000,0.0
533394000000,0.0
533397600000,0.0
533401200000,0.0
533404800000,0.0
533408400000,0.0
533412000000,0.0
533415600000,0.0
533419200000,0.0
533422800000,0.0
533426400000,0.03
533430000000,0.156
533433600000,0.34
533437200000,0.511
533440800000,0.609
533444400000,0.668
533448000000,0.641
533451600000,0.605
533455200000,0.484
533458800000,0.273
533462400000,0.07
533466000000,0.0
533469600000,0.0
533473200000,0.0
533476800000,0.0
533480400000,0.0
533484000000,0.0
533487600000,0.0
533491200000,0.0
533494800000,0.0
533498400000,0.0
533502000000,0.0
533505600000,0.0
533509200000,0.0
533512800000,0.008
533516400000,0.073
533520000000,0.156
533523600000,0.234
533527200000,0.26
533530800000,0.238
533534400000,0.203
533538000000,0.176
533541600000,0.151
533545200000,0.1
533548800000,0.027
533552400000,0.0
533556000000,0.0
533559600000,0.0
533563200000,0.0
533566800000,0.0
533570400000,0.0
533574000000,0.0
533577600000,0.0
533581200000,0.0
533584800000,0.0
533588400000,0.0
533592000000,0.0
533595600000,0.0
533599200000,0.008
533602800000,0.069
533606400000,0.146
533610000000,0.225
533613600000,0.287
533617200000,0.312
533620800000,0.319
533624400000,0.269
533628000000,0.2
533631600000,0.126
533635200000,0.04
533638800000,0.0
533642400000,0.0
533646000000,0.0
533649600000,0.0
533653200000,0.0
533656800000,0.0
533660400000,0.0
533664000000,0.0
533667600000,0.0
533671200000,0.0
533674800000,0.0
533678400000,0.0
533682000000,0.0
533685600000,0.01
533689200000,0.081
533692800000,0.166
533696400000,0.232
533700000000,0.258
533703600000,0.266
533707200000,0.262
533710800000,0.23
533714400000,0.174
533718000000,0.097
533721600000,0.027
533725200000,0.0
533728800000,0.0
533732400000,0.0
533736000000,0.0
533739600000,0.0
533743200000,0.0
533746800000,0.0
533750400000,0.0
533754000000,0.0
533757600000,0.0
533761200000,0.0
533764800000,0.0
533768400000,0.0
533772000000,0.014
533775600000,0.094
533779200000,0.178
533782800000,0.245
533786400000,0.272
533790000000,0.278
533793600000,0.285
533797200000,0.284
533800800000,0.234
533804400000,0.153
533808000000,0.051
533811600000,0.0
533815200000,0.0
533818800000,0.0
533822400000,0.0
533826000000,0.0
533829600000,0.0
533833200000,0.0
533836800000,0.0
533840400000,0.0
533844000000,0.0
533847600000,0.0
533851200000,0.0
533854800000,0.0
533858400000,0.043
533862000000,0.211
533865600000,0.394
533869200000,0.561
533872800000,0.642
533876400000,0.672
533880000000,0.655
533883600000,0.593
533887200000,0.48
533890800000,0.298
533894400000,0.112
533898000000,0.0
533901600000,0.0
533905200000,0.0
533908800000,0.0
533912400000,0.0
533916000000,0.0
533919600000,0.0
533923200000,0.0
533926800000,0.0
533930400000,0.0
533934000000,0.0
533937600000,0.0
533941200000,0.0
533944800000,0.041
533948400000,0.191
533952000000,0.366
533955600000,0.55
533959200000,0.602
533962800000,0.625
533966400000,0.595
533970000000,0.5
533973600000,0.358
533977200000,0.229
533980800000,0.087
533984400000,0.0
533988000000,0.0
533991600000,0.0
533995200000,0.0
533998800000,0.0
534002400000,0.0
534006000000,0.0
534009600000,0.0
534013200000,0.0
534016800000,0.0
534020400000,0.0
534024000000,0.0
534027600000,0.0
534031200000,0.054
534034800000,0.265
534038400000,0.457
534042000000,0.585
534045600000,0.651
534049200000,0.673
534052800000,0.648
534056400000,0.568
534060000000,0.469
534063600000,0.295
534067200000,0.095
534070800000,0.0
534074400000,0.0
534078000000,0.0
534081600000,0.0
534085200000,0.0
534088800000,0.0
534092400000,0.0
534096000000,0.0
534099600000,0.0
534103200000,0.0
534106800000,0.0
534110400000,0.0
534114000000,0.0
534117600000,0.043
534121200000,0.209
534124800000,0.354
534128400000,0.504
534132000000,0.609
534135600000,0.618
534139200000,0.64
534142800000,0.576
534146400000,0.431
534150000000,0.273
534153600000,0.095
534157200000,0.0
534160800000,0.0
534164400000,0.0
534168000000,0.0
534171600000,0.0
534175200000,0.0
534178800000,0.0
534182400000,0.0
534186000000,0.0
534189600000,0.0
534193200000,0.0
534196800000,0.0
534200400000,0.0
534204000000,0.046
534207600000,0.229
534211200000,0.412
534214800000,0.557
534218400000,0.628
534222000000,0.666
534225600000,0.671
534229200000,0.599
534232800000,0.5
534236400000,0.293
534240000000,0.111
534243600000,0.0
534247200000,0.0
534250800000,0.0
534254400000,0.0
534258000000,0.0
534261600000,0.0
534265200000,0.0
534268800000,0.0
534272400000,0.0
534276000000,0.0
534279600000,0.0
534283200000,0.0
534286800000,0.0
534290400000,0.052
534294000000,0.235
534297600000,0.424
534301200000,0.574
534304800000,0.657
534308400000,0.674
534312000000,0.651
534315600000,0.581
534319200000,0.451
534322800000,0.235
534326400000,0.056
534330000000,0.0
534333600000,0.0
534337200000,0.0
534340800000,0.0
534344400000,0.0
534348000000,0.0
534351600000,0.0
534355200000,0.0
534358800000,0.0
534362400000,0.0
534366000000,0.0
534369600000,0.0
534373200000,0.0
534376800000,0.03
534380400000,0.177
534384000000,0.324
534387600000,0.442
534391200000,0.546
534394800000,0.577
534398400000,0.586
534402000000,0.529
534405600000,0.426
534409200000,0.265
534412800000,0.085
534416400000,0.0
534420000000,0.0
534423600000,0.0
534427200000,0.0
534430800000,0.0
534434400000,0.0
534438000000,0.0
534441600000,0.0
534445200000,0.0
534448800000,0.0
534452400000,0.0
534456000000,0.0
534459600000,0.0
534463200000,0.031
534466800000,0.181
534470400000,0.336
534474000000,0.46
534477600000,0.532
534481200000,0.523
534484800000,0.504
534488400000,0.441
534492000000,0.339
534495600000,0.202
534499200000,0.073
534502800000,0.0
534506400000,0.0
534510000000,0.0
534513600000,0.0
534517200000,0.0
534520800000,0.0
534524400000,0.0
534528000000,0.0
534531600000,0.0
534535200000,0.0
534538800000,0.0
534542400000,0.0
534546000000,0.0
534549600000,0.035
534553200000,0.202
534556800000,0.391
534560400000,0.548
534564000000,0.623
534567600000,0.649
534571200000,0.628
534574800000,0.564
534578400000,0.428
534582000000,0.238
534585600000,0.082
534589200000,0.0
534592800000,0.0
534596400000,0.0
534600000000,0.0
534603600000,0.0
534607200000,0.0
534610800000,0.0
534614400000,0.0
534618000000,0.0
534621600000,0.0
534625200000,0.0
534628800000,0.0
534632400000,0.0
534636000000,0.049
534639600000,0.238
534643200000,0.429
534646800000,0.552
534650400000,0.645
534654000000,0.673
534657600000,0.658
534661200000,0.574
534664800000,0.477
534668400000,0.291
534672000000,0.099
534675600000,0.0
534679200000,0.0
534682800000,0.0
534686400000,0.0
534690000000,0.0
534693600000,0.0
534697200000,0.0
534700800000,0.0
534704400000,0.0
534708000000,0.0
534711600000,0.0
534715200000,0.0
534718800000,0.0
534722400000,0.055
534726000000,0.247
534729600000,0.437
534733200000,0.574
534736800000,0.644
534740400000,0.68
534744000000,0.657
534747600000,0.572
534751200000,0.424
534754800000,0.251
534758400000,0.085
534762000000,0.0
534765600000,0.0
534769200000,0.0
534772800000,0.0
534776400000,0.0
534780000000,0.0
534783600000,0.0
534787200000,0.0
534790800000,0.0
534794400000,0.0
534798000000,0.0
534801600000,0.0
534805200000,0.0
534808800000,0.048
534812400000,0.232
534816000000,0.412
534819600000,0.528
534823200000,0.582
534826800000,0.596
534830400000,0.57
534834000000,0.493
534837600000,0.37
534841200000,0.216
534844800000,0.064
534848400000,0.0
534852000000,0.0
534855600000,0.0
534859200000,0.0
534862800000,0.0
534866400000,0.0
534870000000,0.0
534873600000,0.0
534877200000,0.0
534880800000,0.0
534884400000,0.0
534888000000,0.0
534891600000,0.0
534895200000,0.041
534898800000,0.202
534902400000,0.359
534906000000,0.469
534909600000,0.514
534913200000,0.487
534916800000,0.444
534920400000,0.343
534924000000,0.274
534927600000,0.163
534931200000,0.047
534934800000,0.0
534938400000,0.0
534942000000,0.0
534945600000,0.0
534949200000,0.0
534952800000,0.0
534956400000,0.0
534960000000,0.0
534963600000,0.0
534967200000,0.0
534970800000,0.0
534974400000,0.0
534978000000,0.0
534981600000,0.04
534985200000,0.212
534988800000,0.396
534992400000,0.524
534996000000,0.612
534999600000,0.641
535003200000,0.626
535006800000,0.564
535010400000,0.449
535014000000,0.283
535017600000,0.093
535021200000,0.0
535024800000,0.0
535028400000,0.0
535032000000,0.0
535035600000,0.0
535039200000,0.0
535042800000,0.0
535046400000,0.0
535050000000,0.0
535053600000,0.0
535057200000,0.0
535060800000,0.0
535064400000,0.0
535068000000,0.055
535071600000,0.248
535075200000,0.44
535078800000,0.565
535082400000,0.648
535086000000,0.67
535089600000,0.648
535093200000,0.583
535096800000,0.477
535100400000,0.309
535104000000,0.103
535107600000,0.0
535111200000,0.0
535114800000,0.0
535118400000,0.0
535122000000,0.0
535125600000,0.0
535129200000,0.0
535132800000,0.0
535136400000,0.0
535140000000,0.0
535143600000,0.0
535147200000,0.0
535150800000,0.0
535154400000,0.046
535158000000,0.213
535161600000,0.39
535165200000,0.547
535168800000,0.607
535172400000,0.641
535176000000,0.623
535179600000,0.558
535183200000,0.434
535186800000,0.29
535190400000,0.108
535194000000,0.0
535197600000,0.0
535201200000,0.0
535204800000,0.0
535208400000,0.0
535212000000,0.0
535215600000,0.0
535219200000,0.0
535222800000,0.0
535226400000,0.0
535230000000,0.0
535233600000,0.0
535237200000,0.0
535240800000,0.046
535244400000,0.222
535248000000,0.427
535251600000,0.554
535255200000,0.638
535258800000,0.684
535262400000,0.675
535266000000,0.613
535269600000,0.498
535273200000,0.32
535276800000,0.118
535280400000,0.0
535284000000,0.0
535287600000,0.0
535291200000,0.0
535294800000,0.0
535298400000,0.0
535302000000,0.0
535305600000,0.0
535309200000,0.0
535312800000,0.0
535316400000,0.0
535320000000,0.0
535323600000,0.0
535327200000,0.038
535330800000,0.203
535334400000,0.39
535338000000,0.549
535341600000,0.622
535345200000,0.68
535348800000,0.674
535352400000,0.616
535356000000,0.501
535359600000,0.318
535363200000,0.127
535366800000,0.0
535370400000,0.0
535374000000,0.0
535377600000,0.0
535381200000,0.0
535384800000,0.0
535388400000,0.0
535392000000,0.0
535395600000,0.0
535399200000,0.0
535402800000,0.0
535406400000,0.0
535410000000,0.0
535413600000,0.052
535417200000,0.213
535420800000,0.405
535424400000,0.532
535428000000,0.602
535431600000,0.615
535435200000,0.58
535438800000,0.486
535442400000,0.331
535446000000,0.195
535449600000,0.056
535453200000,0.0
535456800000,0.0
535460400000,0.0
535464000000,0.0
535467600000,0.0
535471200000,0.0
535474800000,0.0
535478400000,0.0
535482000000,0.0
535485600000,0.0
535489200000,0.0
535492800000,0.0
535496400000,0.0
535500000000,0.013
535503600000,0.114
535507200000,0.278
535510800000,0.367
535514400000,0.44
535518000000,0.479
535521600000,0.349
535525200000,0.182
535528800000,0.117
535532400000,0.062
535536000000,0.008
535539600000,0.0
535543200000,0.0
535546800000,0.0
535550400000,0.0
535554000000,0.0
535557600000,0.0
535561200000,0.0
535564800000,0.0
535568400000,0.0
535572000000,0.0
535575600000,0.0
535579200000,0.0
535582800000,0.0
535586400000,0.017
535590000000,0.112
535593600000,0.284
535597200000,0.466
535600800000,0.563
535604400000,0.604
535608000000,0.585
535611600000,0.513
535615200000,0.412
535618800000,0.267
535622400000,0.1
535626000000,0.0
535629600000,0.0
535633200000,0.0
535636800000,0.0
535640400000,0.0
535644000000,0.0
535647600000,0.0
535651200000,0.0
535654800000,0.0
535658400000,0.0
535662000000,0.0
535665600000,0.0
535669200000,0.0
535672800000,0.037
535676400000,0.201
535680000000,0.387
535683600000,0.531
535687200000,0.627
535690800000,0.662
535694400000,0.648
535698000000,0.579
535701600000,0.469
535705200000,0.311
535708800000,0.113
535712400000,0.0
535716000000,0.0
535719600000,0.0
535723200000,0.0
535726800000,0.0
535730400000,0.0
535734000000,0.0
535737600000,0.0
535741200000,0.0
535744800000,0.0
535748400000,0.0
535752000000,0.0
535755600000,0.0
535759200000,0.058
535762800000,0.25
535766400000,0.438
535770000000,0.557
535773600000,0.63
535777200000,0.65
535780800000,0.635
535784400000,0.57
535788000000,0.459
535791600000,0.29
535795200000,0.105
535798800000,0.0
535802400000,0.0
535806000000,0.0
535809600000,0.0
535813200000,0.0
535816800000,0.0
535820400000,0.0
535824000000,0.0
535827600000,0.0
535831200000,0.0
535834800000,0.0
535838400000,0.0
535842000000,0.0
535845600000,0.048
535849200000,0.225
535852800000,0.41
535856400000,0.547
535860000000,0.611
535863600000,0.614
535867200000,0.573
535870800000,0.47
535874400000,0.368
535878000000,0.241
535881600000,0.078
535885200000,0.0
535888800000,0.0
535892400000,0.0
535896000000,0.0
535899600000,0.0
535903200000,0.0
535906800000,0.0
535910400000,0.0
535914000000,0.0
535917600000,0.0
535921200000,0.0
535924800000,0.0
535928400000,0.0
535932000000,0.041
535935600000,0.22
535939200000,0.395
535942800000,0.573
535946400000,0.638
535950000000,0.673
535953600000,0.665
535957200000,0.602
535960800000,0.454
535964400000,0.327
535968000000,0.117
535971600000,0.0
535975200000,0.0
535978800000,0.0
535982400000,0.0
535986000000,0.0
535989600000,0.0
535993200000,0.0
535996800000,0.0
536000400000,0.0
536004000000,0.0
536007600000,0.0
536011200000,0.0
536014800000,0.0
536018400000,0.058
536022000000,0.25
536025600000,0.409
536029200000,0.538
536032800000,0.627
536036400000,0.67
536040000000,0.67
536043600000,0.568
536047200000,0.486
536050800000,0.318
536054400000,0.132
536058000000,0.0
536061600000,0.0
536065200000,0.0
536068800000,0.0
536072400000,0.0
536076000000,0.0
536079600000,0.0
536083200000,0.0
536086800000,0.0
536090400000,0.0
536094000000,0.0
536097600000,0.0
536101200000,0.0
536104800000,0.061
536108400000,0.239
536112000000,0.414
536115600000,0.571
536119200000,0.671
536122800000,0.704
536126400000,0.687
536130000000,0.616
536133600000,0.497
536137200000,0.31
536140800000,0.111
536144400000,0.0
536148000000,0.0
536151600000,0.0
536155200000,0.0
536158800000,0.0
536162400000,0.0
536166000000,0.0
536169600000,0.0
536173200000,0.0
536176800000,0.0
536180400000,0.0
536184000000,0.0
536187600000,0.0
536191200000,0.054
536194800000,0.245
536198400000,0.426
536202000000,0.532
536205600000,0.574
536209200000,0.643
536212800000,0.609
536216400000,0.547
536220000000,0.425
536223600000,0.243
536227200000,0.086
536230800000,0.0
536234400000,0.0
536238000000,0.0
536241600000,0.0
536245200000,0.0
536248800000,0.0
536252400000,0.0
536256000000,0.0
536259600000,0.0
536263200000,0.0
536266800000,0.0
536270400000,0.0
536274000000,0.0
536277600000,0.041
536281200000,0.206
536284800000,0.394
536288400000,0.507
536292000000,0.563
536295600000,0.621
536299200000,0.623
536302800000,0.562
536306400000,0.451
536310000000,0.28
536313600000,0.1
536317200000,0.0
536320800000,0.0
536324400000,0.0
536328000000,0.0
536331600000,0.0
536335200000,0.0
536338800000,0.0
536342400000,0.0
536346000000,0.0
536349600000,0.0
536353200000,0.0
536356800000,0.0
536360400000,0.0
536364000000,0.025
536367600000,0.162
536371200000,0.341
536374800000,0.478
536378400000,0.56
536382000000,0.601
536385600000,0.59
536389200000,0.495
536392800000,0.308
536396400000,0.136
536400000000,0.042
536403600000,0.0
536407200000,0.0
536410800000,0.0
536414400000,0.0
536418000000,0.0
536421600000,0.0
536425200000,0.0
536428800000,0.0
536432400000,0.0
536436000000,0.0
536439600000,0.0
536443200000,0.0
536446800000,0.0
536450400000,0.004
536454000000,0.061
